J-S distance,KS test,Survival curves distance,Detection XGB,NSND,K-map score,Identifiability score,NNDR,generator
0.008000094159270731,0.9434185606060606,0.02934959134540832,0.8552565001642239,0.15371409644339537,1.0,0.4557291666666667,0.8316633435393757,HI-VAE_weibull
0.007144441074761559,0.9455492424242425,0.015570166449060792,0.8551579657526341,0.11959902431843795,4.0,0.4583333333333333,0.8329450749464552,HI-VAE_weibull
0.007195743026702165,0.9479166666666667,0.017256529330233777,0.8449192639213144,0.09641339767743536,2.0,0.4375,0.8301717160494827,HI-VAE_weibull
0.008457875387969967,0.9412878787878789,0.019707805162417484,0.8589524282962422,0.10911982042587152,6.0,0.4453125,0.8292506070602255,HI-VAE_weibull
0.007918783729139298,0.9415246212121211,0.01630474105007784,0.8542023594996937,0.09285464008633211,2.0,0.4661458333333333,0.8349262014579198,HI-VAE_weibull
0.00804542866156444,0.9382102272727271,0.03763393097854754,0.8956857906276909,0.21223747788474168,2.0,0.4609375,0.8358351025622512,HI-VAE_weibull
0.005659349402159253,0.954308712121212,0.009954162004608955,0.8606887644139866,0.09378455270562343,4.0,0.4583333333333333,0.8320154314809739,HI-VAE_weibull
0.006285555189799109,0.9500473484848484,0.01435445440395275,0.8545024012214716,0.10799935506046347,2.0,0.453125,0.82779366445949,HI-VAE_weibull
0.007422289865462201,0.9429450757575757,0.018987824707033214,0.865255967545783,0.10408088903184386,4.0,0.4765625,0.8196064905383643,HI-VAE_weibull
0.007233028552375311,0.9479166666666667,0.017952516348946995,0.8470452991984093,0.1438069604173445,3.0,0.453125,0.8241178821075513,HI-VAE_weibull
0.007817316380664364,0.9389204545454546,0.026851889222204363,0.85470923471607,0.1110383891670725,3.0,0.3932291666666667,0.8275893087121636,HI-VAE_weibull
0.007058395349696788,0.9524147727272729,0.017636677885583867,0.8544717756611127,0.18127341196028202,5.0,0.4322916666666667,0.8170779009870225,HI-VAE_weibull
0.007973127948008748,0.9429450757575758,0.011431968053166437,0.8436125733459978,0.19873829557832892,5.0,0.4661458333333333,0.8293912810610805,HI-VAE_weibull
0.00750376267636288,0.9429450757575758,0.009412371202472758,0.8648356428260735,0.12358075370677929,4.0,0.4583333333333333,0.831005242244179,HI-VAE_weibull
0.008011857115538966,0.9412878787878788,0.026719336069377837,0.8799260548064375,0.11662529230193903,8.0,0.4505208333333333,0.8199881155495686,HI-VAE_weibull
0.007428410310631345,0.9450757575757575,0.012822880580405479,0.8803805558761131,0.10327271833854584,6.0,0.4583333333333333,0.8277792075429573,HI-VAE_weibull
0.007018286416514622,0.9479166666666665,0.012991347180570854,0.8640407098028424,0.1866106417003126,4.0,0.4453125,0.8201687606787589,HI-VAE_weibull
0.008304618097280995,0.9389204545454546,0.027696802268597016,0.8746722177344187,0.1091690719558388,3.0,0.4427083333333333,0.8262678870505491,HI-VAE_weibull
0.008578990521144926,0.9453125000000001,0.018396835523644968,0.8594544211769092,0.08713194209854568,3.0,0.46875,0.8343802037407834,HI-VAE_weibull
0.008087638115668018,0.9460227272727273,0.014746557895652783,0.870927910094007,0.1338358019033599,4.0,0.4322916666666667,0.8273281878349384,HI-VAE_weibull
0.0070175066347624125,0.9474431818181817,0.016152485115444478,0.8721635848771871,0.1103630109322676,4.0,0.4401041666666667,0.8369075525814405,HI-VAE_weibull
0.006948516380321271,0.9493371212121212,0.01906637555635325,0.8602098516657641,0.10589877446828584,1.0,0.4375,0.8357346155128434,HI-VAE_weibull
0.006756243701068207,0.9495738636363638,0.015104943422725085,0.8591579302447382,0.17726439494670942,2.0,0.4817708333333333,0.833122075232538,HI-VAE_weibull
0.007091283838106416,0.951941287878788,0.008418393637464583,0.8450510869854684,0.09101158985554607,6.0,0.4296875,0.8456575756544766,HI-VAE_weibull
0.007871622428792018,0.9431818181818182,0.03335920051984511,0.8836259775767636,0.14421292453851045,3.0,0.453125,0.830383570326333,HI-VAE_weibull
0.007105813666181681,0.9441287878787878,0.02059437602886419,0.873224827120931,0.1328833570723479,2.0,0.4322916666666667,0.8335652787769438,HI-VAE_weibull
0.007294447948364935,0.9483901515151516,0.014598975207413887,0.854742523368634,0.11448578984789513,4.0,0.4296875,0.8310391899787134,HI-VAE_weibull
0.008271607952212063,0.941998106060606,0.019830471733091735,0.8779571419694454,0.0744958297133687,2.0,0.4453125,0.8193820597570137,HI-VAE_weibull
0.00742255305909524,0.9493371212121212,0.011579414356018848,0.8797365314111726,0.1811789027948818,3.0,0.40625,0.8330951659265701,HI-VAE_weibull
0.00717374186655973,0.9500473484848485,0.01585664311438291,0.8705581841261949,0.13169374999341116,4.0,0.4505208333333333,0.8284992027749747,HI-VAE_weibull
0.007852850264332875,0.9438920454545456,0.01766210850510336,0.8613128156873884,0.10372415127632605,3.0,0.4375,0.830422869584237,HI-VAE_weibull
0.005937269468587688,0.9514678030303031,0.01079356414914324,0.8464971460528534,0.11164370633734418,4.0,0.4296875,0.8204073074601801,HI-VAE_weibull
0.00613633566264677,0.9493371212121212,0.009997112003654671,0.8870391740863376,0.12257907051454624,5.0,0.46875,0.8409957413169135,HI-VAE_weibull
0.007284840113914102,0.9472064393939394,0.006850635695418699,0.8650442517154753,0.16133626607859852,4.0,0.46875,0.8315383976124301,HI-VAE_weibull
0.00893778349799676,0.9360795454545454,0.015724995484791945,0.8998561930209231,0.0843654929053973,2.0,0.4557291666666667,0.8383265412513647,HI-VAE_weibull
0.0071667256558985435,0.9502840909090909,0.01073391962965424,0.8627588747547736,0.11107999044277254,4.0,0.4192708333333333,0.8273466626504361,HI-VAE_weibull
0.006850761666839829,0.9464962121212122,0.01615122361798362,0.8517536462170774,0.11733632128027434,4.0,0.4401041666666667,0.8326907765096063,HI-VAE_weibull
0.008065767332361275,0.9427083333333333,0.02563472001937004,0.8888744884643722,0.10273007646056088,5.0,0.4244791666666667,0.8353268636084694,HI-VAE_weibull
0.00886648257575041,0.9434185606060607,0.02074795937557716,0.8686123514216473,0.16006876963019442,2.0,0.4348958333333333,0.8229149972084944,HI-VAE_weibull
0.007242387712881482,0.9427083333333335,0.015572402363272507,0.8784089799469157,0.09376722603579739,4.0,0.4869791666666667,0.839911154732983,HI-VAE_weibull
0.007751328280387285,0.942471590909091,0.019849971436983818,0.8459769553754517,0.11182679737924785,3.0,0.4609375,0.8244403643122358,HI-VAE_weibull
0.007672221866831593,0.9460227272727273,0.01203870492689711,0.8698573470275452,0.07824290739411499,3.0,0.4322916666666667,0.8210764659739145,HI-VAE_weibull
0.008558509818599498,0.9389204545454546,0.015315053505006289,0.869601690175853,0.1507485745258694,1.0,0.4166666666666667,0.8311820566070637,HI-VAE_weibull
0.00666110187715589,0.9469696969696969,0.017062426922111372,0.8513586208733168,0.10520880011460516,4.0,0.4244791666666667,0.8248898091097687,HI-VAE_weibull
0.007338705261073724,0.9491003787878789,0.020348065222204996,0.869396632076058,0.09846304773115623,2.0,0.4583333333333333,0.8243826047429956,HI-VAE_weibull
0.007745439564525721,0.9424715909090907,0.01536539144556531,0.8874062369619444,0.21615529992965957,3.0,0.4166666666666667,0.8310507715962178,HI-VAE_weibull
0.007021479906280323,0.9476799242424242,0.014915750148940159,0.8681378771604337,0.0904332739909276,3.0,0.4401041666666667,0.8344436698247102,HI-VAE_weibull
0.007251819499308109,0.9457859848484848,0.013761156210933703,0.864255532574056,0.08440794289938706,2.0,0.453125,0.8230067225734735,HI-VAE_weibull
0.006988541043702137,0.9446022727272729,0.023059064936054335,0.8636075134708081,0.08698683273442392,3.0,0.4166666666666667,0.8238606447957186,HI-VAE_weibull
0.008986871511512472,0.9360795454545453,0.04743564575158114,0.8515006524575902,0.18875555973660565,4.0,0.4088541666666667,0.8313479863198229,HI-VAE_weibull
0.007050094837578471,0.9507575757575758,0.013978866729985474,0.8783725843534456,0.10056573868066739,5.0,0.4453125,0.8273252328822333,HI-VAE_weibull
0.00813147679024155,0.9438920454545454,0.02214946880509223,0.848415903986649,0.09597104025671321,4.0,0.4635416666666667,0.8382188413760434,HI-VAE_weibull
0.005425264102613312,0.9517045454545454,0.011189338732969272,0.8722239483005033,0.09911173238209031,3.0,0.4739583333333333,0.8357194083691298,HI-VAE_weibull
0.006605703716141092,0.9507575757575758,0.012693277940456549,0.8525436969045993,0.10261698851043595,3.0,0.4505208333333333,0.8368881379323314,HI-VAE_weibull
0.006748266913712698,0.9431818181818182,0.02822095572591938,0.8922641609928007,0.11094015418088306,2.0,0.5,0.8311088903146368,HI-VAE_weibull
0.007361776369306974,0.9424715909090909,0.016391800248315633,0.8482135089790592,0.14647162344670714,1.0,0.4583333333333333,0.835891349676076,HI-VAE_weibull
0.006821484208402177,0.9521780303030302,0.0159129497038541,0.8531375664663429,0.1710573436563446,1.0,0.4427083333333333,0.8200886619440089,HI-VAE_weibull
0.008314266074446767,0.9417613636363636,0.020604472609358354,0.866711791284587,0.09531503129662879,2.0,0.4296875,0.8337459156587805,HI-VAE_weibull
0.008201104776821644,0.9453125,0.021718084645588456,0.8799824235914461,0.14516736021521973,3.0,0.4453125,0.8393896038457452,HI-VAE_weibull
0.007222026576213114,0.9481534090909091,0.021875322041738577,0.8600376383698324,0.07827770932338382,3.0,0.4375,0.818396758734406,HI-VAE_weibull
0.007629303943873681,0.9446022727272727,0.017950784868669183,0.8682257592032027,0.11121042510364487,2.0,0.4427083333333333,0.82576283135879,HI-VAE_weibull
0.007784100234469809,0.9483901515151515,0.018404004519017487,0.8635072036644148,0.14318379629746728,3.0,0.484375,0.8337253314264534,HI-VAE_weibull
0.008744221196517205,0.9431818181818182,0.018887597015255293,0.8520346024447185,0.14415156769166534,4.0,0.46875,0.827204538588276,HI-VAE_weibull
0.006947104962318477,0.9476799242424242,0.007920679717131635,0.8646052853503298,0.09484802525528761,4.0,0.4296875,0.8359931765977637,HI-VAE_weibull
0.006948014846912656,0.9469696969696969,0.014537359768717523,0.8729234538530506,0.1227750781874718,4.0,0.4427083333333333,0.8355918881910135,HI-VAE_weibull
0.00952230283131648,0.9386837121212122,0.02554731300313583,0.8529058774444968,0.11214967913627655,5.0,0.4557291666666667,0.8309574005967967,HI-VAE_weibull
0.00876436292875817,0.9346590909090909,0.021550051644163393,0.8350285394714649,0.13397753177492908,2.0,0.4479166666666667,0.8306407784381826,HI-VAE_weibull
0.007820762549428503,0.9438920454545454,0.023839333444735007,0.8533696993368901,0.10304335177999435,4.0,0.4322916666666667,0.8274923065930239,HI-VAE_weibull
0.007115901303243365,0.9450757575757577,0.02021107944104665,0.88347861980808,0.09330816224745986,2.0,0.4791666666666667,0.8310957848847319,HI-VAE_weibull
0.008988476042045819,0.9393939393939394,0.030594380549863683,0.8582977514624816,0.15215425185330442,6.0,0.4244791666666667,0.8283071712094825,HI-VAE_weibull
0.007298310600966545,0.9481534090909091,0.013723887449247641,0.8702998641822977,0.09449087673994415,4.0,0.4401041666666667,0.8349757992911154,HI-VAE_weibull
0.006611709015010802,0.9483901515151515,0.018167013944169013,0.8529103159315052,0.11127898883983578,5.0,0.4869791666666667,0.8297508065132797,HI-VAE_weibull
0.008114719702868372,0.9438920454545454,0.019016665211033935,0.879487532289993,0.09318792216174265,4.0,0.4635416666666667,0.8202559316999257,HI-VAE_weibull
0.00872066175386012,0.9453125,0.009518846414896179,0.8852571215524051,0.10689447028255113,2.0,0.4479166666666667,0.8340303438186926,HI-VAE_weibull
0.00802344297300294,0.9403409090909091,0.0229419560849516,0.8571455202350622,0.15958561633919216,5.0,0.4348958333333333,0.8278550337648003,HI-VAE_weibull
0.007036469627950922,0.948626893939394,0.023159703162722305,0.8699616514722461,0.1424921020662576,4.0,0.4609375,0.830514719553112,HI-VAE_weibull
0.007588476310964076,0.9422348484848485,0.01345299349234896,0.8503404319535557,0.16363164645405162,3.0,0.4427083333333333,0.8268678716622673,HI-VAE_weibull
0.006622693611230609,0.9460227272727273,0.008227030344924006,0.867824963826331,0.11867146690328212,8.0,0.4635416666666667,0.8382443953325937,HI-VAE_weibull
0.006487911410771068,0.9483901515151516,0.02615175676778036,0.8610025654454908,0.0901280084186356,5.0,0.4661458333333333,0.8175820334532022,HI-VAE_weibull
0.006970341504133873,0.9429450757575758,0.026765381252994394,0.8785798616967447,0.09354960604672476,3.0,0.4505208333333333,0.833855102922137,HI-VAE_weibull
0.007381214788214996,0.9453125000000001,0.014077697242361478,0.8588561131281569,0.15051558494451198,6.0,0.4479166666666667,0.8290666014510173,HI-VAE_weibull
0.007992987524691242,0.9410511363636364,0.009238373978165298,0.8801683961971042,0.09005346656701503,4.0,0.4348958333333333,0.8262950535322948,HI-VAE_weibull
0.008100544475852716,0.940814393939394,0.013258159415015729,0.8447399490461691,0.134623403797431,4.0,0.4401041666666667,0.8248929048818247,HI-VAE_weibull
0.007962967348410377,0.9422348484848485,0.041174504607401435,0.8577624699292506,0.08691136017564742,2.0,0.4609375,0.8319841412858561,HI-VAE_weibull
0.00736131246047131,0.9453125,0.011480565847199345,0.8500128716123247,0.09672246035401207,2.0,0.4114583333333333,0.8259907711083714,HI-VAE_weibull
0.007433110569068598,0.9455492424242423,0.011846537474169626,0.859124197743473,0.11398867431105004,2.0,0.4557291666666667,0.8289287241258504,HI-VAE_weibull
0.008666952751940592,0.9370265151515152,0.022502898569334785,0.8717676718360245,0.10004872032575957,2.0,0.4348958333333333,0.8076610268706884,HI-VAE_weibull
0.007907156135886405,0.9457859848484849,0.013138691817125014,0.8499454066097949,0.18127514213711957,4.0,0.4609375,0.8289140028916908,HI-VAE_weibull
0.00632031997289581,0.9524147727272727,0.01977520685592845,0.8665994975632707,0.08279987965595635,4.0,0.4557291666666667,0.8303052591435226,HI-VAE_weibull
0.006851617825654264,0.9517045454545454,0.00497632324065006,0.8609248919228414,0.10586863161132072,4.0,0.453125,0.8329377516276234,HI-VAE_weibull
0.007471490537091858,0.949810606060606,0.042148216745101996,0.8890644557083383,0.08809753394697067,5.0,0.4739583333333333,0.821699032470351,HI-VAE_weibull
0.00928894771877027,0.9386837121212122,0.020967066731838263,0.871509351892127,0.2097345670454378,1.0,0.4348958333333333,0.8290095945425773,HI-VAE_weibull
0.006908091544510785,0.9462594696969696,0.014251483808221409,0.8585609537420884,0.150459682275875,4.0,0.4244791666666667,0.8353061942206129,HI-VAE_weibull
0.008143672747758153,0.9453125,0.02235808020266298,0.8702106505934257,0.11201992328559007,2.0,0.4296875,0.8319368187693738,HI-VAE_weibull
0.008976553238899536,0.936316287878788,0.014164478034400796,0.8811262216935491,0.12708147286089258,2.0,0.4661458333333333,0.8331837212690485,HI-VAE_weibull
0.007050366296745294,0.9472064393939394,0.01760714937042209,0.8783783543865568,0.10013590420154354,3.0,0.4661458333333333,0.8307760052672405,HI-VAE_weibull
0.0076325994455552605,0.9441287878787878,0.020115433335948313,0.8595383085813708,0.16817140254660515,5.0,0.4296875,0.8274406979448119,HI-VAE_weibull
0.008737309628678948,0.9396306818181818,0.012040774878534001,0.8653944483404498,0.10501562446937224,3.0,0.4453125,0.8374991969561296,HI-VAE_weibull
0.006662076424731244,0.946496212121212,0.012110262408279879,0.861164570221303,0.1554746073668821,3.0,0.4244791666666667,0.8321224338022591,HI-VAE_weibull
0.007086090171015857,0.9467329545454546,0.014262233467693649,0.8142626341532699,0.13436265805048628,4.0,0.4296875,0.8248571155168098,HI-VAE_weibull
0.0075611621962086255,0.9474431818181818,0.009859130509415332,0.8625484904705683,0.10566303600799674,3.0,0.3828125,0.8288504527009214,HI-VAE_weibull
0.007353888400954207,0.9455492424242425,0.027586097204669088,0.8635662355416285,0.11796160125766049,4.0,0.4322916666666667,0.8297288216876849,HI-VAE_weibull
0.007948836228496996,0.9427083333333333,0.015608701071434767,0.8583039653442934,0.10201761067803806,5.0,0.4583333333333333,0.8244018087095426,HI-VAE_weibull
0.006991821056106819,0.9474431818181818,0.016051911070929258,0.8581326397457634,0.09344638203796025,4.0,0.4166666666666667,0.8391916470074705,HI-VAE_weibull
0.007144668183033561,0.9460227272727273,0.01340071063287154,0.8503564105067865,0.17621253332259537,5.0,0.4427083333333333,0.8229082915928652,HI-VAE_weibull
0.008432851669768869,0.9422348484848484,0.017529300445832865,0.8742958340360938,0.07457394146541252,2.0,0.46875,0.8230285328728345,HI-VAE_weibull
0.006843501318232026,0.9457859848484848,0.018984173933543753,0.8432712536950404,0.12776910518482423,1.0,0.4505208333333333,0.8361785332179078,HI-VAE_weibull
0.007315004641685983,0.9455492424242425,0.03412446968582087,0.8590833636629946,0.0965509792276474,1.0,0.4895833333333333,0.8257283514385909,HI-VAE_weibull
0.008174789405212985,0.9422348484848485,0.01638446498740349,0.8588538938846526,0.074723394472703,3.0,0.4401041666666667,0.8338531157118121,HI-VAE_weibull
0.008695508029501075,0.9434185606060606,0.019333882550432776,0.855507274680207,0.1273933010647589,2.0,0.4739583333333333,0.8252038070474155,HI-VAE_weibull
0.00770534288556557,0.9424715909090909,0.012730121950137674,0.8592808763348749,0.0931139005792312,2.0,0.4192708333333333,0.8299330608103657,HI-VAE_weibull
0.006944786313207288,0.9453125,0.013697261269969022,0.8518779238533168,0.1635290873449247,4.0,0.4947916666666667,0.8210093501002049,HI-VAE_weibull
0.007900661691157284,0.9424715909090909,0.011653670051651164,0.8568547993360023,0.09431912780769397,4.0,0.4609375,0.8315349817156826,HI-VAE_weibull
0.007541439620790845,0.9453125,0.01421880039469811,0.8761493462108637,0.11750584532256643,6.0,0.4635416666666667,0.835121788408192,HI-VAE_weibull
0.006784668207870309,0.9474431818181817,0.03073401724780514,0.8719869330942469,0.09996412296967556,2.0,0.3958333333333333,0.8349266677781061,HI-VAE_weibull
0.007323195136725583,0.9401041666666667,0.016315919145368105,0.8511864075773851,0.09231028365539284,1.0,0.4114583333333333,0.8308086425940527,HI-VAE_weibull
0.00616311130219189,0.9500473484848485,0.01220845342735672,0.8598001793148752,0.12500143740011288,2.0,0.4244791666666667,0.8254497198442152,HI-VAE_weibull
0.00932171403941408,0.9334753787878788,0.05068479068602065,0.8585090234440884,0.1320557359581633,2.0,0.4114583333333333,0.8364940611195604,HI-VAE_weibull
0.007635690606521997,0.9495738636363636,0.01662855756650832,0.8664987439081765,0.1538757576052309,2.0,0.46875,0.8245366514014385,HI-VAE_weibull
0.008569029115455077,0.9393939393939394,0.015786499953786122,0.8438287276633142,0.11990335550844655,4.0,0.4322916666666667,0.8277051451805195,HI-VAE_weibull
0.007570306435389456,0.9427083333333333,0.015528136813392865,0.8513914656771799,0.08479518761207962,3.0,0.4661458333333333,0.8229919997552004,HI-VAE_weibull
0.007760478642568339,0.9455492424242423,0.018937293482043774,0.8704649758990154,0.16166902998272137,4.0,0.4192708333333333,0.8324163483908175,HI-VAE_weibull
0.006734219735121879,0.9469696969696969,0.014056054178947007,0.8669177370817834,0.09930028564775133,3.0,0.4453125,0.8200541414739894,HI-VAE_weibull
0.007698013546262408,0.9412878787878789,0.018706914632833072,0.891801226797809,0.13209509348160395,6.0,0.4427083333333333,0.8231251677989792,HI-VAE_weibull
0.008191970669060234,0.9367897727272727,0.008311095999360401,0.8595764795696443,0.13772346983361355,3.0,0.4609375,0.8256378896004465,HI-VAE_weibull
0.0062345417772445115,0.9498106060606062,0.01573911206517239,0.8591725772518665,0.08345185641418418,3.0,0.4713541666666667,0.8229712197500962,HI-VAE_weibull
0.007694728611645118,0.9450757575757577,0.008340607602577222,0.8350241009844565,0.085636937833998,2.0,0.4479166666666667,0.8442318265220033,HI-VAE_weibull
0.006693254902025971,0.9507575757575757,0.02839534279383908,0.840954363476578,0.10449538434220303,4.0,0.4322916666666667,0.8244415206902587,HI-VAE_weibull
0.007861637235858728,0.9384469696969698,0.007935507973520555,0.8755754498406583,0.16323713982396373,2.0,0.4296875,0.8476344853132087,HI-VAE_weibull
0.0077363120310588816,0.9476799242424242,0.041231855891763716,0.8556226753424292,0.08837165488088532,4.0,0.4921875,0.8308099404808013,HI-VAE_weibull
0.00833399006655531,0.9455492424242425,0.016531024528099084,0.8582760028761396,0.11713630074902781,3.0,0.4166666666666667,0.8367735964255181,HI-VAE_weibull
0.00805783931170765,0.9367897727272727,0.019050132786073117,0.8742483422251024,0.105640173974367,6.0,0.4817708333333333,0.830451853047083,HI-VAE_weibull
0.006143856710932858,0.9514678030303031,0.02044238463962625,0.8662524078792021,0.08971266359918299,5.0,0.4921875,0.821033689886609,HI-VAE_weibull
0.00700184296592462,0.9429450757575757,0.02939446312674809,0.8822021109444214,0.15328885446022314,3.0,0.4427083333333333,0.8309028167353358,HI-VAE_weibull
0.007835752576350738,0.9460227272727273,0.014842549215680432,0.8594641858483278,0.12377428715737408,2.0,0.4427083333333333,0.8224498718798402,HI-VAE_weibull
0.007886913661164213,0.9429450757575758,0.029255600375643565,0.8815083754249852,0.08248041279233911,3.0,0.4557291666666667,0.8233315711078043,HI-VAE_weibull
0.007030443591731766,0.9464962121212122,0.02136069497646061,0.8724591881119566,0.10550318764570348,3.0,0.4401041666666667,0.8324942614010835,HI-VAE_weibull
0.006991353270411863,0.9500473484848485,0.005164836704391042,0.8690988095977843,0.08586008294995325,2.0,0.4114583333333333,0.8110826227891823,HI-VAE_weibull
0.008955267529344236,0.941998106060606,0.02145711180678733,0.8644614783712526,0.1084821965738596,5.0,0.390625,0.8376255536408846,HI-VAE_weibull
0.007511418038172244,0.9436553030303031,0.037377207690212064,0.8531442241968559,0.09163036469957907,4.0,0.4583333333333333,0.8340688475435118,HI-VAE_weibull
0.006821886832023788,0.9483901515151515,0.0185626521667254,0.8608876086319697,0.12955860689276052,4.0,0.4453125,0.8251635337540157,HI-VAE_weibull
0.0067714799567224005,0.9545454545454547,0.02722531976079327,0.8671352229452024,0.11767510733333399,4.0,0.453125,0.8159269219032096,HI-VAE_weibull
0.007384745911333846,0.941998106060606,0.029014696199447364,0.8640407098028424,0.09208910374855166,4.0,0.4348958333333333,0.8278575014244959,HI-VAE_weibull
0.007561253205668963,0.9434185606060606,0.02143596427918099,0.8677925628711686,0.18259822274395718,9.0,0.421875,0.834123131708261,HI-VAE_weibull
0.006545423451710691,0.9488636363636364,0.018686693477789687,0.871800072791187,0.12822866405003677,1.0,0.4348958333333333,0.82407294623951,HI-VAE_weibull
0.008071426133164356,0.9436553030303029,0.011343098090737268,0.8605019041109265,0.1219548481684265,4.0,0.4166666666666667,0.8275557403906946,HI-VAE_weibull
0.008206234833764094,0.9358428030303031,0.029413533805615625,0.8716580412069133,0.12393282633920512,4.0,0.4479166666666667,0.8346061919772106,HI-VAE_weibull
0.006923645742811579,0.9491003787878788,0.007267284365409706,0.8329695253481993,0.1963115714646092,3.0,0.4166666666666667,0.8255028610734069,HI-VAE_weibull
0.007276724603966297,0.9491003787878789,0.013263053936037153,0.878068991842061,0.08903950986776271,4.0,0.4791666666666667,0.8259168280763219,HI-VAE_weibull
0.007357914327618262,0.9443655303030304,0.017599760613987412,0.8656851692395096,0.10990501978990191,3.0,0.3776041666666667,0.8348085772118288,HI-VAE_weibull
0.007752676236261966,0.9427083333333335,0.013167917879717703,0.8538255319526679,0.11555760767949032,3.0,0.4609375,0.820520948261283,HI-VAE_weibull
0.00784348030246232,0.9448390151515152,0.014615540316425287,0.8666998073696638,0.15755954774510544,4.0,0.4427083333333333,0.8327258886870925,HI-VAE_weibull
0.006860161992114796,0.9460227272727273,0.008626353821350881,0.8708404718999387,0.15830223398547663,4.0,0.4270833333333333,0.8331353316370709,HI-VAE_weibull
0.006807259863255474,0.9524147727272726,0.01812138018311317,0.8455686145706652,0.12257203000461743,3.0,0.4453125,0.8315041611284705,HI-VAE_weibull
0.005704667169856125,0.9509943181818182,0.020557852389552208,0.8595316508508579,0.11803369555139219,5.0,0.4427083333333333,0.8327847829813634,HI-VAE_weibull
0.0064150378360474485,0.9507575757575758,0.011001714241166086,0.8483985938873155,0.16456250035263567,4.0,0.4583333333333333,0.8335999231923478,HI-VAE_weibull
0.007605061463610438,0.9434185606060607,0.031258104259089335,0.867063319455664,0.12721495820957465,4.0,0.4609375,0.8332110147692209,HI-VAE_weibull
0.007415808742897809,0.9488636363636364,0.016841414192429332,0.8439294813184081,0.08943535839510099,2.0,0.3984375,0.8209709048671084,HI-VAE_weibull
0.007972921414715443,0.9455492424242423,0.01452708214814001,0.8457341701360839,0.09866022001117121,3.0,0.4192708333333333,0.8208226457153021,HI-VAE_weibull
0.006099815873667687,0.9500473484848485,0.020164892674318136,0.8737041837178543,0.16332974645353962,7.0,0.4557291666666667,0.8415793118646138,HI-VAE_weibull
0.007601877583959932,0.9436553030303029,0.020240499472572043,0.8721018899077683,0.12255746606872402,4.0,0.4322916666666667,0.8330954515388151,HI-VAE_weibull
0.005995638720136042,0.9507575757575758,0.016018851286475486,0.8496830920275895,0.1002286792203891,3.0,0.4322916666666667,0.8137887332822809,HI-VAE_weibull
0.007523276195989425,0.9398674242424242,0.020302282477149533,0.8565942601486005,0.11649017916959407,2.0,0.4114583333333333,0.8329693950106382,HI-VAE_weibull
0.00632924361571312,0.9464962121212122,0.015223096417371575,0.8510563599080345,0.15860633397031942,3.0,0.4453125,0.8356227613092224,HI-VAE_weibull
0.006113930173314749,0.9464962121212122,0.022930895582171935,0.8620793423937648,0.16174420876939563,1.0,0.4375,0.8246935030727816,HI-VAE_weibull
0.007225638874543478,0.9479166666666667,0.010594668911499223,0.8690104837063141,0.09004597399061882,6.0,0.4427083333333333,0.8297108500767392,HI-VAE_weibull
0.007856932516084443,0.9429450757575758,0.01343703607460433,0.8588556692794558,0.11458747732494391,6.0,0.4401041666666667,0.8376274752898635,HI-VAE_weibull
0.007596160198254292,0.9460227272727273,0.018226177228250387,0.8440479889215364,0.14527848143390448,6.0,0.4166666666666667,0.829765060151911,HI-VAE_weibull
0.006978473651643439,0.9481534090909091,0.018864268559278894,0.8678294023133395,0.11994239129590796,6.0,0.4791666666666667,0.8371986678098793,HI-VAE_weibull
0.0067458439575148604,0.9469696969696969,0.018344066716449118,0.8686820356676815,0.1040251246201525,4.0,0.4375,0.8176130343773708,HI-VAE_weibull
0.005929621960572293,0.9521780303030304,0.010813293953045958,0.8618960328803118,0.10208995089088095,1.0,0.4270833333333333,0.8208300909137395,HI-VAE_weibull
0.00794326915666803,0.9469696969696971,0.02347481918915257,0.899101206380769,0.09395848699241782,2.0,0.4973958333333333,0.8242637228537709,HI-VAE_weibull
0.0077421539037695105,0.9493371212121212,0.007209328274377068,0.8689936174556818,0.13643435129787362,6.0,0.4557291666666667,0.8256540535140812,HI-VAE_weibull
0.007781688412427154,0.9464962121212122,0.016662735675863277,0.8556288892242412,0.18780883364752976,5.0,0.453125,0.8187258312963434,HI-VAE_weibull
0.007856409076434631,0.9457859848484848,0.015955534844368416,0.8701875704609814,0.0985998835876525,2.0,0.4739583333333333,0.8304460544757272,HI-VAE_weibull
0.00747969974540441,0.9436553030303029,0.011282050175120146,0.8637872721946543,0.1558945719064622,4.0,0.421875,0.8230559707640726,HI-VAE_weibull
0.006764746528789908,0.9460227272727273,0.017470630641267706,0.8571850227694384,0.10178532828540976,5.0,0.4166666666666667,0.8282105486952944,HI-VAE_weibull
0.006510581191508077,0.9469696969696969,0.012010415398023465,0.8560527647335577,0.09127486993854327,2.0,0.4401041666666667,0.8206835768126015,HI-VAE_weibull
0.007492934139092372,0.9474431818181818,0.022346915499479557,0.8655631108467745,0.08935175213933703,3.0,0.4166666666666667,0.8247474988502846,HI-VAE_weibull
0.00628606250012751,0.9505208333333335,0.02020173966045276,0.8489809233828373,0.09767263693112725,6.0,0.4296875,0.8320976259962759,HI-VAE_weibull
0.0071746689786429925,0.9431818181818182,0.0241030192509176,0.8619355354146879,0.12992432247459437,3.0,0.4635416666666667,0.833361370227668,HI-VAE_weibull
0.006952052796272279,0.9479166666666667,0.01594657121132042,0.8769393968983852,0.11970735912151113,4.0,0.4427083333333333,0.8189125598029351,HI-VAE_weibull
0.008161410657557,0.9424715909090909,0.021364355279567326,0.8850906782895848,0.12018014325853281,6.0,0.4635416666666667,0.8218376316912824,HI-VAE_weibull
0.005945884347755331,0.9559659090909093,0.011464050769143379,0.8529609146834028,0.12587837084656592,2.0,0.46875,0.8217470734724014,HI-VAE_weibull
0.008495566171118909,0.9443655303030302,0.029869220133094936,0.8678604717223992,0.09159268731286613,3.0,0.421875,0.8322020726579883,HI-VAE_weibull
0.007451688137791715,0.944128787878788,0.01839045433871411,0.8680917168955447,0.08766327707642864,3.0,0.4192708333333333,0.8382754857247339,HI-VAE_weibull
0.007837378487730312,0.9446022727272727,0.03530061511727844,0.8879472885282865,0.12185703041564382,6.0,0.4348958333333333,0.8449541106901239,HI-VAE_weibull
0.006886082982687939,0.9502840909090909,0.011698914439933665,0.8764853396774107,0.0945969793507831,8.0,0.4427083333333333,0.8287140415424342,HI-VAE_weibull
0.007964145626670353,0.9401041666666667,0.015916305392742473,0.8867666509840125,0.0852137024076285,3.0,0.4375,0.8379919041786844,HI-VAE_weibull
0.007200725983358402,0.9491003787878789,0.016180677639277222,0.8593177157770459,0.12247107185653762,4.0,0.421875,0.8371422952543482,HI-VAE_weibull
0.00785685146232166,0.9424715909090909,0.011770824709159178,0.8693247285865194,0.10008021116802113,4.0,0.4739583333333333,0.8205776339673283,HI-VAE_weibull
0.008326757039639936,0.946496212121212,0.03078293581873868,0.8649989791479881,0.09098903910344318,4.0,0.4869791666666667,0.8250358229234355,HI-VAE_weibull
0.008044983360136392,0.9415246212121212,0.01209822757001738,0.862418442801218,0.11070123854231861,5.0,0.4869791666666667,0.8269145232406774,HI-VAE_weibull
0.009269442196256182,0.9424715909090909,0.020528599185514643,0.8690224676212372,0.09829661978709973,3.0,0.4401041666666667,0.8172459390830676,HI-VAE_weibull
0.006869554684003673,0.9483901515151516,0.01946246459164252,0.8545738608623094,0.15974903681548508,4.0,0.40625,0.8235876340439395,HI-VAE_weibull
0.007174573918458613,0.9491003787878789,0.016790336077979525,0.8459476613611953,0.09020141218562454,5.0,0.4270833333333333,0.8349304369276678,HI-VAE_weibull
0.007216020548822999,0.9500473484848485,0.017117933905275124,0.8400684414696717,0.15007281768051497,5.0,0.4479166666666667,0.8369975892292197,HI-VAE_weibull
0.007521176190802111,0.9472064393939393,0.013529361002602314,0.8472667797001359,0.08140218740007954,3.0,0.453125,0.8323922362630273,HI-VAE_weibull
0.00766627782484709,0.9462594696969696,0.026100947796469768,0.8554708790867369,0.1390526248260403,3.0,0.4453125,0.8265241555809436,HI-VAE_weibull
0.006457231159386556,0.9488636363636364,0.007606848244372491,0.8420346912144587,0.08125122196019563,3.0,0.4505208333333333,0.8316161776559539,HI-VAE_weibull
0.004855725772547583,0.964251893939394,0.012607561295664985,0.8510354990190944,0.10200157391032245,3.0,0.5260416666666666,0.8059239747849837,HI-VAE_piecewise
0.004358836954761884,0.9604640151515151,0.010969441312636443,0.8086133278887893,0.09675770191568984,6.0,0.5130208333333334,0.8102779981987831,HI-VAE_piecewise
0.004808517554015682,0.958096590909091,0.02458169423114024,0.8476866605711446,0.13265640985736524,3.0,0.4895833333333333,0.8019911270372089,HI-VAE_piecewise
0.0038625324495235977,0.9647253787878788,0.01026650237400106,0.8509817933262909,0.1231367270170471,3.0,0.484375,0.8092462857959664,HI-VAE_piecewise
0.004062279548972369,0.9630681818181818,0.01200608798423454,0.8466183167481869,0.1598486996029461,5.0,0.5026041666666666,0.7972440995272181,HI-VAE_piecewise
0.004122704238259063,0.9659090909090907,0.013634814044844372,0.8265408207650176,0.11651076251151495,7.0,0.4947916666666667,0.814406673111808,HI-VAE_piecewise
0.004468673184301531,0.9625946969696969,0.018967105983353626,0.8463391359153493,0.10811638836025235,7.0,0.515625,0.8003329463740976,HI-VAE_piecewise
0.005118084381179105,0.9640151515151515,0.024997834581945533,0.8418034460413134,0.15180691923079012,5.0,0.4505208333333333,0.8089342157453469,HI-VAE_piecewise
0.005281068636812603,0.9625946969696969,0.01962966834076006,0.8559280432486174,0.09358042751286842,2.0,0.5,0.796260095119975,HI-VAE_piecewise
0.004686109815757177,0.9557291666666667,0.014084542047163398,0.8159572484931337,0.12026513222322832,3.0,0.4817708333333333,0.7994531184486028,HI-VAE_piecewise
0.004203534637182607,0.9597537878787878,0.009222163472322036,0.8393840267729538,0.08046260107098308,3.0,0.4921875,0.8030266714022715,HI-VAE_piecewise
0.005047145337843497,0.9569128787878789,0.009187381948395091,0.8259713628818209,0.11980210836541845,2.0,0.4973958333333333,0.7982694937596001,HI-VAE_piecewise
0.0040620298967313125,0.9647253787878788,0.008761080413913245,0.8647934771994923,0.09556681834073522,6.0,0.4921875,0.8047273866173469,HI-VAE_piecewise
0.003597502456619796,0.9670928030303031,0.01739602439712297,0.8271284764449494,0.1206167994610889,5.0,0.484375,0.8015266286686505,HI-VAE_piecewise
0.005034352104575008,0.9588068181818182,0.009595380118025241,0.8512068246176243,0.19254170013585262,4.0,0.4817708333333333,0.8005608727812336,HI-VAE_piecewise
0.005267117246836901,0.9559659090909093,0.01523490429904501,0.8390728888336543,0.12431149683819236,6.0,0.4765625,0.8096172741458624,HI-VAE_piecewise
0.003651235646263276,0.9625946969696969,0.009420701998129019,0.8453932943338275,0.0783910209079005,5.0,0.5260416666666666,0.8112070312814247,HI-VAE_piecewise
0.004486955126459765,0.956439393939394,0.009538444536460113,0.8339051584096013,0.09410600325532366,3.0,0.5182291666666666,0.8149736155612096,HI-VAE_piecewise
0.005999058676989252,0.9576231060606062,0.007377208261180799,0.8271249256553427,0.12240284159503807,5.0,0.4973958333333333,0.7997856011614934,HI-VAE_piecewise
0.0041425901044152185,0.9637784090909091,0.005915012823898241,0.8257094921483166,0.09393369189930184,7.0,0.4453125,0.801314767259955,HI-VAE_piecewise
0.004514560613149107,0.9628314393939394,0.011888503647066851,0.8243459889392906,0.17169604272119843,5.0,0.4947916666666667,0.8061209117209663,HI-VAE_piecewise
0.005127348658660665,0.956439393939394,0.02059996323007442,0.8161671889286379,0.1259504092336532,5.0,0.4505208333333333,0.8004559131579575,HI-VAE_piecewise
0.0035810018489345996,0.965435606060606,0.0061966165605576795,0.8540989427523946,0.14494460221706854,2.0,0.4791666666666667,0.8220467599318412,HI-VAE_piecewise
0.0037719425224038328,0.9656723484848485,0.010939954711137288,0.8156612014096636,0.15646521745411465,4.0,0.4947916666666667,0.7992168483261676,HI-VAE_piecewise
0.003062842193372933,0.9694602272727273,0.012648319579054441,0.8209079369024688,0.1346573460861882,5.0,0.5104166666666666,0.8194245174436084,HI-VAE_piecewise
0.00518674364846931,0.9611742424242423,0.008877813064769851,0.8330671720623875,0.12502635757367808,1.0,0.4869791666666667,0.793870988006694,HI-VAE_piecewise
0.0037920230385203447,0.9628314393939393,0.01239238915076236,0.8482050758537432,0.15078703108525038,4.0,0.4921875,0.8041678580465867,HI-VAE_piecewise
0.004010223013934264,0.9659090909090909,0.019398675072619005,0.8335314378034816,0.16048710674179686,6.0,0.5,0.8024434176798647,HI-VAE_piecewise
0.0037610701136140258,0.9656723484848485,0.00446365492960807,0.8233806180149312,0.11940603477346905,4.0,0.46875,0.7980666876716013,HI-VAE_piecewise
0.004847488038307715,0.9583333333333333,0.014061591992289017,0.8350902344408837,0.11854241833088257,5.0,0.4739583333333333,0.8083606618601137,HI-VAE_piecewise
0.004707850519695712,0.9630681818181818,0.011463029316242877,0.8486804378123584,0.1945103837671537,7.0,0.5026041666666666,0.8042104126853707,HI-VAE_piecewise
0.0050039634718045565,0.956439393939394,0.01191205360601124,0.8307263140140788,0.1588344694214503,5.0,0.4557291666666667,0.8032665367836788,HI-VAE_piecewise
0.004334628956382522,0.9635416666666667,0.014254502462802477,0.8359832580270037,0.11850794832714806,6.0,0.4713541666666667,0.8071308736337688,HI-VAE_piecewise
0.004305714166500536,0.9661458333333333,0.019406234697906706,0.8236584673016661,0.24370853535335044,5.0,0.5026041666666666,0.819846934242706,HI-VAE_piecewise
0.005825670589196211,0.9524147727272727,0.03641971740190107,0.8442122129408528,0.1294980455535829,5.0,0.5,0.8073326454622667,HI-VAE_piecewise
0.0038189807841212658,0.9647253787878788,0.011700146175796863,0.825671321160043,0.08842523786404914,2.0,0.5234375,0.8159507265180325,HI-VAE_piecewise
0.005012746446732664,0.9602272727272727,0.00555621080369269,0.8307098916121471,0.13396619656533526,6.0,0.4713541666666667,0.8003327187555287,HI-VAE_piecewise
0.003774786422691581,0.9666193181818182,0.01038237670013026,0.8367702017736194,0.1550704548730756,5.0,0.4817708333333333,0.808165334331929,HI-VAE_piecewise
0.004033058927482485,0.9595170454545454,0.006110274581242299,0.8091162084668577,0.1331174774521377,2.0,0.5104166666666666,0.8016868170081803,HI-VAE_piecewise
0.004738615350949312,0.9621212121212122,0.020268662522183623,0.8543164286158135,0.1727978863386853,9.0,0.4713541666666667,0.8081363189264524,HI-VAE_piecewise
0.004107924747864225,0.9623579545454546,0.00918437655152083,0.8497603217015384,0.1725848521950832,6.0,0.4739583333333333,0.8111108257258208,HI-VAE_piecewise
0.004644545316975227,0.9616477272727274,0.010390973470346761,0.845425251440289,0.20138141305634427,7.0,0.4791666666666667,0.7933785944141948,HI-VAE_piecewise
0.004415889451364313,0.965435606060606,0.013478900828418667,0.8526253650655564,0.09226748567384725,3.0,0.5130208333333334,0.8037488458995361,HI-VAE_piecewise
0.004468537599284969,0.9661458333333335,0.010135289199481042,0.8513342091947698,0.11520906154814414,7.0,0.453125,0.7987154223313778,HI-VAE_piecewise
0.00474494697764831,0.965435606060606,0.01629427003934513,0.8355238746216191,0.13397030376230448,8.0,0.515625,0.819519193928565,HI-VAE_piecewise
0.004582860348988819,0.9633049242424242,0.0062097955505120124,0.8220939006311528,0.166687498951275,6.0,0.4791666666666667,0.8032063792848714,HI-VAE_piecewise
0.00463663290764998,0.9661458333333335,0.016747338432100876,0.8534438220699329,0.10091021522838783,6.0,0.4609375,0.8141952800061528,HI-VAE_piecewise
0.0037708459578014524,0.9670928030303031,0.0077663277920723955,0.8411896032880313,0.11242249218660834,4.0,0.5104166666666666,0.8040561360947486,HI-VAE_piecewise
0.004770571144650389,0.9602272727272727,0.011061603757081076,0.8098636496790974,0.21501471157819516,7.0,0.4765625,0.799657504556075,HI-VAE_piecewise
0.004080127551092273,0.9644886363636364,0.007810254872919552,0.8659679008619541,0.10368856633789854,7.0,0.5026041666666666,0.803471708307559,HI-VAE_piecewise
0.003251273964517396,0.9708806818181818,0.012547849023862294,0.8302296473178223,0.23431988254549316,5.0,0.4869791666666667,0.8077848495994793,HI-VAE_piecewise
0.0037727281825273577,0.9659090909090907,0.011743801929942824,0.8132391190490986,0.12181140638790881,5.0,0.5,0.8169937025452927,HI-VAE_piecewise
0.0047005111012042725,0.9618844696969696,0.007928180207466154,0.8279296233499924,0.13887471367650814,6.0,0.4739583333333333,0.8048525568974942,HI-VAE_piecewise
0.003972751137628862,0.9607007575757575,0.007173642122363104,0.8585702745648064,0.08349995904771083,3.0,0.515625,0.7969466049159523,HI-VAE_piecewise
0.004547808661381663,0.9654356060606062,0.007299698224587413,0.8534287312141039,0.140028724562946,5.0,0.5104166666666666,0.817814932611407,HI-VAE_piecewise
0.004383566002012316,0.9630681818181818,0.011896954559413185,0.8172093456782452,0.12531468166472304,4.0,0.53125,0.8063581481891572,HI-VAE_piecewise
0.004787256759708763,0.963778409090909,0.00807205214904754,0.8416654090953475,0.12011461243824662,2.0,0.4609375,0.8108986752637976,HI-VAE_piecewise
0.004681683095295008,0.9623579545454546,0.014104800547289692,0.8184312611516985,0.10600962518455287,5.0,0.5182291666666666,0.7942879964457915,HI-VAE_piecewise
0.004656381452959551,0.9573863636363638,0.008093181364648028,0.823408580483085,0.18143923025729922,5.0,0.5026041666666666,0.8049539903443891,HI-VAE_piecewise
0.003786649209972556,0.96875,0.006699936269630563,0.8467212896467853,0.10403237400110694,1.0,0.515625,0.8075515408516194,HI-VAE_piecewise
0.004255483250035395,0.9687500000000001,0.011736787333988639,0.8491478104943587,0.1161996009906713,3.0,0.4739583333333333,0.8089403145880183,HI-VAE_piecewise
0.003975973998313037,0.965909090909091,0.007908539752754799,0.8208227179519044,0.21280684353257548,4.0,0.5104166666666666,0.8054351505250219,HI-VAE_piecewise
0.0034681496945790256,0.9614109848484849,0.008465412019559148,0.8301675084997026,0.11444841786886017,4.0,0.5,0.7991380910266226,HI-VAE_piecewise
0.005877332427300709,0.9491003787878788,0.02710303222532588,0.8267370018907954,0.11106206359834192,4.0,0.5052083333333334,0.7967603063412698,HI-VAE_piecewise
0.0056036585976950905,0.9554924242424242,0.010142768233490657,0.8260237370285217,0.11057055422535579,5.0,0.4921875,0.8167795876177031,HI-VAE_piecewise
0.004288770939995985,0.958096590909091,0.006478682957822471,0.857088263752652,0.10985388656413393,6.0,0.4609375,0.8053900270669077,HI-VAE_piecewise
0.004441978712385847,0.9590435606060606,0.006918902077603583,0.8206354138001439,0.11363329173907798,5.0,0.5104166666666666,0.8027715923789497,HI-VAE_piecewise
0.004041326043003312,0.9616477272727273,0.012690904909935529,0.8182630424940746,0.07623856585382584,4.0,0.4895833333333333,0.8002496585524455,HI-VAE_piecewise
0.004137943920865455,0.9602272727272726,0.011404346229086267,0.8270388190073767,0.14236323714004395,5.0,0.453125,0.7974941333007357,HI-VAE_piecewise
0.0047523509059339605,0.9611742424242425,0.016395621393958202,0.8279145324941635,0.12401367487571668,7.0,0.4765625,0.7922906254115581,HI-VAE_piecewise
0.0030485737682900485,0.9668560606060607,0.007389332687169233,0.8093647637393365,0.20799583846624883,6.0,0.5078125,0.8204818817682258,HI-VAE_piecewise
0.004729350910371166,0.9602272727272727,0.019958162017745085,0.8422486262882709,0.1516345371612262,2.0,0.484375,0.7973681300826391,HI-VAE_piecewise
0.005084439950168373,0.9578598484848484,0.01606799071561025,0.8551690619701555,0.1216577606440447,6.0,0.4635416666666667,0.8144543926591467,HI-VAE_piecewise
0.0044619126478429765,0.9630681818181818,0.006201104955518754,0.8599266761946188,0.10490802288053315,6.0,0.4895833333333333,0.8014570460744775,HI-VAE_piecewise
0.004866838246625244,0.9585700757575758,0.01277684129793536,0.8493573070811623,0.13976568017022273,6.0,0.5026041666666666,0.8153470100205776,HI-VAE_piecewise
0.004971699955089879,0.9625946969696971,0.02343148359437888,0.8314364719354466,0.13697253183135802,5.0,0.4713541666666667,0.8069942002185188,HI-VAE_piecewise
0.00412154244971422,0.9616477272727271,0.011414626351064888,0.8472894159838795,0.16344811405504298,7.0,0.5260416666666666,0.795654331788163,HI-VAE_piecewise
0.0038406586407879833,0.9651988636363636,0.009112092844262006,0.8357222749909011,0.09835397995770179,3.0,0.5286458333333334,0.8113388371714976,HI-VAE_piecewise
0.004444978476073513,0.9578598484848485,0.013300869701397029,0.8438185191431945,0.10541744516099134,7.0,0.4661458333333333,0.7992696573527904,HI-VAE_piecewise
0.0038419030986399077,0.9640151515151516,0.002969545968859408,0.8524762319020691,0.08751835539501751,4.0,0.4947916666666667,0.8085582938909038,HI-VAE_piecewise
0.004149478228923825,0.9642518939393938,0.011851807865264182,0.8583652164650113,0.13500708038127696,4.0,0.4895833333333333,0.8075646546419023,HI-VAE_piecewise
0.004178524651604911,0.9649621212121212,0.0209960963047336,0.8568081952224125,0.11655713462111111,4.0,0.4921875,0.8115336547366556,HI-VAE_piecewise
0.004596496014902668,0.9604640151515151,0.020167376322668996,0.873910129515051,0.16789716785501993,6.0,0.5104166666666666,0.8003646441506078,HI-VAE_piecewise
0.0035315911517951786,0.9666193181818182,0.006592339643227269,0.8213451278728107,0.14966099732469773,6.0,0.5338541666666666,0.787245048891584,HI-VAE_piecewise
0.003995915380572095,0.9668560606060606,0.015569018014757022,0.8309256020807627,0.11081792307195776,4.0,0.4791666666666667,0.8036138304298182,HI-VAE_piecewise
0.004533727612200546,0.9597537878787878,0.016423756446046732,0.8508113554251627,0.10136079415940101,4.0,0.4921875,0.8192777475577191,HI-VAE_piecewise
0.0051193696782352175,0.9552556818181818,0.01104898728216382,0.8182741387115959,0.15112537528708947,6.0,0.5026041666666666,0.8062555938171581,HI-VAE_piecewise
0.002890603084887745,0.9725378787878788,0.005221903271316477,0.8413777951371937,0.14249375320133026,4.0,0.5026041666666666,0.7961787968189711,HI-VAE_piecewise
0.004435073332643318,0.9633049242424242,0.005777238536632544,0.8380573630060985,0.12331484680009748,4.0,0.5130208333333334,0.8143714699525806,HI-VAE_piecewise
0.0035398882723041637,0.9609375,0.01834106510829662,0.8291058224072577,0.12875103592969195,6.0,0.4947916666666667,0.8176232679093544,HI-VAE_piecewise
0.004357754407902628,0.9609374999999999,0.007980627167164833,0.8613971469405509,0.1220584084621758,7.0,0.5104166666666666,0.8141235299338876,HI-VAE_piecewise
0.005334639705162061,0.9604640151515151,0.02314010693059595,0.8552942273037966,0.17050416700248672,6.0,0.5,0.8068235037365491,HI-VAE_piecewise
0.004592026562968551,0.9637784090909091,0.01417584712791814,0.8435744023577243,0.09014368569356353,7.0,0.5130208333333334,0.8080178610143539,HI-VAE_piecewise
0.0042589117676190705,0.9625946969696971,0.01586633798011289,0.8450803809997248,0.08549858013978684,4.0,0.5130208333333334,0.8000469264336385,HI-VAE_piecewise
0.004732884192962464,0.9569128787878788,0.011128406550502193,0.8090647220175586,0.08570808913408312,3.0,0.5026041666666666,0.8119388551361328,HI-VAE_piecewise
0.005159199998655733,0.9543087121212122,0.008184223548654092,0.824622506679923,0.11966310055668683,6.0,0.46875,0.8044181223675363,HI-VAE_piecewise
0.003980178387617114,0.9651988636363636,0.005143992669467196,0.8350729243415504,0.1913186956793107,4.0,0.5026041666666666,0.8000923296648866,HI-VAE_piecewise
0.004969673768579504,0.9583333333333335,0.029149519078314434,0.8387728471118765,0.14559272174855023,2.0,0.5,0.8036329932907302,HI-VAE_piecewise
0.004883374776213306,0.9599905303030302,0.009486930921665969,0.8110629288688072,0.0988809423381925,5.0,0.4947916666666667,0.8023296459261253,HI-VAE_piecewise
0.0035351946960776,0.9642518939393938,0.007351995867910246,0.8405793113243558,0.11001413387957575,5.0,0.515625,0.8021514500296687,HI-VAE_piecewise
0.004275586163212512,0.9633049242424242,0.012317788746865834,0.8078325980239857,0.15568644265311174,4.0,0.4921875,0.8069562666143859,HI-VAE_piecewise
0.004341253268101453,0.9633049242424242,0.012962493952485983,0.8638711595991158,0.11898655577798983,6.0,0.5286458333333334,0.8046023118164751,HI-VAE_piecewise
0.004290854009763394,0.9616477272727273,0.012294347927181112,0.8375975357520129,0.18989271433761049,6.0,0.4947916666666667,0.7920375870450446,HI-VAE_piecewise
0.0033893380024189925,0.9675662878787878,0.017023180641590682,0.8609040310339011,0.08187616691778396,3.0,0.5052083333333334,0.8078949796155704,HI-VAE_piecewise
0.004545702513271448,0.9607007575757577,0.019981310991530297,0.8604095835811488,0.198228865930724,4.0,0.4921875,0.7938824208261676,HI-VAE_piecewise
0.004823276278320397,0.9588068181818183,0.02358670913652578,0.8574136048503785,0.106834375219497,7.0,0.515625,0.7976424409895768,HI-VAE_piecewise
0.003813885714130212,0.9692234848484849,0.014580778407494303,0.8372451198835339,0.11275128498541272,3.0,0.4921875,0.8104168657814638,HI-VAE_piecewise
0.004055796309571439,0.9618844696969696,0.009120258923082386,0.837022307835705,0.1455660173680827,5.0,0.5182291666666666,0.804293162160705,HI-VAE_piecewise
0.005225011136417695,0.9630681818181817,0.013148240066610044,0.8509689217139662,0.10909015746755048,2.0,0.46875,0.8097237465997645,HI-VAE_piecewise
0.004278916266432426,0.9649621212121211,0.016719657518993146,0.8526320227960692,0.18783064853088774,4.0,0.5026041666666666,0.8060340583687314,HI-VAE_piecewise
0.004691578239058805,0.9592803030303031,0.013316983918708714,0.8218333614437512,0.13157579611162865,5.0,0.4921875,0.798063057678764,HI-VAE_piecewise
0.003979715824157038,0.9637784090909091,0.024066980326559684,0.8418562640367153,0.09260909229462722,3.0,0.53125,0.8063918258791868,HI-VAE_piecewise
0.003854024325743875,0.9673295454545453,0.006329850662831858,0.8685235816814764,0.11177141680800957,6.0,0.5130208333333334,0.799533273630609,HI-VAE_piecewise
0.00415630706939897,0.9611742424242425,0.017895614874635722,0.8426654002183736,0.16539884180810188,7.0,0.5416666666666666,0.8082601575922124,HI-VAE_piecewise
0.004372748891151242,0.9651988636363636,0.015158355506777833,0.8412428651321336,0.13952032895637398,4.0,0.5078125,0.7921142458936743,HI-VAE_piecewise
0.00540810685970754,0.9571496212121211,0.013928940422845515,0.8317520483617544,0.15279734479456303,7.0,0.4557291666666667,0.7993120299719008,HI-VAE_piecewise
0.004584270372898811,0.965435606060606,0.021564998975719195,0.8540692048894373,0.1273330619869062,6.0,0.515625,0.8137297956727629,HI-VAE_piecewise
0.00474618828598217,0.9569128787878788,0.018091231159361208,0.8387324568800987,0.13306910102502825,4.0,0.5260416666666666,0.8061990834736859,HI-VAE_piecewise
0.004736408832659773,0.9566761363636364,0.014225129664625559,0.8512663003435389,0.140098075972916,6.0,0.4661458333333333,0.8047296902471749,HI-VAE_piecewise
0.0049551032487566045,0.9580965909090909,0.03449618947760832,0.8370866658973288,0.13013569652571266,5.0,0.5078125,0.805869053865902,HI-VAE_piecewise
0.00445983105352707,0.9580965909090909,0.007272609570899768,0.8272301177974452,0.10407817392892287,4.0,0.484375,0.803914315656786,HI-VAE_piecewise
0.0044574670209243765,0.9569128787878788,0.011145355029173035,0.8365718014043374,0.16868094840754919,4.0,0.46875,0.7994262079827777,HI-VAE_piecewise
0.004726958907195651,0.9592803030303031,0.007874121878435501,0.8610438433746704,0.10999433221779031,5.0,0.4713541666666667,0.8118468021700214,HI-VAE_piecewise
0.004509973161691245,0.9580965909090909,0.015730581968635464,0.808975064579986,0.10617691786630183,6.0,0.484375,0.7985032267180581,HI-VAE_piecewise
0.004393769930040547,0.9599905303030304,0.0064304331784655385,0.8295714196944545,0.08702361230178986,7.0,0.5130208333333334,0.7940746018091281,HI-VAE_piecewise
0.004412021167384533,0.9609375,0.0035605479233349873,0.8123855979973547,0.1074372489379235,5.0,0.4817708333333333,0.798680600221922,HI-VAE_piecewise
0.004833615061483123,0.9604640151515152,0.009515647139366291,0.8421958082928691,0.10391369556306773,3.0,0.4661458333333333,0.800928123002411,HI-VAE_piecewise
0.0047149200688498686,0.9637784090909091,0.013392751708364778,0.844850467372682,0.1211591717963532,6.0,0.5182291666666666,0.7967600682463968,HI-VAE_piecewise
0.0038134303322921396,0.9635416666666667,0.012533681761465252,0.8378776042822522,0.10466469169259107,3.0,0.5260416666666666,0.807891766623712,HI-VAE_piecewise
0.004972713305518019,0.9583333333333335,0.028903243750493416,0.8503706136652138,0.10678853615444135,3.0,0.5026041666666666,0.8092707953617387,HI-VAE_piecewise
0.005262484937981823,0.9599905303030304,0.022515046300810426,0.8171862655458006,0.1019928292585018,4.0,0.4817708333333333,0.8139877108161608,HI-VAE_piecewise
0.0043176600930836416,0.9614109848484849,0.006355060971657443,0.8658866765496978,0.11633918308296715,6.0,0.5,0.8118862580574097,HI-VAE_piecewise
0.004348245736019892,0.9663825757575757,0.01109662877829974,0.8332646847342676,0.11064922152225039,8.0,0.515625,0.8086857439788573,HI-VAE_piecewise
0.005071741694490815,0.9554924242424242,0.012238239399990199,0.8341572644716869,0.11560435926011065,9.0,0.4921875,0.8048560266459108,HI-VAE_piecewise
0.004354477416655255,0.9602272727272727,0.005634835973921307,0.8124264320778334,0.10521758520335767,7.0,0.4453125,0.8261458507233832,HI-VAE_piecewise
0.00417033453988605,0.9630681818181818,0.019021122823473464,0.8510652368820516,0.0878051416742221,3.0,0.4973958333333333,0.8142536652605427,HI-VAE_piecewise
0.0042264021286259066,0.9585700757575758,0.02021482984045177,0.8252230339721794,0.10475889623826477,2.0,0.4661458333333333,0.8038038639163262,HI-VAE_piecewise
0.005148036507511057,0.9607007575757577,0.01675052790682427,0.824508881412504,0.15621968854740784,5.0,0.484375,0.8028968567798053,HI-VAE_piecewise
0.003996292925439026,0.9635416666666667,0.003927323767854603,0.821325598529973,0.19638376766409352,6.0,0.5182291666666666,0.8063471727199617,HI-VAE_piecewise
0.003635024771541122,0.9706439393939394,0.00792477642864203,0.8366392664068674,0.11199570156255313,4.0,0.5,0.7976626754983714,HI-VAE_piecewise
0.004362352253437663,0.9659090909090909,0.008840144463209992,0.8616816539577987,0.06953324851381298,4.0,0.5130208333333334,0.8097341736298693,HI-VAE_piecewise
0.004952684048272791,0.9592803030303031,0.018790026358643085,0.8382610895597908,0.13358054110300763,4.0,0.4869791666666667,0.8055660170431848,HI-VAE_piecewise
0.005245712991243277,0.9573863636363636,0.02054678015905929,0.854556550762976,0.16323953221078427,6.0,0.4739583333333333,0.8056165904800883,HI-VAE_piecewise
0.003696565679662844,0.9609375,0.0027587683007533476,0.8575973582125325,0.12346393454526423,7.0,0.4791666666666667,0.8143524726465383,HI-VAE_piecewise
0.004114008610577418,0.9644886363636364,0.014234019489375695,0.8541264613718476,0.22810960096435276,8.0,0.4479166666666667,0.7996705202430099,HI-VAE_piecewise
0.005059572733927383,0.9599905303030302,0.012818583312711752,0.8438034282873653,0.11163137973266139,4.0,0.4869791666666667,0.801818110213142,HI-VAE_piecewise
0.005258614934890184,0.9571496212121212,0.019756115495860656,0.8382047207747825,0.10293713617740811,4.0,0.5052083333333334,0.8039430404039817,HI-VAE_piecewise
0.00452048555923042,0.9590435606060606,0.005822564916004216,0.8211564921749475,0.17398546149077124,7.0,0.4869791666666667,0.8146754597040887,HI-VAE_piecewise
0.00406564198446941,0.9628314393939394,0.01059281589117077,0.8287574011770866,0.11255570004776984,3.0,0.4791666666666667,0.7976260882813998,HI-VAE_piecewise
0.004731066802549835,0.9611742424242423,0.005154950807667833,0.8303796681787112,0.20115829726556136,4.0,0.4765625,0.8075768319171639,HI-VAE_piecewise
0.00403007541102822,0.9651988636363636,0.01743694436053371,0.8383933564726457,0.18543796565204454,6.0,0.5,0.8082871636656547,HI-VAE_piecewise
0.003489009811563164,0.9678030303030304,0.007464512320011747,0.8364635023213287,0.12275049858655045,2.0,0.5208333333333334,0.8194514266659627,HI-VAE_piecewise
0.004985176101878874,0.9540719696969696,0.013942613426156459,0.8491557997709741,0.10140825208126557,4.0,0.5390625,0.8132762554767365,HI-VAE_piecewise
0.005644472049376009,0.9550189393939394,0.024756591720895803,0.8437257547647157,0.09951409004171512,4.0,0.5364583333333334,0.8085815553269011,HI-VAE_piecewise
0.004177023055961043,0.9621212121212122,0.011134054223609113,0.8340724893698237,0.2047433223665298,6.0,0.5442708333333334,0.8024474320952003,HI-VAE_piecewise
0.003795988526696888,0.9651988636363636,0.0038491209773039627,0.8462916441043576,0.16417190772812876,4.0,0.4661458333333333,0.8075332477324519,HI-VAE_piecewise
0.0044744988138706344,0.9609375,0.024850273387847756,0.8474230144428369,0.1176296620204838,6.0,0.4973958333333333,0.80986370471653,HI-VAE_piecewise
0.003473063077487011,0.9633049242424243,0.00883325507169738,0.8181622888389806,0.14979757062546037,6.0,0.5260416666666666,0.8121592318959778,HI-VAE_piecewise
0.00525717537940805,0.9578598484848485,0.02126507360215884,0.8251910768657181,0.09060199609657642,6.0,0.4739583333333333,0.808943241520284,HI-VAE_piecewise
0.004270679051097738,0.9604640151515151,0.010414193735763307,0.8507274680207011,0.13511021706012258,6.0,0.4921875,0.8069200150709019,HI-VAE_piecewise
0.0034877425248969387,0.9678030303030302,0.005773799494834248,0.82658875642471,0.1044791552728183,8.0,0.5182291666666666,0.7999861484826764,HI-VAE_piecewise
0.005061468026345977,0.9625946969696971,0.013995448320489596,0.8340729332185244,0.11143914174301472,2.0,0.5,0.8075890189510527,HI-VAE_piecewise
0.0034909403007335697,0.9659090909090909,0.007080646030068224,0.8594974745008921,0.21503437918379212,5.0,0.5,0.7935752054575577,HI-VAE_piecewise
0.0036384163090232772,0.9635416666666667,0.005889935471695983,0.8519249718156076,0.11402631218756924,4.0,0.5026041666666666,0.801319128762099,HI-VAE_piecewise
0.0050545004052872005,0.9535984848484849,0.01666042176764838,0.8484820374430765,0.10241944060682284,4.0,0.5078125,0.805823414507239,HI-VAE_piecewise
0.004236459966981246,0.9668560606060607,0.008407768908984451,0.8376272736149701,0.14040392488931078,6.0,0.4505208333333333,0.8118842875182617,HI-VAE_piecewise
0.00422366389183216,0.9623579545454546,0.01612215136380247,0.8475397466511616,0.11303687782249434,6.0,0.4947916666666667,0.8060806868845423,HI-VAE_piecewise
0.004083695786097907,0.9651988636363636,0.005949853341530041,0.8316060221391732,0.15722221664790387,4.0,0.5104166666666666,0.8083886330451248,HI-VAE_piecewise
0.004584205325606826,0.9630681818181818,0.009127757135558592,0.8288892242412406,0.16869605917913313,6.0,0.5026041666666666,0.7997459769010185,HI-VAE_piecewise
0.004291622521904367,0.9604640151515151,0.012950751782891234,0.8434922903480662,0.11893912864858963,4.0,0.5286458333333334,0.8129888872228018,HI-VAE_piecewise
0.0038749010205252604,0.9607007575757575,0.0036283012228931844,0.8545578823090784,0.1432676067856409,3.0,0.5104166666666666,0.8019519463106333,HI-VAE_piecewise
0.0038478819429194388,0.9649621212121212,0.007112086238472284,0.8352722124082342,0.13420060714377444,5.0,0.5078125,0.812043000506543,HI-VAE_piecewise
0.003426392559953299,0.9656723484848485,0.025026505582211696,0.8090807005707894,0.15531988793325446,3.0,0.515625,0.8171290700987479,HI-VAE_piecewise
0.0034601871933224045,0.9663825757575757,0.00488592126779831,0.8496174024198633,0.11211276781464626,3.0,0.4869791666666667,0.8023086155819671,HI-VAE_piecewise
0.003951911739572435,0.9616477272727271,0.011525802453396626,0.8474150251662212,0.10950974370546769,8.0,0.4453125,0.8053058418619368,HI-VAE_piecewise
0.003937455741207243,0.9649621212121212,0.010428899659694948,0.8217472547957853,0.10710470856693838,1.0,0.4791666666666667,0.8085563397421761,HI-VAE_piecewise
0.004565030816371197,0.9566761363636364,0.02015573933036178,0.8161627504416294,0.14109389554814192,5.0,0.4661458333333333,0.8125456085763267,HI-VAE_piecewise
0.003761554542485668,0.9604640151515152,0.010223944671755024,0.8281777347737703,0.09772510737067393,6.0,0.4947916666666667,0.8041131447731492,HI-VAE_piecewise
0.0036807112455536544,0.967566287878788,0.014406454697688458,0.8688853183726731,0.12387087572717846,4.0,0.4375,0.7895453137930815,HI-VAE_piecewise
0.0042047110331029005,0.9656723484848485,0.009435283970631841,0.8475157788213155,0.11992686833561494,4.0,0.5390625,0.8060534111063858,HI-VAE_piecewise
0.004315171319640052,0.9583333333333333,0.011712221214419104,0.8605050110518325,0.12100202753769491,5.0,0.4817708333333333,0.7942300073684422,HI-VAE_piecewise
0.005281167961275261,0.9642518939393938,0.023045854304787537,0.8343201569449006,0.1574824047695387,4.0,0.46875,0.7959340870441238,HI-VAE_piecewise
0.004381343375341041,0.9623579545454546,0.027991165678077325,0.8542600598308049,0.17505682793196334,6.0,0.5130208333333334,0.7945426058495002,HI-VAE_piecewise
0.0040999929334847775,0.9588068181818182,0.005374403435463893,0.8040128361044288,0.11467492501564053,5.0,0.53125,0.8085833453051083,HI-VAE_piecewise
0.003838167165432493,0.9616477272727273,0.01360368241511922,0.8472223948300505,0.1293546243678282,3.0,0.5260416666666666,0.7999078700133133,HI-VAE_piecewise
0.004310146875042306,0.957623106060606,0.020649180124444753,0.7935211405136217,0.10486988370883049,7.0,0.4817708333333333,0.8009094867888346,HI-VAE_piecewise
0.003805905305855564,0.9635416666666667,0.018011773289088772,0.8646039538042272,0.12448061532391123,5.0,0.4921875,0.7934192647304288,HI-VAE_piecewise
0.0038138095876005663,0.9604640151515152,0.021716388268766856,0.8281351252984882,0.08779273629094064,4.0,0.5104166666666666,0.8085212505532138,HI-VAE_piecewise
0.004304905267398818,0.962121212121212,0.014558246399675259,0.8264862273748126,0.2133825897372353,7.0,0.4973958333333333,0.7992725505808143,HI-VAE_piecewise
0.003841583077919705,0.9635416666666665,0.009423873940626704,0.8424714383360999,0.08163603235568424,4.0,0.5130208333333334,0.8031778582802988,HI-VAE_piecewise
0.003911704768332275,0.9651988636363636,0.005248660438051043,0.8415970563954159,0.1376720273940686,7.0,0.5364583333333334,0.8015540961032784,HI-VAE_piecewise
0.003967968760323357,0.9633049242424242,0.007961216536509231,0.8331785780863019,0.12797159633703295,4.0,0.4609375,0.7987331484939737,HI-VAE_piecewise
0.0034763241281538073,0.9640151515151515,0.003731385040228708,0.8392797223282527,0.09763286031431855,9.0,0.4713541666666667,0.8051367035823304,HI-VAE_piecewise
0.004544654652067732,0.9573863636363636,0.013265409714838602,0.833783543865567,0.16204902893664294,5.0,0.5026041666666666,0.8086103439568537,HI-VAE_piecewise
0.004175057959995743,0.9607007575757575,0.016532148444031877,0.8471007802860161,0.16869639965351513,5.0,0.4557291666666667,0.8011088282719221,HI-VAE_piecewise
0.0043007777941891185,0.9637784090909091,0.010878046308563028,0.847529094282341,0.11162112424695918,5.0,0.4505208333333333,0.8032107129909504,HI-VAE_piecewise
0.0038707453285039013,0.957623106060606,0.009783418142916358,0.8511943968540002,0.15878437983561242,6.0,0.5052083333333334,0.8022986068780638,HI-VAE_piecewise
0.00509940134834398,0.962121212121212,0.004375693779969773,0.8301910324808478,0.17185546615570954,5.0,0.4895833333333333,0.8047753637121761,HI-VAE_piecewise
0.004610844379104127,0.9623579545454546,0.005196336357240221,0.8295137193633433,0.10079808602804285,10.0,0.5338541666666666,0.8174418951258854,HI-VAE_piecewise
0.0044274112171393196,0.9689867424242423,0.00603858999850354,0.8282127988211379,0.08639331175473286,2.0,0.5416666666666666,0.8037747330562233,HI-VAE_piecewise
0.009491724860025771,0.9109848484848484,0.008549645224286997,0.8442530470213313,0.0914740354265493,1.0,0.4166666666666667,0.7727652744322783,Surv-GAN
0.00883927529735583,0.9159564393939394,0.005559043572501867,0.8670850680420058,0.09259568922739943,2.0,0.4270833333333333,0.7833506034786275,Surv-GAN
0.008719481486184717,0.9133522727272727,0.005100296615709714,0.8646905043008939,0.08187759821289099,5.0,0.4453125,0.7934077968970019,Surv-GAN
0.00883114380069881,0.9166666666666665,0.004687326285555897,0.8562112187197627,0.0835737717681387,1.0,0.4557291666666667,0.7908810848915697,Surv-GAN
0.009943971374614618,0.909090909090909,0.006467721382332225,0.8865549351537048,0.07639784257687265,5.0,0.4947916666666667,0.8015126973393,Surv-GAN
0.009935173023573655,0.9098011363636364,0.018514958856025304,0.8555512157015916,0.09283478802478047,3.0,0.4166666666666667,0.7956857779592462,Surv-GAN
0.01030289476466958,0.9043560606060606,0.009371515551047824,0.8806149079901644,0.09240985882180434,6.0,0.4505208333333333,0.7925760603902328,Surv-GAN
0.00867202844814078,0.9121685606060606,0.007380189162750826,0.8897786082680137,0.0814967978488907,2.0,0.4348958333333333,0.7784590398613824,Surv-GAN
0.007685776076639389,0.9204545454545454,0.006982877762359864,0.8731125333996147,0.08571879027887747,1.0,0.4479166666666667,0.7942041491806816,Surv-GAN
0.009770346287619348,0.9114583333333335,0.008174642378266324,0.8602360387391146,0.0909417145845328,2.0,0.4739583333333333,0.7837507142743955,Surv-GAN
0.009894310415330782,0.9069602272727273,0.009215318892638411,0.8723486697854435,0.0953075357429745,4.0,0.4557291666666667,0.7992778244839635,Surv-GAN
0.011350363418483438,0.8953598484848484,0.008412457654584257,0.8690193606803313,0.0980359624192683,3.0,0.4661458333333333,0.783884631379195,Surv-GAN
0.009326970740029833,0.9164299242424242,0.009666278568636106,0.8636061819247056,0.09010050235878904,4.0,0.4270833333333333,0.8001899231858711,Surv-GAN
0.010219083457732566,0.9081439393939394,0.006264329315064435,0.8678080975756984,0.10175376741279629,1.0,0.4557291666666667,0.7971660279567848,Surv-GAN
0.008933988574612224,0.9159564393939394,0.010832480120660716,0.8601454936041403,0.08257751379302163,1.0,0.4427083333333333,0.7957622749544337,Surv-GAN
0.009915659777430938,0.9055397727272727,0.010801309172570299,0.8733007252487772,0.0908598242342467,7.0,0.4635416666666667,0.8008246874490558,Surv-GAN
0.00956912055231392,0.9142992424242423,0.006911531996121106,0.8500057700331111,0.09092854174987507,3.0,0.4557291666666667,0.781357375393192,Surv-GAN
0.009213795703902733,0.9164299242424243,0.009520565271331587,0.8385735590451926,0.09063715065554556,3.0,0.4192708333333333,0.8018802636631812,Surv-GAN
0.008940205164038541,0.9169034090909091,0.010641891279552994,0.8499467381558976,0.09537382520751048,1.0,0.421875,0.7841515207638639,Surv-GAN
0.0107945400540671,0.9031723484848484,0.010099771487221933,0.8647459853885007,0.08974108286031046,1.0,0.4453125,0.7868546128668367,Surv-GAN
0.009219645974421467,0.9126420454545454,0.00778342502943227,0.8530097380404967,0.08644619651948564,1.0,0.4427083333333333,0.7848236091061926,Surv-GAN
0.0103044646652957,0.9055397727272727,0.006248164811119663,0.8659665693158516,0.09323521731207234,5.0,0.46875,0.7778300678788965,Surv-GAN
0.01036761077274727,0.9060132575757577,0.008009766521060424,0.847193100815794,0.08080934186049331,1.0,0.4010416666666667,0.7853373908720445,Surv-GAN
0.009592721343168693,0.9098011363636366,0.010086511078270372,0.8555889428411643,0.09078688322498474,2.0,0.4296875,0.8028657063064853,Surv-GAN
0.007808978169963066,0.9192708333333333,0.009070073695687958,0.8678440493204678,0.0938990538923285,2.0,0.4166666666666667,0.7883410467047524,Surv-GAN
0.010174300069944131,0.9086174242424242,0.017527418751327524,0.8800219261258222,0.0865903595180229,2.0,0.4635416666666667,0.7860333998205078,Surv-GAN
0.010823158717606541,0.90625,0.007411225258782491,0.8694285891825195,0.09646411808760173,3.0,0.4140625,0.7910608550669407,Surv-GAN
0.008904194862427469,0.9178503787878788,0.010153299108682266,0.8701334209194769,0.09445524956166045,5.0,0.4453125,0.7878068191154505,Surv-GAN
0.009547641202091329,0.910748106060606,0.008075995909488716,0.8609151272514225,0.0888780664649352,2.0,0.4375,0.7928842723338806,Surv-GAN
0.008243341862459827,0.9187973484848484,0.008323954708197403,0.8645329380120904,0.08539067919104204,3.0,0.4557291666666667,0.7802218680406752,Surv-GAN
0.007984395718439797,0.9195075757575758,0.008800917847678029,0.8689270401505536,0.0907931580683578,8.0,0.4375,0.7967213854849658,Surv-GAN
0.008135646521510454,0.9161931818181818,0.009182799942206983,0.8603274715714905,0.08693591686472417,1.0,0.4479166666666667,0.7822910137926993,Surv-GAN
0.011730415374110197,0.8986742424242423,0.004979504929150031,0.858109559613319,0.09740771473206068,5.0,0.4322916666666667,0.7916942594043254,Surv-GAN
0.009188007934384589,0.9197443181818182,0.011451071478061415,0.886605977754303,0.09617071448292809,2.0,0.3880208333333333,0.7945357016500844,Surv-GAN
0.009804238591972624,0.9079071969696969,0.01109590698340466,0.8992268155631109,0.08543256475412014,2.0,0.4557291666666667,0.7885578771079684,Surv-GAN
0.00959827235814932,0.910748106060606,0.007335188876011111,0.8843161623065929,0.0953910100718069,4.0,0.4427083333333333,0.7863374344102859,Surv-GAN
0.00955653748611552,0.9126420454545454,0.01230595439592094,0.8797826916760615,0.0835451714918491,2.0,0.453125,0.8046477377031567,Surv-GAN
0.009025268140773082,0.9164299242424242,0.005643184389315361,0.8636674330454236,0.09754018781886693,2.0,0.4296875,0.7814787675729497,Surv-GAN
0.009162002951672726,0.9176136363636366,0.004817864022623822,0.87553994194459,0.10027428402805383,6.0,0.4270833333333333,0.7905190675875352,Surv-GAN
0.011126847579027578,0.9000946969696969,0.015459379603217912,0.8601028841288582,0.08554545119627266,1.0,0.4192708333333333,0.7869796249467735,Surv-GAN
0.010199547035929185,0.9088541666666665,0.011684029014108392,0.8673092116359375,0.09619545843314299,6.0,0.4348958333333333,0.7811111022984948,Surv-GAN
0.009011089583422324,0.9116950757575758,0.013020090769949356,0.8762012765088636,0.09584822579571996,3.0,0.4427083333333333,0.7968288078839767,Surv-GAN
0.009037728944958913,0.918560606060606,0.006082677866092182,0.8729966888886915,0.09213791739839082,2.0,0.4505208333333333,0.7905476247629115,Surv-GAN
0.008773579382487408,0.9164299242424242,0.01168653767601157,0.8476595858003924,0.0860463801202785,3.0,0.4375,0.7825826860820497,Surv-GAN
0.00892999578620005,0.9109848484848485,0.00909745637135016,0.869757037221152,0.10871942659771533,5.0,0.421875,0.7799306186229619,Surv-GAN
0.009171516349775722,0.9135890151515151,0.009506398360150619,0.8800885034309506,0.10366338654122953,1.0,0.4401041666666667,0.7898826885507964,Surv-GAN
0.009359927670779073,0.9114583333333333,0.01367783741741048,0.8608805070527559,0.08978766398937227,1.0,0.4296875,0.7777738880157816,Surv-GAN
0.010704827260902395,0.9057765151515151,0.004961175264076032,0.8815421079262501,0.108921409461397,6.0,0.4427083333333333,0.7881125414231579,Surv-GAN
0.009990081773499205,0.9124053030303031,0.011450798571425247,0.8537518530683261,0.09079368780031612,2.0,0.4635416666666667,0.7889589151136146,Surv-GAN
0.009055974067221813,0.9102746212121212,0.008150045262984849,0.8668813414883134,0.09845028440615217,1.0,0.4505208333333333,0.7865604849910561,Surv-GAN
0.00927714884304111,0.9090909090909091,0.02067092600193997,0.8840573985139946,0.08587201999335108,2.0,0.4375,0.7850309843598726,Surv-GAN
0.009314252339255844,0.9114583333333333,0.010688043987638049,0.8586657020354901,0.0883220192008748,1.0,0.4583333333333333,0.7865169210994504,Surv-GAN
0.01024191694656062,0.9093276515151516,0.024337159820716363,0.8677783597127411,0.0781229350174205,2.0,0.4401041666666667,0.7846435987455276,Surv-GAN
0.008333249534334557,0.9178503787878788,0.008907047445779597,0.8628418744618334,0.09736139895527314,3.0,0.4505208333333333,0.7882596720790996,Surv-GAN
0.009042225165667802,0.9166666666666667,0.014143082816859987,0.8770068619009151,0.08029071729186836,5.0,0.4479166666666667,0.7948966389854311,Surv-GAN
0.010584165064450186,0.9064867424242423,0.014907464010855924,0.8859544078614482,0.0941160694493773,2.0,0.4375,0.7816038263618784,Surv-GAN
0.008896449032186816,0.9112215909090909,0.005613235313529461,0.8614433072054398,0.08633802125305501,2.0,0.4036458333333333,0.8055010278681618,Surv-GAN
0.009876210670244316,0.9098011363636364,0.005970766161201029,0.8583745372877292,0.09699300688270907,2.0,0.4791666666666667,0.7933128704282503,Surv-GAN
0.00909751006540781,0.9159564393939394,0.017037169844348894,0.8673535965060231,0.09323602352535791,1.0,0.4375,0.7952954238230245,Surv-GAN
0.009660714897847691,0.9138257575757577,0.014740692987483523,0.8599581894523795,0.10979299331710395,3.0,0.4322916666666667,0.797994345388048,Surv-GAN
0.008057945038783928,0.9214015151515151,0.004726816423186172,0.8713591091068876,0.10105285672987308,2.0,0.4583333333333333,0.7947152260265744,Surv-GAN
0.009818293881964974,0.911931818181818,0.005407142272139563,0.864524948735475,0.08482575276401755,3.0,0.453125,0.7860316233169665,Surv-GAN
0.008625623048338898,0.9140625,0.0056409328603717656,0.8433156385651259,0.08890733563361859,3.0,0.4505208333333333,0.7904904460525601,Surv-GAN
0.00974359211840407,0.9128787878787878,0.008956507095662281,0.8801950271191556,0.09272194107517674,3.0,0.4322916666666667,0.7808474217279376,Surv-GAN
0.007680035221221534,0.921875,0.006490804873359047,0.8604197921012684,0.08846433132161569,1.0,0.4453125,0.7974565277437758,Surv-GAN
0.008941403762440561,0.9142992424242423,0.01678837535483447,0.8783934452423858,0.08596890376649897,1.0,0.4453125,0.7975461082941382,Surv-GAN
0.010890061996567791,0.901751893939394,0.0077617584318120025,0.8415366929720995,0.08399474905765836,2.0,0.4635416666666667,0.7827803384820579,Surv-GAN
0.009979868810049973,0.9060132575757577,0.009258870349683195,0.8837116403760288,0.08551444273262476,3.0,0.4453125,0.7914196937708455,Surv-GAN
0.01091664284449579,0.9034090909090909,0.00812148681852928,0.8589897115871141,0.09742521576485237,1.0,0.4192708333333333,0.7845315194120392,Surv-GAN
0.011575841583396883,0.899621212121212,0.016346489094814877,0.8833729838172765,0.08670196682660984,1.0,0.4296875,0.7808175108709049,Surv-GAN
0.008288023137233378,0.9216382575757577,0.008001642169430405,0.8536906019476079,0.0868586076915978,7.0,0.4244791666666667,0.7741177901450775,Surv-GAN
0.009078271439852266,0.9171401515151516,0.00874521115918564,0.864472574588774,0.08596647231723233,2.0,0.4348958333333333,0.7890428377943646,Surv-GAN
0.008430698943832792,0.919744318181818,0.005296596874462293,0.8482911825017088,0.10006268235963227,1.0,0.4453125,0.787628793261567,Surv-GAN
0.009579890349424249,0.9114583333333333,0.00529957433513567,0.8613429973990467,0.09514330609096429,3.0,0.453125,0.7881308841792103,Surv-GAN
0.008429842789118293,0.9157196969696969,0.00939534748378811,0.8801067012276856,0.09365332583505688,1.0,0.4635416666666667,0.7832300961565855,Surv-GAN
0.00826548679829004,0.9187973484848484,0.010466276515600318,0.8749172222172905,0.08608932919650687,3.0,0.4270833333333333,0.786458131404591,Surv-GAN
0.009232592111772494,0.9121685606060606,0.007647736146856992,0.8708981722310499,0.09206061958151489,1.0,0.4192708333333333,0.801857338301674,Surv-GAN
0.009909185048912257,0.9067234848484849,0.007465282967526832,0.8664042041348946,0.09623550115956152,2.0,0.421875,0.7751012162680838,Surv-GAN
0.010532644960328918,0.9107481060606062,0.0068404238295269775,0.8577411651916094,0.091190372621885,4.0,0.4401041666666667,0.7968172295932417,Surv-GAN
0.00858237180402975,0.9116950757575758,0.011135984962093589,0.8671733939334759,0.08347811948442306,2.0,0.4166666666666667,0.7884302046197113,Surv-GAN
0.0102248934528631,0.9150094696969696,0.015633412729273575,0.8829974878163529,0.08721027634767893,6.0,0.4895833333333333,0.790538887040855,Surv-GAN
0.00806569375957083,0.9171401515151515,0.016042598870249815,0.8784471509351892,0.0897526234245497,1.0,0.4479166666666667,0.7998036595885369,Surv-GAN
0.009500894240743987,0.9121685606060607,0.009078462062775055,0.8642049338221586,0.09456461095267628,4.0,0.4322916666666667,0.8018223254252272,Surv-GAN
0.009061330284923043,0.912878787878788,0.021143069202321518,0.8664432628205697,0.0915879146639816,1.0,0.4635416666666667,0.7883876169948175,Surv-GAN
0.009471490503017259,0.9135890151515152,0.005432303223838392,0.8724427657100249,0.08149787860953173,1.0,0.390625,0.7932074377995125,Surv-GAN
0.009606746203470483,0.9126420454545454,0.008565616986191304,0.8747614313232905,0.08987062636652936,1.0,0.4921875,0.7875848877242089,Surv-GAN
0.009374432597057008,0.9150094696969698,0.008324372224116664,0.8648671560838341,0.0967886278882724,6.0,0.3984375,0.7904895691822925,Surv-GAN
0.00793907672227397,0.9209280303030304,0.0052248701396133135,0.8621206203229443,0.09208930200757798,8.0,0.453125,0.7825182423228806,Surv-GAN
0.011538943157376365,0.8958333333333333,0.015263020800344638,0.897018224427657,0.09962194850813694,4.0,0.4192708333333333,0.7795297757825773,Surv-GAN
0.010018070198969753,0.9067234848484848,0.011308615940955157,0.8519240841182057,0.09155887182744016,2.0,0.4322916666666667,0.794152228340949,Surv-GAN
0.00989585639412381,0.9079071969696971,0.010260244566853118,0.8463599968042894,0.09549733043370585,1.0,0.453125,0.7804020181545289,Surv-GAN
0.007664189170575156,0.9169034090909091,0.011206294598462275,0.8665959467736638,0.0849809582693669,1.0,0.4557291666666667,0.7779585814352057,Surv-GAN
0.010230986606934408,0.9083806818181818,0.00672951432421477,0.8692918837826562,0.09613563557605882,1.0,0.4713541666666667,0.7774735256388806,Surv-GAN
0.007924252644024967,0.9216382575757575,0.011445169484067721,0.8669985175453391,0.09094179197162323,1.0,0.4557291666666667,0.7993870144177287,Surv-GAN
0.009658827965202255,0.9076704545454546,0.011162807176689785,0.8639852287152354,0.09486367486755093,1.0,0.4296875,0.7832230381374949,Surv-GAN
0.0101095320308887,0.9079071969696969,0.006704549531551824,0.8853543244178924,0.09343977155976808,2.0,0.4114583333333333,0.7823834606790244,Surv-GAN
0.009473875524531179,0.9142992424242423,0.007631940050343602,0.884062280849704,0.07863484017145404,1.0,0.4375,0.7994602124925664,Surv-GAN
0.009889389537703625,0.9124053030303031,0.01263643279832919,0.8836801271182679,0.09028207730902864,1.0,0.4322916666666667,0.7806972330754182,Surv-GAN
0.009162042266818063,0.9169034090909091,0.01388973466556475,0.8661987021863986,0.0802224372905979,7.0,0.4296875,0.7969833597958138,Surv-GAN
0.00928841121352787,0.9116950757575758,0.007700507699421604,0.8581725861288405,0.08321174999146247,3.0,0.4635416666666667,0.7853855659185783,Surv-GAN
0.009439570349495073,0.9114583333333333,0.010484675438786702,0.8761857418043337,0.10356209857258568,1.0,0.4375,0.7821376890015721,Surv-GAN
0.009130960126877372,0.9090909090909091,0.008851823476202425,0.8556009267560875,0.0885770212539261,1.0,0.4661458333333333,0.7957284460104915,Surv-GAN
0.008514734137757461,0.9192708333333335,0.011903469713044167,0.8490856716762389,0.08189726626870818,2.0,0.4244791666666667,0.7760691642437683,Surv-GAN
0.008698077688277019,0.9159564393939394,0.010512410457095972,0.8798550390143008,0.09990805159022653,4.0,0.4375,0.7976341180215691,Surv-GAN
0.009065853625964853,0.911931818181818,0.010446563170749013,0.8534100895686677,0.10330343941507021,4.0,0.4296875,0.7751426424242213,Surv-GAN
0.00966956550491332,0.9083806818181818,0.013304684371574714,0.8727956254272042,0.08685128970759252,4.0,0.4583333333333333,0.7840026505639655,Surv-GAN
0.009018040046317588,0.9107481060606062,0.008012436626698849,0.878747636505668,0.08899319070630646,3.0,0.40625,0.8043127032748137,Surv-GAN
0.010209659787940794,0.910748106060606,0.021219794955076397,0.865546688444843,0.09571081638993562,2.0,0.3984375,0.7952010070889638,Surv-GAN
0.01111016423227281,0.8998579545454546,0.019457474438933173,0.8791954798448305,0.10810171460636968,6.0,0.4296875,0.7825156059594909,Surv-GAN
0.00980397051538951,0.9088541666666667,0.006496595891485348,0.8316632786215836,0.09970104651339155,2.0,0.4296875,0.7842757874737833,Surv-GAN
0.00985525540152989,0.9105113636363634,0.007818621555211389,0.8712550265865373,0.09830315556880602,1.0,0.4166666666666667,0.7925077038332501,Surv-GAN
0.00874144429951725,0.9131155303030304,0.013980348882715187,0.8738715146780767,0.09851580265211006,3.0,0.453125,0.7918508996669843,Surv-GAN
0.009959672490934374,0.9064867424242423,0.014230745866280523,0.8622764112169442,0.09060497419510798,1.0,0.4010416666666667,0.8098950306348496,Surv-GAN
0.010450997663195795,0.9098011363636364,0.018282932482170337,0.8540310339011639,0.089087378289273,1.0,0.4348958333333333,0.7875700321923833,Surv-GAN
0.010424809681218387,0.9050662878787878,0.008721497642112589,0.8598476711258666,0.09255752328655005,1.0,0.4817708333333333,0.7882487146667573,Surv-GAN
0.01009238900252745,0.9055397727272727,0.006542430621816824,0.8765417084624193,0.09500131107440472,1.0,0.4270833333333333,0.7900143628546747,Surv-GAN
0.010069619477286544,0.9161931818181818,0.01049456961748184,0.8673735696975615,0.0924021116466665,1.0,0.4244791666666667,0.8008850660366872,Surv-GAN
0.009468196498688321,0.9178503787878788,0.009567672250937596,0.8665409095347577,0.09592723146247173,7.0,0.4661458333333333,0.7822537790825005,Surv-GAN
0.00880497409726898,0.9119318181818182,0.007648159553747724,0.8770729953573426,0.09660308573414152,2.0,0.4895833333333333,0.787957133277562,Surv-GAN
0.009874655981738735,0.9083806818181818,0.0054708391280929225,0.8704321310951523,0.09777664974076627,6.0,0.46875,0.7943653637352623,Surv-GAN
0.009297444042800808,0.9102746212121211,0.012981646167683367,0.8629071202208591,0.08669311545080365,1.0,0.4348958333333333,0.8030978588094464,Surv-GAN
0.008781843576599647,0.9142992424242423,0.007807869182409029,0.8800458939556683,0.0889190318008141,1.0,0.421875,0.7817688180362732,Surv-GAN
0.009481050034710954,0.9088541666666667,0.007112272954926836,0.8861270650060808,0.0801831416497536,2.0,0.4322916666666667,0.8010881693712643,Surv-GAN
0.0072343235765342465,0.9235321969696969,0.0045934391142192,0.8620629199918332,0.08469322163080469,4.0,0.4401041666666667,0.7981180193573336,Surv-GAN
0.008147754517100616,0.9202178030303031,0.012265808074934149,0.875539498095889,0.09109969259590511,7.0,0.4375,0.7813245118076395,Surv-GAN
0.008067263691948065,0.917376893939394,0.00648874616024311,0.8742439037380937,0.09342918848572968,1.0,0.453125,0.7889254158923616,Surv-GAN
0.008883316686739657,0.9157196969696969,0.00884393800394894,0.8558943107473524,0.08605226445323279,6.0,0.4505208333333333,0.7948113732766865,Surv-GAN
0.009735542800098794,0.9131155303030304,0.014133419741875874,0.8460990137681866,0.08839324472241716,2.0,0.4375,0.7922234963106348,Surv-GAN
0.008814301096747988,0.9166666666666665,0.012950175239842491,0.858977727672191,0.09079775831794379,6.0,0.4296875,0.7871327457389468,Surv-GAN
0.010003898751575478,0.9093276515151515,0.00818455396719011,0.8428340627246984,0.08727718557022228,2.0,0.4583333333333333,0.7924549566988568,Surv-GAN
0.009321838180765174,0.9105113636363636,0.005948292261350785,0.8548832234068049,0.09050878881662953,4.0,0.4166666666666667,0.806144490048835,Surv-GAN
0.009457496230855046,0.9102746212121212,0.007814267135011632,0.8599098099439864,0.11385988482102583,2.0,0.375,0.788823359483561,Surv-GAN
0.009194100389357794,0.9109848484848484,0.009430766532105948,0.8711396259243148,0.09134446260787964,2.0,0.4635416666666667,0.7924823710142633,Surv-GAN
0.009685983894996312,0.9124053030303031,0.0056303112975587535,0.8581357466866695,0.08139128220047676,2.0,0.4765625,0.7903250650929203,Surv-GAN
0.009642550974819282,0.9112215909090909,0.006879461495352669,0.8564309238266861,0.08053224735745822,1.0,0.4791666666666667,0.7837305064971228,Surv-GAN
0.0101154377145695,0.9100378787878788,0.007760241794486729,0.8760317263051371,0.09668706244062808,6.0,0.4401041666666667,0.7861217666824241,Surv-GAN
0.010788516837099213,0.90625,0.01756256561981515,0.8558525889694721,0.08290892162460799,7.0,0.4270833333333333,0.7863938088686161,Surv-GAN
0.009896129201526585,0.909564393939394,0.007231067067428087,0.8950555254724769,0.09863855385927972,4.0,0.4192708333333333,0.7913562288696008,Surv-GAN
0.008478213216314251,0.9187973484848485,0.007641666091250112,0.8616093066195596,0.08807511326218076,3.0,0.4557291666666667,0.801137799902902,Surv-GAN
0.010025292234402102,0.9105113636363636,0.01529841151445032,0.8470213313685632,0.08651463019829636,3.0,0.4322916666666667,0.7953327053233076,Surv-GAN
0.0089046576095206,0.9138257575757577,0.007123575043858209,0.8855576071228841,0.09907429168853693,1.0,0.4192708333333333,0.7940812613471371,Surv-GAN
0.00967972237189884,0.9093276515151516,0.010661446692888219,0.866867138329886,0.09007658115225207,1.0,0.4505208333333333,0.7890198477329635,Surv-GAN
0.009784874504102247,0.9105113636363636,0.00757901833260291,0.8525734347675564,0.10778427880930298,2.0,0.4635416666666667,0.7752675183795792,Surv-GAN
0.010140151679169042,0.9081439393939394,0.007717968844904772,0.8685022769438355,0.08830560602638478,1.0,0.4401041666666667,0.7897355769925685,Surv-GAN
0.011405959204354858,0.9057765151515151,0.007240070386254389,0.8792460785967279,0.08962181329464236,3.0,0.453125,0.7979343267107162,Surv-GAN
0.008897058940239197,0.9124053030303031,0.005147947901616157,0.8713571117877338,0.0855889314272595,1.0,0.4375,0.7871034336812188,Surv-GAN
0.009080854057215733,0.9147727272727273,0.010484981548701323,0.8456414057576053,0.09164794033822854,5.0,0.4088541666666667,0.7881525352749986,Surv-GAN
0.009286745881924881,0.9124053030303031,0.016255027637264784,0.8441975659337245,0.0927225060544536,4.0,0.4270833333333333,0.7945028683919613,Surv-GAN
0.010748015459625811,0.9055397727272727,0.015677870086838262,0.8671525330445358,0.08322545245307962,4.0,0.421875,0.7940727323665787,Surv-GAN
0.009081533932598168,0.9124053030303031,0.009229585831849369,0.8751267188040941,0.104448236012608,1.0,0.4192708333333333,0.7955838906562449,Surv-GAN
0.008920402532357334,0.9190340909090909,0.006432603992881544,0.8733051637357857,0.08267388685302765,1.0,0.4479166666666667,0.7854767630076962,Surv-GAN
0.009606777832133841,0.9124053030303031,0.010038546153625373,0.8432344142528695,0.0847756251916091,5.0,0.453125,0.7776530590512821,Surv-GAN
0.01020703232228459,0.9048295454545456,0.018914726865312044,0.8502729669510259,0.1053712878512321,2.0,0.4661458333333333,0.7774784520641961,Surv-GAN
0.009847670241628232,0.9100378787878789,0.010196239864692213,0.8648818030909624,0.08663192509912115,2.0,0.4296875,0.7900401949151654,Surv-GAN
0.00942156471563384,0.9124053030303031,0.005827822161543518,0.8726132036111529,0.09282119835596458,4.0,0.421875,0.7930446340749886,Surv-GAN
0.008947659082358714,0.915246212121212,0.011446646519341307,0.8744818066417519,0.0941578572026797,1.0,0.46875,0.789452336098844,Surv-GAN
0.009059750237576852,0.9135890151515151,0.008026598030756745,0.8620855562755768,0.09286325740215483,3.0,0.4322916666666667,0.7982595887902838,Surv-GAN
0.010083221218586956,0.9083806818181818,0.007093833088810391,0.8630957559187223,0.10085675746073142,2.0,0.4479166666666667,0.7955274524304875,Surv-GAN
0.010825229744263169,0.9079071969696969,0.016046068625309152,0.8629483981500385,0.09615148611028741,2.0,0.4322916666666667,0.7884928791804594,Surv-GAN
0.01018769769712558,0.9100378787878789,0.008249287271025554,0.8859384293082174,0.09404307083486647,3.0,0.4296875,0.7949704777674168,Surv-GAN
0.007642363964384202,0.9183238636363636,0.006370880977862962,0.8704001739886907,0.08576323540695253,2.0,0.4192708333333333,0.777741051383325,Surv-GAN
0.010840905423572529,0.9088541666666665,0.011343386948250107,0.8843299216163194,0.09244841685979131,3.0,0.4244791666666667,0.7943468614803689,Surv-GAN
0.008394511208946957,0.9161931818181818,0.013304644782498007,0.8645382641965005,0.08679835839910417,2.0,0.4114583333333333,0.7963737350269731,Surv-GAN
0.009086028745213063,0.910748106060606,0.011086453635786498,0.8487203841954354,0.09077543838189438,4.0,0.3984375,0.7810038944106886,Surv-GAN
0.010104182677750989,0.9081439393939394,0.008080953923709652,0.8529853263619499,0.09560333911896424,1.0,0.4401041666666667,0.7793149596587264,Surv-GAN
0.010512561391378019,0.9093276515151516,0.010857852217724374,0.8632892739522952,0.08761715214081683,4.0,0.4036458333333333,0.7948229467980478,Surv-GAN
0.010470595136867588,0.9067234848484848,0.02630565467262335,0.8491371581255382,0.08633519905631844,2.0,0.4479166666666667,0.7832060243123423,Surv-GAN
0.009858804278217236,0.911931818181818,0.01924119072485472,0.8839198054167297,0.09642111605282706,1.0,0.4427083333333333,0.7972283355764831,Surv-GAN
0.009876466305009325,0.9135890151515151,0.007985309833852735,0.8444598805159298,0.08437247325099136,1.0,0.4296875,0.7951675766758423,Surv-GAN
0.00999428563052989,0.9135890151515151,0.014430505496451014,0.8671458753140229,0.09778391760328282,5.0,0.421875,0.7791016325622008,Surv-GAN
0.009709308508156168,0.9069602272727273,0.005173554158178268,0.8748808266238205,0.10268959281337986,6.0,0.4505208333333333,0.7877519558468072,Surv-GAN
0.010829951237616918,0.9048295454545456,0.012597519319487502,0.8691201143354255,0.08108354822343208,6.0,0.4088541666666667,0.8026858098730393,Surv-GAN
0.010097639472126633,0.9102746212121212,0.008130033901764524,0.8592307214316784,0.0928906274557572,2.0,0.4244791666666667,0.7918404015103205,Surv-GAN
0.008751414767508054,0.9195075757575757,0.00815515329147417,0.8539493657402064,0.09566048327015242,2.0,0.4244791666666667,0.7889399406680035,Surv-GAN
0.00829150256214895,0.9159564393939393,0.008251097630406691,0.8617491189603289,0.097399666973715,2.0,0.453125,0.8038132239495089,Surv-GAN
0.008936792976167687,0.915246212121212,0.015236587798148973,0.8729523040186061,0.09572073659639875,1.0,0.4348958333333333,0.7957930941963927,Surv-GAN
0.008175630047660252,0.9147727272727273,0.014637066369143562,0.8622906143753717,0.10132620185569281,2.0,0.421875,0.8025114840511176,Surv-GAN
0.00914947476495221,0.9140625,0.02568554592016585,0.8662421993590824,0.09634421312091256,1.0,0.46875,0.7875834423951987,Surv-GAN
0.009692866785178151,0.9100378787878788,0.015288666054428926,0.8707485952188618,0.09483983892151586,3.0,0.4296875,0.7960829731112015,Surv-GAN
0.009354412567496667,0.9116950757575758,0.008079147467218177,0.8560265776602073,0.09047181464597741,1.0,0.4505208333333333,0.7975274467523572,Surv-GAN
0.009971128465304159,0.9043560606060606,0.01566530532444535,0.8807817951016859,0.09004366588131414,2.0,0.4557291666666667,0.7786832979123622,Surv-GAN
0.009863149075273902,0.9121685606060606,0.009093703712982303,0.8695280112915109,0.08899182989478956,2.0,0.4609375,0.7849940402239717,Surv-GAN
0.008593488136705562,0.9178503787878788,0.009865672015815957,0.8465765949703066,0.08218192787682944,3.0,0.4427083333333333,0.788121146409347,Surv-GAN
0.007828689430325695,0.9195075757575757,0.01045467078029303,0.8620518237743118,0.08560905608099094,1.0,0.4791666666666667,0.7942912068574274,Surv-GAN
0.00963745270804253,0.9093276515151516,0.009179078838642284,0.8811208955091387,0.08944842705443794,1.0,0.4192708333333333,0.7863545377220436,Surv-GAN
0.010215043341965447,0.9131155303030304,0.015176869671687519,0.848849988016085,0.09847353941760077,1.0,0.4375,0.7810803086675094,Surv-GAN
0.008807814090365773,0.9147727272727273,0.020161763543578064,0.8714485446201099,0.0897843436438925,6.0,0.4322916666666667,0.7894923223828858,Surv-GAN
0.010363843140262117,0.9043560606060606,0.005599834269397796,0.8463781946010244,0.07549499805482095,3.0,0.421875,0.7950522384602239,Surv-GAN
0.00900548930496143,0.9121685606060606,0.01009797784986739,0.8714383360999902,0.08730126369532955,3.0,0.4479166666666667,0.8065821373903392,Surv-GAN
0.010729678500034744,0.9031723484848485,0.007737651229630258,0.8744937905566749,0.08431364615231385,1.0,0.4244791666666667,0.7873448851437446,Surv-GAN
0.008927196665964119,0.9135890151515151,0.007404983325722241,0.8679443591268609,0.0829246765553766,2.0,0.4635416666666667,0.7977249442340264,Surv-GAN
0.008804071740489845,0.9135890151515151,0.006569131595671907,0.8749948957399403,0.08839571699116548,4.0,0.4166666666666667,0.789714126085358,Surv-GAN
0.010723671750540528,0.9048295454545454,0.01329755151655334,0.8505019928806667,0.0892828528343984,2.0,0.4739583333333333,0.784548427202694,Surv-GAN
0.008907263853149102,0.9154829545454546,0.013679522964289004,0.864449050607629,0.0900281627246658,1.0,0.4583333333333333,0.8000927549192208,Surv-GAN
0.0078076111422206475,0.9211647727272727,0.005221636150332863,0.8619421931452006,0.08706086886010761,2.0,0.453125,0.7982610431999528,Surv-GAN
0.00882133007724689,0.9142992424242423,0.01605770482715462,0.8614677188839867,0.08877686300317132,3.0,0.4192708333333333,0.7936221056594487,Surv-GAN
0.008600774952147986,0.9169034090909091,0.013013063093592845,0.8812962157459765,0.09058801792808928,2.0,0.46875,0.789028428716617,Surv-GAN
0.00773238200992064,0.9221117424242423,0.012714733099960778,0.8591379570531996,0.08757538980000984,1.0,0.4322916666666667,0.7903887242840384,Surv-GAN
0.01025071513735404,0.9079071969696969,0.00834293552652641,0.8765328314884021,0.09046543323270155,1.0,0.4479166666666667,0.7891526258654086,Surv-GAN
0.009202892855116341,0.9131155303030304,0.011864078656608988,0.8635839894896626,0.07863331097829195,1.0,0.4296875,0.8089612595667365,Surv-GAN
0.011025906965004523,0.9024621212121212,0.024891148660412657,0.9526129373019325,0.0872325389162749,1.0,0.4244791666666667,0.7985369336773592,Surv-VAE
0.011914748698160895,0.8972537878787878,0.03404689030688727,0.9407550754098942,0.11150570211703754,2.0,0.4192708333333333,0.8190242016994292,Surv-VAE
0.012238527068126094,0.8989109848484848,0.030562731763078752,0.9506688799921882,0.08645872876504716,2.0,0.4166666666666667,0.808867270732236,Surv-VAE
0.011772382572684049,0.9038825757575758,0.042319793391767,0.9516835181223424,0.080943169574758,3.0,0.4088541666666667,0.7997773484601972,Surv-VAE
0.010732918581436051,0.9012784090909091,0.0455754284107201,0.9554287134601557,0.0848112651783796,1.0,0.4296875,0.8221367239428533,Surv-VAE
0.01181417916309001,0.8984375,0.022444897730165,0.947109657260033,0.08780215359497871,5.0,0.4505208333333333,0.8050396039369271,Surv-VAE
0.010879476445228138,0.9034090909090909,0.04113869303585253,0.9432956653735876,0.07954152420567813,1.0,0.4609375,0.8074571621186576,Surv-VAE
0.012402461166534618,0.897253787878788,0.04212274408403126,0.9442876672199981,0.08432835735045151,3.0,0.4244791666666667,0.8167041906434425,Surv-VAE
0.01133698011707778,0.9008049242424243,0.03251156390386837,0.9527625143141206,0.07789523088046452,1.0,0.4270833333333333,0.7988907477555256,Surv-VAE
0.011612170634865053,0.8989109848484848,0.031787595185027114,0.9537682754702577,0.08134455988316437,3.0,0.4348958333333333,0.8097217309060927,Surv-VAE
0.01149949246884552,0.897253787878788,0.032451883065533996,0.9592919725523965,0.0825952502693785,2.0,0.421875,0.8140112529267436,Surv-VAE
0.011936334252019497,0.8984375,0.02880010142219968,0.9426844857125104,0.08891567120115078,5.0,0.421875,0.8124149733952782,Surv-VAE
0.010670718002190343,0.9015151515151515,0.03164551002526729,0.956110021215968,0.08433754364303366,1.0,0.4375,0.7946865232061097,Surv-VAE
0.012150522087522451,0.8974905303030304,0.03634849745569204,0.943850476249656,0.09146670449685279,2.0,0.4140625,0.8056496457398448,Surv-VAE
0.012161414164274508,0.8979640151515151,0.0428276944792864,0.9473284746695546,0.09229581202528155,2.0,0.40625,0.8013780108225752,Surv-VAE
0.010601592380672759,0.9019886363636364,0.03133930791954457,0.9469356685692981,0.0826599009167761,2.0,0.4192708333333333,0.8030659941921685,Surv-VAE
0.010802212557212752,0.9048295454545456,0.018813403281129442,0.9507967084180343,0.0894993666893842,5.0,0.4375,0.8193868007314685,Surv-VAE
0.011088567299887919,0.8989109848484848,0.025615913972126127,0.9424860853432282,0.07634747156494405,2.0,0.4375,0.7992099346251388,Surv-VAE
0.011015545267237213,0.9000946969696969,0.026040409855347044,0.9385340565108166,0.08202646645120111,1.0,0.4479166666666667,0.8014564999065591,Surv-VAE
0.011319495214647465,0.8986742424242423,0.04215855326025677,0.9489658325270082,0.08888581478989281,1.0,0.4192708333333333,0.8156178881310844,Surv-VAE
0.010561199579203389,0.9041193181818183,0.035507756301996235,0.9358656381212771,0.08848888052396116,2.0,0.4140625,0.8104114400141124,Surv-VAE
0.010857631762205004,0.902935606060606,0.03716141159777652,0.9484962406015038,0.09094715186122977,3.0,0.4296875,0.8029270647248601,Surv-VAE
0.010494030118037278,0.9045928030303031,0.02577303053332435,0.9525947395051976,0.08411914984562825,1.0,0.3958333333333333,0.8020468727551179,Surv-VAE
0.01196344187549676,0.9008049242424242,0.015025874306293298,0.9508788204276926,0.09249494166398424,1.0,0.4375,0.8056648842955044,Surv-VAE
0.010582120573841154,0.9055397727272727,0.03434652714824441,0.9480115578201703,0.08495688216054975,1.0,0.4505208333333333,0.7994360235118625,Surv-VAE
0.011919188586257701,0.8986742424242423,0.025314873903924145,0.9560900480244294,0.08861209197144543,2.0,0.4322916666666667,0.8131920478038582,Surv-VAE
0.010992718038761494,0.9019886363636364,0.0315998965261399,0.956039449272532,0.10981705670419835,1.0,0.3697916666666667,0.8074562304968902,Surv-VAE
0.011044140714858642,0.9000946969696969,0.03524774415874587,0.9403529484869197,0.09664378331035008,2.0,0.4401041666666667,0.8092241767235332,Surv-VAE
0.012016530426493878,0.8982007575757575,0.026260326021272266,0.9499351980896751,0.08728071199910355,1.0,0.421875,0.8122682060838191,Surv-VAE
0.011998522297367054,0.9012784090909091,0.032955438231741185,0.9443236189647675,0.08431132852130586,2.0,0.4401041666666667,0.8095207265734808,Surv-VAE
0.011175806355036393,0.9005681818181818,0.026824909972632864,0.9471558175249222,0.0899556362261565,3.0,0.4114583333333333,0.8101014349637338,Surv-VAE
0.009758705171428432,0.9074337121212122,0.03911090495093571,0.9451709261346991,0.0986446997885489,5.0,0.4244791666666667,0.8192537640876684,Surv-VAE
0.01099227976037394,0.902935606060606,0.026974263054439087,0.948724822682444,0.08506264613248489,2.0,0.4166666666666667,0.8028948944529785,Surv-VAE
0.0105536899681272,0.9036458333333335,0.020910235525089867,0.9536985912242235,0.09768365818012402,4.0,0.4140625,0.8007857140378092,Surv-VAE
0.011487786054683414,0.9024621212121212,0.038192890704656826,0.9545947217512495,0.08624383429640455,1.0,0.4166666666666667,0.8051722879811177,Surv-VAE
0.011327960160635978,0.9026988636363636,0.03956409069457915,0.9354803774489351,0.08214626929093626,2.0,0.4166666666666667,0.8083334488079892,Surv-VAE
0.011054264143120772,0.9071969696969698,0.030548696575057342,0.9532383201214369,0.08358432381825161,1.0,0.4322916666666667,0.8082562158776354,Surv-VAE
0.011729022555859859,0.9008049242424243,0.02692535337299982,0.9477949596541532,0.08932725072139858,1.0,0.4270833333333333,0.7923038179483759,Surv-VAE
0.010288419156310031,0.9069602272727273,0.02722560481601856,0.9482929578965121,0.08180231745983857,2.0,0.4401041666666667,0.8037038586934933,Surv-VAE
0.011370488105178765,0.9024621212121212,0.0400019821889815,0.9512299047500686,0.08278693129783934,2.0,0.4114583333333333,0.8169497528543189,Surv-VAE
0.010644104283968059,0.9019886363636364,0.023372154430797674,0.9542773699301381,0.09312127895455387,3.0,0.4270833333333333,0.8106213806060144,Surv-VAE
0.010923177843797115,0.9043560606060607,0.03995362511514018,0.9537647246806508,0.08942089399110005,3.0,0.4140625,0.8106588931379876,Surv-VAE
0.009874305021498064,0.9053030303030304,0.018521859563852158,0.9450679532361008,0.09383608508339998,2.0,0.4192708333333333,0.800088147866865,Surv-VAE
0.01149093557879074,0.9010416666666667,0.040521815614823584,0.9571934558947547,0.08609197190242084,3.0,0.4375,0.8118895108653028,Surv-VAE
0.0110016676256965,0.9034090909090909,0.043895901453926495,0.9486471491597944,0.08774024625977182,2.0,0.421875,0.8163191223469277,Surv-VAE
0.010960424618912609,0.901278409090909,0.028028961946057453,0.938884696984492,0.09717114046981852,2.0,0.4114583333333333,0.8094258008847405,Surv-VAE
0.01053236298935935,0.9015151515151515,0.010140057620904083,0.926689953928505,0.08505443772113404,5.0,0.4296875,0.8154514951054578,Surv-VAE
0.009952120175953308,0.9093276515151515,0.03729098858661938,0.9541886001899673,0.08086759157905714,4.0,0.4322916666666667,0.805816066232314,Surv-VAE
0.012170056068582803,0.8986742424242423,0.028748857671959702,0.9427905655520146,0.08596480377582381,2.0,0.4270833333333333,0.8131427711437009,Surv-VAE
0.010620893442103941,0.90625,0.03647701566177392,0.9546470958979502,0.1005666336786698,4.0,0.4244791666666667,0.8033946265303807,Surv-VAE
0.011999190252588277,0.9019886363636364,0.037146060366765564,0.9442565978109382,0.08885218223384261,1.0,0.4505208333333333,0.8030227123754469,Surv-VAE
0.01257781985422504,0.8982007575757575,0.03074850115348925,0.9454092728870582,0.08739240939602683,2.0,0.4140625,0.8105811565297492,Surv-VAE
0.011786011903746164,0.8986742424242423,0.029239259246566788,0.95467816530701,0.08480588949776842,1.0,0.4375,0.8017388299578173,Surv-VAE
0.011067398490720243,0.9048295454545453,0.03563235623603963,0.9458158382970414,0.08721307085007009,2.0,0.4296875,0.800603442356144,Surv-VAE
0.011539898689652854,0.9003314393939394,0.03192860871794794,0.9403476223025095,0.08739241992884143,1.0,0.4348958333333333,0.8114779242957685,Surv-VAE
0.011051257742169902,0.9064867424242423,0.03401899036520731,0.9402814888460821,0.08352303855116579,1.0,0.4375,0.806736934676606,Surv-VAE
0.012862481854181835,0.8989109848484849,0.03539934285806149,0.9478974887040504,0.08870944913846886,1.0,0.4348958333333333,0.7931475529590815,Surv-VAE
0.009909775305434427,0.9083806818181818,0.03819268353412867,0.9371918580394315,0.08797333753242655,1.0,0.4192708333333333,0.8116542785674752,Surv-VAE
0.010997053803220178,0.901751893939394,0.036810109836563104,0.9504678165307011,0.08381317182348014,3.0,0.4270833333333333,0.799796008663409,Surv-VAE
0.011341362681174432,0.9008049242424243,0.028817399728989272,0.9455703899654685,0.0887798730666521,3.0,0.4296875,0.810947258411049,Surv-VAE
0.010893185543714622,0.9019886363636364,0.038630784383496874,0.9488277955810422,0.08994309167231147,1.0,0.4088541666666667,0.7905872716162352,Surv-VAE
0.011454319509571409,0.901278409090909,0.03903775945773865,0.9537846978721894,0.08434081699312673,1.0,0.4322916666666667,0.8111055120379741,Surv-VAE
0.012916353802607672,0.8989109848484848,0.0648101634543003,0.9415038481682363,0.07952017777313668,1.0,0.4166666666666667,0.7909275709985208,Surv-VAE
0.01227812934373924,0.8951231060606062,0.038689850346912226,0.9432250934301514,0.08097540447066387,1.0,0.4427083333333333,0.8010166483884852,Surv-VAE
0.01130718835405242,0.9053030303030302,0.03404900301643496,0.9386467940808337,0.07875678465229485,2.0,0.4296875,0.8095361919154065,Surv-VAE
0.011684288347338824,0.9015151515151515,0.029575772112796318,0.9518863569786331,0.09031130049114801,1.0,0.40625,0.7991605666114192,Surv-VAE
0.009573356400237654,0.9045928030303031,0.04373993867888619,0.9322109879184384,0.10685772636806028,2.0,0.4036458333333333,0.806948700381917,Surv-VAE
0.011683443951175593,0.9015151515151516,0.027205172430227534,0.9529218559977275,0.09717609704643411,2.0,0.4244791666666667,0.8070627157973222,Surv-VAE
0.010162866610859014,0.9109848484848484,0.03987288763529024,0.9450031513257761,0.08131515402064182,2.0,0.4296875,0.8227277786431256,Surv-VAE
0.012018470255565157,0.9003314393939393,0.05084380490517119,0.9382832819948337,0.08402290136682111,1.0,0.4609375,0.8095154070139632,Surv-VAE
0.01197944534457119,0.8963068181818182,0.04653084075943886,0.9555560980373011,0.08745806725326045,1.0,0.4140625,0.8069843624001184,Surv-VAE
0.011622864490640367,0.9000946969696971,0.029924930226794037,0.9486981917603927,0.08529566267603249,1.0,0.4505208333333333,0.8088699991289633,Surv-VAE
0.011048111979012272,0.9026988636363636,0.0315685864685612,0.9449547718173829,0.08340015955427056,1.0,0.453125,0.816145386543168,Surv-VAE
0.01112044753460667,0.9060132575757575,0.0375509576424171,0.9516386894035561,0.09047479737123494,5.0,0.4140625,0.8118450201014376,Surv-VAE
0.012083689166036944,0.8946496212121211,0.03615396158893456,0.9477794249496231,0.09007660921270418,2.0,0.4140625,0.8169298096977715,Surv-VAE
0.012199103222094648,0.8910984848484849,0.03673359193287424,0.9419157397626299,0.09238913700911174,1.0,0.4401041666666667,0.8020786008729988,Surv-VAE
0.011704709478668513,0.901278409090909,0.03565803183784267,0.9569306974638485,0.07954096709664522,3.0,0.4114583333333333,0.8062509536373462,Surv-VAE
0.012130686776660947,0.8993844696969696,0.03691486612542161,0.9477723233704095,0.07804749909455505,3.0,0.4375,0.8063586920564821,Surv-VAE
0.013341478226353575,0.8927556818181818,0.043789580784803495,0.9492814089533159,0.0930791415215506,2.0,0.4114583333333333,0.8137173399531115,Surv-VAE
0.010444773470884842,0.9057765151515152,0.03263272697760305,0.9496338248217947,0.08486260230804017,2.0,0.4192708333333333,0.8117104893407697,Surv-VAE
0.011450951610427924,0.9024621212121211,0.04171328488466238,0.9450750548153145,0.08821405537759108,1.0,0.4401041666666667,0.815610218737383,Surv-VAE
0.012051137417787038,0.899621212121212,0.031243795947412212,0.9503928061002564,0.08287590254911716,2.0,0.4401041666666667,0.8075653906066066,Surv-VAE
0.012196453055790262,0.8982007575757577,0.032405053010133716,0.9456467319420157,0.0830982440819235,2.0,0.4244791666666667,0.8092872611976082,Surv-VAE
0.009948078344099436,0.9060132575757577,0.021480008977408035,0.9435792846934337,0.08690911950225082,2.0,0.4140625,0.8029138068133161,Surv-VAE
0.010689854355617716,0.902935606060606,0.027008135065055977,0.9515126363725134,0.08265468005024423,5.0,0.4479166666666667,0.8046550888891512,Surv-VAE
0.011197328108611586,0.9003314393939394,0.03172440631072371,0.9386303716789021,0.08349853781941075,1.0,0.4453125,0.8066810290363273,Surv-VAE
0.011255989381162207,0.8996212121212122,0.02479329804576514,0.9511766429059663,0.08781619835994432,2.0,0.4348958333333333,0.8006527578965406,Surv-VAE
0.011370185614214838,0.8996212121212122,0.03328809319409963,0.952611161907129,0.08641342001213274,5.0,0.4036458333333333,0.8001644299385787,Surv-VAE
0.012322597752112393,0.8925189393939393,0.04407136121613989,0.9550656452228564,0.09025010419524704,2.0,0.3958333333333333,0.8200604624893834,Surv-VAE
0.010369003664055116,0.9057765151515151,0.03463123124914943,0.9492148316481878,0.08716299966174686,3.0,0.4375,0.8047658023079615,Surv-VAE
0.011880947089717946,0.9008049242424242,0.03212579799656725,0.9561837001003098,0.08606180974558271,3.0,0.4375,0.7944941222666548,Surv-VAE
0.011466197316505937,0.8998579545454546,0.018736006876355942,0.9469077061011442,0.09904848994269792,1.0,0.4322916666666667,0.805275319099187,Surv-VAE
0.010180082178610423,0.9053030303030302,0.024594425497074072,0.9538175426760527,0.08480416541877622,1.0,0.4270833333333333,0.8138658379087341,Surv-VAE
0.010177817838677017,0.9069602272727273,0.020836902590741134,0.9479258950209053,0.08470763487199064,3.0,0.4427083333333333,0.8043955872400205,Surv-VAE
0.010207457354324559,0.9055397727272727,0.016736731721649672,0.9540039591304115,0.08130360231577206,1.0,0.4661458333333333,0.8075080357997106,Surv-VAE
0.011546003559040159,0.9026988636363634,0.05310719488720453,0.9454683047642719,0.08920382707698236,1.0,0.4557291666666667,0.8053328729300094,Surv-VAE
0.010378582572384778,0.9053030303030304,0.03791861066512874,0.9511544504709233,0.08253312281332881,1.0,0.3958333333333333,0.8009682245553865,Surv-VAE
0.011418994094308773,0.9050662878787878,0.0247776197169417,0.9453861927546138,0.0834850088005372,2.0,0.40625,0.7973375943513744,Surv-VAE
0.009021478606570483,0.9105113636363636,0.04253057754669795,0.9592040905096273,0.08902957820864844,1.0,0.4244791666666667,0.8064058891048881,Surv-VAE
0.011225696229889058,0.9031723484848485,0.033872637804993194,0.9524385047624966,0.11651408035063467,3.0,0.4322916666666667,0.8163512727656196,Surv-VAE
0.012256003040036469,0.9000946969696971,0.029563974835335148,0.9520532440901546,0.08314767727246297,1.0,0.4296875,0.8108673896218268,Surv-VAE
0.0116112931510133,0.8998579545454546,0.023848622753005175,0.9482330383218969,0.08390148914513422,3.0,0.4010416666666667,0.8000855099784736,Surv-VAE
0.011146274445145868,0.901751893939394,0.030357297009692804,0.9332411607531224,0.0873302757066242,4.0,0.4583333333333333,0.8098943720144052,Surv-VAE
0.011653752514205277,0.9000946969696971,0.03380568789623845,0.9560754010173012,0.10300663015611011,2.0,0.40625,0.8028840674632677,Surv-VAE
0.011213110607413142,0.9055397727272727,0.023052010741703013,0.9355762487683199,0.09485602777187645,3.0,0.4453125,0.8111793281629842,Surv-VAE
0.010465214911919068,0.9031723484848484,0.03604577307292094,0.9591787911336784,0.0876570771088848,1.0,0.4114583333333333,0.8035325120059146,Surv-VAE
0.011558793850415507,0.9026988636363636,0.03606104751019972,0.9488482126212816,0.09612756556554401,2.0,0.4244791666666667,0.8097107514068244,Surv-VAE
0.012922607793592712,0.8979640151515151,0.042858527824956104,0.9558104233428908,0.09568383056161671,3.0,0.421875,0.8064622706944544,Surv-VAE
0.01279114944559373,0.8941761363636364,0.041674261138460365,0.949238355629333,0.09089265618221824,1.0,0.4140625,0.7989067821029999,Surv-VAE
0.011499320883845176,0.9003314393939394,0.0390153280787683,0.9457998597438106,0.08103222030279995,1.0,0.4270833333333333,0.8005266766687967,Surv-VAE
0.011885100826239576,0.8991477272727273,0.026531364387958188,0.9544921927013519,0.09802993469461578,1.0,0.421875,0.7987761130998418,Surv-VAE
0.011474860448807701,0.9005681818181818,0.052102459710134885,0.9462947510452636,0.0946079823240951,3.0,0.3958333333333333,0.8161538429434744,Surv-VAE
0.011415697091716075,0.9015151515151515,0.0428761020855203,0.9421008246708862,0.08864074822450622,1.0,0.4088541666666667,0.8035461676568054,Surv-VAE
0.012255206935982506,0.9015151515151515,0.04384883034725942,0.9476928744529565,0.08680382200151397,3.0,0.4010416666666667,0.8184905228052852,Surv-VAE
0.011955093954871382,0.8982007575757577,0.044192124757423706,0.9402033714747319,0.11496557285869376,2.0,0.4322916666666667,0.7991306932138001,Surv-VAE
0.012112867139532411,0.902935606060606,0.04101650862738813,0.9451629368580837,0.09405033973379857,1.0,0.4322916666666667,0.7988948561585718,Surv-VAE
0.010129848860090706,0.902935606060606,0.027653837043904207,0.9344901509973281,0.0905980108382148,3.0,0.4114583333333333,0.8035868883618937,Surv-VAE
0.01068175515252637,0.9019886363636364,0.030239836606513328,0.9567762381159511,0.0908611704550264,3.0,0.4088541666666667,0.7967966049714413,Surv-VAE
0.010416889610381496,0.9055397727272727,0.03967162223179267,0.9428274049941855,0.09063300665925966,3.0,0.4322916666666667,0.8092911403302411,Surv-VAE
0.010146580985875451,0.9064867424242423,0.027670796426200156,0.9397799398141162,0.09417225040506792,3.0,0.390625,0.8231208044009318,Surv-VAE
0.010688511795096695,0.9071969696969696,0.020490279895860535,0.9507851683518123,0.08753447137521986,3.0,0.4375,0.8043572516367479,Surv-VAE
0.011184620951367874,0.8967803030303031,0.029022644514011136,0.9610806828168414,0.09099234831879748,1.0,0.390625,0.8062570065219025,Surv-VAE
0.012092742903213166,0.8963068181818182,0.04217437520962774,0.9403529484869197,0.08653939931662452,2.0,0.4322916666666667,0.8042661733031423,Surv-VAE
0.010846794960409512,0.9008049242424242,0.020321425272539502,0.9480648196642729,0.09201368014229484,3.0,0.4166666666666667,0.8129969859190321,Surv-VAE
0.010334816583812474,0.9038825757575758,0.032558816869962294,0.9540869588374715,0.08485014599288472,1.0,0.40625,0.8074489559384814,Surv-VAE
0.011875974611164216,0.8927556818181818,0.026911745460415207,0.9480768035791959,0.0847453720077701,3.0,0.4088541666666667,0.8162635332556867,Surv-VAE
0.010920100356478358,0.9034090909090909,0.03447586146067056,0.941398212177433,0.08339255956944802,1.0,0.4505208333333333,0.816404549193033,Surv-VAE
0.010397651852022445,0.9036458333333333,0.020524740882575405,0.932168822291857,0.0812673861792849,3.0,0.4583333333333333,0.8018497078436272,Surv-VAE
0.009975420757279408,0.9064867424242423,0.015117549304205299,0.9432486174112966,0.08439514265677477,2.0,0.4453125,0.8144091083561369,Surv-VAE
0.012168094716824557,0.8953598484848485,0.04103413806976303,0.946480279802221,0.07960510412147792,3.0,0.4244791666666667,0.8121636141021015,Surv-VAE
0.010838996307331162,0.9024621212121212,0.029524125074355995,0.9539369379765826,0.09332121987983684,1.0,0.40625,0.8087291925784326,Surv-VAE
0.012768032930386223,0.8963068181818182,0.026909753376006006,0.9470905717658965,0.08432633337163835,7.0,0.4244791666666667,0.8032042564477144,Surv-VAE
0.0113198517553657,0.8986742424242423,0.03590982862749209,0.9575898127846181,0.08298025161776797,1.0,0.4427083333333333,0.7890461229663792,Surv-VAE
0.011879465398891377,0.8993844696969696,0.029004151167164986,0.9572768994505152,0.09503852279231544,5.0,0.4296875,0.8011533319380645,Surv-VAE
0.012720524715684063,0.8965435606060606,0.04380324809509882,0.9490137681867005,0.08625419760338955,4.0,0.4270833333333333,0.8067650546866603,Surv-VAE
0.010288910783866241,0.9038825757575758,0.013971067106612499,0.9531233633079157,0.08684843106382045,1.0,0.4010416666666667,0.8124580970871897,Surv-VAE
0.011225701768545189,0.9015151515151516,0.03217896274769014,0.9431199012880489,0.0802979581917056,3.0,0.4739583333333333,0.8013933305494403,Surv-VAE
0.011583767818405257,0.900568181818182,0.02632422352819469,0.9603576532831488,0.08701533748677999,5.0,0.4427083333333333,0.7922065836100673,Surv-VAE
0.01300350600128904,0.8927556818181818,0.047451564728322355,0.9504305332398293,0.0866078535305433,2.0,0.4088541666666667,0.8148567240638631,Surv-VAE
0.011269371596752096,0.9041193181818182,0.028106608876059293,0.9482277121374866,0.08042221519212663,1.0,0.4036458333333333,0.8061095020495344,Surv-VAE
0.009721236172149162,0.9102746212121212,0.028604153987682346,0.9521628747192658,0.08955457094454748,1.0,0.4401041666666667,0.8059500720800259,Surv-VAE
0.010430020524941646,0.902935606060606,0.03368046042843961,0.9456804644432806,0.09206754380884768,2.0,0.4322916666666667,0.8046989069524303,Surv-VAE
0.010318701848899072,0.9069602272727273,0.02512522502750861,0.9519915491207357,0.09286161827410004,2.0,0.4583333333333333,0.8183053281183862,Surv-VAE
0.011722306629010039,0.8944128787878788,0.04490014400106165,0.9488672981154185,0.0844589208567621,1.0,0.3776041666666667,0.8086703557714423,Surv-VAE
0.010190767433847791,0.9055397727272727,0.026422588270630643,0.9487341435051618,0.09305792591123331,4.0,0.390625,0.8097330522712805,Surv-VAE
0.010709845904404467,0.9045928030303031,0.02334089444774991,0.9462836548277422,0.09265720639064762,2.0,0.4010416666666667,0.8033626592850462,Surv-VAE
0.012593142919859683,0.8993844696969696,0.038430070393389575,0.9497882841696923,0.08161579076472453,1.0,0.4270833333333333,0.8006601513267366,Surv-VAE
0.012132890152120358,0.8993844696969696,0.03871519925274589,0.9313614615050023,0.08708189876435485,5.0,0.4557291666666667,0.8152683913397822,Surv-VAE
0.012137630039881931,0.8934659090909091,0.04266745337193243,0.9474008220077941,0.09117701646030223,3.0,0.4166666666666667,0.8069426425912325,Surv-VAE
0.011183506595162623,0.905066287878788,0.03092408056990813,0.9482161720712645,0.0799223050223234,1.0,0.4505208333333333,0.8067860451226595,Surv-VAE
0.010782795173334775,0.9053030303030304,0.04702258424442713,0.9478313552476232,0.08123400700109482,1.0,0.4270833333333333,0.8109555158970814,Surv-VAE
0.011507405793956127,0.8965435606060606,0.04142459492090388,0.9597233934896273,0.08458433894044863,2.0,0.4088541666666667,0.8114344575842409,Surv-VAE
0.011964870976012287,0.8991477272727273,0.03222858635093778,0.9455774915446822,0.08358496405458442,1.0,0.4010416666666667,0.8138964704583993,Surv-VAE
0.011065175086870516,0.9019886363636364,0.03229334419949916,0.9515587966374023,0.11867255324580868,1.0,0.4427083333333333,0.8219840950682913,Surv-VAE
0.011499460563223535,0.9022253787878788,0.03289580848130421,0.9430542116803224,0.08474786487597848,2.0,0.4348958333333333,0.8043289383251241,Surv-VAE
0.009818961380168509,0.9050662878787878,0.03797205698824935,0.9539067562649244,0.08465070192973816,4.0,0.4427083333333333,0.8090041107706806,Surv-VAE
0.010125148961440629,0.9043560606060607,0.03739489397150691,0.9565893778128911,0.08710650910821194,1.0,0.3723958333333333,0.8095310843966762,Surv-VAE
0.011337810604716052,0.9012784090909091,0.029924153441233472,0.9630673496018677,0.09022758509133189,2.0,0.4348958333333333,0.8097710512888036,Surv-VAE
0.010471721778202277,0.9041193181818182,0.035054971725106944,0.9497052844626325,0.08886689517071977,4.0,0.40625,0.8091025077151379,Surv-VAE
0.011727499125727863,0.9000946969696971,0.023252100182839054,0.9554628898101216,0.08516268725437892,1.0,0.4557291666666667,0.8029281964841495,Surv-VAE
0.011656330383232572,0.8974905303030304,0.021551805285180508,0.9357955100265422,0.08590697068494373,2.0,0.4088541666666667,0.8037802686449084,Surv-VAE
0.011611446322423393,0.9043560606060607,0.033987172846870736,0.9527744982290438,0.0892713456204026,1.0,0.4114583333333333,0.8110631192574468,Surv-VAE
0.011093309406251846,0.9026988636363636,0.03020998475628486,0.9587620172035758,0.08973561193052665,1.0,0.4479166666666667,0.8065053480475249,Surv-VAE
0.012097928003095525,0.8953598484848485,0.0376074595091784,0.9510745577047695,0.0947159512786497,1.0,0.3932291666666667,0.7976092764862285,Surv-VAE
0.011560128074171868,0.8977272727272727,0.04887884769444788,0.9487421327817774,0.08593428964231702,1.0,0.3854166666666667,0.8136248765645111,Surv-VAE
0.012830310367486624,0.8963068181818182,0.043892220385167394,0.9482379206576063,0.08465069323081843,1.0,0.421875,0.8102141061812842,Surv-VAE
0.009834129479076073,0.9079071969696971,0.02224057377893728,0.9608445553079866,0.0914371541342585,2.0,0.421875,0.8183223739860602,Surv-VAE
0.011712721895892586,0.8977272727272727,0.0327994616539754,0.9487479028148884,0.08645746667659132,1.0,0.421875,0.7973939877515154,Surv-VAE
0.01089379780243453,0.9008049242424242,0.03138431599496614,0.9502476675750768,0.08487993525097026,1.0,0.4296875,0.8092552529629894,Surv-VAE
0.011046760865959708,0.9031723484848485,0.025215104420585693,0.9433573603430062,0.0800966557849353,2.0,0.4348958333333333,0.8108708876339858,Surv-VAE
0.01292069333922069,0.8953598484848485,0.045656506091733925,0.9410755341719115,0.08494820723403816,1.0,0.421875,0.7989746061329919,Surv-VAE
0.011389495439067782,0.9036458333333335,0.03587667426676084,0.9491020940781706,0.08925201574871583,3.0,0.4609375,0.8053011428574876,Surv-VAE
0.011354266732967199,0.9003314393939394,0.023436101689390792,0.9493644086603759,0.100401147632439,1.0,0.4635416666666667,0.8076404805305659,Surv-VAE
0.011578274519377697,0.9008049242424242,0.029855190346695287,0.9465086861190757,0.08079966430671148,3.0,0.4322916666666667,0.7951351491570173,Surv-VAE
0.011803111440766532,0.9022253787878788,0.03824522332306493,0.9546524220823607,0.0834469807769912,1.0,0.4322916666666667,0.801405458766982,Surv-VAE
0.01173988463644323,0.8967803030303031,0.043993105544233,0.9477452485996573,0.08569351728380253,1.0,0.4270833333333333,0.8242254713258663,Surv-VAE
0.012937156917121516,0.8934659090909091,0.0347341672071201,0.9562738013865832,0.08595088470102596,2.0,0.3984375,0.7959933785789096,Surv-VAE
0.009789152768214652,0.9133522727272727,0.028061731484512988,0.9431860347444763,0.08213259924181072,3.0,0.4401041666666667,0.7996366717688153,Surv-VAE
0.012294506912621976,0.8970170454545453,0.01913995368822653,0.9487758652830424,0.07762884547400288,1.0,0.4427083333333333,0.802384091977487,Surv-VAE
0.009662612208746469,0.9060132575757577,0.034038612592970446,0.9489014744653842,0.09340731497257553,3.0,0.4244791666666667,0.8124055823604003,Surv-VAE
0.009935238545664969,0.9041193181818182,0.01147297558289365,0.9437359632848354,0.09357691560457909,2.0,0.4010416666666667,0.8073178327908548,Surv-VAE
0.010496346267239297,0.904119318181818,0.031153350918543276,0.93915366929721,0.09241049132663919,2.0,0.4010416666666667,0.8086408903782978,Surv-VAE
0.011053529426407612,0.8982007575757577,0.03197773471900736,0.9447754569422375,0.08137180054120272,2.0,0.4036458333333333,0.8222062614021444,Surv-VAE
0.011659365039392567,0.9008049242424242,0.03989027654644214,0.9565427736993014,0.08234540702596325,1.0,0.4192708333333333,0.8057305021079523,Surv-VAE
0.011740110922936385,0.9000946969696969,0.030023489945750666,0.9478548792287687,0.08996040793263788,2.0,0.4010416666666667,0.8138940566342997,Surv-VAE
0.01187867043232953,0.8970170454545454,0.028822240265036055,0.9477368154743411,0.08970639817002578,1.0,0.4192708333333333,0.8019872278137293,Surv-VAE
0.012277753208459552,0.8948863636363636,0.036943964643429056,0.9467017603039475,0.09213550368068345,1.0,0.4166666666666667,0.8057720834657607,Surv-VAE
0.011104729474620456,0.8996212121212122,0.03155147311188115,0.9361860968832945,0.08618323582058883,2.0,0.4166666666666667,0.8060354692127191,Surv-VAE
0.01235004548349655,0.8979640151515152,0.04181811158234542,0.9602360387391146,0.07895596765730907,2.0,0.3984375,0.8131648852438577,Surv-VAE
0.011447369470853657,0.9053030303030304,0.0443203481467312,0.9563048707956432,0.09327909046308963,4.0,0.4166666666666667,0.8106386327103866,Surv-VAE
0.01161669612874861,0.8946496212121212,0.021431718202023373,0.9491411527638458,0.07698550490034332,1.0,0.4114583333333333,0.817103040838028,Surv-VAE
0.012371721933022288,0.8984375,0.03404113406268955,0.946477172861315,0.08643920312588967,2.0,0.4296875,0.8079720194078184,Surv-VAE
0.010427558174759155,0.9053030303030304,0.01800360655227056,0.9435388944616558,0.09495139263792061,2.0,0.4192708333333333,0.8192373842926981,Surv-VAE
0.012057412087526332,0.8941761363636364,0.029100693979323237,0.9457741165191609,0.08230040101694051,2.0,0.4088541666666667,0.8056721127946113,Surv-VAE
0.010686070877824631,0.9050662878787878,0.03233686024825177,0.9392415513399792,0.08483484963893566,1.0,0.40625,0.8032082651537167,Surv-VAE
0.010967921032116855,0.9024621212121212,0.028157606687697217,0.9352677739212257,0.09121249194582583,3.0,0.4036458333333333,0.7974206563380946,Surv-VAE
0.010453280171178865,0.9031723484848485,0.021724005883464848,0.9451371936334342,0.08101644469150988,1.0,0.4244791666666667,0.8188212016270002,Surv-VAE
0.01044621446458558,0.9079071969696969,0.02552270512524675,0.9498419898624956,0.08374277071769413,1.0,0.4270833333333333,0.8125225814754391,Surv-VAE
0.012893662015447156,0.8970170454545453,0.027367135479135433,0.9487332558077602,0.08185342594041257,2.0,0.4739583333333333,0.8125203352636853,Surv-VAE
0.010931667354820011,0.9038825757575757,0.03414752119547884,0.9467732199447851,0.0892076902026882,1.0,0.40625,0.8131222471220688,Surv-VAE
0.009182187573922883,0.9268465909090909,0.02095961550324273,0.8644432805745177,0.1706110832457426,6.0,0.4192708333333333,0.8273776064852324,HI-VAE_weibull_diffusion
0.010474092036795833,0.9176136363636362,0.020086614019147554,0.8585107988388916,0.13127890400509365,1.0,0.4453125,0.8149514933833806,HI-VAE_weibull_diffusion
0.008634966718812382,0.9313446969696969,0.006394699368884997,0.8530811976813343,0.21862422850001603,3.0,0.4453125,0.8296509188135743,HI-VAE_weibull_diffusion
0.010024622160724988,0.924715909090909,0.030480011467592587,0.8873902584087137,0.10406824565004365,4.0,0.4453125,0.8231161411377343,HI-VAE_weibull_diffusion
0.01002080173045592,0.9237689393939393,0.01027002636818464,0.8712474811586226,0.1059109347962226,3.0,0.3984375,0.8284717530515462,HI-VAE_weibull_diffusion
0.008949117488435103,0.9261363636363634,0.032019442233088204,0.859489041375576,0.1124872536850332,3.0,0.4505208333333333,0.8313112528577723,HI-VAE_weibull_diffusion
0.010045325662331534,0.9254261363636364,0.0481637996566424,0.871861323911905,0.10877259413906266,4.0,0.4166666666666667,0.811894234149956,HI-VAE_weibull_diffusion
0.009872550731490123,0.9242424242424242,0.039107599565173026,0.8648525090767059,0.10647498345661362,4.0,0.4479166666666667,0.8228483904752809,HI-VAE_weibull_diffusion
0.009814104844369967,0.9230587121212122,0.03597359551231973,0.8397763890245094,0.1831726375990161,5.0,0.46875,0.8226816390589118,HI-VAE_weibull_diffusion
0.008877344726085468,0.9292140151515151,0.012305444706558782,0.8509072267445473,0.1376452454880117,3.0,0.3958333333333333,0.8281112920526028,HI-VAE_weibull_diffusion
0.0104043483481087,0.9214015151515151,0.02407687272523686,0.851131370338479,0.08857542344422754,5.0,0.4114583333333333,0.8258903310782055,HI-VAE_weibull_diffusion
0.009258316502911278,0.920691287878788,0.029971438367581024,0.8928313996324932,0.15742082029182702,7.0,0.4401041666666667,0.8352859731146351,HI-VAE_weibull_diffusion
0.009027305280964133,0.923058712121212,0.00930190624982771,0.8387093767476543,0.09944893554700585,1.0,0.4557291666666667,0.8389296651912796,HI-VAE_weibull_diffusion
0.012596826582711248,0.9131155303030304,0.03869538892724706,0.8688546928123142,0.09824154325482132,8.0,0.4166666666666667,0.8312311313221293,HI-VAE_weibull_diffusion
0.009898365310443894,0.9223484848484848,0.021239561033363982,0.8613753983542092,0.10749159190875635,7.0,0.4401041666666667,0.8218820350148314,HI-VAE_weibull_diffusion
0.011461908229216871,0.9119318181818182,0.03449484313688923,0.843648525090767,0.07441563411694298,1.0,0.4348958333333333,0.8243059850534067,HI-VAE_weibull_diffusion
0.010416835240006658,0.9261363636363636,0.02688435421828542,0.8545951655999502,0.12976264643641852,2.0,0.4036458333333333,0.8219591718761444,HI-VAE_weibull_diffusion
0.009159932996821999,0.9237689393939393,0.027059553889526092,0.8808350569457885,0.09514188652927498,2.0,0.4791666666666667,0.8185208001882369,HI-VAE_weibull_diffusion
0.009338932584617375,0.9280303030303031,0.02439805905112015,0.860611090891337,0.09484659042391762,3.0,0.4010416666666667,0.8237741767908929,HI-VAE_weibull_diffusion
0.010313557226824343,0.9254261363636364,0.03138087152943486,0.8502037265536924,0.11017857134521047,7.0,0.4791666666666667,0.8201716277177925,HI-VAE_weibull_diffusion
0.007802261098623456,0.9356060606060606,0.023010914561665687,0.8763237787502998,0.152164275421623,1.0,0.4661458333333333,0.8266843124032972,HI-VAE_weibull_diffusion
0.008580479445017707,0.9282670454545454,0.015275677607232606,0.8536684095125654,0.16001896894630244,3.0,0.4817708333333333,0.8202349466677662,HI-VAE_weibull_diffusion
0.008992000475906271,0.934185606060606,0.009275620701612341,0.8509809056288893,0.1317482549857008,6.0,0.4010416666666667,0.8338273994974189,HI-VAE_weibull_diffusion
0.008922037971343331,0.9223484848484849,0.024613219888463083,0.8476165324764094,0.1474296597308511,4.0,0.4010416666666667,0.8245303830723353,HI-VAE_weibull_diffusion
0.01001971686099333,0.9225852272727271,0.013512928437231795,0.8370063292824742,0.08718164938082444,3.0,0.4609375,0.8302880606815931,HI-VAE_weibull_diffusion
0.010045940991653528,0.9209280303030302,0.05262409998297789,0.8703344843809642,0.12799255803263618,4.0,0.453125,0.8380966688651299,HI-VAE_weibull_diffusion
0.007793009239886777,0.9377367424242423,0.014407486257893431,0.8708289318337166,0.10287037469985268,7.0,0.4427083333333333,0.833535616575958,HI-VAE_weibull_diffusion
0.009985192905439894,0.9221117424242425,0.03048752539295323,0.866227996200655,0.1494716142799357,3.0,0.4479166666666667,0.8332292124490931,HI-VAE_weibull_diffusion
0.009241128479878914,0.9294507575757577,0.022987596645959958,0.8629186602870813,0.09815894067966517,5.0,0.4609375,0.8262910894713776,HI-VAE_weibull_diffusion
0.00911872047218901,0.9270833333333335,0.018214264719407368,0.8646678680171502,0.12809907923271388,6.0,0.4166666666666667,0.8359309761867094,HI-VAE_weibull_diffusion
0.008906257359124087,0.921875,0.030929383301764188,0.8272207969747271,0.11298327070320278,1.0,0.4791666666666667,0.834718296232884,HI-VAE_weibull_diffusion
0.008825127482874437,0.9237689393939393,0.020075723782531335,0.8840423076581656,0.14614839106485025,1.0,0.4114583333333333,0.8194473295514788,HI-VAE_weibull_diffusion
0.008700554732210064,0.9282670454545454,0.012473671307694214,0.8556257822833352,0.11785062150910396,6.0,0.4244791666666667,0.8256820183930089,HI-VAE_weibull_diffusion
0.009200363732084675,0.9240056818181818,0.04282407019207842,0.8601011087340547,0.09821561135677721,5.0,0.4296875,0.8234312686917871,HI-VAE_weibull_diffusion
0.009540318063426314,0.9261363636363636,0.02152528554712288,0.8672639390684503,0.13752760191457356,4.0,0.4453125,0.8180101921282987,HI-VAE_weibull_diffusion
0.011108336070283999,0.9178503787878788,0.040079036838625764,0.8481389423973156,0.14553147524738455,4.0,0.4479166666666667,0.8315584943683073,HI-VAE_weibull_diffusion
0.010078596851012275,0.9230587121212122,0.04610946614780924,0.8619772571925683,0.0847320739387963,4.0,0.4453125,0.8335633472063807,HI-VAE_weibull_diffusion
0.009903640613237638,0.9204545454545454,0.021080875676057667,0.8422246584584248,0.08713990277044338,4.0,0.3958333333333333,0.8293060749193537,HI-VAE_weibull_diffusion
0.010800597807535865,0.9223484848484849,0.017910743200466952,0.8434061837001003,0.14108810934576543,2.0,0.4661458333333333,0.8295356165228912,HI-VAE_weibull_diffusion
0.010083720900293006,0.9166666666666665,0.035151591654301526,0.8638813681192354,0.17103253997783632,5.0,0.4453125,0.8292721455311155,HI-VAE_weibull_diffusion
0.009504101324253597,0.9273200757575758,0.03485332135228968,0.8695790538921091,0.08411812499052036,5.0,0.4348958333333333,0.8295115524545952,HI-VAE_weibull_diffusion
0.009099718686473034,0.9249526515151516,0.03264772116709432,0.8903125582551418,0.09493568916289878,5.0,0.4427083333333333,0.8153518941282643,HI-VAE_weibull_diffusion
0.00974193359485684,0.9277935606060607,0.01187561327025806,0.8434217184046304,0.13824874045660082,4.0,0.4739583333333333,0.8208563847693097,HI-VAE_weibull_diffusion
0.009340768717158403,0.9251893939393938,0.028236246808281493,0.8562134379632671,0.1874216978937839,4.0,0.453125,0.8274690171243285,HI-VAE_weibull_diffusion
0.009291447718553175,0.9303977272727273,0.021491685645137464,0.8679887439969463,0.15039916629120417,2.0,0.4453125,0.8300022927748637,HI-VAE_weibull_diffusion
0.008781028319991897,0.9341856060606062,0.00813767072735457,0.8361497012898245,0.13288943900850503,4.0,0.40625,0.8322060495967097,HI-VAE_weibull_diffusion
0.009212563754238292,0.9221117424242423,0.04117194278280025,0.8464279056555201,0.08358565144616072,6.0,0.4453125,0.8291505637821798,HI-VAE_weibull_diffusion
0.010348595770606957,0.9209280303030302,0.024946583293050672,0.865200930306877,0.10569741160564845,7.0,0.4479166666666667,0.8213243347071578,HI-VAE_weibull_diffusion
0.010498026945671523,0.9237689393939394,0.03199992866981742,0.8797511784183009,0.09648632929381214,9.0,0.4453125,0.8303527338687101,HI-VAE_weibull_diffusion
0.009519234802991468,0.9294507575757575,0.012015121699823678,0.8646083922912358,0.0873350675245707,3.0,0.4322916666666667,0.8349962641355433,HI-VAE_weibull_diffusion
0.010478962805071034,0.9216382575757577,0.030072096305263467,0.8650127384577144,0.10500858568590425,3.0,0.4010416666666667,0.8332483868838327,HI-VAE_weibull_diffusion
0.009326283098861028,0.9230587121212122,0.020850579827733598,0.8473941642772811,0.14120034283169114,6.0,0.4427083333333333,0.8416915274665885,HI-VAE_weibull_diffusion
0.009228229303131746,0.9282670454545454,0.022751521800921874,0.8621805398975597,0.16712493655562552,3.0,0.4505208333333333,0.8318965518918893,HI-VAE_weibull_diffusion
0.00833457162637612,0.9348958333333335,0.007705953295892094,0.8707716753513063,0.10506664777011576,3.0,0.453125,0.827967694948895,HI-VAE_weibull_diffusion
0.010631577365035616,0.9225852272727274,0.01982065303835144,0.8499791391110598,0.19213012436525004,3.0,0.4453125,0.8218842293629172,HI-VAE_weibull_diffusion
0.010583327901097077,0.9216382575757577,0.017286198336687812,0.8329535467949686,0.13386872452531398,4.0,0.4427083333333333,0.829296328091388,HI-VAE_weibull_diffusion
0.00920371310180172,0.9268465909090909,0.05148778382092842,0.8744427479560768,0.12814446331907506,4.0,0.4088541666666667,0.8254549506866817,HI-VAE_weibull_diffusion
0.00918989875344642,0.9270833333333333,0.03460853063696242,0.8665568880879885,0.09475519128795963,2.0,0.4348958333333333,0.8189605611360978,HI-VAE_weibull_diffusion
0.008889433093797918,0.9296875,0.016955715040590534,0.8738892686261106,0.15699660797870382,5.0,0.46875,0.8237082582633042,HI-VAE_weibull_diffusion
0.007710919561763487,0.9358428030303029,0.021359285640290285,0.8576377484443103,0.11387411688682114,4.0,0.4635416666666667,0.8195231904694585,HI-VAE_weibull_diffusion
0.009963467996673773,0.920691287878788,0.030122488083487636,0.8526355735856761,0.17148645484713806,4.0,0.3828125,0.8165934727500236,HI-VAE_weibull_diffusion
0.009799175319760463,0.9230587121212122,0.022424683544126297,0.8791009400715485,0.09439536341960987,1.0,0.4479166666666667,0.8156040595986183,HI-VAE_weibull_diffusion
0.010086123684552795,0.9202178030303029,0.048213258404087245,0.8624211058934232,0.08748534970138677,8.0,0.4244791666666667,0.8310785102576508,HI-VAE_weibull_diffusion
0.009914127545074284,0.9258996212121211,0.024943178314973034,0.8597589013856956,0.065847744196656,3.0,0.4270833333333333,0.8341049771869916,HI-VAE_weibull_diffusion
0.010955488357655791,0.9223484848484848,0.016190071158562837,0.8615720233286878,0.08677714442981632,5.0,0.4895833333333333,0.8340326001031966,HI-VAE_weibull_diffusion
0.009511743201450108,0.9214015151515151,0.014465008742229234,0.8451123381061864,0.1327742397493257,4.0,0.4817708333333333,0.8318943206652659,HI-VAE_weibull_diffusion
0.009199270543029362,0.9273200757575758,0.015060393070781247,0.878313108627531,0.12954656167299164,4.0,0.421875,0.8308410498773582,HI-VAE_weibull_diffusion
0.008777827065499656,0.9287405303030302,0.017382800014155746,0.8651023958952873,0.2629969974160602,2.0,0.4479166666666667,0.8164312341123403,HI-VAE_weibull_diffusion
0.008302578676769925,0.9256628787878788,0.010844609650001953,0.865010963062911,0.1264073609398855,4.0,0.4453125,0.8318800369226258,HI-VAE_weibull_diffusion
0.009370614574304293,0.9178503787878788,0.02539632128207494,0.8663074451181082,0.1825755983352225,1.0,0.4557291666666667,0.8217428976000325,HI-VAE_weibull_diffusion
0.011053384363426216,0.917376893939394,0.018512270529506516,0.8574180433373872,0.14527048328452574,5.0,0.4947916666666667,0.8313986642283343,HI-VAE_weibull_diffusion
0.00904005888532259,0.9232954545454547,0.023062382391021794,0.8730486191866916,0.1597798153632294,5.0,0.4348958333333333,0.833041234125391,HI-VAE_weibull_diffusion
0.009062828470646066,0.9275568181818182,0.006812076616575044,0.8569351359508571,0.23386078545455427,4.0,0.4322916666666667,0.8289677964491545,HI-VAE_weibull_diffusion
0.010941168973770761,0.9145359848484848,0.021770590542036988,0.8862935082689013,0.2020037805490661,3.0,0.3645833333333333,0.8275949980568099,HI-VAE_weibull_diffusion
0.00929257440825431,0.9237689393939393,0.023027171110308903,0.8479871461416233,0.1280725338662295,6.0,0.4166666666666667,0.8127638406708505,HI-VAE_weibull_diffusion
0.00907616280786269,0.9254261363636364,0.03644538367391845,0.834986373844884,0.18863517326246834,2.0,0.4739583333333333,0.8315519800567405,HI-VAE_weibull_diffusion
0.009878405780487683,0.920691287878788,0.01156745876992985,0.8441585072480493,0.10325524614619737,3.0,0.4453125,0.8301524809893586,HI-VAE_weibull_diffusion
0.008561138966160788,0.9327651515151515,0.03351679972350984,0.8427133358780659,0.09957045307592909,3.0,0.4557291666666667,0.8223715903239822,HI-VAE_weibull_diffusion
0.010813449838453214,0.9214015151515152,0.04032530878847914,0.8774471598121633,0.10963323807221738,4.0,0.4010416666666667,0.8444264895260583,HI-VAE_weibull_diffusion
0.01148521860823114,0.9154829545454546,0.06332193564020452,0.8564269291883783,0.20815304459436815,5.0,0.4010416666666667,0.8334494287465222,HI-VAE_weibull_diffusion
0.009473536920073751,0.9225852272727273,0.015168816453587943,0.8515286149257442,0.16606066816228326,3.0,0.4296875,0.8281039946853689,HI-VAE_weibull_diffusion
0.009434647051944581,0.9292140151515151,0.03203825792294212,0.8533994371998475,0.15760820227271458,3.0,0.4114583333333333,0.8176139235322483,HI-VAE_weibull_diffusion
0.009371902419258355,0.9273200757575758,0.016380212021038464,0.8896166034922016,0.08997014464355503,5.0,0.4140625,0.8269486089775148,HI-VAE_weibull_diffusion
0.00922831666781722,0.9258996212121211,0.01837779546755827,0.8649918775687743,0.1111051859182982,3.0,0.421875,0.838038953500077,HI-VAE_weibull_diffusion
0.01074436413612364,0.9187973484848485,0.05892398272482091,0.8369206664832092,0.16498653910121566,2.0,0.421875,0.8321237385391199,HI-VAE_weibull_diffusion
0.011109680338778516,0.9119318181818182,0.04146281544794714,0.8586519427257636,0.12299854825388912,5.0,0.4114583333333333,0.8355796224677278,HI-VAE_weibull_diffusion
0.007895131112361205,0.9327651515151516,0.01166681075181198,0.8656558752252532,0.10311859758199966,5.0,0.4973958333333333,0.8231205683894707,HI-VAE_weibull_diffusion
0.009518237782047707,0.9258996212121212,0.008158030642342707,0.8593332504815759,0.09545679272023698,4.0,0.4427083333333333,0.8310415073154492,HI-VAE_weibull_diffusion
0.008561314066341358,0.9299242424242423,0.010337686703195419,0.8614477456924483,0.13444562133597615,4.0,0.4322916666666667,0.8294177387464473,HI-VAE_weibull_diffusion
0.009130412162433184,0.9268465909090909,0.02882940504036482,0.8826406334608657,0.16833940946585094,3.0,0.4322916666666667,0.8296616377982087,HI-VAE_weibull_diffusion
0.008933886503362812,0.9313446969696969,0.017843628511934023,0.8601681298878839,0.08461292069465925,4.0,0.40625,0.8360065391628371,HI-VAE_weibull_diffusion
0.01050551633441585,0.9199810606060607,0.03612782658379251,0.8701103407870325,0.13889473657389226,1.0,0.453125,0.8189125282176112,HI-VAE_weibull_diffusion
0.009659373829481586,0.9230587121212122,0.02191820823544812,0.8635391607708763,0.10658573469523895,2.0,0.4036458333333333,0.8263722494473832,HI-VAE_weibull_diffusion
0.009830485515862243,0.9270833333333335,0.015546836441462044,0.8682905611135275,0.08819223031274116,5.0,0.4661458333333333,0.8309884744274778,HI-VAE_weibull_diffusion
0.009727872362466488,0.9289772727272727,0.024889119697533928,0.8540967235088903,0.11820491263177522,3.0,0.4583333333333333,0.8263439873314796,HI-VAE_weibull_diffusion
0.010810299938591134,0.9242424242424242,0.04983764813426791,0.832847910804165,0.1145544580172897,6.0,0.4114583333333333,0.8302976581135981,HI-VAE_weibull_diffusion
0.009799478577327013,0.9258996212121212,0.018392546818045735,0.8697650264977674,0.1309737853433343,4.0,0.4244791666666667,0.8352013875611479,HI-VAE_weibull_diffusion
0.00997420837213373,0.9209280303030304,0.009869162391447212,0.837921101454936,0.0972193729623757,2.0,0.4765625,0.8409409278800098,HI-VAE_weibull_diffusion
0.008964276441523861,0.9315814393939394,0.015445041119976388,0.8449503333303744,0.1371858716041283,4.0,0.4375,0.8301940131073711,HI-VAE_weibull_diffusion
0.009899820395289862,0.9204545454545454,0.03801376064834471,0.8443666722887502,0.10708018881600745,5.0,0.4427083333333333,0.8229808488420176,HI-VAE_weibull_diffusion
0.008849113950970483,0.9315814393939394,0.036970915008219654,0.8469955881439135,0.08730381441444646,5.0,0.4427083333333333,0.8367473320382025,HI-VAE_weibull_diffusion
0.009582389387032235,0.9303977272727273,0.030536449752239268,0.8665302571659372,0.09808963338961041,3.0,0.4427083333333333,0.8267358597933602,HI-VAE_weibull_diffusion
0.011064887181691026,0.9221117424242423,0.016561722107099164,0.8816197814488997,0.11450792557127959,5.0,0.4192708333333333,0.8271063603985717,HI-VAE_weibull_diffusion
0.009445188458630023,0.9270833333333333,0.01875604542580969,0.8458127313561352,0.10899032797271502,3.0,0.4661458333333333,0.8257964353743307,HI-VAE_weibull_diffusion
0.011524802286531037,0.9112215909090907,0.016599219355512576,0.8509959964847182,0.09449657277128902,4.0,0.390625,0.8311097421531896,HI-VAE_weibull_diffusion
0.008566121850111779,0.9322916666666665,0.009539554272972343,0.8522170242607701,0.09640337832674499,3.0,0.453125,0.8383550661025103,HI-VAE_weibull_diffusion
0.010624742628619182,0.9178503787878788,0.035411732029684125,0.8526497767441035,0.1411903283355739,2.0,0.3932291666666667,0.8296895927004063,HI-VAE_weibull_diffusion
0.008642596184940286,0.9301609848484849,0.02765462833130384,0.8602577873254564,0.13921615475221197,4.0,0.4427083333333333,0.8263730014745087,HI-VAE_weibull_diffusion
0.010841962939474412,0.918560606060606,0.02876361692914562,0.8694845141188271,0.09658508182678645,1.0,0.4401041666666667,0.8284733188665016,HI-VAE_weibull_diffusion
0.010029887237931532,0.9268465909090909,0.025176982364872855,0.8717432601574776,0.165401437110752,7.0,0.4583333333333333,0.8416723747953012,HI-VAE_weibull_diffusion
0.009691114739481631,0.921875,0.023635994222014695,0.8647499800268085,0.1473666034585249,2.0,0.4322916666666667,0.8302724047870915,HI-VAE_weibull_diffusion
0.009724295778506871,0.9258996212121211,0.02077778477826918,0.8466245306299989,0.09985624789055127,1.0,0.4505208333333333,0.8239216108285458,HI-VAE_weibull_diffusion
0.008540353578561723,0.9216382575757577,0.03747286033048803,0.8486533630416064,0.1245083269984159,5.0,0.4270833333333333,0.8182064033111596,HI-VAE_weibull_diffusion
0.008827402393235862,0.9322916666666667,0.017750377711270988,0.8482663269744609,0.11606936866091766,1.0,0.4661458333333333,0.8366174531878926,HI-VAE_weibull_diffusion
0.009259716436450318,0.9325284090909091,0.018141672288666165,0.871723286965939,0.10475144489949025,4.0,0.453125,0.8219609588060304,HI-VAE_weibull_diffusion
0.010060223764827654,0.9242424242424243,0.019610954371647733,0.8352877471127641,0.1379623222026657,5.0,0.4427083333333333,0.8236512309889336,HI-VAE_weibull_diffusion
0.01114579150341756,0.9197443181818182,0.008484306895844054,0.8654667956786891,0.17436354303693902,5.0,0.4583333333333333,0.8395958179424631,HI-VAE_weibull_diffusion
0.012626258758564575,0.9088541666666667,0.0471354507168247,0.8665320325607407,0.15782983855557253,4.0,0.3932291666666667,0.8253350233847411,HI-VAE_weibull_diffusion
0.008560703016653771,0.9277935606060606,0.03434104248816163,0.8463169434803064,0.24239015814393547,6.0,0.4270833333333333,0.8347513203721517,HI-VAE_weibull_diffusion
0.010807499897647963,0.9180871212121212,0.006082755519948317,0.8756322624743678,0.10777477255669825,2.0,0.453125,0.8195584384057121,HI-VAE_weibull_diffusion
0.009928704085704634,0.917376893939394,0.04372659802628616,0.8576071228839514,0.10432529663644848,6.0,0.4192708333333333,0.8209142568625832,HI-VAE_weibull_diffusion
0.01014086620342862,0.9180871212121211,0.043000041400971814,0.8579187046719514,0.09017232050661746,6.0,0.4713541666666667,0.8332099875913912,HI-VAE_weibull_diffusion
0.009597498264894642,0.9232954545454544,0.04370980138373932,0.8457608010581351,0.1398927825814388,2.0,0.4583333333333333,0.8329762003229501,HI-VAE_weibull_diffusion
0.009458411148274809,0.9237689393939394,0.035137349103735144,0.8677987767529804,0.10534033543887167,4.0,0.4739583333333333,0.831878634853493,HI-VAE_weibull_diffusion
0.010474613486307337,0.9216382575757575,0.03882320831092226,0.8344515361603537,0.1176557608078368,6.0,0.4557291666666667,0.8347205716688367,HI-VAE_weibull_diffusion
0.01000912598572415,0.9216382575757575,0.028486908958998743,0.8825389921083702,0.10234476537694219,6.0,0.4661458333333333,0.8207503045399062,HI-VAE_weibull_diffusion
0.011475197616367698,0.9161931818181818,0.04789294027427203,0.8564784156376775,0.15513320514250567,5.0,0.4505208333333333,0.8304760393835299,HI-VAE_weibull_diffusion
0.010440208624045292,0.9211647727272727,0.02822630223591979,0.8332527008193447,0.15590487496666458,3.0,0.3828125,0.8277212609268124,HI-VAE_weibull_diffusion
0.008719101143353296,0.9299242424242423,0.021911623278325645,0.8479875899903242,0.15808211906448114,3.0,0.4791666666666667,0.8335356100009144,HI-VAE_weibull_diffusion
0.008730915558352275,0.9266098484848485,0.024817291247108464,0.8418283015685614,0.1062912578367266,3.0,0.4114583333333333,0.8315296208039883,HI-VAE_weibull_diffusion
0.010047413259984326,0.9249526515151515,0.023825410338997988,0.8401487780845265,0.20261544292731393,3.0,0.4244791666666667,0.8342137173037724,HI-VAE_weibull_diffusion
0.011084180192187612,0.9157196969696969,0.030295339794220163,0.8748959174796497,0.09541360113134272,3.0,0.4244791666666667,0.828698603807711,HI-VAE_weibull_diffusion
0.00991091980232858,0.9254261363636364,0.015472889266605264,0.8490239767068202,0.10844506233827889,3.0,0.4453125,0.8231921290904364,HI-VAE_weibull_diffusion
0.009381152526853767,0.9228219696969698,0.027957173752453664,0.860082023239918,0.15574048861350656,5.0,0.4244791666666667,0.8430457601105932,HI-VAE_weibull_diffusion
0.009991295956453893,0.9254261363636364,0.008782847006410388,0.8558197441656089,0.09130633523158867,6.0,0.4661458333333333,0.8226127392870352,HI-VAE_weibull_diffusion
0.008070756563303918,0.9306344696969696,0.02180813311439137,0.8526258089142573,0.10926949098614942,1.0,0.484375,0.8237095530970284,HI-VAE_weibull_diffusion
0.009774508215298818,0.9268465909090909,0.022659351288148152,0.8386081792438592,0.18128628721727658,6.0,0.484375,0.8204381797351521,HI-VAE_weibull_diffusion
0.008051872944410374,0.9318181818181818,0.012008043812593495,0.8642497625409451,0.21246336998098683,3.0,0.4739583333333333,0.832422940777376,HI-VAE_weibull_diffusion
0.008485230465884636,0.931818181818182,0.012601581862312673,0.8530709891612147,0.14879783809434613,2.0,0.4583333333333333,0.8315647647028432,HI-VAE_weibull_diffusion
0.008286455559601568,0.9287405303030304,0.015184280812463695,0.8638716034478167,0.11630010346146402,4.0,0.4609375,0.8260046626279764,HI-VAE_weibull_diffusion
0.00917762883464922,0.928503787878788,0.015755022470381762,0.875582995268573,0.14839240160030964,3.0,0.4427083333333333,0.824884503955032,HI-VAE_weibull_diffusion
0.010773362861737613,0.918560606060606,0.011801188696403422,0.8722701085653922,0.09387854762053276,5.0,0.3932291666666667,0.8334849937522341,HI-VAE_weibull_diffusion
0.008142906267791171,0.9244791666666665,0.033840729744264046,0.8625063248439873,0.23186199457033455,3.0,0.4296875,0.8268778643931819,HI-VAE_weibull_diffusion
0.011103044684928714,0.9202178030303031,0.025168370726920283,0.8636851869934576,0.10154250924156664,2.0,0.4296875,0.8248212075366095,HI-VAE_weibull_diffusion
0.008172900773372361,0.9299242424242423,0.016780460205469843,0.899101206380769,0.1175237547622749,6.0,0.4427083333333333,0.8322666476340996,HI-VAE_weibull_diffusion
0.010272917258801195,0.9242424242424243,0.024178926791972255,0.8585649483803961,0.1618523649883497,3.0,0.4036458333333333,0.83510370616417,HI-VAE_weibull_diffusion
0.009649356511681716,0.9211647727272727,0.03134502537497671,0.853663527176856,0.15042417140585773,3.0,0.3984375,0.831526723083675,HI-VAE_weibull_diffusion
0.010090491786049986,0.9166666666666667,0.027670656172480407,0.8612919547984482,0.11652830519149986,8.0,0.4427083333333333,0.8275284082271396,HI-VAE_weibull_diffusion
0.010311492933084358,0.9214015151515151,0.03677545780223963,0.8709674126283833,0.0913811839018211,3.0,0.4479166666666667,0.8388952959361519,HI-VAE_weibull_diffusion
0.009120599052285216,0.9273200757575758,0.006128952296521521,0.8639612608853895,0.13247035432279267,2.0,0.4739583333333333,0.8401425940148456,HI-VAE_weibull_diffusion
0.009003198779366294,0.926373106060606,0.01798268136605652,0.8446747032871433,0.1109024337692986,4.0,0.4036458333333333,0.83016750173154,HI-VAE_weibull_diffusion
0.011477056779129212,0.918560606060606,0.025573822733761103,0.8615329646430124,0.14653303614739976,4.0,0.4583333333333333,0.8304546032262391,HI-VAE_weibull_diffusion
0.009871922969874823,0.9256628787878789,0.03369176047902013,0.8782607344808302,0.08280201314116793,1.0,0.4479166666666667,0.8317622931561157,HI-VAE_weibull_diffusion
0.011207060205732082,0.9192708333333333,0.024906962856330317,0.873827129807991,0.0887484739107513,5.0,0.4088541666666667,0.8317701051832749,HI-VAE_weibull_diffusion
0.008984016907025117,0.9289772727272727,0.05054655450782709,0.8820334484380965,0.2103833945624227,3.0,0.4453125,0.8244719587432934,HI-VAE_weibull_diffusion
0.009678555529582912,0.9237689393939394,0.016086727455802897,0.8628005965326541,0.15620814512019246,2.0,0.4401041666666667,0.824378030361448,HI-VAE_weibull_diffusion
0.010388316173569558,0.9228219696969698,0.015019823621747424,0.8733499924545722,0.09891899826351515,3.0,0.4583333333333333,0.8225706730338053,HI-VAE_weibull_diffusion
0.009950778419523338,0.9187973484848485,0.06485669490562407,0.8557265359384294,0.11785170490986419,5.0,0.4427083333333333,0.829810336739319,HI-VAE_weibull_diffusion
0.00886628218192039,0.9240056818181818,0.016410663513483144,0.8640393782567397,0.14251202855695153,4.0,0.4453125,0.8297913954629074,HI-VAE_weibull_diffusion
0.00954977282728395,0.9180871212121212,0.012852894203258322,0.8509596008912481,0.09986350469495926,7.0,0.4635416666666667,0.8330117027501439,HI-VAE_weibull_diffusion
0.008791885066796304,0.9287405303030302,0.028687232730382366,0.8457106461549386,0.2336140821597266,4.0,0.4505208333333333,0.8250058700674872,HI-VAE_weibull_diffusion
0.009015218199095685,0.925189393939394,0.02764862685625418,0.8315740650327117,0.08912633849107816,3.0,0.4192708333333333,0.825298480959414,HI-VAE_weibull_diffusion
0.008389590580419678,0.9296875,0.03134041868306385,0.860556497501132,0.10684719382797436,4.0,0.4348958333333333,0.830132056802314,HI-VAE_weibull_diffusion
0.010052873111561576,0.925189393939394,0.02414567954111613,0.8569462321683785,0.13432092159705153,3.0,0.4479166666666667,0.8256203776121347,HI-VAE_weibull_diffusion
0.007773840071959307,0.9303977272727273,0.024344107769062578,0.8683660153926729,0.18764546405104424,4.0,0.4270833333333333,0.8295522227813878,HI-VAE_weibull_diffusion
0.009204395510279075,0.9237689393939394,0.020960021829607125,0.8440985876734338,0.11359277260186369,5.0,0.4270833333333333,0.8388841593949797,HI-VAE_weibull_diffusion
0.009748302021009627,0.9244791666666665,0.028952510606267738,0.8610234263344312,0.08867361753062686,4.0,0.4713541666666667,0.8325138762202934,HI-VAE_weibull_diffusion
0.011583266827048539,0.9145359848484849,0.015908768798380386,0.8481078729882559,0.10683753102191403,1.0,0.421875,0.8451484980975741,HI-VAE_weibull_diffusion
0.010327327436204512,0.9249526515151515,0.032522396741544876,0.8554238311244463,0.11391878869073897,2.0,0.4505208333333333,0.8254607023966917,HI-VAE_weibull_diffusion
0.00800288624041396,0.9311079545454547,0.04094192324174607,0.8403889002316891,0.12788415385809812,4.0,0.4244791666666667,0.8249294974624167,HI-VAE_weibull_diffusion
0.009266363385933911,0.9244791666666667,0.010226986176995712,0.8684681005938696,0.09164476057762583,5.0,0.4609375,0.833240180784183,HI-VAE_weibull_diffusion
0.009312229643257609,0.9216382575757575,0.010140443151247803,0.8674272753903649,0.10300950984333841,2.0,0.4192708333333333,0.8216449740160535,HI-VAE_weibull_diffusion
0.00948140632629932,0.9306344696969696,0.011238140130789193,0.8691818093048441,0.19289868444536026,5.0,0.4583333333333333,0.8140748404680959,HI-VAE_weibull_diffusion
0.0121144573390142,0.9121685606060606,0.029528398637387984,0.8542884661476595,0.11248546396482152,6.0,0.4895833333333333,0.8345841603910376,HI-VAE_weibull_diffusion
0.010432830340831678,0.9221117424242423,0.015496428300771008,0.8408336366299457,0.08231410651541772,2.0,0.40625,0.826285774133343,HI-VAE_weibull_diffusion
0.008727683698682006,0.9285037878787878,0.01402537750149873,0.846281435584238,0.10344506733363516,5.0,0.4609375,0.8242445658532027,HI-VAE_weibull_diffusion
0.011819503439168592,0.9128787878787878,0.020226486297970653,0.8610633727175079,0.12289463581029823,5.0,0.3984375,0.8249204313778175,HI-VAE_weibull_diffusion
0.009615686743930194,0.9230587121212122,0.008356396938899708,0.842095054637775,0.10837392840478044,4.0,0.4661458333333333,0.8306335936316571,HI-VAE_weibull_diffusion
0.011743898421639358,0.9154829545454546,0.036624908863419015,0.8503643997834018,0.08858633513329273,3.0,0.4635416666666667,0.8314711714679233,HI-VAE_weibull_diffusion
0.011648602969232176,0.9086174242424243,0.026325269130227133,0.8614637242456791,0.12295661501775335,3.0,0.3984375,0.8243484511871909,HI-VAE_weibull_diffusion
0.011727828470915441,0.9124053030303029,0.008972192248233953,0.8461123292292123,0.12434464763878045,2.0,0.4270833333333333,0.8279831897568856,HI-VAE_weibull_diffusion
0.01017680949940961,0.9235321969696971,0.02700718050809972,0.8763353188165219,0.08579563238052439,3.0,0.46875,0.8398062147046825,HI-VAE_weibull_diffusion
0.008119326318751832,0.9292140151515151,0.013089415452935764,0.8784205200131379,0.2419170642222331,1.0,0.453125,0.8267938369668746,HI-VAE_weibull_diffusion
0.008849975779479739,0.9322916666666667,0.02616585207116313,0.8360169905282687,0.09002026552853444,4.0,0.4739583333333333,0.8313242011437995,HI-VAE_weibull_diffusion
0.010156838309311467,0.917376893939394,0.02986296258152365,0.8578090740428402,0.16524184050616889,2.0,0.421875,0.8188082031254842,HI-VAE_weibull_diffusion
0.00810258697992245,0.9266098484848485,0.012874320111092083,0.8448358203655539,0.08249548362947476,3.0,0.4557291666666667,0.824497600102541,HI-VAE_weibull_diffusion
0.010788548042539097,0.9159564393939394,0.02752418130533466,0.8485206522800507,0.11029507716213345,3.0,0.4453125,0.8289818166315933,HI-VAE_weibull_diffusion
0.009739360896841643,0.9218750000000001,0.01722030051808208,0.8622772989143461,0.12380038425043678,7.0,0.4557291666666667,0.8280067923196304,HI-VAE_weibull_diffusion
0.009153041645389055,0.9263731060606062,0.02227582628977156,0.8529884333028559,0.11754079336778578,4.0,0.4166666666666667,0.8234782088208908,HI-VAE_weibull_diffusion
0.009827262982369496,0.9235321969696969,0.01636737593539975,0.8783787982352577,0.0980007523318836,2.0,0.4114583333333333,0.8296745532263191,HI-VAE_weibull_diffusion
0.009215204650009268,0.9225852272727273,0.02426772732414083,0.8712230694800756,0.16476504209728007,1.0,0.421875,0.8394787382128038,HI-VAE_weibull_diffusion
0.009484225316230322,0.9277935606060607,0.03016743455145251,0.8769615893334282,0.12208359300340454,6.0,0.4296875,0.8118931336447041,HI-VAE_weibull_diffusion
0.011138585414930164,0.9202178030303031,0.03942484767724107,0.8442592609031433,0.20020181633812814,1.0,0.4348958333333333,0.8262366343451054,HI-VAE_weibull_diffusion
0.009395467639128185,0.9256628787878789,0.022680241106584897,0.8604255621343796,0.08575504283100509,5.0,0.4817708333333333,0.8324705820957337,HI-VAE_weibull_diffusion
0.009326432156544289,0.9211647727272729,0.02673331987366627,0.8704791790574428,0.11496986035441954,3.0,0.4192708333333333,0.8314399785150396,HI-VAE_weibull_diffusion
0.009706950324545492,0.9190340909090909,0.05167993299408846,0.8541402206815739,0.09580587617519215,5.0,0.4088541666666667,0.8327390007587914,HI-VAE_weibull_diffusion
0.009688735011258677,0.9204545454545454,0.03471580335636717,0.8555787343210447,0.0811385080612848,6.0,0.4791666666666667,0.8251258985393611,HI-VAE_weibull_diffusion
0.009285691838997915,0.9256628787878788,0.010700806182771768,0.8576581654845497,0.09414366475091296,4.0,0.4401041666666667,0.8316708243863644,HI-VAE_weibull_diffusion
0.00831378450638584,0.9294507575757577,0.011115738987693174,0.8642874896805177,0.20089270550564584,2.0,0.3723958333333333,0.8315956729436287,HI-VAE_weibull_diffusion
0.009507741386079504,0.9258996212121212,0.03576016221203661,0.8624899024420556,0.12839848270238627,4.0,0.4609375,0.8281756769220364,HI-VAE_weibull_diffusion
0.00965607296706601,0.9242424242424243,0.006110830114932769,0.8213588871825372,0.23073383233580494,6.0,0.4921875,0.821525656727595,HI-VAE_piecewise_diffusion
0.008257096317280783,0.9282670454545454,0.005009818239722084,0.8365806783783544,0.11214678456375915,9.0,0.4817708333333333,0.8132424930063146,HI-VAE_piecewise_diffusion
0.00926247006582309,0.9299242424242423,0.007142133416933236,0.8567509387400024,0.10070956580780044,6.0,0.4713541666666667,0.8156117147700659,HI-VAE_piecewise_diffusion
0.009420219899122537,0.9240056818181818,0.017011755632280395,0.8488770627868373,0.1239283480327681,10.0,0.4947916666666667,0.8283548321592361,HI-VAE_piecewise_diffusion
0.010139861050688322,0.9133522727272727,0.007874452865392198,0.8584189221578148,0.11821369754565621,6.0,0.4322916666666667,0.8086462637202881,HI-VAE_piecewise_diffusion
0.008259477902839103,0.9282670454545454,0.007231125199467951,0.8345332043213108,0.12140264023201465,4.0,0.4713541666666667,0.8189980423563674,HI-VAE_piecewise_diffusion
0.008872001554265657,0.9282670454545454,0.004882111128634894,0.8143252168200904,0.11576274340913699,5.0,0.4713541666666667,0.8185303879422609,HI-VAE_piecewise_diffusion
0.00958508395707272,0.9214015151515151,0.004008264313802301,0.8502654215231111,0.15887084852686115,5.0,0.4479166666666667,0.8062878008358659,HI-VAE_piecewise_diffusion
0.009446560856098674,0.9270833333333333,0.008306262201425356,0.8399894364009197,0.11861741951063513,8.0,0.4713541666666667,0.8136494582737958,HI-VAE_piecewise_diffusion
0.010116699479486162,0.923058712121212,0.010775293700952527,0.8400205058099794,0.17585088706400512,7.0,0.4947916666666667,0.7996897952732154,HI-VAE_piecewise_diffusion
0.010241122866293766,0.9235321969696969,0.0061469498690802865,0.8530585613975907,0.09032965176056755,6.0,0.4765625,0.8246518673536886,HI-VAE_piecewise_diffusion
0.008968943619729282,0.9235321969696971,0.007370337179485999,0.8261742017381115,0.14198657986542232,7.0,0.4661458333333333,0.8118929503373972,HI-VAE_piecewise_diffusion
0.009835024353239987,0.9211647727272727,0.01339844471844693,0.8375424985131069,0.13937216212274814,4.0,0.4895833333333333,0.8222917948962475,HI-VAE_piecewise_diffusion
0.009066563540670723,0.9247159090909091,0.00545114649422215,0.8379197699088335,0.09186938950290935,4.0,0.4739583333333333,0.8112142666065941,HI-VAE_piecewise_diffusion
0.010088781177938504,0.9147727272727274,0.008296813335594184,0.8116084189221577,0.1733575840493251,1.0,0.4609375,0.8275127573457507,HI-VAE_piecewise_diffusion
0.009557380264162285,0.9261363636363636,0.007070712614138521,0.8507842806544105,0.10095321983068213,8.0,0.4166666666666667,0.8273523965276265,HI-VAE_piecewise_diffusion
0.009423325525829888,0.9237689393939393,0.01767996354868351,0.8278581637091549,0.10595149367646894,9.0,0.4739583333333333,0.8073617972012834,HI-VAE_piecewise_diffusion
0.008997119604951101,0.9296875,0.00747358601210419,0.8287875828887449,0.19992606861831397,6.0,0.4609375,0.8105852408061699,HI-VAE_piecewise_diffusion
0.010088942194129934,0.9211647727272727,0.021643097705063515,0.8323059715404213,0.16684876020698258,6.0,0.4869791666666667,0.8155962169898359,HI-VAE_piecewise_diffusion
0.010743593926637473,0.9178503787878788,0.0065458448409011286,0.8275035285971718,0.07882689072690373,4.0,0.4635416666666667,0.8152257955427671,HI-VAE_piecewise_diffusion
0.009444679979958041,0.9235321969696969,0.005701094286443849,0.8284853219234627,0.1496733314914707,7.0,0.4869791666666667,0.8171833115944566,HI-VAE_piecewise_diffusion
0.00966840717898674,0.9240056818181818,0.0068272842556769365,0.8517243522028212,0.09991132787701335,8.0,0.4348958333333333,0.8181656995544542,HI-VAE_piecewise_diffusion
0.011055725310366414,0.9147727272727273,0.031176148908647592,0.8598281417830289,0.11999637090886735,5.0,0.4947916666666667,0.8139934557516418,HI-VAE_piecewise_diffusion
0.008211801118707663,0.9360795454545453,0.008351200506176567,0.8258244489618379,0.10799036959015602,5.0,0.46875,0.821948448008684,HI-VAE_piecewise_diffusion
0.010352519893810834,0.9232954545454546,0.018090993623211857,0.8482130651303583,0.19709204244701795,6.0,0.4895833333333333,0.8205530124106247,HI-VAE_piecewise_diffusion
0.009239820259610494,0.9244791666666667,0.010261864561681499,0.8363192514935507,0.1643114244539303,8.0,0.4375,0.8139575526582393,HI-VAE_piecewise_diffusion
0.009908879668968517,0.9237689393939394,0.007394783852935088,0.8528481771133857,0.10825245489480867,7.0,0.4583333333333333,0.8250755391453163,HI-VAE_piecewise_diffusion
0.010230611309262465,0.9211647727272729,0.023562408342895795,0.8511384719176928,0.09953288482521928,7.0,0.4583333333333333,0.8104346474296701,HI-VAE_piecewise_diffusion
0.009032245567943336,0.9282670454545453,0.016353721631533653,0.8416711791284588,0.14622879848292092,7.0,0.4348958333333333,0.8105595096222002,HI-VAE_piecewise_diffusion
0.010109160238665737,0.9225852272727274,0.013761828166878086,0.8287733797303176,0.11246641506939765,5.0,0.4401041666666667,0.8253809775282653,HI-VAE_piecewise_diffusion
0.007990535938211292,0.9287405303030304,0.009839224553902064,0.8413449503333303,0.17372283399332558,9.0,0.484375,0.8172370189554111,HI-VAE_piecewise_diffusion
0.01011799441806892,0.9202178030303031,0.021198489371546652,0.854146434563386,0.08309914560121713,5.0,0.453125,0.8185046995351459,HI-VAE_piecewise_diffusion
0.008019075488692136,0.9292140151515151,0.007533086521474195,0.8273299837551376,0.10232780551131256,4.0,0.4453125,0.8208141885717903,HI-VAE_piecewise_diffusion
0.01090150583824549,0.9195075757575758,0.009478063549777926,0.8296419916378905,0.13848751227676656,6.0,0.5026041666666666,0.8229383338816856,HI-VAE_piecewise_diffusion
0.00935695150020599,0.9216382575757577,0.006308437058199008,0.839416427728116,0.118507455590937,5.0,0.4479166666666667,0.8244198144059777,HI-VAE_piecewise_diffusion
0.010244652206375411,0.9204545454545454,0.014891352731663726,0.8476755643536231,0.10454105667476409,8.0,0.4713541666666667,0.8309356809808107,HI-VAE_piecewise_diffusion
0.009531774821415227,0.9232954545454546,0.019889034296138978,0.8329570975845753,0.10536991500815318,4.0,0.4296875,0.801255782740091,HI-VAE_piecewise_diffusion
0.009399298217184163,0.923058712121212,0.022696155511631295,0.8378731657952436,0.10051107587678954,5.0,0.484375,0.8248876304973434,HI-VAE_piecewise_diffusion
0.009165024053743405,0.920691287878788,0.015432028613422338,0.809482827493764,0.19651401447243502,7.0,0.4635416666666667,0.8259769802270752,HI-VAE_piecewise_diffusion
0.009405383539990207,0.9258996212121212,0.01489267512007708,0.8284484824812918,0.12874476026935247,8.0,0.4583333333333333,0.818555418627646,HI-VAE_piecewise_diffusion
0.009338419532950845,0.9308712121212122,0.010424773074149272,0.8273069036226932,0.1766578651606979,3.0,0.40625,0.8167867076087292,HI-VAE_piecewise_diffusion
0.00840174766967361,0.9337121212121212,0.017115586449351333,0.8067966551561903,0.1609692968568808,4.0,0.4479166666666667,0.8133317667435818,HI-VAE_piecewise_diffusion
0.009327693856874356,0.9225852272727273,0.014674570312369954,0.862935082689013,0.0835590070798214,2.0,0.4869791666666667,0.8217937196210786,HI-VAE_piecewise_diffusion
0.010031119786083896,0.9244791666666667,0.021325895222095017,0.8226930963773069,0.11433830895657693,3.0,0.4505208333333333,0.8211516836053886,HI-VAE_piecewise_diffusion
0.010434110418976865,0.921875,0.015172744520416866,0.8200375496000923,0.14818949610892648,5.0,0.4244791666666667,0.8268689721869603,HI-VAE_piecewise_diffusion
0.010713928313965004,0.9171401515151516,0.01096232970153757,0.815473009560501,0.09479932164795506,5.0,0.4583333333333333,0.8180781973666136,HI-VAE_piecewise_diffusion
0.009216506863812495,0.9270833333333335,0.014802914306129155,0.8537483022787192,0.13501867626659744,5.0,0.4427083333333333,0.823496805282623,HI-VAE_piecewise_diffusion
0.009248894057390858,0.9244791666666665,0.008820395147368999,0.856901403449592,0.18409657573670102,2.0,0.4427083333333333,0.8214844670002877,HI-VAE_piecewise_diffusion
0.008559168169636184,0.9292140151515152,0.007974575560137712,0.8499369734844787,0.08796974386172918,5.0,0.4348958333333333,0.823154721695691,HI-VAE_piecewise_diffusion
0.00992339275170011,0.920691287878788,0.008267786487020857,0.8086878944705329,0.1631875088560753,5.0,0.4713541666666667,0.8271711456842104,HI-VAE_piecewise_diffusion
0.01123644175899481,0.9124053030303029,0.00801480458303276,0.8601570336703626,0.20962594861932823,4.0,0.4713541666666667,0.8195484320209582,HI-VAE_piecewise_diffusion
0.009998605296321225,0.9230587121212122,0.02713753733124039,0.8346867759718066,0.11182829049979572,6.0,0.4791666666666667,0.8210113140318731,HI-VAE_piecewise_diffusion
0.007227859832830546,0.9327651515151515,0.005927375685734003,0.8417634996582365,0.2016394402651076,4.0,0.4505208333333333,0.8222255914544676,HI-VAE_piecewise_diffusion
0.010127131952144213,0.9228219696969696,0.013573732001440617,0.8589510967501399,0.2207197953544026,7.0,0.5104166666666666,0.8225879081463445,HI-VAE_piecewise_diffusion
0.010617000887301505,0.9214015151515151,0.021402199352290013,0.8415508961305269,0.09249094535430462,6.0,0.4192708333333333,0.8144613285945701,HI-VAE_piecewise_diffusion
0.008365762682971447,0.9237689393939394,0.00922364311689874,0.8520181800427871,0.09805621493524236,6.0,0.4505208333333333,0.8200489428957907,HI-VAE_piecewise_diffusion
0.010653557428654844,0.9178503787878788,0.028434410650226907,0.8405624450737232,0.1083606987767905,4.0,0.4479166666666667,0.8079445751627606,HI-VAE_piecewise_diffusion
0.009328868041095739,0.9230587121212122,0.009332680983317188,0.8478455584060505,0.09123547033194268,5.0,0.4583333333333333,0.8239251474852066,HI-VAE_piecewise_diffusion
0.009393770724549754,0.9247159090909093,0.0041651533551367356,0.8686789287267755,0.10738627489194201,4.0,0.4557291666666667,0.8225232209888692,HI-VAE_piecewise_diffusion
0.008152876564013147,0.9240056818181817,0.007244665098795178,0.8409508126869714,0.18817820041825725,4.0,0.4583333333333333,0.8216241923063073,HI-VAE_piecewise_diffusion
0.009576177558456396,0.9263731060606062,0.014675767357608118,0.8663425091654757,0.10249519071082798,4.0,0.4661458333333333,0.813818638466421,HI-VAE_piecewise_diffusion
0.008861697975643115,0.9258996212121212,0.0055150802511764845,0.814763295487834,0.16235260508766006,5.0,0.4244791666666667,0.8234785984644072,HI-VAE_piecewise_diffusion
0.009702441414163161,0.9204545454545454,0.005895498372599193,0.8353654206354137,0.18199852025774613,5.0,0.4557291666666667,0.8135599918112453,HI-VAE_piecewise_diffusion
0.009994978992037037,0.9254261363636364,0.01867639475327115,0.8060350107855235,0.11955320314374479,9.0,0.4583333333333333,0.8236372431921568,HI-VAE_piecewise_diffusion
0.009954147149184647,0.9166666666666667,0.009073797308358998,0.8444754152204595,0.12717169940107517,2.0,0.40625,0.8054330942910986,HI-VAE_piecewise_diffusion
0.0085874771087818,0.9254261363636364,0.008757324923978039,0.8480128893662728,0.10625292757739391,1.0,0.4557291666666667,0.8213767523814405,HI-VAE_piecewise_diffusion
0.00936810706469319,0.9244791666666667,0.009538295559382178,0.8125214156998162,0.12289460233028641,4.0,0.484375,0.8124564944802118,HI-VAE_piecewise_diffusion
0.00884085159657839,0.9318181818181818,0.00553443749473255,0.8351093199350206,0.1749264141327408,5.0,0.4479166666666667,0.8068641864644394,HI-VAE_piecewise_diffusion
0.008996315462747585,0.9263731060606062,0.012871799799922172,0.8326952268510709,0.11038117164418049,8.0,0.4505208333333333,0.8192744247952363,HI-VAE_piecewise_diffusion
0.009922022476242619,0.9183238636363638,0.006653302517525804,0.8334795075054815,0.0832376374723713,3.0,0.4635416666666667,0.8237069455331086,HI-VAE_piecewise_diffusion
0.011017184314665944,0.9166666666666667,0.007765880688631822,0.8467048672448534,0.14592733166719,7.0,0.4505208333333333,0.8156880105003931,HI-VAE_piecewise_diffusion
0.009225895429607538,0.925189393939394,0.007040565034656908,0.8157317733530995,0.12541962748786986,6.0,0.4921875,0.8255514998159642,HI-VAE_piecewise_diffusion
0.009340706568200843,0.9287405303030302,0.015304685577675366,0.8555671942548224,0.09558572983692572,9.0,0.4557291666666667,0.8259974290859206,HI-VAE_piecewise_diffusion
0.009561240777533111,0.9258996212121211,0.006764148180339721,0.8582143079067206,0.13096718079143385,9.0,0.46875,0.8176092472241799,HI-VAE_piecewise_diffusion
0.009456588605873078,0.927556818181818,0.007222934517340016,0.8493963657668374,0.08520468761290834,6.0,0.4869791666666667,0.8180945619043655,HI-VAE_piecewise_diffusion
0.008202857863288067,0.9308712121212122,0.008821822289431841,0.8551410995020017,0.09968115082750856,4.0,0.4791666666666667,0.8191738596848619,HI-VAE_piecewise_diffusion
0.007701864136551648,0.9311079545454546,0.00534791458809856,0.8450453169523572,0.15028983290969597,7.0,0.4817708333333333,0.8089059394894816,HI-VAE_piecewise_diffusion
0.009121617988212373,0.9266098484848485,0.019889579098535757,0.8565733992596604,0.10798825204002656,3.0,0.4635416666666667,0.8267599944530375,HI-VAE_piecewise_diffusion
0.008756670510654478,0.9244791666666665,0.007167722670697256,0.8517452130917613,0.16184541266309682,7.0,0.4609375,0.81509131816819,HI-VAE_piecewise_diffusion
0.009416936541066156,0.9209280303030302,0.013491164262549416,0.845526005095383,0.15031326125474015,4.0,0.453125,0.8125003183881223,HI-VAE_piecewise_diffusion
0.007863598560451941,0.9351325757575758,0.006866584328685994,0.8480168840045806,0.15387676844540246,6.0,0.4479166666666667,0.8114451303844653,HI-VAE_piecewise_diffusion
0.009211705019318032,0.9263731060606062,0.011858952413410789,0.8179931824839549,0.17581874221534677,5.0,0.4505208333333333,0.8167683547631482,HI-VAE_piecewise_diffusion
0.008553373918183654,0.9280303030303029,0.004707399488193936,0.8317063319455664,0.16733900028124557,4.0,0.4739583333333333,0.8129889874971488,HI-VAE_piecewise_diffusion
0.009142006668155345,0.9270833333333333,0.009952093195962436,0.8512032738280174,0.1327560675087643,6.0,0.4739583333333333,0.8164800844382555,HI-VAE_piecewise_diffusion
0.009130252596113886,0.9258996212121212,0.010420239818735078,0.8207627983772892,0.19115343161610202,8.0,0.4817708333333333,0.8174016755122161,HI-VAE_piecewise_diffusion
0.009251567262059005,0.9294507575757577,0.017337768243546627,0.8277494207774453,0.07871587413461704,7.0,0.4765625,0.8169730257045666,HI-VAE_piecewise_diffusion
0.007780956268290137,0.9311079545454546,0.0068296282992932715,0.8222190659647939,0.0946988747411605,6.0,0.4270833333333333,0.8138241450894584,HI-VAE_piecewise_diffusion
0.009617793575851035,0.9197443181818182,0.006103537850410782,0.8518490736877613,0.13710615069358476,6.0,0.4791666666666667,0.8140840782209895,HI-VAE_piecewise_diffusion
0.008919283916051268,0.9313446969696969,0.010404241575018926,0.8492192701351964,0.08134903749025142,7.0,0.4739583333333333,0.8219063213217007,HI-VAE_piecewise_diffusion
0.009911481170607132,0.9199810606060606,0.008864344225055151,0.8491664521397946,0.13732234275250582,6.0,0.4765625,0.8125248208187374,HI-VAE_piecewise_diffusion
0.010575471644526147,0.9171401515151516,0.022483045630458796,0.8166176953600057,0.1067146830963846,7.0,0.46875,0.8283349730910905,HI-VAE_piecewise_diffusion
0.010768400317085135,0.9131155303030302,0.018060984865149392,0.8325132488837206,0.092028510505897,7.0,0.5,0.8183287475207706,HI-VAE_piecewise_diffusion
0.008767879991077173,0.9214015151515151,0.009462451879994517,0.8314346965406431,0.09175469647307936,6.0,0.4557291666666667,0.816217850456223,HI-VAE_piecewise_diffusion
0.010337146038158121,0.9183238636363636,0.007918443145629665,0.835101774507106,0.11616464266912956,4.0,0.453125,0.8093029700820735,HI-VAE_piecewise_diffusion
0.009148867735281958,0.9285037878787878,0.008095816955339667,0.8406716318541335,0.09805176899191835,6.0,0.484375,0.8143310199287703,HI-VAE_piecewise_diffusion
0.011062328765358292,0.9114583333333333,0.018286741561090985,0.8430843933919805,0.16634016093446025,5.0,0.4479166666666667,0.8216065530020039,HI-VAE_piecewise_diffusion
0.011345127980144303,0.918560606060606,0.010968614100500769,0.8283907821501806,0.11238574249600876,9.0,0.4375,0.8216449795593407,HI-VAE_piecewise_diffusion
0.008581001276406682,0.9296875,0.01194146677345098,0.8176163549369292,0.09145600004025127,4.0,0.4270833333333333,0.8114967099652823,HI-VAE_piecewise_diffusion
0.009530727952098868,0.9195075757575757,0.013526141842129236,0.8437146585471945,0.09116219864283047,4.0,0.4296875,0.8066534235465682,HI-VAE_piecewise_diffusion
0.008235186191135613,0.9280303030303031,0.019058854437052887,0.8533062289726677,0.1253485485276962,7.0,0.4765625,0.8226707616331391,HI-VAE_piecewise_diffusion
0.008962715907283104,0.9254261363636364,0.027048397503813108,0.8230645977399224,0.09594094333020962,4.0,0.453125,0.8217320864164083,HI-VAE_piecewise_diffusion
0.009523885952775986,0.9285037878787878,0.015457981278105468,0.8519169825389922,0.08646966646727877,7.0,0.4609375,0.8140786321161463,HI-VAE_piecewise_diffusion
0.009763462179314834,0.9169034090909091,0.006065740731476089,0.8369779229656196,0.16881105624577866,5.0,0.4427083333333333,0.8153736720526292,HI-VAE_piecewise_diffusion
0.009559913817241222,0.9256628787878788,0.017200073090716805,0.840719123665125,0.09679602923124435,7.0,0.4375,0.8229756359660996,HI-VAE_piecewise_diffusion
0.010155146580234004,0.9171401515151515,0.03401493861616724,0.8330019263033617,0.09482876425104729,7.0,0.4557291666666667,0.8235543142450983,HI-VAE_piecewise_diffusion
0.011204564073526104,0.921875,0.016825418968996576,0.8399259660366974,0.14068091069627217,7.0,0.46875,0.8218164935028939,HI-VAE_piecewise_diffusion
0.009789044809312709,0.920691287878788,0.009261025283080843,0.8603066106825505,0.10283178918236986,6.0,0.5104166666666666,0.8292611775720459,HI-VAE_piecewise_diffusion
0.010243122590313292,0.9195075757575758,0.007355985531944644,0.8615249753663973,0.17984663604098297,4.0,0.4583333333333333,0.8157648972172787,HI-VAE_piecewise_diffusion
0.008903683376313355,0.9275568181818183,0.008783129030141158,0.8376752092746624,0.17137636067448844,6.0,0.4635416666666667,0.8134850894741067,HI-VAE_piecewise_diffusion
0.010493707959213526,0.918560606060606,0.020867011534952934,0.845043097708853,0.1951135477327285,7.0,0.4348958333333333,0.8153725200865379,HI-VAE_piecewise_diffusion
0.009854899125334724,0.9240056818181818,0.007737842780601154,0.8626732119555086,0.20603688263009454,5.0,0.4296875,0.8176122806817305,HI-VAE_piecewise_diffusion
0.009556620214055341,0.9204545454545454,0.006057489637091589,0.8308102014185405,0.09544365108572082,4.0,0.4453125,0.8206953132517588,HI-VAE_piecewise_diffusion
0.012349143585208914,0.9083806818181818,0.011624888726286316,0.8218506715430843,0.14638534347043236,9.0,0.4322916666666667,0.8194231036510976,HI-VAE_piecewise_diffusion
0.008811769772399001,0.9270833333333333,0.008344898987062295,0.8551135808825489,0.0840771439654676,5.0,0.4817708333333333,0.8197251428388973,HI-VAE_piecewise_diffusion
0.007547464494654682,0.9303977272727273,0.01328529244064569,0.8554730983302411,0.10349214848504067,6.0,0.4791666666666667,0.8175811949839756,HI-VAE_piecewise_diffusion
0.009218707677848005,0.9266098484848485,0.011652297585354071,0.8296424354865912,0.12645321190803085,6.0,0.46875,0.8138802593324593,HI-VAE_piecewise_diffusion
0.009473938736237681,0.9195075757575758,0.011807472535597226,0.8454421176909215,0.14892572220720746,7.0,0.4427083333333333,0.8147870951015366,HI-VAE_piecewise_diffusion
0.009661831713585471,0.9242424242424242,0.008286547284177668,0.8156372335798172,0.10032202819384495,7.0,0.4375,0.8121664868249165,HI-VAE_piecewise_diffusion
0.009815449691413668,0.9197443181818183,0.006600319542785777,0.861406023914568,0.13765923332885782,8.0,0.4947916666666667,0.8118960642099177,HI-VAE_piecewise_diffusion
0.009546845120153911,0.9240056818181817,0.0073757534549089175,0.8326841306335495,0.11861221615055532,5.0,0.4166666666666667,0.8229369609532723,HI-VAE_piecewise_diffusion
0.009170481643799333,0.9249526515151515,0.015600165972755927,0.8525197290747529,0.19023565524263644,4.0,0.4661458333333333,0.8232575084543918,HI-VAE_piecewise_diffusion
0.009136720946335705,0.9235321969696969,0.015033797284672724,0.8384262012765088,0.13189868288419865,7.0,0.4453125,0.8136537931876333,HI-VAE_piecewise_diffusion
0.008213987685979605,0.9318181818181818,0.006471721940010482,0.8353689714250206,0.19635709251709163,8.0,0.4895833333333333,0.8073064877433436,HI-VAE_piecewise_diffusion
0.008743211392267736,0.9268465909090907,0.006195173201204347,0.847810938207384,0.12310388811933275,6.0,0.4557291666666667,0.8183672163381995,HI-VAE_piecewise_diffusion
0.009663304119437156,0.9197443181818182,0.006132307966532638,0.8562556035898483,0.1675778193329783,3.0,0.4270833333333333,0.8295281624389403,HI-VAE_piecewise_diffusion
0.009217015608129998,0.9190340909090909,0.012962025222561761,0.8352602284933113,0.12973560670281606,6.0,0.4192708333333333,0.8069738014770824,HI-VAE_piecewise_diffusion
0.010437639494967838,0.9199810606060606,0.007494813094876852,0.8294635644601469,0.19946893629344928,5.0,0.4322916666666667,0.8170939113640616,HI-VAE_piecewise_diffusion
0.008440722811193927,0.9244791666666667,0.008615040779207501,0.8455575183531436,0.12088590913332813,5.0,0.4895833333333333,0.8175091594732212,HI-VAE_piecewise_diffusion
0.00906327487438268,0.9256628787878788,0.01085337366910859,0.8382855012383379,0.14553371207966892,5.0,0.4296875,0.8189441181980807,HI-VAE_piecewise_diffusion
0.009018507791217996,0.9235321969696969,0.003669259676676399,0.8294369335380954,0.09854464476203854,4.0,0.4635416666666667,0.820615762956456,HI-VAE_piecewise_diffusion
0.0077992151345287,0.9356060606060606,0.013427552618662061,0.8457119777010412,0.09265296909239888,7.0,0.46875,0.8199760338360118,HI-VAE_piecewise_diffusion
0.00913718794728201,0.9367897727272727,0.010038791789890223,0.8244684911807264,0.0839625759257886,5.0,0.4713541666666667,0.8217425645723239,HI-VAE_piecewise_diffusion
0.008970557395855385,0.9228219696969696,0.006916086334646355,0.862222705524141,0.0824461327924791,4.0,0.4583333333333333,0.8101093818575329,HI-VAE_piecewise_diffusion
0.009182750129530006,0.9242424242424242,0.009373751802830002,0.8265523608312397,0.10167975866619805,6.0,0.4401041666666667,0.8296802487984345,HI-VAE_piecewise_diffusion
0.00921981200959108,0.9240056818181818,0.007667934284481799,0.8317449467825406,0.09638558907469545,2.0,0.4739583333333333,0.8206382605206838,HI-VAE_piecewise_diffusion
0.009906344120243486,0.9240056818181818,0.0197833253345878,0.8496990705808203,0.1780367366810244,8.0,0.453125,0.8165761693703065,HI-VAE_piecewise_diffusion
0.00866906914548867,0.9289772727272726,0.003379613055615864,0.8585556275576781,0.09651546753556313,4.0,0.4427083333333333,0.8307570427305583,HI-VAE_piecewise_diffusion
0.008549683097187101,0.9258996212121212,0.011391871235503243,0.8168072187552706,0.20265052980278686,6.0,0.4661458333333333,0.8079494952429989,HI-VAE_piecewise_diffusion
0.00910870397468873,0.9223484848484849,0.009094729233900416,0.8536746233943774,0.11302476377689608,6.0,0.4739583333333333,0.8161295561385986,HI-VAE_piecewise_diffusion
0.009670683742898478,0.9249526515151515,0.015831266538711777,0.8170513355407408,0.1025670297798637,4.0,0.46875,0.8226566566855631,HI-VAE_piecewise_diffusion
0.009526687458358935,0.9242424242424243,0.008782068944861707,0.8363538716922175,0.15250657443429105,9.0,0.4427083333333333,0.8280855968923158,HI-VAE_piecewise_diffusion
0.010667857890145314,0.9178503787878788,0.008956063984845669,0.8395007589812785,0.15072477821607197,8.0,0.4609375,0.8127450795758122,HI-VAE_piecewise_diffusion
0.008924704916623139,0.9270833333333335,0.007032050678197154,0.8371248368856025,0.09845337576468606,6.0,0.4322916666666667,0.8321425343228881,HI-VAE_piecewise_diffusion
0.008092936276777409,0.9282670454545456,0.006731905287655686,0.8271520004260948,0.10214800179862187,6.0,0.4609375,0.8051623701461088,HI-VAE_piecewise_diffusion
0.01093270430000776,0.9161931818181817,0.006759524270838989,0.8416010510337237,0.1114753718964243,6.0,0.4401041666666667,0.8088753510444712,HI-VAE_piecewise_diffusion
0.010398798853749593,0.9133522727272727,0.008971709761904357,0.8496200655120681,0.18572579605657694,4.0,0.4609375,0.8188473840859543,HI-VAE_piecewise_diffusion
0.008821430879548937,0.9266098484848484,0.007786628298549642,0.8386365855607141,0.12364034056297978,5.0,0.4713541666666667,0.8151700467400189,HI-VAE_piecewise_diffusion
0.009644864856438633,0.9266098484848485,0.008011066100227435,0.8569511145040879,0.1104946422571708,4.0,0.4765625,0.8125485152834546,HI-VAE_piecewise_diffusion
0.009939423784534662,0.9209280303030304,0.007634280141380523,0.8521153829082742,0.08952489204614507,3.0,0.4635416666666667,0.8214304854749646,HI-VAE_piecewise_diffusion
0.010304821963422547,0.9209280303030304,0.015450863907585486,0.8389832313960817,0.09755596543227946,6.0,0.4609375,0.818994653438083,HI-VAE_piecewise_diffusion
0.008371576680858073,0.9308712121212122,0.010404325091632471,0.8472774320689563,0.0889218570115506,4.0,0.4739583333333333,0.8218401687751431,HI-VAE_piecewise_diffusion
0.008496168699852365,0.9289772727272726,0.00936592373199737,0.8282407612892918,0.2519113225542228,7.0,0.4583333333333333,0.8141233107319535,HI-VAE_piecewise_diffusion
0.00976193125969718,0.9211647727272727,0.010621859612896,0.8480830174610079,0.17650772825726047,5.0,0.4192708333333333,0.820728470814215,HI-VAE_piecewise_diffusion
0.00969951571151156,0.9251893939393938,0.013527462821536393,0.8453178400546821,0.10326692578265699,6.0,0.4869791666666667,0.816799028339824,HI-VAE_piecewise_diffusion
0.008815486501956356,0.9275568181818183,0.017311993473983326,0.8368696238826109,0.10009227708529918,6.0,0.4583333333333333,0.8089940143237627,HI-VAE_piecewise_diffusion
0.010209996612607457,0.918560606060606,0.0242319717271569,0.8492352486884271,0.08586617942890906,2.0,0.4453125,0.8033208134355828,HI-VAE_piecewise_diffusion
0.008145646156817848,0.9299242424242423,0.00458128122736623,0.837006773131175,0.13572328623754443,8.0,0.4453125,0.8312562715660087,HI-VAE_piecewise_diffusion
0.008728103998918825,0.9277935606060607,0.008581878683240984,0.8485650371501364,0.1012336453391433,5.0,0.4375,0.8138636774377774,HI-VAE_piecewise_diffusion
0.010447472304201904,0.9214015151515151,0.014575178672522057,0.8364009196545081,0.1089501148302156,8.0,0.4166666666666667,0.817317416967133,HI-VAE_piecewise_diffusion
0.010642233346272255,0.9159564393939394,0.009810258426238967,0.8405531242510053,0.09872406349162706,4.0,0.4921875,0.8099953176050965,HI-VAE_piecewise_diffusion
0.009826938440657268,0.9211647727272727,0.00343224694547605,0.8307036777303353,0.1761733795511857,6.0,0.4557291666666667,0.8202389756422039,HI-VAE_piecewise_diffusion
0.009233301770266735,0.9171401515151515,0.011684771865102049,0.8455717215115712,0.08450400294308384,3.0,0.4869791666666667,0.8199256118605809,HI-VAE_piecewise_diffusion
0.009374911170270315,0.926373106060606,0.009809431091703782,0.8096053297351998,0.10973100943743778,5.0,0.4479166666666667,0.817532285553023,HI-VAE_piecewise_diffusion
0.0086471621893867,0.9282670454545454,0.017107255124853508,0.8457106461549386,0.13816466032571836,4.0,0.4921875,0.8236230194098163,HI-VAE_piecewise_diffusion
0.009807907913649293,0.9199810606060606,0.006647887953015584,0.8482454660855208,0.09371549385601848,7.0,0.4661458333333333,0.8197117513491721,HI-VAE_piecewise_diffusion
0.008806302095597598,0.9306344696969698,0.008763279240227682,0.8476591419516917,0.1144720232623741,3.0,0.4427083333333333,0.8182268213766356,HI-VAE_piecewise_diffusion
0.008151693232424291,0.9351325757575758,0.007494365289061981,0.8558947545960534,0.18294940631661127,7.0,0.484375,0.8072280099458599,HI-VAE_piecewise_diffusion
0.009549606152596644,0.9199810606060607,0.005573187408392552,0.8555037238906003,0.1367627380353921,7.0,0.46875,0.8099658010117203,HI-VAE_piecewise_diffusion
0.009216046397876813,0.9261363636363636,0.015550619636656996,0.8382557633753805,0.0976019302048986,7.0,0.4348958333333333,0.8076055271089008,HI-VAE_piecewise_diffusion
0.010524789619515845,0.9195075757575757,0.017810229642150118,0.8489041375575894,0.097171698858614,2.0,0.4296875,0.8214917355062151,HI-VAE_piecewise_diffusion
0.009525684701699351,0.9237689393939393,0.010559288315702266,0.8303889890014291,0.1045937495817365,4.0,0.4348958333333333,0.82425860597284,HI-VAE_piecewise_diffusion
0.009039083836050241,0.9268465909090909,0.00912554081294399,0.8500497110544958,0.11059232553482239,6.0,0.4921875,0.8167151630390589,HI-VAE_piecewise_diffusion
0.009348571205138769,0.9225852272727273,0.004655179565999763,0.8211786846099901,0.09199766538451165,5.0,0.4427083333333333,0.8199330343288467,HI-VAE_piecewise_diffusion
0.009358112454968344,0.9261363636363636,0.006427355770522031,0.8221631410284862,0.13456471583894175,6.0,0.4583333333333333,0.8194442924840513,HI-VAE_piecewise_diffusion
0.01044236137975065,0.9154829545454546,0.02039671693498974,0.8515010963062911,0.10234339321421125,8.0,0.4661458333333333,0.8301574129311186,HI-VAE_piecewise_diffusion
0.009442523104850716,0.9299242424242423,0.008981010828966096,0.8340862486795502,0.11509110752894187,8.0,0.4505208333333333,0.8165333031534526,HI-VAE_piecewise_diffusion
0.00856933390348045,0.9277935606060606,0.00943789735678513,0.8709811719381098,0.10094822337123076,6.0,0.4427083333333333,0.8137222117104228,HI-VAE_piecewise_diffusion
0.010467926916586375,0.9150094696969696,0.01508265578615293,0.845431465322101,0.10893745614538698,8.0,0.4453125,0.8182288420720462,HI-VAE_piecewise_diffusion
0.008365749153481044,0.9282670454545454,0.022690690801089396,0.8396068388207828,0.12489599017368402,2.0,0.4791666666666667,0.8132435398539729,HI-VAE_piecewise_diffusion
0.00930750710510735,0.9214015151515152,0.012097436162639275,0.8303139785709848,0.12531638991422125,7.0,0.453125,0.8186595250865726,HI-VAE_piecewise_diffusion
0.00812944953215753,0.9322916666666667,0.004184378486505025,0.8222630069861785,0.13233698734901392,7.0,0.4739583333333333,0.818156315772763,HI-VAE_piecewise_diffusion
0.009659856683177197,0.9214015151515151,0.008047468470912589,0.8311009223176005,0.11172580140172034,6.0,0.4401041666666667,0.8201619463299479,HI-VAE_piecewise_diffusion
0.009265403947685354,0.9258996212121212,0.010508352828917438,0.8671587469263476,0.1148901786667228,5.0,0.4583333333333333,0.8057385066374457,HI-VAE_piecewise_diffusion
0.00777257479245185,0.9337121212121212,0.022464234180203938,0.8448784298408359,0.17958963326237498,5.0,0.4505208333333333,0.8229812670247136,HI-VAE_piecewise_diffusion
0.009409416177282137,0.9237689393939394,0.007846312534705805,0.8527811559595566,0.18287960078733004,5.0,0.4583333333333333,0.8157096160923166,HI-VAE_piecewise_diffusion
0.009953828371654715,0.9161931818181818,0.007666193321899424,0.8398332016582188,0.09778897230196808,3.0,0.4765625,0.8144609023456248,HI-VAE_piecewise_diffusion
0.009535068176964152,0.924715909090909,0.020197317624591204,0.7990692492743073,0.1529626128532282,8.0,0.4375,0.8098453967172586,HI-VAE_piecewise_diffusion
0.009868422854115719,0.9232954545454546,0.004927213651892341,0.8416081526129373,0.2214852595569671,9.0,0.4635416666666667,0.8132020953558987,HI-VAE_piecewise_diffusion
0.008576210844133682,0.9282670454545456,0.005293752213414584,0.8175679754285359,0.07918253544194177,5.0,0.4895833333333333,0.8197565587847249,HI-VAE_piecewise_diffusion
0.008278238566522067,0.9287405303030304,0.006550918236736864,0.8508730503945813,0.09089493732279254,2.0,0.4921875,0.8277508815326164,HI-VAE_piecewise_diffusion
0.009592558839461566,0.9235321969696971,0.008886553524909623,0.8610185439987218,0.14085444271121858,7.0,0.46875,0.8251590146907489,HI-VAE_piecewise_diffusion
0.009065572121871897,0.9268465909090909,0.010443217881113184,0.8523643820294537,0.1603726080566729,7.0,0.4296875,0.8158196950498307,HI-VAE_piecewise_diffusion
0.010499296317206986,0.9199810606060606,0.011105099879776856,0.8610673673558157,0.09042554578030648,5.0,0.4817708333333333,0.8285047081994013,HI-VAE_piecewise_diffusion
0.009987241197360396,0.9199810606060606,0.006652357210222439,0.8341936600651569,0.09062553638547045,6.0,0.46875,0.8178443136890431,HI-VAE_piecewise_diffusion
0.009094781915142047,0.9254261363636364,0.013683333683438518,0.8373014886685427,0.12817154031891556,6.0,0.4557291666666667,0.8120845961504716,HI-VAE_piecewise_diffusion
0.011036325190049743,0.9154829545454546,0.0056762334543264065,0.8631188360511668,0.1925682878841858,4.0,0.4505208333333333,0.8209152986178528,HI-VAE_piecewise_diffusion
0.009560844879029298,0.9261363636363636,0.016940113559578508,0.8476569227081873,0.11628070944326901,8.0,0.4817708333333333,0.8265159661330728,HI-VAE_piecewise_diffusion
0.009752043869744282,0.9204545454545454,0.010560725934922412,0.8564273730370792,0.12164134269666275,5.0,0.4401041666666667,0.8149008248320009,HI-VAE_piecewise_diffusion
0.009888054713214066,0.9273200757575758,0.01631031468459723,0.8261373622959406,0.14107567895653353,7.0,0.4791666666666667,0.820225207483529,HI-VAE_piecewise_diffusion
0.009613378686985297,0.9268465909090909,0.008055191456162724,0.8570252372371305,0.10427277394703392,5.0,0.4479166666666667,0.8274571373928667,HI-VAE_piecewise_diffusion
