J-S distance,KS test,Survival curves distance,Detection XGB,NSND,K-map score,Identifiability score,NNDR,generator
0.010751218462408417,0.9299242424242423,0.021833943312320758,0.6918140492932737,0.12005478585632719,2.0,0.453125,0.8293436179425537,HI-VAE_weibull
0.007930917337407877,0.9446022727272727,0.02566227597028189,0.6660700333830527,0.10361116474871042,2.0,0.421875,0.8199909497874714,HI-VAE_weibull
0.008773181120971514,0.9398674242424242,0.05042991329265709,0.6848675332054833,0.10733119691343224,1.0,0.4791666666666667,0.8211227767557447,HI-VAE_weibull
0.007380781948091364,0.9393939393939393,0.020558406839248484,0.6515732651466724,0.14937119878017804,1.0,0.5,0.82313549208177,HI-VAE_weibull
0.011913406948259892,0.9176136363636362,0.014666232911617914,0.6824632431280631,0.20126624361457138,2.0,0.5104166666666666,0.8208499337246847,HI-VAE_weibull
0.010668959519716787,0.927556818181818,0.034706221332492466,0.645685062859578,0.13362340021611785,2.0,0.4322916666666667,0.8236720976365602,HI-VAE_weibull
0.00895046113593459,0.9398674242424242,0.014696735093149265,0.6303608210810427,0.20011198237157182,2.0,0.4114583333333333,0.8204532862925001,HI-VAE_weibull
0.008166410645989932,0.9374999999999999,0.018878236739167747,0.6747922437673131,0.16572240401056662,1.0,0.4895833333333333,0.828540412525137,HI-VAE_weibull
0.011671338958692408,0.9204545454545454,0.014565754084511445,0.6806484835570707,0.23528253968880955,3.0,0.4635416666666667,0.8208009875150593,HI-VAE_weibull
0.011490758110443174,0.9294507575757577,0.01699164305092832,0.6637793877406065,0.0934715888742841,1.0,0.40625,0.8134400315342162,HI-VAE_weibull
0.008694176746095302,0.9303977272727273,0.015691875175446842,0.6911321826834292,0.3014261098373901,1.0,0.4375,0.8280920527910778,HI-VAE_weibull
0.010020988553434439,0.9289772727272727,0.01488234685593804,0.6280488671070389,0.18081803430150334,3.0,0.5104166666666666,0.8223163703291846,HI-VAE_weibull
0.010235457657574316,0.9228219696969696,0.060653315549484346,0.6829320264223311,0.1645730014663335,1.0,0.40625,0.8165250138893939,HI-VAE_weibull
0.009631425481746262,0.9199810606060606,0.02855152764222806,0.6595141700404857,0.19976597325347975,1.0,0.4427083333333333,0.814589045051739,HI-VAE_weibull
0.009446095854813043,0.9337121212121211,0.018286970828748163,0.6884437815185738,0.23398500751751694,2.0,0.4375,0.8196520297077828,HI-VAE_weibull
0.010106001270591226,0.9341856060606062,0.01352103800014603,0.7482740251438313,0.11125585681982263,2.0,0.4270833333333333,0.8277661282718853,HI-VAE_weibull
0.011431845443820891,0.921875,0.02279914357512195,0.6953015128915406,0.2162609623330607,1.0,0.4479166666666667,0.8172977052974069,HI-VAE_weibull
0.010817914108968462,0.9299242424242423,0.01657908193013608,0.6234569216563676,0.11452138994767537,1.0,0.4895833333333333,0.8104161654744759,HI-VAE_weibull
0.009398792460149637,0.9337121212121212,0.013541891371606019,0.6707933802116628,0.11867192658980984,1.0,0.4895833333333333,0.8245700257841921,HI-VAE_weibull
0.00980799657384582,0.9337121212121212,0.03233667674222569,0.6452411392854606,0.12271118972663086,2.0,0.4375,0.8098446728140722,HI-VAE_weibull
0.010665722709254581,0.9285037878787878,0.021619495443740366,0.6903508771929825,0.13813166179515482,1.0,0.3958333333333333,0.821218314444003,HI-VAE_weibull
0.007541995759442748,0.9469696969696969,0.0411322160892201,0.6646778890546203,0.18845729372436382,1.0,0.46875,0.817683541967864,HI-VAE_weibull
0.00970162046314848,0.9360795454545453,0.021289846254803072,0.7049257759784074,0.14217814870732162,1.0,0.4166666666666667,0.8139861528197447,HI-VAE_weibull
0.008708254228365854,0.9313446969696971,0.030162408186246,0.6994601889338732,0.1823767489201704,2.0,0.4427083333333333,0.8229232121873136,HI-VAE_weibull
0.01095281197166531,0.9285037878787878,0.033969384415979624,0.6666027416719937,0.1784184560094327,1.0,0.453125,0.8151457814376641,HI-VAE_weibull
0.009882179046877422,0.9280303030303031,0.024047956226457837,0.6820228709425386,0.19837347670168357,3.0,0.4427083333333333,0.8221783948702694,HI-VAE_weibull
0.009966333255932531,0.9294507575757577,0.012296407769178333,0.6545954968392641,0.23322351864620317,1.0,0.46875,0.8275287613173065,HI-VAE_weibull
0.007457500293869618,0.9474431818181818,0.022727878504778518,0.6544321329639889,0.10382447521412165,1.0,0.5052083333333334,0.8184342496668334,HI-VAE_weibull
0.0108358021242049,0.9275568181818182,0.023528475717429505,0.6197563747425243,0.16392996193547874,1.0,0.453125,0.8182719163547404,HI-VAE_weibull
0.01059731143476695,0.9237689393939394,0.02453528516889351,0.6750337381916328,0.18129609305409433,1.0,0.46875,0.8155672324185359,HI-VAE_weibull
0.00909894051785619,0.9327651515151515,0.021504386543914178,0.6470061794161517,0.11367697700531139,3.0,0.484375,0.8088614277516786,HI-VAE_weibull
0.010600922255986417,0.9237689393939394,0.014792746511353191,0.6478016904609702,0.1671042434837993,2.0,0.4479166666666667,0.8190789897771974,HI-VAE_weibull
0.01214066467377767,0.9114583333333335,0.04610676368104842,0.6901519994317777,0.1921289468305112,1.0,0.4479166666666667,0.8162545787961741,HI-VAE_weibull
0.012016123142852648,0.9195075757575758,0.009673494659485644,0.6982882306982031,0.2610200697402072,2.0,0.4166666666666667,0.8120646706642294,HI-VAE_weibull
0.008497308406295631,0.9322916666666665,0.023302818639513227,0.6772533560622204,0.2369601448814371,2.0,0.5052083333333334,0.8227250461261937,HI-VAE_weibull
0.007042389703826041,0.9427083333333333,0.03145871111586913,0.6368207969316003,0.19365773219561908,2.0,0.421875,0.8164675632579396,HI-VAE_weibull
0.01027796841634954,0.927556818181818,0.016245523135569213,0.6875949996448611,0.24708636890958235,3.0,0.5208333333333334,0.8105625745786864,HI-VAE_weibull
0.010807702322304035,0.9261363636363636,0.019589302719724654,0.7120818239931814,0.1879901374332846,2.0,0.4739583333333333,0.8219007967712929,HI-VAE_weibull
0.01167425779306308,0.9147727272727273,0.016778162952089854,0.6601924852617373,0.20983693109597548,1.0,0.484375,0.8076321079705021,HI-VAE_weibull
0.009530708377521582,0.9266098484848485,0.03333630820463273,0.6532104552880177,0.1821762876015269,2.0,0.46875,0.8285853013587396,HI-VAE_weibull
0.008791447097408905,0.9270833333333333,0.03199814241084592,0.6650614390226578,0.20434484283174167,1.0,0.5052083333333334,0.8119315731618008,HI-VAE_weibull
0.007665435716380497,0.940814393939394,0.01708215865236025,0.6431351658498472,0.1337014617924324,1.0,0.4635416666666667,0.8123407412108888,HI-VAE_weibull
0.007920708714236691,0.9379734848484849,0.04067129852887935,0.6889232189786206,0.11370950110003215,1.0,0.5260416666666666,0.827790816929569,HI-VAE_weibull
0.010572884447649308,0.9228219696969696,0.026070727090386568,0.715942183393707,0.14671924321657392,3.0,0.4166666666666667,0.829386602322011,HI-VAE_weibull
0.008426194949802545,0.9393939393939394,0.01778605682099458,0.6667483486043043,0.23441909966530883,1.0,0.5416666666666666,0.8215455719233988,HI-VAE_weibull
0.009382809309744878,0.9289772727272727,0.040736667238270005,0.6423538603594005,0.20700082900200278,2.0,0.4427083333333333,0.8170786514482037,HI-VAE_weibull
0.010064567443630525,0.9261363636363636,0.018904638444830795,0.6615029476525321,0.14105684418310185,1.0,0.5,0.8239499379571137,HI-VAE_weibull
0.011910082478730743,0.9242424242424242,0.021390835464228992,0.6944953476809432,0.15412367950114372,2.0,0.421875,0.8219022214145187,HI-VAE_weibull
0.008507556982906254,0.9280303030303029,0.009290229112274753,0.6527097094964132,0.16518742567705003,2.0,0.4635416666666667,0.8282583186598954,HI-VAE_weibull
0.009483121949606042,0.9289772727272727,0.02578337852313917,0.6468534697066552,0.22898759444739727,2.0,0.484375,0.8186151270060594,HI-VAE_weibull
0.00959581547210741,0.9351325757575757,0.012785065898096927,0.603537183038568,0.1381490371252542,1.0,0.4583333333333333,0.8214535711907656,HI-VAE_weibull
0.00976675774368328,0.9256628787878788,0.014865170339328776,0.6140173307763336,0.16256103297817545,1.0,0.4791666666666667,0.8165990665119559,HI-VAE_weibull
0.00893890135528229,0.930871212121212,0.02410270992952298,0.6899034022302721,0.26493463768767195,1.0,0.46875,0.815784310720819,HI-VAE_weibull
0.011066712493329689,0.9166666666666667,0.00958819870531429,0.668765537325094,0.15451828264620773,2.0,0.484375,0.8165266321151158,HI-VAE_weibull
0.010490206329485895,0.9256628787878788,0.020161776616926228,0.6274167199374956,0.12123832801168892,1.0,0.4635416666666667,0.8281415698801708,HI-VAE_weibull
0.009297977742705828,0.9275568181818182,0.027058428467185244,0.6521414873215428,0.11006050693235636,2.0,0.4947916666666667,0.8232202488554898,HI-VAE_weibull
0.008437498807363924,0.9398674242424242,0.021151142166495874,0.6938951630087364,0.10655731378504724,1.0,0.4635416666666667,0.8142989217774842,HI-VAE_weibull
0.010349849648944878,0.9261363636363636,0.026884105201934395,0.6576248313090418,0.1413236685707011,2.0,0.4895833333333333,0.8170644292891195,HI-VAE_weibull
0.009603443909208021,0.9313446969696971,0.024967070556607285,0.6543575538035371,0.15042528092473284,2.0,0.46875,0.8324544908756772,HI-VAE_weibull
0.009814727136404409,0.9303977272727273,0.026881401706875894,0.676560835286597,0.18753291642931091,2.0,0.5,0.8138030062088449,HI-VAE_weibull
0.009820984278430712,0.9341856060606062,0.014514917439250357,0.6754705589885646,0.138666773939666,2.0,0.4270833333333333,0.8261569749844443,HI-VAE_weibull
0.010794422519296984,0.921875,0.01613180896702488,0.7113147240571063,0.2110819421383777,2.0,0.484375,0.8154084939296355,HI-VAE_weibull
0.010673211535312201,0.9261363636363636,0.014047054301265157,0.629156900348036,0.26720700454248164,2.0,0.4635416666666667,0.8290545033209882,HI-VAE_weibull
0.009800690441232792,0.925189393939394,0.03304047251567468,0.7385006037360607,0.2713187491384463,2.0,0.4583333333333333,0.8272871808364075,HI-VAE_weibull
0.007419514410825448,0.9464962121212122,0.031872269392959784,0.6762021450387101,0.2729588827783278,1.0,0.4895833333333333,0.814733774522948,HI-VAE_weibull
0.010542682169340515,0.9242424242424243,0.007248054631203071,0.6849847290290504,0.20768524192109247,3.0,0.5208333333333334,0.8250738801955536,HI-VAE_weibull
0.008307840316292269,0.9393939393939394,0.024069238785988333,0.6496874778038213,0.2066216327962708,1.0,0.4635416666666667,0.8081638274456743,HI-VAE_weibull
0.009767248395432181,0.9289772727272727,0.007982602390456573,0.684409404076994,0.10970691998458378,1.0,0.46875,0.8185523629437884,HI-VAE_weibull
0.009869402049997285,0.9360795454545454,0.02227776214104314,0.7055827828681015,0.13026217569150614,1.0,0.4583333333333333,0.8375951940800378,HI-VAE_weibull
0.009609745362696076,0.9294507575757577,0.009809275194181387,0.6715356204275873,0.2730927804373966,2.0,0.4427083333333333,0.82081579888482,HI-VAE_weibull
0.009885582975659082,0.9322916666666665,0.009011199224031055,0.6630833155763904,0.22264201935700825,1.0,0.5052083333333334,0.8125046014801123,HI-VAE_weibull
0.010928637675542184,0.9299242424242423,0.019499668187498608,0.7006889693870303,0.20367758405876737,3.0,0.4947916666666667,0.8196357673508632,HI-VAE_weibull
0.009136818291842923,0.9327651515151516,0.009861520872172706,0.6422757298103559,0.12015677150529684,1.0,0.4322916666666667,0.8220405924146419,HI-VAE_weibull
0.010450843771621676,0.9365530303030304,0.016308041052605988,0.6733468286099865,0.1485089883200733,2.0,0.4583333333333333,0.8261746939843696,HI-VAE_weibull
0.010563336984267495,0.9237689393939393,0.014949123207667595,0.6518431706797359,0.12349454349127735,1.0,0.4635416666666667,0.8225556258197737,HI-VAE_weibull
0.008646743570564554,0.9351325757575758,0.02394905484650261,0.6366503302791392,0.20792252621965837,1.0,0.453125,0.812286977060018,HI-VAE_weibull
0.008562188791799558,0.9360795454545454,0.0175188369036714,0.6736025285886781,0.12009550875971986,1.0,0.4947916666666667,0.8237695969722094,HI-VAE_weibull
0.010714561832405718,0.9270833333333335,0.019331475425958426,0.7285069962355282,0.1524555317662186,2.0,0.5,0.8275348041639277,HI-VAE_weibull
0.01205130406717442,0.9199810606060607,0.011205971173752874,0.6768698060941828,0.12499178129273597,1.0,0.5,0.8210717518224516,HI-VAE_weibull
0.009663624381359618,0.9332386363636364,0.027616831404481176,0.6709318843667874,0.14515385051659194,1.0,0.4375,0.8196074689665848,HI-VAE_weibull
0.009485326044222855,0.9289772727272727,0.021529809592385818,0.6956175864763123,0.13742612786397593,1.0,0.4375,0.8162846550256255,HI-VAE_weibull
0.008995695620836512,0.9346590909090909,0.03768519654357361,0.6617728531855955,0.24270057094530484,1.0,0.453125,0.8289941589889271,HI-VAE_weibull
0.007659965387977128,0.9431818181818182,0.021381039830293398,0.6570139924710562,0.09919218597279293,1.0,0.5260416666666666,0.8286711951966936,HI-VAE_weibull
0.011437892809052497,0.9171401515151515,0.014095523760012963,0.6674870374316357,0.14932570558520722,1.0,0.4791666666666667,0.819878949084025,HI-VAE_weibull
0.008203330783753572,0.9422348484848485,0.01594914101555607,0.6538283969031891,0.13611428468303274,2.0,0.4739583333333333,0.8233629845285368,HI-VAE_weibull
0.010130683832412116,0.9289772727272727,0.02478487159227315,0.6349811776404575,0.26716686061882755,1.0,0.4635416666666667,0.8120957865900293,HI-VAE_weibull
0.013437978409870287,0.9147727272727273,0.02874107701797737,0.6864727608494922,0.11094468791397054,2.0,0.4479166666666667,0.8150551851904306,HI-VAE_weibull
0.010302851015734247,0.9294507575757577,0.02866665077906938,0.7233574827757653,0.169268723311105,1.0,0.4583333333333333,0.8314325438691119,HI-VAE_weibull
0.012011434352442866,0.925189393939394,0.017575048005101356,0.7018573762341076,0.1671589207317017,1.0,0.4166666666666667,0.8217994239514506,HI-VAE_weibull
0.010592136211164052,0.915246212121212,0.0149097168978283,0.7208075857660345,0.11470232495149128,1.0,0.5,0.830878836084733,HI-VAE_weibull
0.006713227898793154,0.9450757575757577,0.03421874736271866,0.6613928546061509,0.14978959288947175,1.0,0.4635416666666667,0.8234106976618151,HI-VAE_weibull
0.00975328739884828,0.9322916666666667,0.016035286641947418,0.711623694864692,0.12833930376660552,1.0,0.46875,0.8173051482034033,HI-VAE_weibull
0.01027972397183936,0.9261363636363636,0.0401102841161372,0.712096029547553,0.16954072825530517,1.0,0.4479166666666667,0.8317998520905322,HI-VAE_weibull
0.009360105755950159,0.9412878787878788,0.013348653822717512,0.6576781021379359,0.19808208931712723,2.0,0.4635416666666667,0.8178222653024664,HI-VAE_weibull
0.00967585257440407,0.9237689393939394,0.0314811547348223,0.7055082037076497,0.17288838874171872,2.0,0.4739583333333333,0.8084975663280961,HI-VAE_weibull
0.0104135389511693,0.927556818181818,0.01663525070994497,0.6908019035442858,0.23247361087407162,2.0,0.453125,0.8140907201646951,HI-VAE_weibull
0.009609026952354518,0.9266098484848485,0.006124354997101442,0.6691739470132821,0.19120084783176847,1.0,0.4947916666666667,0.8221770981338465,HI-VAE_weibull
0.011356379538986258,0.9266098484848484,0.02093965724924194,0.6406385396690106,0.2426089217200603,2.0,0.4791666666666667,0.8131122814848002,HI-VAE_weibull
0.00887949109405547,0.9365530303030302,0.01672919337553581,0.6399424675047943,0.19432696253985515,3.0,0.4427083333333333,0.8271762228256413,HI-VAE_weibull
0.009436111013666166,0.9318181818181818,0.03431830799817271,0.6908338660416222,0.12097338764362509,1.0,0.5104166666666666,0.8200656686098855,HI-VAE_weibull
0.010180085809078131,0.9294507575757577,0.01943414165748679,0.6689573123091128,0.15712635156749596,1.0,0.5052083333333334,0.8139334543812975,HI-VAE_weibull
0.010677132076914038,0.9280303030303031,0.012015259457963461,0.6766354144470489,0.2077106061772528,1.0,0.4635416666666667,0.8181666098887506,HI-VAE_weibull
0.011626674397237562,0.9223484848484849,0.004794600036854947,0.644804318488529,0.12772375296504218,1.0,0.5208333333333334,0.809678333312454,HI-VAE_weibull
0.008715431504101256,0.9351325757575757,0.03433818113918297,0.6262980325307196,0.17482411561949754,3.0,0.5104166666666666,0.8248782986806225,HI-VAE_weibull
0.011154401509913854,0.9242424242424242,0.008631986542809384,0.7026777469990767,0.13962658522754248,2.0,0.4895833333333333,0.817997988212495,HI-VAE_weibull
0.010254304622463475,0.928503787878788,0.0190135950073338,0.7157752681298387,0.18001834926195162,2.0,0.4427083333333333,0.8148058434366153,HI-VAE_weibull
0.011387427685146228,0.9138257575757577,0.025597061881418387,0.6843312735279494,0.19023754334324816,1.0,0.4739583333333333,0.8238065092693732,HI-VAE_weibull
0.009977767714091161,0.9261363636363636,0.02355930930982059,0.6707116982740251,0.1243212358292965,1.0,0.4791666666666667,0.8214939696534626,HI-VAE_weibull
0.009844518307712434,0.9223484848484849,0.012167058617240746,0.6421194687122664,0.22847165106952352,2.0,0.4583333333333333,0.8071220989133489,HI-VAE_weibull
0.009739507595448026,0.9289772727272726,0.019692442044177753,0.6975921585339868,0.1991888368351321,2.0,0.484375,0.820300766249556,HI-VAE_weibull
0.010574933924670162,0.925189393939394,0.02582032288191303,0.6960295475530932,0.3015947674442334,2.0,0.3802083333333333,0.8206954343999239,HI-VAE_weibull
0.01131257218917978,0.9190340909090909,0.02526737220087903,0.6936927338589388,0.1961951114346919,3.0,0.4895833333333333,0.8329710858657653,HI-VAE_weibull
0.009314157181784471,0.925189393939394,0.006580553304568446,0.615288727892606,0.11212046950949124,2.0,0.453125,0.8170738695167193,HI-VAE_weibull
0.010974511073338626,0.9261363636363636,0.020072886752168128,0.6689644150862988,0.11821313341380928,1.0,0.5104166666666666,0.8199031637862884,HI-VAE_weibull
0.009703371176030528,0.9322916666666667,0.040099761528471105,0.6467611336032388,0.1580887119012374,1.0,0.4583333333333333,0.8181276032011702,HI-VAE_weibull
0.010334798019534481,0.9204545454545454,0.01944268031392665,0.6576354854748206,0.12768632713772138,1.0,0.4479166666666667,0.8186146883313002,HI-VAE_weibull
0.011188634396273309,0.9261363636363636,0.019999488406114905,0.6890972370196746,0.1446652716114914,1.0,0.4479166666666667,0.8253693771527318,HI-VAE_weibull
0.008255683077873706,0.9393939393939393,0.03027214334416268,0.682583990340223,0.1644912210047368,1.0,0.53125,0.8175960055576605,HI-VAE_weibull
0.009815407738898501,0.9346590909090909,0.021333177046629858,0.6658285389587328,0.12197383104179337,1.0,0.46875,0.8255434738436954,HI-VAE_weibull
0.010012994970071286,0.9322916666666667,0.011080827181079757,0.6356950067476383,0.1487655913493824,1.0,0.4947916666666667,0.8223464321759685,HI-VAE_weibull
0.009672270036890144,0.934185606060606,0.03234613354355763,0.6560125008878471,0.09184284690087158,1.0,0.5208333333333334,0.818173445639255,HI-VAE_weibull
0.010224785079611172,0.9299242424242423,0.027506036067981784,0.6469635627530363,0.17876235240185281,2.0,0.4947916666666667,0.8155209879686386,HI-VAE_weibull
0.01072181249240564,0.9223484848484848,0.02910498109097018,0.7007315860501456,0.19637060474762222,3.0,0.4479166666666667,0.826582106931171,HI-VAE_weibull
0.010967941055591046,0.9275568181818182,0.011329240699943633,0.6799772711130052,0.13080372289731082,1.0,0.4947916666666667,0.8350524804699492,HI-VAE_weibull
0.010830768647755085,0.9247159090909091,0.02027841147446753,0.6861318275445699,0.10184164493556308,1.0,0.4947916666666667,0.8209870623278915,HI-VAE_weibull
0.011647217638705876,0.9180871212121212,0.01931491415150195,0.6453547837204348,0.14709106273608094,3.0,0.4427083333333333,0.8228845388802274,HI-VAE_weibull
0.011126648477803154,0.9232954545454546,0.04010725752917313,0.7094857589317424,0.19192228048062487,2.0,0.4427083333333333,0.8236175368714861,HI-VAE_weibull
0.011624831333368847,0.9176136363636364,0.03315211229388022,0.6608459407628382,0.23571282618943146,1.0,0.4583333333333333,0.8261171106365266,HI-VAE_weibull
0.007929575209069359,0.9398674242424242,0.03360049257072165,0.7071276369060302,0.15319581411159455,1.0,0.4791666666666667,0.8091090362750963,HI-VAE_weibull
0.007880674168156144,0.9356060606060606,0.060656503419676114,0.6719369273385893,0.2334744945613232,2.0,0.46875,0.8286212913408271,HI-VAE_weibull
0.007577968366171259,0.9422348484848484,0.024843587945325273,0.6918033951274948,0.15558140211544172,2.0,0.4270833333333333,0.8215208898510246,HI-VAE_weibull
0.011490203517264425,0.925189393939394,0.01763516161459653,0.681760068186661,0.23931664168102554,2.0,0.4947916666666667,0.8089367462306961,HI-VAE_weibull
0.011786652812245996,0.9209280303030302,0.008386854301643838,0.7478052418495632,0.1855165401760269,1.0,0.453125,0.8171640391758084,HI-VAE_weibull
0.012517749460172816,0.9147727272727274,0.021380974778758853,0.6600113644434974,0.10840635734462241,1.0,0.4479166666666667,0.8219874827439904,HI-VAE_weibull
0.008428913743751862,0.9346590909090907,0.014658181249873042,0.6920484409404077,0.14517793924426717,2.0,0.4114583333333333,0.8207837912171755,HI-VAE_weibull
0.009861087998994442,0.9294507575757577,0.02394174965385419,0.6820015626109809,0.2542270449489725,3.0,0.4635416666666667,0.8118189867111627,HI-VAE_weibull
0.01001580430677922,0.9261363636363636,0.025190457781205457,0.6678563818453014,0.12544683595542303,1.0,0.4895833333333333,0.8215365361209012,HI-VAE_weibull
0.012083084363097645,0.927556818181818,0.010027564769016827,0.7175225513175653,0.17327966793246663,1.0,0.5208333333333334,0.8155394868664146,HI-VAE_weibull
0.01043842166697405,0.9289772727272727,0.021288380829920298,0.6358761275658782,0.1314211101223649,1.0,0.4635416666666667,0.8226417579042526,HI-VAE_weibull
0.007502373715037993,0.9389204545454546,0.03264199418546837,0.6790787697989913,0.15271109641726058,2.0,0.4479166666666667,0.8213709240879588,HI-VAE_weibull
0.008347966773906949,0.9356060606060606,0.023207577449149464,0.6861779955962781,0.09269713579861187,1.0,0.453125,0.8333443305334257,HI-VAE_weibull
0.00950710129430514,0.9308712121212122,0.014194111137261389,0.6981177640457419,0.16947924023674787,1.0,0.4322916666666667,0.8112482489439113,HI-VAE_weibull
0.008987398641000904,0.9289772727272727,0.045794495934478936,0.708210810426877,0.13931025078690307,2.0,0.4375,0.8293698611372301,HI-VAE_weibull
0.009068374592577784,0.9360795454545454,0.022425704924756443,0.6245720576745507,0.21085046595843313,1.0,0.4895833333333333,0.8089604048111864,HI-VAE_weibull
0.007500627386972923,0.9417613636363636,0.03446396378713527,0.6471944030115775,0.13330597104382874,2.0,0.4583333333333333,0.8316070991077049,HI-VAE_weibull
0.009765080291439134,0.9289772727272727,0.02021718278726412,0.6610519213012288,0.15502427831176782,1.0,0.4791666666666667,0.8206554946216672,HI-VAE_weibull
0.0077761312967884666,0.9370265151515152,0.022203579640350912,0.6732651466723489,0.19294740257443185,2.0,0.4635416666666667,0.8169015338999376,HI-VAE_weibull
0.009130667845848994,0.9313446969696969,0.012700705034174538,0.6673449818879182,0.1554605682917756,1.0,0.4479166666666667,0.8247284237974695,HI-VAE_weibull
0.01075153979809784,0.9228219696969696,0.023494690906052246,0.7008416790965267,0.1150836419838218,1.0,0.4322916666666667,0.8240459918825936,HI-VAE_weibull
0.010138568010466515,0.9303977272727271,0.012722151345871706,0.6371759357908942,0.27323288675907226,2.0,0.4583333333333333,0.8156309637328198,HI-VAE_weibull
0.009556379914350944,0.9294507575757577,0.023768637914558976,0.6608139782655018,0.12482775135533437,1.0,0.4895833333333333,0.8159714333776091,HI-VAE_weibull
0.010379812693899166,0.9266098484848485,0.02256051959811717,0.6454506712124439,0.09494062543615965,2.0,0.4739583333333333,0.8314066569318647,HI-VAE_weibull
0.009893797906050857,0.928503787878788,0.017714598067545537,0.6452091767881241,0.249543267737231,2.0,0.4739583333333333,0.818678071753293,HI-VAE_weibull
0.012692239553310046,0.9232954545454546,0.012799884815096339,0.6317671709638468,0.11987096995206643,1.0,0.4427083333333333,0.8208297689631047,HI-VAE_weibull
0.010593028267123024,0.928503787878788,0.02402180541410683,0.6124618225726259,0.10550712596418625,3.0,0.453125,0.8159464112243465,HI-VAE_weibull
0.008866109439264542,0.9337121212121212,0.02190223926581507,0.6641735918744228,0.267797725548466,2.0,0.453125,0.8199358279692792,HI-VAE_weibull
0.0077154767354686545,0.9412878787878788,0.02951133815089014,0.6606399602244477,0.19836904540871514,3.0,0.4583333333333333,0.8139533183768506,HI-VAE_weibull
0.01049528774257052,0.9275568181818182,0.032414276674747444,0.7069607216421622,0.21008348436685761,2.0,0.4635416666666667,0.8202732111558445,HI-VAE_weibull
0.010337606904167636,0.9256628787878788,0.03440394181406772,0.6862774344768805,0.11507670482873784,1.0,0.46875,0.8221466206075683,HI-VAE_weibull
0.009672205369086561,0.9318181818181817,0.024917135729868204,0.6569429646991974,0.12125242962410128,1.0,0.46875,0.8204679495510199,HI-VAE_weibull
0.01214908186161552,0.9199810606060606,0.03529163314122527,0.7228105689324525,0.20050335955787932,2.0,0.5052083333333334,0.8276862393169765,HI-VAE_weibull
0.008550834797791888,0.9379734848484849,0.029948605897107582,0.6811847432346048,0.21189869265899963,2.0,0.4375,0.8116034166710636,HI-VAE_weibull
0.010998957298459922,0.921875,0.02217944711202488,0.7017437317991335,0.13545354498928439,1.0,0.421875,0.8186593408932779,HI-VAE_weibull
0.007951447697357629,0.9351325757575758,0.04196656189630635,0.6848426734853328,0.22404855898711226,3.0,0.4270833333333333,0.818100161811955,HI-VAE_weibull
0.00949707412033347,0.9228219696969696,0.020949229536599893,0.6875133177072236,0.1427017169820448,1.0,0.4635416666666667,0.8246852327717363,HI-VAE_weibull
0.010077769111722173,0.9285037878787878,0.021921596118949945,0.6683997443000212,0.13099976926591891,1.0,0.4635416666666667,0.8129433855148909,HI-VAE_weibull
0.010365724812831262,0.9275568181818182,0.024688899738602898,0.6844271610199588,0.09343224085781772,2.0,0.4375,0.8113550610998893,HI-VAE_weibull
0.009702133690362009,0.925189393939394,0.025421009545745315,0.7307195113289295,0.19359648376503205,2.0,0.5208333333333334,0.8202854512926107,HI-VAE_weibull
0.010354506074043904,0.9332386363636364,0.011485860401201009,0.6372647205057177,0.14726836614415242,2.0,0.53125,0.8086455795914923,HI-VAE_weibull
0.008735457685148974,0.9370265151515151,0.05241391872918327,0.7256268200866538,0.1264487600781107,1.0,0.515625,0.8206595103040252,HI-VAE_weibull
0.010180085190098213,0.9294507575757577,0.037768403861551975,0.7086227715036579,0.11714456833442781,1.0,0.4375,0.8310329032136493,HI-VAE_weibull
0.008557663750993335,0.9337121212121212,0.03600938804959681,0.6803501669152638,0.1456644420733576,1.0,0.4739583333333333,0.8132950338622313,HI-VAE_weibull
0.008395224087287184,0.9384469696969696,0.027722192670966216,0.6650827473542156,0.18203758297587358,1.0,0.4479166666666667,0.8209438597463501,HI-VAE_weibull
0.00972439427037776,0.9299242424242423,0.023126480097411625,0.6672100291213864,0.1758345819630124,1.0,0.5572916666666666,0.8252544054581007,HI-VAE_weibull
0.009905833871086223,0.9322916666666665,0.01717667481838372,0.6107145393848994,0.09092022167310966,1.0,0.484375,0.8236508517637604,HI-VAE_weibull
0.009485737281859972,0.9237689393939393,0.02443191324877947,0.7018183109595852,0.17063446783931216,3.0,0.53125,0.8222927657340253,HI-VAE_weibull
0.010658301595542636,0.9256628787878788,0.01682283359072473,0.6655373250941119,0.17020757853103677,2.0,0.4427083333333333,0.8261055450495801,HI-VAE_weibull
0.010523734903629657,0.9266098484848485,0.012249270115380255,0.6827864194900206,0.17176096708624042,1.0,0.5,0.8221996592813061,HI-VAE_weibull
0.009712514177298614,0.9266098484848485,0.018266700306939384,0.6781731657077918,0.15033243439851654,1.0,0.5052083333333334,0.8236493700856471,HI-VAE_weibull
0.008783576396663391,0.9337121212121211,0.031230486392582607,0.6944598337950139,0.15738684853068902,1.0,0.4739583333333333,0.836700084485859,HI-VAE_weibull
0.009449305299200867,0.9289772727272727,0.022463797722536902,0.6180730165494708,0.15544158919745008,1.0,0.484375,0.8249149418038481,HI-VAE_weibull
0.009807770083103856,0.9256628787878788,0.01765947429371438,0.6556680161943319,0.11492148161096727,1.0,0.4635416666666667,0.8319876730217296,HI-VAE_weibull
0.009461619865123696,0.9280303030303029,0.03402368810074305,0.6977235599119256,0.10715458685971646,1.0,0.46875,0.8189913442791852,HI-VAE_weibull
0.009832053520855272,0.9327651515151515,0.009272051577727154,0.6944278712976774,0.21110547518872594,1.0,0.4427083333333333,0.8119256725735539,HI-VAE_weibull
0.008454189635263568,0.9308712121212122,0.03221414753976798,0.7103984658001279,0.13223582834418895,2.0,0.421875,0.8220819989717321,HI-VAE_weibull
0.009881883365500917,0.9294507575757577,0.016905448876290002,0.6511577526812984,0.2003501409907855,1.0,0.5,0.8173854445837165,HI-VAE_weibull
0.010082516196227674,0.928503787878788,0.03272503857378998,0.6728141203210456,0.20306468655860654,2.0,0.4739583333333333,0.8122541243929506,HI-VAE_weibull
0.009774067872105772,0.9356060606060606,0.01601058437520685,0.6685489026209248,0.11384408644153132,1.0,0.453125,0.8125107106669709,HI-VAE_weibull
0.00908177081620133,0.9337121212121212,0.022181123083344332,0.6650436820796932,0.17163981961393074,1.0,0.4791666666666667,0.8179598686904757,HI-VAE_weibull
0.010213581603641832,0.9337121212121212,0.009941069688129398,0.6805383905106897,0.14022184221947617,1.0,0.4895833333333333,0.8296690240198603,HI-VAE_weibull
0.009313104829982717,0.9322916666666667,0.013247488335271831,0.6969422544214787,0.16271071654740424,1.0,0.4583333333333333,0.8163686148098076,HI-VAE_weibull
0.009977247347959902,0.9389204545454544,0.017129948735604132,0.6183251651395696,0.11921602172448381,1.0,0.4895833333333333,0.8231354421684446,HI-VAE_weibull
0.010723235616612044,0.9199810606060606,0.027968783579159325,0.7296008239221535,0.16646790861986707,1.0,0.4635416666666667,0.8318964720383255,HI-VAE_weibull
0.010977997457494776,0.921875,0.03395181459264189,0.7444669365721996,0.158308398012382,2.0,0.453125,0.8111706590898848,HI-VAE_weibull
0.011553757476292848,0.9176136363636364,0.026538908559689968,0.7004261666311529,0.1496769030850839,1.0,0.4166666666666667,0.8273300296938492,HI-VAE_weibull
0.009366055694109322,0.9308712121212122,0.033276195254371914,0.641558349314582,0.1262926630323329,3.0,0.46875,0.8264651197986861,HI-VAE_weibull
0.009753207378435847,0.9242424242424242,0.020956553715529326,0.6909333049222246,0.12805313829638465,3.0,0.4791666666666667,0.8198709525775875,HI-VAE_weibull
0.00946221205953853,0.921875,0.03233930524796132,0.6623162156403153,0.11641140758557023,3.0,0.40625,0.8239127913107259,HI-VAE_weibull
0.01019048377232437,0.9299242424242423,0.027188437071805793,0.6716528162511541,0.15276817926263608,1.0,0.4895833333333333,0.8399854584314721,HI-VAE_weibull
0.00971546494488756,0.9242424242424242,0.018247088019164158,0.6417359187442291,0.20375920217369758,1.0,0.5052083333333334,0.8240635994030512,HI-VAE_weibull
0.007001508099015085,0.9403409090909091,0.035301033274638356,0.6847538887705092,0.12859995300948643,1.0,0.4947916666666667,0.8059251770684877,HI-VAE_piecewise
0.005227921581972385,0.9554924242424243,0.015924495493285968,0.659684636692947,0.0963280776516496,4.0,0.53125,0.8107669825418038,HI-VAE_piecewise
0.0072989920377176535,0.9450757575757575,0.027364257360511225,0.6460686128276156,0.11458406591014186,1.0,0.53125,0.8099073353739418,HI-VAE_piecewise
0.007048453999048256,0.9464962121212122,0.0064252977939221,0.6549648412529299,0.12278949059291704,1.0,0.5052083333333334,0.8221922040187024,HI-VAE_piecewise
0.00647864304839486,0.9493371212121211,0.03445517405673745,0.6658747070104412,0.30048795810159024,3.0,0.5,0.8188551702912533,HI-VAE_piecewise
0.0074365039272798715,0.9474431818181818,0.0456798691896942,0.7017508345763194,0.12408027531016587,1.0,0.5104166666666666,0.8094016286035736,HI-VAE_piecewise
0.0058810806268687794,0.9521780303030302,0.033421261468126275,0.6746324312806307,0.10713093950308199,1.0,0.4895833333333333,0.819358210142359,HI-VAE_piecewise
0.006533240278323026,0.9460227272727273,0.02342674110284933,0.6676468499183181,0.22273033665118738,1.0,0.5104166666666666,0.813784774592396,HI-VAE_piecewise
0.006941708078522505,0.9412878787878788,0.022961810022535226,0.679398394772356,0.11284616680893272,2.0,0.5208333333333334,0.8228870351861111,HI-VAE_piecewise
0.006869742298291573,0.9431818181818182,0.017181301553578304,0.6319589459478655,0.0866470471275984,1.0,0.5208333333333334,0.8038495881126009,HI-VAE_piecewise
0.0053466298664860395,0.9583333333333335,0.021692856346758032,0.6550358690247886,0.11697973003609276,1.0,0.4791666666666667,0.8142752851276541,HI-VAE_piecewise
0.007961969856135565,0.9403409090909091,0.03313168557357474,0.6797748419632076,0.17174747198426085,1.0,0.4947916666666667,0.8213619435550874,HI-VAE_piecewise
0.006466968074402959,0.9554924242424242,0.03431773575950837,0.7122593934228283,0.2401215255682896,2.0,0.453125,0.815071634709733,HI-VAE_piecewise
0.007153534506912814,0.9398674242424243,0.02204664154721321,0.6530257830811848,0.12630706393400778,1.0,0.4739583333333333,0.8104419055471842,HI-VAE_piecewise
0.005790405030217446,0.9521780303030302,0.027719876315858295,0.7054407273243838,0.13655912499893844,2.0,0.4635416666666667,0.8213699542547497,HI-VAE_piecewise
0.004862800340690327,0.9578598484848485,0.020286762915505033,0.6743696285247532,0.15296476231970738,2.0,0.5364583333333334,0.8174070225271939,HI-VAE_piecewise
0.006456870321263131,0.9469696969696969,0.028882564862938175,0.6850273456921656,0.09882998541001901,1.0,0.5208333333333334,0.7910643674364032,HI-VAE_piecewise
0.005637782937929322,0.949810606060606,0.046358596054054194,0.6799382058384829,0.12650860003812317,2.0,0.5208333333333334,0.8077309237843902,HI-VAE_piecewise
0.005788652894438009,0.9474431818181818,0.022176715682650745,0.6515803679238582,0.12919427989000629,1.0,0.453125,0.8248687556963143,HI-VAE_piecewise
0.00678673138498134,0.949810606060606,0.028687476918755794,0.6969316002557001,0.18734890778405097,1.0,0.5572916666666666,0.8091897590130983,HI-VAE_piecewise
0.008067499831493463,0.9384469696969696,0.018187757640769422,0.7143689182470345,0.2154358520209727,2.0,0.515625,0.8092880496977156,HI-VAE_piecewise
0.006420254120811862,0.949810606060606,0.02051909894547273,0.6606541657788195,0.20617562776482148,1.0,0.5104166666666666,0.8131902136966798,HI-VAE_piecewise
0.005901410248437555,0.9488636363636364,0.021069897773420596,0.7217167412458271,0.25874315913169027,1.0,0.4895833333333333,0.8227977770406872,HI-VAE_piecewise
0.005224109242632576,0.950284090909091,0.023785622030497937,0.6966261808367071,0.11275442491442716,2.0,0.484375,0.7997559872362291,HI-VAE_piecewise
0.005864596566769093,0.9517045454545453,0.012541736871307118,0.6678670360110803,0.19527323773597294,1.0,0.5364583333333334,0.8161938166311176,HI-VAE_piecewise
0.00595379528041575,0.9460227272727273,0.01110426741018662,0.6787875559343703,0.1553854685600945,1.0,0.5052083333333334,0.8145018235813751,HI-VAE_piecewise
0.007056895597782809,0.949810606060606,0.053975509016129464,0.7539704524469067,0.13888194732782813,3.0,0.546875,0.8046875231870745,HI-VAE_piecewise
0.006650548420083596,0.9464962121212122,0.0186158952529932,0.685766034519497,0.11890943964140006,2.0,0.484375,0.8094734210522757,HI-VAE_piecewise
0.005696216159530295,0.9507575757575758,0.027936276954292537,0.6889977981390724,0.105755368656126,1.0,0.4947916666666667,0.8192245438147958,HI-VAE_piecewise
0.007255332404952567,0.9450757575757575,0.010502823008328653,0.6598408977910363,0.13044716858333427,1.0,0.484375,0.812635043198383,HI-VAE_piecewise
0.006033136457028626,0.9431818181818182,0.03206584328554887,0.7051139995738334,0.11220635512665689,1.0,0.5260416666666666,0.8296926609811726,HI-VAE_piecewise
0.009086301497894297,0.9393939393939394,0.026130733917207438,0.7284927906811562,0.19233279104232337,1.0,0.515625,0.8138319034359495,HI-VAE_piecewise
0.00770912650949629,0.9374999999999999,0.031209391485002933,0.7265892463953406,0.13667886809478666,1.0,0.5,0.817033275532616,HI-VAE_piecewise
0.0080392924038593,0.946496212121212,0.012445401659080554,0.6573052063356772,0.12106219423286352,1.0,0.4947916666666667,0.8180945417037809,HI-VAE_piecewise
0.006640409500876391,0.947443181818182,0.021500522292011496,0.6787662476028127,0.19800290595182266,1.0,0.53125,0.8168966802813805,HI-VAE_piecewise
0.005801692932343055,0.9469696969696971,0.026947811676251952,0.7114212657148945,0.11622126729390521,1.0,0.5208333333333334,0.7996779193455075,HI-VAE_piecewise
0.003857223913386162,0.9545454545454546,0.011562401956631075,0.6778215782370907,0.13242432458514053,3.0,0.515625,0.8137762162707763,HI-VAE_piecewise
0.00526131973883372,0.9550189393939393,0.015309062010169707,0.6691810497904681,0.12865557710830502,1.0,0.5625,0.8100030035740629,HI-VAE_piecewise
0.007959384812533367,0.940814393939394,0.020403994640087658,0.671958235670147,0.11433382163125076,1.0,0.53125,0.8071294464856144,HI-VAE_piecewise
0.0075438273179840275,0.9370265151515151,0.02960260362034645,0.669891327509056,0.11788360993071849,1.0,0.5260416666666666,0.8079372952524183,HI-VAE_piecewise
0.006887786232112928,0.9493371212121212,0.05018573255411182,0.6913488173875985,0.14688890391386236,1.0,0.5364583333333334,0.8046548621435299,HI-VAE_piecewise
0.0060109494693073445,0.9483901515151516,0.03987475119724504,0.6623162156403153,0.142860890617563,1.0,0.53125,0.80603601671178,HI-VAE_piecewise
0.006585624166330445,0.9540719696969696,0.03654753323872668,0.7133851836067902,0.09564228776626131,1.0,0.5104166666666666,0.8167097109689515,HI-VAE_piecewise
0.007371249723375161,0.9398674242424242,0.03136795288478111,0.7179061012856026,0.13210054699761278,1.0,0.484375,0.8001958399350302,HI-VAE_piecewise
0.007181565377757756,0.9469696969696969,0.04613715265549552,0.7036472760849494,0.1345240539887622,1.0,0.4427083333333333,0.8049907182965927,HI-VAE_piecewise
0.007126632646014957,0.9455492424242425,0.04118526474982909,0.642613111726685,0.16217088094484036,1.0,0.4791666666666667,0.8104922788787965,HI-VAE_piecewise
0.007550809659082881,0.9389204545454546,0.012485804997879078,0.7066055827828681,0.1329473325396419,1.0,0.46875,0.8035116013571678,HI-VAE_piecewise
0.007140909616142262,0.9422348484848484,0.01728456817806763,0.6851658498472903,0.1217664791778532,2.0,0.5677083333333334,0.824417330087938,HI-VAE_piecewise
0.005493062937196925,0.9502840909090909,0.030999664902119785,0.6898607855671568,0.10487845040320269,1.0,0.4479166666666667,0.8107427380659945,HI-VAE_piecewise
0.005882539780723894,0.9474431818181818,0.015896704498550938,0.6681049790468073,0.21385810272506867,1.0,0.4791666666666667,0.8119585335816293,HI-VAE_piecewise
0.006481485497137013,0.9507575757575758,0.033704200667914165,0.7083138006960722,0.10791239706418992,1.0,0.4739583333333333,0.7973892573225817,HI-VAE_piecewise
0.00727492919488144,0.9455492424242425,0.01496777046623794,0.7066126855600541,0.08985007245983119,2.0,0.4947916666666667,0.8072410615836235,HI-VAE_piecewise
0.0069667819706574615,0.9455492424242423,0.030615304198711356,0.669063853966901,0.23902283321081877,1.0,0.53125,0.8143605716997008,HI-VAE_piecewise
0.008477939499724864,0.9356060606060606,0.04651666988708364,0.708146885432204,0.12589937980500646,1.0,0.484375,0.8162572512961881,HI-VAE_piecewise
0.005090501198405408,0.9578598484848485,0.030646945073887023,0.7127033169969458,0.13210892209906963,1.0,0.5520833333333334,0.810491488898502,HI-VAE_piecewise
0.008772052337064924,0.9370265151515151,0.03408259555787122,0.7103167838624902,0.12975248199872821,3.0,0.4739583333333333,0.8140743589059382,HI-VAE_piecewise
0.006727876715652251,0.9483901515151515,0.024678577111801915,0.6812806307266143,0.13243114724928795,2.0,0.5104166666666666,0.818223546885704,HI-VAE_piecewise
0.007112171457481298,0.9469696969696969,0.03100778015088526,0.7378578024007387,0.19557615287433175,1.0,0.515625,0.8082346145105708,HI-VAE_piecewise
0.006455288214552449,0.9554924242424242,0.013680680522750227,0.6585410895660203,0.1415210534188794,2.0,0.53125,0.8092633138749948,HI-VAE_piecewise
0.0058771992553584085,0.9535984848484849,0.022897969831996816,0.7129554655870445,0.1400807545452094,1.0,0.5,0.814582719331428,HI-VAE_piecewise
0.005172736271632802,0.953125,0.01276070010389607,0.6181866609844449,0.11556185272300767,1.0,0.5104166666666666,0.8149292925679862,HI-VAE_piecewise
0.0062256050681425285,0.9469696969696969,0.02625233254546632,0.6841927693728248,0.10895323768185071,1.0,0.546875,0.8051091093945979,HI-VAE_piecewise
0.00776278416545595,0.9431818181818183,0.02026154640888029,0.6701612330421195,0.16744190782509838,1.0,0.4739583333333333,0.8061324079024956,HI-VAE_piecewise
0.007074965873742567,0.9526515151515151,0.031958566684522384,0.7024220470203849,0.16470943053828935,1.0,0.4895833333333333,0.805503881119928,HI-VAE_piecewise
0.007393997932297756,0.9427083333333333,0.04215886722602887,0.7294552169898431,0.13927289702092427,1.0,0.5052083333333334,0.8123965748439254,HI-VAE_piecewise
0.008650239124406954,0.9455492424242423,0.028688863905719512,0.5909155479792598,0.10528240617238038,2.0,0.5260416666666666,0.8029265959818865,HI-VAE_piecewise
0.005884392635527095,0.9512310606060606,0.050015287629780775,0.6662547055898856,0.12332591130086762,1.0,0.515625,0.8037838758518674,HI-VAE_piecewise
0.006732517580279632,0.9483901515151515,0.017190713933475443,0.6376482704737552,0.14711325250134435,2.0,0.53125,0.8134650423767711,HI-VAE_piecewise
0.008451338527642543,0.9389204545454546,0.011160779814794344,0.6926131117266852,0.11810070401767318,2.0,0.5520833333333334,0.8129498604785272,HI-VAE_piecewise
0.006001624941230945,0.9517045454545454,0.02245074787866606,0.6748668229277648,0.09066710241790614,1.0,0.5,0.8117200740007773,HI-VAE_piecewise
0.006776284711597335,0.9464962121212122,0.01156476499955017,0.6841004332694084,0.15617558666062192,2.0,0.5104166666666666,0.8195982350428447,HI-VAE_piecewise
0.006600887743233003,0.9450757575757577,0.03231564183665728,0.6588891256481284,0.10252019259027323,1.0,0.5208333333333334,0.8167010091633893,HI-VAE_piecewise
0.006825906212890988,0.9422348484848484,0.02729259779029774,0.6958093614603309,0.18914650024795798,2.0,0.4583333333333333,0.8145612869647372,HI-VAE_piecewise
0.005928867908399643,0.9554924242424243,0.01744937481485138,0.7054975495418708,0.10657029963812863,2.0,0.5,0.8091171881424452,HI-VAE_piecewise
0.00771442671882856,0.9422348484848485,0.03964608381972037,0.6640137793877405,0.1088601625585149,2.0,0.484375,0.8087640983695824,HI-VAE_piecewise
0.006126914590806016,0.9488636363636364,0.012827655266070284,0.6869166844236096,0.14361173372636227,1.0,0.484375,0.8097375424537738,HI-VAE_piecewise
0.006102798515232231,0.9540719696969696,0.016418107171027645,0.6758114922934866,0.21977996280127865,2.0,0.4739583333333333,0.8268523041729327,HI-VAE_piecewise
0.007178518386548985,0.9493371212121212,0.03320353157483087,0.6795795155905959,0.20272418764144104,1.0,0.5,0.8114127421483852,HI-VAE_piecewise
0.007475184436128274,0.9464962121212122,0.04893522153335557,0.7189182470345906,0.15142809076069957,2.0,0.4427083333333333,0.8124988833189493,HI-VAE_piecewise
0.005726047132824824,0.9512310606060606,0.025767217690339978,0.6513175651679808,0.2006978135303544,2.0,0.5208333333333334,0.8021152249489,HI-VAE_piecewise
0.007691435174101224,0.9412878787878788,0.009543252758383037,0.7185986220612259,0.09323218104830881,1.0,0.5208333333333334,0.7892993212113074,HI-VAE_piecewise
0.005338298475009986,0.9550189393939394,0.0282107859856961,0.6052311953974003,0.08510566883762032,1.0,0.5364583333333334,0.8131984196498547,HI-VAE_piecewise
0.006451930002895392,0.9431818181818182,0.026546919668175316,0.6909830243625257,0.10088689691148434,1.0,0.4739583333333333,0.817242181756253,HI-VAE_piecewise
0.00680483422602283,0.9441287878787878,0.026647736872775843,0.6149620001420556,0.0920880388464176,1.0,0.4947916666666667,0.8122130933518633,HI-VAE_piecewise
0.007178660503664883,0.9455492424242425,0.028809009163939355,0.6847361318275447,0.10491842719150228,1.0,0.4635416666666667,0.814597014256861,HI-VAE_piecewise
0.006289223412722375,0.9583333333333333,0.04896506494073885,0.6586618367781802,0.11548139487929972,2.0,0.4895833333333333,0.8083520013763836,HI-VAE_piecewise
0.006153926184255467,0.9502840909090909,0.011259478257681541,0.6335109027629804,0.15467297704621844,1.0,0.5416666666666666,0.8162593296802809,HI-VAE_piecewise
0.006533930586553682,0.9488636363636364,0.03475660246633643,0.7096562255842034,0.1086439868780346,2.0,0.5104166666666666,0.8137203136937001,HI-VAE_piecewise
0.006920390440002686,0.9502840909090909,0.022034216464220855,0.7068719369273386,0.11844280249432144,1.0,0.5260416666666666,0.8224500005110246,HI-VAE_piecewise
0.005496938939640721,0.9479166666666667,0.023271966383324637,0.7157148945237587,0.10608683829050831,2.0,0.53125,0.800148179542471,HI-VAE_piecewise
0.006733892485471147,0.9427083333333335,0.030018458418181952,0.6906953618864976,0.1689296439587611,1.0,0.5260416666666666,0.7904252019764342,HI-VAE_piecewise
0.006192626991382595,0.9479166666666665,0.02934818778322943,0.636540237232758,0.11168725008722913,1.0,0.5364583333333334,0.8137611743587438,HI-VAE_piecewise
0.005653425267626195,0.9550189393939393,0.03288887903751893,0.6995454222601036,0.1416557702101896,1.0,0.484375,0.8086959619637837,HI-VAE_piecewise
0.004487746754091826,0.956439393939394,0.04853722755933441,0.687190141345266,0.20074444199549726,2.0,0.5,0.823412515970947,HI-VAE_piecewise
0.006608669488326401,0.9507575757575758,0.03079005790779043,0.6752290645642446,0.12520041997927525,1.0,0.5052083333333334,0.801507275690328,HI-VAE_piecewise
0.005577758637286993,0.9526515151515151,0.013652457703991953,0.6748810284821365,0.2549859052680596,1.0,0.5104166666666666,0.8070954687688136,HI-VAE_piecewise
0.005968702444401675,0.9507575757575758,0.011110676117420682,0.7157717167412457,0.1293909491517031,1.0,0.4895833333333333,0.8163353831075324,HI-VAE_piecewise
0.0074772648336764525,0.9479166666666667,0.030583947224564107,0.6847148234959869,0.12879731999025856,1.0,0.4791666666666667,0.8132753484839461,HI-VAE_piecewise
0.006485594438556328,0.9469696969696971,0.015419145625783491,0.7182789970878614,0.12251110632776485,1.0,0.4739583333333333,0.8206547350574862,HI-VAE_piecewise
0.007684437058732047,0.9427083333333333,0.021527328180323733,0.6787200795511044,0.19941109666590714,1.0,0.4583333333333333,0.819351352437913,HI-VAE_piecewise
0.006539690849781004,0.9379734848484849,0.009448637779427229,0.6434618936003977,0.10387018555030136,1.0,0.5416666666666666,0.8142415519351661,HI-VAE_piecewise
0.0062525176725741335,0.9512310606060606,0.03381462441708654,0.7121777114851906,0.10025767496573319,1.0,0.5572916666666666,0.8142380424568261,HI-VAE_piecewise
0.006322390743393669,0.9512310606060606,0.025021128384417796,0.6798529725122523,0.1898068060350028,1.0,0.5364583333333334,0.7992816653291118,HI-VAE_piecewise
0.006481897918284501,0.9483901515151515,0.016469787426798634,0.6673485332765112,0.11963685142872289,1.0,0.5052083333333334,0.8069466820876467,HI-VAE_piecewise
0.005372840488301654,0.9592803030303031,0.021084386763431592,0.6844839832374457,0.22458455264822907,1.0,0.53125,0.8076153958714174,HI-VAE_piecewise
0.005974995757834948,0.949810606060606,0.013149208700683567,0.6188259109311742,0.11329106982059095,1.0,0.5416666666666666,0.8148335652478856,HI-VAE_piecewise
0.007036766792604618,0.9436553030303029,0.02890732236824009,0.6987143973293557,0.14467903281018607,1.0,0.453125,0.7970746787541328,HI-VAE_piecewise
0.006049334357696449,0.950284090909091,0.02874291330086648,0.6781412032104553,0.11530784925907578,4.0,0.53125,0.8122655785929062,HI-VAE_piecewise
0.007998549000794391,0.9455492424242423,0.02800126056184504,0.664876766815825,0.10909511924317118,1.0,0.5416666666666666,0.8108335488432523,HI-VAE_piecewise
0.005264685853695141,0.9554924242424242,0.019099928997033836,0.6575538035371831,0.19088490592306329,3.0,0.5208333333333334,0.8162549008674821,HI-VAE_piecewise
0.0067632463966853925,0.9526515151515152,0.019624075618118318,0.6189004900916257,0.1260514254452265,1.0,0.4739583333333333,0.8076770766202683,HI-VAE_piecewise
0.00707498678062759,0.9412878787878788,0.018079263022240905,0.7157255486895376,0.11199221042074355,1.0,0.5208333333333334,0.814320562840722,HI-VAE_piecewise
0.004843897257154527,0.9578598484848484,0.013641865459420562,0.7114248171034875,0.11657949421640235,4.0,0.5260416666666666,0.8064319196055175,HI-VAE_piecewise
0.005607221501237495,0.9550189393939394,0.03156164471143381,0.6595319269834505,0.09817189463701022,4.0,0.46875,0.8141585249470483,HI-VAE_piecewise
0.006796778161721469,0.9469696969696971,0.028138657789705996,0.6841537040983025,0.12322815011338424,3.0,0.4895833333333333,0.8135907155386767,HI-VAE_piecewise
0.006004489103431801,0.9554924242424242,0.018568476220869785,0.6932594644506003,0.17205000336181064,2.0,0.5416666666666666,0.8056112372076955,HI-VAE_piecewise
0.006251975750047589,0.9502840909090909,0.036475241143054796,0.6618758434547909,0.13844410108629235,1.0,0.4791666666666667,0.808709448336731,HI-VAE_piecewise
0.006599767086979402,0.9474431818181818,0.029322698418246026,0.6699055330634277,0.18372049493480247,1.0,0.4739583333333333,0.8007609716688833,HI-VAE_piecewise
0.007900007504639551,0.9308712121212122,0.024304813576981128,0.6553164287236309,0.1415587799150668,1.0,0.5052083333333334,0.8136372647402927,HI-VAE_piecewise
0.006496663745037107,0.9474431818181818,0.018957162066763768,0.6843064138077988,0.11884509907084125,1.0,0.46875,0.7953580779787198,HI-VAE_piecewise
0.005441395166025314,0.9488636363636364,0.031167960454490173,0.6781802684849776,0.13827494496720036,1.0,0.484375,0.8094829000531901,HI-VAE_piecewise
0.007778165818349113,0.940814393939394,0.029987023593031365,0.6102066908161091,0.11673732184765384,1.0,0.46875,0.8168179271045864,HI-VAE_piecewise
0.005815934686851023,0.9535984848484848,0.018926754996747373,0.6851409901271397,0.1254231668418583,1.0,0.4635416666666667,0.8043561994511839,HI-VAE_piecewise
0.006826887324048176,0.9469696969696969,0.03408909337932355,0.6616059379217274,0.14234742671460368,1.0,0.5,0.8315344590287461,HI-VAE_piecewise
0.0058880403904650125,0.9569128787878788,0.01825256319621239,0.6762056964273031,0.13593727391702956,1.0,0.5416666666666666,0.7999520707304245,HI-VAE_piecewise
0.007173063245505034,0.9469696969696971,0.023059917710133264,0.6604162227430925,0.10942887849745608,1.0,0.5364583333333334,0.8139265799001232,HI-VAE_piecewise
0.00725962659753722,0.9446022727272727,0.03725869875464521,0.6547055898856453,0.11948432566725113,1.0,0.5729166666666666,0.8171199997610366,HI-VAE_piecewise
0.004551381776811886,0.9625946969696969,0.012690185080231384,0.6254385964912281,0.12938516968933322,1.0,0.53125,0.8208255132722645,HI-VAE_piecewise
0.008574205414552439,0.9389204545454546,0.026823641150712903,0.7071702535691455,0.09716971616763508,2.0,0.515625,0.8161019454225634,HI-VAE_piecewise
0.009393587854454322,0.9370265151515151,0.03144487277057916,0.7269195255344839,0.15429595173672098,2.0,0.5052083333333334,0.8082818420041132,HI-VAE_piecewise
0.007145548194832625,0.9446022727272727,0.03294979452254479,0.6827011861637902,0.15642895244602514,1.0,0.4479166666666667,0.822010427447754,HI-VAE_piecewise
0.005077503066132349,0.9507575757575758,0.022649264611220014,0.6723524398039633,0.13922298476124065,1.0,0.484375,0.8073690565649343,HI-VAE_piecewise
0.005387437759757315,0.9512310606060606,0.02793624630128024,0.7181049790468073,0.13238749967191912,1.0,0.484375,0.8014777292913364,HI-VAE_piecewise
0.006588280187493815,0.9469696969696971,0.018162690247178686,0.6580758576603454,0.1685285408134393,1.0,0.484375,0.8209125617380942,HI-VAE_piecewise
0.005082532203815313,0.9507575757575757,0.016091329939721878,0.659745010299027,0.15960522390797172,1.0,0.5208333333333334,0.816860700007341,HI-VAE_piecewise
0.005385155340378319,0.9488636363636364,0.03575434780896956,0.6895198522622346,0.10999806607132757,1.0,0.5052083333333334,0.8088927388586598,HI-VAE_piecewise
0.007032391198292168,0.9483901515151516,0.025792917494032428,0.6810142765821435,0.16542500290298767,1.0,0.515625,0.8153232986965819,HI-VAE_piecewise
0.006665565155781008,0.9441287878787878,0.027528287450353777,0.7123552809148377,0.12491105644264922,2.0,0.5729166666666666,0.7969007522468584,HI-VAE_piecewise
0.005138636029712293,0.9474431818181818,0.03967680000477918,0.6750088784714824,0.2160378512842224,1.0,0.5572916666666666,0.812379270405207,HI-VAE_piecewise
0.007710381886203283,0.9417613636363636,0.0251881761131577,0.6969742169188152,0.17073898792875622,1.0,0.5104166666666666,0.8061710117763226,HI-VAE_piecewise
0.005593358027119261,0.9507575757575757,0.02244234985819135,0.6308225015981248,0.09347505587960821,2.0,0.5,0.8111887447330491,HI-VAE_piecewise
0.0071109356211251536,0.9512310606060607,0.04253068132566742,0.7056502592513672,0.14210105426730868,2.0,0.453125,0.8127453226151182,HI-VAE_piecewise
0.006422360787013879,0.9483901515151515,0.018115560549977868,0.6676290929753533,0.07965377206985813,1.0,0.5625,0.8097066176483132,HI-VAE_piecewise
0.006635716154220401,0.9356060606060607,0.03189734242463548,0.7135805099794019,0.1325871729539706,1.0,0.4791666666666667,0.8014941535394319,HI-VAE_piecewise
0.006886106968846953,0.9446022727272727,0.03210957903861475,0.7627814475459905,0.15698160170665426,1.0,0.5,0.8180933599684432,HI-VAE_piecewise
0.009222272428183513,0.9327651515151515,0.033297445152788555,0.7097911783507351,0.1343670647016669,1.0,0.5572916666666666,0.8131151839003383,HI-VAE_piecewise
0.007426670849717218,0.9488636363636364,0.022210637787260925,0.6528588678173166,0.1518536057757847,1.0,0.5104166666666666,0.8123069094670041,HI-VAE_piecewise
0.006396222051617043,0.949810606060606,0.028748355032623032,0.6731266425172243,0.22427739345227393,2.0,0.5052083333333334,0.8050324247426195,HI-VAE_piecewise
0.005865694280465775,0.9545454545454546,0.014256167329687772,0.6305739043966192,0.16097193338744473,1.0,0.4947916666666667,0.8154680321667153,HI-VAE_piecewise
0.006418041450512755,0.949810606060606,0.029937661304848498,0.6156722778606436,0.161838003819896,2.0,0.4947916666666667,0.81404160705441,HI-VAE_piecewise
0.005337594729434666,0.9512310606060607,0.02386903265275235,0.6951203920733006,0.10746888680034428,2.0,0.4791666666666667,0.8118513348705158,HI-VAE_piecewise
0.007036989564160003,0.9488636363636364,0.024958114990806034,0.6933411463882377,0.15691095263218702,2.0,0.5416666666666666,0.8154897451730709,HI-VAE_piecewise
0.0060845735914311335,0.9521780303030302,0.02218962014342811,0.6935968463669295,0.16827493751399877,1.0,0.5208333333333334,0.8036966995462426,HI-VAE_piecewise
0.0076206658160582605,0.9460227272727274,0.03213758496617251,0.6700511399957383,0.1819792197984522,2.0,0.484375,0.8156916898663242,HI-VAE_piecewise
0.007119042518550851,0.9412878787878789,0.021484241115271637,0.6891469564599759,0.13216899615540803,1.0,0.53125,0.8010216931633306,HI-VAE_piecewise
0.005723393261436446,0.9517045454545456,0.030570184958762302,0.6285247531784928,0.09782214244971794,1.0,0.5208333333333334,0.8081912855569273,HI-VAE_piecewise
0.005697310435423877,0.9535984848484849,0.02418258318283523,0.6697741316854889,0.10273728147712487,1.0,0.5052083333333334,0.8116181175167619,HI-VAE_piecewise
0.00630423069306451,0.949810606060606,0.018539966054370423,0.7064138077988493,0.10820063347580526,1.0,0.4479166666666667,0.8100366320319483,HI-VAE_piecewise
0.007021221850573403,0.940814393939394,0.02200281969428729,0.668186660984445,0.10893235783998645,2.0,0.5625,0.8150687322686074,HI-VAE_piecewise
0.006150389579794118,0.9545454545454546,0.014242428907131083,0.6997123375239719,0.1059944666465573,1.0,0.5,0.8158522497404744,HI-VAE_piecewise
0.00656897059913797,0.9521780303030304,0.024491712895076723,0.6570530577455785,0.11361726569324727,2.0,0.546875,0.8126160088060521,HI-VAE_piecewise
0.005814644323418028,0.9507575757575757,0.011924626336701499,0.6779352226720649,0.10044584486999218,1.0,0.4895833333333333,0.810327158679278,HI-VAE_piecewise
0.0063079210193763445,0.9464962121212122,0.03833599596926066,0.6860465942183394,0.1147745212797124,1.0,0.484375,0.8200460589564684,HI-VAE_piecewise
0.006158960369736553,0.9493371212121212,0.018222963978274196,0.6505007457916044,0.17276354436502542,1.0,0.5052083333333334,0.8126916338786868,HI-VAE_piecewise
0.00520872489911758,0.9554924242424242,0.023626726806185393,0.6444314226862703,0.18193375127528455,1.0,0.5364583333333334,0.8083699709323355,HI-VAE_piecewise
0.005966844045960993,0.9521780303030302,0.018967609723256167,0.6647240571063285,0.10366027742868757,1.0,0.4635416666666667,0.8238932228000794,HI-VAE_piecewise
0.006014235489899269,0.9517045454545454,0.017434053076063147,0.6511755096242631,0.10567289148763004,1.0,0.5364583333333334,0.8010194158874764,HI-VAE_piecewise
0.005919478243461055,0.9488636363636364,0.02474434437712752,0.6163328361389302,0.1069229057745709,1.0,0.5052083333333334,0.8055791554309374,HI-VAE_piecewise
0.00603044925738061,0.9517045454545453,0.016453267627972664,0.6823282903615314,0.2309643298489161,1.0,0.4895833333333333,0.7992481117902804,HI-VAE_piecewise
0.007329060405267141,0.946496212121212,0.024039539600288564,0.696281696143192,0.15661660689340132,1.0,0.4739583333333333,0.815503561332013,HI-VAE_piecewise
0.006622785365080059,0.9469696969696969,0.0282640027096127,0.7058384828467931,0.14384695638267372,1.0,0.53125,0.811547995880305,HI-VAE_piecewise
0.005234537484693297,0.9535984848484849,0.02091344118102644,0.6844520207401094,0.13880333923129812,1.0,0.515625,0.8121682034240356,HI-VAE_piecewise
0.007975302872273014,0.9469696969696971,0.014362858545910477,0.6719369273385893,0.1431902230032505,1.0,0.5,0.8138963087387211,HI-VAE_piecewise
0.006005731542269853,0.9502840909090909,0.03420888795155923,0.665111158462959,0.09889890605764733,1.0,0.5364583333333334,0.8093839979958692,HI-VAE_piecewise
0.00594095272433981,0.946496212121212,0.039500717463931315,0.6434867533205484,0.09974625048510544,1.0,0.4791666666666667,0.8043731586388296,HI-VAE_piecewise
0.00499552451406536,0.9559659090909091,0.022346402875728946,0.6294800767099936,0.09707270148623455,1.0,0.5364583333333334,0.8219351969668378,HI-VAE_piecewise
0.0066456147235406555,0.9460227272727273,0.032133490205301145,0.6812060515661623,0.08513417210250145,1.0,0.578125,0.8174190731298693,HI-VAE_piecewise
0.008894917798086497,0.9327651515151515,0.03306102919520565,0.6966972086085661,0.15577039675901386,1.0,0.4791666666666667,0.8140061056955943,HI-VAE_piecewise
0.006357926764971004,0.9507575757575758,0.023107917640908162,0.7453867462177712,0.1385709442042843,1.0,0.5520833333333334,0.8191790650469684,HI-VAE_piecewise
0.005450171755614059,0.9535984848484848,0.019630707077854633,0.6529156900348034,0.17737559902359745,1.0,0.5520833333333334,0.7988789246735168,HI-VAE_piecewise
0.007367221708927854,0.9436553030303031,0.011042938395648213,0.6588145464876766,0.1320911501796041,2.0,0.5364583333333334,0.8166508376298101,HI-VAE_piecewise
0.0053990736706258915,0.9488636363636364,0.011787386502910767,0.6628382697634775,0.14753549559406828,1.0,0.5052083333333334,0.8128276180173747,HI-VAE_piecewise
0.005988121165339339,0.9488636363636364,0.030012496697877377,0.6540095177214291,0.1524462731507218,1.0,0.4895833333333333,0.8168781615484919,HI-VAE_piecewise
0.0076766329379231064,0.940340909090909,0.04473230190306388,0.6652034945663755,0.21134262325953257,2.0,0.4791666666666667,0.8143735833349663,HI-VAE_piecewise
0.00859630927412779,0.9412878787878788,0.03600887863643585,0.6758683145109738,0.13899927287655114,2.0,0.5416666666666666,0.8060952807771832,HI-VAE_piecewise
0.006558797536691283,0.9446022727272727,0.03630119737302259,0.6871368705163718,0.17082743105924414,1.0,0.5520833333333334,0.8138540287805841,HI-VAE_piecewise
0.007846897819246374,0.9474431818181818,0.016763822945564433,0.6610199588038922,0.15794070711731112,1.0,0.5104166666666666,0.8204955947268161,HI-VAE_piecewise
0.006116995221966063,0.9502840909090909,0.016164668454553565,0.6262802755877548,0.11552901953930454,2.0,0.5260416666666666,0.8182216641636534,HI-VAE_piecewise
0.0057130997309186885,0.9535984848484849,0.028792550441937233,0.6791711059024078,0.1643682471374404,2.0,0.5052083333333334,0.8192327973161734,HI-VAE_piecewise
0.008164890036772034,0.9464962121212122,0.01990887463780259,0.7040095177214292,0.17918544546909995,1.0,0.4791666666666667,0.8055376775853194,HI-VAE_piecewise
0.008096141296133584,0.9360795454545454,0.03779811727099406,0.6834434263797144,0.09979903291806391,1.0,0.546875,0.8061194177968765,HI-VAE_piecewise
0.006151559511404608,0.9488636363636364,0.021408502946074826,0.6893813481071098,0.11421680789569182,1.0,0.5208333333333334,0.8149495141006432,HI-VAE_piecewise
0.006880560260272001,0.9502840909090909,0.03495515813571334,0.6855316428723631,0.10618048173257795,2.0,0.46875,0.8077836571197224,HI-VAE_piecewise
0.006795791699870408,0.9441287878787878,0.04202633762591349,0.640677604943533,0.19546921293736194,1.0,0.5052083333333334,0.810613425567904,HI-VAE_piecewise
0.007725128837337638,0.9483901515151515,0.028631191013132475,0.6509908374174301,0.12680643014312276,1.0,0.5364583333333334,0.8084786901361736,HI-VAE_piecewise
0.007679987201246955,0.9356060606060606,0.020621310409626666,0.662799204488955,0.12973141550365627,1.0,0.4739583333333333,0.8200703043492508,HI-VAE_piecewise
0.006432566316259774,0.9521780303030304,0.01618775781236163,0.703778677462888,0.15531302039163067,1.0,0.5572916666666666,0.8110835459993133,HI-VAE_piecewise
0.007409681443056659,0.9493371212121211,0.024247537855538803,0.7286206406705021,0.09853846244121149,1.0,0.4947916666666667,0.8053897530009071,HI-VAE_piecewise
0.006582388760147138,0.9441287878787878,0.024753380329515857,0.6737694438525464,0.11189974289677336,2.0,0.453125,0.8149748652670308,HI-VAE_piecewise
0.005658164752088544,0.949810606060606,0.03399961329181067,0.7103700546913843,0.09631508704864473,1.0,0.5052083333333334,0.8112437079665938,HI-VAE_piecewise
0.02522244546133229,0.8285984848484848,0.05390196706372468,0.9233077633354642,0.09701042531041032,2.0,0.375,0.7608221080788229,Surv-GAN
0.025468609546580166,0.8333333333333333,0.06419542664281261,0.925974856168762,0.0912899007344418,1.0,0.34375,0.7784458372723866,Surv-GAN
0.026608378125465595,0.819128787878788,0.057617269797345584,0.9280062504439236,0.10554771319380873,1.0,0.3697916666666667,0.7777342886990095,Surv-GAN
0.024442613314952608,0.8304924242424243,0.032665522352983034,0.9216244051424107,0.09554052367297512,2.0,0.3802083333333333,0.7636155593694764,Surv-GAN
0.02361791274148042,0.8442234848484849,0.044536895187133684,0.8891611620143476,0.10986714644213931,1.0,0.375,0.7788780230433361,Surv-GAN
0.022168375332032395,0.8446969696969696,0.048346984591738335,0.9222956175864763,0.10188425191257422,1.0,0.4166666666666667,0.7732992453627064,Surv-GAN
0.023717292775650513,0.8361742424242423,0.050411805310885065,0.9169933944172172,0.09836500622489856,1.0,0.3958333333333333,0.7836053552720033,Surv-GAN
0.02387630320277645,0.8399621212121211,0.050296381567439846,0.9122842531429788,0.09583043159565485,1.0,0.4166666666666667,0.7749325596775535,Surv-GAN
0.023463382209625863,0.840435606060606,0.030030606439292853,0.8959656225584205,0.09529090995364586,1.0,0.3854166666666667,0.7703107044362315,Surv-GAN
0.024876685017882202,0.8276515151515151,0.05516019701583033,0.9256516798068045,0.10018129106405593,1.0,0.3854166666666667,0.7737340161559735,Surv-GAN
0.02455292373019123,0.8380681818181818,0.08696220289982162,0.9037751260742951,0.13887263522410473,1.0,0.40625,0.7646915262517878,Surv-GAN
0.02112503867290808,0.8570075757575757,0.03439860053350054,0.8934547908232119,0.09481746512067613,1.0,0.4010416666666667,0.7775942236807327,Surv-GAN
0.023635245065266694,0.8352272727272727,0.041608380718010304,0.9019816748348604,0.09216332214319038,1.0,0.4322916666666667,0.775938443968173,Surv-GAN
0.026610243708777646,0.8214962121212122,0.0710108068283555,0.9248845798707295,0.11205855750553177,1.0,0.359375,0.7649604251711332,Surv-GAN
0.024422720888719055,0.8342803030303029,0.05865025339182589,0.9135378933162865,0.09189341565456992,1.0,0.4270833333333333,0.7713292954657347,Surv-GAN
0.02320975843018023,0.8423295454545454,0.06134065602343496,0.9007315860501455,0.16018641237181572,1.0,0.4010416666666667,0.7727262460667467,Surv-GAN
0.025126752858437244,0.8323863636363636,0.04942756808342233,0.9355280914837701,0.10477391107887275,1.0,0.3802083333333333,0.7663252868081744,Surv-GAN
0.025093520404150492,0.8304924242424242,0.0671050457880851,0.9160913417146105,0.10182697213446329,1.0,0.3645833333333333,0.7755982429472668,Surv-GAN
0.02513659182587271,0.8257575757575757,0.026425629585717987,0.927619149087293,0.15519290623953635,1.0,0.375,0.771299586945585,Surv-GAN
0.02501741835576222,0.8385416666666667,0.0712354522310377,0.9138504155124654,0.0855324246902101,1.0,0.375,0.7839372720725993,Surv-GAN
0.02385488867668002,0.8394886363636364,0.04331457494620002,0.9194154414376021,0.10750438330798738,1.0,0.359375,0.7805458980604946,Surv-GAN
0.026364676407441334,0.8267045454545454,0.07550678997902256,0.9221571134313515,0.09495576000593586,2.0,0.4114583333333333,0.780451662449166,Surv-GAN
0.026234817747714335,0.8319128787878789,0.037351565532950166,0.9286312948362809,0.10916203211891375,1.0,0.3802083333333333,0.7743598562436759,Surv-GAN
0.024095725942579724,0.8333333333333333,0.03402922755831677,0.929764187797429,0.09921289270022832,2.0,0.4114583333333333,0.782785001791525,Surv-GAN
0.02118616250917209,0.8465909090909091,0.0642698291743134,0.9029227928119894,0.09488183005564739,1.0,0.4270833333333333,0.7725249809112401,Surv-GAN
0.026510393930046706,0.8248106060606062,0.05532618103620393,0.9290823211875843,0.10581372631245312,1.0,0.4166666666666667,0.7694024195406397,Surv-GAN
0.02524259609587565,0.824810606060606,0.06387815303357507,0.9166276013921444,0.09498826200047598,1.0,0.3854166666666667,0.7664842215187877,Surv-GAN
0.026515862196423535,0.8162878787878788,0.04125347337348963,0.9137261169117125,0.1377864317032321,4.0,0.3802083333333333,0.7761504462430516,Surv-GAN
0.02469553277636014,0.8418560606060607,0.07610684447021422,0.9153562042758718,0.17067772581370325,1.0,0.40625,0.778885177663608,Surv-GAN
0.0245706549125375,0.8323863636363636,0.05017292949397681,0.9103416435826407,0.09792216564578855,1.0,0.3958333333333333,0.7662389060231818,Surv-GAN
0.0247146255299734,0.837121212121212,0.04162773398386402,0.9129554655870447,0.0896690403963617,1.0,0.4010416666666667,0.7634698468335968,Surv-GAN
0.026009819042878978,0.8191287878787878,0.04065923512484546,0.911978833723986,0.13210118058508336,1.0,0.4166666666666667,0.7818428709352194,Surv-GAN
0.02506692320108367,0.8323863636363636,0.0361628093887842,0.9007635485474822,0.1584285337028208,1.0,0.4322916666666667,0.7634190577197049,Surv-GAN
0.02559083399446221,0.8352272727272727,0.07765399354713247,0.9341572554868953,0.12666741790493732,1.0,0.3697916666666667,0.7687511396158507,Surv-GAN
0.025530497328652615,0.8366477272727273,0.05579553241851967,0.9144648057390439,0.0946982095361127,1.0,0.3854166666666667,0.7712067684445152,Surv-GAN
0.024514550260737244,0.8371212121212122,0.05922565801216666,0.922427018964415,0.10179277414197448,1.0,0.3958333333333333,0.7697861461968942,Surv-GAN
0.02375120469389115,0.8418560606060606,0.04285782872143361,0.9090737978549613,0.1099562910069014,1.0,0.3802083333333333,0.7699436536863663,Surv-GAN
0.0242462504408568,0.8271780303030304,0.04443477776764561,0.9190674053554941,0.16141014044381666,1.0,0.359375,0.7776712417473929,Surv-GAN
0.02595802069497358,0.8177083333333335,0.031499164450703825,0.9248028979330918,0.09867793940386238,1.0,0.3854166666666667,0.7682930318490426,Surv-GAN
0.027751746919091567,0.8139204545454546,0.04099059502332463,0.916826479153349,0.10862154242964488,2.0,0.4010416666666667,0.7653890786526159,Surv-GAN
0.02493732301805629,0.8309659090909091,0.060994084122916396,0.908075857660345,0.10423482580603677,5.0,0.3854166666666667,0.7438091549158262,Surv-GAN
0.02636392253828279,0.8304924242424243,0.06263350393203697,0.9345905248952342,0.17488363375520324,1.0,0.3854166666666667,0.7674096328927752,Surv-GAN
0.026809897478523904,0.8162878787878789,0.05844524616616634,0.9370907024646637,0.12558105400851274,1.0,0.40625,0.7709856047499632,Surv-GAN
0.024253769306911463,0.8380681818181818,0.040921931132405436,0.9098941686199303,0.10602901585040103,1.0,0.40625,0.7862583047688501,Surv-GAN
0.02368200309609727,0.8451704545454546,0.049219600829259885,0.9188152567653953,0.1003400813469333,1.0,0.4010416666666667,0.7870726196578925,Surv-GAN
0.024552777239036937,0.8423295454545454,0.07040822898248263,0.9089956673059166,0.10698899547156136,1.0,0.421875,0.7746701040787549,Surv-GAN
0.023398034188398642,0.8338068181818182,0.043915109138042724,0.9066517508345763,0.08890622064250624,2.0,0.4114583333333333,0.7812706469482202,Surv-GAN
0.02184049318672829,0.8546401515151515,0.0448377646723359,0.9179842318346474,0.10186398508383933,6.0,0.3854166666666667,0.7722947516715283,Surv-GAN
0.023867405098467718,0.8380681818181818,0.04726903866925197,0.9084309965196391,0.09854444047139244,1.0,0.3854166666666667,0.7710681821821832,Surv-GAN
0.026451247385961874,0.8177083333333335,0.047495995677039396,0.9202890830314653,0.10077043291434225,3.0,0.40625,0.7746219964521088,Surv-GAN
0.023010114656732437,0.8352272727272727,0.04640681123624794,0.9077668868527594,0.09891931723472358,1.0,0.3958333333333333,0.7669100918308669,Surv-GAN
0.025146624954839613,0.8333333333333333,0.03908051353463767,0.9140919099367852,0.10070295860450619,1.0,0.4375,0.7623787115438719,Surv-GAN
0.02511546808429019,0.8271780303030302,0.03321961602576682,0.916759002770083,0.10900285441249652,1.0,0.4010416666666667,0.7578149841858235,Surv-GAN
0.02397021633076094,0.8361742424242423,0.05093051950637293,0.9182789970878613,0.1789768339736663,1.0,0.4375,0.7630721794179185,Surv-GAN
0.02478270025475474,0.8361742424242425,0.042200436207549895,0.935300802613822,0.11044766096504545,1.0,0.3958333333333333,0.7641559354675113,Surv-GAN
0.026337948895233058,0.8290719696969696,0.07049934569731357,0.9212834718374886,0.09670112434401146,1.0,0.4010416666666667,0.7757559075499398,Surv-GAN
0.02551368605309651,0.8238636363636364,0.037174915863667626,0.9180126429433908,0.10075986810606512,1.0,0.3541666666666667,0.7511201179641076,Surv-GAN
0.024206229548879334,0.8290719696969698,0.05527209806574782,0.886366219191704,0.09734903964003831,1.0,0.390625,0.778326164911151,Surv-GAN
0.022762187401139687,0.852746212121212,0.02159968691076746,0.8811492293486752,0.08775131772243856,2.0,0.421875,0.758107052663785,Surv-GAN
0.025360235669903045,0.8304924242424242,0.058384337401166095,0.9131649975140279,0.10564699505566033,1.0,0.3697916666666667,0.7742673491434678,Surv-GAN
0.023348870524302387,0.8461174242424242,0.04260402745372574,0.9047624121031325,0.09365753185173599,2.0,0.4427083333333333,0.7749535679404157,Surv-GAN
0.024594076441038983,0.831439393939394,0.0472761402093373,0.9095177214290787,0.09636207607544206,1.0,0.375,0.7714765244158578,Surv-GAN
0.025849690439272353,0.8295454545454546,0.04831341574150976,0.9210242204702039,0.11043059663464316,1.0,0.421875,0.7756743288056944,Surv-GAN
0.023769921297971477,0.8399621212121212,0.030493600752028616,0.9159102208963704,0.09767373740410927,1.0,0.40625,0.7759044303959999,Surv-GAN
0.025231917570347703,0.8385416666666667,0.07578913974208343,0.9162262944811422,0.1294713689802065,1.0,0.375,0.7711014434804155,Surv-GAN
0.02264449872087445,0.8461174242424243,0.04691028276479944,0.91293770864408,0.11239467051972957,1.0,0.421875,0.7583922306347366,Surv-GAN
0.024261210331840033,0.8309659090909091,0.05210023917545067,0.9162511542012928,0.12260798563794796,2.0,0.375,0.7861277935658729,Surv-GAN
0.026436394732380904,0.8172348484848484,0.011106145109491008,0.939203778677463,0.09419631962066792,1.0,0.3489583333333333,0.7677971400361855,Surv-GAN
0.02402548458710967,0.8319128787878789,0.06101588051495007,0.9276653171390015,0.11672930617698651,1.0,0.40625,0.7640965868194147,Surv-GAN
0.02168202137568186,0.8484848484848485,0.0511882812270796,0.9055437175935792,0.13697000288529082,1.0,0.3541666666666667,0.7873838165486321,Surv-GAN
0.02520711590141607,0.8361742424242425,0.06554652551825198,0.9198629164003126,0.10694156418659018,1.0,0.3645833333333333,0.7801358843726032,Surv-GAN
0.024906188434904407,0.831439393939394,0.027561375311213224,0.8944136657433056,0.10171852012097461,1.0,0.4166666666666667,0.7741211267149898,Surv-GAN
0.023282945987208335,0.8418560606060606,0.05172453466344478,0.9119007031749413,0.10095000743107974,1.0,0.390625,0.7720384174283744,Surv-GAN
0.025741957779009426,0.8271780303030304,0.07081099315302875,0.9205589885645289,0.09707755781742074,2.0,0.3958333333333333,0.7770000058143628,Surv-GAN
0.022851988541084212,0.8489583333333335,0.03910331159325879,0.9173947013282193,0.09169194824282552,1.0,0.46875,0.771700924555486,Surv-GAN
0.025395696897666444,0.8357007575757575,0.051530629718808264,0.9275552240926203,0.12056177310369066,1.0,0.390625,0.7778615540842017,Surv-GAN
0.022425342562126752,0.8442234848484848,0.02911027996517415,0.9101037005469138,0.10587755081888457,1.0,0.4010416666666667,0.7694767124499862,Surv-GAN
0.022710670437534535,0.8423295454545454,0.037804668774589927,0.9057141842460401,0.0984537564591864,1.0,0.3854166666666667,0.7757470596449656,Surv-GAN
0.024993828763699134,0.8390151515151515,0.05462214325081238,0.9119965906669508,0.10100972417921239,1.0,0.3645833333333333,0.7697038469857482,Surv-GAN
0.02410630667978999,0.8451704545454546,0.06524240020036193,0.9123233184175013,0.09563180656789061,2.0,0.375,0.7810777972037173,Surv-GAN
0.0241755040132967,0.8380681818181818,0.05614301439636409,0.9133070530577454,0.09651975419524748,2.0,0.4010416666666667,0.7786251254750683,Surv-GAN
0.02240040984509646,0.8409090909090909,0.0720579080242322,0.9154662973222528,0.10294297667001584,1.0,0.4166666666666667,0.7721723389085051,Surv-GAN
0.023408251434304736,0.8399621212121211,0.03846784382916369,0.9228815967043115,0.0974018174246617,1.0,0.4166666666666667,0.7814998684246612,Surv-GAN
0.02446701210667266,0.8342803030303031,0.025918536598326516,0.9158676042332552,0.10405862801824746,1.0,0.359375,0.770996268526109,Surv-GAN
0.0261746347394944,0.8205492424242425,0.038222919680057546,0.9206477732793523,0.11216022934895697,1.0,0.3125,0.7716889773776392,Surv-GAN
0.024309395553338775,0.8361742424242425,0.04520562801541935,0.9037040983024364,0.09755512688988861,1.0,0.3645833333333333,0.7891404800127934,Surv-GAN
0.025848514395046495,0.8309659090909091,0.07177398700020571,0.9204027274664395,0.1080025775262583,1.0,0.34375,0.7634299164616313,Surv-GAN
0.024555907229871422,0.8338068181818182,0.06028532836444603,0.914042190496484,0.09740627624098103,1.0,0.4166666666666667,0.7691166179941342,Surv-GAN
0.02443386716850063,0.8361742424242423,0.05099787326221733,0.912223879536899,0.09259807467501802,1.0,0.4479166666666667,0.77611656110839,Surv-GAN
0.024866173073345665,0.8295454545454546,0.06983290195146334,0.916116201434761,0.10106861062135863,1.0,0.40625,0.7632290393476616,Surv-GAN
0.026290136901172035,0.8200757575757577,0.05123933735266154,0.9217984231834647,0.10022682480078238,1.0,0.3958333333333333,0.7678015161720285,Surv-GAN
0.024788370222472222,0.8371212121212122,0.07729474831641807,0.9055401662049862,0.1049122217899461,1.0,0.4583333333333333,0.7811092006697609,Surv-GAN
0.024063784972625943,0.8371212121212122,0.07250583737216106,0.8981816890404148,0.10353377827874843,2.0,0.3802083333333333,0.777460945108686,Surv-GAN
0.023962211676334555,0.834753787878788,0.050993530611329156,0.9067618438809575,0.12481013340270895,1.0,0.375,0.7658138770559777,Surv-GAN
0.02372129136508714,0.8409090909090909,0.0438530356871158,0.9146743376660273,0.14877496278879845,1.0,0.4270833333333333,0.7725949625141565,Surv-GAN
0.026488231042873223,0.8328598484848484,0.08130472313971109,0.9186270331699695,0.10566616264888429,2.0,0.4270833333333333,0.7816423838973112,Surv-GAN
0.022856455077416706,0.8461174242424242,0.03819852952164649,0.910217344981888,0.10247664144925435,1.0,0.375,0.7787524205988214,Surv-GAN
0.02387312720686239,0.8352272727272727,0.03192117319933759,0.9046487676681583,0.11830440464141323,1.0,0.3958333333333333,0.7813797317157916,Surv-GAN
0.025651553616772918,0.8257575757575757,0.04877289315116652,0.9053910078840828,0.10822446721805497,1.0,0.4375,0.7781245350758902,Surv-GAN
0.028309055845143673,0.809185606060606,0.033208687867039455,0.9199126358406137,0.1051065584175012,2.0,0.3385416666666667,0.7849288075496136,Surv-GAN
0.024874036339172387,0.8304924242424242,0.03318407495387906,0.9280879323815612,0.10456613331052732,1.0,0.3958333333333333,0.7775274521008354,Surv-GAN
0.02328554982785905,0.8475378787878788,0.03821660652651932,0.8980609418282548,0.09669091239709092,1.0,0.390625,0.7687226114009031,Surv-GAN
0.026534751299365777,0.8210227272727273,0.06809567755909511,0.9372469635627532,0.12221262993370645,1.0,0.4010416666666667,0.7833009173887184,Surv-GAN
0.02477327234832574,0.8342803030303031,0.037631813473698705,0.9138149016265359,0.10092938528126172,1.0,0.4114583333333333,0.7761857499743833,Surv-GAN
0.025072737630746557,0.8399621212121212,0.05554879757482326,0.9279103629519142,0.11379865259287919,1.0,0.3854166666666667,0.7632770431807077,Surv-GAN
0.02405148302996718,0.8371212121212122,0.04800420516386072,0.9078272604588393,0.09611564379098869,1.0,0.421875,0.772449723586572,Surv-GAN
0.026053856440214504,0.8267045454545454,0.07562521747628156,0.938550323176362,0.10396731885162173,1.0,0.3645833333333333,0.7576602486377447,Surv-GAN
0.02474139847095597,0.8271780303030302,0.05964765966287054,0.90141345265999,0.09866987279148472,1.0,0.4114583333333333,0.7707188965549964,Surv-GAN
0.02405107393576199,0.8357007575757577,0.02734116723424796,0.9002237374813552,0.09983024595265137,1.0,0.3802083333333333,0.7733373001305964,Surv-GAN
0.02514686611586647,0.8333333333333335,0.05868586684897035,0.9084132395766744,0.09407729319992914,1.0,0.453125,0.7688033587956866,Surv-GAN
0.02585045920313066,0.8257575757575757,0.06554430966612042,0.9163399389161162,0.11468358451239352,1.0,0.3854166666666667,0.77890418064103,Surv-GAN
0.0239049858539398,0.8409090909090909,0.04342928338675952,0.9089175367568719,0.11223193272076204,1.0,0.3645833333333333,0.7799076705441109,Surv-GAN
0.02552543337223908,0.8252840909090909,0.06625657592919007,0.9263086866964982,0.10492814548409923,1.0,0.390625,0.7693854259306142,Surv-GAN
0.025346506999734654,0.8285984848484849,0.06390311111226411,0.9079622132253711,0.10238225198616008,1.0,0.3385416666666667,0.7743201557994588,Surv-GAN
0.02424816512475042,0.837121212121212,0.05474543674902809,0.9283010156971377,0.09935512397698441,1.0,0.4010416666666667,0.7781663299062876,Surv-GAN
0.02387791729721873,0.8342803030303031,0.05328042208641701,0.895862632289225,0.14014213267456052,1.0,0.40625,0.7866705355463293,Surv-GAN
0.02326129846853463,0.8385416666666667,0.04307774456393105,0.9090631436891826,0.10623639517579431,1.0,0.3697916666666667,0.7681720457640259,Surv-GAN
0.024055881834168003,0.8328598484848485,0.030315570790264344,0.9065913772284964,0.1495102149313106,1.0,0.4010416666666667,0.7615082978397858,Surv-GAN
0.024733211219880293,0.8319128787878788,0.04183512312864482,0.9092158533986788,0.09812558577362669,1.0,0.3958333333333333,0.7655610643278752,Surv-GAN
0.024015633375730417,0.8290719696969696,0.042983289274210405,0.9153171390013496,0.09387924725572593,1.0,0.4114583333333333,0.7758630917280033,Surv-GAN
0.02545244798888405,0.8409090909090909,0.060195385089824596,0.8925314297890475,0.11870745395768822,2.0,0.4010416666666667,0.7784033773997477,Surv-GAN
0.02420033672369871,0.8328598484848484,0.03294005604951633,0.9195503942041338,0.09600515832006591,1.0,0.390625,0.7765517731764475,Surv-GAN
0.025221631749173523,0.8300189393939393,0.032105239583535464,0.9316677320832445,0.11442572091613334,1.0,0.34375,0.7785114843699389,Surv-GAN
0.023717413976345556,0.8423295454545454,0.0487621648221974,0.8790574614674338,0.10459271386896833,1.0,0.4270833333333333,0.7754895310639728,Surv-GAN
0.025198955490339483,0.8290719696969696,0.037393197470618755,0.9195077775410183,0.10892099094591086,1.0,0.4114583333333333,0.7690196087340613,Surv-GAN
0.025719892052907724,0.8276515151515152,0.04051615022771367,0.9111478087932381,0.10359520772323376,1.0,0.3385416666666667,0.7748965927049601,Surv-GAN
0.025448648408355687,0.8276515151515151,0.033441499033943695,0.9131010725193551,0.10045934710650106,2.0,0.3802083333333333,0.7735090713755667,Surv-GAN
0.02273279628825301,0.84375,0.05193670004530459,0.921663470416933,0.1408412191301792,2.0,0.3333333333333333,0.7730064981033002,Surv-GAN
0.022924677597476517,0.8465909090909091,0.040444736526467184,0.9141203210455288,0.09550753169843669,1.0,0.4427083333333333,0.7791842940626053,Surv-GAN
0.02539428166258061,0.8271780303030302,0.039579103936523315,0.904545777398963,0.09586566431164523,1.0,0.3854166666666667,0.7722314102199663,Surv-GAN
0.024008226586297778,0.847064393939394,0.0767903444381229,0.9169720860856595,0.11321881778212843,1.0,0.3697916666666667,0.7683718484927149,Surv-GAN
0.026670085237265027,0.824810606060606,0.068689601249562,0.9310178279707365,0.10235335541157238,1.0,0.3802083333333333,0.7632689485555021,Surv-GAN
0.02539471743143178,0.8347537878787878,0.04225842006273531,0.9147773279352227,0.18681488934436855,1.0,0.4166666666666667,0.7751703830975613,Surv-GAN
0.022829277878315356,0.8423295454545454,0.027539375247548747,0.9067405355493998,0.10346523070072967,1.0,0.359375,0.7736979932860591,Surv-GAN
0.024691943047576527,0.8295454545454546,0.04301604439891336,0.9017188720789828,0.17370557219981983,1.0,0.3958333333333333,0.7734020528008151,Surv-GAN
0.024629526538501076,0.8361742424242425,0.07057817666099628,0.9141451807656793,0.10350873397720017,1.0,0.390625,0.7758850707388143,Surv-GAN
0.023902385167054882,0.8300189393939394,0.04672468835577258,0.8946516087790327,0.1288221582585137,1.0,0.40625,0.7771126894297957,Surv-GAN
0.02581147281456675,0.8304924242424243,0.03320426638581816,0.902652887278926,0.09836153308694055,1.0,0.3541666666666667,0.774811564976409,Surv-GAN
0.02438671290434672,0.8347537878787878,0.03406322349663711,0.8914873215427234,0.10062351883296872,1.0,0.3802083333333333,0.770483657075642,Surv-GAN
0.025247294745049845,0.8196022727272727,0.048456387805432405,0.9142623765892465,0.08926128843732585,1.0,0.421875,0.7739834109107447,Surv-GAN
0.023035960022255622,0.840435606060606,0.04596855106661927,0.9123943461893601,0.08634413694402894,1.0,0.40625,0.762847395144579,Surv-GAN
0.025519604904626556,0.8262310606060606,0.04741012306389416,0.9213402940549754,0.10097951916035282,1.0,0.421875,0.7555195614028195,Surv-GAN
0.023379204042687077,0.8428030303030304,0.0612995268241397,0.903839051068968,0.1072397823695947,1.0,0.4010416666666667,0.7681356309547058,Surv-GAN
0.023747761182077956,0.8394886363636364,0.043421061865013134,0.9287165281625116,0.1281410421583626,1.0,0.3854166666666667,0.7819016359617146,Surv-GAN
0.02530734248323452,0.8366477272727273,0.05730997828984723,0.9378578024007386,0.10746823817556077,3.0,0.4010416666666667,0.7819480218981447,Surv-GAN
0.025566139337262248,0.821496212121212,0.06987085685116248,0.9072128702322608,0.1006755256876406,1.0,0.40625,0.7730646975125667,Surv-GAN
0.023704266293309673,0.8352272727272727,0.05540078932019379,0.9343277221393566,0.09978010660035765,1.0,0.390625,0.7685657455091844,Surv-GAN
0.02492512553167026,0.8319128787878788,0.05448970542887578,0.9156722778606434,0.10022882420151741,1.0,0.40625,0.7681830921784215,Surv-GAN
0.027509067271456012,0.8181818181818182,0.059812128699671105,0.9193337594999644,0.09820719656707905,1.0,0.40625,0.7695589561204741,Surv-GAN
0.024478930598467764,0.8375946969696971,0.05011767589937034,0.9275019532637261,0.0966857073004279,1.0,0.3958333333333333,0.7636625990468394,Surv-GAN
0.023456566916227963,0.8399621212121212,0.057120503187294884,0.9008132679877832,0.11043030304513345,3.0,0.40625,0.768417286695804,Surv-GAN
0.02406776123122265,0.8357007575757577,0.05343334420372457,0.931053341856666,0.10575652929738015,1.0,0.4010416666666667,0.7636072343420194,Surv-GAN
0.02550702709751534,0.8238636363636364,0.05114011041544242,0.9123730378578024,0.1121721819148697,1.0,0.3854166666666667,0.7829289241866221,Surv-GAN
0.02255884580491093,0.840435606060606,0.046806931106750514,0.9131969600113644,0.10376866065009382,1.0,0.4010416666666667,0.7671449216082146,Surv-GAN
0.02652622282715713,0.8196022727272727,0.07490692984454714,0.9263406491938347,0.11964719539576531,1.0,0.3958333333333333,0.7744533609471129,Surv-GAN
0.025546267273346378,0.8238636363636364,0.07224259170260212,0.9237872007955111,0.10957817244603006,1.0,0.3645833333333333,0.780374723364216,Surv-GAN
0.02499598542370784,0.8328598484848485,0.07238967512580731,0.9202429149797571,0.10601778876426471,1.0,0.3958333333333333,0.773800426596754,Surv-GAN
0.02616380372293775,0.8196022727272727,0.06878268097409419,0.9076816535265289,0.12831654356781383,4.0,0.375,0.7824554731390779,Surv-GAN
0.023871728950218232,0.8465909090909091,0.07218372307215516,0.9061367994886,0.1227318063149282,1.0,0.4479166666666667,0.7794098298351537,Surv-GAN
0.024216628027462838,0.8413825757575758,0.06534741472925844,0.9053590453867463,0.15580201485898348,1.0,0.3645833333333333,0.7749353036632429,Surv-GAN
0.026535359711819227,0.8224431818181818,0.05419782576488279,0.9158214361815471,0.08885335780691539,1.0,0.4010416666666667,0.767263821893167,Surv-GAN
0.024810997048728686,0.8342803030303029,0.052044037325523526,0.9227999147666738,0.12858322003542755,1.0,0.390625,0.7756722968950466,Surv-GAN
0.022960648386558338,0.8409090909090909,0.03173668540423844,0.9334185666595639,0.15227067520956733,1.0,0.4114583333333333,0.7695799825915142,Surv-GAN
0.02634135251991008,0.821496212121212,0.043709058656424826,0.9123588323034306,0.11042831123616874,2.0,0.390625,0.7846392156639188,Surv-GAN
0.02347799031423824,0.84375,0.06168963413484156,0.9022196178705875,0.09554299408420432,1.0,0.3541666666666667,0.7758426309469222,Surv-GAN
0.02319351363012685,0.8390151515151516,0.03477033461138017,0.9275587754812132,0.10298532372161029,1.0,0.4375,0.7802177008502618,Surv-GAN
0.02678719967794446,0.8219696969696971,0.0448169468602833,0.9453228212230982,0.09805793846741517,1.0,0.3854166666666667,0.786173257043064,Surv-GAN
0.023827391400755068,0.8361742424242425,0.06966238698982649,0.9282619504226153,0.09984543836824337,1.0,0.3697916666666667,0.7775729878964881,Surv-GAN
0.026607159568064375,0.821496212121212,0.06516569086933545,0.9333972583280061,0.10469104165951425,1.0,0.375,0.75529204078081,Surv-GAN
0.024913689704795683,0.8432765151515151,0.0810362513681059,0.9165956388948079,0.10183967984629745,1.0,0.4322916666666667,0.7828803032669962,Surv-GAN
0.023460586072498346,0.8333333333333335,0.04937229689542323,0.9240038354996803,0.13664426045029568,1.0,0.3489583333333333,0.7687777849995718,Surv-GAN
0.024903386246339646,0.8338068181818182,0.0592361290607608,0.914688543220399,0.10110652279320002,3.0,0.40625,0.7665308515582473,Surv-GAN
0.02447589657573519,0.8319128787878789,0.0716634767898847,0.9064067050216634,0.09927017436375778,3.0,0.3958333333333333,0.7800667907876188,Surv-GAN
0.02190774063693626,0.850378787878788,0.040517485878655515,0.8890262092478161,0.09588494290369047,6.0,0.421875,0.785247571807884,Surv-GAN
0.02438498154842592,0.8357007575757577,0.020037966126195243,0.9193870303288586,0.11458978575780461,1.0,0.4427083333333333,0.7698371939013615,Surv-GAN
0.02783267763348429,0.803503787878788,0.06336070338487197,0.9441473115988351,0.10901604451911194,3.0,0.3645833333333333,0.7644619438107226,Surv-GAN
0.022975088739432655,0.8390151515151516,0.06968981312459761,0.8797073655799418,0.09778793701648748,1.0,0.4114583333333333,0.7635206256956163,Surv-GAN
0.024991562401995047,0.831439393939394,0.08165710957128672,0.9248881312593225,0.13797499701633628,2.0,0.359375,0.7668514372715918,Surv-GAN
0.02507886887612337,0.8300189393939394,0.05139988556513841,0.9235208466510405,0.09210895629132543,1.0,0.3854166666666667,0.7787519800936965,Surv-GAN
0.02453898399727805,0.8390151515151516,0.05160025345229962,0.9382520065345549,0.10647531135713323,1.0,0.3802083333333333,0.7741977722362378,Surv-GAN
0.025372855460375376,0.8290719696969696,0.06295198453947799,0.9018999928972228,0.09462624520392125,1.0,0.4322916666666667,0.7752670652807012,Surv-GAN
0.02292098785601168,0.8456439393939394,0.03374450766491519,0.9238795368989274,0.09294936258905806,1.0,0.453125,0.7752984562199232,Surv-GAN
0.02826805958962234,0.8143939393939393,0.07638438174708119,0.9368918247034591,0.10407423350322083,3.0,0.3072916666666667,0.7703978822836947,Surv-GAN
0.0249768221164799,0.8347537878787878,0.052451534358833214,0.9277541018538248,0.1029157058646724,1.0,0.3802083333333333,0.7736601004219864,Surv-GAN
0.02357091977759981,0.8418560606060607,0.05903170463875403,0.9167838624902338,0.0940923107296347,3.0,0.4114583333333333,0.7789071618620841,Surv-GAN
0.02381529471898862,0.8404356060606062,0.07336504664693207,0.9195255344839832,0.09601327953767998,1.0,0.4322916666666667,0.7708410891422532,Surv-GAN
0.02582644702936764,0.8357007575757577,0.06975770824534486,0.9487499112152852,0.09606358549316692,1.0,0.3229166666666667,0.7714717086892613,Surv-GAN
0.0248837466202504,0.8375946969696969,0.057654420618303504,0.9183109595851979,0.10035911207704402,1.0,0.3802083333333333,0.7830336422517897,Surv-GAN
0.02784744758568274,0.8139204545454546,0.06847760733970497,0.9326443639463029,0.1341824108901368,1.0,0.359375,0.768387778446721,Surv-GAN
0.025582969130673913,0.8357007575757575,0.05030979207327071,0.9233894452731018,0.09960256942299395,1.0,0.390625,0.7613040357297728,Surv-GAN
0.024853209157638532,0.8333333333333333,0.06351162583340132,0.9396299453086157,0.1556688616818256,1.0,0.390625,0.78440725902194,Surv-GAN
0.02464064092183159,0.8385416666666667,0.05197950689621977,0.9356665956388948,0.11712224693478097,1.0,0.40625,0.7798078834693231,Surv-GAN
0.024975580793190802,0.8357007575757577,0.0715235027109892,0.9256978478585127,0.15142197963644324,1.0,0.421875,0.7872384148536907,Surv-GAN
0.02517483511097727,0.8357007575757577,0.04601789929358378,0.9261914908729313,0.09557572155751197,2.0,0.3958333333333333,0.772475969186008,Surv-GAN
0.023033055794137055,0.8394886363636364,0.06245696342679258,0.9246643937779672,0.09585159863448944,1.0,0.3854166666666667,0.7748477308787318,Surv-GAN
0.02266778525771017,0.8385416666666667,0.05171502225286026,0.9185595567867036,0.11006675592404923,1.0,0.3697916666666667,0.7593615943887633,Surv-GAN
0.02695585849690405,0.8214962121212122,0.07955390626595461,0.9187513317707223,0.10735265162050096,1.0,0.3385416666666667,0.7719262488794295,Surv-GAN
0.025837012283856972,0.8276515151515151,0.050746273427980854,0.9115810782015767,0.15450502522664603,1.0,0.3958333333333333,0.7727719866186847,Surv-GAN
0.026346953617846856,0.821496212121212,0.061383274456468954,0.9374458413239577,0.1075707672120995,1.0,0.40625,0.7718553939183944,Surv-GAN
0.025091973675748957,0.8276515151515151,0.07565174026496006,0.9161978833723987,0.10330522564614453,1.0,0.40625,0.780679492361791,Surv-GAN
0.016835869219097615,0.8821022727272727,0.07330706192132062,0.8880140634988279,0.0885120801556369,2.0,0.4427083333333333,0.792756504334648,Surv-VAE
0.01554232720273348,0.887310606060606,0.0529446361552713,0.8784075573549257,0.09815209670784382,2.0,0.4114583333333333,0.7814840309700521,Surv-VAE
0.017122550297092035,0.8797348484848484,0.07832644458680885,0.891618722920662,0.09989131184859845,1.0,0.3854166666666667,0.7941146260425372,Surv-VAE
0.01392262794923019,0.8967803030303029,0.06262965769184684,0.8935506783152214,0.17047819631866098,1.0,0.4635416666666667,0.7912251042810038,Surv-VAE
0.01452864544956723,0.8982007575757575,0.057495453066563874,0.888497052347468,0.09179448008743891,3.0,0.4166666666666667,0.7858582941252187,Surv-VAE
0.013057759677005731,0.8986742424242423,0.0829499613082694,0.8869131330350168,0.09829120744898275,1.0,0.390625,0.7839431777661491,Surv-VAE
0.01428974788404958,0.8882575757575758,0.06314201824215314,0.908157539597983,0.09152820673225248,4.0,0.4010416666666667,0.780285174046604,Surv-VAE
0.016401916064404113,0.8863636363636364,0.07459425787581622,0.8961787058739967,0.0980818215110449,3.0,0.4270833333333333,0.7924271377139861,Surv-VAE
0.013216647814439004,0.8948863636363636,0.0753463955963117,0.8751793451239435,0.08917477176316613,1.0,0.3958333333333333,0.7868452921423905,Surv-VAE
0.01506722138906552,0.8929924242424243,0.07815901872089298,0.9098302436252574,0.103491781513168,1.0,0.421875,0.7979164517172175,Surv-VAE
0.01448541652349798,0.8948863636363636,0.07533245079635317,0.9035726969244976,0.12687160509085266,1.0,0.40625,0.7999880840085317,Surv-VAE
0.015179395083956009,0.8825757575757577,0.06422362874314744,0.8864479011293416,0.0963338361784493,1.0,0.4010416666666667,0.772675448799879,Surv-VAE
0.015506929821924188,0.8920454545454546,0.06874242878425021,0.8789509198096456,0.09557112684885465,2.0,0.4479166666666667,0.7833374847023334,Surv-VAE
0.015762596928902063,0.8858901515151515,0.045028137032108305,0.885776688685276,0.0927772010937281,1.0,0.421875,0.7858746580036521,Surv-VAE
0.015658379443439924,0.8844696969696969,0.07870890702353597,0.891743021521415,0.0961426039945202,2.0,0.40625,0.7800707084777709,Surv-VAE
0.013517660329137827,0.8982007575757577,0.06737944592467701,0.8962284253142979,0.09022499562376296,1.0,0.4375,0.7918005904378939,Surv-VAE
0.013147614738163421,0.9010416666666665,0.02328399646226352,0.9040592371617302,0.08430558195436551,2.0,0.4635416666666667,0.7839194389783618,Surv-VAE
0.01276199267346575,0.8929924242424243,0.05882059762850564,0.9005611193976844,0.09103378636245614,2.0,0.40625,0.7847604105534919,Surv-VAE
0.01505990408023833,0.8896780303030302,0.053946763176758276,0.8863271539171815,0.13681271170231013,2.0,0.3958333333333333,0.7757806529048101,Surv-VAE
0.015294289708150012,0.8811553030303029,0.07567123796875132,0.8930463811350238,0.09498117766049911,2.0,0.4479166666666667,0.7948572413963122,Surv-VAE
0.01622955737373305,0.8825757575757577,0.08503369274247802,0.8844271610199588,0.09995903354633688,2.0,0.4010416666666667,0.7966840714999456,Surv-VAE
0.013205915756782077,0.8920454545454546,0.08164253927801274,0.8679806804460544,0.09440134933010765,2.0,0.4322916666666667,0.7815106848646212,Surv-VAE
0.016389710617817955,0.8944128787878788,0.09428677966490734,0.8817139001349528,0.10764244270071138,1.0,0.3489583333333333,0.7829955174786702,Surv-VAE
0.013821200752305585,0.8896780303030304,0.07107616419284556,0.9009553235315009,0.09445919991431158,4.0,0.3958333333333333,0.8052101171911289,Surv-VAE
0.014527038032476654,0.8910984848484849,0.05831110903306349,0.8926415228354285,0.08518725896045647,2.0,0.4479166666666667,0.7943894011045483,Surv-VAE
0.012459571303108463,0.8963068181818182,0.03905476812136071,0.882473897293842,0.08611097040112707,1.0,0.4114583333333333,0.7767575102778396,Surv-VAE
0.01478293324744634,0.8806818181818182,0.05927993515157582,0.9009801832516512,0.0926584422018016,2.0,0.4270833333333333,0.7853911863668606,Surv-VAE
0.014484416879066136,0.8934659090909091,0.04546653408642679,0.8722814120321045,0.09009121430559149,1.0,0.3802083333333333,0.7768684622522422,Surv-VAE
0.014521854672460772,0.8925189393939394,0.056909734722995764,0.8698700191774984,0.1599302194975816,1.0,0.3854166666666667,0.7948372821229641,Surv-VAE
0.012962099459459647,0.8963068181818182,0.06100750342801492,0.9069323105334186,0.09284031091023735,2.0,0.3958333333333333,0.7869904980777996,Surv-VAE
0.01505280633137958,0.8901515151515151,0.06033188987430475,0.893216847787485,0.1066912946439864,4.0,0.3802083333333333,0.7904798219817687,Surv-VAE
0.015021181412572254,0.8882575757575758,0.07016213347059246,0.8923751686909581,0.08852713916810369,1.0,0.4427083333333333,0.771520827974563,Surv-VAE
0.015594989538118675,0.887310606060606,0.0694615497935099,0.8997940194616094,0.09508412805258658,3.0,0.390625,0.7940830424202232,Surv-VAE
0.01493498514888386,0.8863636363636364,0.0406772595965384,0.8745400951772144,0.0829557961485737,1.0,0.4427083333333333,0.7753724618353238,Surv-VAE
0.01491981611196539,0.887310606060606,0.058705181892930655,0.9003515874707011,0.1600091367731804,1.0,0.375,0.7818689629020418,Surv-VAE
0.01523056394530864,0.8882575757575757,0.06964887212518277,0.8662405000355138,0.08961203502128616,2.0,0.4427083333333333,0.7877398260873067,Surv-VAE
0.013395043314814437,0.8963068181818182,0.0596085255282604,0.8707862774344768,0.10128857723288619,1.0,0.4583333333333333,0.7879993395798495,Surv-VAE
0.013421216662431179,0.8977272727272727,0.05221556082188354,0.9030399886355565,0.09488653864312775,1.0,0.3802083333333333,0.793017927977723,Surv-VAE
0.013642620337170614,0.8948863636363634,0.07027449169599462,0.8803714752468215,0.09954318970922693,3.0,0.4427083333333333,0.786158471472147,Surv-VAE
0.012752964514119624,0.8934659090909091,0.07972479357768758,0.9006605582782867,0.09269148034127377,1.0,0.421875,0.7922274511648884,Surv-VAE
0.014230607692058805,0.8915719696969698,0.0667802506790626,0.9120711698274026,0.10195584450366783,1.0,0.3697916666666667,0.7896544703606754,Surv-VAE
0.014001171482488105,0.8925189393939393,0.04978170193351137,0.8872221038426022,0.09125324977873428,2.0,0.4895833333333333,0.7940185962172401,Surv-VAE
0.01423712218109185,0.8948863636363636,0.07424141417009758,0.8841998721500106,0.0967568554185138,1.0,0.4322916666666667,0.7921918129980903,Surv-VAE
0.015384956904278218,0.8811553030303031,0.09346351521564415,0.9096384686412389,0.10285489962394977,1.0,0.421875,0.7958451144433926,Surv-VAE
0.01312049865497405,0.8958333333333335,0.061461930462436865,0.8809716599190283,0.08897293318543502,1.0,0.4166666666666667,0.7796068553601869,Surv-VAE
0.01474919382339031,0.8868371212121212,0.05458065262935346,0.8947865615455644,0.0964217792974827,3.0,0.4270833333333333,0.7880694285091637,Surv-VAE
0.015629853962444155,0.8877840909090909,0.07493709583125067,0.8736309396974218,0.0934056435056815,2.0,0.4114583333333333,0.7885529422899241,Surv-VAE
0.014065900588202146,0.8882575757575757,0.06669464225560773,0.891497975708502,0.09786401563914465,2.0,0.390625,0.7848325621520625,Surv-VAE
0.01646206002101895,0.8825757575757577,0.07521100357636108,0.9154662973222528,0.09281760885742968,4.0,0.4166666666666667,0.7837160273905236,Surv-VAE
0.013396437515117475,0.8977272727272727,0.049245134102894925,0.883645855529512,0.08907954211532187,3.0,0.4270833333333333,0.7805945733976741,Surv-VAE
0.012844628587742851,0.8963068181818182,0.07126713433245627,0.8879430357269692,0.08957406452531365,2.0,0.4322916666666667,0.7802760662307532,Surv-VAE
0.014820932982763461,0.8868371212121211,0.0658858348210319,0.8770828894097592,0.09054723820507905,1.0,0.4635416666666667,0.7779878189262424,Surv-VAE
0.015402874293983414,0.8920454545454546,0.08179201881649695,0.8858086511826123,0.10534564537407844,1.0,0.3958333333333333,0.7785772234688192,Surv-VAE
0.014376335597734683,0.8925189393939393,0.07365166448189184,0.8747034590524896,0.09103083001458932,3.0,0.3958333333333333,0.785158132746003,Surv-VAE
0.014440552044246413,0.8958333333333335,0.07355649238156145,0.8920164784430714,0.10116724338822702,1.0,0.3645833333333333,0.7811748050704496,Surv-VAE
0.01510334638164834,0.8844696969696971,0.04663573592863536,0.8656864834150154,0.09587077314772308,1.0,0.4479166666666667,0.7950904831289903,Surv-VAE
0.015225827416663536,0.8925189393939394,0.08173838618850376,0.9084842673485334,0.10046927635133503,2.0,0.4166666666666667,0.7961857829111855,Surv-VAE
0.01785734971511318,0.8892045454545454,0.06893170031630665,0.9216137509766318,0.09863863717869888,4.0,0.390625,0.7876098487313652,Surv-VAE
0.015109170603844991,0.8920454545454546,0.07267426149825665,0.8480325307195112,0.09801638869251073,2.0,0.4375,0.7885054078801012,Surv-VAE
0.015303823455339954,0.8915719696969698,0.04752022928221385,0.8839761346686554,0.09159339181484427,4.0,0.40625,0.7968210667896862,Surv-VAE
0.012600823763523167,0.8948863636363636,0.04450927743856974,0.8789686767526103,0.09944456307143634,1.0,0.4166666666666667,0.7925701318531883,Surv-VAE
0.016997125572125512,0.8787878787878788,0.09434450432035768,0.893270118616379,0.09087543734548721,1.0,0.390625,0.7918836068243723,Surv-VAE
0.014013958258292013,0.8892045454545454,0.0686872563081919,0.9178137651821864,0.10240350470048402,3.0,0.4427083333333333,0.7857797675899412,Surv-VAE
0.013514774100975136,0.8948863636363638,0.06676741072814033,0.9019035442858158,0.09831857413175826,2.0,0.3697916666666667,0.7799953121980542,Surv-VAE
0.012470025267891838,0.8967803030303029,0.05049187209073087,0.8809858654734001,0.09174039296098185,3.0,0.421875,0.7864932095696745,Surv-VAE
0.015873536386144926,0.8929924242424243,0.06836390709162415,0.8855138859293984,0.09294176893243611,4.0,0.453125,0.7805908438348917,Surv-VAE
0.0156510588078531,0.8863636363636364,0.06242891769744233,0.9143795724128134,0.09044234952862033,1.0,0.4322916666666667,0.7825939297805777,Surv-VAE
0.014837924003337343,0.8920454545454547,0.0803086332343447,0.8729810355849137,0.09170472377922655,2.0,0.4375,0.7923267874499446,Surv-VAE
0.013671204616297429,0.899621212121212,0.05340576165627992,0.8882378009801833,0.09248581578026531,2.0,0.4114583333333333,0.7804750990482612,Surv-VAE
0.012638714190329671,0.8925189393939394,0.06515539912528012,0.8784998934583422,0.09483016688641337,1.0,0.3645833333333333,0.7900247822802733,Surv-VAE
0.01334174141847902,0.8972537878787878,0.06528482413766669,0.8700191774984019,0.0992119696359484,1.0,0.4270833333333333,0.7842902356391239,Surv-VAE
0.014916620190033892,0.8854166666666665,0.07406245282628321,0.8916187229206619,0.0864223435030184,1.0,0.4479166666666667,0.7824818698855297,Surv-VAE
0.01393600325585134,0.8925189393939393,0.07828506760985396,0.8683145109737908,0.09950468589161426,1.0,0.4010416666666667,0.7940271555469053,Surv-VAE
0.014946375982748778,0.8939393939393938,0.05677067639801618,0.8778926060089495,0.09699756871110522,2.0,0.3958333333333333,0.7876211463944234,Surv-VAE
0.014683027259523546,0.8915719696969696,0.059063677564003186,0.8976099154769515,0.08982135364489673,1.0,0.421875,0.7677949365455703,Surv-VAE
0.014922753900675507,0.887310606060606,0.05099813075947321,0.9006641096668797,0.08910490616287452,2.0,0.40625,0.7853400143168089,Surv-VAE
0.014740813604573926,0.8939393939393938,0.054779816011987885,0.8964379572412813,0.10163523288575171,2.0,0.4322916666666667,0.7917756004008378,Surv-VAE
0.014083699095903367,0.8868371212121211,0.06236511578501043,0.8839832374458412,0.10169459782250802,1.0,0.4114583333333333,0.791429039770571,Surv-VAE
0.01466402830171072,0.8915719696969698,0.06033361493966135,0.8890972370196748,0.08746100868409551,1.0,0.421875,0.7832897873836395,Surv-VAE
0.012360490995511562,0.903409090909091,0.03695558756563463,0.8788337239860786,0.08882127490144294,1.0,0.40625,0.7959365748768913,Surv-VAE
0.016674839804166685,0.8844696969696971,0.08227758218300898,0.9122416364798636,0.10071263973102375,1.0,0.3854166666666667,0.7933715008642432,Surv-VAE
0.014053669467391188,0.8967803030303031,0.07341938294321708,0.8835286597059451,0.09627540288154819,2.0,0.4322916666666667,0.7806712530721878,Surv-VAE
0.014818363096134516,0.8963068181818182,0.06997987306045843,0.9032246608423893,0.09782741178457037,1.0,0.4427083333333333,0.7798856357812326,Surv-VAE
0.015217165557803142,0.8873106060606062,0.05398988521714813,0.9080936146033098,0.09501634379178847,1.0,0.4270833333333333,0.7749998009234499,Surv-VAE
0.014691483586871284,0.8948863636363636,0.06891901577390748,0.8939164713402941,0.08469114591036732,1.0,0.421875,0.7844895449429272,Surv-VAE
0.012354770155687448,0.9057765151515152,0.07065389319398914,0.8745258896228425,0.09536726228348713,1.0,0.46875,0.7804160921779453,Surv-VAE
0.014053465897468781,0.8896780303030302,0.04639118340326931,0.8836884721926273,0.09670413145629808,1.0,0.4479166666666667,0.7887416954419919,Surv-VAE
0.016493274107637127,0.8821022727272727,0.07465592867483598,0.915231905675119,0.10206322367621945,1.0,0.3958333333333333,0.788394863167105,Surv-VAE
0.017707575570079622,0.8783143939393938,0.06825724573761979,0.887893316286668,0.09807633879284501,2.0,0.4114583333333333,0.7838533067386736,Surv-VAE
0.014664131805617086,0.8934659090909091,0.05964443375162397,0.8929611478087931,0.08935977899972818,2.0,0.4270833333333333,0.7858909249502946,Surv-VAE
0.013701943506075037,0.8958333333333333,0.0751626782859584,0.8863307053057745,0.09787302286758481,3.0,0.3802083333333333,0.7950938496851976,Surv-VAE
0.015285682064047406,0.8858901515151515,0.0824566649134371,0.8911890049009162,0.0876221163740553,1.0,0.421875,0.7895937868508532,Surv-VAE
0.015045038616666643,0.890625,0.07085047758520698,0.88110661268556,0.09724226820731535,4.0,0.4166666666666667,0.7820254813250568,Surv-VAE
0.01263469862326802,0.8996212121212122,0.03941033289490457,0.9049612898643369,0.08985316968988959,1.0,0.40625,0.8000282861705761,Surv-VAE
0.0164500472485222,0.8839962121212122,0.06876253647820404,0.9050252148590099,0.09893573819941269,1.0,0.4114583333333333,0.7898330445612987,Surv-VAE
0.014608836092054857,0.8939393939393938,0.05354926365648459,0.9075751118687407,0.09658016913118785,3.0,0.3697916666666667,0.7939438002708193,Surv-VAE
0.01303677590868323,0.8920454545454546,0.0454459378621534,0.8774025143831237,0.09624501477268733,2.0,0.4375,0.7902425042964826,Surv-VAE
0.014512487488112208,0.8948863636363636,0.061506918375115974,0.9102812699765608,0.09715831815821314,1.0,0.4479166666666667,0.7840226140216169,Surv-VAE
0.015394130770695506,0.8887310606060607,0.08663380958030348,0.8914198451594574,0.10353752412676753,2.0,0.4114583333333333,0.7927353849435536,Surv-VAE
0.01544763876094888,0.8892045454545454,0.07792732412663077,0.8768982172029263,0.09706692790054049,1.0,0.3958333333333333,0.7867168973492457,Surv-VAE
0.01459488961047482,0.8887310606060606,0.0617220008714541,0.8981532779316712,0.10239668500477617,2.0,0.3802083333333333,0.7918530886282822,Surv-VAE
0.0153827228369689,0.8920454545454546,0.06513316228052017,0.8916187229206619,0.10033610536621705,3.0,0.4114583333333333,0.7981528224763351,Surv-VAE
0.015217764530189274,0.8877840909090909,0.07460939144918416,0.90968818808154,0.09381692134978675,1.0,0.40625,0.7865728596189542,Surv-VAE
0.01319021661470594,0.8948863636363634,0.07545514374454301,0.8844591235172953,0.09590518968449953,2.0,0.375,0.7824022074057061,Surv-VAE
0.014864015176604968,0.8844696969696971,0.05289597898050833,0.8904254563534341,0.09841885283706021,3.0,0.4375,0.7838393171296467,Surv-VAE
0.015815884072125582,0.8844696969696969,0.06116585544875066,0.9141025641025641,0.09621468283916156,5.0,0.4270833333333333,0.7920727317825672,Surv-VAE
0.015677515701502845,0.893939393939394,0.06725961214441997,0.868776191490873,0.0967967363428982,3.0,0.4114583333333333,0.7864990729432192,Surv-VAE
0.015569191285809835,0.8925189393939394,0.07820558865763243,0.9054158676042332,0.10213586079499189,1.0,0.375,0.7753066638208563,Surv-VAE
0.012380296168799444,0.9005681818181817,0.06652024094353069,0.8791782086795937,0.09198016556607543,1.0,0.3958333333333333,0.7754877699748252,Surv-VAE
0.01752334959148033,0.8768939393939393,0.06237727611773671,0.9108175296540948,0.09632672990013509,1.0,0.390625,0.801430524715617,Surv-VAE
0.015212201561277354,0.8868371212121211,0.0631858167706034,0.8794232544925065,0.09751408412701516,2.0,0.3802083333333333,0.7954969251398554,Surv-VAE
0.013707019358968847,0.893939393939394,0.056797863095106337,0.8830989416861993,0.09197625425229428,2.0,0.4166666666666667,0.7874285619155527,Surv-VAE
0.01611623344292964,0.8887310606060606,0.07617464901024552,0.890610128560267,0.0960929088460633,1.0,0.4322916666666667,0.791224809241234,Surv-VAE
0.014369274469159643,0.8958333333333333,0.07473783056727341,0.8901271397116272,0.10240628939666752,1.0,0.4322916666666667,0.7931393802462439,Surv-VAE
0.0154878630034528,0.8896780303030302,0.04796754232125095,0.8824490375736914,0.09290875288280709,2.0,0.4427083333333333,0.7696201306348347,Surv-VAE
0.013297339383978658,0.8934659090909091,0.04535096501660101,0.8857447261879395,0.16443414560387637,1.0,0.4583333333333333,0.789769453649266,Surv-VAE
0.012949793492278762,0.8982007575757575,0.06310806547375068,0.862742382271468,0.09378395182663322,2.0,0.4479166666666667,0.7876161885252784,Surv-VAE
0.013032389486962531,0.8982007575757575,0.053782100578450315,0.86907450813268,0.09292966135784037,4.0,0.4635416666666667,0.7839705577869026,Surv-VAE
0.01550688384874025,0.8892045454545454,0.06716724194929381,0.9032921372256553,0.09583394834635939,1.0,0.3697916666666667,0.7804097779017319,Surv-VAE
0.014708473783972175,0.8925189393939394,0.0639511230636654,0.9066588536117622,0.09963579871436505,2.0,0.40625,0.7833445346186614,Surv-VAE
0.015096732883875556,0.8854166666666667,0.08199547714009973,0.8978016904609702,0.1031179654029845,2.0,0.34375,0.7819632772730507,Surv-VAE
0.014488423642778631,0.8901515151515151,0.06297825903442644,0.8896583564173591,0.09278794833408598,2.0,0.3958333333333333,0.7773700845435454,Surv-VAE
0.016837720485185215,0.8844696969696971,0.06514955384881276,0.9246750479437461,0.09073413016973679,1.0,0.390625,0.7794730796694069,Surv-VAE
0.013680540095910465,0.8934659090909091,0.05400268553644363,0.8768307408196604,0.101634638335842,1.0,0.4114583333333333,0.7974681254634146,Surv-VAE
0.01484087419287234,0.8802083333333333,0.04379191585443642,0.8791604517366289,0.08895958336763782,5.0,0.453125,0.7745906142863751,Surv-VAE
0.012697874319932995,0.8958333333333333,0.055845601779336874,0.9255238298174586,0.09970973930924439,1.0,0.4114583333333333,0.7788925280720672,Surv-VAE
0.014902860419602365,0.8929924242424242,0.06963023633771519,0.9139214432843243,0.09713507935611582,1.0,0.4010416666666667,0.7836229071087468,Surv-VAE
0.013662130904415482,0.9034090909090907,0.0668310310373446,0.8822821223098233,0.08857589885465449,1.0,0.40625,0.785021693324731,Surv-VAE
0.016635188970010838,0.8787878787878788,0.07764295103744215,0.9087648270473755,0.09476344041106226,4.0,0.4375,0.7889058279650002,Surv-VAE
0.012973670609419265,0.8939393939393938,0.08197340568139677,0.8943461893600398,0.09610677066845945,1.0,0.4166666666666667,0.7882107421558042,Surv-VAE
0.012549199094145013,0.8948863636363636,0.061869642395724546,0.877036721358051,0.10155156882907916,2.0,0.421875,0.7925309369209025,Surv-VAE
0.012409695672327444,0.9005681818181818,0.05717195418327317,0.9051850273456921,0.09511188741571579,2.0,0.4635416666666667,0.7725373410267946,Surv-VAE
0.014407421324872466,0.8925189393939394,0.05754796978617996,0.8873783649406917,0.09817163999537393,1.0,0.390625,0.7794353595152952,Surv-VAE
0.014391708721364098,0.8982007575757577,0.05865724205383509,0.8875346260387811,0.092128178038018,3.0,0.4479166666666667,0.7923366973702166,Surv-VAE
0.014286791306823383,0.8858901515151515,0.0485852191419724,0.9002166347041693,0.08702530176487193,1.0,0.4114583333333333,0.7852611896305768,Surv-VAE
0.01485339976188406,0.8892045454545454,0.05558759038034177,0.906083528659706,0.09421531666415221,1.0,0.3645833333333333,0.7863073799811245,Surv-VAE
0.012570783766592914,0.9005681818181818,0.06374177195389749,0.8814013779387739,0.08988225167428072,3.0,0.4166666666666667,0.7886609504879918,Surv-VAE
0.014965145759711147,0.8877840909090909,0.06012581842346873,0.8722316925918033,0.0961168195783158,1.0,0.4479166666666667,0.7859941293387055,Surv-VAE
0.014766295240872291,0.8934659090909093,0.06578869590240194,0.8928865686483416,0.0998892113965641,4.0,0.4114583333333333,0.7808457092335136,Surv-VAE
0.013706075774919902,0.8925189393939394,0.056118213813423745,0.87650401306911,0.09843194305379492,3.0,0.4270833333333333,0.7698428163801802,Surv-VAE
0.01541833490729093,0.8877840909090909,0.08200244123893288,0.8801015697137581,0.09563508048241685,2.0,0.453125,0.7726897054234426,Surv-VAE
0.014158647831464994,0.8896780303030302,0.060779637953321794,0.8812735279494281,0.08190048240689446,1.0,0.4791666666666667,0.7969307696727299,Surv-VAE
0.0147171090170162,0.8854166666666667,0.060526097051674256,0.907255486895376,0.09753384976564732,1.0,0.4427083333333333,0.785107181266759,Surv-VAE
0.013414960233206317,0.8958333333333333,0.07910153933004042,0.8623339725832799,0.08567243790308281,3.0,0.4375,0.8015055369391868,Surv-VAE
0.0141686150803096,0.8977272727272727,0.06232153554623329,0.8610412671354499,0.10017756646227212,5.0,0.4375,0.7816744189550392,Surv-VAE
0.016351926600972337,0.8839962121212122,0.06882943279115424,0.9195326372611692,0.09233533293033469,2.0,0.421875,0.8017739083755706,Surv-VAE
0.015102725676054718,0.8991477272727273,0.07832183609013948,0.8957312309112864,0.10093798162500638,4.0,0.3802083333333333,0.8008572519185743,Surv-VAE
0.014686199073636103,0.8920454545454546,0.04824237320206175,0.8918673201221676,0.09314770447491438,1.0,0.4010416666666667,0.7778322834674927,Surv-VAE
0.016918973894618165,0.8797348484848485,0.0744816105174698,0.8789793309183891,0.08717265678491526,4.0,0.4427083333333333,0.7790164610219052,Surv-VAE
0.014845204814062284,0.8877840909090909,0.07299332539739424,0.8983415015270971,0.094415532203825,2.0,0.4010416666666667,0.7832090610725376,Surv-VAE
0.01346288212090751,0.8982007575757577,0.05018683270728309,0.8916080687548831,0.09913447637705157,4.0,0.4166666666666667,0.7936926745864215,Surv-VAE
0.014122224420640074,0.8948863636363636,0.061193991269337285,0.8732367355636054,0.08731208636901182,1.0,0.4375,0.7874112195219257,Surv-VAE
0.014285425049112238,0.8929924242424243,0.05251399630989482,0.8627210739399105,0.09324971063417253,2.0,0.4583333333333333,0.7990867954671979,Surv-VAE
0.012178147953890411,0.8953598484848485,0.07427561907419353,0.8901377938774061,0.0887912428194117,1.0,0.4010416666666667,0.7966211288663494,Surv-VAE
0.014365309355182822,0.8977272727272729,0.07402090355707121,0.8652780737268273,0.09371694632546194,2.0,0.4010416666666667,0.7807591553460694,Surv-VAE
0.013302532274890061,0.9034090909090909,0.07698666610712421,0.8896654591945449,0.09701646437461038,2.0,0.390625,0.7888999077009321,Surv-VAE
0.013263941659106299,0.8982007575757577,0.06446637242121418,0.9063463314155834,0.08511807415318863,1.0,0.4270833333333333,0.77667656093959,Surv-VAE
0.015125366957629616,0.8830492424242423,0.06495541630612285,0.9016265359755664,0.0957936654542653,1.0,0.3958333333333333,0.7963952138086835,Surv-VAE
0.014452566959064468,0.8925189393939394,0.06277451377299079,0.8864940691810498,0.0945253233978217,3.0,0.3854166666666667,0.7832714820600971,Surv-VAE
0.016244456193334603,0.8920454545454546,0.07713760329275314,0.8881703245969174,0.12868755381247265,2.0,0.4427083333333333,0.7852553882235269,Surv-VAE
0.013194428269947333,0.8929924242424242,0.04333809846394251,0.8927196533844732,0.09924286703518383,2.0,0.4270833333333333,0.7961048895337466,Surv-VAE
0.012934208511037177,0.9029356060606062,0.06465924404946104,0.8907024646636834,0.10259099531797138,3.0,0.4114583333333333,0.7765777099402046,Surv-VAE
0.01567692354526689,0.8877840909090909,0.0718311177524912,0.8861211733787911,0.09027930525535399,3.0,0.4166666666666667,0.7895490981824959,Surv-VAE
0.014791151597489371,0.8920454545454546,0.058039523200302354,0.8727395411605938,0.10074522460975643,1.0,0.4010416666666667,0.7974922669169585,Surv-VAE
0.015317772198626378,0.8877840909090909,0.07437359469993815,0.9168477874849067,0.0956898345380025,3.0,0.390625,0.7966055868041441,Surv-VAE
0.013386108671780113,0.9019886363636364,0.06978091012631168,0.8922757298103559,0.09145837048572787,2.0,0.4114583333333333,0.7849798924684723,Surv-VAE
0.014601741818652253,0.8934659090909091,0.07935874486965833,0.8999147666737695,0.10786493429890302,3.0,0.4010416666666667,0.7735223273642455,Surv-VAE
0.01333681162848384,0.8958333333333333,0.05773147464634747,0.8923574117479935,0.09915793554696191,3.0,0.4114583333333333,0.7972358480890455,Surv-VAE
0.012006822410539462,0.8977272727272727,0.053332058760669675,0.8824454861850984,0.09512358675450298,1.0,0.4583333333333333,0.7981147160532002,Surv-VAE
0.014197618821078064,0.8896780303030302,0.08303104300873464,0.871134313516585,0.0902164614069213,1.0,0.40625,0.797772717478082,Surv-VAE
0.013039529713567683,0.9038825757575757,0.04067940924028158,0.8773527949428226,0.0953969612111588,3.0,0.4583333333333333,0.7936143366369005,Surv-VAE
0.01376346439929656,0.9005681818181818,0.06814847316714116,0.8644541515732651,0.10250073820152333,1.0,0.4010416666666667,0.7892735077959956,Surv-VAE
0.016368000012515066,0.8854166666666665,0.07366741401634298,0.8793770864407984,0.09794935594432586,1.0,0.3958333333333333,0.7848678960013711,Surv-VAE
0.0140284659312024,0.8887310606060607,0.05585894524998833,0.9076994104694934,0.09605452566310917,3.0,0.4270833333333333,0.7955946920236708,Surv-VAE
0.014971708743461782,0.8892045454545454,0.05653380289461315,0.8786383976134668,0.0876829434915853,2.0,0.453125,0.7743694535507977,Surv-VAE
0.01592115415893013,0.8839962121212122,0.06304748472626448,0.8954613253782229,0.1005822765744306,1.0,0.390625,0.8028537901900248,Surv-VAE
0.013437049974957453,0.9010416666666667,0.05982361079455054,0.893504510263513,0.09700215591856842,1.0,0.421875,0.7783110307307952,Surv-VAE
0.014122207394820842,0.893939393939394,0.06235192341525436,0.8778748490659849,0.09050903319493615,1.0,0.4270833333333333,0.7880860712534296,Surv-VAE
0.016205963251353903,0.8863636363636364,0.07751354735956896,0.8921975992613111,0.09667253193413168,1.0,0.390625,0.780464316377675,Surv-VAE
0.01579363922421193,0.8849431818181818,0.06458258014466527,0.8775942893671426,0.09671312319936076,1.0,0.4166666666666667,0.7823581141190213,Surv-VAE
0.013149672756253138,0.8967803030303029,0.08208140904997382,0.8630478016904609,0.08879888233431316,2.0,0.4270833333333333,0.7792190618307299,Surv-VAE
0.01383509929204767,0.8920454545454546,0.052458497512697516,0.9019141984515946,0.10156766872710939,2.0,0.421875,0.7971368066735527,Surv-VAE
0.014997914724801154,0.8977272727272727,0.08712244215462267,0.8877015413026493,0.10506989915268783,1.0,0.4166666666666667,0.7830014381338822,Surv-VAE
0.016932744348114478,0.8835227272727273,0.0667267405818766,0.893685631081753,0.0979958852471748,3.0,0.421875,0.8004923890198866,Surv-VAE
0.01559348850961992,0.8915719696969696,0.08063027992816857,0.8737729952411393,0.10017383187379696,3.0,0.4479166666666667,0.7942913883258541,Surv-VAE
0.012541850694428038,0.8986742424242423,0.06544401510164716,0.8849030470914127,0.09065685659358541,1.0,0.3958333333333333,0.787962223201424,Surv-VAE
0.013881141638512083,0.8910984848484849,0.07444318024657647,0.8942609560338092,0.09627382347496653,1.0,0.4114583333333333,0.7903092364990193,Surv-VAE
0.012844914884062586,0.8982007575757575,0.05949202774780348,0.8806733432772214,0.0927276292752849,4.0,0.4322916666666667,0.7842979637950469,Surv-VAE
0.016682437041697293,0.881628787878788,0.06742752502492665,0.8820867959372116,0.08428819676226958,1.0,0.4322916666666667,0.7947718270209924,Surv-VAE
0.017340510594481714,0.8773674242424242,0.06430419934103512,0.9088607145393848,0.09071234991756616,1.0,0.4166666666666667,0.7899578958690916,Surv-VAE
0.016907178596068693,0.8877840909090909,0.05953878123097071,0.8997087861353789,0.09957021688024148,3.0,0.3697916666666667,0.7742262045501562,Surv-VAE
0.01426920781142134,0.8910984848484849,0.08686305119646728,0.8666311527807373,0.10127632503197398,1.0,0.4114583333333333,0.7942136873886778,Surv-VAE
0.013004553930434893,0.8944128787878788,0.05468929845241815,0.8979792598906172,0.12391396129325333,1.0,0.4270833333333333,0.778093947146923,Surv-VAE
0.012567795870295691,0.8958333333333335,0.04994039227855506,0.889196675900277,0.09857317515492381,1.0,0.46875,0.7835025535330937,Surv-VAE
0.014623900963088254,0.8863636363636364,0.07211535505384771,0.9234036508274734,0.09219870358419496,1.0,0.4010416666666667,0.7951289766376628,Surv-VAE
0.015406383056651242,0.8877840909090909,0.06545298890596093,0.8695184317067974,0.0969010357259253,2.0,0.4322916666666667,0.791028897149327,Surv-VAE
0.016155510888011846,0.8896780303030304,0.0859435651550048,0.8970985155195681,0.10816107600203466,1.0,0.3489583333333333,0.7850167117510242,Surv-VAE
0.01502137203233652,0.8901515151515152,0.05812004000765117,0.8896725619717308,0.09697829523135704,1.0,0.4114583333333333,0.7872470791708989,Surv-VAE
0.014684603581737114,0.8910984848484849,0.048962009431229046,0.8952482420626465,0.09533991083886471,1.0,0.4427083333333333,0.7859667479892293,Surv-VAE
0.014231345625884547,0.8991477272727273,0.04803330164020429,0.8969458058100719,0.09023386425113449,1.0,0.4375,0.7909481508306312,Surv-VAE
0.01142213666649939,0.9119318181818182,0.012137179892215579,0.7086334256694367,0.13398528709875074,1.0,0.4635416666666667,0.8206743016148281,HI-VAE_weibull_diffusion
0.011000927396401863,0.9161931818181818,0.01826736775570996,0.7283720434689964,0.13918831843612964,1.0,0.453125,0.8197957430839022,HI-VAE_weibull_diffusion
0.011666455306453032,0.9100378787878788,0.020298949320166165,0.7509091554797926,0.12662099014085962,1.0,0.4739583333333333,0.8085515532781323,HI-VAE_weibull_diffusion
0.010446840131116105,0.9185606060606062,0.033974048711628915,0.743806378293913,0.14396602425409585,1.0,0.46875,0.8277016119272437,HI-VAE_weibull_diffusion
0.014026484189957845,0.8977272727272727,0.014432467754488573,0.725793735350522,0.1520728581115945,1.0,0.4895833333333333,0.8209675887879537,HI-VAE_weibull_diffusion
0.009689604286603001,0.9199810606060607,0.042277740913062106,0.6861779955962781,0.11361245508170503,1.0,0.46875,0.8301097952504317,HI-VAE_weibull_diffusion
0.01100903810283398,0.9237689393939394,0.01871203293978612,0.70183606790255,0.11922988506628378,2.0,0.46875,0.8225421839634005,HI-VAE_weibull_diffusion
0.011042774948637353,0.9223484848484849,0.014708182334073337,0.7440407699410471,0.19620389851568265,2.0,0.453125,0.8271624135066286,HI-VAE_weibull_diffusion
0.013407537949088666,0.9119318181818182,0.03062544999306487,0.6836778180268486,0.17856965129832217,1.0,0.5052083333333334,0.8241705710137974,HI-VAE_weibull_diffusion
0.012822201506669333,0.9133522727272727,0.022410869049378192,0.6948575893174231,0.20072672069117894,1.0,0.4947916666666667,0.8225850825044796,HI-VAE_weibull_diffusion
0.010748786417088988,0.9152462121212122,0.01685134276251819,0.6801477377654663,0.18041794860955715,1.0,0.484375,0.8402516661480771,HI-VAE_weibull_diffusion
0.010167908416895428,0.9124053030303031,0.019125488952111136,0.6951274948504865,0.176534021035798,1.0,0.46875,0.8313739605081204,HI-VAE_weibull_diffusion
0.010919334995142041,0.9105113636363636,0.031005463696540246,0.7400454577739897,0.14610358651331012,1.0,0.4010416666666667,0.8200445156834392,HI-VAE_weibull_diffusion
0.011974506159885795,0.9161931818181818,0.01621180783849396,0.7298636266780312,0.17498612091954843,1.0,0.4635416666666667,0.8189623440640424,HI-VAE_weibull_diffusion
0.012888210701812326,0.9067234848484849,0.013102170771038332,0.6977093543575538,0.1364652184987288,1.0,0.421875,0.8341533004372617,HI-VAE_weibull_diffusion
0.0144991990543469,0.8958333333333333,0.052780918536801606,0.7395163008736416,0.113225548654171,3.0,0.4635416666666667,0.8177228896119803,HI-VAE_weibull_diffusion
0.01348002454722822,0.9019886363636364,0.04029682323708169,0.7392961147808793,0.09466036636467334,2.0,0.46875,0.8231600693466962,HI-VAE_weibull_diffusion
0.011965595395052885,0.918560606060606,0.0255559330667489,0.7499538319482918,0.1006708061675905,2.0,0.4947916666666667,0.8241695327455224,HI-VAE_weibull_diffusion
0.012456540901841073,0.9086174242424243,0.027087827545910322,0.7255486895376093,0.10848215289378642,1.0,0.515625,0.8221603699308307,HI-VAE_weibull_diffusion
0.011777996477846796,0.912878787878788,0.01357611474985743,0.768247034590525,0.177490822381878,1.0,0.4166666666666667,0.8268468077123504,HI-VAE_weibull_diffusion
0.010774988152020583,0.9176136363636364,0.021029512622243215,0.7126464947794589,0.15871173706388406,1.0,0.4479166666666667,0.8271987897301109,HI-VAE_weibull_diffusion
0.011001770924216316,0.9204545454545454,0.011166731413082717,0.714638823780098,0.09794712753294099,1.0,0.5052083333333334,0.8247191226779059,HI-VAE_weibull_diffusion
0.01315219384474745,0.90625,0.025934756243218053,0.7659954542226012,0.13162930090522196,1.0,0.4583333333333333,0.8263978134512925,HI-VAE_weibull_diffusion
0.014119365464643931,0.902935606060606,0.04983783554143203,0.7474145891043398,0.173550270846737,1.0,0.4635416666666667,0.8235216211230539,HI-VAE_weibull_diffusion
0.009897018832105612,0.921875,0.03895789571089023,0.740198167483486,0.14984153064775682,1.0,0.4270833333333333,0.8311863205805401,HI-VAE_weibull_diffusion
0.013830491730174312,0.9038825757575757,0.01828191507694104,0.7365579941757228,0.10505886505668272,1.0,0.484375,0.8270940601352771,HI-VAE_weibull_diffusion
0.011076598864811977,0.9171401515151515,0.03178180770454364,0.7378755593437034,0.12235917337532805,1.0,0.453125,0.8208185265758254,HI-VAE_weibull_diffusion
0.012050452775972732,0.9133522727272727,0.019205802409909593,0.6966972086085661,0.1006713071276258,2.0,0.4010416666666667,0.8144921932079847,HI-VAE_weibull_diffusion
0.012601587765993488,0.9067234848484849,0.018047466357992783,0.721024220470204,0.12943326620179021,2.0,0.4635416666666667,0.8256714401204874,HI-VAE_weibull_diffusion
0.013536454011090064,0.9038825757575758,0.03141809490884358,0.7209993607500533,0.11865967387722698,3.0,0.484375,0.8433596446719293,HI-VAE_weibull_diffusion
0.014082692200047674,0.9161931818181818,0.02367343066402176,0.7763548547482065,0.14658439702168666,1.0,0.46875,0.8179066938875154,HI-VAE_weibull_diffusion
0.01340140820972771,0.9095643939393938,0.03048209041954105,0.7300802613822004,0.17244829696941644,1.0,0.5364583333333334,0.819960609986225,HI-VAE_weibull_diffusion
0.010654460287114623,0.9199810606060607,0.030488409465067336,0.739551814759571,0.11063264899313552,2.0,0.5052083333333334,0.8053407147734551,HI-VAE_weibull_diffusion
0.011484834601256572,0.9124053030303031,0.02220619043760452,0.7098906172313375,0.15075945365598706,1.0,0.4270833333333333,0.827308667419603,HI-VAE_weibull_diffusion
0.013262078077105914,0.9057765151515151,0.012477491663817094,0.7615526670928332,0.15060487674851386,1.0,0.4427083333333333,0.825071093364349,HI-VAE_weibull_diffusion
0.013072774156203336,0.9053030303030302,0.0611985000985519,0.6932275019532638,0.2031534814393466,2.0,0.484375,0.8122485294041117,HI-VAE_weibull_diffusion
0.012049535250250716,0.915246212121212,0.031921898780324594,0.7384366787413879,0.13364371115175203,1.0,0.4114583333333333,0.8279073681437193,HI-VAE_weibull_diffusion
0.011772908741804563,0.9147727272727273,0.02122965518666768,0.7033596136089211,0.1407782831761642,1.0,0.4635416666666667,0.8287045235833519,HI-VAE_weibull_diffusion
0.012831707543946448,0.9090909090909093,0.05232539531715894,0.664695645997585,0.09570830360152544,1.0,0.4270833333333333,0.8222498873821931,HI-VAE_weibull_diffusion
0.00995319612943255,0.9242424242424242,0.012145200891142604,0.7438987143973294,0.15319818027893697,1.0,0.4739583333333333,0.826811073990372,HI-VAE_weibull_diffusion
0.012551672697770555,0.9043560606060606,0.02956174867099305,0.7200333830527736,0.10536082684283161,2.0,0.453125,0.8202681431659387,HI-VAE_weibull_diffusion
0.009908681399916129,0.9176136363636364,0.011764501730922645,0.74214787982101,0.233401008973229,1.0,0.4791666666666667,0.8183960448264634,HI-VAE_weibull_diffusion
0.012755555248756927,0.9053030303030302,0.015935887196988206,0.7494601889338731,0.12038158322957548,1.0,0.4375,0.8173593334887189,HI-VAE_weibull_diffusion
0.01263291252359155,0.9015151515151516,0.015343869141436447,0.790318914695646,0.2321272489062548,1.0,0.453125,0.830727937502864,HI-VAE_weibull_diffusion
0.01200455545641344,0.9147727272727273,0.0352445861868871,0.7609915476951488,0.10371240568421629,1.0,0.4635416666666667,0.8319214296123203,HI-VAE_weibull_diffusion
0.011509640314505533,0.9048295454545454,0.023113355994765883,0.7110767810213794,0.09389879879160012,2.0,0.4166666666666667,0.8323525052633978,HI-VAE_weibull_diffusion
0.011745370649077092,0.9157196969696969,0.01513411854923082,0.7139924710561829,0.10924940518059352,3.0,0.4895833333333333,0.8251590885105019,HI-VAE_weibull_diffusion
0.012176090394965576,0.9053030303030302,0.012312156182145303,0.7694403011577527,0.10363007009917058,1.0,0.4270833333333333,0.826973437099718,HI-VAE_weibull_diffusion
0.013581164189808747,0.90625,0.019290045662629915,0.728634846224874,0.20663640041806663,2.0,0.4322916666666667,0.8281314117920239,HI-VAE_weibull_diffusion
0.012587889071520404,0.9005681818181818,0.015481238847125723,0.675683642304141,0.1760545424330592,1.0,0.5052083333333334,0.8268270022451549,HI-VAE_weibull_diffusion
0.010882968883392019,0.9147727272727273,0.017440173501286522,0.7324987570139925,0.1187243778045622,1.0,0.421875,0.8190239556690805,HI-VAE_weibull_diffusion
0.010422562268633693,0.9128787878787878,0.043910275730821687,0.7391647134029407,0.09598768751006083,2.0,0.4635416666666667,0.8325148026342961,HI-VAE_weibull_diffusion
0.011462251630905224,0.9081439393939394,0.014629247382552035,0.7321897862064066,0.1296138157057164,1.0,0.484375,0.8388220101993398,HI-VAE_weibull_diffusion
0.010761925068673111,0.9199810606060606,0.01673723885792046,0.7313090418353576,0.2025584207400556,2.0,0.46875,0.8195243777853243,HI-VAE_weibull_diffusion
0.009803812170534635,0.9199810606060607,0.00583747931370449,0.719653384473329,0.14986633209415542,1.0,0.4479166666666667,0.8243953318480758,HI-VAE_weibull_diffusion
0.012367156045731824,0.9081439393939393,0.011256166036153911,0.7699517011151359,0.17895675056795443,1.0,0.5104166666666666,0.82922111107808,HI-VAE_weibull_diffusion
0.013390818796549292,0.902935606060606,0.04168210556912723,0.7218730023439165,0.09941877697625084,1.0,0.4791666666666667,0.8264919370054249,HI-VAE_weibull_diffusion
0.012271314637352752,0.9053030303030302,0.012756141833418147,0.7699019816748349,0.18277123289100014,2.0,0.4479166666666667,0.8140962203370244,HI-VAE_weibull_diffusion
0.010701771006742957,0.9190340909090909,0.011920360077457845,0.7428368492080403,0.09603939810902228,1.0,0.4322916666666667,0.8279572995279317,HI-VAE_weibull_diffusion
0.012817193442495727,0.9086174242424243,0.009749478114791146,0.7220967398252717,0.11327167418579508,1.0,0.4375,0.8273330064727269,HI-VAE_weibull_diffusion
0.009917181951287907,0.9190340909090909,0.023828728438472148,0.75454222601037,0.2073711196451029,1.0,0.4270833333333333,0.8200334708744921,HI-VAE_weibull_diffusion
0.010766412761114235,0.9157196969696971,0.029106111710378142,0.68736415938632,0.1003286110264846,1.0,0.453125,0.8234286416994275,HI-VAE_weibull_diffusion
0.015370775651243274,0.8982007575757575,0.028377811352262045,0.6698735705660913,0.10348136119207557,2.0,0.4166666666666667,0.8344273513106465,HI-VAE_weibull_diffusion
0.013162914024135618,0.909564393939394,0.025678419968115845,0.6949463740322466,0.13749076562349724,1.0,0.453125,0.8251094247848672,HI-VAE_weibull_diffusion
0.011020696674113553,0.9114583333333335,0.01923128953865262,0.7189928261950422,0.20915931170033622,1.0,0.4427083333333333,0.8354372730184819,HI-VAE_weibull_diffusion
0.01464278943870981,0.909564393939394,0.020659104458388276,0.7229739328077278,0.09151424503289864,2.0,0.4635416666666667,0.8147727082631682,HI-VAE_weibull_diffusion
0.009430311538114107,0.9322916666666667,0.01770598364949318,0.7168655444278713,0.11270321515282732,1.0,0.5,0.828912253448031,HI-VAE_weibull_diffusion
0.012105978395409533,0.9086174242424243,0.03366110575751044,0.6861034164358264,0.15494452203998255,1.0,0.4583333333333333,0.820856633008063,HI-VAE_weibull_diffusion
0.01132540334050348,0.9114583333333333,0.01876940174061431,0.6960721642162084,0.10197918940695283,2.0,0.5104166666666666,0.8285305393993329,HI-VAE_weibull_diffusion
0.010837828778389898,0.9142992424242423,0.024061462557606998,0.7349598693088998,0.18396253552372163,1.0,0.4479166666666667,0.8242086787536309,HI-VAE_weibull_diffusion
0.011448655491040228,0.9195075757575758,0.014206737761562577,0.7530541941899284,0.09250954721464122,1.0,0.5052083333333334,0.8219437123982144,HI-VAE_weibull_diffusion
0.014057740148671432,0.9062499999999999,0.039169993459778264,0.7666062930605866,0.13143165576098007,1.0,0.4739583333333333,0.8177619737907055,HI-VAE_weibull_diffusion
0.012697403309469913,0.90625,0.021565909782112504,0.7116769656935863,0.1108492862849499,1.0,0.46875,0.8386269920313154,HI-VAE_weibull_diffusion
0.011820577329685202,0.9105113636363636,0.016069660833970476,0.7271255060728745,0.1331076254951783,1.0,0.53125,0.8351085312675521,HI-VAE_weibull_diffusion
0.012102791632405241,0.9147727272727274,0.018380195114842148,0.7626607003338306,0.19798905359236604,1.0,0.4479166666666667,0.8241804896645843,HI-VAE_weibull_diffusion
0.01292095837002772,0.9057765151515152,0.042518897013666616,0.6975211307621281,0.22838916651918714,2.0,0.4166666666666667,0.8212669275824194,HI-VAE_weibull_diffusion
0.013368203991913753,0.8982007575757575,0.02074738591988333,0.7122629448114213,0.1576958581212123,1.0,0.4895833333333333,0.8268146816604658,HI-VAE_weibull_diffusion
0.011093554567964304,0.9109848484848485,0.042485278271358326,0.7427551672704026,0.1486557368667328,1.0,0.4322916666666667,0.8158641220811923,HI-VAE_weibull_diffusion
0.012312597359042325,0.9090909090909091,0.02497612922809649,0.7754776617657504,0.12836358547712964,2.0,0.46875,0.831415366765676,HI-VAE_weibull_diffusion
0.011694756829476826,0.9100378787878788,0.009479863819632067,0.7283152212515094,0.12122836631332756,2.0,0.4322916666666667,0.8330412947845273,HI-VAE_weibull_diffusion
0.010884189382029289,0.915246212121212,0.01433821073835058,0.7102031394275161,0.21622855298239507,1.0,0.5,0.8326940976062968,HI-VAE_weibull_diffusion
0.012922133718640422,0.9005681818181818,0.026381286201061074,0.7821578237090703,0.1268991763673952,1.0,0.453125,0.8298401656016948,HI-VAE_weibull_diffusion
0.01282818246123787,0.90625,0.015596479839041,0.7847254776617657,0.17532761250894513,1.0,0.453125,0.8279703022168021,HI-VAE_weibull_diffusion
0.010664618191850802,0.9157196969696969,0.03723412691254811,0.7192662831166986,0.09869413796307079,1.0,0.4739583333333333,0.8268927920628195,HI-VAE_weibull_diffusion
0.012304544925614651,0.9034090909090909,0.03609740835732205,0.7108850060373606,0.11670533301390988,2.0,0.5104166666666666,0.8091208324516833,HI-VAE_weibull_diffusion
0.014358479023862903,0.9005681818181818,0.06240552413623444,0.7138752752326158,0.15817842032458937,1.0,0.4479166666666667,0.827046701137722,HI-VAE_weibull_diffusion
0.010401364682645443,0.9237689393939393,0.048818924240695366,0.701825413736771,0.1073814898555967,1.0,0.4375,0.8271377750523264,HI-VAE_weibull_diffusion
0.010147395931753005,0.9157196969696969,0.02311363113110078,0.7728886994814974,0.1409860931225625,1.0,0.4479166666666667,0.8168388410715918,HI-VAE_weibull_diffusion
0.012079228323313856,0.918560606060606,0.02146824959186668,0.7611584629590169,0.17949460029595113,1.0,0.4635416666666667,0.830341612147875,HI-VAE_weibull_diffusion
0.011861213883564738,0.9124053030303031,0.02062902941478577,0.6882875204204844,0.15259145783224445,1.0,0.453125,0.8237674323815014,HI-VAE_weibull_diffusion
0.013247314910569663,0.9057765151515151,0.05196031587293556,0.7104765963491725,0.12890585079558517,2.0,0.453125,0.8264095629843821,HI-VAE_weibull_diffusion
0.014183383968439135,0.8929924242424242,0.01112743405505311,0.7220044037218554,0.1056665686159937,1.0,0.4739583333333333,0.8330819792891357,HI-VAE_weibull_diffusion
0.012227400811200965,0.9090909090909091,0.04684482622436809,0.7213012287804531,0.13713470914166606,1.0,0.484375,0.8286691168780403,HI-VAE_weibull_diffusion
0.009522617418405417,0.9270833333333333,0.01636603965303733,0.686540237232758,0.2170975220401822,1.0,0.4895833333333333,0.8206802671406197,HI-VAE_weibull_diffusion
0.01186753110656188,0.9214015151515152,0.020417564164579575,0.7397542439093685,0.1398870956421886,1.0,0.4635416666666667,0.8367398809604422,HI-VAE_weibull_diffusion
0.011666457631624504,0.9157196969696971,0.01673321888881126,0.7398714397329356,0.1540580738842803,1.0,0.4322916666666667,0.8302436790478256,HI-VAE_weibull_diffusion
0.009908388182755306,0.9176136363636364,0.020055158258717568,0.7411925562895092,0.10519990138780304,1.0,0.4375,0.8241719381586412,HI-VAE_weibull_diffusion
0.009526515241902735,0.9214015151515152,0.027808098665323716,0.732704737552383,0.10514189838480338,2.0,0.484375,0.8269419901344046,HI-VAE_weibull_diffusion
0.011965584662036082,0.9157196969696969,0.022106769781617092,0.7237126216350593,0.14409540676660623,1.0,0.4427083333333333,0.8300401439288662,HI-VAE_weibull_diffusion
0.011135449527839496,0.9147727272727274,0.02150837567167046,0.7430250728034661,0.14732608237105685,1.0,0.4166666666666667,0.8257350328551145,HI-VAE_weibull_diffusion
0.011256535466029519,0.9190340909090909,0.013990067349812011,0.7051885787342851,0.2651389369920287,1.0,0.421875,0.82103661038523,HI-VAE_weibull_diffusion
0.010740597301697852,0.9109848484848485,0.01753117759665252,0.7330314653029335,0.15104773020046355,1.0,0.3958333333333333,0.8216038006082295,HI-VAE_weibull_diffusion
0.013884865708677318,0.9010416666666667,0.02715384241497326,0.7450564670786278,0.11894053900228661,1.0,0.4583333333333333,0.8199834646476062,HI-VAE_weibull_diffusion
0.012698117341635324,0.9109848484848485,0.045689676023498875,0.737250514951346,0.09730613239371701,3.0,0.4947916666666667,0.8235851667797022,HI-VAE_weibull_diffusion
0.012810389899907421,0.9109848484848484,0.01926486000347329,0.7470558988564528,0.16848935757127945,1.0,0.4375,0.8293336177915362,HI-VAE_weibull_diffusion
0.012356605767995549,0.9124053030303031,0.018727177512433805,0.7478691668442361,0.17315523372473227,1.0,0.4739583333333333,0.82848082078991,HI-VAE_weibull_diffusion
0.01218836620074029,0.9180871212121211,0.022079137495109633,0.6970949641309753,0.1130807610170687,1.0,0.4270833333333333,0.8340565649413454,HI-VAE_weibull_diffusion
0.010990310311894963,0.9161931818181818,0.021604919011928587,0.7342105263157894,0.09387141620673671,1.0,0.5208333333333334,0.8113285345877719,HI-VAE_weibull_diffusion
0.012601287862387867,0.9086174242424243,0.029333402708332047,0.7240961716030969,0.20536008810004014,1.0,0.4791666666666667,0.8207551745144451,HI-VAE_weibull_diffusion
0.012962222167240849,0.9053030303030304,0.027910740232778675,0.7061687619859365,0.12999607095612717,3.0,0.4895833333333333,0.830449319551427,HI-VAE_weibull_diffusion
0.011038560426767654,0.9138257575757575,0.04312619849561721,0.7221606648199446,0.14971377756807927,1.0,0.453125,0.8276240007657076,HI-VAE_weibull_diffusion
0.012767178543558078,0.909564393939394,0.04188829243226664,0.7751154201292706,0.13970153142436048,1.0,0.4635416666666667,0.8196729910674824,HI-VAE_weibull_diffusion
0.011820110773512972,0.9124053030303031,0.04472299858725383,0.7133745294410114,0.20099438833419855,1.0,0.4791666666666667,0.8267379356136768,HI-VAE_weibull_diffusion
0.01341447816488009,0.9000946969696969,0.018201641711871958,0.7123872434121742,0.17389677052625294,1.0,0.484375,0.8135299286359128,HI-VAE_weibull_diffusion
0.014522446729588885,0.9081439393939393,0.018817363062686485,0.7244264507422402,0.17474579634356047,1.0,0.4375,0.8302761585458739,HI-VAE_weibull_diffusion
0.013073731652297716,0.9071969696969698,0.024590780878000505,0.6893706939413311,0.15289809127751205,1.0,0.46875,0.8192017542793598,HI-VAE_weibull_diffusion
0.011535243187362619,0.9171401515151515,0.024933172873823337,0.7139463030044748,0.1268902552743454,1.0,0.453125,0.8266780440093019,HI-VAE_weibull_diffusion
0.01202080019083175,0.912878787878788,0.021116818219913656,0.7104836991263583,0.12781107902833203,1.0,0.4635416666666667,0.8283753865355568,HI-VAE_weibull_diffusion
0.013483780114190207,0.9038825757575757,0.015922909403338376,0.7018751331770723,0.20467167119269938,1.0,0.4427083333333333,0.8243000249928794,HI-VAE_weibull_diffusion
0.015094008866196012,0.8977272727272727,0.02006993859500971,0.7871510760707435,0.20951581572741262,2.0,0.453125,0.8255935376375048,HI-VAE_weibull_diffusion
0.012477780926583727,0.9024621212121211,0.02308140475344609,0.7468463669294694,0.12159619310792731,1.0,0.4479166666666667,0.8306560677843141,HI-VAE_weibull_diffusion
0.01335841560879039,0.9015151515151516,0.0365051103806826,0.7244228993536472,0.1537042601561953,1.0,0.4479166666666667,0.8388309639682032,HI-VAE_weibull_diffusion
0.013678499190063307,0.903409090909091,0.03233436185873064,0.7826940833866043,0.12445150503666862,2.0,0.4479166666666667,0.8349678484334505,HI-VAE_weibull_diffusion
0.01372258426342164,0.9024621212121212,0.036377721798613274,0.7212444065629662,0.15772023023534498,1.0,0.46875,0.8355692750005267,HI-VAE_weibull_diffusion
0.011681493022100092,0.9147727272727274,0.0337875741544165,0.7447901129341572,0.21195199230375775,1.0,0.4791666666666667,0.8233552649079336,HI-VAE_weibull_diffusion
0.012413845047188248,0.9071969696969696,0.04073962276673347,0.748227857092123,0.11244001058716824,2.0,0.46875,0.8226882934366136,HI-VAE_weibull_diffusion
0.01311405670416141,0.9109848484848484,0.03324569383619427,0.7346295901697564,0.13378547460858706,1.0,0.5052083333333334,0.8263394896320497,HI-VAE_weibull_diffusion
0.012237145609634814,0.9199810606060606,0.013936874514052747,0.7547126926628313,0.19790159687505393,1.0,0.4739583333333333,0.8207944296279247,HI-VAE_weibull_diffusion
0.01249474772333861,0.9100378787878789,0.026590216073048654,0.7331628666808723,0.1652711529755458,1.0,0.4270833333333333,0.8311524652451068,HI-VAE_weibull_diffusion
0.011579856784728613,0.9157196969696969,0.01123876852694465,0.7091874422899354,0.19850506540305957,1.0,0.46875,0.8256314416930383,HI-VAE_weibull_diffusion
0.012992681986425302,0.8986742424242425,0.0499375951543686,0.7435542297038142,0.09393780889355503,3.0,0.5,0.8261110607445905,HI-VAE_weibull_diffusion
0.010588221793261004,0.9124053030303031,0.027717609838961463,0.7543611051921302,0.2064392522539412,1.0,0.4635416666666667,0.8204137484250831,HI-VAE_weibull_diffusion
0.01176946751900198,0.9086174242424242,0.045738948044356395,0.7448895518147596,0.16798630987847543,1.0,0.4322916666666667,0.8323559677604364,HI-VAE_weibull_diffusion
0.011840441639766676,0.9109848484848485,0.040527138042458236,0.7198984302862419,0.10125541587446678,2.0,0.4166666666666667,0.8171560596784376,HI-VAE_weibull_diffusion
0.011425595033507213,0.9142992424242423,0.018158494384072278,0.7222849634206975,0.11137740672306555,3.0,0.4583333333333333,0.834356461075405,HI-VAE_weibull_diffusion
0.01160174097427586,0.9142992424242423,0.015333231258418706,0.7266318630584558,0.10756518928063902,2.0,0.4322916666666667,0.8327758695618614,HI-VAE_weibull_diffusion
0.010774369861620446,0.921875,0.02708892210243425,0.7719617870587399,0.18607295614828542,1.0,0.4270833333333333,0.8314846162304378,HI-VAE_weibull_diffusion
0.009967807505892408,0.9214015151515151,0.011752996987136291,0.6727466439377796,0.11523028337590509,2.0,0.453125,0.8062438452308833,HI-VAE_weibull_diffusion
0.013172947829625546,0.9076704545454546,0.053217811041730276,0.6886533134455572,0.09565519418243096,1.0,0.484375,0.8186482039808737,HI-VAE_weibull_diffusion
0.011000228239992093,0.9195075757575758,0.035435163610547854,0.727562326869806,0.11116420714600396,2.0,0.484375,0.8184989946227936,HI-VAE_weibull_diffusion
0.013441471655752275,0.9067234848484848,0.028407064351175456,0.748231408480716,0.10362198575382914,1.0,0.40625,0.8229004415948205,HI-VAE_weibull_diffusion
0.010233463326430272,0.9166666666666665,0.019680564857786697,0.7357518289651254,0.11395485546469741,1.0,0.4375,0.825559325293621,HI-VAE_weibull_diffusion
0.012810037759120076,0.9043560606060607,0.03510957035032552,0.7082960437531074,0.103845989188321,4.0,0.4895833333333333,0.8247001741827866,HI-VAE_weibull_diffusion
0.01383768251731315,0.9076704545454546,0.0329227341395621,0.7261382200440372,0.12018340942357501,1.0,0.4322916666666667,0.8276655007685095,HI-VAE_weibull_diffusion
0.012709756805435712,0.9109848484848485,0.023572271694593177,0.7069358619220114,0.1877624589517012,1.0,0.453125,0.8246290953512104,HI-VAE_weibull_diffusion
0.010732650607720762,0.9081439393939394,0.014017339386876361,0.7335144541515732,0.13745013467557318,1.0,0.5052083333333334,0.8245513008212519,HI-VAE_weibull_diffusion
0.011466214499108568,0.9161931818181817,0.013256192409254235,0.7320796931600256,0.1009571245037539,2.0,0.421875,0.8347321149218352,HI-VAE_weibull_diffusion
0.011516093411176221,0.9114583333333335,0.014601659755758846,0.7298139072377299,0.15346988806741305,2.0,0.4114583333333333,0.8229247834216282,HI-VAE_weibull_diffusion
0.012523582853507374,0.9142992424242423,0.05342565406976056,0.7213509482207543,0.20866705115711404,1.0,0.4635416666666667,0.8356498674597979,HI-VAE_weibull_diffusion
0.011286581000241798,0.9128787878787878,0.011408938058837694,0.7219333759499964,0.0956923775877434,1.0,0.484375,0.8174711295848862,HI-VAE_weibull_diffusion
0.013356465645524103,0.9015151515151515,0.052348898631406765,0.7128169614319199,0.18468616846486605,1.0,0.5260416666666666,0.824650104678821,HI-VAE_weibull_diffusion
0.012561390347796077,0.9105113636363636,0.018162846970603407,0.7075680090915549,0.11129422729293705,1.0,0.4895833333333333,0.8323045528734545,HI-VAE_weibull_diffusion
0.012397311984108287,0.9124053030303031,0.021928687443022267,0.6908019035442858,0.17090091137174437,2.0,0.4947916666666667,0.8310540090466456,HI-VAE_weibull_diffusion
0.011536218940739012,0.912878787878788,0.021261696285406678,0.7462532850344485,0.09430903715536147,3.0,0.453125,0.8288265559961736,HI-VAE_weibull_diffusion
0.01168814594812456,0.9105113636363636,0.021165997907981095,0.6679558207259038,0.22160370747849822,1.0,0.484375,0.8230249464374874,HI-VAE_weibull_diffusion
0.01030789502326342,0.918560606060606,0.01382386344490125,0.724138788266212,0.1804788912579751,1.0,0.453125,0.8324046273878123,HI-VAE_weibull_diffusion
0.011604635835012957,0.9043560606060606,0.01671302734674944,0.7757262589672562,0.19708916654062705,1.0,0.4166666666666667,0.8278328562101109,HI-VAE_weibull_diffusion
0.012390838021700972,0.90625,0.032274617057722665,0.7605937921727396,0.09856188721422961,1.0,0.5208333333333334,0.8248977401938629,HI-VAE_weibull_diffusion
0.012727052261839162,0.9038825757575758,0.0070311774251748576,0.7371510760707437,0.17863552907893906,2.0,0.4375,0.8228096968391736,HI-VAE_weibull_diffusion
0.012051747530941424,0.9166666666666667,0.029665878218014544,0.7400596633283614,0.13657309242998417,1.0,0.5052083333333334,0.8235006629146233,HI-VAE_weibull_diffusion
0.010662236050649072,0.9256628787878788,0.015579983052500029,0.7048725051495135,0.1553542425818529,1.0,0.4270833333333333,0.8247332846153447,HI-VAE_weibull_diffusion
0.011620054103166173,0.9081439393939393,0.01801195131565722,0.7320583848284679,0.14242480331008217,1.0,0.4635416666666667,0.827860820575322,HI-VAE_weibull_diffusion
0.01272881365427962,0.9133522727272727,0.015092640644574136,0.6810675474110377,0.12146924365323881,1.0,0.4791666666666667,0.8265525582891629,HI-VAE_weibull_diffusion
0.011996287280680274,0.9128787878787878,0.020375927068890125,0.7074721215995454,0.1305454619600058,1.0,0.4270833333333333,0.8313239155869244,HI-VAE_weibull_diffusion
0.012831477237482736,0.9081439393939394,0.015347647894274008,0.6967753391576106,0.16872707386867483,1.0,0.4427083333333333,0.8357622966966333,HI-VAE_weibull_diffusion
0.011666038584759196,0.9190340909090909,0.030512240282236938,0.7109453796434406,0.112597695757877,1.0,0.5,0.8228166037488848,HI-VAE_weibull_diffusion
0.011528846211993404,0.9109848484848485,0.017775932328195222,0.751821862348178,0.11495638199881923,1.0,0.4583333333333333,0.8313205348203913,HI-VAE_weibull_diffusion
0.012724534984608281,0.9138257575757577,0.012344705908042736,0.6849953831948292,0.14170723898446794,1.0,0.4270833333333333,0.8229876858025613,HI-VAE_weibull_diffusion
0.012273849484840803,0.8963068181818182,0.0366113013599173,0.7493891611620144,0.10143248785973309,3.0,0.4739583333333333,0.8282477793695612,HI-VAE_weibull_diffusion
0.011134009525933125,0.9195075757575758,0.047150136724442605,0.7535229774841964,0.24061170598459292,1.0,0.4114583333333333,0.8247355310594227,HI-VAE_weibull_diffusion
0.012849866692207073,0.9071969696969696,0.027888392236783806,0.7183322679167555,0.10285524648652718,3.0,0.4895833333333333,0.8303689269408847,HI-VAE_weibull_diffusion
0.012237272654443148,0.9128787878787878,0.019624370217130746,0.7559840897791037,0.17399360174452294,1.0,0.4635416666666667,0.8308686594735495,HI-VAE_weibull_diffusion
0.01221645684240344,0.9081439393939394,0.02581672455179137,0.6894594786561545,0.126332762228341,1.0,0.4479166666666667,0.827505469871106,HI-VAE_weibull_diffusion
0.014205939498693303,0.8958333333333333,0.03656146927667508,0.713452659990056,0.22328950305054604,1.0,0.5104166666666666,0.8217126711082687,HI-VAE_weibull_diffusion
0.01289333229940014,0.9119318181818183,0.0216910995436683,0.6444101143547127,0.10734258690519576,2.0,0.5052083333333334,0.8270503713764402,HI-VAE_weibull_diffusion
0.013941538439833995,0.9100378787878788,0.023523322830511777,0.7035940052560552,0.22937353735989233,2.0,0.5052083333333334,0.8276802498589544,HI-VAE_weibull_diffusion
0.014168534356470712,0.9019886363636364,0.029276847884866192,0.7466901058313801,0.10630092391419625,1.0,0.421875,0.8278607259204828,HI-VAE_weibull_diffusion
0.012423252690096398,0.9105113636363636,0.013202028557685421,0.7416009659776972,0.21379119924770884,1.0,0.4166666666666667,0.8151194984937958,HI-VAE_weibull_diffusion
0.011479907561833013,0.9171401515151515,0.01975959061889202,0.709208750621493,0.13069437681334492,1.0,0.4010416666666667,0.827961506779529,HI-VAE_weibull_diffusion
0.011648673295316547,0.9176136363636364,0.04405429364376167,0.7337594999644861,0.13731475573185734,2.0,0.4166666666666667,0.8280676090794253,HI-VAE_weibull_diffusion
0.011362711122355916,0.9171401515151515,0.05106682094404016,0.724557852120179,0.10540710067830998,1.0,0.4479166666666667,0.8302434078528528,HI-VAE_weibull_diffusion
0.011986010666588743,0.9128787878787878,0.016428023885714724,0.7355316428723631,0.14828935607231372,1.0,0.4739583333333333,0.8348891995662832,HI-VAE_weibull_diffusion
0.0108291684077446,0.9147727272727273,0.02649941313097654,0.7266638255557923,0.09775459535085261,1.0,0.5104166666666666,0.821752810558904,HI-VAE_weibull_diffusion
0.014809461848460563,0.9005681818181818,0.03973197120341663,0.7187122664962001,0.1268551254592427,3.0,0.40625,0.8256716717790781,HI-VAE_weibull_diffusion
0.013163164910905058,0.9180871212121212,0.03091347897150235,0.7147524682150721,0.2019576906881919,1.0,0.4947916666666667,0.8381725187177214,HI-VAE_weibull_diffusion
0.01057594126527351,0.9142992424242423,0.03826071798498891,0.7090560409119966,0.14199720273030284,1.0,0.4791666666666667,0.824282769261938,HI-VAE_weibull_diffusion
0.013875248911564143,0.8958333333333335,0.0372823405745588,0.7280311101640742,0.15975006630921737,1.0,0.4791666666666667,0.8079254639780796,HI-VAE_weibull_diffusion
0.010623992517827592,0.9247159090909091,0.014866978143687702,0.7151502237374814,0.17974752734745705,1.0,0.4583333333333333,0.8334444550502618,HI-VAE_weibull_diffusion
0.013365636271009024,0.9053030303030302,0.01768889400649135,0.7456637545280205,0.1282010579518339,1.0,0.5,0.8115683421580587,HI-VAE_weibull_diffusion
0.013031376101553345,0.9166666666666667,0.031321915881614856,0.6973755238298176,0.10495618114053316,3.0,0.5104166666666666,0.8294775305097443,HI-VAE_weibull_diffusion
0.012801935168472679,0.9048295454545454,0.017294808750521532,0.761982385112579,0.1276827876398139,1.0,0.4427083333333333,0.8258278250868265,HI-VAE_weibull_diffusion
0.01380015245929938,0.8996212121212122,0.017006209995859264,0.7633958377725691,0.1444554411647952,1.0,0.4375,0.8309173726588956,HI-VAE_weibull_diffusion
0.012100781007381507,0.9204545454545454,0.03649517108206399,0.738429575964202,0.1423079070792532,1.0,0.4583333333333333,0.8304823625653779,HI-VAE_weibull_diffusion
0.012259050698174375,0.9161931818181817,0.04894333248249553,0.6936075005327081,0.1279573783282489,1.0,0.4895833333333333,0.8252292506784578,HI-VAE_weibull_diffusion
0.012658270448114052,0.9081439393939394,0.04781673989542122,0.7631543433482492,0.09567688261358749,4.0,0.4895833333333333,0.8244599170608308,HI-VAE_weibull_diffusion
0.013175832799008781,0.9071969696969696,0.025201832652768374,0.7633993891611619,0.14105108789755016,1.0,0.4895833333333333,0.8252283666900526,HI-VAE_weibull_diffusion
0.011559530887350476,0.9086174242424242,0.030361182812814625,0.7266673769443852,0.16765572007110463,1.0,0.4166666666666667,0.8219823245520215,HI-VAE_weibull_diffusion
0.012413985175866516,0.9166666666666667,0.03213717268429733,0.7494211236593509,0.1931596875977231,2.0,0.453125,0.8342056025984814,HI-VAE_weibull_diffusion
0.010938683102154952,0.9204545454545454,0.026840077216130312,0.7723630939697421,0.205226601735829,1.0,0.453125,0.8218345476495184,HI-VAE_weibull_diffusion
0.011785472157952443,0.9161931818181818,0.01702215627285062,0.726326443639463,0.14831046364558745,1.0,0.453125,0.8267452225228952,HI-VAE_weibull_diffusion
0.008051170216074434,0.9327651515151515,0.009058341715593273,0.6175225513175653,0.10364211430348542,3.0,0.4895833333333333,0.8015522325289178,HI-VAE_piecewise_diffusion
0.009995842799961909,0.9199810606060607,0.020398970072265894,0.6711804815682931,0.22775331769158638,2.0,0.5052083333333334,0.7963094862616932,HI-VAE_piecewise_diffusion
0.009642590279261726,0.925189393939394,0.025639583481703115,0.673140848071596,0.13001713566254577,1.0,0.484375,0.7964801396940071,HI-VAE_piecewise_diffusion
0.008213062403235875,0.9346590909090909,0.022182187830464512,0.6769017685915193,0.12478308346731785,1.0,0.515625,0.8072879347570099,HI-VAE_piecewise_diffusion
0.008051923915032937,0.940340909090909,0.030282871099767947,0.657092123020101,0.10352816755019774,3.0,0.5052083333333334,0.8009344796708235,HI-VAE_piecewise_diffusion
0.008446448737663356,0.9299242424242423,0.00781263142869453,0.6669330208111373,0.21849525809975243,1.0,0.53125,0.8184709383480984,HI-VAE_piecewise_diffusion
0.009581317803983126,0.9261363636363634,0.03436674845204721,0.6595390297606364,0.23188646516880404,1.0,0.5,0.8033299901927059,HI-VAE_piecewise_diffusion
0.007342363837834104,0.9379734848484849,0.010294665459113896,0.6841430499325237,0.09155103148010778,5.0,0.515625,0.8014385587742596,HI-VAE_piecewise_diffusion
0.006697027284180146,0.9398674242424242,0.01801330747957306,0.6367107038852191,0.0808255869027373,1.0,0.546875,0.8109262690797189,HI-VAE_piecewise_diffusion
0.010388349429387815,0.925189393939394,0.01444456156616627,0.6959194545067122,0.11938764593972755,1.0,0.484375,0.8012922127205574,HI-VAE_piecewise_diffusion
0.008771435808673018,0.9322916666666667,0.042776531810047924,0.6183855387456495,0.0928859442382091,2.0,0.5052083333333334,0.8063472338286118,HI-VAE_piecewise_diffusion
0.008848355497924879,0.9256628787878789,0.021516128349970846,0.6431884366787414,0.14606583934733733,1.0,0.4479166666666667,0.7994951587160836,HI-VAE_piecewise_diffusion
0.008430876922437578,0.9308712121212122,0.008954374009033053,0.6196888983592584,0.11240964651439043,1.0,0.5364583333333334,0.8022935939069141,HI-VAE_piecewise_diffusion
0.011106669824914619,0.9228219696969698,0.03475269193340887,0.6444065629661198,0.15411421964875846,1.0,0.5208333333333334,0.8094326598947978,HI-VAE_piecewise_diffusion
0.010051844524003276,0.9261363636363636,0.021959039336631007,0.6810355849137013,0.16774122311668135,1.0,0.4322916666666667,0.8034020282232118,HI-VAE_piecewise_diffusion
0.008559487727197413,0.9360795454545454,0.029422099759392813,0.6753817742737411,0.10708859371512358,1.0,0.4739583333333333,0.8105229705568681,HI-VAE_piecewise_diffusion
0.008641886900716005,0.931818181818182,0.030264427126659728,0.638369202358122,0.14463490313901323,1.0,0.5364583333333334,0.7940832985864302,HI-VAE_piecewise_diffusion
0.009328007966181152,0.9266098484848485,0.014767930041833343,0.6212266496200014,0.15806519716975165,1.0,0.453125,0.8058346297866389,HI-VAE_piecewise_diffusion
0.009352731769658227,0.9299242424242425,0.020333083122731552,0.6344449179629235,0.11371144767545731,2.0,0.5364583333333334,0.8026698768081837,HI-VAE_piecewise_diffusion
0.011078827472673908,0.9161931818181818,0.04007958855805477,0.6734533702677747,0.11177701214719217,1.0,0.453125,0.7975971276110605,HI-VAE_piecewise_diffusion
0.008471693714716316,0.9299242424242425,0.013748560479980187,0.6363839761346687,0.1350980107502038,1.0,0.4895833333333333,0.7989558752464473,HI-VAE_piecewise_diffusion
0.008867354109584611,0.9242424242424243,0.018280283693576052,0.625680090915548,0.2048213715267788,1.0,0.5260416666666666,0.8034474863820555,HI-VAE_piecewise_diffusion
0.007857012429501091,0.9346590909090909,0.007254715515694591,0.6693302081113716,0.10905613591816428,2.0,0.53125,0.7998481363827583,HI-VAE_piecewise_diffusion
0.010732561028204912,0.9261363636363638,0.028768009168207168,0.6492613111726684,0.1319885028863028,1.0,0.546875,0.8051849129752406,HI-VAE_piecewise_diffusion
0.009542913269606006,0.9280303030303031,0.021836721691171002,0.6496164500319624,0.14785374195252754,1.0,0.5,0.8162436355781865,HI-VAE_piecewise_diffusion
0.008717009623483369,0.9427083333333333,0.044510229470870806,0.6454897364869664,0.25227995176978263,1.0,0.5520833333333334,0.8055106155225955,HI-VAE_piecewise_diffusion
0.008773607668880324,0.9322916666666667,0.024498611205900862,0.6668513388734996,0.1182805979266824,1.0,0.4947916666666667,0.8066164527363219,HI-VAE_piecewise_diffusion
0.008982266198758014,0.9270833333333335,0.020202230238518033,0.6687832942680589,0.10039245879469823,2.0,0.5208333333333334,0.8022179748260175,HI-VAE_piecewise_diffusion
0.010532191311084684,0.9223484848484849,0.04466014651960417,0.7011542012927054,0.14907430300380067,1.0,0.453125,0.8062563282145292,HI-VAE_piecewise_diffusion
0.010892900942325067,0.9237689393939393,0.04321718474238734,0.6526706442218908,0.11853830726590364,1.0,0.484375,0.8003274845787924,HI-VAE_piecewise_diffusion
0.010045748707952724,0.9232954545454546,0.02577985829856591,0.708026138220044,0.14906614295129839,1.0,0.5,0.8085701987679074,HI-VAE_piecewise_diffusion
0.010343111208809323,0.921875,0.04566488987438069,0.681873712621635,0.11767018224595993,1.0,0.515625,0.814498253398083,HI-VAE_piecewise_diffusion
0.008740245926634884,0.931818181818182,0.01590361401265237,0.6762838269763478,0.1871576900512145,1.0,0.4583333333333333,0.8042265498898294,HI-VAE_piecewise_diffusion
0.009510417312854775,0.9270833333333333,0.011768568842538392,0.6542616663115279,0.13245456356577612,1.0,0.484375,0.8055354760441321,HI-VAE_piecewise_diffusion
0.008176153958274491,0.9332386363636364,0.017278806410402907,0.6574650188223596,0.1103491358201088,2.0,0.5052083333333334,0.8023747377110834,HI-VAE_piecewise_diffusion
0.010418167785619275,0.9289772727272727,0.028973283403859882,0.6685737623410754,0.14393639790520074,1.0,0.4583333333333333,0.8223153183734607,HI-VAE_piecewise_diffusion
0.01009672978018477,0.9237689393939394,0.011705939301722952,0.6339228638397613,0.1471544428184186,1.0,0.484375,0.8018223481286038,HI-VAE_piecewise_diffusion
0.010127687007836117,0.9223484848484848,0.012901857323349064,0.6666524611122948,0.11668468231096164,1.0,0.4427083333333333,0.8112036830203715,HI-VAE_piecewise_diffusion
0.009408055686890642,0.9294507575757577,0.008558694172920062,0.6704133816322182,0.09250118433991265,1.0,0.5260416666666666,0.805486514584818,HI-VAE_piecewise_diffusion
0.009341911938934098,0.9199810606060606,0.01883844085512794,0.676088500603736,0.18011215414431078,1.0,0.53125,0.7991646008848653,HI-VAE_piecewise_diffusion
0.009032579521985199,0.9299242424242425,0.03073013449925014,0.653071951132893,0.15372615497913933,1.0,0.5208333333333334,0.8016235659409753,HI-VAE_piecewise_diffusion
0.010575277937900748,0.9161931818181818,0.017709257656561662,0.7078414660132111,0.11624263810396496,1.0,0.484375,0.8061374090115975,HI-VAE_piecewise_diffusion
0.008986595692354564,0.9266098484848484,0.030670927122336978,0.6348959443142268,0.25792917192612075,1.0,0.453125,0.7979781812363927,HI-VAE_piecewise_diffusion
0.010105457634407948,0.9251893939393938,0.012843295874997648,0.7213793593294978,0.10322956597525668,1.0,0.5052083333333334,0.795067709490913,HI-VAE_piecewise_diffusion
0.012084202705453772,0.9171401515151515,0.060556991551536626,0.6402372327580084,0.09250070474590098,1.0,0.5104166666666666,0.800728825551697,HI-VAE_piecewise_diffusion
0.010690072869242452,0.9266098484848484,0.03564770902403088,0.6913878826621209,0.16875774381116135,1.0,0.515625,0.8015153253062897,HI-VAE_piecewise_diffusion
0.007512734932100492,0.9417613636363636,0.012086745981433493,0.7203316996945806,0.10900436610548635,1.0,0.5052083333333334,0.8143230555124124,HI-VAE_piecewise_diffusion
0.008426305263923536,0.9313446969696969,0.012298041773350877,0.7108068754883159,0.1271382311301501,1.0,0.4791666666666667,0.7905760648491897,HI-VAE_piecewise_diffusion
0.01027858428891213,0.9261363636363636,0.013774430486825716,0.6389516300873641,0.0877966920122318,3.0,0.5052083333333334,0.7964756463280408,HI-VAE_piecewise_diffusion
0.00870514616653037,0.9322916666666667,0.013890606840742021,0.6248632715391718,0.08635717012726517,2.0,0.5208333333333334,0.792780078898874,HI-VAE_piecewise_diffusion
0.007957086241326057,0.9266098484848485,0.018732121905394594,0.6695894594786563,0.13326228289959943,1.0,0.5104166666666666,0.7981096984377327,HI-VAE_piecewise_diffusion
0.008450095545288782,0.9346590909090909,0.022419856858925283,0.6432559130620072,0.10967163083170624,1.0,0.546875,0.8169723222026651,HI-VAE_piecewise_diffusion
0.009170984411264516,0.9261363636363636,0.026004651662505693,0.6545067121244407,0.14157046950232213,1.0,0.4739583333333333,0.8030107977894644,HI-VAE_piecewise_diffusion
0.009890178544349917,0.9237689393939393,0.029312932355490817,0.6085481923432062,0.10559862648809304,1.0,0.4947916666666667,0.8063204171227963,HI-VAE_piecewise_diffusion
0.009817676932488969,0.9318181818181818,0.018165496440964927,0.6601960366503302,0.1182588655035776,2.0,0.4739583333333333,0.8050217563785347,HI-VAE_piecewise_diffusion
0.010689893273277018,0.921875,0.03247260405998204,0.7282655018112082,0.11172574963649613,3.0,0.5104166666666666,0.8104120682016901,HI-VAE_piecewise_diffusion
0.010552231301814327,0.9303977272727273,0.012816803077533604,0.6479686057248384,0.1017933628329405,1.0,0.5104166666666666,0.8070451017286439,HI-VAE_piecewise_diffusion
0.0081120785696754,0.9275568181818183,0.021161786251691714,0.671077491299098,0.14422004167140856,1.0,0.4947916666666667,0.8064060970733953,HI-VAE_piecewise_diffusion
0.010369640859845737,0.9299242424242423,0.03991169403454494,0.6730485119681795,0.09934925964287189,1.0,0.5520833333333334,0.8013697506258795,HI-VAE_piecewise_diffusion
0.009743087011070002,0.9303977272727271,0.0386504527928868,0.6589388450884297,0.09664904773787909,1.0,0.5208333333333334,0.7901306627785157,HI-VAE_piecewise_diffusion
0.009206435815331229,0.9285037878787878,0.02958073801652144,0.6808082960437531,0.17560367134235952,2.0,0.4791666666666667,0.7928724035520649,HI-VAE_piecewise_diffusion
0.008592762100645768,0.9346590909090909,0.011431128080829297,0.6827224944953476,0.241737161743358,1.0,0.4583333333333333,0.7973140883147105,HI-VAE_piecewise_diffusion
0.009189700911318394,0.9299242424242425,0.0257106064490761,0.6736877619149088,0.10086876788519462,2.0,0.4895833333333333,0.7997967214195472,HI-VAE_piecewise_diffusion
0.009373209931643702,0.9251893939393938,0.026962316604164416,0.683532211094538,0.14068599909246837,2.0,0.484375,0.8097841026374201,HI-VAE_piecewise_diffusion
0.011278673644892588,0.9166666666666667,0.037210595324880885,0.6947332907166702,0.12335915626668514,1.0,0.4479166666666667,0.8152278987037257,HI-VAE_piecewise_diffusion
0.009424422957553096,0.9261363636363634,0.04795107097885938,0.6641913488173876,0.10464015545998857,1.0,0.4947916666666667,0.8057643003604669,HI-VAE_piecewise_diffusion
0.009473106380554359,0.9228219696969696,0.018635811528722707,0.6910966687974998,0.12596886442047514,1.0,0.5052083333333334,0.8124086823439527,HI-VAE_piecewise_diffusion
0.009003777596606262,0.9237689393939393,0.016439443686183244,0.6573513743873856,0.1343074100910053,1.0,0.5104166666666666,0.8050271158217706,HI-VAE_piecewise_diffusion
0.008227307490103957,0.9332386363636364,0.02004663078034911,0.6290254989700973,0.11207671228687806,1.0,0.5104166666666666,0.8023542551079916,HI-VAE_piecewise_diffusion
0.0101727356169199,0.9247159090909091,0.038532903877919626,0.7155408764827047,0.10645961963194069,2.0,0.5260416666666666,0.8091079546601637,HI-VAE_piecewise_diffusion
0.00902198025213074,0.9337121212121211,0.027278775091307245,0.6969209460899212,0.1648747780535144,1.0,0.484375,0.7967605472661833,HI-VAE_piecewise_diffusion
0.009624160928729718,0.9308712121212122,0.009670394471588808,0.6720683287165282,0.11705182462658927,3.0,0.5,0.8079201319332241,HI-VAE_piecewise_diffusion
0.010511316438068578,0.9242424242424243,0.014579539005988428,0.6741743021521416,0.0915165944436999,1.0,0.515625,0.8104834585046065,HI-VAE_piecewise_diffusion
0.008179232724387931,0.9327651515151515,0.013376073126236636,0.6704702038497051,0.09808436262499211,2.0,0.5104166666666666,0.7913892098902525,HI-VAE_piecewise_diffusion
0.008143505642191592,0.9322916666666667,0.01660860187741569,0.6767739186021735,0.09417243888446887,3.0,0.484375,0.8017708555515067,HI-VAE_piecewise_diffusion
0.008862108833399026,0.9228219696969696,0.013252859409364768,0.6582640812557711,0.09499357855889527,1.0,0.5,0.8066343044041435,HI-VAE_piecewise_diffusion
0.011333707116071857,0.9204545454545454,0.05149389734450457,0.7028517650401307,0.15432467480642392,1.0,0.4635416666666667,0.7997452430189892,HI-VAE_piecewise_diffusion
0.010720433808966402,0.9228219696969698,0.010799777971847413,0.6592868811705377,0.12159272938589068,1.0,0.4947916666666667,0.7967222229130919,HI-VAE_piecewise_diffusion
0.009050945910478102,0.9285037878787878,0.028600165006220167,0.6415938632005114,0.11748264297782156,1.0,0.484375,0.7980241022273482,HI-VAE_piecewise_diffusion
0.008957777655306524,0.9270833333333333,0.007178076823572802,0.7254741103771574,0.08791302719853401,1.0,0.4635416666666667,0.8041918788823057,HI-VAE_piecewise_diffusion
0.00904074108069103,0.927556818181818,0.02119399207519713,0.6531465302933446,0.19137942699274604,2.0,0.5104166666666666,0.7926244629442876,HI-VAE_piecewise_diffusion
0.009141358322973829,0.9242424242424242,0.0185641751791705,0.7037147524682151,0.20690484825922204,1.0,0.46875,0.804542517930277,HI-VAE_piecewise_diffusion
0.009753080358315725,0.912878787878788,0.029254002650552554,0.670196746928049,0.12551000637889007,2.0,0.4739583333333333,0.8016032661995216,HI-VAE_piecewise_diffusion
0.007690905487406674,0.9261363636363636,0.02316581414635102,0.6822998792527878,0.09966881741268163,1.0,0.5,0.8006046169689975,HI-VAE_piecewise_diffusion
0.00852294853473779,0.925189393939394,0.005076103253274357,0.6872221038426025,0.0921371014275809,2.0,0.4947916666666667,0.8041249535016068,HI-VAE_piecewise_diffusion
0.009917393109785443,0.9261363636363636,0.02197923077526965,0.698060941828255,0.11018052429527252,1.0,0.4635416666666667,0.8112125284519449,HI-VAE_piecewise_diffusion
0.009566637842078047,0.9308712121212122,0.04235148489764911,0.6632289225087009,0.18828112584537712,1.0,0.5104166666666666,0.7916132188860477,HI-VAE_piecewise_diffusion
0.008920250948065174,0.9327651515151515,0.047301482104097535,0.6099865047233468,0.11251523292917964,1.0,0.5052083333333334,0.8145696313697919,HI-VAE_piecewise_diffusion
0.009867732036799925,0.9204545454545454,0.014566256705489576,0.6987854251012146,0.15588249800656012,1.0,0.53125,0.8032693261492476,HI-VAE_piecewise_diffusion
0.009991316528044372,0.9214015151515151,0.03246658595753952,0.6113431351658499,0.20948220564132866,1.0,0.578125,0.799246176029053,HI-VAE_piecewise_diffusion
0.008068729535992698,0.9308712121212122,0.009610498277706008,0.6836813694154414,0.11671316912043565,1.0,0.5677083333333334,0.7975494439693125,HI-VAE_piecewise_diffusion
0.008589209810987564,0.9360795454545453,0.017696871986904863,0.6518147595709922,0.10853730364540187,3.0,0.5104166666666666,0.8010131175363248,HI-VAE_piecewise_diffusion
0.008766055621252005,0.9327651515151516,0.023296520311767616,0.6593969742169189,0.1207086505662399,2.0,0.4947916666666667,0.7972168918070248,HI-VAE_piecewise_diffusion
0.009642244924513111,0.9337121212121212,0.0223518903520381,0.6617906101285602,0.102561714150654,2.0,0.4895833333333333,0.8054194772264288,HI-VAE_piecewise_diffusion
0.008036472696883094,0.9322916666666667,0.01319175431224807,0.6571027771858795,0.18821807179109543,1.0,0.4583333333333333,0.8023936169809682,HI-VAE_piecewise_diffusion
0.007921788783144009,0.9389204545454546,0.011002457004318343,0.662103132324739,0.14459722451905158,1.0,0.5104166666666666,0.7927673309062258,HI-VAE_piecewise_diffusion
0.009768082304389235,0.925189393939394,0.011636699056251192,0.6753214006676611,0.17507128684471504,1.0,0.484375,0.7957344088760308,HI-VAE_piecewise_diffusion
0.008017603699465293,0.9389204545454546,0.01842622434517119,0.6717735634633141,0.10559830209057368,1.0,0.5260416666666666,0.8039686842013912,HI-VAE_piecewise_diffusion
0.007836538771502966,0.9360795454545454,0.026796121943185536,0.6716989843028625,0.12388829168448152,1.0,0.5052083333333334,0.7934518820759472,HI-VAE_piecewise_diffusion
0.008911481392423473,0.9322916666666665,0.01883591621523168,0.6207933802116627,0.10330557766464049,1.0,0.515625,0.8002426610362922,HI-VAE_piecewise_diffusion
0.009544573282074817,0.9232954545454546,0.028378384918021738,0.6213012287804532,0.22710800259719097,1.0,0.453125,0.8045730553589324,HI-VAE_piecewise_diffusion
0.010182020056919917,0.9247159090909093,0.026330891107414517,0.6905426521770013,0.1330229630204266,1.0,0.4947916666666667,0.7997721183891404,HI-VAE_piecewise_diffusion
0.010942551936418694,0.919034090909091,0.030358246526661446,0.6902443355351944,0.2546867995724111,1.0,0.4895833333333333,0.807859016524488,HI-VAE_piecewise_diffusion
0.008779759964101163,0.9275568181818182,0.012280478084981788,0.6748028979330918,0.08930300068891638,1.0,0.578125,0.8036284023253656,HI-VAE_piecewise_diffusion
0.008010686336713403,0.9379734848484848,0.0237973758633727,0.6864088358548192,0.14912092488202522,1.0,0.5052083333333334,0.8036259140258191,HI-VAE_piecewise_diffusion
0.008503497653344304,0.9356060606060607,0.02370650221364118,0.6714539384899495,0.11849543997685462,1.0,0.5416666666666666,0.8059889929932684,HI-VAE_piecewise_diffusion
0.009550738963936562,0.9289772727272727,0.022132663731422964,0.6449002059805383,0.11709999013841914,2.0,0.484375,0.8068767444706575,HI-VAE_piecewise_diffusion
0.009293895563633052,0.9313446969696969,0.013405726759702044,0.7067121244406563,0.10816994508020865,1.0,0.53125,0.8105071242113375,HI-VAE_piecewise_diffusion
0.011520642442383476,0.9152462121212122,0.018492203116136512,0.6822750195326373,0.186036497724441,1.0,0.4583333333333333,0.7972122706985348,HI-VAE_piecewise_diffusion
0.008643081722216148,0.9313446969696969,0.029908649291170333,0.702130833155764,0.14979827924093075,1.0,0.4583333333333333,0.8029349033350369,HI-VAE_piecewise_diffusion
0.008474504005378388,0.9412878787878789,0.015716058015406147,0.6368669649833085,0.0928476149952044,2.0,0.5,0.8053343099810757,HI-VAE_piecewise_diffusion
0.00804670689103734,0.9266098484848484,0.014129741640920944,0.6278215782370907,0.1275945184634996,2.0,0.5104166666666666,0.7939657386036341,HI-VAE_piecewise_diffusion
0.010437821179166073,0.9228219696969696,0.02982964188406011,0.6783755948575892,0.09270250146545016,1.0,0.484375,0.8018660447326882,HI-VAE_piecewise_diffusion
0.010752893738973805,0.918560606060606,0.025061717593934302,0.6354890262092479,0.15029974964769752,2.0,0.46875,0.8132128682718336,HI-VAE_piecewise_diffusion
0.010265864290108936,0.9195075757575758,0.03478120849399229,0.6656119042545635,0.15725227876081388,1.0,0.5208333333333334,0.8062706984372041,HI-VAE_piecewise_diffusion
0.010047255442459003,0.9266098484848485,0.01829393135101154,0.6457170253569146,0.10371070596107042,2.0,0.5520833333333334,0.8012108298775599,HI-VAE_piecewise_diffusion
0.008557620797613503,0.9322916666666667,0.02672995809528584,0.617884792954045,0.0936591226438613,1.0,0.5052083333333334,0.7998961926066502,HI-VAE_piecewise_diffusion
0.008954826369234907,0.9289772727272727,0.014307511302396311,0.6952979615029478,0.11282921672010848,2.0,0.5260416666666666,0.7946202792830233,HI-VAE_piecewise_diffusion
0.009853343334791086,0.9275568181818183,0.033866930666848594,0.6550003551388592,0.11858842411045746,1.0,0.4895833333333333,0.8176673248170762,HI-VAE_piecewise_diffusion
0.010217214306040058,0.9232954545454546,0.010725500276926536,0.6424852617373393,0.15502569963526183,1.0,0.4166666666666667,0.814574252208596,HI-VAE_piecewise_diffusion
0.009497297721890877,0.9242424242424243,0.019392093972431128,0.6393529369983663,0.13485557633584236,1.0,0.4635416666666667,0.796248942267262,HI-VAE_piecewise_diffusion
0.009870908067873996,0.9199810606060607,0.026911399442524686,0.7138006960721641,0.095052770179175,1.0,0.4947916666666667,0.8071576983435435,HI-VAE_piecewise_diffusion
0.009340464948835763,0.9289772727272727,0.015377472593955973,0.6681475957099227,0.20627164543269974,1.0,0.546875,0.8080752358225386,HI-VAE_piecewise_diffusion
0.008975243858366257,0.9299242424242423,0.014238918464917275,0.6271361602386534,0.08614353583772372,2.0,0.515625,0.808016168529449,HI-VAE_piecewise_diffusion
0.00800041403208169,0.9289772727272727,0.009309412448019059,0.6659599403366716,0.09090004827040725,2.0,0.4947916666666667,0.8084753368746022,HI-VAE_piecewise_diffusion
0.010757100475612081,0.9152462121212122,0.032581524481507154,0.6623552809148376,0.08261705213999615,4.0,0.5364583333333334,0.7974928456779974,HI-VAE_piecewise_diffusion
0.009718054122884465,0.9289772727272726,0.025628030863703667,0.6831095958519782,0.17047132375797713,1.0,0.4739583333333333,0.7987869939894963,HI-VAE_piecewise_diffusion
0.010277807526550041,0.9232954545454546,0.030882492529714617,0.6594182825484765,0.14601282654750328,1.0,0.484375,0.7974605735734013,HI-VAE_piecewise_diffusion
0.008810292330246283,0.9294507575757577,0.011760060299366226,0.6793486753320549,0.08675786007880686,1.0,0.4791666666666667,0.796847320798026,HI-VAE_piecewise_diffusion
0.008833823723763566,0.9313446969696971,0.041524200033964065,0.6689857234178562,0.10425575626898564,1.0,0.4895833333333333,0.7999749528006593,HI-VAE_piecewise_diffusion
0.008232892184637313,0.9351325757575757,0.04364467051419415,0.6442574046452163,0.09062643749272059,1.0,0.4791666666666667,0.7964656959267592,HI-VAE_piecewise_diffusion
0.008538773375301116,0.9346590909090909,0.020750355080928484,0.7064031536330705,0.1502766135135607,1.0,0.4947916666666667,0.8021131771245504,HI-VAE_piecewise_diffusion
0.00793603523097111,0.9341856060606062,0.017961654302358618,0.636423041409191,0.11365840856767324,1.0,0.5520833333333334,0.8140600580598903,HI-VAE_piecewise_diffusion
0.01010222633357447,0.921875,0.019105753518075492,0.6278286810142765,0.1084032661683832,3.0,0.4739583333333333,0.7968472301999686,HI-VAE_piecewise_diffusion
0.007757047300485995,0.9360795454545454,0.020779751268891474,0.6405391007884083,0.13615066198458792,1.0,0.4947916666666667,0.8072521793475373,HI-VAE_piecewise_diffusion
0.009422827192032928,0.9270833333333335,0.010441375763377564,0.6445628240642092,0.12278174519687358,3.0,0.5104166666666666,0.7895314196476135,HI-VAE_piecewise_diffusion
0.008887245453904723,0.9285037878787878,0.041630017177477774,0.6728851480929043,0.14819247871065502,2.0,0.4479166666666667,0.8029220670696899,HI-VAE_piecewise_diffusion
0.009604811925648835,0.9266098484848485,0.03288710103343376,0.6472086085659493,0.13119907974265355,2.0,0.5104166666666666,0.7904053124126459,HI-VAE_piecewise_diffusion
0.009155533438474951,0.9308712121212122,0.019043080085877715,0.6423183464734712,0.10730987671313182,1.0,0.5520833333333334,0.7947750794473218,HI-VAE_piecewise_diffusion
0.010662166804890188,0.9280303030303029,0.04245211931860838,0.6490340223027203,0.08567905288964418,1.0,0.578125,0.8067450629193912,HI-VAE_piecewise_diffusion
0.010928569126775122,0.9128787878787878,0.026494703557633146,0.73300305419419,0.14070061612562865,1.0,0.4635416666666667,0.8061463989042655,HI-VAE_piecewise_diffusion
0.007779238035527624,0.9303977272727273,0.011684241657937848,0.6887634064919383,0.15351842348823108,1.0,0.4791666666666667,0.8027372791917484,HI-VAE_piecewise_diffusion
0.007670045122249195,0.9389204545454546,0.01991855641445485,0.6787591448256268,0.12659000340204277,1.0,0.4947916666666667,0.7934722918788873,HI-VAE_piecewise_diffusion
0.010789578027436486,0.9157196969696969,0.0366908861465341,0.6477945876837843,0.20200568566805663,1.0,0.4947916666666667,0.8067320296753445,HI-VAE_piecewise_diffusion
0.008655691692804885,0.9337121212121211,0.03086432067290184,0.6051317565167981,0.1212946396636962,1.0,0.5,0.7990873782898933,HI-VAE_piecewise_diffusion
0.010227557809408674,0.9285037878787878,0.014335870699014775,0.653476809432488,0.12030472739483318,1.0,0.5520833333333334,0.801483895390252,HI-VAE_piecewise_diffusion
0.009519012626993001,0.9214015151515151,0.010568051186966014,0.7165388166773208,0.12272034573768804,1.0,0.4270833333333333,0.8073333273259414,HI-VAE_piecewise_diffusion
0.011274999708882573,0.9171401515151515,0.0248541573540612,0.6886568648341501,0.09003835675194775,1.0,0.53125,0.8053059146868249,HI-VAE_piecewise_diffusion
0.008722901447426807,0.9346590909090907,0.017812925783480076,0.6499502805596988,0.1320021119948346,1.0,0.421875,0.8053548696729396,HI-VAE_piecewise_diffusion
0.00868374373905523,0.9360795454545453,0.024285321119774623,0.6360110803324099,0.24384901399779235,1.0,0.4270833333333333,0.8024688266541828,HI-VAE_piecewise_diffusion
0.006281591586575583,0.9464962121212122,0.013844248655118298,0.6879607926699339,0.11291156782914276,2.0,0.53125,0.81452711157035,HI-VAE_piecewise_diffusion
0.009285130288494951,0.9299242424242425,0.01908158236116716,0.6392712550607287,0.2430541099123309,1.0,0.5,0.8092293819725528,HI-VAE_piecewise_diffusion
0.007528304856291315,0.9346590909090909,0.025140823927973174,0.6537325094111798,0.1595021844575645,1.0,0.5208333333333334,0.7959748563027949,HI-VAE_piecewise_diffusion
0.009867553258911598,0.9280303030303031,0.02825667784555983,0.6112863129483628,0.12000913573698073,2.0,0.4739583333333333,0.7968746108440811,HI-VAE_piecewise_diffusion
0.009985889137768812,0.9261363636363636,0.02749097207491421,0.6812451168406847,0.11956421745271417,3.0,0.484375,0.7961431218638739,HI-VAE_piecewise_diffusion
0.009543426958455852,0.9270833333333335,0.017088204639789432,0.6231550536259678,0.11220286031963633,3.0,0.4895833333333333,0.8030714248816989,HI-VAE_piecewise_diffusion
0.011044869925833723,0.9166666666666667,0.017884526623873402,0.6575538035371831,0.23631330900851003,2.0,0.4427083333333333,0.800267345633813,HI-VAE_piecewise_diffusion
0.010686369370002951,0.9242424242424243,0.025239489685021085,0.636771077491299,0.09010225652412658,1.0,0.4947916666666667,0.7994225047055507,HI-VAE_piecewise_diffusion
0.008584542743118413,0.9294507575757577,0.032543233025969946,0.7173627388308829,0.11538509897118403,1.0,0.5208333333333334,0.7969981799143656,HI-VAE_piecewise_diffusion
0.011043233844659262,0.9195075757575758,0.03240111503472469,0.7278535407344272,0.09535996343222197,1.0,0.5,0.7964480794263055,HI-VAE_piecewise_diffusion
0.00839894118111028,0.9365530303030304,0.01095985773491918,0.6339548263370979,0.12434987963013278,1.0,0.5416666666666666,0.796441261405006,HI-VAE_piecewise_diffusion
0.009976787683510863,0.9318181818181817,0.04516616463984484,0.6639853682789971,0.18798748422547443,1.0,0.4947916666666667,0.8075561774413816,HI-VAE_piecewise_diffusion
0.009874816034076207,0.9166666666666665,0.015602966721733792,0.6374955607642587,0.10772018741779966,1.0,0.546875,0.7999066170346943,HI-VAE_piecewise_diffusion
0.010709931062794385,0.9209280303030302,0.027288966980051413,0.6963243128063074,0.13303180238745604,1.0,0.5416666666666666,0.805696758874029,HI-VAE_piecewise_diffusion
0.008455886643765119,0.9356060606060607,0.0122965655452067,0.6123410753604659,0.13348242415980358,1.0,0.5572916666666666,0.8179509433575676,HI-VAE_piecewise_diffusion
0.008734789480719018,0.9332386363636364,0.025048743082771937,0.6582818381987356,0.10995495846499637,1.0,0.4479166666666667,0.8055328420780327,HI-VAE_piecewise_diffusion
0.008194337340256349,0.924715909090909,0.037996151886955994,0.6823851125790185,0.12291005821321677,1.0,0.5052083333333334,0.7897736784220675,HI-VAE_piecewise_diffusion
0.009433877157996238,0.9270833333333333,0.019610528807896564,0.6586334256694367,0.11823029912711074,1.0,0.4739583333333333,0.7981798559939285,HI-VAE_piecewise_diffusion
0.010780394590833476,0.921875,0.015605783150243482,0.6967362738830883,0.10274602540026932,1.0,0.4635416666666667,0.7963784075107353,HI-VAE_piecewise_diffusion
0.008364327751401399,0.9256628787878788,0.01706724916857952,0.7131863058455856,0.1214359596019573,2.0,0.5,0.8015466723969404,HI-VAE_piecewise_diffusion
0.009566940785265592,0.9270833333333335,0.011043498964689069,0.7031394275161589,0.1794754718187764,1.0,0.4895833333333333,0.8035085894864423,HI-VAE_piecewise_diffusion
0.008702293676019478,0.9289772727272727,0.015155784471067815,0.6712941260032672,0.11463781183660016,1.0,0.5104166666666666,0.8017810257505273,HI-VAE_piecewise_diffusion
0.007624667529318516,0.9389204545454544,0.019070287110091254,0.682644363946303,0.11288558458425706,2.0,0.5,0.7970053842283047,HI-VAE_piecewise_diffusion
0.009178291328999133,0.9299242424242425,0.017116970979951993,0.6257972867391149,0.10906878466596011,1.0,0.515625,0.7948115174050517,HI-VAE_piecewise_diffusion
0.009203426123330121,0.9280303030303029,0.036003829972420284,0.6285460615100504,0.11826363094061942,1.0,0.4791666666666667,0.7984018708361746,HI-VAE_piecewise_diffusion
0.009408094412937558,0.9237689393939394,0.028373524327949574,0.6897222814120322,0.12216960143536203,1.0,0.4322916666666667,0.8087851576138841,HI-VAE_piecewise_diffusion
0.008078947962407145,0.9313446969696971,0.015831341833510166,0.6548796079266992,0.09268559330461879,1.0,0.59375,0.8021108617117638,HI-VAE_piecewise_diffusion
0.010116290939784304,0.9251893939393938,0.025002616600549303,0.674675047943746,0.1421431557301115,1.0,0.484375,0.8025831092295214,HI-VAE_piecewise_diffusion
0.01041149840801245,0.9285037878787878,0.014362008076232937,0.6984231834647348,0.13610193248226357,1.0,0.4895833333333333,0.8049425068805374,HI-VAE_piecewise_diffusion
0.009805126821400908,0.9209280303030302,0.04936999656023268,0.7194403011577527,0.09424992982719203,3.0,0.5104166666666666,0.8000788340372446,HI-VAE_piecewise_diffusion
0.008234627390732134,0.934185606060606,0.013466699222832397,0.6302968960863697,0.09781051461565289,1.0,0.46875,0.8047859166216293,HI-VAE_piecewise_diffusion
0.007484724603788782,0.9299242424242423,0.01423311802977173,0.6632289225087009,0.10783910063618107,1.0,0.4739583333333333,0.8068289175608335,HI-VAE_piecewise_diffusion
0.009726344861691869,0.9228219696969698,0.039054645853743374,0.6359365011719582,0.12693513261591133,1.0,0.4791666666666667,0.8000556656528024,HI-VAE_piecewise_diffusion
0.008623773716195634,0.9294507575757575,0.02292668733256144,0.6417430215214149,0.19461428725473348,1.0,0.5052083333333334,0.8070728309052194,HI-VAE_piecewise_diffusion
0.008061842384305217,0.9280303030303029,0.012926191737745901,0.6708004829888485,0.10056971794115728,1.0,0.4375,0.8008169728663919,HI-VAE_piecewise_diffusion
0.008701899195625683,0.9303977272727271,0.01983833562087665,0.6259890617231338,0.0945980813308983,1.0,0.4375,0.8081524609424527,HI-VAE_piecewise_diffusion
0.009241552582924398,0.9275568181818182,0.019324901768939688,0.6498614958448753,0.18427388354198146,1.0,0.46875,0.798080032890529,HI-VAE_piecewise_diffusion
0.01040504876909009,0.9214015151515152,0.019704403172416195,0.6888983592584701,0.17311512993386324,1.0,0.46875,0.8014250846575803,HI-VAE_piecewise_diffusion
0.009665058422601526,0.9223484848484848,0.008276518136231913,0.6332658569500673,0.09873593649559716,1.0,0.5052083333333334,0.8005847122939496,HI-VAE_piecewise_diffusion
0.009849383661621176,0.9176136363636364,0.021353368712870444,0.6352759428936714,0.17305818908114065,1.0,0.4895833333333333,0.8064372638371978,HI-VAE_piecewise_diffusion
0.007860386962814376,0.9322916666666665,0.019149219896852327,0.691501527097095,0.1524578678953963,1.0,0.5625,0.8113416256790301,HI-VAE_piecewise_diffusion
0.007756364711608358,0.9375,0.028763946849842143,0.6155479792598906,0.11869840699010496,1.0,0.5416666666666666,0.7958770258344623,HI-VAE_piecewise_diffusion
0.007202212953907336,0.934185606060606,0.01924370396274569,0.6487250514951346,0.09842809099723504,2.0,0.4895833333333333,0.8046526792157622,HI-VAE_piecewise_diffusion
0.011224422288408342,0.9223484848484849,0.019603530432067192,0.6579551104481852,0.09066627680950205,2.0,0.5364583333333334,0.8013043336682362,HI-VAE_piecewise_diffusion
0.008233811943544249,0.9384469696969696,0.020985073251799755,0.6059237161730237,0.14727894999507152,1.0,0.4739583333333333,0.8004358487085793,HI-VAE_piecewise_diffusion
0.008575707123493566,0.9270833333333333,0.028777131720484232,0.6480396334966972,0.11646681993243531,1.0,0.5104166666666666,0.7951260261374561,HI-VAE_piecewise_diffusion
0.010212562238776339,0.9142992424242423,0.017331876456938466,0.7373641593863199,0.15800355890289536,1.0,0.5052083333333334,0.8078557419186948,HI-VAE_piecewise_diffusion
0.009885194942652522,0.9176136363636364,0.026330865074818532,0.6573442716101996,0.1340563172311344,1.0,0.46875,0.8012949862478524,HI-VAE_piecewise_diffusion
0.011090771138715694,0.918560606060606,0.019205043723329273,0.6468215072093189,0.12825861486584975,1.0,0.453125,0.7998014306298983,HI-VAE_piecewise_diffusion
0.01177297759908708,0.915246212121212,0.022535857833327698,0.6665672277860644,0.10140002088153492,1.0,0.453125,0.7996119835173247,HI-VAE_piecewise_diffusion
