J-S distance,KS test,Survival curves distance,Detection XGB,NSND,K-map score,Identifiability score,NNDR,generator
0.0029530247758986117,0.9832982456140351,0.014442681045207332,0.8097950138504155,0.20700911595964894,9.0,0.4589473684210526,0.8175949829234063,HI-VAE_weibull
0.0041390169219561596,0.9772631578947368,0.012287630393428266,0.7815844875346261,0.23731880577814243,16.0,0.4421052631578947,0.8181632622277746,HI-VAE_weibull
0.0053283015116861576,0.9705263157894738,0.014067934393937675,0.774781163434903,0.21433514625718023,10.0,0.47368421052631576,0.8308539179172605,HI-VAE_weibull
0.004241520968970248,0.9747368421052632,0.023982726721311506,0.7677119113573407,0.128494066151441,6.0,0.4336842105263158,0.8180246221713544,HI-VAE_weibull
0.004645530637321147,0.9741754385964911,0.01188787096704454,0.7633019390581718,0.21015653874676302,14.0,0.4610526315789474,0.8167070688453266,HI-VAE_weibull
0.00451976415430531,0.9750175438596492,0.010432857387572938,0.7877894736842105,0.17637371381933972,13.0,0.4968421052631579,0.819258971461979,HI-VAE_weibull
0.0036593085413596615,0.9775438596491227,0.011130560642483689,0.7806315789473685,0.17539892234640328,10.0,0.4926315789473684,0.8195319853643458,HI-VAE_weibull
0.004671236788058855,0.9706666666666666,0.01976531356866748,0.7983157894736841,0.2526295392399089,14.0,0.42947368421052634,0.8233962646502824,HI-VAE_weibull
0.005188692224698117,0.9713684210526315,0.010725384834593659,0.8107036011080334,0.2315416067426139,13.0,0.4589473684210526,0.8242499379385455,HI-VAE_weibull
0.004153482743523109,0.9775438596491229,0.012245234738069188,0.8167091412742383,0.2658908293145685,14.0,0.45263157894736844,0.814719636849955,HI-VAE_weibull
0.004311109455256427,0.9759999999999999,0.013019969350967352,0.7738060941828255,0.17338023295408084,11.0,0.4673684210526316,0.8182069466885682,HI-VAE_weibull
0.004571253373096638,0.9736140350877193,0.022091082653505806,0.7518670360110804,0.17964298357061945,9.0,0.4673684210526316,0.8259452846856797,HI-VAE_weibull
0.004678823050556832,0.9743157894736841,0.016895828819429623,0.7711246537396121,0.24549752846981274,12.0,0.48,0.8192278452661977,HI-VAE_weibull
0.0036466669718040264,0.975578947368421,0.021817953161731397,0.8051634349030472,0.2028244398909864,7.0,0.4842105263157895,0.8040538578755928,HI-VAE_weibull
0.004765211966716112,0.9712280701754387,0.023091357725064546,0.7736288088642659,0.21948685956752126,12.0,0.4863157894736842,0.8127383537755716,HI-VAE_weibull
0.005018089522418044,0.9710877192982456,0.018690767065922816,0.7394127423822715,0.18617557728022568,10.0,0.4610526315789474,0.8118629905478749,HI-VAE_weibull
0.003738624199547879,0.9769824561403507,0.009370521951048254,0.7685983379501385,0.16417619839780664,14.0,0.44842105263157894,0.8199178987321126,HI-VAE_weibull
0.005082395981690841,0.9719298245614035,0.014285323567710992,0.7674459833795014,0.13959458631880442,7.0,0.4842105263157895,0.8240459438747436,HI-VAE_weibull
0.004659933385169744,0.9727719298245615,0.022551239612418873,0.7693296398891967,0.22583618893791718,10.0,0.47578947368421054,0.8152610021104819,HI-VAE_weibull
0.004673640260265339,0.9745964912280701,0.011708032565633813,0.785551246537396,0.11854722842713494,14.0,0.42105263157894735,0.8177874050758815,HI-VAE_weibull
0.003985691448017843,0.9779649122807018,0.01671411747946661,0.8081108033240996,0.15604492174896037,14.0,0.47368421052631576,0.8291761488953291,HI-VAE_weibull
0.00502623087467326,0.9717894736842106,0.012943329769467838,0.7784376731301939,0.23899461449485915,11.0,0.4589473684210526,0.8220634762585086,HI-VAE_weibull
0.00504757057926526,0.9731929824561403,0.015688879827706694,0.8040997229916899,0.1800095246267729,12.0,0.45263157894736844,0.8169587218069139,HI-VAE_weibull
0.00390210514328518,0.9747368421052631,0.011217110638638023,0.7835124653739612,0.16471106186764423,11.0,0.49473684210526314,0.8102028628824514,HI-VAE_weibull
0.004103486846228643,0.9765614035087719,0.016774589206034668,0.8183711911357341,0.2024279903916425,10.0,0.44,0.8234878370379395,HI-VAE_weibull
0.004538677585760154,0.9717894736842105,0.026679042101635905,0.789207756232687,0.21018300251783067,7.0,0.4589473684210526,0.7987888268885579,HI-VAE_weibull
0.0037008621759890728,0.9781052631578948,0.02405684868394057,0.7751135734072022,0.12125094914272871,9.0,0.47157894736842104,0.8171887139612684,HI-VAE_weibull
0.004022726930397257,0.9751578947368421,0.015803240309368305,0.7501163434903048,0.20587262910122736,12.0,0.4652631578947368,0.8103394091745463,HI-VAE_weibull
0.0042700855826127955,0.9747368421052632,0.012111786812462517,0.8181939058171744,0.15983644465067162,12.0,0.47157894736842104,0.8243308258829479,HI-VAE_weibull
0.0037235209173723514,0.9781052631578948,0.02118206397834113,0.7754459833795014,0.20641777875499281,10.0,0.45263157894736844,0.8145441100674649,HI-VAE_weibull
0.004888488356339272,0.9734736842105266,0.01282955247874235,0.8103711911357341,0.24430170287657071,10.0,0.49473684210526314,0.801148212332647,HI-VAE_weibull
0.00508485533541818,0.9726315789473686,0.014570814263826379,0.7822493074792243,0.2793601380995595,15.0,0.47789473684210526,0.8232839729895183,HI-VAE_weibull
0.004855234269946958,0.9712280701754386,0.008558520199830978,0.7506481994459835,0.23291062148321867,10.0,0.5052631578947369,0.8341485056169655,HI-VAE_weibull
0.003932401794980071,0.9782456140350876,0.02810323369879644,0.785218836565097,0.17956452874215184,14.0,0.4863157894736842,0.8230657131658914,HI-VAE_weibull
0.004142081369578233,0.9748771929824561,0.010544440662066919,0.7766204986149583,0.1956153953334622,11.0,0.48,0.8249879590157193,HI-VAE_weibull
0.004394979570774656,0.9720701754385964,0.028171462061362666,0.7523545706371192,0.23197120007151834,15.0,0.4842105263157895,0.8262262660039537,HI-VAE_weibull
0.004282075941159952,0.9764210526315791,0.02310628901779141,0.748764542936288,0.17877613754701033,13.0,0.4568421052631579,0.8106987359596827,HI-VAE_weibull
0.0054459541341592204,0.968421052631579,0.013461640611197664,0.7929750692520775,0.18990799758778226,10.0,0.45052631578947366,0.8132577669973472,HI-VAE_weibull
0.004397157259061165,0.9743157894736842,0.020842330484585465,0.7705263157894737,0.15752487213725228,9.0,0.4463157894736842,0.8315631488275931,HI-VAE_weibull
0.0039008289670638663,0.976280701754386,0.020389643225292117,0.7740055401662049,0.22235938968837826,14.0,0.4357894736842105,0.815281062289752,HI-VAE_weibull
0.0033901857458857637,0.9792280701754386,0.020360027477560633,0.7866592797783933,0.2213197596601717,16.0,0.48,0.7997533853676305,HI-VAE_weibull
0.004425949729823951,0.975719298245614,0.018683526643962615,0.7872797783933517,0.20616606934916723,10.0,0.4694736842105263,0.8092573649298589,HI-VAE_weibull
0.004229978185877768,0.9743157894736842,0.023738651410372014,0.7773518005540165,0.14792748719315396,13.0,0.4673684210526316,0.8232331369843708,HI-VAE_weibull
0.004677164260225696,0.9738947368421054,0.01342190655819441,0.7784376731301939,0.23396774636482712,12.0,0.47578947368421054,0.8072855845638442,HI-VAE_weibull
0.004058801112626623,0.977122807017544,0.011865715576423866,0.7929529085872576,0.22586956332274327,14.0,0.4968421052631579,0.8173041248160516,HI-VAE_weibull
0.00394031197681949,0.9776842105263158,0.01423153844460788,0.7774626038781163,0.13800556317639173,13.0,0.48210526315789476,0.8117312317838012,HI-VAE_weibull
0.0040118906990481585,0.9754385964912281,0.022223513575282856,0.8075789473684211,0.19471988936913856,8.0,0.511578947368421,0.8163694084945221,HI-VAE_weibull
0.0037940608740108365,0.9778245614035087,0.01830500814156342,0.7737174515235458,0.15954482834237493,8.0,0.4610526315789474,0.8237403387629855,HI-VAE_weibull
0.004262596607274425,0.9758596491228071,0.010684418727753048,0.7860387811634348,0.22889087659971713,10.0,0.4673684210526316,0.8107471260077945,HI-VAE_weibull
0.005588472941972824,0.9698245614035087,0.02780174581002265,0.791180055401662,0.2231683424000036,9.0,0.47368421052631576,0.8031467729257779,HI-VAE_weibull
0.005664280497057172,0.968280701754386,0.012587789622596962,0.7679335180055402,0.15095214916268676,11.0,0.4905263157894737,0.8125524503847849,HI-VAE_weibull
0.0033950378450452712,0.9778245614035087,0.023543686095272586,0.7782382271468143,0.16877103538111232,10.0,0.48,0.8208633245338492,HI-VAE_weibull
0.004189627587866484,0.9769824561403511,0.015127042093901543,0.7702603878116345,0.21769278606918346,12.0,0.5073684210526316,0.8100217008582702,HI-VAE_weibull
0.00433082901658487,0.9757192982456139,0.02022266284038588,0.7768864265927978,0.1623913604480351,9.0,0.4610526315789474,0.8204830953298728,HI-VAE_weibull
0.004344433127446516,0.9752982456140351,0.014270377499259823,0.755213296398892,0.24913711925606408,14.0,0.4568421052631579,0.8031903816920742,HI-VAE_weibull
0.004368227588614451,0.9755789473684211,0.018191479922482566,0.7937950138504155,0.18676980841959076,15.0,0.4884210526315789,0.8191953470839205,HI-VAE_weibull
0.00423831484484051,0.9744561403508774,0.01838714472816856,0.76802216066482,0.15879362672269784,14.0,0.4842105263157895,0.811017739381224,HI-VAE_weibull
0.004893110427474676,0.9717894736842105,0.012598591683921408,0.7699722991689751,0.18087747250962127,10.0,0.45052631578947366,0.8094313658648505,HI-VAE_weibull
0.004618710489828698,0.9741754385964911,0.03017385157338631,0.7957673130193905,0.23175664100520296,14.0,0.5073684210526316,0.8206648366755629,HI-VAE_weibull
0.004214137831311715,0.9754385964912281,0.014484419874509186,0.7525096952908588,0.17902780104680704,14.0,0.4631578947368421,0.8151271409653117,HI-VAE_weibull
0.004492079245899519,0.9734736842105264,0.017413777596349878,0.7537728531855956,0.17844259903971543,13.0,0.47789473684210526,0.812469756221021,HI-VAE_weibull
0.004540777809395354,0.9750175438596489,0.013911857705241275,0.7858171745152356,0.1665242052611503,12.0,0.4863157894736842,0.8135954512077842,HI-VAE_weibull
0.0049925024447344075,0.9716491228070174,0.012565693702957017,0.7777950138504155,0.21489289228251904,13.0,0.4336842105263158,0.821880980776139,HI-VAE_weibull
0.00376477261817109,0.9772631578947367,0.0228305682847924,0.7586481994459833,0.23139531324395565,15.0,0.42736842105263156,0.8248595207021108,HI-VAE_weibull
0.004045107687471525,0.975298245614035,0.012988260668288377,0.7960110803324099,0.182399038425394,14.0,0.4378947368421053,0.8115644861175209,HI-VAE_weibull
0.0044468863496628895,0.9736140350877193,0.01765347819967364,0.7638116343490304,0.22041825871215265,12.0,0.4631578947368421,0.8234149389503693,HI-VAE_weibull
0.005493858489982944,0.9689824561403508,0.020724418912375905,0.7570969529085871,0.24167062683832272,13.0,0.5157894736842106,0.8179410244382509,HI-VAE_weibull
0.0035181187415995927,0.9799298245614037,0.010986192933448016,0.8102382271468145,0.1862096499149273,14.0,0.5031578947368421,0.8216365947541767,HI-VAE_weibull
0.0052650993466821835,0.9710877192982456,0.01661043899993624,0.7937950138504155,0.12643151700270977,8.0,0.511578947368421,0.8223221815561034,HI-VAE_weibull
0.004026895414802393,0.9747368421052632,0.01535405106437827,0.807534626038781,0.15072153373107433,14.0,0.47368421052631576,0.8063461353451608,HI-VAE_weibull
0.0035290355216633738,0.9774035087719298,0.028426451713450117,0.8029916897506926,0.24394102064299947,14.0,0.47157894736842104,0.828759342977929,HI-VAE_weibull
0.0038129620913844348,0.9760000000000001,0.01510776045805497,0.7790360110803325,0.21138297392226443,11.0,0.5094736842105263,0.8014157154730844,HI-VAE_weibull
0.0038462633710840788,0.9779649122807018,0.022065196010402105,0.7898947368421052,0.15354661203627568,12.0,0.47578947368421054,0.8168519118680407,HI-VAE_weibull
0.00424847276601999,0.9716491228070175,0.024336953161613502,0.8042548476454294,0.2498792002297453,15.0,0.4694736842105263,0.8208659123928584,HI-VAE_weibull
0.005051395262891835,0.9729122807017544,0.01520272181479248,0.7894958448753463,0.17854752859172465,9.0,0.4589473684210526,0.8212996186042193,HI-VAE_weibull
0.0045262675645398875,0.9716491228070175,0.013314406110194752,0.784465373961219,0.16937782859093994,9.0,0.4842105263157895,0.8148640476527679,HI-VAE_weibull
0.005465075371924156,0.9708070175438598,0.013466710397701026,0.7802991689750692,0.19231792911196802,14.0,0.45473684210526316,0.8174673493749224,HI-VAE_weibull
0.005135007988673588,0.9702456140350878,0.020713039246719835,0.806404432132964,0.1867397332772513,12.0,0.4842105263157895,0.8156810936781318,HI-VAE_weibull
0.004426174962099776,0.9717894736842105,0.011997606368663748,0.7654958448753463,0.18258076548352123,10.0,0.4568421052631579,0.8131367187263233,HI-VAE_weibull
0.004586223005775174,0.9737543859649124,0.02164960469199289,0.7654958448753464,0.21152872408278625,13.0,0.48,0.8192334593578633,HI-VAE_weibull
0.004321979500333056,0.9754385964912281,0.015163681592024539,0.8038337950138505,0.1775604533511264,12.0,0.4378947368421053,0.8061939538295767,HI-VAE_weibull
0.00349612953511117,0.977122807017544,0.019503534497550018,0.7862382271468144,0.192457201376546,12.0,0.47368421052631576,0.8162269883730215,HI-VAE_weibull
0.006594195713784455,0.9653333333333335,0.027478634272145818,0.7982714681440444,0.1486324667419938,11.0,0.4673684210526316,0.8135018421827166,HI-VAE_weibull
0.004450451871930395,0.9722105263157893,0.02326632863555491,0.7819168975069253,0.13798474669440997,7.0,0.4673684210526316,0.8046667806073634,HI-VAE_weibull
0.005321356091219818,0.9719298245614035,0.00941911465671216,0.8042548476454293,0.16886191691159425,9.0,0.4863157894736842,0.8110575613980918,HI-VAE_weibull
0.004229641518495991,0.9734736842105264,0.020893665389693977,0.7903157894736842,0.24064317983706413,15.0,0.4673684210526316,0.8203716057857443,HI-VAE_weibull
0.005416665387258238,0.968842105263158,0.018451797505492442,0.7680664819944598,0.12033905248689228,7.0,0.4863157894736842,0.8093810037983327,HI-VAE_weibull
0.00363871109376564,0.977122807017544,0.014547780615891782,0.7690415512465374,0.18128634322497747,9.0,0.4652631578947368,0.8033669178365587,HI-VAE_weibull
0.004079105215740927,0.9772631578947368,0.011588568260940155,0.7942825484764543,0.17802189679273375,16.0,0.45263157894736844,0.821134890297254,HI-VAE_weibull
0.0037662524379765295,0.9792280701754387,0.026815271925434824,0.7483213296398892,0.23602590548342775,10.0,0.4842105263157895,0.7891900631010653,HI-VAE_weibull
0.004769847988023331,0.9743157894736841,0.010266031576164316,0.7889861495844875,0.17736985390956295,9.0,0.42526315789473684,0.8185465847483117,HI-VAE_weibull
0.004025288909108146,0.9724912280701755,0.025452736758932133,0.7841551246537397,0.1884070047830484,11.0,0.48210526315789476,0.8235851926826133,HI-VAE_weibull
0.004078382079399065,0.9760000000000002,0.010407132695186219,0.7938614958448753,0.14775387144414784,11.0,0.48210526315789476,0.8278692215547253,HI-VAE_weibull
0.004478155478699033,0.9737543859649123,0.023409637427265255,0.7896952908587257,0.2834418273285905,12.0,0.47578947368421054,0.7993957410620947,HI-VAE_weibull
0.0034268249392866517,0.9814736842105263,0.015481186925903936,0.7774182825484764,0.21135623953887323,13.0,0.4926315789473684,0.8261163871162137,HI-VAE_weibull
0.004248541994606657,0.9765614035087719,0.016722499560807503,0.8027036011080332,0.2005044254054685,14.0,0.47368421052631576,0.8123077506529993,HI-VAE_weibull
0.00425987006262702,0.976140350877193,0.015170377661731727,0.7828254847645428,0.1702440513187808,13.0,0.47578947368421054,0.7864804662962732,HI-VAE_weibull
0.004883123110250086,0.9731929824561403,0.0156409094925708,0.7637451523545706,0.19369199780996757,14.0,0.4652631578947368,0.8108224386318577,HI-VAE_weibull
0.004816133546465502,0.9710877192982459,0.013026781274382384,0.7637673130193905,0.184485696975621,12.0,0.47578947368421054,0.8169587381834108,HI-VAE_weibull
0.0038515457253810474,0.9755789473684211,0.008814687838421976,0.7968753462603877,0.24263538821646496,14.0,0.49473684210526314,0.8172582544999452,HI-VAE_weibull
0.003886157676521812,0.9779649122807018,0.009754142101219691,0.7783490304709141,0.1702907887614184,13.0,0.4863157894736842,0.8239791446520317,HI-VAE_weibull
0.004924538580001487,0.9740350877192984,0.015176820435224295,0.8000886426592798,0.2214985715351164,12.0,0.45473684210526316,0.8186781174860832,HI-VAE_weibull
0.004467706151871642,0.976701754385965,0.009670642990038917,0.7884321329639888,0.2067759350831404,11.0,0.4926315789473684,0.8129584088270447,HI-VAE_weibull
0.005408530796112028,0.9701052631578947,0.013408257787424334,0.7966980609418283,0.17213227412374002,13.0,0.47368421052631576,0.8185650592007067,HI-VAE_weibull
0.003856787904550631,0.9779649122807018,0.013721430401827429,0.7866149584487534,0.25077575702537586,14.0,0.4589473684210526,0.8128831889137498,HI-VAE_weibull
0.004441405876658809,0.9733333333333333,0.01821007205733617,0.7736731301939058,0.1501301488193244,13.0,0.4905263157894737,0.8171485686210935,HI-VAE_weibull
0.005019458267297616,0.9701052631578947,0.021438929599432003,0.7574293628808864,0.21502725499690062,12.0,0.45052631578947366,0.8192624724700714,HI-VAE_weibull
0.004627642968062137,0.9769824561403507,0.013651103583782263,0.8124099722991689,0.23099087546677616,13.0,0.4652631578947368,0.8228551163268504,HI-VAE_weibull
0.004739259710866871,0.9736140350877193,0.011727486207847939,0.7933961218836565,0.1628541550162927,13.0,0.4610526315789474,0.8244156887966909,HI-VAE_weibull
0.004400259049435566,0.9729122807017544,0.015512863039566852,0.7882105263157895,0.19880560587967436,8.0,0.4631578947368421,0.819704580442072,HI-VAE_weibull
0.004446358599427195,0.9755789473684211,0.010640047686142401,0.7928864265927978,0.22526556965881558,12.0,0.44842105263157894,0.8135477039071115,HI-VAE_weibull
0.005292697667523564,0.9731929824561404,0.015550157811338164,0.7717894736842105,0.19226676403627027,10.0,0.4631578947368421,0.803662909357782,HI-VAE_weibull
0.004144578858963919,0.9762807017543859,0.019159659258897243,0.7829806094182825,0.10506567928616639,9.0,0.47578947368421054,0.8045022155765085,HI-VAE_weibull
0.004352020188335772,0.9726315789473684,0.019691693351236227,0.7715457063711911,0.20204431107865042,10.0,0.47578947368421054,0.8074271814903964,HI-VAE_weibull
0.004449268969582755,0.9723508771929824,0.02262866841347638,0.7681994459833795,0.15494813883308822,9.0,0.4673684210526316,0.8078754442345161,HI-VAE_weibull
0.005751929020987812,0.9710877192982456,0.021006093824466075,0.7681551246537396,0.2562625198012651,14.0,0.47157894736842104,0.8073900506652975,HI-VAE_weibull
0.004275654901132248,0.9751578947368421,0.012438964190935117,0.7533518005540166,0.185223614903079,11.0,0.47578947368421054,0.8199648258291341,HI-VAE_weibull
0.004750383164682376,0.9744561403508772,0.017421081631536862,0.7802548476454294,0.2077561123871498,10.0,0.4884210526315789,0.8220640743146946,HI-VAE_weibull
0.0038290270621754714,0.9781052631578949,0.02214638207798327,0.8024819944598338,0.19232296422476686,10.0,0.4421052631578947,0.8072971588400948,HI-VAE_weibull
0.0028504540193957095,0.9811929824561403,0.010985606338778759,0.7910470914127424,0.24315730350297698,10.0,0.4968421052631579,0.8260426152291459,HI-VAE_weibull
0.003551212895879749,0.9793684210526318,0.0175766080562148,0.7909584487534627,0.1931637128933999,10.0,0.3957894736842105,0.8185175465744647,HI-VAE_weibull
0.004573246470268198,0.9762807017543861,0.010349993472456612,0.7654515235457064,0.1776656676478394,10.0,0.5178947368421053,0.818654416015439,HI-VAE_weibull
0.003919951343213438,0.976982456140351,0.016065441760942604,0.815534626038781,0.13206174232317827,13.0,0.4652631578947368,0.8126352266379291,HI-VAE_weibull
0.0043320707280472045,0.9765614035087719,0.011566210902170158,0.7958116343490305,0.2170053823302966,12.0,0.4231578947368421,0.8300404538317498,HI-VAE_weibull
0.004289925953808443,0.975578947368421,0.03376578719909251,0.7734072022160665,0.21458515926064967,16.0,0.4189473684210526,0.8209766152810067,HI-VAE_weibull
0.004396603127826254,0.975719298245614,0.02479895465432026,0.7829141274238227,0.2071565769039579,14.0,0.4589473684210526,0.8066796576090712,HI-VAE_weibull
0.003715580099042748,0.976561403508772,0.014411820786308123,0.7819168975069252,0.12881585966785064,14.0,0.48210526315789476,0.8152297563221076,HI-VAE_weibull
0.003741044807543876,0.9811929824561404,0.020169407709406548,0.7946371191135734,0.2519060020973565,13.0,0.4631578947368421,0.8078535113577929,HI-VAE_weibull
0.00463864107298122,0.9741754385964912,0.015067916831805363,0.7686204986149583,0.15582976650623856,12.0,0.45263157894736844,0.8100237968829719,HI-VAE_weibull
0.003458762578874129,0.9782456140350877,0.014949003504035305,0.7778614958448753,0.2629865195113642,13.0,0.43157894736842106,0.8123888543873017,HI-VAE_weibull
0.0054748331720201274,0.968280701754386,0.02066074994824421,0.7490969529085872,0.15087396583931206,9.0,0.4884210526315789,0.8102290498878754,HI-VAE_weibull
0.005859153251089357,0.9664561403508773,0.021374070865266378,0.7703268698060942,0.2569920432462105,14.0,0.4863157894736842,0.8161789858214058,HI-VAE_weibull
0.004090033012209208,0.9768421052631578,0.017709707214258397,0.8057396121883655,0.18596628793305936,15.0,0.4968421052631579,0.819075923450191,HI-VAE_weibull
0.004696779122663304,0.9751578947368419,0.01500754918743763,0.7640775623268697,0.20859767295035242,14.0,0.4421052631578947,0.819306902510635,HI-VAE_weibull
0.005631349437651939,0.9712280701754388,0.020602405837218365,0.7892299168975068,0.20140942108635615,9.0,0.48210526315789476,0.8187669133378541,HI-VAE_weibull
0.004642989700011078,0.9738947368421053,0.009936167472017442,0.7894072022160665,0.14677559988642686,12.0,0.4694736842105263,0.8226426254073761,HI-VAE_weibull
0.003034989285203608,0.9807719298245614,0.013411046008685045,0.7785706371191136,0.20832466480229242,13.0,0.4905263157894737,0.831362181423985,HI-VAE_weibull
0.004361729675715364,0.975578947368421,0.010900784528030253,0.7558337950138504,0.1625844097826297,12.0,0.47789473684210526,0.8119452382797907,HI-VAE_weibull
0.004344429549211429,0.9765614035087721,0.010972753756063032,0.7798781163434902,0.1980445339805897,8.0,0.47789473684210526,0.8060500182722049,HI-VAE_weibull
0.0042502274556503504,0.9710877192982456,0.017786462047225386,0.7621495844875347,0.1721493719484813,16.0,0.5031578947368421,0.8220118656120086,HI-VAE_weibull
0.0038532219215901722,0.9771228070175438,0.014966774586121879,0.7519778393351801,0.20708765016711267,12.0,0.4968421052631579,0.8162395515483918,HI-VAE_weibull
0.0044963707192957674,0.9755789473684211,0.017100272959607525,0.7739168975069252,0.25221842699255154,13.0,0.48,0.8137789546974923,HI-VAE_weibull
0.0057219517375326915,0.9705263157894736,0.013257531828121175,0.7760664819944599,0.17659812833930483,13.0,0.4336842105263158,0.8122605668468147,HI-VAE_weibull
0.0042955025342965554,0.9767017543859651,0.014900836500767409,0.7806759002770083,0.24900916588576738,9.0,0.4631578947368421,0.8166971665356965,HI-VAE_weibull
0.004376767056154099,0.9760000000000002,0.024111160297598085,0.7959445983379501,0.1826568816726303,8.0,0.4673684210526316,0.8210822093026566,HI-VAE_weibull
0.003922683675849371,0.9778245614035088,0.014592412638211908,0.77994459833795,0.25820138770896556,12.0,0.45263157894736844,0.8282289470705545,HI-VAE_weibull
0.004189806672724875,0.9748771929824562,0.01480397224850123,0.762371191135734,0.2476346992873622,11.0,0.4842105263157895,0.8148916522686729,HI-VAE_weibull
0.0047507627001571245,0.9729122807017544,0.015920852978306154,0.7982049861495846,0.18001076658371,13.0,0.47789473684210526,0.8191582267974925,HI-VAE_weibull
0.0038358926860760805,0.9745964912280702,0.018895696377429896,0.7807423822714681,0.1251316975742864,11.0,0.4631578947368421,0.8211421060372678,HI-VAE_weibull
0.0033530503308405162,0.9795087719298247,0.01689670478541269,0.7737839335180056,0.1838289937842932,12.0,0.4884210526315789,0.8131066066446113,HI-VAE_weibull
0.003939794736508447,0.9769824561403512,0.013475598445611007,0.7782825484764542,0.2016896372747493,14.0,0.4926315789473684,0.8165297352741331,HI-VAE_weibull
0.004335613633051173,0.976280701754386,0.01862829124913791,0.7877673130193906,0.14624234663834693,5.0,0.4568421052631579,0.8297233755198585,HI-VAE_weibull
0.0049088057812076,0.9710877192982456,0.025508985543070996,0.7832686980609418,0.1727616034070473,11.0,0.45263157894736844,0.8133077684542696,HI-VAE_weibull
0.004969085569130205,0.9701052631578949,0.016710696609660212,0.7804099722991691,0.17212367140551882,8.0,0.47368421052631576,0.818594428896062,HI-VAE_weibull
0.0049924123175603095,0.9727719298245615,0.018475720176516962,0.7983601108033241,0.23085319967181012,14.0,0.4463157894736842,0.8034680494124867,HI-VAE_weibull
0.004643934857434281,0.9744561403508772,0.009010054173937078,0.7631246537396121,0.23612928256800866,11.0,0.4442105263157895,0.8070894080948677,HI-VAE_weibull
0.004063667968460901,0.9775438596491228,0.015880843721011593,0.7616842105263159,0.17375462717874077,14.0,0.47578947368421054,0.8345748273266146,HI-VAE_weibull
0.00553631747827039,0.9668771929824562,0.018789826229542582,0.7985373961218836,0.2344132959212557,13.0,0.4652631578947368,0.8160349668283252,HI-VAE_weibull
0.004739577066408526,0.9734736842105263,0.01096381688168178,0.7747811634349031,0.2560108597987082,12.0,0.45263157894736844,0.8168091048504632,HI-VAE_weibull
0.0041006958200095886,0.9776842105263159,0.017658689886775984,0.7809861495844875,0.23159850876973706,12.0,0.4631578947368421,0.8260266208225964,HI-VAE_weibull
0.00468308217713993,0.9734736842105264,0.014525698166598149,0.7916675900277008,0.2101160023138023,9.0,0.48,0.8138379980605832,HI-VAE_weibull
0.0035155227405153588,0.9792280701754386,0.010047007789625879,0.7674459833795014,0.2109186979317573,7.0,0.4652631578947368,0.8118672557468094,HI-VAE_weibull
0.004032471664443459,0.9765614035087719,0.02069493489092058,0.773606648199446,0.11506416808492609,14.0,0.44842105263157894,0.8229911804167395,HI-VAE_weibull
0.003990377655764279,0.976561403508772,0.0195454838044805,0.7727202216066482,0.19923335570148407,17.0,0.4842105263157895,0.8028350633082579,HI-VAE_weibull
0.0048660229592525405,0.9731929824561403,0.011798178313391795,0.7898504155124655,0.23153127214066324,10.0,0.4378947368421053,0.8007511711835509,HI-VAE_weibull
0.003907565834297803,0.9779649122807019,0.013987056052165466,0.7753795013850416,0.13893183730240719,9.0,0.4673684210526316,0.8259187558752634,HI-VAE_weibull
0.004155432958660871,0.975017543859649,0.03158579613726581,0.8021939058171744,0.10332297031437367,6.0,0.47578947368421054,0.804765145224482,HI-VAE_weibull
0.004048161101768035,0.9783859649122807,0.016086605515140007,0.7912686980609418,0.2009846106198111,16.0,0.47157894736842104,0.8088721223299041,HI-VAE_weibull
0.0038982389705954344,0.9789473684210525,0.019445150573400564,0.813207756232687,0.1362478346461415,12.0,0.4589473684210526,0.8065258095276507,HI-VAE_weibull
0.004465567617316745,0.9737543859649123,0.010875578849688776,0.7946371191135734,0.16757977487338444,12.0,0.4463157894736842,0.8162281017629239,HI-VAE_weibull
0.004595916174565993,0.9743157894736842,0.015390855382557123,0.8052742382271468,0.20930369844493377,11.0,0.4673684210526316,0.8167958589647139,HI-VAE_weibull
0.005209724316113117,0.9716491228070177,0.013850661862727466,0.7852409972299169,0.21042389595987884,10.0,0.45263157894736844,0.8170214788010141,HI-VAE_weibull
0.003673578756252881,0.976982456140351,0.013918244332917211,0.7595124653739612,0.1757563330693293,13.0,0.48,0.8140088795788214,HI-VAE_weibull
0.005354576717557647,0.9715087719298245,0.01714290635329454,0.7651412742382271,0.16097150745336408,14.0,0.4357894736842105,0.8120742746882512,HI-VAE_weibull
0.0038785141612960304,0.975017543859649,0.014658945695336885,0.788786703601108,0.191722132431499,9.0,0.47578947368421054,0.8048246904729474,HI-VAE_weibull
0.0057028575425473165,0.9663157894736841,0.010233897443118931,0.7777285318559557,0.19383516231332035,12.0,0.48210526315789476,0.8110648108005817,HI-VAE_weibull
0.004108435070623831,0.9738947368421053,0.018958550452457174,0.7670914127423822,0.2408033743310794,11.0,0.4378947368421053,0.8227418734929163,HI-VAE_weibull
0.004714372927064461,0.9716491228070174,0.014428069582753382,0.7555457063711911,0.19035260576811205,8.0,0.47789473684210526,0.8277855818674181,HI-VAE_weibull
0.004997839380845161,0.9723508771929824,0.01879182350693327,0.75601108033241,0.16828352178423833,9.0,0.4926315789473684,0.8262411110034241,HI-VAE_weibull
0.005179296382397983,0.9729122807017545,0.011638370901065087,0.793994459833795,0.17777558089283566,10.0,0.4631578947368421,0.82451330108823,HI-VAE_weibull
0.004209895343504162,0.9758596491228072,0.011134730343893175,0.7952354570637119,0.25452837394985744,10.0,0.4442105263157895,0.8107535978815988,HI-VAE_weibull
0.004443966246305548,0.9731929824561405,0.023952169684281013,0.7732963988919668,0.10870175794748993,5.0,0.4905263157894737,0.8190142069168648,HI-VAE_weibull
0.004372286605602284,0.9757192982456142,0.022070393883999402,0.7942160664819944,0.1648822790681919,13.0,0.4568421052631579,0.8284090675919719,HI-VAE_weibull
0.004172679218885242,0.9743157894736841,0.014431782900055376,0.7935955678670361,0.1900685058878049,13.0,0.4842105263157895,0.8191273592172008,HI-VAE_weibull
0.004636650294639143,0.9731929824561404,0.021439473588074076,0.7772409972299168,0.1919677669208809,11.0,0.4631578947368421,0.8035980455224372,HI-VAE_weibull
0.004594106168254579,0.9745964912280702,0.014220930361973413,0.8091966759002769,0.20372820599275965,11.0,0.4905263157894737,0.8238948107420028,HI-VAE_weibull
0.0035596030919594775,0.9776842105263159,0.011922890203481397,0.7829141274238227,0.25480668751319324,11.0,0.4842105263157895,0.8114808390755069,HI-VAE_weibull
0.0041753489558521055,0.9738947368421054,0.016534438815304156,0.7954127423822714,0.273191936531725,16.0,0.4842105263157895,0.8050013027713159,HI-VAE_weibull
0.004715051553594532,0.9722105263157895,0.015499917083111736,0.7602437673130193,0.17335244094346966,10.0,0.4631578947368421,0.8180281569291371,HI-VAE_weibull
0.004509731501141367,0.9724912280701754,0.012053831520747068,0.8117008310249307,0.17382472098151808,15.0,0.4968421052631579,0.8027857725486504,HI-VAE_weibull
0.003919779329181499,0.9744561403508774,0.015146480647430927,0.7903157894736841,0.19026842358176635,14.0,0.4673684210526316,0.8245879824852326,HI-VAE_weibull
0.004557169774404734,0.9754385964912281,0.015151400053362385,0.8073795013850417,0.15905431178178225,7.0,0.4378947368421053,0.8219368960464181,HI-VAE_weibull
0.005056318071174936,0.9710877192982454,0.016889144061364374,0.7873240997229918,0.16025569565935507,13.0,0.4652631578947368,0.823880526661671,HI-VAE_weibull
0.003983885390856493,0.9743157894736844,0.022574309407888193,0.7832243767313019,0.23946240721969977,14.0,0.47157894736842104,0.8132589135346437,HI-VAE_weibull
0.00559784239283378,0.968982456140351,0.016529091656165465,0.7869030470914128,0.17179572036714777,8.0,0.44,0.8254533355532098,HI-VAE_weibull
0.004121421437160102,0.9775438596491228,0.018958245951283297,0.7815180055401661,0.1716467420967033,16.0,0.4905263157894737,0.838431025377556,HI-VAE_weibull
0.005106308129396311,0.9695438596491228,0.028388243964460706,0.7732520775623268,0.23720859611950326,14.0,0.47789473684210526,0.8221348595653049,HI-VAE_weibull
0.004692488885432274,0.9737543859649123,0.012233918368398143,0.7729639889196676,0.22020291456153268,15.0,0.4631578947368421,0.8191669827008127,HI-VAE_weibull
0.004334950332263219,0.9729122807017545,0.013041206952048062,0.7960332409972299,0.1658679288171981,13.0,0.4968421052631579,0.8298953172049862,HI-VAE_weibull
0.004247105030759374,0.9716491228070174,0.017132074992205645,0.769240997229917,0.2537760700462341,11.0,0.4568421052631579,0.815089493548375,HI-VAE_weibull
0.0030619208755778074,0.9797894736842105,0.017540924831770013,0.7863268698060942,0.1373622405135351,13.0,0.45052631578947366,0.813129452363406,HI-VAE_piecewise
0.004108886060113833,0.975298245614035,0.03823132607249917,0.7655180055401664,0.15736667614348715,16.0,0.511578947368421,0.8151105711978621,HI-VAE_piecewise
0.004952985513682424,0.9738947368421051,0.02653252682741401,0.7992465373961218,0.14522540769880596,15.0,0.4589473684210526,0.8103368065325605,HI-VAE_piecewise
0.0031595173301787786,0.9811929824561404,0.025874262659914583,0.8085761772853186,0.1692184264800499,15.0,0.42736842105263156,0.8157163406002044,HI-VAE_piecewise
0.0038984327107962446,0.9775438596491228,0.03610785663710653,0.7709695290858727,0.2710398511658219,17.0,0.44,0.8104182905921753,HI-VAE_piecewise
0.0041555537937068695,0.9743157894736842,0.03484058603092371,0.7826703601108033,0.27471119503468205,15.0,0.45263157894736844,0.8232021159518368,HI-VAE_piecewise
0.0051445988465417414,0.9710877192982456,0.02091477597750264,0.7746038781163435,0.2151294128223811,16.0,0.45263157894736844,0.816538189178176,HI-VAE_piecewise
0.004581414351273694,0.9750175438596492,0.028355335481504672,0.7886759002770083,0.20427407340588555,17.0,0.4631578947368421,0.8190461423780282,HI-VAE_piecewise
0.004755269384574832,0.9733333333333332,0.01947997058484291,0.7561440443213296,0.24391732409367956,15.0,0.47368421052631576,0.8062702225709233,HI-VAE_piecewise
0.004377305504988392,0.9720701754385964,0.03978689777543159,0.8011080332409971,0.1547490323403871,10.0,0.4568421052631579,0.8109183319357609,HI-VAE_piecewise
0.005485659372339703,0.9667368421052632,0.04739097008411211,0.7824265927977839,0.19926691294599203,20.0,0.4631578947368421,0.839361635696816,HI-VAE_piecewise
0.00454690728524172,0.9741754385964914,0.028052780084013768,0.7565207756232687,0.16712016882802466,16.0,0.4673684210526316,0.8210302054076908,HI-VAE_piecewise
0.004473224849213709,0.9730526315789475,0.0235557358441289,0.7929307479224377,0.22293686686603187,14.0,0.4463157894736842,0.8266686390142938,HI-VAE_piecewise
0.0039151782742330435,0.977122807017544,0.02285244906474659,0.7944819944598338,0.1170115672528675,9.0,0.4378947368421053,0.8191414188414453,HI-VAE_piecewise
0.004412756773845223,0.9744561403508772,0.020650734812726695,0.8018171745152355,0.13887981744420497,17.0,0.4147368421052632,0.8229536123965814,HI-VAE_piecewise
0.0040843635541802405,0.976421052631579,0.023738835231698143,0.7938614958448752,0.20642369739189384,13.0,0.47789473684210526,0.8165074568046486,HI-VAE_piecewise
0.004513244083405187,0.9740350877192981,0.019578895627785527,0.7525983379501385,0.16776524026141648,14.0,0.47368421052631576,0.808456871108413,HI-VAE_piecewise
0.004613833447605979,0.9729122807017544,0.02239703146360193,0.8062271468144043,0.3031642201643185,12.0,0.45052631578947366,0.822155409378665,HI-VAE_piecewise
0.004526640646975411,0.9738947368421053,0.022823748788501675,0.8114792243767314,0.12528689367689042,12.0,0.45263157894736844,0.8115777562836365,HI-VAE_piecewise
0.004896535492135234,0.9712280701754386,0.03933877043180852,0.7986925207756232,0.3115805743960351,16.0,0.45263157894736844,0.8111973388107173,HI-VAE_piecewise
0.004835347500872716,0.9712280701754387,0.03811996802527795,0.7866371191135734,0.19237010882291744,16.0,0.47157894736842104,0.815719098540598,HI-VAE_piecewise
0.003933267343158499,0.9778245614035089,0.022744221445433793,0.7683102493074792,0.16372716640080173,19.0,0.4694736842105263,0.8059335007075751,HI-VAE_piecewise
0.004273834683541485,0.9754385964912281,0.01876401278131589,0.7822493074792245,0.25176018104950276,18.0,0.4968421052631579,0.8181181005281197,HI-VAE_piecewise
0.0050857285612745835,0.9727719298245615,0.017432867905277108,0.7562770083102495,0.22521935890179717,10.0,0.4842105263157895,0.8224428079658788,HI-VAE_piecewise
0.003617421013857024,0.9762807017543859,0.04060169845301618,0.8086648199445984,0.24941624518505673,17.0,0.4842105263157895,0.8134910835341903,HI-VAE_piecewise
0.005296249541481487,0.9726315789473684,0.031182015689171998,0.7674016620498616,0.13550768777292937,19.0,0.49894736842105264,0.8185861699796518,HI-VAE_piecewise
0.003817615860685601,0.976280701754386,0.024514856872276447,0.7904487534626037,0.2695608736514968,13.0,0.47789473684210526,0.8104240116370666,HI-VAE_piecewise
0.004084582534153903,0.976140350877193,0.02545347026677819,0.7714127423822715,0.26186899251215146,16.0,0.44842105263157894,0.8240794590056175,HI-VAE_piecewise
0.004353591171382476,0.975298245614035,0.02824414580245591,0.7930193905817174,0.152475455248003,21.0,0.4378947368421053,0.8004228089870993,HI-VAE_piecewise
0.004601142260031133,0.9747368421052632,0.030206587656901516,0.7749362880886427,0.21565254153207575,10.0,0.44842105263157894,0.8078588942293596,HI-VAE_piecewise
0.004080231625919518,0.9774035087719299,0.019501984388354487,0.7767091412742382,0.14003799973206038,10.0,0.4968421052631579,0.8156399348013472,HI-VAE_piecewise
0.0033836257296173174,0.9775438596491227,0.03297587326822324,0.8013518005540167,0.22431393268740027,18.0,0.4631578947368421,0.8276787767484276,HI-VAE_piecewise
0.0056154858551487755,0.9692631578947369,0.03750973914462471,0.7945263157894736,0.2307737361897033,17.0,0.4694736842105263,0.8105742407016446,HI-VAE_piecewise
0.005215099512367749,0.9727719298245615,0.03507385133133586,0.7501939058171745,0.19321958358844038,18.0,0.45263157894736844,0.8178890762376846,HI-VAE_piecewise
0.0041637402441490395,0.9747368421052631,0.02833352534019534,0.8114792243767314,0.1726235885988084,17.0,0.5010526315789474,0.8138079764512366,HI-VAE_piecewise
0.004163904593780551,0.9767017543859651,0.03328348192675852,0.7807645429362882,0.2363281700269321,20.0,0.45473684210526316,0.8055534747113361,HI-VAE_piecewise
0.004368922487713486,0.9757192982456142,0.02837191086869666,0.7638116343490304,0.25943574811080433,17.0,0.48,0.8199299315928135,HI-VAE_piecewise
0.004607413620148387,0.9730526315789473,0.02978616153350888,0.7610193905817175,0.2011679509277027,16.0,0.4694736842105263,0.815628219214002,HI-VAE_piecewise
0.004859698896154413,0.9722105263157895,0.02455706654355774,0.7848421052631579,0.20087701565239674,20.0,0.47368421052631576,0.8139455823759828,HI-VAE_piecewise
0.004178833168356708,0.9769824561403511,0.02709017793438324,0.7822493074792244,0.12502330024612915,16.0,0.45473684210526316,0.8114184831505267,HI-VAE_piecewise
0.005134360595128682,0.9701052631578947,0.03423807458997488,0.7491634349030472,0.2008938339992772,11.0,0.4463157894736842,0.8194292042385941,HI-VAE_piecewise
0.00510287503828762,0.9696842105263158,0.04359258386447065,0.7779058171745151,0.1562867509818108,16.0,0.4378947368421053,0.7982672325322375,HI-VAE_piecewise
0.0040310591599005486,0.9751578947368421,0.022500730468122933,0.7789030470914127,0.1725719541440704,13.0,0.4357894736842105,0.8172000856029196,HI-VAE_piecewise
0.005078282774389574,0.9698245614035087,0.030820420837874812,0.7902936288088642,0.14817435982692792,15.0,0.45263157894736844,0.8216363627948385,HI-VAE_piecewise
0.004976416284791004,0.9703859649122807,0.04332213491838975,0.7947479224376731,0.16322146953128677,19.0,0.4842105263157895,0.823632749290813,HI-VAE_piecewise
0.004847374210390847,0.9734736842105264,0.034377073879434616,0.7786814404432134,0.21135309334373586,14.0,0.4652631578947368,0.8250113957541386,HI-VAE_piecewise
0.00459075875767984,0.9713684210526315,0.038865010385771184,0.754792243767313,0.1716030970454145,15.0,0.48210526315789476,0.8032380120724102,HI-VAE_piecewise
0.003563237402831047,0.9800701754385965,0.029907717624900576,0.80002216066482,0.25285061213799337,15.0,0.4884210526315789,0.8182357229772448,HI-VAE_piecewise
0.004869071971233083,0.9743157894736841,0.026050788044792928,0.7538171745152353,0.30882575715331995,10.0,0.4357894736842105,0.809968744228391,HI-VAE_piecewise
0.004431760010140372,0.9738947368421053,0.050880936299361725,0.8018614958448754,0.15797890692139333,11.0,0.4357894736842105,0.812024946531784,HI-VAE_piecewise
0.004171440167953041,0.9720701754385964,0.020573970010092445,0.7591135734072021,0.17203755236876042,16.0,0.45473684210526316,0.7964594128664578,HI-VAE_piecewise
0.0045368738677850715,0.9720701754385968,0.04627908387477297,0.772808864265928,0.23533826266217375,14.0,0.4905263157894737,0.8192680871058514,HI-VAE_piecewise
0.004084046060333963,0.9767017543859648,0.024141734952807612,0.8086869806094183,0.22144390566132216,14.0,0.48210526315789476,0.8185267255178507,HI-VAE_piecewise
0.004305051541103665,0.9760000000000001,0.026576317618194317,0.7808975069252078,0.15373496723046223,14.0,0.4610526315789474,0.8219576807140604,HI-VAE_piecewise
0.005243413150965367,0.9706666666666668,0.022441512060191487,0.7841551246537396,0.2271406989153552,14.0,0.42526315789473684,0.8221924667907642,HI-VAE_piecewise
0.004054733863374498,0.9745964912280702,0.03078499085657074,0.7851745152354571,0.15061978450457966,17.0,0.49473684210526314,0.8122235297176561,HI-VAE_piecewise
0.004236049720424361,0.9754385964912281,0.017561586668541976,0.8119224376731301,0.17188941449492126,17.0,0.45473684210526316,0.8194833320739096,HI-VAE_piecewise
0.003931730861909868,0.9758596491228071,0.021961375535298606,0.7681329639889197,0.13901910099175727,17.0,0.44842105263157894,0.8281532303944696,HI-VAE_piecewise
0.004557579179578386,0.9734736842105263,0.03445510811881576,0.7665595567867035,0.17384456150584304,17.0,0.4694736842105263,0.8237381830965684,HI-VAE_piecewise
0.00530929182646219,0.9706666666666667,0.025088294012182093,0.7712354570637119,0.16684762510127263,16.0,0.47157894736842104,0.8270965501052638,HI-VAE_piecewise
0.004886772698694054,0.9694035087719298,0.03670830417274884,0.7790360110803325,0.20658652376511358,19.0,0.45473684210526316,0.8102199505235123,HI-VAE_piecewise
0.004262868561512554,0.974877192982456,0.03976476205498365,0.7873905817174516,0.25535483409960474,18.0,0.45473684210526316,0.8090554226359884,HI-VAE_piecewise
0.005092825641563262,0.9694035087719296,0.04095621632118755,0.7821828254847645,0.26255256312038466,19.0,0.4442105263157895,0.8071625211724084,HI-VAE_piecewise
0.0038093934300529393,0.9764210526315791,0.023635463114572763,0.7901606648199445,0.12002688995614184,19.0,0.4842105263157895,0.8125359825844947,HI-VAE_piecewise
0.004187597456611073,0.975298245614035,0.024422819105473153,0.790759002770083,0.18024200025654535,14.0,0.47368421052631576,0.8022510528651431,HI-VAE_piecewise
0.005330838805747225,0.968701754385965,0.03105608646477041,0.7744709141274237,0.20363321506590074,13.0,0.4842105263157895,0.8112028757565941,HI-VAE_piecewise
0.0053253061651001255,0.9705263157894736,0.02592846098387221,0.7829806094182825,0.19230487905131002,15.0,0.49473684210526314,0.8127250337033626,HI-VAE_piecewise
0.004544811746644168,0.9717894736842106,0.032336079536418004,0.7872797783933518,0.2153368126153696,19.0,0.4673684210526316,0.8259469088126336,HI-VAE_piecewise
0.004771636778915494,0.9729122807017543,0.04132935848773267,0.7669584487534626,0.17807830673806319,20.0,0.45052631578947366,0.8044142784343673,HI-VAE_piecewise
0.004422017125511304,0.975719298245614,0.025633129815681954,0.7709916897506925,0.20283724173325915,15.0,0.49473684210526314,0.8154907531596378,HI-VAE_piecewise
0.005110880782744639,0.9716491228070175,0.02457337044629446,0.7914681440443213,0.22092944441680468,20.0,0.48,0.8058234672810893,HI-VAE_piecewise
0.003668879461354072,0.9758596491228071,0.02703127717907117,0.7706149584487536,0.16150480774542295,18.0,0.4147368421052632,0.8131156567201364,HI-VAE_piecewise
0.004124114562743586,0.9741754385964912,0.03976821482853689,0.7786371191135735,0.29683133548962204,20.0,0.4884210526315789,0.808935721922998,HI-VAE_piecewise
0.00473140765782435,0.9750175438596492,0.026208655592682956,0.8040775623268697,0.27801731275524094,12.0,0.4631578947368421,0.7977976339695063,HI-VAE_piecewise
0.004701049729156999,0.9719298245614033,0.033380256263818534,0.7517340720221606,0.23673491912293285,19.0,0.4378947368421053,0.8072292484413217,HI-VAE_piecewise
0.004538602284078431,0.9738947368421053,0.032110408792451695,0.7801883656509695,0.19314068091201253,14.0,0.4568421052631579,0.8078794310303584,HI-VAE_piecewise
0.005192795872433517,0.9688421052631581,0.03936754170273179,0.7761994459833795,0.28185932351508086,15.0,0.4694736842105263,0.8111980697231601,HI-VAE_piecewise
0.004705788948810249,0.9730526315789476,0.030623800554979964,0.8038116343490305,0.14898966544193026,17.0,0.4589473684210526,0.8244028397291907,HI-VAE_piecewise
0.004690458779057105,0.9729122807017545,0.026920760305174006,0.7662493074792243,0.13699743082251878,13.0,0.4673684210526316,0.8248605609452402,HI-VAE_piecewise
0.004043517585530817,0.9769824561403511,0.02121238756405176,0.753240997229917,0.16571250911756433,16.0,0.4336842105263158,0.8037780869727235,HI-VAE_piecewise
0.005353750665011855,0.9709473684210527,0.04057127761610812,0.7483213296398892,0.17914228751049247,15.0,0.4673684210526316,0.8113940506097151,HI-VAE_piecewise
0.004731354916079236,0.9727719298245615,0.032273300426903996,0.8081772853185596,0.24368671248289314,11.0,0.4673684210526316,0.8076818897406948,HI-VAE_piecewise
0.004536357769238572,0.974035087719298,0.04205678270896052,0.8010637119113573,0.17514499049708063,21.0,0.48210526315789476,0.8241677139839356,HI-VAE_piecewise
0.0047696394763010914,0.9737543859649123,0.019588734684874685,0.7749362880886427,0.13375961453082447,12.0,0.47789473684210526,0.8142450226080813,HI-VAE_piecewise
0.0037128410255985365,0.976561403508772,0.033707262873081956,0.7655844875346259,0.17411473799968988,19.0,0.45473684210526316,0.8089753713469027,HI-VAE_piecewise
0.005232863519338948,0.9702456140350877,0.02689544186003427,0.7697063711911357,0.18664380833982633,19.0,0.4610526315789474,0.8117856264968846,HI-VAE_piecewise
0.004975909494150991,0.9701052631578949,0.04451524231564526,0.7989806094182825,0.23698462662120906,20.0,0.47368421052631576,0.8201004487133537,HI-VAE_piecewise
0.004024433795474905,0.9782456140350878,0.03212353639367643,0.8000221606648198,0.2357923829121765,17.0,0.4673684210526316,0.8273291872412191,HI-VAE_piecewise
0.004544161023093349,0.974877192982456,0.030390258121880932,0.7701717451523544,0.14331691534253552,17.0,0.4926315789473684,0.8021633657487542,HI-VAE_piecewise
0.0043518953304813816,0.9729122807017544,0.02693729882215417,0.818836565096953,0.18406683898171025,17.0,0.45263157894736844,0.8106645136861612,HI-VAE_piecewise
0.004023476582934826,0.9768421052631578,0.021239655386019934,0.768797783933518,0.15330470386701753,14.0,0.4673684210526316,0.8115405204296355,HI-VAE_piecewise
0.005085937667317537,0.9712280701754387,0.03167200393696264,0.7739833795013851,0.262052238833982,19.0,0.4673684210526316,0.8061169546296852,HI-VAE_piecewise
0.00504131196997166,0.9689824561403508,0.04593848007897367,0.7749806094182825,0.22291316401336564,14.0,0.42736842105263156,0.8179186515000574,HI-VAE_piecewise
0.0049395136245739485,0.9713684210526315,0.038370573237575326,0.7569418282548477,0.2311919284237073,19.0,0.4905263157894737,0.8186599251433304,HI-VAE_piecewise
0.005333185972047246,0.9694035087719298,0.02836527887806623,0.757229916897507,0.2008080962701532,12.0,0.47157894736842104,0.8037736108392287,HI-VAE_piecewise
0.0037274706954236233,0.9754385964912281,0.02994388481661594,0.7870138504155124,0.15972750713715306,14.0,0.48210526315789476,0.8041986156401469,HI-VAE_piecewise
0.003927247184960082,0.9758596491228071,0.018242174119535586,0.7849972299168976,0.21009271365505283,18.0,0.44,0.8196546307104932,HI-VAE_piecewise
0.004228222108954502,0.9716491228070175,0.045511373772750476,0.8189695290858726,0.16410663762486424,13.0,0.4610526315789474,0.8121579311777619,HI-VAE_piecewise
0.004120650881127182,0.975157894736842,0.04011668851386395,0.8173518005540166,0.1171767148889661,18.0,0.4631578947368421,0.816567278642236,HI-VAE_piecewise
0.004415310198007059,0.9750175438596492,0.029734563715877366,0.7834238227146815,0.21300782508048613,19.0,0.4884210526315789,0.8261516207778444,HI-VAE_piecewise
0.004576217635416198,0.975578947368421,0.024951404608588478,0.7728753462603878,0.12385408533630488,13.0,0.47157894736842104,0.8085215350370498,HI-VAE_piecewise
0.005148307060216548,0.9720701754385966,0.03081812073624239,0.7715013850415512,0.16269862641992475,12.0,0.47789473684210526,0.8112355748753682,HI-VAE_piecewise
0.004602772922263925,0.9727719298245615,0.036259276193095144,0.7740941828254847,0.3016909521854988,18.0,0.44,0.8176947141844618,HI-VAE_piecewise
0.004809294546747551,0.9727719298245613,0.027251587485138902,0.7955013850415513,0.15766736937420334,18.0,0.4968421052631579,0.8093145416984604,HI-VAE_piecewise
0.005441490790979612,0.9713684210526315,0.020606454870256443,0.8125207756232686,0.13321945704894436,14.0,0.5073684210526316,0.8019882979864151,HI-VAE_piecewise
0.005914002502186354,0.9678596491228071,0.03053791416483537,0.8091080332409973,0.17473276984800593,19.0,0.4568421052631579,0.8247107973848673,HI-VAE_piecewise
0.003870779748909508,0.976982456140351,0.03120352857213692,0.7625263157894737,0.24743532034633786,20.0,0.4652631578947368,0.8150307691929087,HI-VAE_piecewise
0.004684918305880373,0.9734736842105264,0.03530932842618786,0.8046759002770083,0.12692622316816798,14.0,0.48,0.8091979805052705,HI-VAE_piecewise
0.004367831869717744,0.9737543859649124,0.03129836725218602,0.7730193905817175,0.2490855037061998,19.0,0.4610526315789474,0.8202128841909406,HI-VAE_piecewise
0.0035133492993176035,0.9778245614035087,0.025507666339569888,0.7856398891966759,0.1553648060081985,12.0,0.47157894736842104,0.808963704075965,HI-VAE_piecewise
0.005402165299422032,0.9716491228070175,0.033835609775861926,0.8232243767313019,0.21771466704632333,15.0,0.5010526315789474,0.8114660475939937,HI-VAE_piecewise
0.0037838260034325872,0.9747368421052632,0.043684281793080905,0.765185595567867,0.17389332314160624,20.0,0.48,0.8149023827155899,HI-VAE_piecewise
0.004184092061331926,0.9713684210526315,0.027740399370052463,0.7697063711911356,0.164774957010414,14.0,0.44842105263157894,0.8065764492972634,HI-VAE_piecewise
0.005445625089146139,0.9719298245614035,0.025032442271357133,0.7992686980609418,0.2592611705046578,14.0,0.4631578947368421,0.812709389726176,HI-VAE_piecewise
0.003959943812639445,0.9786666666666667,0.016624704479368292,0.7982271468144044,0.1748332923835978,12.0,0.4673684210526316,0.8190977693964456,HI-VAE_piecewise
0.004660377458152223,0.9737543859649124,0.026280690020515824,0.7559002770083103,0.17749284555862485,9.0,0.45052631578947366,0.8060913385931581,HI-VAE_piecewise
0.0039025859770988633,0.9765614035087721,0.03562712864136419,0.7577396121883657,0.16103432246677443,14.0,0.47578947368421054,0.8289827595811312,HI-VAE_piecewise
0.005067301433845855,0.9716491228070177,0.044892820017142725,0.763590027700831,0.18532775968564094,18.0,0.48210526315789476,0.8205286270446602,HI-VAE_piecewise
0.0042733332002178855,0.9741754385964915,0.037816735480938196,0.750393351800554,0.21823158873925147,16.0,0.47578947368421054,0.7934373280075311,HI-VAE_piecewise
0.003972830566797801,0.9762807017543861,0.0197191441605342,0.7790581717451522,0.2179140535699501,14.0,0.4631578947368421,0.809539714201336,HI-VAE_piecewise
0.003984243608874279,0.976140350877193,0.033547120341777655,0.7866371191135734,0.18772184057851019,15.0,0.47157894736842104,0.8288295245317503,HI-VAE_piecewise
0.004425653719893539,0.9723508771929823,0.046184222490859274,0.8058504155124654,0.25709641563747115,20.0,0.44842105263157894,0.8184305608395636,HI-VAE_piecewise
0.004503656127527787,0.9703859649122808,0.03567537252298514,0.7956343490304709,0.21696701400572407,14.0,0.49894736842105264,0.8053052450862883,HI-VAE_piecewise
0.004875288910305176,0.9737543859649124,0.03531273755113712,0.8024376731301939,0.18880379597796929,22.0,0.42105263157894735,0.8146768212511952,HI-VAE_piecewise
0.004627901013147247,0.9726315789473684,0.031815499575786665,0.7781052631578949,0.26362407337120025,18.0,0.4568421052631579,0.8232066654691385,HI-VAE_piecewise
0.0048870910895128855,0.9713684210526317,0.0331585654264062,0.7925761772853186,0.20118761520654563,10.0,0.5073684210526316,0.8000928607744225,HI-VAE_piecewise
0.004417067196957833,0.975578947368421,0.041090926248278,0.7897839335180057,0.13905953440538865,17.0,0.5073684210526316,0.8052128384581255,HI-VAE_piecewise
0.0036927841086754837,0.9793684210526318,0.03323562207923629,0.7933739612188366,0.20892299720529686,15.0,0.47157894736842104,0.8157353562110524,HI-VAE_piecewise
0.004715925771977523,0.9727719298245616,0.027352875937751247,0.7789030470914127,0.17004886097566344,14.0,0.4694736842105263,0.8076613746384107,HI-VAE_piecewise
0.005650632307799325,0.968842105263158,0.03257116671445903,0.8035678670360109,0.18127129577821327,12.0,0.4694736842105263,0.8118941668470069,HI-VAE_piecewise
0.005358682963233727,0.9712280701754387,0.023195388845483413,0.7967202216066483,0.18295873660579157,12.0,0.45052631578947366,0.816708034561202,HI-VAE_piecewise
0.004247259813133067,0.9750175438596492,0.029030222444892343,0.7746925207756232,0.12308835949677752,18.0,0.44842105263157894,0.8104195967006679,HI-VAE_piecewise
0.0040334018109302065,0.9737543859649124,0.03862881889777667,0.8061385041551248,0.13279234900145545,20.0,0.48,0.8287074171968968,HI-VAE_piecewise
0.005267908713230626,0.9713684210526315,0.030124296278236942,0.790005540166205,0.19070554329939085,15.0,0.4652631578947368,0.8141648714852684,HI-VAE_piecewise
0.004886708830647246,0.9729122807017544,0.02996090697368493,0.7920221606648199,0.1700425956373901,20.0,0.4568421052631579,0.8098959894934089,HI-VAE_piecewise
0.004672367091864493,0.9755789473684211,0.03468955534876387,0.7934404432132964,0.17074995620369596,12.0,0.4463157894736842,0.7973262724377725,HI-VAE_piecewise
0.004445993556659866,0.9761403508771931,0.03472676767716669,0.7621939058171746,0.1643716829434731,12.0,0.4926315789473684,0.8151150282348958,HI-VAE_piecewise
0.004791442056511904,0.9699649122807019,0.04635543360000234,0.7888531855955678,0.29917825282079474,16.0,0.47578947368421054,0.8122154169233937,HI-VAE_piecewise
0.0038953512769440432,0.9769824561403507,0.03186268758207132,0.7621939058171745,0.1902576716222193,17.0,0.4673684210526316,0.8209099504369373,HI-VAE_piecewise
0.004660891682102082,0.9701052631578949,0.02531137286164219,0.7725207756232687,0.16203727244673252,17.0,0.4926315789473684,0.8111019879104491,HI-VAE_piecewise
0.0043257921765991435,0.9776842105263158,0.022371031232430092,0.7917783933518006,0.16634877852192517,15.0,0.48210526315789476,0.8107948851651158,HI-VAE_piecewise
0.004326840588497507,0.9738947368421053,0.017385612495474576,0.7869695290858726,0.19307731488486082,16.0,0.4694736842105263,0.8118658592859734,HI-VAE_piecewise
0.005097803871358368,0.9716491228070177,0.03724573619680039,0.7593130193905817,0.20152168702843687,16.0,0.47789473684210526,0.8142166972939799,HI-VAE_piecewise
0.004712703093851287,0.9738947368421053,0.03081526655100901,0.7805650969529087,0.24890194691498838,15.0,0.44842105263157894,0.8133711400728223,HI-VAE_piecewise
0.005065710977020938,0.9703859649122807,0.018257140366022915,0.7901385041551247,0.21574316750462327,15.0,0.4863157894736842,0.8083638286659871,HI-VAE_piecewise
0.0036444039713333662,0.9729122807017544,0.03695958284156789,0.7929750692520775,0.23870276997719983,17.0,0.42526315789473684,0.8230085868725446,HI-VAE_piecewise
0.005196214206499383,0.9724912280701754,0.03827122807331925,0.7859058171745152,0.2085443045840643,18.0,0.4673684210526316,0.8208995686894259,HI-VAE_piecewise
0.003951436649344702,0.9778245614035087,0.02280520235098582,0.7882770083102493,0.18748759451608893,14.0,0.4421052631578947,0.8190186176640492,HI-VAE_piecewise
0.004972726320709387,0.9731929824561403,0.027823743861514056,0.7930858725761774,0.1845887179327748,15.0,0.45052631578947366,0.8205917784303334,HI-VAE_piecewise
0.004973766680691123,0.9724912280701754,0.031088278757282335,0.764343490304709,0.21703052796188085,14.0,0.4673684210526316,0.8233474188236749,HI-VAE_piecewise
0.004578685113391435,0.9729122807017544,0.022621174025632216,0.7808975069252078,0.14381664580238407,13.0,0.4589473684210526,0.8071837244223828,HI-VAE_piecewise
0.0042865154619828195,0.9747368421052631,0.029892555604893203,0.8182382271468145,0.2664857853580857,18.0,0.47368421052631576,0.8095050526908575,HI-VAE_piecewise
0.0037354251716291034,0.9772631578947368,0.0216357970927515,0.7985817174515236,0.18450340969335097,18.0,0.47578947368421054,0.8086367186365434,HI-VAE_piecewise
0.004720028184260562,0.9734736842105264,0.031511815609543,0.772409972299169,0.15451173820342445,16.0,0.47368421052631576,0.8061363924345972,HI-VAE_piecewise
0.0037592160930164627,0.9785263157894737,0.022941475132267398,0.7554570637119113,0.20344824972689077,11.0,0.5031578947368421,0.8100473255504845,HI-VAE_piecewise
0.005530464768433022,0.9695438596491229,0.02726771071246642,0.7725650969529085,0.24623700230802642,11.0,0.4905263157894737,0.8103587188122968,HI-VAE_piecewise
0.004928616265682207,0.9709473684210528,0.030299783561883956,0.7510249307479224,0.19575505226287085,12.0,0.4905263157894737,0.8159527283298235,HI-VAE_piecewise
0.004330382452063936,0.976421052631579,0.03388069503817036,0.7647645429362881,0.22734887897014228,17.0,0.47157894736842104,0.8044873628732,HI-VAE_piecewise
0.004333532890230706,0.9737543859649123,0.028461655654452606,0.7933074792243767,0.23948705208385665,17.0,0.4673684210526316,0.8184279676041781,HI-VAE_piecewise
0.004633324437911165,0.9719298245614035,0.032440174581174014,0.7634570637119114,0.26593067871686027,16.0,0.511578947368421,0.816837023350153,HI-VAE_piecewise
0.004194825266053856,0.9758596491228071,0.025401854242980984,0.7690637119113573,0.12037987018410745,15.0,0.4673684210526316,0.7981390285322346,HI-VAE_piecewise
0.004758593864716857,0.9701052631578949,0.03942389142326557,0.7886315789473684,0.16801577648614852,17.0,0.4463157894736842,0.8173225663062275,HI-VAE_piecewise
0.00428914473457033,0.9751578947368421,0.01760261211743577,0.7911800554016619,0.1952533281070841,14.0,0.4863157894736842,0.8106193738808634,HI-VAE_piecewise
0.004544051570590028,0.9750175438596493,0.03010698433033344,0.7558116343490304,0.24873326684843763,21.0,0.49473684210526314,0.8191049422601755,HI-VAE_piecewise
0.0043054895673789355,0.9758596491228069,0.03625801612742764,0.7900277008310249,0.24755823606782698,15.0,0.45263157894736844,0.8203350060647147,HI-VAE_piecewise
0.004564306231139316,0.9710877192982456,0.03720465319918478,0.796831024930748,0.1406699114053251,18.0,0.4842105263157895,0.7975322641464438,HI-VAE_piecewise
0.005535784320173018,0.9694035087719298,0.032749015529603694,0.7830692520775623,0.2070248151107156,13.0,0.44,0.8168342459127859,HI-VAE_piecewise
0.004267431565886727,0.9772631578947367,0.027774696795870173,0.7708808864265928,0.23272610631041918,13.0,0.47368421052631576,0.8102266771225062,HI-VAE_piecewise
0.004567114613339954,0.9726315789473685,0.0382961089638568,0.7965207756232687,0.1118061212882452,11.0,0.4905263157894737,0.8093915489367184,HI-VAE_piecewise
0.004522307583587701,0.9738947368421053,0.0342974704478129,0.7872797783933518,0.1959450332672418,14.0,0.4336842105263158,0.8106362181893497,HI-VAE_piecewise
0.004813356600322926,0.9729122807017542,0.03609470820719558,0.7860387811634348,0.17882579112735184,12.0,0.47578947368421054,0.8124593380594007,HI-VAE_piecewise
0.005076494026424499,0.9737543859649123,0.0367306060909476,0.7517119113573407,0.20249594865097056,18.0,0.4631578947368421,0.8086123824323389,HI-VAE_piecewise
0.005245943585959589,0.9694035087719298,0.03536691523128748,0.7642770083102494,0.22800592501485575,15.0,0.4442105263157895,0.8191616808976099,HI-VAE_piecewise
0.004272061948740107,0.9715087719298245,0.03277603253866991,0.7432686980609419,0.16060262211782741,15.0,0.4610526315789474,0.8099543961451839,HI-VAE_piecewise
0.004868162250020212,0.9702456140350877,0.0372261775566193,0.7461717451523546,0.2313278556605759,14.0,0.4189473684210526,0.8086563564503219,HI-VAE_piecewise
0.00557444736680871,0.9696842105263158,0.040949027329641195,0.7529972299168975,0.19790707201802363,17.0,0.47578947368421054,0.8106038320035407,HI-VAE_piecewise
0.0042758595957382885,0.9752982456140351,0.021944120825399514,0.7953019390581717,0.17390574462025193,17.0,0.5242105263157895,0.8045558784607378,HI-VAE_piecewise
0.0036725478716073735,0.9758596491228071,0.024866457211070184,0.7877673130193905,0.16586586776363957,13.0,0.47157894736842104,0.799252020852542,HI-VAE_piecewise
0.00443592379502822,0.9731929824561403,0.025877839162427675,0.7745373961218837,0.24191505484560594,15.0,0.5031578947368421,0.8050327621924469,HI-VAE_piecewise
0.004515763254968266,0.9738947368421053,0.03410818176492262,0.7690415512465374,0.16427628304415928,18.0,0.4463157894736842,0.7982165893653492,HI-VAE_piecewise
0.004830169386521707,0.9720701754385963,0.025158653076003172,0.7800332409972299,0.1852815096053674,14.0,0.45263157894736844,0.8163723071027451,HI-VAE_piecewise
0.004625654893671057,0.9745964912280702,0.036916439362372586,0.8025706371191136,0.3195321978516205,19.0,0.4589473684210526,0.8198653607132624,HI-VAE_piecewise
0.004322926870780241,0.976421052631579,0.02808467389857924,0.7934626038781164,0.2603129573011452,20.0,0.4652631578947368,0.8122253476046918,HI-VAE_piecewise
0.00435970132445054,0.9743157894736841,0.03673888880444595,0.7815401662049861,0.1935143458122632,15.0,0.4589473684210526,0.826855301727809,HI-VAE_piecewise
0.004907825346946556,0.9715087719298245,0.040843452492185774,0.7842880886426592,0.17859526596388384,17.0,0.44,0.8072369832042999,HI-VAE_piecewise
0.003728383066667139,0.9782456140350876,0.02252379497889072,0.7739390581717451,0.27640588000831867,13.0,0.4905263157894737,0.8180275615785405,HI-VAE_piecewise
0.005177943216819192,0.9710877192982458,0.04211439492103377,0.7441994459833796,0.2107089340766066,18.0,0.45473684210526316,0.807604757668718,HI-VAE_piecewise
0.003010857698828527,0.9810526315789474,0.02828102423348553,0.7840443213296399,0.2922455792089513,18.0,0.48,0.8099893392554055,HI-VAE_piecewise
0.0049257770343277794,0.9730526315789475,0.03479881264848164,0.7991357340720221,0.17822112514413638,16.0,0.4863157894736842,0.8146247952714329,HI-VAE_piecewise
0.004728706374352796,0.9730526315789475,0.03360855482376507,0.7798116343490304,0.24048008702589946,15.0,0.47578947368421054,0.814649077045952,HI-VAE_piecewise
0.005044412018185769,0.9705263157894739,0.02090932644090668,0.7830914127423823,0.18517983941870522,9.0,0.45473684210526316,0.8032857444400368,HI-VAE_piecewise
0.004735696456533008,0.9736140350877194,0.029827869200850107,0.7784155124653738,0.24354300665919953,17.0,0.44,0.8020007326019181,HI-VAE_piecewise
0.004365326966889521,0.9719298245614034,0.02730133982560688,0.7786371191135734,0.1489984151406405,16.0,0.4631578947368421,0.8305611931196136,HI-VAE_piecewise
0.003013215996693204,0.9831578947368421,0.017056700317331856,0.7737617728531856,0.18616350415889504,17.0,0.4463157894736842,0.8074277864979169,HI-VAE_piecewise
0.004102015111056637,0.9750175438596492,0.0330185653271855,0.7606426592797784,0.12801972793913288,15.0,0.45263157894736844,0.8178938977763346,HI-VAE_piecewise
0.004048761934197277,0.9765614035087719,0.024248091226204277,0.7961440443213297,0.2024245439426581,16.0,0.4610526315789474,0.8016849951888444,HI-VAE_piecewise
0.004488389693656239,0.9755789473684211,0.019874895017124448,0.7789695290858726,0.19535512787414303,16.0,0.5094736842105263,0.8157122509238136,HI-VAE_piecewise
0.004643082421562773,0.9695438596491227,0.04163800735333186,0.7779944598337949,0.1850347825887498,10.0,0.4463157894736842,0.8218355989973292,HI-VAE_piecewise
0.004121729644313521,0.9778245614035088,0.018009617283618922,0.8101717451523547,0.1682879495714163,17.0,0.4442105263157895,0.8110285000047659,HI-VAE_piecewise
0.004201114794044224,0.9775438596491229,0.03318442291412082,0.7738504155124655,0.2363888647664392,17.0,0.48210526315789476,0.8169608175392846,HI-VAE_piecewise
0.016061433507489144,0.9075087719298246,0.05652174395063225,0.8679224376731302,0.07329099132330857,4.0,0.38105263157894737,0.7860680511369937,Surv-GAN
0.015525137079850848,0.9089122807017543,0.05383189089100035,0.8883102493074793,0.10596797786023379,1.0,0.3705263157894737,0.7886993909984051,Surv-GAN
0.01637942274123186,0.9070877192982454,0.053503604720533116,0.8785595567867036,0.12829345080940385,2.0,0.38105263157894737,0.7835955705587299,Surv-GAN
0.016189863301288986,0.9075087719298247,0.051105467041366794,0.8595235457063712,0.10526501968259636,1.0,0.3894736842105263,0.8076636092120304,Surv-GAN
0.014932499818410412,0.9138245614035089,0.05295030030552429,0.8854736842105263,0.09667155501375393,4.0,0.3936842105263158,0.7890910788604345,Surv-GAN
0.01583970351781456,0.9107368421052633,0.05432612239066036,0.8666592797783933,0.08305788545238287,4.0,0.3705263157894737,0.7988322402897882,Surv-GAN
0.01428756934370998,0.9153684210526316,0.05710236498248293,0.8644875346260388,0.10435661941873425,1.0,0.3957894736842105,0.7890114637426129,Surv-GAN
0.01669474421112729,0.9039999999999999,0.053001803328430255,0.8635789473684211,0.08422071082598905,6.0,0.3663157894736842,0.7953990358572907,Surv-GAN
0.015957274138837473,0.9117192982456142,0.05297602438262163,0.8463379501385042,0.07883424767302448,5.0,0.3831578947368421,0.7868138298400584,Surv-GAN
0.01569229472959423,0.9089122807017543,0.04865112478769114,0.8794681440443213,0.07653657763634639,2.0,0.3368421052631579,0.7780865578222562,Surv-GAN
0.014895367188754165,0.9143859649122807,0.051873972483613306,0.8882880886426593,0.08203815372651674,5.0,0.3663157894736842,0.7891485096791822,Surv-GAN
0.015825399648894296,0.9058245614035088,0.049104943560140474,0.869584487534626,0.08313095407304406,2.0,0.35368421052631577,0.7885427887273897,Surv-GAN
0.016539865777571307,0.903719298245614,0.05936849728274121,0.8758781163434903,0.07900108849758143,1.0,0.36,0.7923985688236079,Surv-GAN
0.01373865208747071,0.9192982456140351,0.05297343874661581,0.8734182825484765,0.09402048231247977,1.0,0.40842105263157896,0.7664966407393226,Surv-GAN
0.016586703394534188,0.9068070175438598,0.047341744905482895,0.8721329639889198,0.07958351910686366,4.0,0.3831578947368421,0.7754484485769054,Surv-GAN
0.016079348003859555,0.9080701754385966,0.0562498863920898,0.8893961218836566,0.1000989939644098,1.0,0.391578947368421,0.7891639898653102,Surv-GAN
0.016259592805725354,0.9055438596491228,0.06257234831795865,0.8650637119113573,0.1135917317990681,1.0,0.37473684210526315,0.7926530713758664,Surv-GAN
0.01588015565257725,0.9084912280701755,0.05044047155927629,0.8761440443213298,0.10991356109255256,1.0,0.3642105263157895,0.7818087008102391,Surv-GAN
0.016338136255288793,0.9084912280701755,0.057360858477423955,0.8803324099722991,0.08598457348936635,4.0,0.3831578947368421,0.7925475342417699,Surv-GAN
0.01632948010799095,0.9087719298245615,0.05613955892038103,0.8884432132963991,0.07824661110118034,5.0,0.37894736842105264,0.7781963837483594,Surv-GAN
0.013625467002387886,0.9183157894736843,0.05879904650734397,0.8721108033240998,0.0831823010830274,1.0,0.38105263157894737,0.7899897024593692,Surv-GAN
0.015427234087353251,0.9110175438596492,0.04957601667567524,0.8504376731301939,0.09915766403342302,5.0,0.38105263157894737,0.7871298739801356,Surv-GAN
0.015273194506069817,0.9094736842105264,0.046843018443846474,0.8752576177285318,0.07982897912215046,6.0,0.3663157894736842,0.7897503910341575,Surv-GAN
0.013799607532970234,0.9191578947368423,0.049856109814880714,0.8693628808864264,0.07853344829234375,4.0,0.38105263157894737,0.7888805251889811,Surv-GAN
0.016281573733651578,0.9066666666666667,0.05922606210762313,0.8972631578947368,0.07745826167112832,6.0,0.3873684210526316,0.7818299243378717,Surv-GAN
0.01601314237302331,0.9103157894736843,0.05280259618633383,0.8733518005540166,0.09451466917647185,2.0,0.37894736842105264,0.8134278577087313,Surv-GAN
0.014003615228189754,0.9190175438596491,0.06058086727895742,0.8765872576177285,0.0939155970506088,3.0,0.36,0.7760512167524717,Surv-GAN
0.016669015667265488,0.9039999999999999,0.04922492687450912,0.8584376731301939,0.08620241280353713,4.0,0.37684210526315787,0.7754082728133525,Surv-GAN
0.01584635247779419,0.9107368421052631,0.05090284296278267,0.8709806094182826,0.08914325246685506,2.0,0.3642105263157895,0.7905209898483562,Surv-GAN
0.014153253273163231,0.9134035087719297,0.05786147807299629,0.8807313019390582,0.08446456353452483,1.0,0.3684210526315789,0.7655300833521336,Surv-GAN
0.01571241815667261,0.9111578947368422,0.061261043880963206,0.8640000000000001,0.08906660946298799,3.0,0.36,0.7772765693316128,Surv-GAN
0.014998811173100838,0.9145263157894736,0.05948107915762011,0.8698282548476455,0.08676228917585077,4.0,0.37894736842105264,0.7941515502240183,Surv-GAN
0.015571340026123504,0.9097543859649124,0.05470542590429332,0.8709584487534627,0.07954988172716602,6.0,0.37684210526315787,0.7893032483317807,Surv-GAN
0.01659497948634447,0.905122807017544,0.05238813669072909,0.8792465373961218,0.09028101646839394,4.0,0.37894736842105264,0.7869833991438925,Surv-GAN
0.014477165229802956,0.9181754385964914,0.056147062830681695,0.8634016620498615,0.083209074483219,3.0,0.3873684210526316,0.7946944929975143,Surv-GAN
0.01645988590680914,0.9090526315789476,0.05065504666068427,0.8934958448753463,0.08660704393648305,6.0,0.37473684210526315,0.7920269676409158,Surv-GAN
0.014356712681188238,0.9150877192982456,0.054691305790150864,0.8810193905817176,0.07921232958576001,3.0,0.37473684210526315,0.7847939521737908,Surv-GAN
0.017065919371342674,0.903719298245614,0.04859905593748956,0.8922105263157893,0.08787013148427932,1.0,0.35578947368421054,0.7927520066346022,Surv-GAN
0.016042321063794076,0.9089122807017543,0.04963016150561702,0.8555567867036012,0.09767518466059485,4.0,0.37894736842105264,0.7970382457078361,Surv-GAN
0.01507867080249851,0.9143859649122807,0.062435556564943324,0.8580609418282549,0.08703340131038988,4.0,0.38526315789473686,0.7950308548826827,Surv-GAN
0.016215424860369445,0.9076491228070176,0.05339745009461975,0.8716897506925207,0.0778153082143953,2.0,0.35789473684210527,0.7822174693640751,Surv-GAN
0.014750239749349166,0.912842105263158,0.06177990478979928,0.87602216066482,0.07715256786385141,2.0,0.3642105263157895,0.787149342810571,Surv-GAN
0.01691121044426276,0.9058245614035088,0.04854877552007636,0.8944044321329638,0.08144911361929408,6.0,0.3663157894736842,0.7838178347872327,Surv-GAN
0.015299364887122378,0.9079298245614036,0.05329907848309352,0.8772077562326871,0.08938670495918768,4.0,0.3726315789473684,0.7877399938547959,Surv-GAN
0.01579498334275332,0.9097543859649123,0.052115007787660504,0.8590360110803325,0.07634932714819492,6.0,0.40210526315789474,0.7812504818276736,Surv-GAN
0.01710490749639225,0.904701754385965,0.04567617830628527,0.8736842105263157,0.07656947330356192,6.0,0.3936842105263158,0.7683335184364678,Surv-GAN
0.01541853278674563,0.9107368421052633,0.050835680711028695,0.8669252077562326,0.0831833243433646,4.0,0.35578947368421054,0.7832505287818275,Surv-GAN
0.017129551639810368,0.9013333333333334,0.06040132031772982,0.8677673130193906,0.084084855010839,3.0,0.3831578947368421,0.7901851419199445,Surv-GAN
0.015718070049954323,0.9100350877192983,0.05187657486857156,0.8731080332409974,0.08877777344169581,5.0,0.3873684210526316,0.7962405639903184,Surv-GAN
0.015955589645019776,0.9114385964912282,0.05517447450367387,0.8779390581717452,0.11022962312474595,1.0,0.391578947368421,0.7970597162693842,Surv-GAN
0.016054063918039905,0.9070877192982457,0.06279314462008108,0.8607645429362881,0.1509396563123554,1.0,0.37473684210526315,0.7888284996313581,Surv-GAN
0.016228014470330385,0.9056842105263158,0.05877213503584411,0.8862714681440442,0.10770108245783316,2.0,0.3431578947368421,0.7963318968653031,Surv-GAN
0.01636007204138027,0.9065263157894737,0.048693688418899664,0.864886426592798,0.07452388051175607,3.0,0.36210526315789476,0.7714871173369927,Surv-GAN
0.016078245996087388,0.9082105263157896,0.04805701182662502,0.8834349030470914,0.08727235097107548,1.0,0.37894736842105264,0.7781723666400137,Surv-GAN
0.014396840683125967,0.9156491228070178,0.052808534303078546,0.8638227146814405,0.10541369249963671,1.0,0.3831578947368421,0.8053872044247361,Surv-GAN
0.015225882600449606,0.9107368421052633,0.05621001691975898,0.8551357340720221,0.08409756262415663,5.0,0.4168421052631579,0.7845605482590674,Surv-GAN
0.017006861132029347,0.9065263157894737,0.04976634477889373,0.8782714681440444,0.132234374612672,2.0,0.3684210526315789,0.7759125043196642,Surv-GAN
0.016084442433860882,0.9070877192982457,0.062315100570804104,0.8778725761772852,0.09686208477958254,2.0,0.3431578947368421,0.795274819824571,Surv-GAN
0.01631008948011891,0.9075087719298247,0.048322770106855366,0.8754570637119115,0.08446166826218812,5.0,0.3936842105263158,0.7925552267608302,Surv-GAN
0.014450565980113666,0.9162105263157894,0.05313053986769702,0.8502160664819944,0.09027497189413841,1.0,0.4105263157894737,0.7771002383426707,Surv-GAN
0.0158432636564374,0.9107368421052634,0.05550532697126215,0.8683213296398892,0.12959453215741135,1.0,0.3831578947368421,0.7793584799344025,Surv-GAN
0.01634470884667964,0.9069473684210527,0.046981468139583565,0.8870027700831024,0.08955365921359877,2.0,0.35157894736842105,0.7950080763046073,Surv-GAN
0.016493711696522688,0.9061052631578949,0.05189032332867327,0.8830581717451524,0.08318318551830595,13.0,0.39789473684210525,0.7671337034867475,Surv-GAN
0.014640792301877313,0.9111578947368422,0.058441033874810845,0.8776731301939058,0.08587333787493824,2.0,0.3684210526315789,0.7909044996165706,Surv-GAN
0.015063875356775006,0.9115789473684209,0.05657517579931193,0.8822382271468143,0.0811614425192277,4.0,0.37684210526315787,0.787976121413594,Surv-GAN
0.014470155115055472,0.9187368421052631,0.05219218136337345,0.861163434903047,0.1126884246327471,1.0,0.37473684210526315,0.7881967387893537,Surv-GAN
0.014178735275725067,0.9169122807017545,0.06160738946334394,0.8586592797783933,0.10819504623625321,2.0,0.3663157894736842,0.7924886355207739,Surv-GAN
0.01696295358683174,0.903719298245614,0.051015631340602045,0.870360110803324,0.07519869004603465,8.0,0.38526315789473686,0.7711222418995203,Surv-GAN
0.014705697606295299,0.9121403508771929,0.05966586478073763,0.8781163434903048,0.0807554500705277,4.0,0.3873684210526316,0.7827545956285192,Surv-GAN
0.015151462356919469,0.9091929824561404,0.05565252158383967,0.8835678670360112,0.09026336975349881,1.0,0.32842105263157895,0.7901845028925467,Surv-GAN
0.014545848444957212,0.9159298245614035,0.05825965229433836,0.8827257617728532,0.08767446054097228,3.0,0.4063157894736842,0.7928389332882891,Surv-GAN
0.014662300096327179,0.9145263157894736,0.05084318898049602,0.8724875346260388,0.09051609233012117,2.0,0.3726315789473684,0.7702405143219219,Surv-GAN
0.013817029987696518,0.9183157894736843,0.0552836263146177,0.8575290858725761,0.08445041425635981,6.0,0.3726315789473684,0.7932518264112929,Surv-GAN
0.01603542574495162,0.9062456140350877,0.05776519975707198,0.8790692520775624,0.0798863386702128,2.0,0.36,0.7788151914503687,Surv-GAN
0.015988679262167207,0.9101754385964911,0.055534517633011586,0.8900387811634349,0.08649290603539968,1.0,0.3873684210526316,0.7847164715214309,Surv-GAN
0.0144570639536986,0.9135438596491229,0.05022802025807162,0.8827479224376731,0.10419820225032801,5.0,0.4105263157894737,0.7902540043959632,Surv-GAN
0.015439195998169846,0.9061052631578949,0.059314228571113924,0.8795789473684211,0.10418810965273885,3.0,0.3684210526315789,0.794772805463316,Surv-GAN
0.014712670694813901,0.9152280701754386,0.05754035785076267,0.8706925207756232,0.1358453192772904,2.0,0.3494736842105263,0.7957098167563013,Surv-GAN
0.016471461861772212,0.9069473684210526,0.05399689598810936,0.897573407202216,0.07464340159275822,3.0,0.38105263157894737,0.7830142674975147,Surv-GAN
0.01622231009396924,0.9093333333333333,0.05343732066473597,0.8553130193905817,0.07757996196148124,5.0,0.3726315789473684,0.7843749531103302,Surv-GAN
0.014710327565663765,0.9131228070175439,0.049862826929160685,0.8680775623268697,0.1002491948778316,2.0,0.38526315789473686,0.7818240030641743,Surv-GAN
0.014920252707876457,0.9111578947368422,0.06016874095293165,0.8739722991689751,0.07429358439790311,5.0,0.37894736842105264,0.7867137773910563,Surv-GAN
0.017287989572302834,0.9032982456140352,0.05117798360923503,0.8845650969529085,0.07368616926536152,5.0,0.4063157894736842,0.7820507428230479,Surv-GAN
0.014272752991328817,0.9171929824561403,0.05298552332009122,0.8756786703601108,0.07615377509950724,3.0,0.38105263157894737,0.8000980609095689,Surv-GAN
0.015653389598185623,0.9098947368421052,0.052450207881008286,0.8729529085872576,0.07824073375699377,4.0,0.3726315789473684,0.7805161038543164,Surv-GAN
0.014181134164021551,0.9146666666666666,0.052777987206034785,0.8562880886426594,0.08248847447730728,2.0,0.36,0.7834271554058563,Surv-GAN
0.0160301774951316,0.9103157894736842,0.058015393496224796,0.880797783933518,0.09714091734318435,1.0,0.38105263157894737,0.7897510323307856,Surv-GAN
0.016356875960045144,0.9096140350877193,0.05538188552652802,0.8850083102493075,0.082209343147995,4.0,0.35789473684210527,0.7717280981482827,Surv-GAN
0.015209708819779283,0.9124210526315789,0.050941123874175084,0.8770083102493075,0.08418254022621505,6.0,0.3936842105263158,0.7831455214264921,Surv-GAN
0.01669214462180725,0.9035789473684211,0.058227275437635236,0.8941606648199446,0.11980480757120067,1.0,0.3831578947368421,0.7687527325645591,Surv-GAN
0.015499541647276568,0.9101754385964912,0.05341902649340768,0.8686537396121885,0.09333625630648568,1.0,0.42105263157894735,0.7806442572485283,Surv-GAN
0.013465674536426199,0.920561403508772,0.05378518987018261,0.8702382271468144,0.07565373949505964,6.0,0.4126315789473684,0.8072414899196867,Surv-GAN
0.014675078268920273,0.9132631578947368,0.05383002326799123,0.8846315789473685,0.07375638059217643,3.0,0.39789473684210525,0.7981632688164568,Surv-GAN
0.01628765447713117,0.9091929824561404,0.05611927469935802,0.8772520775623269,0.11318733724070461,3.0,0.3873684210526316,0.7713584243689346,Surv-GAN
0.015181844502741688,0.9108771929824562,0.05578397662655081,0.8802880886426593,0.09158374667163637,3.0,0.37684210526315787,0.7875862621187709,Surv-GAN
0.015640624852012872,0.911578947368421,0.050740128658883554,0.8792243767313017,0.07589609555175307,5.0,0.3684210526315789,0.7891278055752586,Surv-GAN
0.01618279205699504,0.9073684210526315,0.05444468318472215,0.8713573407202218,0.13289099305652485,1.0,0.3873684210526316,0.7867962446944878,Surv-GAN
0.016247432488968858,0.9086315789473683,0.06042220111920776,0.8710249307479223,0.08629464152557169,6.0,0.35789473684210527,0.7830656786815163,Surv-GAN
0.01505196020742128,0.9117192982456143,0.057952881365223606,0.8734626038781164,0.08567050000058601,4.0,0.3684210526315789,0.7949674931323037,Surv-GAN
0.014962315448068236,0.9108771929824561,0.06242541989373216,0.8713351800554017,0.1287600961807913,1.0,0.35578947368421054,0.795170550109181,Surv-GAN
0.015680785203407203,0.9084912280701755,0.04921597273023139,0.8597229916897506,0.09387546568188797,1.0,0.38526315789473686,0.7873692545346398,Surv-GAN
0.015052764857189675,0.9129824561403507,0.05995773398952988,0.8776066481994459,0.08345170499889758,2.0,0.37473684210526315,0.7716416590071963,Surv-GAN
0.015503766713547503,0.9107368421052633,0.05228817236317127,0.8855401662049861,0.06965370092094172,4.0,0.3831578947368421,0.7735372883290035,Surv-GAN
0.01689351102844576,0.9049824561403508,0.04816071844752425,0.8666149584487535,0.10500705057398764,7.0,0.3452631578947368,0.787310918629594,Surv-GAN
0.01569500873317947,0.9076491228070175,0.04955792885668309,0.8760110803324099,0.07795516381205156,2.0,0.37473684210526315,0.7869455136409658,Surv-GAN
0.014700418387077046,0.9114385964912282,0.05004709389805863,0.8734847645429362,0.08949217687169758,2.0,0.32421052631578945,0.7825853353739388,Surv-GAN
0.015433069955142573,0.9118596491228069,0.04937112453587798,0.8829916897506924,0.10115138635515428,4.0,0.37684210526315787,0.7811982406799192,Surv-GAN
0.015585283359090872,0.911719298245614,0.05682392958067361,0.8442326869806094,0.10676539722506828,1.0,0.35789473684210527,0.793128454545603,Surv-GAN
0.015916023350904248,0.9072280701754386,0.04970878177752163,0.8805318559556788,0.09079011551354552,5.0,0.3936842105263158,0.7921117410950383,Surv-GAN
0.016061674834461734,0.9055438596491229,0.056815024918183105,0.8694515235457064,0.14164849477490282,1.0,0.36210526315789476,0.793954450843865,Surv-GAN
0.013765145526535905,0.9170526315789475,0.0627009179133749,0.8853407202216067,0.08317770397607914,1.0,0.40421052631578946,0.7895019422498905,Surv-GAN
0.01623070652168117,0.9059649122807018,0.06087744484424066,0.8787811634349032,0.10295466307815482,4.0,0.3642105263157895,0.7997678974937785,Surv-GAN
0.01551677209226865,0.9107368421052632,0.051988112965432806,0.87605540166205,0.08722924027328262,2.0,0.3663157894736842,0.7904722286128474,Surv-GAN
0.016330871424230155,0.9034385964912282,0.05959385401468076,0.8794459833795015,0.07648494837515085,5.0,0.3642105263157895,0.7750949139297895,Surv-GAN
0.0160404893984499,0.9058245614035086,0.056160743153903764,0.8673684210526316,0.07993575619103523,2.0,0.38526315789473686,0.7709274076133488,Surv-GAN
0.01492124943218526,0.9150877192982457,0.052086630657689384,0.8761218836565096,0.09780362670951548,1.0,0.3494736842105263,0.7887721962431291,Surv-GAN
0.015964735352189015,0.9077894736842107,0.06019684594724837,0.8733739612188366,0.09630120520615003,1.0,0.37894736842105264,0.7950637702456296,Surv-GAN
0.015565148080951963,0.9122807017543859,0.04823593788113279,0.8817285318559556,0.09549487230258573,6.0,0.3831578947368421,0.7820487929290695,Surv-GAN
0.015325868743191725,0.9112982456140352,0.06286136097770512,0.8852520775623269,0.08345675113793348,4.0,0.37473684210526315,0.7630440288818148,Surv-GAN
0.015135102304713433,0.9142456140350878,0.05095689081940695,0.8885983379501384,0.10271021209151997,1.0,0.37684210526315787,0.7739747128732676,Surv-GAN
0.015661570112415937,0.9087719298245616,0.05268131897545866,0.8661939058171745,0.08726952695721973,3.0,0.3410526315789474,0.7623258273844287,Surv-GAN
0.015931845003428678,0.9089122807017546,0.05669558332937047,0.8846980609418281,0.08212548254476212,4.0,0.4063157894736842,0.7893114926385315,Surv-GAN
0.016579552309916836,0.9061052631578949,0.06057998340370751,0.8810858725761772,0.11860357052672645,1.0,0.3873684210526316,0.7902623982525202,Surv-GAN
0.016502895314566297,0.9044210526315789,0.060316024915871305,0.86395567867036,0.07629273619832441,3.0,0.4168421052631579,0.7725148015971419,Surv-GAN
0.015228824799711787,0.9103157894736842,0.05702506021993585,0.8764321329639889,0.07787993367961049,7.0,0.3894736842105263,0.7923834381774122,Surv-GAN
0.015095348243329029,0.9087719298245613,0.06321163223470212,0.8909473684210525,0.09228178464757919,5.0,0.37894736842105264,0.8010740967841914,Surv-GAN
0.014790020703238276,0.9105964912280702,0.048056758526203155,0.8878227146814405,0.08843417893996766,4.0,0.37894736842105264,0.7774023965417439,Surv-GAN
0.014739712178026321,0.9143859649122806,0.05772228087838979,0.8827036011080333,0.1010143031370636,3.0,0.3726315789473684,0.7751047800747787,Surv-GAN
0.016338068859200205,0.9065263157894737,0.05624470580432626,0.8830581717451522,0.08294876708990555,1.0,0.3705263157894737,0.7714679698508015,Surv-GAN
0.015734644277805878,0.9104561403508771,0.0570898153063866,0.8598337950138504,0.07661245710782195,2.0,0.37684210526315787,0.7843098860362137,Surv-GAN
0.01800813530105977,0.9027368421052633,0.05012422926164509,0.8619168975069252,0.10134838037917827,2.0,0.37894736842105264,0.7740992640149199,Surv-GAN
0.016154372857222016,0.9083508771929822,0.05673875412688937,0.8972853185595568,0.07585916594515887,1.0,0.38105263157894737,0.788742027907044,Surv-GAN
0.01479388974198504,0.9152280701754385,0.055087107503752064,0.8887091412742383,0.118843887890091,3.0,0.35789473684210527,0.7767908650249402,Surv-GAN
0.016789277952965895,0.9075087719298247,0.04875415187152593,0.8798005540166205,0.09729582218660844,3.0,0.3831578947368421,0.7857295121005337,Surv-GAN
0.015215842650299726,0.9118596491228071,0.05211273865398024,0.8944044321329641,0.13021857232776557,1.0,0.37684210526315787,0.7720439262978147,Surv-GAN
0.014572042473999618,0.9127017543859651,0.05895371973452238,0.896753462603878,0.08217657552703929,2.0,0.4063157894736842,0.7838378062989284,Surv-GAN
0.017076469915596682,0.9048421052631581,0.05814229921808276,0.8834570637119115,0.08745690405338415,4.0,0.36210526315789476,0.7748462447394652,Surv-GAN
0.015086186122209981,0.9129824561403511,0.051683522676838914,0.873174515235457,0.08260571299180293,6.0,0.3831578947368421,0.7879992811573897,Surv-GAN
0.016158145092335877,0.904842105263158,0.05839133089088538,0.8613185595567867,0.0824002069598341,5.0,0.35789473684210527,0.7780433616552117,Surv-GAN
0.01626853468567924,0.904280701754386,0.057010542854374985,0.8817063711911357,0.08028493163465654,3.0,0.38526315789473686,0.7790446737327609,Surv-GAN
0.015276116742397306,0.9149473684210527,0.05252482299166404,0.8828587257617728,0.09940201383359042,4.0,0.37473684210526315,0.7801348576710208,Surv-GAN
0.015246252330780656,0.9100350877192984,0.052669259721323726,0.9040221606648199,0.12470731953365949,1.0,0.35578947368421054,0.7842510429482263,Surv-GAN
0.013158031992910114,0.9229473684210525,0.05185437402935875,0.8751468144044322,0.09902598929163031,5.0,0.3957894736842105,0.7950087412085609,Surv-GAN
0.015629045666094427,0.9111578947368421,0.051546421037871784,0.8545817174515236,0.09352605164332363,5.0,0.35578947368421054,0.7947122979905172,Surv-GAN
0.014840407080530542,0.9117192982456142,0.051184066763209767,0.8770526315789475,0.08832237065487042,7.0,0.4,0.7879047333544524,Surv-GAN
0.015112553842033777,0.9120000000000001,0.056681925873175755,0.8791468144044321,0.08214359781452622,3.0,0.36210526315789476,0.7814060878304723,Surv-GAN
0.01627920939609939,0.904280701754386,0.05646895340570538,0.8903490304709141,0.08068891166330293,5.0,0.35789473684210527,0.7805900279613608,Surv-GAN
0.01510423045076389,0.9125614035087719,0.059892949395091544,0.8718448753462604,0.08995225633997272,2.0,0.3473684210526316,0.7772077354120674,Surv-GAN
0.014940651996577374,0.9131228070175439,0.045875961675150456,0.8985484764542935,0.08594079947640365,4.0,0.3705263157894737,0.7948419617674436,Surv-GAN
0.015229386364988181,0.9135438596491228,0.053145433390072876,0.8764321329639889,0.08559796384101061,1.0,0.3473684210526316,0.7809875497425965,Surv-GAN
0.014419889169809222,0.9156491228070174,0.04631963976548735,0.8953351800554017,0.10579133243648496,5.0,0.38526315789473686,0.788174018166982,Surv-GAN
0.016998697366462298,0.9072280701754386,0.052476477731909076,0.8577063711911357,0.09254257882688376,3.0,0.38105263157894737,0.7751851255247527,Surv-GAN
0.015980705621882033,0.9075087719298247,0.05687741168026759,0.8812853185595568,0.08516448995246202,2.0,0.36210526315789476,0.796493591707434,Surv-GAN
0.015611196915368192,0.9105964912280702,0.04675889659268549,0.8617839335180056,0.08008408235775688,2.0,0.35789473684210527,0.792665164288266,Surv-GAN
0.014466536580263556,0.9153684210526316,0.05298748981005979,0.8776288088642661,0.08021729820075979,6.0,0.4,0.7935025910754436,Surv-GAN
0.01538185254825589,0.9131228070175439,0.05307521239247471,0.8622049861495844,0.08300299780465553,6.0,0.3831578947368421,0.776606896504063,Surv-GAN
0.014969969393419736,0.9143859649122809,0.05505061750497284,0.8754349030470914,0.08329166908970562,3.0,0.40842105263157896,0.7804290923686175,Surv-GAN
0.016488847172053504,0.9051228070175438,0.0659441467475213,0.8873351800554016,0.09603480933907432,2.0,0.36,0.7872048649355419,Surv-GAN
0.015256100753613309,0.9155087719298245,0.05031227461988598,0.8723102493074792,0.1160702553383502,1.0,0.3894736842105263,0.7873947463570165,Surv-GAN
0.01765615949303363,0.8988070175438597,0.057727759245543166,0.8706038781163435,0.07819405243182175,5.0,0.3431578947368421,0.7773802239698826,Surv-GAN
0.017327599548784437,0.9003508771929826,0.05872359621865835,0.8685429362880888,0.07391087921947578,2.0,0.35578947368421054,0.792397100035229,Surv-GAN
0.016708428717179962,0.9016140350877193,0.05480906423513944,0.8646204986149584,0.09240394938323636,3.0,0.3684210526315789,0.7944269807944006,Surv-GAN
0.014689719337158685,0.9139649122807018,0.05452801532510639,0.867191135734072,0.07936128071725457,2.0,0.3726315789473684,0.7791204720523098,Surv-GAN
0.01401223226333229,0.9188771929824562,0.06308834801941686,0.8706925207756232,0.09584894832334548,2.0,0.3431578947368421,0.7791429989160109,Surv-GAN
0.014537046721929034,0.9136842105263159,0.060263812191842486,0.8647091412742383,0.09695348384286763,4.0,0.38105263157894737,0.801630985065973,Surv-GAN
0.015777075690652065,0.9107368421052632,0.0509311924751027,0.8622493074792243,0.10504861122602661,8.0,0.3684210526315789,0.7781102593893449,Surv-GAN
0.015238122262089692,0.9132631578947368,0.04720254499192643,0.8761218836565096,0.11671460458467521,1.0,0.39789473684210525,0.7879076024650666,Surv-GAN
0.016910735726667975,0.904421052631579,0.06247077956321068,0.878360110803324,0.08635431019195539,1.0,0.37684210526315787,0.7921065715366666,Surv-GAN
0.016551275847751543,0.9014736842105263,0.058220134336817095,0.8865152354570636,0.09825738449972367,2.0,0.3410526315789474,0.7706163853130756,Surv-GAN
0.01476320629659467,0.9171929824561403,0.05067601228608812,0.8800664819944599,0.07817629657817211,6.0,0.39789473684210525,0.7906480017005213,Surv-GAN
0.016713934701290463,0.9044210526315789,0.05181427857909597,0.9055512465373962,0.08445368425124543,5.0,0.3431578947368421,0.7901703168298708,Surv-GAN
0.015584051533403531,0.9086315789473685,0.04690538845021388,0.8765872576177284,0.08109110097723234,5.0,0.3831578947368421,0.8083703263882377,Surv-GAN
0.016186750992733298,0.9087719298245615,0.05604263075481591,0.8737506925207758,0.08020495767860755,4.0,0.38105263157894737,0.7813958458204298,Surv-GAN
0.015375166427484235,0.911438596491228,0.05377724326313123,0.8890858725761772,0.12800613195997526,2.0,0.4126315789473684,0.776322190337649,Surv-GAN
0.015503351774956032,0.911578947368421,0.05830169051871823,0.8899501385041552,0.08953667154889132,3.0,0.3726315789473684,0.7767158154599884,Surv-GAN
0.015388324936393962,0.9108771929824562,0.058176419339874975,0.8865817174515236,0.07494964039526644,2.0,0.3705263157894737,0.7821411115643682,Surv-GAN
0.015271121386648117,0.9132631578947369,0.05635517332856041,0.8688199445983379,0.08488269458486983,2.0,0.37894736842105264,0.7838150138171843,Surv-GAN
0.015209411072820327,0.9091929824561403,0.054984665681299894,0.8795346260387811,0.08031181649268657,10.0,0.3936842105263158,0.783972972710341,Surv-GAN
0.014293417242668385,0.9146666666666666,0.061008871601077326,0.8752797783933518,0.08166600259346272,5.0,0.38526315789473686,0.7978983071153009,Surv-GAN
0.01619369670203434,0.9084912280701756,0.044115436204110736,0.8887313019390582,0.09149098109074068,1.0,0.38526315789473686,0.785990638400157,Surv-GAN
0.015316601450130952,0.912280701754386,0.050691156980830224,0.8528088642659281,0.11651696087424296,1.0,0.40210526315789474,0.7755322498264207,Surv-GAN
0.018069920769427584,0.9017543859649123,0.05951508550013544,0.8711135734072022,0.10728497453636696,1.0,0.35157894736842105,0.7856720389002468,Surv-GAN
0.015658780974005557,0.9110175438596492,0.05300520062849846,0.8756343490304708,0.10039673777621515,5.0,0.3368421052631579,0.7909979111896306,Surv-GAN
0.014316085550508627,0.9153684210526317,0.05433674003225286,0.8835457063711912,0.10547614234029559,2.0,0.3642105263157895,0.8042803202715462,Surv-GAN
0.01684309876332171,0.9065263157894737,0.06760921721712942,0.8903711911357339,0.08641067753347328,2.0,0.37684210526315787,0.7863100248379101,Surv-GAN
0.01521454769783761,0.9131228070175437,0.05684311535868381,0.8836343490304708,0.09087696342295308,3.0,0.35157894736842105,0.7790530344856034,Surv-GAN
0.014943109891463387,0.9131228070175439,0.05397997094241667,0.8640886426592799,0.07677160596533994,2.0,0.38526315789473686,0.788349475177098,Surv-GAN
0.01637141983988034,0.9018947368421053,0.05961208161664981,0.8765429362880888,0.08073202086390234,3.0,0.3452631578947368,0.7865662498497518,Surv-GAN
0.015906726746256643,0.9096140350877192,0.0525568711201276,0.8751468144044321,0.0919825770296608,5.0,0.3642105263157895,0.7811800992025493,Surv-GAN
0.014551231718590081,0.9166315789473684,0.053939985221137375,0.8618504155124654,0.09348421439277792,4.0,0.40842105263157896,0.7844372598356373,Surv-GAN
0.015855887837078697,0.9062456140350877,0.054004425877921536,0.8769639889196675,0.07905257229290877,2.0,0.3452631578947368,0.7864603213720331,Surv-GAN
0.014904344580715352,0.9125614035087721,0.048813972332424266,0.8809307479224378,0.10347085136474028,8.0,0.38105263157894737,0.7901185606372199,Surv-GAN
0.0164349477681456,0.9048421052631579,0.057005962329428395,0.8759445983379501,0.0825525947664094,3.0,0.3663157894736842,0.788893281628723,Surv-GAN
0.015781871369883824,0.9096140350877193,0.05702105058762012,0.8740609418282549,0.11368869965420195,1.0,0.38526315789473686,0.8037767062405643,Surv-GAN
0.014064592359878019,0.9167719298245615,0.049557863904676445,0.8682105263157895,0.09089988371612177,4.0,0.3389473684210526,0.7817868917015978,Surv-GAN
0.015536271506216509,0.9094736842105263,0.049113329286643914,0.8778725761772852,0.12846214760644878,2.0,0.3663157894736842,0.7829371622572788,Surv-GAN
0.01595894733558271,0.9090526315789474,0.05102544643014301,0.8775180055401662,0.09656972895100223,1.0,0.39789473684210525,0.7859180037703651,Surv-GAN
0.01618828009103447,0.9061052631578945,0.05022788621836419,0.8688531855955679,0.08764928217185847,3.0,0.3873684210526316,0.7816782470840112,Surv-GAN
0.01647853158412464,0.9076491228070175,0.048903935527948944,0.858437673130194,0.07764719484805996,5.0,0.38105263157894737,0.7934377989888806,Surv-GAN
0.016630922380391898,0.9055438596491228,0.058437436396941086,0.8475124653739613,0.0837943216748028,4.0,0.38105263157894737,0.7914738398204096,Surv-GAN
0.008722929731438138,0.9569122807017543,0.08395379747894187,0.8791357340720222,0.10440549620747842,1.0,0.4189473684210526,0.7837045454033047,Surv-VAE
0.009155026793898844,0.9515789473684211,0.08948168351519943,0.9029584487534625,0.08661531870223424,1.0,0.4147368421052632,0.7883328933757375,Surv-VAE
0.010598748630999372,0.9444210526315789,0.08750486922036274,0.8773407202216067,0.08403917768365254,1.0,0.4336842105263158,0.7815719305797575,Surv-VAE
0.009963695123257942,0.9501754385964912,0.0732266157354066,0.901252077562327,0.0848064654735637,3.0,0.4568421052631579,0.7893613092769277,Surv-VAE
0.009598274482939975,0.9508771929824561,0.08215577583139842,0.8874016620498615,0.09379169717721537,2.0,0.42736842105263156,0.7636006710450738,Surv-VAE
0.011376006653597946,0.9469473684210528,0.07779314861490536,0.8692963988919669,0.08288540713770777,1.0,0.4231578947368421,0.7971888416651849,Surv-VAE
0.010333147250130174,0.9501754385964912,0.08568326305662063,0.8934515235457063,0.1466282513531738,1.0,0.40842105263157896,0.7969211305286796,Surv-VAE
0.010470432798881407,0.9466666666666668,0.0836793754262647,0.8766980609418283,0.08000874716032468,2.0,0.40842105263157896,0.7803159713065282,Surv-VAE
0.010691810299640305,0.9475087719298246,0.07747316324209501,0.8728642659279778,0.1487952597468704,2.0,0.4168421052631579,0.7776153296648327,Surv-VAE
0.010424267065462949,0.9472280701754384,0.08378858703246268,0.9019833795013851,0.08381011500291159,6.0,0.45052631578947366,0.7683720102404523,Surv-VAE
0.011645463059685569,0.9424561403508771,0.07950050796988221,0.8840997229916898,0.11317519266224887,1.0,0.42105263157894735,0.7969039726325098,Surv-VAE
0.01072976383111562,0.9468070175438597,0.08409086724685814,0.8835235457063713,0.08247536391402865,1.0,0.40210526315789474,0.7888659267635911,Surv-VAE
0.010479857228539079,0.9469473684210526,0.08394548538717297,0.9010083102493074,0.08246022164801775,1.0,0.42526315789473684,0.7822144182992505,Surv-VAE
0.010904982502490924,0.9477894736842105,0.08976576177231084,0.8936066481994459,0.08907815353882485,1.0,0.38105263157894737,0.7880177663549969,Surv-VAE
0.009581730922386483,0.9505964912280701,0.08217712616519694,0.8961551246537395,0.08757655061089886,1.0,0.42105263157894735,0.7781765495397318,Surv-VAE
0.010379424769168177,0.9451228070175439,0.08898556278409793,0.8953351800554017,0.11456879422744455,1.0,0.42526315789473684,0.7815985794989819,Surv-VAE
0.011017574044593038,0.9461052631578947,0.07971586783634327,0.8673905817174516,0.07910129650165613,3.0,0.42526315789473684,0.7784441688533613,Surv-VAE
0.01056165819237903,0.9462456140350878,0.0842518020625465,0.8884653739612188,0.08311703154004631,3.0,0.4231578947368421,0.7871949169828053,Surv-VAE
0.010793203675956825,0.9473684210526317,0.08476940777736951,0.8883545706371191,0.08495096180505658,1.0,0.4126315789473684,0.7800672602606297,Surv-VAE
0.009854284975417118,0.9489122807017545,0.08216944788595429,0.8783379501385042,0.09213316821861703,3.0,0.4,0.7581244222569352,Surv-VAE
0.009504335557736728,0.9507368421052632,0.07948359068918545,0.8846315789473685,0.08461631569494267,1.0,0.4421052631578947,0.7937201075407705,Surv-VAE
0.009863302087181716,0.9466666666666668,0.08714288719684417,0.8813074792243768,0.08530121104391307,2.0,0.4336842105263158,0.7958574035372156,Surv-VAE
0.010269930528482263,0.9484912280701754,0.07278625901014786,0.8755678670360112,0.11790298166880314,1.0,0.4442105263157895,0.7912543620892063,Surv-VAE
0.00924261921872327,0.9512982456140351,0.09343903866479952,0.8897285318559556,0.09953508877682003,1.0,0.4168421052631579,0.7793933840155922,Surv-VAE
0.010350488089610164,0.944842105263158,0.08439283857338414,0.8866703601108034,0.0777324712881495,2.0,0.42947368421052634,0.7670473053118945,Surv-VAE
0.011239216267789408,0.9425964912280701,0.09308445949569008,0.8994349030470914,0.08705437331100864,2.0,0.42105263157894735,0.7772324775020729,Surv-VAE
0.010036806048149903,0.9483508771929825,0.07692614061230742,0.8723324099722992,0.10836519682303375,1.0,0.4126315789473684,0.7734142737900229,Surv-VAE
0.009997026949749015,0.9507368421052633,0.08215390985984301,0.8746592797783934,0.09217454600546077,1.0,0.3957894736842105,0.7794764216440692,Surv-VAE
0.009363496936669376,0.9510175438596491,0.07818633505093886,0.8875346260387811,0.09787493197510583,1.0,0.4126315789473684,0.7786017350748536,Surv-VAE
0.009649940105357746,0.9508771929824561,0.07628412932446078,0.8809750692520776,0.07779086994892273,3.0,0.4357894736842105,0.771499366361914,Surv-VAE
0.010063648389014333,0.9494736842105265,0.08462605811233015,0.8877562326869807,0.08395134000705892,1.0,0.40210526315789474,0.7786091471408656,Surv-VAE
0.0102471404918385,0.9486315789473685,0.08634208488241607,0.8914570637119112,0.10656923187696979,1.0,0.4147368421052632,0.7762588682807107,Surv-VAE
0.010301669637020722,0.9489122807017545,0.07584977299136235,0.8817506925207755,0.10894604780651895,1.0,0.40842105263157896,0.7834472253940703,Surv-VAE
0.010554975977549974,0.9487719298245614,0.08417267142274304,0.8686315789473683,0.08399043033865716,3.0,0.43157894736842106,0.7779804584147206,Surv-VAE
0.01058378209221614,0.9496140350877194,0.0822437795528241,0.9097839335180055,0.12459341550199649,2.0,0.42105263157894735,0.7751883192004173,Surv-VAE
0.009209532654792515,0.9535438596491228,0.07045621387644473,0.8878448753462603,0.08276041086983062,4.0,0.4147368421052632,0.769650779904439,Surv-VAE
0.011490451009903495,0.9420350877192983,0.09214728635552591,0.8823933518005539,0.09185685611440417,1.0,0.4,0.7830770256029593,Surv-VAE
0.00992095104764696,0.9489122807017545,0.09461755240615703,0.8819501385041549,0.09590184904102217,1.0,0.4357894736842105,0.7740207527681557,Surv-VAE
0.011396187380549176,0.94259649122807,0.08635188532144582,0.9066814404432133,0.0935798365939489,1.0,0.42105263157894735,0.773570657158624,Surv-VAE
0.009734221868693075,0.9529824561403509,0.0794899663778347,0.8859833795013851,0.11991209662892752,1.0,0.40421052631578946,0.7868619721707805,Surv-VAE
0.010710650167320167,0.944561403508772,0.08892484621439938,0.8802880886426593,0.07788454861084625,1.0,0.44,0.7821813936183437,Surv-VAE
0.010851592913864437,0.9416140350877192,0.09015002057222544,0.8805761772853187,0.08046471433415227,1.0,0.44,0.7779010170084042,Surv-VAE
0.01051861788639032,0.9476491228070175,0.08049453667057327,0.900831024930748,0.09130045614686923,1.0,0.4063157894736842,0.7814980491171412,Surv-VAE
0.007661215348106422,0.9602807017543858,0.07576168413336186,0.8627368421052631,0.09856340470564817,2.0,0.4357894736842105,0.7906075161235312,Surv-VAE
0.008874777681736513,0.9519999999999998,0.08545231805961682,0.8742825484764543,0.0994159603443517,1.0,0.43157894736842106,0.7853393362658088,Surv-VAE
0.010471301394002786,0.9476491228070176,0.09103110212448104,0.8815069252077563,0.109218341771855,1.0,0.4231578947368421,0.7879133760185021,Surv-VAE
0.009830099138371441,0.9490526315789475,0.08985849686497646,0.8752576177285318,0.0869331625775805,3.0,0.44,0.7883433903942516,Surv-VAE
0.009628851443645316,0.9489122807017544,0.08601683680477286,0.8768753462603879,0.12473241138817241,1.0,0.40210526315789474,0.7875025711630365,Surv-VAE
0.009653614844003316,0.9508771929824562,0.07774349448154451,0.8825263157894737,0.08001425957841232,1.0,0.4189473684210526,0.7792692017211285,Surv-VAE
0.010295952129196772,0.9475087719298246,0.08480814923062972,0.8854293628808865,0.07683784404927134,2.0,0.42105263157894735,0.7735283422205671,Surv-VAE
0.00976307556190884,0.9493333333333335,0.07253802259859302,0.8879335180055401,0.10550281583809834,1.0,0.4336842105263158,0.7775121502137262,Surv-VAE
0.00951388682911783,0.952280701754386,0.08419097708292338,0.8908144044321331,0.08044841404494248,1.0,0.4231578947368421,0.8059426506926983,Surv-VAE
0.010450888392808633,0.9476491228070176,0.08558061270203984,0.8893074792243768,0.08147971309110963,3.0,0.4231578947368421,0.772894606648208,Surv-VAE
0.010228974205591582,0.9487719298245615,0.08487498709031292,0.8679667590027702,0.125709162659107,1.0,0.4336842105263158,0.7806540328476523,Surv-VAE
0.010533664613636775,0.9486315789473685,0.07259239847529163,0.8908808864265929,0.07237890360929407,3.0,0.4568421052631579,0.7841267972570634,Surv-VAE
0.010116832878679892,0.9491929824561404,0.08624644529790607,0.886404432132964,0.08655921350711175,1.0,0.44,0.8044566385098855,Surv-VAE
0.01039014526204551,0.9459649122807019,0.0806175674216011,0.8965761772853187,0.07700584427960946,2.0,0.4147368421052632,0.78087250000936,Surv-VAE
0.00902330794197394,0.9524210526315788,0.07667820679733885,0.8926759002770084,0.08977277941134401,1.0,0.4463157894736842,0.7825370757540229,Surv-VAE
0.01110664236921158,0.9432982456140351,0.08421438917096596,0.8788698060941827,0.0859942648939287,1.0,0.43157894736842106,0.7760609067170409,Surv-VAE
0.010859480002191594,0.9476491228070176,0.08132090923918053,0.8692299168975068,0.07977065891599537,2.0,0.4105263157894737,0.7676808760746971,Surv-VAE
0.008273740417397958,0.959298245614035,0.0771839419642222,0.8716454293628807,0.09937969138182126,1.0,0.40842105263157896,0.7836265490423068,Surv-VAE
0.010095199629506469,0.9469473684210528,0.08651009089102246,0.8833019390581717,0.09552314026283759,3.0,0.40421052631578946,0.791738747337971,Surv-VAE
0.009360805035692457,0.9520000000000001,0.07876394515501511,0.8769861495844875,0.09963570332260809,2.0,0.42947368421052634,0.7736026483612843,Surv-VAE
0.008849918778909997,0.952421052631579,0.0852469223492833,0.8762105263157896,0.09599696576644354,1.0,0.4168421052631579,0.784595425220261,Surv-VAE
0.010337554095603187,0.9490526315789475,0.08759324788934261,0.880376731301939,0.08314604306944186,1.0,0.40210526315789474,0.7607828424696079,Surv-VAE
0.008954803243601076,0.9536842105263157,0.06662449323257864,0.8925207756232686,0.10621856280372029,1.0,0.45052631578947366,0.777109635252823,Surv-VAE
0.009039801094359128,0.9542456140350878,0.08152633415644675,0.8771412742382271,0.08584161484465191,1.0,0.44,0.7713679742080498,Surv-VAE
0.008862933402928026,0.952280701754386,0.08450174609568009,0.8854736842105263,0.09992646211497183,1.0,0.4421052631578947,0.7805848064257122,Surv-VAE
0.010019755188616853,0.9490526315789475,0.0863422109629197,0.8612963988919666,0.08274026484164497,3.0,0.44,0.7925770141191832,Surv-VAE
0.010178259441324932,0.9456842105263159,0.08301154210135346,0.8965318559556786,0.08785453342083445,1.0,0.43157894736842106,0.7810265247783306,Surv-VAE
0.00970550655888234,0.9527017543859648,0.07534075271242228,0.8729085872576177,0.08380101297403066,1.0,0.43157894736842106,0.7830737589606855,Surv-VAE
0.011267565981181858,0.9437192982456141,0.08720724081515033,0.8744155124653739,0.09487103490301937,2.0,0.40421052631578946,0.7684053134698663,Surv-VAE
0.011041907173336122,0.9451228070175439,0.08176785008922588,0.8815512465373961,0.10085359384590437,1.0,0.4463157894736842,0.7869544495685852,Surv-VAE
0.010882144390722515,0.9479298245614036,0.08115203040330943,0.8878448753462603,0.08103430889798598,1.0,0.40210526315789474,0.7727005736013525,Surv-VAE
0.008962277893924975,0.9539649122807018,0.07870879629242308,0.8897728531855955,0.08303398194539884,1.0,0.4126315789473684,0.7816017466241032,Surv-VAE
0.009392794600608418,0.9504561403508771,0.08380454614743282,0.8757229916897507,0.1175858022673503,1.0,0.39789473684210525,0.7710222459007583,Surv-VAE
0.011389847622464413,0.9465263157894737,0.07854497996553295,0.8748144044321329,0.10635318653226106,1.0,0.4063157894736842,0.7598621120202528,Surv-VAE
0.010679797883284539,0.9456842105263159,0.07602826902387427,0.867257617728532,0.09770584807802861,2.0,0.4231578947368421,0.7962894633446866,Surv-VAE
0.009582450246317946,0.951859649122807,0.07825885189669,0.8837008310249308,0.07970921147790416,1.0,0.4652631578947368,0.783703357609785,Surv-VAE
0.01068611061880639,0.9468070175438597,0.07228544061704072,0.8826814404432133,0.09205685114537873,1.0,0.4336842105263158,0.7756874574520282,Surv-VAE
0.010942561743784223,0.9449824561403509,0.08484473679109115,0.8687202216066483,0.09750059724640486,1.0,0.40421052631578946,0.7885686516464953,Surv-VAE
0.010305327751905034,0.9470877192982458,0.0925528299322334,0.9004986149584487,0.08805102072298143,2.0,0.4336842105263158,0.7761274210227569,Surv-VAE
0.009488874859544156,0.9532631578947369,0.07867684104693701,0.8936288088642659,0.09710405253819113,1.0,0.44,0.7878533395605238,Surv-VAE
0.009784534875332703,0.9496140350877195,0.07636816847932092,0.9018725761772854,0.08554281107031515,1.0,0.4231578947368421,0.7902676165789151,Surv-VAE
0.01226675809770464,0.9403508771929826,0.0847864440146241,0.8750581717451522,0.08654250611760551,1.0,0.4336842105263158,0.7871025362479603,Surv-VAE
0.011278295678161236,0.944842105263158,0.08566259483235453,0.8963434903047091,0.09943195962551497,3.0,0.43157894736842106,0.7595727308698679,Surv-VAE
0.009282062751784562,0.9522807017543861,0.08612481855011418,0.904731301939058,0.0975856357696961,1.0,0.40421052631578946,0.7712963426218211,Surv-VAE
0.010846818860122894,0.9468070175438597,0.0839965221765823,0.8872686980609419,0.10190707099892438,1.0,0.4610526315789474,0.796514395238824,Surv-VAE
0.011073363709945033,0.9442807017543858,0.08299346669529768,0.8982603878116343,0.0827526481143084,2.0,0.40210526315789474,0.7680140812636046,Surv-VAE
0.009583212654323658,0.9528421052631579,0.08855687548592568,0.8720221606648199,0.07893299826244202,2.0,0.4147368421052632,0.799496784447818,Surv-VAE
0.010725749061532982,0.9461052631578949,0.08816062830830033,0.8631357340720223,0.09935765384892215,2.0,0.42105263157894735,0.7928254147283399,Surv-VAE
0.011731993368014403,0.9417543859649125,0.08779665178434563,0.8744819944598337,0.11299643677015932,1.0,0.4063157894736842,0.770597243899082,Surv-VAE
0.009262854177002837,0.9538245614035087,0.06584677998037364,0.8638448753462604,0.08939772992193926,1.0,0.4421052631578947,0.799039336494913,Surv-VAE
0.010088604853046801,0.9479298245614037,0.08357805654110723,0.8683656509695291,0.07477603018558993,2.0,0.45052631578947366,0.7936190203052157,Surv-VAE
0.011354708922766485,0.9434385964912281,0.09046769701494492,0.884808864265928,0.08251662900702436,1.0,0.40210526315789474,0.7688977168502317,Surv-VAE
0.008769112709815518,0.9546666666666667,0.07094632669837979,0.8878005540166205,0.11053861992251511,1.0,0.45263157894736844,0.7871782700535789,Surv-VAE
0.009906259992434331,0.9525614035087719,0.06333659846403461,0.8606537396121883,0.08847091181295202,3.0,0.4189473684210526,0.794057716971634,Surv-VAE
0.00978205401752271,0.9507368421052632,0.07950087929476145,0.8782714681440444,0.07639662466561518,2.0,0.4631578947368421,0.7677285801237268,Surv-VAE
0.010949192542231532,0.9452631578947369,0.08052787785850338,0.8641994459833795,0.08355312830338728,1.0,0.4,0.7557491893125354,Surv-VAE
0.009807497265872446,0.9479298245614035,0.0814678980468791,0.8714903047091414,0.09328565753056361,3.0,0.40842105263157896,0.7766256242414703,Surv-VAE
0.010678476472567647,0.9473684210526315,0.07989113813177905,0.884831024930748,0.12080817064614797,1.0,0.4147368421052632,0.7863602538329629,Surv-VAE
0.008908075701397162,0.9536842105263158,0.07394573622942999,0.8874459833795013,0.08364039125914076,2.0,0.4147368421052632,0.7870872732814996,Surv-VAE
0.010378433933161695,0.9482105263157894,0.08103841143470042,0.8640000000000001,0.09222545677956867,2.0,0.42947368421052634,0.7882983329883305,Surv-VAE
0.009261755931720298,0.9532631578947369,0.08443129381018773,0.8845872576177285,0.07662976589210961,1.0,0.43157894736842106,0.8005119156843268,Surv-VAE
0.01011803194429748,0.9483508771929824,0.07970583687240233,0.877939058171745,0.09680280284778094,1.0,0.42736842105263156,0.7939411333284327,Surv-VAE
0.00874972053434004,0.9560701754385966,0.08274144464577353,0.8582603878116343,0.07859369950407631,1.0,0.4147368421052632,0.778950887397878,Surv-VAE
0.011094980819327298,0.9452631578947369,0.08405222750503849,0.8766094182825486,0.1011192616553327,1.0,0.4168421052631579,0.8079199251884256,Surv-VAE
0.009574496411789828,0.9501754385964912,0.07411555853261972,0.9057728531855955,0.07375852040037031,1.0,0.42526315789473684,0.7881735029533741,Surv-VAE
0.010494239259636199,0.9490526315789474,0.07794015509157881,0.8754792243767312,0.0895075805462499,2.0,0.4147368421052632,0.7735865668862675,Surv-VAE
0.009389294818287573,0.9508771929824562,0.08875834981558904,0.8766759002770084,0.08309436122547668,2.0,0.44,0.7838749835517006,Surv-VAE
0.010280586603972741,0.9482105263157894,0.08446435959248795,0.8853185595567867,0.10402699742009068,1.0,0.3957894736842105,0.7620629855590642,Surv-VAE
0.00983826114930001,0.9525614035087717,0.09147907765753488,0.8927867036011081,0.08865325869611373,2.0,0.44842105263157894,0.7814123574725156,Surv-VAE
0.011034633081836423,0.9461052631578948,0.07761884656926696,0.890016620498615,0.0858985066610197,1.0,0.43157894736842106,0.789772850256788,Surv-VAE
0.010531480673796337,0.945964912280702,0.087482713348294,0.884365650969529,0.09738001148090883,1.0,0.42526315789473684,0.7896278617779404,Surv-VAE
0.010116564622233858,0.9477894736842105,0.08508986019818691,0.889174515235457,0.09101561746293241,1.0,0.4189473684210526,0.7779161091069823,Surv-VAE
0.01001476796043176,0.9508771929824563,0.07752353024548587,0.8723324099722991,0.09248243148105297,1.0,0.4063157894736842,0.7672665674345756,Surv-VAE
0.011071279629490127,0.9431578947368421,0.06995976448578867,0.8801772853185597,0.1673680609377556,2.0,0.4231578947368421,0.7971516330036633,Surv-VAE
0.009913080968388556,0.9522807017543862,0.08592876893717605,0.8775623268698058,0.10641105963782056,1.0,0.39789473684210525,0.7751079697078377,Surv-VAE
0.010201941259936264,0.9517192982456141,0.0826572751273583,0.8738836565096954,0.10533756346258952,1.0,0.4189473684210526,0.7541405805576546,Surv-VAE
0.0111643827274246,0.942877192982456,0.0815961047914578,0.8764986149584487,0.08232618668120512,1.0,0.4147368421052632,0.777137931659805,Surv-VAE
0.009835509693497618,0.9493333333333333,0.08857759903109817,0.884476454293629,0.08975135842927388,1.0,0.4063157894736842,0.7856159348223788,Surv-VAE
0.011130923091587109,0.9461052631578947,0.07696158431917194,0.893939058171745,0.07835207208383033,2.0,0.4378947368421053,0.7800439342832681,Surv-VAE
0.009753527214506778,0.952,0.0833028762036774,0.8944044321329641,0.07966578191037937,1.0,0.3936842105263158,0.7758071648511256,Surv-VAE
0.00975425113913222,0.9487719298245614,0.08919976784524299,0.8870470914127424,0.0822666854001337,1.0,0.4421052631578947,0.7830366990161184,Surv-VAE
0.011535011045042044,0.9434385964912281,0.08880294798556052,0.8753684210526316,0.09407927390437104,2.0,0.4357894736842105,0.7773943181791162,Surv-VAE
0.011462608546981124,0.9448421052631578,0.07813886602489008,0.8797119113573407,0.09889167646751226,1.0,0.40210526315789474,0.7666049436673784,Surv-VAE
0.008791046803678534,0.9534035087719299,0.08004289926635318,0.8839002770083102,0.1026382274012291,1.0,0.4063157894736842,0.7725195334610658,Surv-VAE
0.009353333813427069,0.9528421052631579,0.07448735677894848,0.8876897506925208,0.08974459746398707,1.0,0.4105263157894737,0.7858936414757859,Surv-VAE
0.008168926803527616,0.9566315789473684,0.07754612960654052,0.8759224376731302,0.0883881587900501,3.0,0.4357894736842105,0.7880883457748046,Surv-VAE
0.00889725004258384,0.9529824561403509,0.08354725399779724,0.8839667590027702,0.0970212255959204,2.0,0.39789473684210525,0.7721116960960709,Surv-VAE
0.010235234615295135,0.9470877192982456,0.0860861668429074,0.8791135734072022,0.12802865477100006,1.0,0.40842105263157896,0.7848272027407912,Surv-VAE
0.00940463112429103,0.9519999999999998,0.0732961621268069,0.8865595567867036,0.12453516374188502,2.0,0.42105263157894735,0.7803624111748216,Surv-VAE
0.00894388012867058,0.9550877192982458,0.08915178655927551,0.8579058171745151,0.08523937346638913,1.0,0.40210526315789474,0.787441177425851,Surv-VAE
0.008452437932947261,0.9564912280701755,0.087692002017563,0.8974182825484766,0.07478703450500551,2.0,0.4378947368421053,0.7631305598844759,Surv-VAE
0.011435483916714706,0.944421052631579,0.08813799590285373,0.8846537396121883,0.08492819511422768,1.0,0.42736842105263156,0.7886221277405585,Surv-VAE
0.010298721448402071,0.9468070175438598,0.08612326880289281,0.8879556786703601,0.07916353786462829,1.0,0.4336842105263158,0.7749669536873508,Surv-VAE
0.010094477021839625,0.9477894736842105,0.08692704429709429,0.877983379501385,0.08634639480581753,2.0,0.40421052631578946,0.7770803333574533,Surv-VAE
0.01006333313777719,0.9479298245614037,0.09262952506593176,0.8990581717451525,0.07750927485288137,1.0,0.4168421052631579,0.7694650517087157,Surv-VAE
0.009220570212353367,0.9486315789473684,0.09676954458242162,0.8772077562326871,0.08950850258620897,3.0,0.3957894736842105,0.7582930099206591,Surv-VAE
0.010825479489136357,0.9434385964912281,0.10061295875537041,0.8834127423822716,0.09176484315259639,2.0,0.4147368421052632,0.7654745763057812,Surv-VAE
0.010765496017653147,0.9466666666666668,0.09087380957268876,0.9040443213296399,0.09276012987671484,1.0,0.40421052631578946,0.7842352277041841,Surv-VAE
0.009418442832549879,0.9503157894736843,0.080395050059182,0.8657728531855957,0.0923391993638414,1.0,0.39789473684210525,0.7951674196887648,Surv-VAE
0.009286843135361829,0.9503157894736843,0.0843997385741814,0.8662825484764543,0.08935047944872897,2.0,0.42526315789473684,0.7641217182023877,Surv-VAE
0.00852629461660816,0.9563508771929824,0.07952908193159948,0.8804653739612188,0.10208056079197914,2.0,0.39789473684210525,0.7884140664843237,Surv-VAE
0.010691687799078782,0.9455438596491228,0.08678245535371508,0.8815069252077563,0.083942552318127,1.0,0.42736842105263156,0.7666987847770799,Surv-VAE
0.012434598651915978,0.9383859649122808,0.07221409014515402,0.8663711911357341,0.09484448482398257,1.0,0.42947368421052634,0.7728917026570111,Surv-VAE
0.010727943402874756,0.9428771929824561,0.08547509927491534,0.8895734072022161,0.07979917212936029,1.0,0.42947368421052634,0.7901102429479693,Surv-VAE
0.009003669846630483,0.9532631578947368,0.07858972482702865,0.8787590027700831,0.07625815689113737,1.0,0.4168421052631579,0.7754250097264273,Surv-VAE
0.009052542166616022,0.952421052631579,0.07623546064130327,0.8721772853185594,0.09084868460685763,4.0,0.4357894736842105,0.7975655294598532,Surv-VAE
0.011423106247069591,0.9440000000000001,0.08363318111589016,0.8760110803324099,0.0863975255097421,3.0,0.40210526315789474,0.7703995520946546,Surv-VAE
0.009341114306337859,0.9542456140350877,0.08113279438022902,0.8853628808864265,0.08523982803049607,1.0,0.4126315789473684,0.7728277495022,Surv-VAE
0.010182438775655311,0.9475087719298244,0.08590882430422868,0.8843434903047089,0.0807481652800292,2.0,0.4126315789473684,0.7661703328446148,Surv-VAE
0.008792931928842512,0.951157894736842,0.08197137125917467,0.8802216066481995,0.1307744071072377,1.0,0.4442105263157895,0.7956396980294261,Surv-VAE
0.01014402914306135,0.9469473684210528,0.07510770540103215,0.8846094182825486,0.10231417984003151,1.0,0.4231578947368421,0.7642205005941567,Surv-VAE
0.008906039459414348,0.9536842105263159,0.08431057397424517,0.8855623268698061,0.12056153683814541,2.0,0.42736842105263156,0.7714982745042904,Surv-VAE
0.01090582590056638,0.944561403508772,0.0880479422483374,0.8726426592797785,0.09594918750597892,1.0,0.4610526315789474,0.778350500152492,Surv-VAE
0.011720956304909625,0.9420350877192983,0.08109784501867559,0.8835013850415512,0.08053089672944512,2.0,0.45052631578947366,0.7807542302602705,Surv-VAE
0.010466448595766332,0.9445614035087719,0.08596721510395919,0.8812631578947367,0.1004615163158238,1.0,0.39789473684210525,0.7878668703957526,Surv-VAE
0.010917641902250908,0.944421052631579,0.08519846832131901,0.8876011080332409,0.07775959911947627,3.0,0.4231578947368421,0.7617291624857606,Surv-VAE
0.01130104794379338,0.9442807017543859,0.08533969454056549,0.8747257617728531,0.09090720229201059,3.0,0.3957894736842105,0.7908374989154359,Surv-VAE
0.01018777407866508,0.9466666666666667,0.0927094420370742,0.8897063711911357,0.08503789807625106,1.0,0.4168421052631579,0.7783918712237647,Surv-VAE
0.009049360971922367,0.9538245614035089,0.0815677651312721,0.8790470914127424,0.07822593149992368,2.0,0.42105263157894735,0.7861574995647893,Surv-VAE
0.010175885570168602,0.9479298245614035,0.0848241098914299,0.8760554016620498,0.07468874271664103,2.0,0.42526315789473684,0.778030977007907,Surv-VAE
0.009204174378797692,0.9541052631578946,0.07287464375584864,0.8806648199445982,0.08956090210696666,1.0,0.4336842105263158,0.767885995416859,Surv-VAE
0.010276346805751197,0.9491929824561403,0.07456120321799459,0.8837451523545706,0.07736577176573009,4.0,0.3936842105263158,0.7874075967737453,Surv-VAE
0.008913805773212715,0.9505964912280703,0.09246880803281847,0.8794903047091414,0.09372563638621714,1.0,0.44842105263157894,0.7872688394992899,Surv-VAE
0.010749275076291998,0.9448421052631579,0.08329990736054022,0.8851412742382271,0.11433980295614671,1.0,0.4589473684210526,0.7905141230289854,Surv-VAE
0.010632312902607513,0.9473684210526316,0.08411432134860242,0.867634349030471,0.08783553093921322,2.0,0.4442105263157895,0.7768641315321836,Surv-VAE
0.010013589499151192,0.9503157894736841,0.08160785821020082,0.8738614958448754,0.1254287717568189,1.0,0.4421052631578947,0.793677326338698,Surv-VAE
0.010091366691206229,0.9483508771929825,0.08514102184889552,0.8809750692520776,0.0859106529567106,1.0,0.40210526315789474,0.7766364164941905,Surv-VAE
0.010002552787265992,0.9486315789473685,0.08586111440234274,0.8743933518005541,0.09437324737198818,3.0,0.4147368421052632,0.7876478738502015,Surv-VAE
0.00959948409341824,0.9505964912280703,0.08350324379822788,0.8775180055401662,0.0882702876598953,1.0,0.4168421052631579,0.7935003989810938,Surv-VAE
0.010320731092134503,0.9491929824561404,0.07869836777939082,0.8786260387811634,0.07596577367447839,1.0,0.4126315789473684,0.7683666069867263,Surv-VAE
0.011128615979518136,0.9479298245614036,0.07500820960307193,0.8827479224376731,0.08557861189409377,2.0,0.40210526315789474,0.8039731698266745,Surv-VAE
0.009640165101945104,0.9486315789473684,0.08576287596819265,0.8779168975069253,0.07897663260571425,1.0,0.4189473684210526,0.7792327850753759,Surv-VAE
0.010473226221738557,0.9461052631578948,0.0877614036057872,0.8790914127423821,0.08751473905009284,2.0,0.4168421052631579,0.7951188898245274,Surv-VAE
0.009482575390869089,0.9496140350877195,0.07268226439258665,0.872797783933518,0.09146180825550053,1.0,0.4189473684210526,0.7917426012080961,Surv-VAE
0.010053126659774326,0.9477894736842105,0.08426339182249173,0.8819722991689751,0.08435272508837881,2.0,0.4673684210526316,0.7866704528874298,Surv-VAE
0.009572241718721973,0.951438596491228,0.07575290515242367,0.8670803324099723,0.10926658378355389,1.0,0.40210526315789474,0.7767245872403488,Surv-VAE
0.009211493204689026,0.9534035087719299,0.07400658209432101,0.8860720221606648,0.1179275702294908,1.0,0.4231578947368421,0.7645357796949314,Surv-VAE
0.010354865636886567,0.9480701754385965,0.07847876742103874,0.883567867036011,0.09640659460359682,1.0,0.4336842105263158,0.7785296888728731,Surv-VAE
0.009774402974264785,0.9473684210526317,0.08214239710532557,0.8720664819944599,0.07342634449268502,1.0,0.4357894736842105,0.7786247634403469,Surv-VAE
0.009141097587209166,0.951438596491228,0.07984915033860895,0.8813518005540166,0.08277818152057158,3.0,0.44842105263157894,0.7796580624822015,Surv-VAE
0.009993718669009635,0.9484912280701754,0.09228695796550682,0.878360110803324,0.0781912840399291,1.0,0.39789473684210525,0.7753722234390269,Surv-VAE
0.009677227329161023,0.9503157894736842,0.07951676990743546,0.8732853185595568,0.09198296354561557,2.0,0.4378947368421053,0.7952565951038677,Surv-VAE
0.01001389579354053,0.9498947368421052,0.07324525356956604,0.8674792243767314,0.08539197476956895,4.0,0.4189473684210526,0.7698072197130089,Surv-VAE
0.010395682129945256,0.9477894736842106,0.08723753878977561,0.8936288088642659,0.0872398027425732,1.0,0.38526315789473686,0.7824130498108396,Surv-VAE
0.009248823111076046,0.9532631578947368,0.08298238709930014,0.8870914127423823,0.07943041885154015,2.0,0.39789473684210525,0.7796273725358553,Surv-VAE
0.009901412763170338,0.9505964912280702,0.0760114564950798,0.8525650969529085,0.0825659615815848,3.0,0.40210526315789474,0.7762291566353545,Surv-VAE
0.009599010080518692,0.9508771929824561,0.07979453640570673,0.8773628808864267,0.08051248860419874,3.0,0.3873684210526316,0.7829966948086191,Surv-VAE
0.010622085863891252,0.9456842105263159,0.0796051284640819,0.8802216066481995,0.07989880147607435,3.0,0.3894736842105263,0.7906645143607021,Surv-VAE
0.008671969880886705,0.9578947368421052,0.0817828340713486,0.8924321329639889,0.07967103159990745,1.0,0.37894736842105264,0.7759939035514338,Surv-VAE
0.012085488169758333,0.9407719298245613,0.08936711980825503,0.8825484764542935,0.1021204065676752,1.0,0.3831578947368421,0.7772945666320004,Surv-VAE
0.010816641190084044,0.9476491228070175,0.07941547321483428,0.899567867036011,0.09024582855438729,2.0,0.3957894736842105,0.7658992389941108,Surv-VAE
0.009316897637212851,0.9500350877192982,0.08209914258976636,0.8607867036011081,0.10535189702907687,1.0,0.3957894736842105,0.7751765406562168,Surv-VAE
0.010733735130068629,0.9470877192982458,0.07548650391023974,0.8725096952908586,0.14972688653980276,1.0,0.42736842105263156,0.7997251699943265,Surv-VAE
0.010511535445785682,0.9473684210526316,0.08286337023074515,0.8749030470914126,0.08623584879891619,1.0,0.4126315789473684,0.8014719581906121,Surv-VAE
0.01200636511995406,0.9414736842105262,0.08744024769956582,0.8972631578947368,0.09427520438904317,2.0,0.42526315789473684,0.7936366916683217,Surv-VAE
0.009263091058509015,0.9503157894736842,0.07911047892493693,0.8842770083102494,0.09428276966965117,1.0,0.4105263157894737,0.7777252238375602,Surv-VAE
0.009997509180712748,0.9475087719298244,0.08664851921176561,0.8785152354570638,0.0940848764039529,1.0,0.3957894736842105,0.7927339227091253,Surv-VAE
0.0062901796507470594,0.9625263157894737,0.026851246096026328,0.7477673130193906,0.1281455201208622,6.0,0.45052631578947366,0.8132576314891271,HI-VAE_weibull_diffusion
0.006576928928360936,0.9625263157894737,0.020847877247251758,0.787146814404432,0.09498662378711692,9.0,0.45263157894736844,0.8142650763084561,HI-VAE_weibull_diffusion
0.0065300938649369734,0.9608421052631578,0.035872988791397234,0.7732299168975069,0.1728884388200224,5.0,0.47578947368421054,0.8153801262309868,HI-VAE_weibull_diffusion
0.00603167622961508,0.9653333333333334,0.02448020059619129,0.7701939058171745,0.13947801190991013,9.0,0.5094736842105263,0.8089124545280173,HI-VAE_weibull_diffusion
0.007192633603367943,0.9555087719298245,0.03280706211355585,0.7950581717451524,0.16295010494608203,2.0,0.44842105263157894,0.8229330620286012,HI-VAE_weibull_diffusion
0.004999431321364674,0.9677192982456141,0.031039553573864575,0.7994903047091413,0.1364628142771685,6.0,0.4652631578947368,0.8244878904528601,HI-VAE_weibull_diffusion
0.006212511169434453,0.9611228070175438,0.03385024853097909,0.7630360110803324,0.13318553407443307,6.0,0.4147368421052632,0.8293673718232555,HI-VAE_weibull_diffusion
0.006967213122959509,0.9609824561403509,0.02695638505924772,0.7801440443213296,0.12479126767519706,5.0,0.4610526315789474,0.8078810626171472,HI-VAE_weibull_diffusion
0.007964489406862892,0.9545263157894738,0.03672356252366156,0.7606869806094183,0.1331592222315286,7.0,0.4378947368421053,0.815946193661341,HI-VAE_weibull_diffusion
0.00589347257162548,0.9647719298245615,0.02272942006804918,0.7876565096952908,0.20752132374148627,8.0,0.49894736842105264,0.8201139605951521,HI-VAE_weibull_diffusion
0.007909821271358126,0.9538245614035087,0.03199024970180603,0.7646759002770083,0.08758390555496727,4.0,0.4884210526315789,0.8314948950513564,HI-VAE_weibull_diffusion
0.0066701216172591424,0.9653333333333334,0.027375098657128352,0.7692853185595567,0.18799080237319543,9.0,0.5136842105263157,0.8164404908682417,HI-VAE_weibull_diffusion
0.007726309113060771,0.9541052631578946,0.035149855832366676,0.7503379501385041,0.15926230374476186,6.0,0.44,0.8128930222086446,HI-VAE_weibull_diffusion
0.006214955760581729,0.9621052631578948,0.03839340125440752,0.7728975069252078,0.1907008653680953,5.0,0.44,0.8166903433134688,HI-VAE_weibull_diffusion
0.005038895723123691,0.9664561403508773,0.028219242835432104,0.7931080332409973,0.16653196794701786,3.0,0.4694736842105263,0.8204684500592125,HI-VAE_weibull_diffusion
0.007010595101121161,0.9564912280701755,0.03913772677086545,0.7934847645429364,0.11675137956750248,3.0,0.4631578947368421,0.8082017800562115,HI-VAE_weibull_diffusion
0.006634218224565016,0.9591578947368421,0.03064573853589892,0.7870803324099722,0.12062061638854758,2.0,0.4652631578947368,0.8303216315103026,HI-VAE_weibull_diffusion
0.007029916956069928,0.9594385964912281,0.03023814560501135,0.7834238227146814,0.09692933332759752,3.0,0.4610526315789474,0.8253863523116021,HI-VAE_weibull_diffusion
0.006689702140922969,0.960140350877193,0.03212340896098555,0.7395235457063711,0.17552437591104894,9.0,0.5031578947368421,0.8234485673037417,HI-VAE_weibull_diffusion
0.007424943949320846,0.9588771929824562,0.024917321024965557,0.7950138504155124,0.14319500088183498,7.0,0.49473684210526314,0.8299158457918546,HI-VAE_weibull_diffusion
0.007460076501288646,0.9573333333333334,0.018802159879556687,0.7547036011080333,0.17060846357956097,10.0,0.4463157894736842,0.8078758740547298,HI-VAE_weibull_diffusion
0.0060833322433802885,0.9632280701754384,0.030898250846069297,0.7755346260387811,0.13741445263882762,4.0,0.47578947368421054,0.8091943555066528,HI-VAE_weibull_diffusion
0.007363594447830179,0.9591578947368421,0.02610257268739926,0.7356454293628809,0.13469439501909594,9.0,0.47157894736842104,0.8145125089316765,HI-VAE_weibull_diffusion
0.006959650987889494,0.9577543859649124,0.032624254336083784,0.7560110803324098,0.19933654404212037,7.0,0.47789473684210526,0.8105528046128223,HI-VAE_weibull_diffusion
0.007171140981679435,0.959859649122807,0.03156842622572949,0.7703268698060941,0.1261770493049231,6.0,0.47157894736842104,0.8185897693317971,HI-VAE_weibull_diffusion
0.006776206120194306,0.959438596491228,0.03960877562518035,0.7447756232686981,0.1389176110609642,2.0,0.4610526315789474,0.8073530464936424,HI-VAE_weibull_diffusion
0.008262381578799232,0.9566315789473684,0.03285126168282275,0.7501163434903046,0.13005548843123318,4.0,0.47157894736842104,0.8065431721269559,HI-VAE_weibull_diffusion
0.0067573773087065536,0.960280701754386,0.026979497347254806,0.7522880886426593,0.1814658630462472,4.0,0.45473684210526316,0.81329538907921,HI-VAE_weibull_diffusion
0.007631888027507569,0.9567719298245615,0.031515949746286354,0.7929750692520775,0.11076916874684115,6.0,0.4652631578947368,0.8155841528704513,HI-VAE_weibull_diffusion
0.007375010535644145,0.9576140350877193,0.035772894241075756,0.7632132963988921,0.09666144523573177,3.0,0.4568421052631579,0.8198047418238946,HI-VAE_weibull_diffusion
0.005468896366360241,0.9665964912280701,0.03605904786769122,0.7435346260387812,0.11640879174848255,4.0,0.4631578947368421,0.8174674543263947,HI-VAE_weibull_diffusion
0.007763767535208004,0.9545263157894738,0.03731806346977152,0.791601108033241,0.12352586582829327,4.0,0.4673684210526316,0.8232566467923406,HI-VAE_weibull_diffusion
0.0068553937759403315,0.9591578947368422,0.03447646575731576,0.7563878116343491,0.09610069478013507,3.0,0.44842105263157894,0.818191160344554,HI-VAE_weibull_diffusion
0.006984945326616814,0.9587368421052632,0.027641598697047798,0.7733628808864266,0.17134921343181414,6.0,0.4631578947368421,0.8081305648181903,HI-VAE_weibull_diffusion
0.006143978272428934,0.9619649122807018,0.03590507595979381,0.7859501385041552,0.09045448047251665,2.0,0.4357894736842105,0.8126798063390137,HI-VAE_weibull_diffusion
0.0069482280739950565,0.9600000000000001,0.023625297139031547,0.7440886426592798,0.1939157397623511,10.0,0.4926315789473684,0.8299294595698625,HI-VAE_weibull_diffusion
0.00668351815808431,0.9616842105263158,0.034565607051589,0.7921329639889196,0.09177862711893336,5.0,0.5052631578947369,0.837214464860353,HI-VAE_weibull_diffusion
0.007313155686595215,0.9564912280701755,0.03173841292311579,0.7733628808864266,0.12816581738025598,6.0,0.4863157894736842,0.8264913748943801,HI-VAE_weibull_diffusion
0.006842094763984381,0.9608421052631579,0.03476986595601597,0.7901606648199446,0.1473239511966303,3.0,0.4589473684210526,0.8104239561046118,HI-VAE_weibull_diffusion
0.006637031104316113,0.9590175438596492,0.025425692600042547,0.7776842105263159,0.13108153321762409,7.0,0.4631578947368421,0.8156716567749949,HI-VAE_weibull_diffusion
0.0065121760843413635,0.9604210526315788,0.027505934345197065,0.7406759002770082,0.1471941000575569,7.0,0.44842105263157894,0.8157976261198405,HI-VAE_weibull_diffusion
0.006389050140806923,0.9611228070175439,0.024523848750567498,0.7916675900277008,0.1779814609588022,7.0,0.47157894736842104,0.8170099256691918,HI-VAE_weibull_diffusion
0.005431002436434731,0.967017543859649,0.03134441525416934,0.7666038781163435,0.19634630585398238,5.0,0.4926315789473684,0.8203442253050748,HI-VAE_weibull_diffusion
0.006302793518237814,0.9590175438596492,0.029102920353990504,0.7479002770083103,0.17311496589207012,4.0,0.45263157894736844,0.8162787257042103,HI-VAE_weibull_diffusion
0.006988126906772887,0.9566315789473685,0.028409531791629174,0.8009307479224376,0.10568880281280016,6.0,0.47157894736842104,0.8170902960578936,HI-VAE_weibull_diffusion
0.00581986916552037,0.9622456140350876,0.03278802802823034,0.7868808864265928,0.14709090779607917,5.0,0.4694736842105263,0.825220457449088,HI-VAE_weibull_diffusion
0.006671910564230752,0.9597192982456141,0.03878129058449241,0.7761108033240998,0.08533130313506816,2.0,0.4694736842105263,0.8312553581291197,HI-VAE_weibull_diffusion
0.005979499582329068,0.9614035087719298,0.03081691509260858,0.7815844875346262,0.11157347881363743,6.0,0.4631578947368421,0.8352945349707717,HI-VAE_weibull_diffusion
0.008063346651555281,0.9542456140350877,0.03751166443348962,0.7741828254847645,0.19859284008169742,3.0,0.47368421052631576,0.8136327649399571,HI-VAE_weibull_diffusion
0.005811101730949052,0.9642105263157894,0.023744139925905152,0.7843767313019391,0.1708433143299875,6.0,0.47789473684210526,0.8199721056242361,HI-VAE_weibull_diffusion
0.0061773238601312425,0.9628070175438597,0.03211606181076174,0.7863490304709142,0.11440069867512828,6.0,0.49473684210526314,0.8156136394712921,HI-VAE_weibull_diffusion
0.0068610423848467815,0.9614035087719297,0.030046686383226523,0.7541939058171746,0.2046474249387157,8.0,0.47578947368421054,0.8341707660391603,HI-VAE_weibull_diffusion
0.007868005286910422,0.9578947368421054,0.0253605215774827,0.7798116343490304,0.1941419931636976,7.0,0.47157894736842104,0.8214629166763189,HI-VAE_weibull_diffusion
0.007540897817682238,0.9563508771929824,0.03546142871641922,0.7667146814404433,0.15046997403387014,2.0,0.47578947368421054,0.8139482740092838,HI-VAE_weibull_diffusion
0.006717586537046014,0.9633684210526315,0.03670704632654588,0.7550581717451523,0.1290158107358627,5.0,0.44,0.8150645559759615,HI-VAE_weibull_diffusion
0.00692271329201451,0.9607017543859651,0.03190935797335428,0.7724542936288088,0.11254157168524896,4.0,0.47789473684210526,0.7985654709806292,HI-VAE_weibull_diffusion
0.007660957141147823,0.9576140350877193,0.027307200575842273,0.7479224376731302,0.16290011304612773,5.0,0.4568421052631579,0.8232365732683591,HI-VAE_weibull_diffusion
0.005918658527274958,0.9622456140350877,0.03344652424819905,0.7758891966759003,0.15866294851980384,4.0,0.47789473684210526,0.8106055250131357,HI-VAE_weibull_diffusion
0.007535871454520404,0.9559298245614036,0.0293333757093044,0.7576066481994459,0.11963704910351623,9.0,0.44,0.8149402116337676,HI-VAE_weibull_diffusion
0.006660373651263759,0.9594385964912281,0.030767150149013097,0.8018836565096953,0.1983382031868869,4.0,0.45263157894736844,0.8199457465868838,HI-VAE_weibull_diffusion
0.006858671926001982,0.9602807017543858,0.030441628485996835,0.7804986149584486,0.18264386623277035,8.0,0.4694736842105263,0.8323364286744239,HI-VAE_weibull_diffusion
0.007926808381600503,0.9545263157894737,0.026015982007875995,0.7724321329639888,0.1625322212777264,7.0,0.5031578947368421,0.8187285995659783,HI-VAE_weibull_diffusion
0.007032931456081643,0.9588771929824561,0.025718521782854692,0.7589141274238227,0.11051473026283702,6.0,0.48210526315789476,0.8185382652029818,HI-VAE_weibull_diffusion
0.006949440368778306,0.9608421052631579,0.02468776966071735,0.745994459833795,0.20606073725235968,10.0,0.4884210526315789,0.8185634360022425,HI-VAE_weibull_diffusion
0.008620054852719926,0.9524210526315788,0.03812743528650205,0.7541939058171746,0.12833903237378325,6.0,0.4673684210526316,0.8124864183825444,HI-VAE_weibull_diffusion
0.006813656527283514,0.9574736842105263,0.03895179293665637,0.7882326869806093,0.10899132329812168,2.0,0.4884210526315789,0.8254259355024985,HI-VAE_weibull_diffusion
0.005416676562080831,0.9668771929824561,0.03421966770218562,0.7716565096952908,0.08462686388173753,5.0,0.4610526315789474,0.8215423788300077,HI-VAE_weibull_diffusion
0.006843605387121498,0.959578947368421,0.03193102212887673,0.7499168975069253,0.1461735883369201,6.0,0.4463157894736842,0.8058859802622821,HI-VAE_weibull_diffusion
0.006000226181621024,0.9623859649122807,0.02465595217962162,0.7876343490304709,0.10175828771344793,10.0,0.47368421052631576,0.8169797698136343,HI-VAE_weibull_diffusion
0.007198184876575816,0.9597192982456141,0.029375833275000603,0.761130193905817,0.15349445817143034,6.0,0.47578947368421054,0.8164320773365846,HI-VAE_weibull_diffusion
0.007504055880006682,0.9581754385964913,0.03328020467527958,0.7839556786703602,0.13262040427742328,3.0,0.4610526315789474,0.8038595516648142,HI-VAE_weibull_diffusion
0.0069304667201642795,0.9587368421052632,0.02671806137840649,0.7647202216066481,0.12208674137688862,5.0,0.45473684210526316,0.8135260252612381,HI-VAE_weibull_diffusion
0.007520297707287824,0.959298245614035,0.02832895524884793,0.7894515235457064,0.09471188972503498,7.0,0.4863157894736842,0.8230150344269263,HI-VAE_weibull_diffusion
0.00610229938089596,0.9622456140350876,0.0299988427305547,0.7253850415512465,0.11488177652065563,8.0,0.4694736842105263,0.8213870758861831,HI-VAE_weibull_diffusion
0.006883610298009426,0.9607017543859651,0.03832786639252546,0.7769972299168975,0.1872648610104684,6.0,0.44,0.833221942832029,HI-VAE_weibull_diffusion
0.0061550514036027345,0.9607017543859651,0.03295528493313019,0.7543268698060941,0.10174732642434944,5.0,0.47157894736842104,0.8232677924564236,HI-VAE_weibull_diffusion
0.006415511403480148,0.9595789473684211,0.029081387339509508,0.781628808864266,0.15385805484521867,5.0,0.47789473684210526,0.81397366074814,HI-VAE_weibull_diffusion
0.006569236423033199,0.9615438596491228,0.033341712044447386,0.7860609418282548,0.11825902577862425,7.0,0.45263157894736844,0.8318121407263103,HI-VAE_weibull_diffusion
0.006197929473138185,0.9625263157894738,0.027407487756349755,0.7576066481994459,0.1425282085028615,9.0,0.4652631578947368,0.8219807619528786,HI-VAE_weibull_diffusion
0.006989365133219293,0.9564912280701755,0.0292151689606341,0.7705263157894737,0.18202438977593166,5.0,0.45052631578947366,0.8244937200882647,HI-VAE_weibull_diffusion
0.007972904800424004,0.9550877192982455,0.029377777925263575,0.7594459833795014,0.12271316728812855,4.0,0.47157894736842104,0.8213560448826153,HI-VAE_weibull_diffusion
0.00716645534881159,0.9583157894736841,0.027566042603105453,0.7873240997229916,0.1702293268105928,5.0,0.47789473684210526,0.8032503967930842,HI-VAE_weibull_diffusion
0.006645039674794961,0.9594385964912281,0.033489601121796345,0.765185595567867,0.1088751681688484,5.0,0.4568421052631579,0.8120478460032166,HI-VAE_weibull_diffusion
0.006324751325134092,0.9619649122807018,0.03335812206890049,0.7707479224376731,0.1716534682104275,5.0,0.44842105263157894,0.8126790851157129,HI-VAE_weibull_diffusion
0.008104942648605442,0.9555087719298245,0.03245727017044077,0.7504044321329639,0.136064018762139,8.0,0.4842105263157895,0.8142346269105983,HI-VAE_weibull_diffusion
0.007603099399924544,0.9583157894736841,0.030590273688659495,0.7529085872576177,0.1320038057444192,6.0,0.47157894736842104,0.8260946412566734,HI-VAE_weibull_diffusion
0.0062473045784767495,0.9637894736842104,0.028890285117907963,0.7521994459833794,0.12707263422833498,6.0,0.4905263157894737,0.813898259080548,HI-VAE_weibull_diffusion
0.008114302711608118,0.952280701754386,0.03490677599120363,0.798404432132964,0.13801998081108224,6.0,0.4694736842105263,0.8083158492113546,HI-VAE_weibull_diffusion
0.0060652305505988205,0.9649122807017544,0.03378502555093524,0.78402216066482,0.15900395847206478,7.0,0.5052631578947369,0.8115354223382617,HI-VAE_weibull_diffusion
0.006335009909870461,0.9629473684210524,0.029470128989753663,0.7977174515235458,0.09606048894264897,4.0,0.45052631578947366,0.8196471456997219,HI-VAE_weibull_diffusion
0.0060849493768034505,0.9660350877192982,0.02569374550829169,0.7606426592797784,0.14199077425535603,7.0,0.5052631578947369,0.8089728534900978,HI-VAE_weibull_diffusion
0.005839271914514087,0.9650526315789474,0.02568234268823795,0.7598005540166205,0.1645007007585939,7.0,0.4652631578947368,0.8350152378084399,HI-VAE_weibull_diffusion
0.0061919696189798685,0.9623859649122807,0.043364267401573814,0.7734958448753463,0.12059928075190808,3.0,0.4863157894736842,0.8326847679411161,HI-VAE_weibull_diffusion
0.006387478229726862,0.9619649122807019,0.030316044993296626,0.7786592797783933,0.14568308726080015,5.0,0.4442105263157895,0.8033120242256274,HI-VAE_weibull_diffusion
0.006725624267140418,0.9612631578947368,0.021874646695437944,0.7661828254847646,0.15285676846235935,7.0,0.5094736842105263,0.8175475207713022,HI-VAE_weibull_diffusion
0.00652481129667711,0.9604210526315791,0.030055360725974745,0.7784819944598337,0.13394213311037154,5.0,0.48,0.8164932650671983,HI-VAE_weibull_diffusion
0.006290590707117251,0.9640701754385964,0.016296147665138466,0.807601108033241,0.22650590770858567,10.0,0.4568421052631579,0.8197067034847788,HI-VAE_weibull_diffusion
0.007859830958644147,0.9545263157894737,0.032082915713566314,0.7545263157894737,0.1380863868068359,6.0,0.48210526315789476,0.8181800963152271,HI-VAE_weibull_diffusion
0.006254248749332842,0.9653333333333333,0.036411204668508966,0.7606204986149584,0.10662551110637962,3.0,0.49473684210526314,0.8189508099490187,HI-VAE_weibull_diffusion
0.00533826661598658,0.967438596491228,0.020378076316587723,0.771612188365651,0.10026588087085682,5.0,0.44842105263157894,0.8115960763169878,HI-VAE_weibull_diffusion
0.006529549641631198,0.9626666666666667,0.026869709335456106,0.7566759002770083,0.15296928505811927,6.0,0.47578947368421054,0.8129675173006992,HI-VAE_weibull_diffusion
0.007847262431481655,0.9588771929824562,0.032116424697230125,0.7501385041551246,0.11258762327956091,5.0,0.47578947368421054,0.8140254329474798,HI-VAE_weibull_diffusion
0.007089882791867961,0.9597192982456141,0.034590051583126454,0.7588919667590026,0.1671840642281662,3.0,0.47789473684210526,0.8225189949924542,HI-VAE_weibull_diffusion
0.007558020138617306,0.9584561403508773,0.0358328281336537,0.7733850415512464,0.15107300201392382,7.0,0.4905263157894737,0.8218831286468584,HI-VAE_weibull_diffusion
0.007602721566881661,0.9550877192982458,0.03380586340473415,0.7716786703601108,0.17678930145729538,3.0,0.45473684210526316,0.8218825799465961,HI-VAE_weibull_diffusion
0.006929149015786811,0.9587368421052633,0.04015468112165579,0.7625706371191135,0.1476607246703349,7.0,0.4968421052631579,0.809724385020798,HI-VAE_weibull_diffusion
0.0072582564831953226,0.9559298245614034,0.03584573284135273,0.7530193905817175,0.15860331488983667,5.0,0.45473684210526316,0.8314353360665393,HI-VAE_weibull_diffusion
0.007178638857900762,0.9559298245614034,0.029365733263077346,0.7657839335180056,0.22213074041666656,5.0,0.4694736842105263,0.8111320192521598,HI-VAE_weibull_diffusion
0.006973501469020358,0.9597192982456141,0.03266374785155645,0.7977174515235457,0.14071210417211827,7.0,0.49894736842105264,0.8188941571377053,HI-VAE_weibull_diffusion
0.006950858279196329,0.9585964912280701,0.0320637110315849,0.7799002770083102,0.15644590162421185,8.0,0.49473684210526314,0.8257924564327136,HI-VAE_weibull_diffusion
0.006158536802472259,0.9621052631578946,0.018442413156658913,0.7644764542936289,0.14888052090405962,9.0,0.49894736842105264,0.8219847101918295,HI-VAE_weibull_diffusion
0.00784869253894818,0.9564912280701754,0.03687425158735199,0.7485872576177284,0.11904191294096592,5.0,0.4631578947368421,0.8210385022352248,HI-VAE_weibull_diffusion
0.006786975448596247,0.9594385964912281,0.03676674964437691,0.7596675900277009,0.14289001053941444,5.0,0.42736842105263156,0.8310404629599261,HI-VAE_weibull_diffusion
0.005701697372034994,0.9654736842105264,0.02830254135515545,0.7713684210526316,0.16550107613035844,3.0,0.4442105263157895,0.8235631371328866,HI-VAE_weibull_diffusion
0.005889395104065665,0.9635087719298244,0.029936044839426298,0.7532409972299169,0.114083583999438,8.0,0.48,0.8316794947465902,HI-VAE_weibull_diffusion
0.007017499209829813,0.960701754385965,0.025292038339677903,0.774759002770083,0.19887064623729117,6.0,0.47157894736842104,0.8154110031935639,HI-VAE_weibull_diffusion
0.00656790362503234,0.9602807017543858,0.022857876175525083,0.7629030470914128,0.16540578687682425,7.0,0.4926315789473684,0.8239820407862154,HI-VAE_weibull_diffusion
0.006980824177218007,0.9608421052631578,0.03075531401014638,0.7655180055401662,0.21923230886183348,5.0,0.5010526315789474,0.8131427110640098,HI-VAE_weibull_diffusion
0.007664237546873791,0.9534035087719298,0.03644922480839365,0.7690193905817174,0.08766627976480586,2.0,0.47368421052631576,0.8160268796538389,HI-VAE_weibull_diffusion
0.0060760124816768,0.9637894736842106,0.03134060976815866,0.761972299168975,0.19957288588600183,6.0,0.45263157894736844,0.8252372554449695,HI-VAE_weibull_diffusion
0.00842464025564735,0.9522807017543861,0.03657256257011196,0.7728088642659279,0.13015380577519778,5.0,0.47789473684210526,0.8331526799831093,HI-VAE_weibull_diffusion
0.007705309602057443,0.9573333333333335,0.026050950137567017,0.796786703601108,0.1312711574632084,8.0,0.47578947368421054,0.8200171099516234,HI-VAE_weibull_diffusion
0.007349073844163311,0.9555087719298245,0.0400130632369828,0.7832686980609418,0.11822280630262932,4.0,0.4884210526315789,0.8112991620214016,HI-VAE_weibull_diffusion
0.007967788425789803,0.9573333333333334,0.029386552700217356,0.7805429362880887,0.1263738960600897,5.0,0.4905263157894737,0.8263650291623045,HI-VAE_weibull_diffusion
0.006487151866044007,0.9629473684210527,0.019470829823852485,0.7803213296398892,0.18665262752753076,7.0,0.47368421052631576,0.8367848822717794,HI-VAE_weibull_diffusion
0.0067645913460121655,0.9578947368421052,0.030376449298806417,0.7813407202216066,0.18601068715956368,5.0,0.45263157894736844,0.8282744497582045,HI-VAE_weibull_diffusion
0.0064474740253523365,0.9604210526315791,0.040030414850504424,0.7709030470914128,0.1196932796618113,1.0,0.47789473684210526,0.8000495514793144,HI-VAE_weibull_diffusion
0.006796819513102633,0.960982456140351,0.029448585754697772,0.7966980609418283,0.14344356056401908,5.0,0.4842105263157895,0.8182678478823188,HI-VAE_weibull_diffusion
0.006654692872208433,0.9605614035087717,0.034383404147719954,0.7609085872576178,0.1013509616703143,6.0,0.48,0.8189966036462958,HI-VAE_weibull_diffusion
0.0067251251420222865,0.9578947368421052,0.03579412329312427,0.7794570637119114,0.12013976939272714,4.0,0.4673684210526316,0.8268652962094446,HI-VAE_weibull_diffusion
0.006205677654759965,0.9643508771929825,0.038572019295628174,0.7878337950138503,0.14334180933558754,2.0,0.45473684210526316,0.8210807783862725,HI-VAE_weibull_diffusion
0.0078056583227572645,0.9550877192982455,0.0371973633095057,0.7710360110803324,0.13090312009898822,5.0,0.4652631578947368,0.8206729413983055,HI-VAE_weibull_diffusion
0.00768013461795018,0.9563508771929824,0.0335277318990812,0.7401218836565097,0.12155648128429483,5.0,0.4231578947368421,0.8240641442612701,HI-VAE_weibull_diffusion
0.006692938212198348,0.9604210526315791,0.03994750699463517,0.7608421052631579,0.14535324273787756,4.0,0.47368421052631576,0.824305355877141,HI-VAE_weibull_diffusion
0.006809667500084161,0.9618245614035088,0.024028342013626854,0.7918670360110803,0.13168551861300895,7.0,0.47578947368421054,0.8038159622173644,HI-VAE_weibull_diffusion
0.0070117705829234964,0.9560701754385966,0.03950702878428562,0.794038781163435,0.1252876946611832,4.0,0.45052631578947366,0.8195008892981559,HI-VAE_weibull_diffusion
0.006066759713387357,0.9640701754385965,0.03321627352452078,0.7730747922437673,0.12486313861440267,6.0,0.4631578947368421,0.8221393193632092,HI-VAE_weibull_diffusion
0.005132810089175294,0.9665964912280702,0.033471937982507825,0.7525318559556786,0.11077508294117792,3.0,0.4652631578947368,0.8038019194548135,HI-VAE_weibull_diffusion
0.007619219569498478,0.9543859649122807,0.036841830618724106,0.7741828254847645,0.14120536964885966,7.0,0.511578947368421,0.8240397526710844,HI-VAE_weibull_diffusion
0.006355919305040502,0.960561403508772,0.03461865231967771,0.7400997229916898,0.12243330570390894,5.0,0.48,0.8315096432622804,HI-VAE_weibull_diffusion
0.005762631053380639,0.9630877192982454,0.03952861667804566,0.785994459833795,0.1029117820860565,5.0,0.4631578947368421,0.8225599393822353,HI-VAE_weibull_diffusion
0.0077415314527131225,0.9536842105263157,0.02983409465094615,0.7904265927977839,0.14676679088167374,3.0,0.4694736842105263,0.8185254638555466,HI-VAE_weibull_diffusion
0.008134909179403014,0.9555087719298246,0.031088758130188077,0.7805872576177285,0.15553754717157792,7.0,0.4610526315789474,0.8047239946223121,HI-VAE_weibull_diffusion
0.008060371227863279,0.9553684210526315,0.027592644258883667,0.7441108033240997,0.12029362054240544,9.0,0.4694736842105263,0.8336331106560146,HI-VAE_weibull_diffusion
0.007766957983463477,0.9556491228070176,0.03098707343445706,0.7440886426592798,0.1534509104094071,7.0,0.4610526315789474,0.8172659136637477,HI-VAE_weibull_diffusion
0.00620612023270288,0.9625263157894736,0.036578932854481674,0.7700609418282548,0.17253799158469227,6.0,0.4905263157894737,0.8244736506152397,HI-VAE_weibull_diffusion
0.007391502133176426,0.9583157894736842,0.028031995438324315,0.7593130193905817,0.17468937652753802,8.0,0.4463157894736842,0.819758339049917,HI-VAE_weibull_diffusion
0.007570687557584258,0.9557894736842105,0.05145659771747789,0.7905595567867036,0.10139051115220053,2.0,0.4442105263157895,0.8141473307534846,HI-VAE_weibull_diffusion
0.0067271209619244494,0.9598596491228071,0.03234181363981939,0.7558337950138504,0.11721748801611667,2.0,0.4631578947368421,0.8265912247783006,HI-VAE_weibull_diffusion
0.006702241901182003,0.9598596491228071,0.01495117448784844,0.7579612188365651,0.22333854208018084,9.0,0.45473684210526316,0.8125942655933571,HI-VAE_weibull_diffusion
0.008321584968778238,0.952842105263158,0.025024610595046133,0.7921772853185595,0.13925458961649637,8.0,0.49473684210526314,0.8249929197995317,HI-VAE_weibull_diffusion
0.00776781408135949,0.9536842105263158,0.04159250255222325,0.7683988919667589,0.09948180023341685,3.0,0.5031578947368421,0.8246881884056378,HI-VAE_weibull_diffusion
0.006623556715281291,0.9614035087719299,0.02962244298055513,0.7523767313019392,0.13241694385471098,5.0,0.4610526315789474,0.8157822331250815,HI-VAE_weibull_diffusion
0.006928120744008365,0.9580350877192984,0.031619093420768934,0.7570969529085874,0.1147411977936127,3.0,0.4378947368421053,0.8077481181153048,HI-VAE_weibull_diffusion
0.007319269499722312,0.959438596491228,0.023266393100068627,0.8080886426592798,0.2280957393841742,9.0,0.45052631578947366,0.8159819285828258,HI-VAE_weibull_diffusion
0.006109177312689934,0.9633684210526317,0.03397214669080448,0.7717673130193906,0.1289926968963136,5.0,0.4652631578947368,0.8166049068916655,HI-VAE_weibull_diffusion
0.006531091231634698,0.9614035087719298,0.02566415155788494,0.7744930747922437,0.11383061079897572,6.0,0.47789473684210526,0.8014397892615603,HI-VAE_weibull_diffusion
0.006703183996134296,0.9616842105263157,0.034403300807593296,0.7679556786703602,0.1285017913920851,5.0,0.4589473684210526,0.8155468176044799,HI-VAE_weibull_diffusion
0.00880183079819005,0.9487719298245615,0.035974196684546496,0.7965429362880887,0.10326997801506042,5.0,0.4652631578947368,0.8266882449720647,HI-VAE_weibull_diffusion
0.007143889997101419,0.959859649122807,0.027344783098396278,0.7756897506925208,0.14998243086576044,8.0,0.48210526315789476,0.8145560251438239,HI-VAE_weibull_diffusion
0.006836473430240489,0.9587368421052632,0.02994737319715112,0.7767977839335181,0.09575328724305468,4.0,0.4884210526315789,0.8209922891258561,HI-VAE_weibull_diffusion
0.005585685500193079,0.9664561403508772,0.026653978838724505,0.750825484764543,0.15383789679366605,6.0,0.47157894736842104,0.8212276622495881,HI-VAE_weibull_diffusion
0.007569364096587491,0.9578947368421052,0.031128920312541067,0.7962548476454293,0.2022424735480876,7.0,0.4652631578947368,0.8252641034877893,HI-VAE_weibull_diffusion
0.005633430525701174,0.9658947368421053,0.034952181832355454,0.7414072022160665,0.12357580944824095,4.0,0.4589473684210526,0.8099724909534467,HI-VAE_weibull_diffusion
0.0076511585725944605,0.9548070175438598,0.03313634768997114,0.7697285318559557,0.1298172713721863,6.0,0.45263157894736844,0.8301265576268366,HI-VAE_weibull_diffusion
0.006350223480308639,0.9623859649122808,0.025788124315605516,0.7640997229916897,0.1568443800254334,10.0,0.4631578947368421,0.8261174359555539,HI-VAE_weibull_diffusion
0.00721628833812259,0.9615438596491228,0.04041001681589811,0.7909141274238227,0.14259264250154183,4.0,0.4568421052631579,0.8220072147548813,HI-VAE_weibull_diffusion
0.005884907925663549,0.9642105263157894,0.03516296395715876,0.761130193905817,0.127140213672814,5.0,0.4968421052631579,0.8241779600272043,HI-VAE_weibull_diffusion
0.006048432896224868,0.9642105263157894,0.030634608610656498,0.7532853185595567,0.16582969001976045,4.0,0.4421052631578947,0.8068020240702942,HI-VAE_weibull_diffusion
0.005941289363579503,0.9643508771929825,0.026059972170953044,0.7697506925207755,0.1452439819576824,7.0,0.4968421052631579,0.8044579093008974,HI-VAE_weibull_diffusion
0.005830830089386577,0.9643508771929824,0.02725908359686794,0.7537950138504155,0.1685257413733494,3.0,0.4652631578947368,0.8108270789729254,HI-VAE_weibull_diffusion
0.007319606062284939,0.959438596491228,0.032640487373612775,0.7490747922437674,0.16880464496268824,5.0,0.4631578947368421,0.818527155425589,HI-VAE_weibull_diffusion
0.007955338431964177,0.9590175438596492,0.03851130547268461,0.7654515235457063,0.09079110356036911,4.0,0.45473684210526316,0.8142688095397033,HI-VAE_weibull_diffusion
0.005800155148314527,0.960140350877193,0.037972948944414005,0.7942603878116343,0.15909523597206932,5.0,0.4168421052631579,0.8226254202291626,HI-VAE_weibull_diffusion
0.008393832331479252,0.9531228070175438,0.04430532249144679,0.7394570637119113,0.13193356501046624,2.0,0.4421052631578947,0.8317464703693465,HI-VAE_weibull_diffusion
0.005484417286288133,0.9616842105263158,0.033490669139074176,0.7781495844875346,0.12679177252940224,3.0,0.44842105263157894,0.816484459589856,HI-VAE_weibull_diffusion
0.006992040599495994,0.9569122807017543,0.0244414067607205,0.7718337950138503,0.17647746435665107,8.0,0.4905263157894737,0.8199385279508011,HI-VAE_weibull_diffusion
0.00614598629349015,0.9640701754385966,0.021208027783892046,0.7873240997229918,0.19820413950696417,9.0,0.47157894736842104,0.8138253441050397,HI-VAE_weibull_diffusion
0.006851161944691893,0.960140350877193,0.04164278954714331,0.7710138504155124,0.11998485265892257,3.0,0.4652631578947368,0.8121680553919407,HI-VAE_weibull_diffusion
0.006153300992933626,0.9625263157894737,0.028780816235516662,0.7600443213296398,0.17067379242561806,6.0,0.4673684210526316,0.8087553824685457,HI-VAE_weibull_diffusion
0.006702383010731404,0.9597192982456142,0.03562749957512978,0.7910027700831025,0.1292386589292396,5.0,0.45473684210526316,0.8359027189419799,HI-VAE_weibull_diffusion
0.006545457402121587,0.9623859649122809,0.028122528309416483,0.7652742382271468,0.12263743550502886,4.0,0.45052631578947366,0.8164649349298019,HI-VAE_weibull_diffusion
0.007602410270081428,0.9560701754385964,0.030919436930964654,0.7653850415512464,0.10179922574672874,5.0,0.4863157894736842,0.8014822861660931,HI-VAE_weibull_diffusion
0.006191576829669436,0.9616842105263159,0.03175876690875104,0.7857506925207757,0.0925987618420077,4.0,0.45052631578947366,0.8193350620465466,HI-VAE_weibull_diffusion
0.00710234827172558,0.9580350877192984,0.027714623526714766,0.770415512465374,0.11506816589930996,5.0,0.4463157894736842,0.8234982319729144,HI-VAE_weibull_diffusion
0.007918603394256917,0.9534035087719297,0.028998617120504392,0.794016620498615,0.10085454153958677,4.0,0.4863157894736842,0.8212930725479585,HI-VAE_weibull_diffusion
0.007445322664593768,0.9555087719298245,0.031298357986318096,0.7874792243767313,0.11494447211732109,7.0,0.49473684210526314,0.8239488334802486,HI-VAE_weibull_diffusion
0.007526766091483243,0.9580350877192981,0.044942466342220044,0.7468808864265928,0.12142133989854936,3.0,0.49473684210526314,0.8179462072110463,HI-VAE_weibull_diffusion
0.007410769651913586,0.9549473684210528,0.033276310851342646,0.7593351800554017,0.15053432166680966,3.0,0.49894736842105264,0.8064491318722081,HI-VAE_weibull_diffusion
0.007238421378903444,0.9580350877192981,0.018398362865995103,0.7595124653739613,0.1080857089527925,10.0,0.4694736842105263,0.8150690516414745,HI-VAE_weibull_diffusion
0.00790398966757059,0.953122807017544,0.03249943017607971,0.7513130193905817,0.09871432750955446,7.0,0.4842105263157895,0.824533781741042,HI-VAE_weibull_diffusion
0.0073870449944045576,0.9545263157894738,0.03140735839626514,0.7643434903047093,0.145876595097128,5.0,0.42947368421052634,0.8127393844112373,HI-VAE_weibull_diffusion
0.007146313813524134,0.9539649122807017,0.044405250118521075,0.7602216066481994,0.10851597752650963,6.0,0.47578947368421054,0.819193513435083,HI-VAE_weibull_diffusion
0.008819337653987897,0.9517192982456141,0.0279443367868128,0.7531301939058171,0.12124823734129588,6.0,0.4694736842105263,0.8214642190446826,HI-VAE_weibull_diffusion
0.008369256604474557,0.951017543859649,0.03155987643568979,0.7565650969529086,0.10012783162210916,3.0,0.4610526315789474,0.8061202196818665,HI-VAE_weibull_diffusion
0.008107257499258001,0.9515789473684212,0.042106483365117006,0.7740277008310249,0.16966690905898538,8.0,0.45263157894736844,0.8164006649649611,HI-VAE_weibull_diffusion
0.005700731930374294,0.9651929824561404,0.02656614674360001,0.7640997229916897,0.13586733386583824,8.0,0.48210526315789476,0.8116525654922654,HI-VAE_weibull_diffusion
0.005985280088812822,0.9678596491228071,0.029710525343963155,0.7893850415512464,0.17994172594638538,8.0,0.49894736842105264,0.8094495412585123,HI-VAE_weibull_diffusion
0.007929116235721883,0.9512982456140352,0.035183748506205786,0.7542603878116344,0.11930022561798273,4.0,0.4378947368421053,0.8170747051048749,HI-VAE_weibull_diffusion
0.006560888339211339,0.960561403508772,0.03836146532249838,0.7911357340720222,0.10100027379621901,2.0,0.4884210526315789,0.8273204927454105,HI-VAE_weibull_diffusion
0.013030079612705628,0.9369824561403509,0.01323843871639842,0.7738504155124654,0.25169917352084986,14.0,0.4652631578947368,0.8278602247521843,HI-VAE_piecewise_diffusion
0.012953358357635352,0.9348771929824562,0.02359401001315515,0.7818282548476454,0.18438694120581597,9.0,0.4568421052631579,0.8418046232476316,HI-VAE_piecewise_diffusion
0.01168699634625976,0.9393684210526314,0.01834210123366163,0.7822049861495844,0.14409606063410216,16.0,0.4652631578947368,0.8452792021911907,HI-VAE_piecewise_diffusion
0.012826981474075318,0.9330526315789474,0.04148289364159916,0.7855290858725763,0.2629686130716901,16.0,0.47157894736842104,0.8400836962330461,HI-VAE_piecewise_diffusion
0.01034377262285321,0.9416140350877193,0.020082273233984857,0.7757340720221606,0.13354367160955813,13.0,0.45263157894736844,0.8341371214423314,HI-VAE_piecewise_diffusion
0.011495770763489432,0.9385263157894738,0.047200967675608316,0.7793462603878117,0.174953142262973,16.0,0.4463157894736842,0.8361492010717604,HI-VAE_piecewise_diffusion
0.01280496801664926,0.9334736842105263,0.030224776454957584,0.767578947368421,0.19152216424765858,15.0,0.4631578947368421,0.8436496851041417,HI-VAE_piecewise_diffusion
0.013775226746847004,0.929964912280702,0.04221603918182859,0.8042770083102493,0.15720740928401636,18.0,0.47157894736842104,0.8427416489695516,HI-VAE_piecewise_diffusion
0.011902104435837859,0.9389473684210525,0.0106259698140846,0.7764875346260387,0.1325787952625625,12.0,0.47157894736842104,0.8402102529131761,HI-VAE_piecewise_diffusion
0.011302084486350545,0.9425964912280702,0.0203417744381044,0.7795457063711911,0.1492405959212787,10.0,0.5031578947368421,0.8387621579932214,HI-VAE_piecewise_diffusion
0.011850072803056971,0.9386666666666665,0.027292761682332262,0.8005983379501386,0.27952937580771026,16.0,0.4968421052631579,0.8412560440809318,HI-VAE_piecewise_diffusion
0.011860760850724537,0.936701754385965,0.017451533981660564,0.8109916897506926,0.14646513237653824,15.0,0.4631578947368421,0.8420040876632653,HI-VAE_piecewise_diffusion
0.012389157515832635,0.9379649122807017,0.012928530505634674,0.7987368421052631,0.14124890656343833,15.0,0.47789473684210526,0.8293769476077945,HI-VAE_piecewise_diffusion
0.012922482622105472,0.9361403508771929,0.012842809976398735,0.7828919667590027,0.14663060166509156,11.0,0.45052631578947366,0.8294261386778511,HI-VAE_piecewise_diffusion
0.011376284207579487,0.9411929824561401,0.019414100318733356,0.7585817174515236,0.22695774620129291,11.0,0.5052631578947369,0.836400575562911,HI-VAE_piecewise_diffusion
0.012587441111767784,0.9351578947368421,0.03284292350881825,0.7838891966759002,0.2198485147960931,10.0,0.44,0.8578601949068482,HI-VAE_piecewise_diffusion
0.011702885008473003,0.9376842105263158,0.017932602617970767,0.7582936288088642,0.2772639737415674,15.0,0.5010526315789474,0.8277514637151001,HI-VAE_piecewise_diffusion
0.013059762228101296,0.9334736842105265,0.025442828020907443,0.7721218836565097,0.1523474167451297,12.0,0.4610526315789474,0.8365902323014969,HI-VAE_piecewise_diffusion
0.012612581543729795,0.9364210526315789,0.026926655119452227,0.788432132963989,0.1976173957005778,17.0,0.5031578947368421,0.8291958502272576,HI-VAE_piecewise_diffusion
0.012082369533775393,0.9367017543859648,0.017792248729206702,0.787191135734072,0.21397630513875057,13.0,0.4842105263157895,0.8512715189242489,HI-VAE_piecewise_diffusion
0.011904283409561494,0.9379649122807017,0.011089081643981258,0.7533074792243768,0.15376049181506357,13.0,0.4842105263157895,0.8478100266242308,HI-VAE_piecewise_diffusion
0.013691688607016268,0.9319298245614036,0.03158856855538432,0.7986703601108033,0.17627668135053945,10.0,0.45473684210526316,0.8471714302819889,HI-VAE_piecewise_diffusion
0.011713348178513978,0.9399298245614035,0.028764982489824183,0.7835124653739614,0.26057209724009717,11.0,0.47578947368421054,0.8342041301070711,HI-VAE_piecewise_diffusion
0.013153721538149489,0.9361403508771928,0.023851430682454294,0.791601108033241,0.16929576633259835,17.0,0.48210526315789476,0.8409704571101746,HI-VAE_piecewise_diffusion
0.01314568366642758,0.9316491228070175,0.024147902902147522,0.7938393351800553,0.12782874996896604,15.0,0.4568421052631579,0.831774456668079,HI-VAE_piecewise_diffusion
0.012928853459574499,0.9315087719298246,0.02113625541266457,0.7785706371191136,0.11187277538178096,11.0,0.4884210526315789,0.8456017036836178,HI-VAE_piecewise_diffusion
0.01156039014500679,0.9390877192982457,0.027370162582952214,0.7827811634349031,0.15239068036686562,11.0,0.47157894736842104,0.8272967229744993,HI-VAE_piecewise_diffusion
0.0117056630156533,0.9404912280701756,0.019175544635674006,0.8081551246537396,0.1259672926446212,17.0,0.4842105263157895,0.8505379853185043,HI-VAE_piecewise_diffusion
0.012832877229706717,0.9361403508771932,0.021885127349465308,0.7816952908587258,0.17233016497292813,18.0,0.4610526315789474,0.8513987405211655,HI-VAE_piecewise_diffusion
0.01223528153563885,0.9361403508771932,0.011928881073583631,0.753595567867036,0.18765508126517474,15.0,0.4673684210526316,0.843988686714294,HI-VAE_piecewise_diffusion
0.012281788193058585,0.9385263157894738,0.022117875231066456,0.7923324099722991,0.2550474353592226,13.0,0.4589473684210526,0.8521871047258474,HI-VAE_piecewise_diffusion
0.013003760648295521,0.9347368421052632,0.01920205950855755,0.7985152354570637,0.13532478809317844,11.0,0.47157894736842104,0.8455271723609521,HI-VAE_piecewise_diffusion
0.01127276719996167,0.9403508771929825,0.022387109260851953,0.7802326869806093,0.2502695041478804,16.0,0.5284210526315789,0.8452038461303938,HI-VAE_piecewise_diffusion
0.010322297752729455,0.9432982456140352,0.02277244317826615,0.7626149584487535,0.21758455261928195,17.0,0.4421052631578947,0.8452143764041457,HI-VAE_piecewise_diffusion
0.013090621395010209,0.9367017543859649,0.03996477750634947,0.7975401662049861,0.19285879630221578,12.0,0.47368421052631576,0.84944785470852,HI-VAE_piecewise_diffusion
0.014041213946451688,0.9288421052631579,0.01485062689217477,0.7642991689750692,0.18591785991930906,14.0,0.4378947368421053,0.8346955669223175,HI-VAE_piecewise_diffusion
0.012252591012266162,0.9385263157894738,0.01574114794350534,0.813252077562327,0.11247363196365248,13.0,0.45263157894736844,0.8364914285546605,HI-VAE_piecewise_diffusion
0.012478842359425977,0.9354385964912281,0.017910003519714453,0.7826925207756232,0.10640903614798862,17.0,0.4568421052631579,0.8352512711771433,HI-VAE_piecewise_diffusion
0.012122815478630911,0.9407719298245614,0.036775002607490656,0.7707257617728531,0.15290191069977632,16.0,0.4610526315789474,0.832027317891272,HI-VAE_piecewise_diffusion
0.011509193086192682,0.9425964912280703,0.020703572239076633,0.7715457063711911,0.15607575716305555,14.0,0.47368421052631576,0.8189214861718406,HI-VAE_piecewise_diffusion
0.012652649017138782,0.9362807017543859,0.019968603340719183,0.7593351800554016,0.21225201556117446,12.0,0.47368421052631576,0.8300457339123455,HI-VAE_piecewise_diffusion
0.011714315280615058,0.9386666666666668,0.02436960948786942,0.7897396121883656,0.1656309491105676,16.0,0.45052631578947366,0.8365992583516632,HI-VAE_piecewise_diffusion
0.012199813603049997,0.9393684210526314,0.01887941103684178,0.7847756232686981,0.180597530031625,14.0,0.4568421052631579,0.8407581713020824,HI-VAE_piecewise_diffusion
0.011714659292332865,0.9350175438596491,0.012809080016164057,0.8018171745152355,0.14656587802864673,13.0,0.47157894736842104,0.8376274536537766,HI-VAE_piecewise_diffusion
0.0109178869744876,0.9403508771929824,0.03370657500900585,0.7851745152354571,0.14163307509957876,19.0,0.47157894736842104,0.8315571453017172,HI-VAE_piecewise_diffusion
0.012560199392978207,0.9369824561403508,0.040891480863029024,0.7782160664819944,0.13024228579152256,14.0,0.49473684210526314,0.8339575601407384,HI-VAE_piecewise_diffusion
0.013729374367689022,0.9257543859649124,0.034337800270396034,0.7873684210526315,0.18918336648659612,19.0,0.5452631578947369,0.8328252320451537,HI-VAE_piecewise_diffusion
0.013409365200225369,0.9313684210526316,0.03019927315698024,0.7621052631578948,0.12655625609057503,16.0,0.43157894736842106,0.8332166377544188,HI-VAE_piecewise_diffusion
0.011610325923651953,0.9372631578947368,0.026162750972980417,0.7960554016620498,0.1612986055101936,14.0,0.48,0.8366824682834513,HI-VAE_piecewise_diffusion
0.011754538114098425,0.9396491228070176,0.014879386280667671,0.7955900277008311,0.18504600594478013,11.0,0.4863157894736842,0.8385016394719567,HI-VAE_piecewise_diffusion
0.013135278216055372,0.9344561403508773,0.02517670828675344,0.7719889196675899,0.15685952979209017,18.0,0.4842105263157895,0.849667045849855,HI-VAE_piecewise_diffusion
0.013433423660239165,0.9331929824561402,0.013599734218640334,0.7845761772853186,0.22953917205107183,7.0,0.5094736842105263,0.8354646793036994,HI-VAE_piecewise_diffusion
0.012442171611957582,0.9351578947368421,0.021679263403762934,0.7922437673130194,0.16575608906720585,13.0,0.4610526315789474,0.8447175930704527,HI-VAE_piecewise_diffusion
0.009797505817295703,0.9463859649122808,0.011923521741918323,0.7914681440443213,0.1291480054464601,14.0,0.49473684210526314,0.8283258737492224,HI-VAE_piecewise_diffusion
0.011153653696782426,0.9427368421052632,0.013285740325076923,0.7981385041551246,0.21307145447744755,16.0,0.4589473684210526,0.8307485366789922,HI-VAE_piecewise_diffusion
0.010542291375761159,0.943719298245614,0.0246888226016898,0.7958559556786703,0.12731727571481397,11.0,0.47578947368421054,0.8268485837764961,HI-VAE_piecewise_diffusion
0.012083465939406603,0.9365614035087719,0.0346528221519232,0.7981163434903047,0.14487639459381407,11.0,0.48,0.8443389177008314,HI-VAE_piecewise_diffusion
0.010350503418940608,0.9466666666666667,0.009646832680331228,0.7655401662049861,0.26966750055188,13.0,0.4421052631578947,0.8266743179242938,HI-VAE_piecewise_diffusion
0.012846386777751729,0.9324912280701754,0.030921273239572583,0.7441551246537397,0.25300022198551453,10.0,0.4463157894736842,0.8502621587365449,HI-VAE_piecewise_diffusion
0.011427843038551991,0.9395087719298246,0.02265404219396101,0.8089307479224377,0.24562438460548536,16.0,0.48210526315789476,0.8479753573448064,HI-VAE_piecewise_diffusion
0.013473728314830185,0.9323508771929825,0.03168884017341469,0.7747368421052631,0.1255468614361167,11.0,0.4863157894736842,0.8452950483211163,HI-VAE_piecewise_diffusion
0.013865365582880325,0.9312280701754385,0.01608438758856536,0.7869916897506926,0.18640386076634483,14.0,0.5010526315789474,0.8383741312500796,HI-VAE_piecewise_diffusion
0.012065396448905195,0.9374035087719298,0.013898745802127991,0.7674681440443214,0.21859294660285183,15.0,0.4631578947368421,0.8462339168402649,HI-VAE_piecewise_diffusion
0.01269124048185198,0.9382456140350878,0.029926579988981468,0.7626814404432133,0.22387836880756223,12.0,0.5136842105263157,0.8313596184968647,HI-VAE_piecewise_diffusion
0.012465381207718916,0.9378245614035088,0.023696931594309256,0.7410747922437673,0.1255431032162704,16.0,0.44,0.835623158233375,HI-VAE_piecewise_diffusion
0.011391034390780598,0.9416140350877192,0.012484381115252796,0.7679113573407201,0.2618944203071282,14.0,0.4589473684210526,0.8409692990956181,HI-VAE_piecewise_diffusion
0.012024011727163641,0.935578947368421,0.029452356299995396,0.7683988919667589,0.2472472093261359,9.0,0.4842105263157895,0.8353938210567439,HI-VAE_piecewise_diffusion
0.014519390469768923,0.9258947368421052,0.01077254577180655,0.7798116343490304,0.1649121118376464,10.0,0.44842105263157894,0.8400705881871302,HI-VAE_piecewise_diffusion
0.012101356602588638,0.9379649122807018,0.026141318003233008,0.7830914127423823,0.11201942000866641,14.0,0.45263157894736844,0.8533236445120826,HI-VAE_piecewise_diffusion
0.012206441229404624,0.9375438596491228,0.036357906993805165,0.7758227146814404,0.18245120654683397,13.0,0.4905263157894737,0.8375319606865511,HI-VAE_piecewise_diffusion
0.013573930666562458,0.9288421052631579,0.021287523730121778,0.7723434903047091,0.09927984741957609,13.0,0.4610526315789474,0.8336863819444171,HI-VAE_piecewise_diffusion
0.012349026551398832,0.935578947368421,0.026369569211188482,0.7853961218836566,0.1435148594751256,12.0,0.4968421052631579,0.8411975679353897,HI-VAE_piecewise_diffusion
0.012201537204876512,0.9364210526315789,0.022194970156532073,0.7662049861495845,0.12361909461720619,17.0,0.4631578947368421,0.8331597951306926,HI-VAE_piecewise_diffusion
0.01331565243932847,0.9323508771929826,0.0323898683950735,0.7838448753462604,0.16809124862457292,11.0,0.4968421052631579,0.838508288870616,HI-VAE_piecewise_diffusion
0.012597310348024393,0.9331929824561404,0.01082721974807784,0.7855512465373962,0.2792991489320471,12.0,0.4421052631578947,0.8363319737032573,HI-VAE_piecewise_diffusion
0.012856890281582373,0.9336140350877193,0.028303239057425125,0.8060498614958449,0.152041109237262,13.0,0.4694736842105263,0.8422115667258449,HI-VAE_piecewise_diffusion
0.012310057506217824,0.9362807017543859,0.013924281679409758,0.7632132963988919,0.13483923672940046,10.0,0.44842105263157894,0.841153107572257,HI-VAE_piecewise_diffusion
0.012233033518996314,0.9396491228070175,0.02932496102130026,0.7795457063711911,0.20567094946066838,12.0,0.4568421052631579,0.8308549151099364,HI-VAE_piecewise_diffusion
0.013151423200890706,0.9309473684210526,0.01933432167973776,0.7737839335180057,0.16613863814691607,14.0,0.47578947368421054,0.8415953848477425,HI-VAE_piecewise_diffusion
0.012912592756598139,0.9338947368421054,0.014642132995871578,0.7645207756232688,0.13456282252933133,13.0,0.4568421052631579,0.832605042817521,HI-VAE_piecewise_diffusion
0.013571447304601364,0.9320701754385964,0.015991033155704163,0.7839556786703602,0.1650543745776045,15.0,0.5073684210526316,0.8424833073047441,HI-VAE_piecewise_diffusion
0.011763190128179205,0.9416140350877192,0.025593371039057383,0.769551246537396,0.14195766665305715,14.0,0.49473684210526314,0.8292527535771629,HI-VAE_piecewise_diffusion
0.01332553269211868,0.9323508771929825,0.023449442492964486,0.7703047091412742,0.21324874897096935,13.0,0.4926315789473684,0.8441649817187956,HI-VAE_piecewise_diffusion
0.012521427624806772,0.935859649122807,0.030251057893005185,0.7644321329639888,0.13379542147371365,12.0,0.4842105263157895,0.8399895640650478,HI-VAE_piecewise_diffusion
0.012877774737852704,0.9334736842105262,0.03274437307745163,0.772432132963989,0.13815053458420182,15.0,0.4463157894736842,0.8434528626125887,HI-VAE_piecewise_diffusion
0.01275994692438571,0.9343157894736843,0.04258440464514782,0.756432132963989,0.2384210326249255,19.0,0.45473684210526316,0.8399921221197361,HI-VAE_piecewise_diffusion
0.013334592287892655,0.9302456140350877,0.03468376551852149,0.7913130193905817,0.21726073783981875,19.0,0.5073684210526316,0.8345236107443705,HI-VAE_piecewise_diffusion
0.011517331418446597,0.9402105263157895,0.01643525367704885,0.7944598337950137,0.16907648826192317,15.0,0.49473684210526314,0.832895840880944,HI-VAE_piecewise_diffusion
0.012273321735567593,0.9355789473684212,0.02421032430220851,0.7892299168975069,0.18376993771989864,14.0,0.48,0.8358243804032682,HI-VAE_piecewise_diffusion
0.012117443830722463,0.9344561403508772,0.046024721906318684,0.8020609418282548,0.27419323564073844,12.0,0.5010526315789474,0.8489104660479618,HI-VAE_piecewise_diffusion
0.011395610677989743,0.9374035087719298,0.025290856176701154,0.7874792243767312,0.21236261348710622,12.0,0.5031578947368421,0.8430505019321627,HI-VAE_piecewise_diffusion
0.012202706297374993,0.9358596491228071,0.010963357808606012,0.780409972299169,0.1554355835718578,14.0,0.47578947368421054,0.8305076260044421,HI-VAE_piecewise_diffusion
0.01196064068623356,0.9397894736842105,0.025754196446348267,0.7698393351800554,0.21964844296273717,14.0,0.4610526315789474,0.8312525125511174,HI-VAE_piecewise_diffusion
0.011722809872042708,0.9404912280701755,0.026735320676147926,0.7726980609418282,0.22797914529483432,14.0,0.45263157894736844,0.8425380989833756,HI-VAE_piecewise_diffusion
0.013300817642438217,0.9309473684210527,0.023356782158534425,0.7804321329639888,0.16139404863043344,10.0,0.44842105263157894,0.8347971407552944,HI-VAE_piecewise_diffusion
0.013323899800703273,0.9309473684210526,0.04385743149174221,0.7656731301939057,0.17414417369911653,11.0,0.4589473684210526,0.8409148381830308,HI-VAE_piecewise_diffusion
0.012008268851924683,0.9390877192982455,0.01657870257531872,0.7524432132963988,0.165615662902697,17.0,0.48210526315789476,0.8373822682457105,HI-VAE_piecewise_diffusion
0.013008015763778925,0.9340350877192983,0.012669501042882426,0.7692409972299169,0.12524538173443686,11.0,0.4610526315789474,0.827873091980358,HI-VAE_piecewise_diffusion
0.01201509784202493,0.9369824561403508,0.014831863868972025,0.7743157894736842,0.16644638137586362,14.0,0.5010526315789474,0.847295937496729,HI-VAE_piecewise_diffusion
0.012829835174645993,0.9348771929824561,0.018627758715319957,0.7876343490304709,0.13482922157997276,14.0,0.4589473684210526,0.8333570684217174,HI-VAE_piecewise_diffusion
0.011217248120184863,0.9410526315789473,0.03752021076947277,0.7765761772853186,0.22007504886139068,14.0,0.45263157894736844,0.8317081128458712,HI-VAE_piecewise_diffusion
0.013338571257459379,0.9306666666666668,0.011343602916760084,0.8067590027700831,0.19543557982607163,15.0,0.4673684210526316,0.8489613562952154,HI-VAE_piecewise_diffusion
0.01395658498591338,0.9287017543859649,0.01876675533149516,0.7473905817174515,0.22508303323248566,15.0,0.4926315789473684,0.8529758830583568,HI-VAE_piecewise_diffusion
0.010846568805399769,0.9424561403508771,0.011668033145076655,0.8057396121883655,0.13867018327372113,12.0,0.4884210526315789,0.8385105564720581,HI-VAE_piecewise_diffusion
0.012662799035626653,0.9379649122807017,0.011345242376868441,0.8017950138504155,0.1245944203945149,15.0,0.5073684210526316,0.8285742696805306,HI-VAE_piecewise_diffusion
0.012917633515261368,0.9327719298245614,0.023530551588787075,0.7668476454293629,0.16095030936496205,12.0,0.47789473684210526,0.8349060164470634,HI-VAE_piecewise_diffusion
0.013201564371078275,0.9333333333333333,0.03133941509480205,0.7880775623268699,0.1979362938424201,11.0,0.47789473684210526,0.8360706346850852,HI-VAE_piecewise_diffusion
0.01238209143565045,0.9352982456140351,0.024950583137768427,0.7666260387811634,0.178086677387531,17.0,0.4842105263157895,0.840521032327295,HI-VAE_piecewise_diffusion
0.012643357186614213,0.9348771929824563,0.029944099789869595,0.7738282548476454,0.16890835435813067,14.0,0.5010526315789474,0.8313463967531576,HI-VAE_piecewise_diffusion
0.013346232909709226,0.9327719298245615,0.03160299621235632,0.782360110803324,0.1926321388562927,18.0,0.4673684210526316,0.8348881170344349,HI-VAE_piecewise_diffusion
0.014006453298502525,0.928,0.013166289811146013,0.7702160664819945,0.15701162186418985,15.0,0.4357894736842105,0.8485556987460025,HI-VAE_piecewise_diffusion
0.011535110412171517,0.9396491228070175,0.02176840510600691,0.7554570637119113,0.2389846246402649,14.0,0.4568421052631579,0.8348912960569267,HI-VAE_piecewise_diffusion
0.010868811859771418,0.9441403508771932,0.0270922867004026,0.7982714681440444,0.09765438162600255,10.0,0.48,0.8227679355610914,HI-VAE_piecewise_diffusion
0.013981410331847575,0.927157894736842,0.024590546805166726,0.7702825484764542,0.29969685035441274,12.0,0.44,0.8498091736462715,HI-VAE_piecewise_diffusion
0.01232500732538929,0.9369824561403508,0.026637858983818954,0.7859501385041552,0.19124471557006417,17.0,0.4863157894736842,0.8330421563397024,HI-VAE_piecewise_diffusion
0.012894485186883548,0.9327719298245615,0.03940579043451717,0.7742714681440444,0.18529205210932376,10.0,0.5010526315789474,0.8346969802356837,HI-VAE_piecewise_diffusion
0.011737294906414824,0.9403508771929824,0.02895705816039725,0.7583601108033241,0.1817512885902552,16.0,0.4378947368421053,0.8356798615932971,HI-VAE_piecewise_diffusion
0.01231910345078405,0.9326315789473685,0.021911362574887756,0.8131634349030472,0.1578895520332883,9.0,0.48,0.836761295097875,HI-VAE_piecewise_diffusion
0.011523327003437044,0.9388070175438598,0.017746902156777395,0.7757119113573407,0.31962301756143124,12.0,0.4378947368421053,0.8316754538728947,HI-VAE_piecewise_diffusion
0.013638459944829531,0.9305263157894738,0.02983552137697951,0.7701052631578947,0.2534790295491252,12.0,0.44842105263157894,0.8382631808478382,HI-VAE_piecewise_diffusion
0.012316816738402013,0.9395087719298246,0.024795768892517014,0.733185595567867,0.2240711626333902,19.0,0.4842105263157895,0.8476353067656067,HI-VAE_piecewise_diffusion
0.01208050371505632,0.9388070175438599,0.01946348086255277,0.8006648199445984,0.17533578233490313,17.0,0.4673684210526316,0.8435327729676889,HI-VAE_piecewise_diffusion
0.013041497747365044,0.9302456140350877,0.012882315114479917,0.7757783933518007,0.19599847216672786,14.0,0.47789473684210526,0.8378752518693764,HI-VAE_piecewise_diffusion
0.013705638368512536,0.9289824561403507,0.019825124199873638,0.7646759002770083,0.2312990334377399,15.0,0.5073684210526316,0.8304113062112407,HI-VAE_piecewise_diffusion
0.011975573895436386,0.9375438596491228,0.020639714456611436,0.7671800554016621,0.17909782842443656,14.0,0.47578947368421054,0.8404257017276194,HI-VAE_piecewise_diffusion
0.01482496291559061,0.9258947368421052,0.032014651115048386,0.7587811634349031,0.20612651644155316,12.0,0.4673684210526316,0.828802433780468,HI-VAE_piecewise_diffusion
0.01270473484620963,0.9350175438596492,0.02983150350486827,0.7819833795013851,0.2047373454779663,18.0,0.47578947368421054,0.8352356193623252,HI-VAE_piecewise_diffusion
0.012332181957712579,0.9367017543859649,0.020567202590983734,0.8008642659279778,0.1829231614278465,16.0,0.48210526315789476,0.8279668948487333,HI-VAE_piecewise_diffusion
0.012258477989645356,0.9368421052631578,0.012836506908981145,0.7606648199445983,0.19023578506601743,10.0,0.45263157894736844,0.8426881714071435,HI-VAE_piecewise_diffusion
0.011909396190222228,0.9399298245614036,0.022841489031527728,0.7625927977839335,0.13144391962872362,14.0,0.47157894736842104,0.8308479053724813,HI-VAE_piecewise_diffusion
0.011804929080577637,0.937824561403509,0.020890287208384258,0.766759002770083,0.1695288591224242,13.0,0.4568421052631579,0.8406791040854145,HI-VAE_piecewise_diffusion
0.012006627655381975,0.9400701754385964,0.02395362840293566,0.7709916897506924,0.18826275604943918,16.0,0.4568421052631579,0.8278117292835754,HI-VAE_piecewise_diffusion
0.01166729396012199,0.9372631578947367,0.019822966219547048,0.773252077562327,0.13493656024696618,8.0,0.4842105263157895,0.8469746674148106,HI-VAE_piecewise_diffusion
0.011391732522101254,0.9383859649122807,0.017234492771370312,0.7686869806094183,0.14656991329470842,10.0,0.42736842105263156,0.8335753493947549,HI-VAE_piecewise_diffusion
0.011695740342649306,0.9400701754385966,0.02225650390299945,0.7819833795013851,0.18093291132417896,15.0,0.48210526315789476,0.8451191178970748,HI-VAE_piecewise_diffusion
0.010997944665585244,0.9416140350877195,0.03207127057856266,0.7942382271468145,0.1632130263404605,14.0,0.5073684210526316,0.8211955753024088,HI-VAE_piecewise_diffusion
0.012723599561604907,0.9331929824561404,0.026519418811764926,0.783601108033241,0.2301704347386172,14.0,0.49473684210526314,0.85814808837505,HI-VAE_piecewise_diffusion
0.01162080124606053,0.9390877192982455,0.01746066009438847,0.7850193905817175,0.26042495448194813,15.0,0.4842105263157895,0.8496138796996753,HI-VAE_piecewise_diffusion
0.010994020141966631,0.9418947368421052,0.026558980855589578,0.7888975069252078,0.19820583403095265,9.0,0.4673684210526316,0.8367418239163802,HI-VAE_piecewise_diffusion
0.013211054604329175,0.9329122807017544,0.030051589099472878,0.782803324099723,0.2337152414451938,16.0,0.47789473684210526,0.8382382929967255,HI-VAE_piecewise_diffusion
0.012459427480121132,0.9361403508771929,0.019874503920218663,0.8012631578947369,0.18189933463562039,11.0,0.4568421052631579,0.8390759288209918,HI-VAE_piecewise_diffusion
0.010898926892480315,0.9428771929824562,0.013682541538711275,0.7730526315789474,0.20567820280343588,12.0,0.4568421052631579,0.8478709267593437,HI-VAE_piecewise_diffusion
0.013308530514544283,0.9295438596491228,0.009306487701795174,0.7898060941828253,0.20107448560925348,13.0,0.49894736842105264,0.8280014876570646,HI-VAE_piecewise_diffusion
0.011664220209870997,0.9396491228070176,0.017667104648754445,0.7812963988919668,0.13074578554471356,13.0,0.4442105263157895,0.8344593656106132,HI-VAE_piecewise_diffusion
0.011762035048199625,0.9393684210526314,0.021760235747739033,0.7850193905817174,0.1329511879917013,14.0,0.4652631578947368,0.8359903962532094,HI-VAE_piecewise_diffusion
0.014419121029260799,0.9272982456140351,0.03911552721823436,0.7891191135734072,0.185400340863491,14.0,0.4610526315789474,0.8444737515366086,HI-VAE_piecewise_diffusion
0.011877935569534133,0.9393684210526316,0.03048732470273739,0.7907146814404432,0.17594160469752793,8.0,0.44842105263157894,0.8526628196197461,HI-VAE_piecewise_diffusion
0.01388812485451141,0.9305263157894738,0.03479365452088818,0.7952576177285319,0.17313278661029327,11.0,0.48210526315789476,0.840998688660045,HI-VAE_piecewise_diffusion
0.013256481215126409,0.9358596491228071,0.012194747988928015,0.7922659279778392,0.17375772306327708,15.0,0.4631578947368421,0.8427204041753164,HI-VAE_piecewise_diffusion
0.0123698411554307,0.9357192982456141,0.01815798354655639,0.8115678670360111,0.22694403392063303,12.0,0.4968421052631579,0.8419166533910892,HI-VAE_piecewise_diffusion
0.011263974343041628,0.944140350877193,0.014459996501461661,0.7490083102493075,0.1653150374238224,9.0,0.47157894736842104,0.8272358981903575,HI-VAE_piecewise_diffusion
0.01311810499721567,0.935719298245614,0.027890882703865954,0.7613739612188366,0.1752553670246469,9.0,0.47157894736842104,0.8375927404331706,HI-VAE_piecewise_diffusion
0.011791895837047475,0.9389473684210526,0.01838455565347077,0.7602437673130193,0.1252842948140956,15.0,0.4842105263157895,0.8335728420118959,HI-VAE_piecewise_diffusion
0.01286524168348011,0.9351578947368421,0.027329847837623315,0.7959002770083103,0.2463311615348783,12.0,0.44842105263157894,0.8374946284228643,HI-VAE_piecewise_diffusion
0.013493885763841277,0.9308070175438597,0.019317701884435327,0.78402216066482,0.18205273506408143,15.0,0.4610526315789474,0.8313049480321058,HI-VAE_piecewise_diffusion
0.011967128260476745,0.9385263157894738,0.01021216936212664,0.7924653739612189,0.2293767926160721,13.0,0.47789473684210526,0.8442665965390185,HI-VAE_piecewise_diffusion
0.01224148764911175,0.9354385964912281,0.022859441265421648,0.7752465373961218,0.11207802205738064,9.0,0.4968421052631579,0.8322666805609431,HI-VAE_piecewise_diffusion
0.012002735852693671,0.9388070175438596,0.021288711507892036,0.7737174515235457,0.2203900629733137,12.0,0.47578947368421054,0.8361110199871216,HI-VAE_piecewise_diffusion
0.012224824118326556,0.9358596491228071,0.03271956389937885,0.7575401662049861,0.20055135822258205,15.0,0.47578947368421054,0.8268633022811812,HI-VAE_piecewise_diffusion
0.011993496740175087,0.9369824561403509,0.0315856393900591,0.7674459833795014,0.16522936146068068,13.0,0.4610526315789474,0.8373985346529343,HI-VAE_piecewise_diffusion
0.013329217281556744,0.9260350877192983,0.04199300304991143,0.7480554016620498,0.15054846575794037,10.0,0.4610526315789474,0.8389503435091032,HI-VAE_piecewise_diffusion
0.012635963906472562,0.9336140350877195,0.036621919099936,0.7773739612188366,0.16156872480106452,14.0,0.4884210526315789,0.8374369343603038,HI-VAE_piecewise_diffusion
0.01184921128788233,0.9379649122807018,0.012097641763032093,0.7746038781163435,0.2220068254746142,12.0,0.4673684210526316,0.8487441741264662,HI-VAE_piecewise_diffusion
0.010891041351879124,0.9424561403508772,0.02736510536998622,0.7994681440443212,0.23667962752913646,15.0,0.4652631578947368,0.8374901812159955,HI-VAE_piecewise_diffusion
0.01201050759620166,0.9374035087719297,0.024928416651093077,0.8120110803324101,0.29016380171515566,12.0,0.4589473684210526,0.8320993119986868,HI-VAE_piecewise_diffusion
0.013970415894163908,0.9263157894736841,0.016937230126353217,0.7907368421052632,0.12444221097673562,16.0,0.5031578947368421,0.8390070974695982,HI-VAE_piecewise_diffusion
0.012713709228280027,0.9348771929824563,0.017235670457936104,0.7871911357340721,0.14913276367330586,13.0,0.4863157894736842,0.8307033444444197,HI-VAE_piecewise_diffusion
0.01146927961375982,0.9393684210526314,0.015425894078603205,0.7879002770083102,0.12362735419262148,11.0,0.4610526315789474,0.8276796130413833,HI-VAE_piecewise_diffusion
0.012163403669265684,0.9397894736842105,0.031533437426590136,0.7978504155124654,0.21736127109406264,11.0,0.4378947368421053,0.8370556045544807,HI-VAE_piecewise_diffusion
0.012005836991528705,0.9389473684210526,0.013771520339228361,0.7800554016620499,0.23748718151172654,12.0,0.4863157894736842,0.8290244562741359,HI-VAE_piecewise_diffusion
0.012186734673797668,0.9376842105263158,0.019476450925117576,0.7393019390581718,0.1840765492539015,10.0,0.4694736842105263,0.8279787652568553,HI-VAE_piecewise_diffusion
0.012301576669837833,0.9379649122807018,0.01690954645665567,0.7581606648199447,0.23308936461144442,14.0,0.4673684210526316,0.8339880827315308,HI-VAE_piecewise_diffusion
0.01116329139837275,0.9448421052631579,0.013505469919649484,0.7927091412742383,0.17434786270090602,13.0,0.5073684210526316,0.8241390454325631,HI-VAE_piecewise_diffusion
0.01147787824842795,0.9385263157894738,0.018984924725076173,0.7893185595567866,0.1304017189579974,11.0,0.44842105263157894,0.836427111299718,HI-VAE_piecewise_diffusion
0.011602182330226054,0.9379649122807018,0.012058204652559619,0.7610858725761772,0.11445350861236302,11.0,0.4589473684210526,0.8305426156884802,HI-VAE_piecewise_diffusion
0.012317405393321344,0.9357192982456142,0.027795568219734647,0.7760664819944599,0.15926298814456336,10.0,0.49894736842105264,0.8302939097918426,HI-VAE_piecewise_diffusion
0.012885023212968739,0.9326315789473685,0.021370635041547487,0.7761329639889196,0.12741721600072942,10.0,0.4652631578947368,0.8354997557708581,HI-VAE_piecewise_diffusion
0.012571279626880916,0.9354385964912281,0.02071803245464242,0.7640554016620499,0.13781273364565647,18.0,0.45052631578947366,0.8386534610262111,HI-VAE_piecewise_diffusion
0.011743200153756569,0.9407719298245614,0.026099053256929315,0.7737174515235458,0.1409503497486259,12.0,0.4863157894736842,0.8447085222212862,HI-VAE_piecewise_diffusion
0.013545962390598068,0.9308070175438596,0.040906463395277086,0.7946149584487535,0.24206741470766796,17.0,0.45473684210526316,0.8409202553259081,HI-VAE_piecewise_diffusion
0.011403628376257212,0.9423157894736842,0.010989489780006552,0.7627700831024931,0.189150694361433,13.0,0.4610526315789474,0.8292806307478187,HI-VAE_piecewise_diffusion
0.010467051856597206,0.9438596491228071,0.02932050182402275,0.7796343490304709,0.22497292368462107,18.0,0.49894736842105264,0.8210206603591421,HI-VAE_piecewise_diffusion
0.012588433412909288,0.9316491228070176,0.021016791707950143,0.802814404432133,0.15153729586124443,13.0,0.48210526315789476,0.8364896354247906,HI-VAE_piecewise_diffusion
0.011787878028633066,0.9428771929824561,0.014771643201146083,0.7547922437673129,0.24346621669420368,16.0,0.49894736842105264,0.827494548798918,HI-VAE_piecewise_diffusion
0.012967895374671011,0.9347368421052631,0.025619863424207554,0.7919778393351801,0.21013354785703972,18.0,0.48,0.8513218911888062,HI-VAE_piecewise_diffusion
0.012944201107999622,0.9334736842105262,0.016521747545820722,0.7741828254847645,0.11641423466665576,10.0,0.47368421052631576,0.8345287441276363,HI-VAE_piecewise_diffusion
0.014017808644128165,0.9316491228070176,0.02367294225990304,0.7767091412742382,0.16796683280123156,10.0,0.4863157894736842,0.8308174509500935,HI-VAE_piecewise_diffusion
0.011748026929038032,0.9393684210526315,0.03963789100867025,0.7523545706371191,0.286547061539866,18.0,0.5031578947368421,0.825617495792894,HI-VAE_piecewise_diffusion
0.012013157923635153,0.9390877192982457,0.0391396987563654,0.7907368421052632,0.2666615378810197,19.0,0.5157894736842106,0.8420358208963594,HI-VAE_piecewise_diffusion
0.010356270460972443,0.9463859649122808,0.022572925007735865,0.7657396121883656,0.22343448094127863,14.0,0.511578947368421,0.8412823896395201,HI-VAE_piecewise_diffusion
0.011622498456565834,0.9425964912280701,0.024673297232953185,0.8069806094182826,0.09630236333086524,11.0,0.4842105263157895,0.8393953799161459,HI-VAE_piecewise_diffusion
0.009433035492637817,0.9489122807017545,0.012716751361222097,0.8061606648199445,0.13051802520711198,14.0,0.4652631578947368,0.8151696557339982,HI-VAE_piecewise_diffusion
0.012220258565693838,0.9345964912280702,0.02278061318701738,0.75997783933518,0.1410284525050065,12.0,0.5031578947368421,0.8422561899315216,HI-VAE_piecewise_diffusion
0.012205556119912645,0.9364210526315788,0.013188450048673169,0.7853296398891966,0.22817089500628712,13.0,0.5031578947368421,0.8537027798661811,HI-VAE_piecewise_diffusion
0.012888176957512553,0.9348771929824563,0.0233405975582076,0.7690415512465374,0.2663923807891181,17.0,0.4968421052631579,0.8309775343647856,HI-VAE_piecewise_diffusion
0.012809168016927313,0.9375438596491228,0.01665439281325356,0.7793240997229918,0.13775352808550959,15.0,0.4842105263157895,0.835357015706745,HI-VAE_piecewise_diffusion
0.011881558210671371,0.9397894736842106,0.03684942364137178,0.8042991689750691,0.21772642614771837,14.0,0.45052631578947366,0.8337943200909075,HI-VAE_piecewise_diffusion
0.01205911119449912,0.9389473684210526,0.015567825098909454,0.7588476454293628,0.2064428262623772,14.0,0.5052631578947369,0.8285529840380739,HI-VAE_piecewise_diffusion
0.010962727023991585,0.9442807017543859,0.015134208301923675,0.7725872576177284,0.12997001346285564,14.0,0.4568421052631579,0.8399957437694131,HI-VAE_piecewise_diffusion
0.01269833110729893,0.9351578947368421,0.020108329747448805,0.7792576177285317,0.1424993356561377,11.0,0.4884210526315789,0.8365593277067592,HI-VAE_piecewise_diffusion
