J-S distance,KS test,Survival curves distance,Detection XGB,NSND,K-map score,Identifiability score,NNDR,generator
0.006484597815872207,0.9647679324894514,0.029039424660526437,0.4883960065507685,0.2220401104888291,8.0,0.4778481012658228,0.7962245160730835,HI-VAE_weibull
0.007448681477456672,0.959493670886076,0.024643526549420758,0.5798957545981356,0.22252205276712086,9.0,0.4430379746835443,0.7953874572031063,HI-VAE_weibull
0.006268252991444993,0.9658227848101266,0.029559298184747625,0.5618496472663139,0.15754867874255649,8.0,0.4810126582278481,0.8135913599505944,HI-VAE_weibull
0.006892913051171471,0.9635021097046416,0.02680656286577751,0.5091718631897204,0.20679358452163174,8.0,0.4525316455696203,0.8122711429506193,HI-VAE_weibull
0.00609705176373188,0.9645569620253165,0.022982931549099174,0.5214647896195516,0.3606770780149495,7.0,0.5189873417721519,0.8162703011094544,HI-VAE_weibull
0.005180590055993221,0.9721518987341773,0.017635194325667635,0.529330435878055,0.21824261513434629,4.0,0.47151898734177217,0.801729037878788,HI-VAE_weibull
0.006243412091796025,0.9691983122362869,0.018278056331444394,0.506854686318972,0.1875111762168323,7.0,0.47151898734177217,0.8067781353145127,HI-VAE_weibull
0.006126560349913544,0.9698312236286921,0.011472126720420691,0.5009093915343915,0.20227443664265976,5.0,0.4936708860759494,0.8085364191724933,HI-VAE_weibull
0.005648257216421329,0.9713080168776371,0.01740737038372649,0.5177067586293778,0.09358824339408991,14.0,0.45569620253164556,0.806514756416294,HI-VAE_weibull
0.007406399140049733,0.9605485232067509,0.016656698783781645,0.5141770597127739,0.24516765925398812,9.0,0.46835443037974683,0.8154425396056784,HI-VAE_weibull
0.0055480897216447726,0.9719409282700422,0.014580862502807362,0.5242921705719324,0.13478497088675462,7.0,0.49050632911392406,0.8081718303791728,HI-VAE_weibull
0.005679657560420529,0.969198312236287,0.028964046123184067,0.5541674540186444,0.2568348215576031,8.0,0.47151898734177217,0.8157842333249422,HI-VAE_weibull
0.006797842250072383,0.9656118143459914,0.016547394144934658,0.4984945830183925,0.16503447416771788,9.0,0.5,0.7910773900804456,HI-VAE_weibull
0.005832294469523351,0.9666666666666667,0.03112280893637393,0.5092395754598135,0.16229666725050926,5.0,0.49050632911392406,0.8249655711657213,HI-VAE_weibull
0.005079389403920987,0.9736286919831223,0.024036767526690164,0.5178146258503402,0.2831768036059563,8.0,0.4588607594936709,0.808782581698879,HI-VAE_weibull
0.0075779989887618865,0.9628691983122363,0.02192425577199065,0.5963703073822122,0.1595014309286296,5.0,0.47468354430379744,0.8029117757446876,HI-VAE_weibull
0.005477495675954037,0.9715189873417721,0.01329406445240567,0.4622401738473167,0.20243223112558437,11.0,0.45569620253164556,0.8098993561574982,HI-VAE_weibull
0.0051425730412920185,0.9706751054852322,0.013960349165633943,0.5354615457294029,0.15049548304628838,8.0,0.509493670886076,0.8095065965339302,HI-VAE_weibull
0.004926849136429706,0.9736286919831224,0.014189119562576897,0.5024203199798437,0.23053835336745443,7.0,0.5126582278481012,0.817588444824864,HI-VAE_weibull
0.005781390401402301,0.9710970464135021,0.02143995806585133,0.5103308453010834,0.31233037386471724,8.0,0.4430379746835443,0.8152358605780022,HI-VAE_weibull
0.004779360655930462,0.9755274261603376,0.013649716491977187,0.5309807256235828,0.18098976871838854,7.0,0.4620253164556962,0.8239071092658649,HI-VAE_weibull
0.005986508989688685,0.9681434599156117,0.014564635202499976,0.47021841143864956,0.1259733455106583,2.0,0.5,0.8114558258351221,HI-VAE_weibull
0.005528612670566689,0.969198312236287,0.0202278900816572,0.5039572310405644,0.13480989796033008,7.0,0.47468354430379744,0.8180759847886312,HI-VAE_weibull
0.005541782676451479,0.9708860759493672,0.018870099070959174,0.5938854245401864,0.15533300204098405,10.0,0.46835443037974683,0.8187849708791867,HI-VAE_weibull
0.005653761409206508,0.9727848101265822,0.011084189509563736,0.5063649533887629,0.20293483475601573,6.0,0.4778481012658228,0.8006579929586289,HI-VAE_weibull
0.005098121284431338,0.9738396624472575,0.01586959172429205,0.5304335159989921,0.239084264876327,6.0,0.46835443037974683,0.8112821193448468,HI-VAE_weibull
0.0059461378767813895,0.9677215189873416,0.031255837636192454,0.5195405013857395,0.13657440188244804,10.0,0.4936708860759494,0.8060509736833315,HI-VAE_weibull
0.0067598825666744505,0.9651898734177216,0.011638961438842275,0.5154242252456538,0.1493178006335343,7.0,0.46835443037974683,0.8051722611632852,HI-VAE_weibull
0.00599477625085299,0.9691983122362869,0.011199157321211144,0.5780667359536407,0.19081863894354967,7.0,0.46835443037974683,0.8080541401120241,HI-VAE_weibull
0.007314204042930995,0.9611814345991562,0.022101587764794695,0.5552248677248677,0.11344375303152739,2.0,0.45569620253164556,0.7930921640128111,HI-VAE_weibull
0.0060586840830215705,0.9668776371308018,0.01238506636022261,0.5272069475938523,0.25668637783516024,12.0,0.47151898734177217,0.8008936078997738,HI-VAE_weibull
0.005065772498132412,0.9727848101265821,0.01642942546898317,0.5155769715293526,0.19252163179362627,8.0,0.47468354430379744,0.8186991902752829,HI-VAE_weibull
0.004344741018565109,0.9782700421940927,0.018485187239560854,0.5466482426303856,0.10809018488486721,4.0,0.5031645569620253,0.810633419637606,HI-VAE_weibull
0.005466735072473696,0.9715189873417722,0.019751242588158923,0.5091742252456537,0.29652323912910195,7.0,0.48417721518987344,0.8013009821907946,HI-VAE_weibull
0.004638907160824085,0.9751054852320675,0.013814557672257042,0.4577404572940287,0.20352119887458867,5.0,0.5031645569620253,0.8003312679729082,HI-VAE_weibull
0.004006511381127577,0.9782700421940926,0.01146549468280518,0.4635133219954649,0.12964690161933845,3.0,0.5158227848101266,0.8139847357032068,HI-VAE_weibull
0.006637756579420138,0.9656118143459916,0.02428024902080723,0.521806500377929,0.26054105529846977,7.0,0.5,0.8032915054281379,HI-VAE_weibull
0.004770465185300571,0.9738396624472573,0.03931074672533629,0.5317074514991182,0.20542957426336345,8.0,0.49050632911392406,0.8164286550957791,HI-VAE_weibull
0.006084213172976887,0.968987341772152,0.01590703164328595,0.4888865268329554,0.25949145657957273,10.0,0.47151898734177217,0.8107162800915069,HI-VAE_weibull
0.0065261713299443495,0.9656118143459916,0.015555773442305734,0.5386707923910306,0.2714602798377073,11.0,0.47151898734177217,0.8046901362543998,HI-VAE_weibull
0.006729002349994959,0.9645569620253165,0.01612514433253499,0.5202869110607206,0.1735332255097679,11.0,0.4936708860759494,0.8199939487571519,HI-VAE_weibull
0.005586554135029422,0.9687763713080169,0.02674878760892151,0.5373259952129,0.21272142289198548,7.0,0.4873417721518987,0.8120159779296835,HI-VAE_weibull
0.005655948143368434,0.9700421940928269,0.011169603542731752,0.5287194507432603,0.28889388114411746,9.0,0.46835443037974683,0.8044652026349752,HI-VAE_weibull
0.005762274438456114,0.9664556962025317,0.011797615327478769,0.49330593348450485,0.17174383581901156,10.0,0.5031645569620253,0.8000088614098255,HI-VAE_weibull
0.0067656152236363785,0.9624472573839663,0.01414029030313566,0.5530171327790375,0.2019427196342624,11.0,0.46835443037974683,0.8053489763482072,HI-VAE_weibull
0.005997598055530411,0.9675105485232068,0.02317588945216754,0.5243496472663141,0.25459486092962663,12.0,0.4651898734177215,0.7931609161279692,HI-VAE_weibull
0.005023948759953172,0.9721518987341772,0.014329731897535678,0.4891014739229024,0.22459703044198712,7.0,0.5126582278481012,0.820408107212222,HI-VAE_weibull
0.005406945819844385,0.9723628691983122,0.018942233066911666,0.4888951877047115,0.19068373161527916,10.0,0.4430379746835443,0.793298867175084,HI-VAE_weibull
0.006019219106979512,0.9675105485232067,0.013886452916468289,0.5330183925422021,0.15279591707381576,3.0,0.44936708860759494,0.793814757241127,HI-VAE_weibull
0.004340468520928922,0.9729957805907171,0.017432556265590145,0.5583412068531116,0.17844116541676347,6.0,0.5031645569620253,0.7876056531863235,HI-VAE_weibull
0.0058822571574048505,0.9675105485232068,0.020741816027639116,0.5370685311161502,0.13838005660988012,4.0,0.5063291139240507,0.7976936136929845,HI-VAE_weibull
0.005709478904077165,0.9698312236286919,0.01393094958340933,0.5079199735449735,0.1310073639587026,6.0,0.4873417721518987,0.802353891431371,HI-VAE_weibull
0.006866118962013449,0.9649789029535866,0.014179499354117981,0.5072302532123961,0.1400434787909348,7.0,0.4651898734177215,0.7945462330975229,HI-VAE_weibull
0.005202839838739837,0.9702531645569621,0.015016972715930567,0.5230898841017889,0.15444768124274905,5.0,0.4810126582278481,0.7988883572132667,HI-VAE_weibull
0.00578330047107417,0.970042194092827,0.014344681394918962,0.5332884542705971,0.12964961474536843,8.0,0.5284810126582279,0.7992275508165557,HI-VAE_weibull
0.004966682287965892,0.972573839662447,0.01625547934360921,0.5041666666666667,0.15450416499225259,3.0,0.4525316455696203,0.8116145319060657,HI-VAE_weibull
0.00555076090047571,0.9698312236286919,0.012617035432666599,0.5352536848072562,0.1963382822042726,8.0,0.48417721518987344,0.8004033620654267,HI-VAE_weibull
0.005233366764846511,0.9740506329113925,0.01385283206634062,0.5105127236079616,0.17952630761043403,8.0,0.4651898734177215,0.7964378804928259,HI-VAE_weibull
0.006300637025908212,0.9683544303797468,0.02492079220971589,0.5263455845301083,0.17892517281083425,10.0,0.49683544303797467,0.8031288317153471,HI-VAE_weibull
0.00681699689806128,0.9656118143459916,0.019631180245006447,0.5353954081632653,0.20217844330193582,6.0,0.4620253164556962,0.8153086274860036,HI-VAE_weibull
0.004719338402750458,0.9748945147679324,0.017658461918138614,0.5020353048626858,0.24264826917196594,6.0,0.4588607594936709,0.7998825519226828,HI-VAE_weibull
0.0062082808460177975,0.9662447257383967,0.033254066288771034,0.5119354686318971,0.2298819626758801,12.0,0.49683544303797467,0.8126348666436445,HI-VAE_weibull
0.0068836544420463625,0.9677215189873418,0.013601659041236227,0.5130409108087679,0.2631994506508496,7.0,0.5,0.7955016738326843,HI-VAE_weibull
0.006356307096740187,0.9668776371308018,0.026545579405984815,0.5134227765180146,0.2178461629308261,9.0,0.5189873417721519,0.8212077936770467,HI-VAE_weibull
0.005361877765964127,0.9702531645569621,0.012321117625259025,0.48560326908541196,0.12576839990499752,5.0,0.5126582278481012,0.7954004703612158,HI-VAE_weibull
0.006797455091909721,0.9649789029535867,0.02185159772112783,0.4688995968757873,0.3090669087409825,12.0,0.5158227848101266,0.8124031397841116,HI-VAE_weibull
0.005875131204958087,0.970042194092827,0.018957653617117712,0.5418690161249685,0.21139188207187487,9.0,0.47151898734177217,0.794673492539505,HI-VAE_weibull
0.006032843888946631,0.9668776371308017,0.015837894573246965,0.5252070735701688,0.1308429665340317,4.0,0.4778481012658228,0.8073414500239793,HI-VAE_weibull
0.00614242264838338,0.9670886075949369,0.014771882719562078,0.539823475686571,0.1752225781389067,8.0,0.48417721518987344,0.7915257528284684,HI-VAE_weibull
0.0068235273671934295,0.9643459915611814,0.022168652892712474,0.539424288233812,0.19338781866508292,7.0,0.4588607594936709,0.7993242193810092,HI-VAE_weibull
0.008139133364967445,0.9586497890295358,0.016299720357129652,0.4843348450491307,0.13770501868550836,7.0,0.49050632911392406,0.8117012494431339,HI-VAE_weibull
0.006693135461718414,0.9664556962025317,0.018616643255687713,0.5277510078105316,0.11971098213797343,2.0,0.5316455696202531,0.8044649325958917,HI-VAE_weibull
0.005810206826259943,0.9706751054852322,0.022517174047851793,0.5029761904761905,0.20833457623704435,5.0,0.49683544303797467,0.7978883150726783,HI-VAE_weibull
0.006591434098983867,0.9632911392405064,0.029042511595675717,0.5475765306122449,0.26378025260066534,13.0,0.4873417721518987,0.8194564628794901,HI-VAE_weibull
0.005929106862731328,0.9677215189873418,0.013615127475382943,0.5427303791887125,0.1829549208320238,7.0,0.47468354430379744,0.7932893297559596,HI-VAE_weibull
0.005122940812633489,0.9691983122362869,0.01308916233211857,0.5137455908289241,0.16421289182661097,9.0,0.47468354430379744,0.793964254078771,HI-VAE_weibull
0.005462763623423293,0.9670886075949368,0.02820081602839256,0.5265526581002772,0.18715776757184002,4.0,0.4873417721518987,0.8029496487472165,HI-VAE_weibull
0.005778489824058772,0.9658227848101266,0.021726234456281752,0.5398344986142605,0.22092262496876502,11.0,0.44936708860759494,0.8131445094828604,HI-VAE_weibull
0.00391569045997201,0.9761603375527427,0.01387611677258778,0.5281903502141597,0.16622933776631527,5.0,0.4651898734177215,0.8131281834089497,HI-VAE_weibull
0.005109609488137294,0.9721518987341772,0.019115123776495695,0.5108528596623835,0.19209480749065258,9.0,0.5063291139240507,0.7990099535901218,HI-VAE_weibull
0.0058534444114288564,0.9702531645569622,0.018883155524350107,0.503597411186697,0.12945869781993713,6.0,0.5126582278481012,0.792926842407713,HI-VAE_weibull
0.004107248521877689,0.9765822784810125,0.01414229828440674,0.5240307697152935,0.19515288354404803,5.0,0.49050632911392406,0.7878760463015735,HI-VAE_weibull
0.004034647351149257,0.9774261603375527,0.018490113281210786,0.5110788296800202,0.12671216762031345,7.0,0.5063291139240507,0.827519141937091,HI-VAE_weibull
0.006758566052979372,0.9651898734177214,0.02579030968858378,0.5872433232552281,0.20366908841225834,4.0,0.4525316455696203,0.8196040256219997,HI-VAE_weibull
0.006761051472016481,0.9632911392405064,0.028988202632875455,0.47622826908541205,0.11523715988517486,5.0,0.5,0.8192956237790262,HI-VAE_weibull
0.005536487205371346,0.9679324894514767,0.027125342042354804,0.5356701940035273,0.13386290636894518,3.0,0.4651898734177215,0.7958610452092714,HI-VAE_weibull
0.00725961078166659,0.9632911392405064,0.015941977635480244,0.4867858717561099,0.16199993276831695,7.0,0.5158227848101266,0.8035863502444133,HI-VAE_weibull
0.006248440391112022,0.970253164556962,0.01700106734878608,0.5806205120937263,0.1566772877565406,6.0,0.5,0.80805031896586,HI-VAE_weibull
0.005958378454400742,0.9694092827004219,0.015528444046727319,0.5231922398589066,0.10428116208175525,4.0,0.5221518987341772,0.8185605255992889,HI-VAE_weibull
0.006415695523848115,0.9666666666666668,0.020332565731252836,0.5629771352985639,0.1557410930441179,6.0,0.5031645569620253,0.801683017468233,HI-VAE_weibull
0.007454449336555993,0.959493670886076,0.020583763538207716,0.5180964978584026,0.2315156202257935,6.0,0.47468354430379744,0.8113611549082941,HI-VAE_weibull
0.007693040695847015,0.9628691983122363,0.01695718275014151,0.5514148715041574,0.13092429513710427,4.0,0.4430379746835443,0.8082870245783172,HI-VAE_weibull
0.007091340615614888,0.9616033755274263,0.01946142702795913,0.5191121819098009,0.18307980875567945,6.0,0.48417721518987344,0.8079418826172972,HI-VAE_weibull
0.007696363232854972,0.961814345991561,0.026042840983182467,0.5572963907785337,0.1645840287214501,9.0,0.45569620253164556,0.8072029766329126,HI-VAE_weibull
0.00661680052906813,0.9679324894514767,0.01902629653676675,0.5428902116402117,0.1080609986868783,5.0,0.47468354430379744,0.8033115461980647,HI-VAE_weibull
0.0065431535029928595,0.9666666666666667,0.02067891183297735,0.5831624779541447,0.19271981692062068,10.0,0.4588607594936709,0.8158978673237548,HI-VAE_weibull
0.005565644785682254,0.9708860759493673,0.01797444993853167,0.5775896006550769,0.1434762369828252,4.0,0.4620253164556962,0.8065998226589356,HI-VAE_weibull
0.005667041634178484,0.9677215189873418,0.025838228118897712,0.5001259763164525,0.17863517844528823,9.0,0.4778481012658228,0.7950214592667463,HI-VAE_weibull
0.007195991891051764,0.9630801687763714,0.02403581966002986,0.5219868039808515,0.2044222025587482,11.0,0.5189873417721519,0.8021700467307442,HI-VAE_weibull
0.0046656172842325355,0.9732067510548524,0.028307783641616853,0.5314854182413706,0.26667064765139425,8.0,0.4651898734177215,0.8074850053615515,HI-VAE_weibull
0.006644568858444501,0.9626582278481013,0.019292368700766557,0.5231048437893675,0.1291476010207154,7.0,0.4873417721518987,0.8192183178705682,HI-VAE_weibull
0.006103037139570996,0.969620253164557,0.019135106109688712,0.47134983623078863,0.15093864829093984,9.0,0.45569620253164556,0.8135330744046525,HI-VAE_weibull
0.005385008259145131,0.9721518987341772,0.012350738119820836,0.5263715671453767,0.16003338592017416,9.0,0.4651898734177215,0.8037989115528157,HI-VAE_weibull
0.005477077828678314,0.9691983122362869,0.01916458514426347,0.5432146006550769,0.1345316004107036,7.0,0.43670886075949367,0.8111093801269563,HI-VAE_weibull
0.006166367328983046,0.9654008438818568,0.025643454599030772,0.5248685122197027,0.15548583591464277,5.0,0.509493670886076,0.8109282302949379,HI-VAE_weibull
0.005183573603358088,0.9734177215189874,0.015949127185882164,0.5180571302595112,0.2791478199031818,6.0,0.4778481012658228,0.8170338498057639,HI-VAE_weibull
0.007598920271681576,0.9590717299578059,0.03127543066427829,0.49374055177626613,0.15027841766676106,9.0,0.46835443037974683,0.802094545151532,HI-VAE_weibull
0.004926200951071761,0.9751054852320676,0.013606211474629473,0.49845364071554543,0.1655042701432516,9.0,0.49683544303797467,0.8174881216219898,HI-VAE_weibull
0.005729956182399776,0.9685654008438819,0.025796857542723328,0.5779651675485009,0.14840791813600201,6.0,0.45569620253164556,0.8150396920187936,HI-VAE_weibull
0.005226581309256638,0.9710970464135023,0.02394739007160479,0.5586892164273117,0.23358569688563552,9.0,0.47468354430379744,0.8173094344915398,HI-VAE_weibull
0.004577896061359025,0.9746835443037974,0.012066763129402245,0.5187381897203326,0.13600600258579476,4.0,0.49683544303797467,0.7953374029115102,HI-VAE_weibull
0.006540674792947656,0.9643459915611816,0.02359783703793125,0.512018927941547,0.21943100629496132,6.0,0.44936708860759494,0.8011167000989771,HI-VAE_weibull
0.005861925021661807,0.9698312236286919,0.019751402732171987,0.4937263794406651,0.22501493833159436,7.0,0.47151898734177217,0.7999064987412151,HI-VAE_weibull
0.005544836775885894,0.9710970464135021,0.019964181533927185,0.5187925170068027,0.1760379791646925,9.0,0.48417721518987344,0.8102510138988381,HI-VAE_weibull
0.00533632089551376,0.970253164556962,0.013717831532639696,0.5484623015873016,0.22192681225476021,9.0,0.48417721518987344,0.7941041946664854,HI-VAE_weibull
0.006466878334031245,0.9666666666666668,0.015143035015634194,0.5200916477702192,0.17965993629312488,7.0,0.49050632911392406,0.8015892666948795,HI-VAE_weibull
0.006174638927462418,0.9679324894514768,0.01306119404448616,0.4638644809775762,0.22244335804199672,7.0,0.4810126582278481,0.8052737029862165,HI-VAE_weibull
0.005984290600408241,0.9689873417721518,0.015490492700543536,0.5320570357772738,0.12733384160030217,8.0,0.4810126582278481,0.8152968537823658,HI-VAE_weibull
0.006435029387547139,0.9660337552742618,0.016763472399493738,0.5704113126732174,0.1705783108443441,4.0,0.4272151898734177,0.7992992221300871,HI-VAE_weibull
0.006977680280097478,0.9632911392405065,0.016482694692381825,0.49126039304610736,0.23285650951714196,8.0,0.5,0.8063236003807813,HI-VAE_weibull
0.005674991261534823,0.9691983122362869,0.014778091200832741,0.5331947593852355,0.1823699501269435,8.0,0.4873417721518987,0.8137225602953021,HI-VAE_weibull
0.006213443615510631,0.9645569620253165,0.03169788678294521,0.5442476064499874,0.14715366179936,4.0,0.439873417721519,0.7894074750520604,HI-VAE_weibull
0.006330088463298053,0.968987341772152,0.0215454509063556,0.48481985386747295,0.21665002195092706,11.0,0.5379746835443038,0.8033219756389682,HI-VAE_weibull
0.006174562351490816,0.9651898734177216,0.016316338619334937,0.4817326467624087,0.16124209464057793,8.0,0.49683544303797467,0.810581126782697,HI-VAE_weibull
0.007188912145832126,0.963080168776371,0.016587616092426132,0.5299414210128497,0.1884789094268791,6.0,0.47468354430379744,0.8070399150247699,HI-VAE_weibull
0.005621288464977655,0.9681434599156119,0.011668237522242155,0.5092545351473923,0.13672147588654812,6.0,0.5126582278481012,0.795901784641027,HI-VAE_weibull
0.006215075766806711,0.9677215189873417,0.027579501527389087,0.4949696082136558,0.29002537127947875,13.0,0.48417721518987344,0.8036517443069511,HI-VAE_weibull
0.0061436161629042025,0.9654008438818564,0.01891067833385859,0.5088931405895691,0.20490479663954955,7.0,0.49683544303797467,0.8060728743814951,HI-VAE_weibull
0.0068313048746411024,0.9626582278481011,0.03283212299425467,0.5023620559334845,0.21053035366212386,7.0,0.43670886075949367,0.8149799489154083,HI-VAE_weibull
0.0064284077535861055,0.9664556962025317,0.016662292261593954,0.5095647518266566,0.1513197508139488,8.0,0.47151898734177217,0.8048323371292303,HI-VAE_weibull
0.005583887700951981,0.970886075949367,0.011557277277658061,0.5484087616528093,0.1422551445895814,8.0,0.43670886075949367,0.8015453549433131,HI-VAE_weibull
0.004469450581699235,0.9759493670886078,0.015316140479894375,0.4962301587301587,0.1506781354698948,5.0,0.47151898734177217,0.8081839115667383,HI-VAE_weibull
0.006018453913655521,0.969620253164557,0.017039260183482834,0.521278974552784,0.23591436425172616,9.0,0.4525316455696203,0.8141042821659965,HI-VAE_weibull
0.005046509068794052,0.9715189873417722,0.019794523446533256,0.559604119425548,0.2139205494861269,9.0,0.46835443037974683,0.7983104125731036,HI-VAE_weibull
0.00565348224159984,0.9696202531645569,0.01661931834732855,0.499229969765684,0.19252767493570497,8.0,0.4810126582278481,0.7949006128550626,HI-VAE_weibull
0.0068774524031434605,0.9654008438818565,0.013214970003333439,0.5294564121945075,0.1484289209696587,4.0,0.5063291139240507,0.8070110570871317,HI-VAE_weibull
0.006562449965877255,0.9654008438818564,0.016396405510002814,0.5282997921390779,0.2748753801413714,6.0,0.509493670886076,0.7965637880545717,HI-VAE_weibull
0.006139146684988858,0.9658227848101265,0.011532850444602737,0.5985874905517762,0.18378774694706249,9.0,0.48417721518987344,0.8152716135146437,HI-VAE_weibull
0.005998415111457377,0.9656118143459916,0.023016185733168704,0.5185232426303855,0.287629235399658,7.0,0.4651898734177215,0.8032190069554267,HI-VAE_weibull
0.0059194226687852075,0.970253164556962,0.015703114962415853,0.5023455215419502,0.26742472034822845,8.0,0.4936708860759494,0.8161953043457453,HI-VAE_weibull
0.005214389055305446,0.9717299578059073,0.02443808943867863,0.5383534895439658,0.0939268012705693,3.0,0.4778481012658228,0.7989827160505503,HI-VAE_weibull
0.0068268186707523,0.9643459915611814,0.02143065246389388,0.583458522297808,0.2580131333456544,8.0,0.4430379746835443,0.8043194850807951,HI-VAE_weibull
0.005962515274032192,0.968987341772152,0.015525614213797136,0.5032958553791886,0.13701446719878624,7.0,0.4810126582278481,0.8086176376789349,HI-VAE_weibull
0.005436861540642645,0.9708860759493672,0.017437600314338813,0.5414076278659612,0.17188646101365154,7.0,0.49683544303797467,0.8073983418697434,HI-VAE_weibull
0.006161288049275653,0.9677215189873417,0.02355519623591154,0.5424366969009826,0.28391919941354227,8.0,0.49683544303797467,0.8056582926391435,HI-VAE_weibull
0.005221081395166258,0.9725738396624474,0.024125612886109975,0.4905265810027714,0.1817910149612985,10.0,0.4936708860759494,0.8021837234513728,HI-VAE_weibull
0.0055748152651328865,0.968776371308017,0.01792885492455933,0.5605646888384984,0.19690459354951553,9.0,0.4525316455696203,0.8090227380225282,HI-VAE_weibull
0.006285840935212869,0.9639240506329113,0.0183571424923575,0.5067531179138323,0.1570406426618202,6.0,0.4810126582278481,0.8101656003966211,HI-VAE_weibull
0.006949241821626898,0.9647679324894515,0.028804499147648818,0.5221466364323508,0.12978893805168437,7.0,0.49050632911392406,0.800303539016655,HI-VAE_weibull
0.007079168309082603,0.9658227848101266,0.015168697676748224,0.5538115709246662,0.20915570132388484,7.0,0.44936708860759494,0.8212825560510646,HI-VAE_weibull
0.005534974117237462,0.9717299578059072,0.011071222252676101,0.5045571932476693,0.15822487776487684,7.0,0.47151898734177217,0.8205385134949746,HI-VAE_weibull
0.006207479327739376,0.9672995780590717,0.021649918397898326,0.5384282879818594,0.1412403160631357,4.0,0.4936708860759494,0.796605810820822,HI-VAE_weibull
0.006462438961462594,0.9637130801687764,0.01570032619817799,0.5364158163265306,0.14621064584786037,7.0,0.48417721518987344,0.8095568049728243,HI-VAE_weibull
0.005549681022710611,0.970464135021097,0.010504880765476218,0.490524218946838,0.1719739439235098,7.0,0.4810126582278481,0.812030339193386,HI-VAE_weibull
0.006113958789232688,0.9647679324894515,0.02425813258562486,0.5371952947845806,0.11956738525369323,5.0,0.4462025316455696,0.8067520633184337,HI-VAE_weibull
0.005132060203401504,0.9691983122362869,0.021471303231609527,0.5420918367346939,0.23193145582821648,7.0,0.4430379746835443,0.812380285650074,HI-VAE_weibull
0.005454304800457588,0.9679324894514767,0.03058291121868039,0.5445586104812297,0.1770421961257141,10.0,0.5063291139240507,0.8062505592166067,HI-VAE_weibull
0.005281587493490696,0.9719409282700422,0.01637508994595418,0.5149218946837995,0.11411567018809458,3.0,0.4588607594936709,0.8170997899586477,HI-VAE_weibull
0.005752372285457328,0.9664556962025317,0.021422970355131535,0.545183767951625,0.25750702839433337,5.0,0.4778481012658228,0.8095723213471139,HI-VAE_weibull
0.00657781705046358,0.9651898734177216,0.016593377748939646,0.5357607394809776,0.18570702182433627,6.0,0.47468354430379744,0.824137542091989,HI-VAE_weibull
0.0069121731360177385,0.9630801687763714,0.02482260124305001,0.5220348324514991,0.2820892911278949,11.0,0.5316455696202531,0.798169587531337,HI-VAE_weibull
0.00693235839516198,0.9637130801687764,0.016108404182712192,0.509778124212648,0.17235607539493147,2.0,0.49050632911392406,0.807178420035121,HI-VAE_weibull
0.006090875126670638,0.9649789029535863,0.022122496074378956,0.5071145124716553,0.1446367746046161,7.0,0.4588607594936709,0.7950939097157944,HI-VAE_weibull
0.006013118646374755,0.9696202531645569,0.01995358867482072,0.4792005228017132,0.14086776518866947,9.0,0.4810126582278481,0.8050284066999166,HI-VAE_weibull
0.0049776756563319514,0.9708860759493672,0.021591279880471284,0.47209309649785836,0.1384503228016669,6.0,0.5031645569620253,0.8065416112665068,HI-VAE_weibull
0.005641351683075028,0.9708860759493673,0.016463240547393013,0.5196247480473671,0.21061981364647966,4.0,0.45569620253164556,0.8079043806845905,HI-VAE_weibull
0.006027676904879574,0.9668776371308018,0.021091086581796654,0.47371189216427306,0.16431166369158562,10.0,0.4778481012658228,0.8225285035333053,HI-VAE_weibull
0.006730154647948959,0.9632911392405064,0.031432407472257,0.5567216238347191,0.26951830648558084,10.0,0.5,0.8166744212045337,HI-VAE_weibull
0.006166635766910155,0.968565400843882,0.016590497124472473,0.5181295666414714,0.1287981763262996,7.0,0.5411392405063291,0.7998287460847501,HI-VAE_weibull
0.005839396924774874,0.9675105485232067,0.024896474481162514,0.5113953451751071,0.17668517797203775,8.0,0.49050632911392406,0.8145728621162688,HI-VAE_weibull
0.007318451137717981,0.9620253164556962,0.038898989388939265,0.5667209939531368,0.24477357312285813,9.0,0.439873417721519,0.8032696493538145,HI-VAE_weibull
0.006667640839577887,0.9620253164556962,0.030583544372688756,0.537096088435374,0.1536748308502137,8.0,0.5031645569620253,0.8099874926646702,HI-VAE_weibull
0.005933297224319337,0.9681434599156117,0.01956890706524051,0.5400628306878307,0.1820169596954328,3.0,0.47468354430379744,0.8059913824233037,HI-VAE_weibull
0.005009150153188497,0.9721518987341772,0.02079226241042767,0.5325829868984631,0.18281882206690267,6.0,0.49683544303797467,0.8080895206031793,HI-VAE_weibull
0.005920960590276744,0.9698312236286919,0.02048559783116889,0.5338466868228773,0.2543503106306984,12.0,0.47151898734177217,0.813636412431316,HI-VAE_weibull
0.005594924164956367,0.9700421940928271,0.017220630804986488,0.5415761211892164,0.18574015084350662,6.0,0.4651898734177215,0.7976567470236376,HI-VAE_weibull
0.005788262926177957,0.9672995780590717,0.02499785351705072,0.5134802532123961,0.15453332707887726,6.0,0.5284810126582279,0.8154419887975333,HI-VAE_weibull
0.007367944523489798,0.9649789029535865,0.017254919835628133,0.532042863441673,0.1726375649837156,5.0,0.4620253164556962,0.7970255224346762,HI-VAE_weibull
0.006460170837764188,0.9654008438818565,0.023501908794533965,0.5291280864197531,0.18802828875136557,5.0,0.5063291139240507,0.809503186010574,HI-VAE_weibull
0.006805046143423406,0.9643459915611813,0.01625578680196919,0.533266408415218,0.1615815361038388,4.0,0.4936708860759494,0.8089223011790264,HI-VAE_weibull
0.006577465539493358,0.968565400843882,0.020007971019953694,0.5037139392794154,0.10705669420381035,8.0,0.569620253164557,0.8136012821990413,HI-VAE_weibull
0.0062174073795935045,0.9681434599156119,0.015250950119010682,0.5580805933484505,0.19314972918649873,3.0,0.4620253164556962,0.8159015453544053,HI-VAE_weibull
0.006829080177492299,0.9649789029535866,0.019517419903198673,0.5520809712773997,0.22975163604623983,6.0,0.4588607594936709,0.8030991862602006,HI-VAE_weibull
0.00670123436355756,0.9664556962025318,0.016892135381137142,0.4793233497102545,0.10893502801478509,7.0,0.5221518987341772,0.8035584786757497,HI-VAE_weibull
0.00571149828140646,0.9683544303797466,0.02079909982132528,0.49572310405643744,0.2217160672928598,10.0,0.5,0.8041225117025627,HI-VAE_weibull
0.005643539549391803,0.9685654008438819,0.011987755636362186,0.5297532438901487,0.13737686485988718,5.0,0.48417721518987344,0.8053771238982365,HI-VAE_weibull
0.005210862509781395,0.9708860759493674,0.019392271235472904,0.49878984001007803,0.1374525902413706,6.0,0.48417721518987344,0.8075127965182273,HI-VAE_weibull
0.0060819155480855164,0.9691983122362868,0.015893351952261433,0.4644093285462333,0.17712768750049224,4.0,0.46835443037974683,0.8201073754172409,HI-VAE_weibull
0.0048682642353904135,0.972362869198312,0.024289547511261136,0.5040052595112119,0.15498959009609722,2.0,0.5063291139240507,0.8066323007972368,HI-VAE_weibull
0.0072468499837006345,0.9611814345991563,0.013146275230965624,0.5306886180398086,0.15434604209666952,5.0,0.43354430379746833,0.8174797670012377,HI-VAE_weibull
0.005880102484045493,0.9679324894514767,0.022785623753058343,0.5157281431090954,0.15588836955228505,7.0,0.4873417721518987,0.8111806719086103,HI-VAE_weibull
0.0059471081050736585,0.9681434599156119,0.010365031162279863,0.5376889644746787,0.2139171151016801,5.0,0.4873417721518987,0.8077709318846733,HI-VAE_weibull
0.006823446205236759,0.9626582278481012,0.025892237476326758,0.5037241748551272,0.12165333761492472,6.0,0.48417721518987344,0.809244738590563,HI-VAE_weibull
0.005679755559014492,0.9691983122362869,0.024740808810591815,0.5063539304610732,0.14264651523922836,4.0,0.46835443037974683,0.8065126435495625,HI-VAE_weibull
0.005647924387873516,0.9666666666666667,0.025408975331463968,0.5037627551020408,0.22284125327715504,6.0,0.5031645569620253,0.8090434287716264,HI-VAE_weibull
0.005723859050158601,0.9691983122362869,0.03467526012624698,0.5415509259259259,0.2419187044638385,13.0,0.4936708860759494,0.7983517356003359,HI-VAE_weibull
0.005656156175888568,0.9677215189873417,0.018651995209047218,0.5456624779541446,0.10854139661867193,4.0,0.49683544303797467,0.8064680107272033,HI-VAE_weibull
0.005644694486425735,0.9721518987341773,0.013938184149412164,0.5417532753842279,0.15489660156253726,6.0,0.4651898734177215,0.7973520134845866,HI-VAE_weibull
0.005467294752047329,0.9691983122362869,0.018142241243201955,0.50836718946838,0.20061436036216704,11.0,0.5063291139240507,0.7999133618540777,HI-VAE_weibull
0.005622430139620874,0.9679324894514768,0.013935846077382434,0.499697656840514,0.21726704671457645,9.0,0.4525316455696203,0.8055235770015493,HI-VAE_weibull
0.0053442712914562015,0.9696202531645569,0.011759174003200331,0.5791769022423784,0.18527225158087177,6.0,0.5031645569620253,0.8212023398389932,HI-VAE_piecewise
0.005970142692013149,0.9687763713080169,0.01694955141054053,0.5562531494079114,0.12288942663340308,9.0,0.4525316455696203,0.8127051954555243,HI-VAE_piecewise
0.0038386566163595916,0.9793248945147679,0.010714401447155457,0.5341230473670949,0.1773328761582895,8.0,0.5126582278481012,0.7890872454982242,HI-VAE_piecewise
0.0053586649916618915,0.9710970464135021,0.018466611471151695,0.524422871000252,0.2608058608036743,8.0,0.5063291139240507,0.8003824224198149,HI-VAE_piecewise
0.006647089450382235,0.9662447257383967,0.013151191769898984,0.5439869929453263,0.22267972937055688,10.0,0.4525316455696203,0.8049221727787687,HI-VAE_piecewise
0.0039018763560134686,0.9763713080168777,0.01601302312244637,0.5027187263794407,0.23857554517813823,8.0,0.4651898734177215,0.8157046502709521,HI-VAE_piecewise
0.004813582789440801,0.9732067510548524,0.013315031156602512,0.4890243134290754,0.14209528728347917,8.0,0.4525316455696203,0.8140873360973347,HI-VAE_piecewise
0.006534382785381747,0.9635021097046415,0.015111090317648119,0.5327924225245653,0.20698540186895012,9.0,0.5253164556962026,0.8075059921374934,HI-VAE_piecewise
0.005552165509024573,0.9687763713080167,0.02149197573530171,0.5194712144116905,0.12016893523480923,7.0,0.4525316455696203,0.8191670361441471,HI-VAE_piecewise
0.005660470150911469,0.9672995780590716,0.016328024388986707,0.5265542328042327,0.19302785074482426,11.0,0.4936708860759494,0.8051324663856736,HI-VAE_piecewise
0.004593537337916251,0.9713080168776371,0.01721745318116655,0.5175713340891912,0.25814456660371393,10.0,0.509493670886076,0.8034268598586634,HI-VAE_piecewise
0.005468647361517521,0.970253164556962,0.027346291823612718,0.5029108402620308,0.16724098550429145,9.0,0.5126582278481012,0.8077786257452669,HI-VAE_piecewise
0.005214246294936179,0.9715189873417723,0.016702311479119297,0.5194342088687326,0.2255242431075737,8.0,0.4810126582278481,0.8049954174866611,HI-VAE_piecewise
0.004525619512549555,0.9753164556962024,0.016066613686273296,0.5136652809271857,0.14054578344949037,7.0,0.49683544303797467,0.8239875504415051,HI-VAE_piecewise
0.005898904104012274,0.968776371308017,0.01526286734503102,0.5529895754598135,0.24158947995352206,9.0,0.509493670886076,0.8111897210530318,HI-VAE_piecewise
0.005041739733980213,0.9710970464135021,0.022650792946866494,0.5489591206853112,0.13662729023040118,8.0,0.5031645569620253,0.8134682487584008,HI-VAE_piecewise
0.005178754374830365,0.9719409282700421,0.018464027807826314,0.5407667233560092,0.2957105821539819,6.0,0.47468354430379744,0.8109665394163939,HI-VAE_piecewise
0.005169704254829688,0.9727848101265822,0.01152761113293457,0.5649321302595112,0.16131249893881114,10.0,0.5189873417721519,0.8192810604320594,HI-VAE_piecewise
0.005694313194794629,0.9706751054852322,0.01404877912349843,0.5273061539430587,0.16599069054807256,7.0,0.4936708860759494,0.8024725147245144,HI-VAE_piecewise
0.0061499818469909475,0.9700421940928269,0.009497845496885428,0.5144266502897454,0.23062387566825335,9.0,0.5126582278481012,0.7985971209614895,HI-VAE_piecewise
0.005468512419363571,0.9719409282700421,0.022549750950965886,0.541170634920635,0.22183807454460222,6.0,0.46835443037974683,0.8117442490916322,HI-VAE_piecewise
0.005723054955294566,0.970464135021097,0.016694920322819974,0.5115362811791384,0.22432780522425264,9.0,0.4778481012658228,0.7932759610457957,HI-VAE_piecewise
0.004297412384968099,0.9767932489451476,0.013560371622067495,0.4908619929453263,0.17444238784623764,8.0,0.5031645569620253,0.8059225822961117,HI-VAE_piecewise
0.005144420384949506,0.970675105485232,0.015051409182083834,0.4776108591584782,0.17981019557765018,8.0,0.5189873417721519,0.7914778354978687,HI-VAE_piecewise
0.0042694170924912475,0.9753164556962024,0.021298962729302724,0.5231174414210129,0.20653903761205997,9.0,0.5,0.8109529870931257,HI-VAE_piecewise
0.004790208564503799,0.9729957805907176,0.01744786626465561,0.5416068279163518,0.23098866670222123,9.0,0.509493670886076,0.798504331900067,HI-VAE_piecewise
0.004635026207117443,0.9729957805907172,0.019500020453560002,0.47978395061728396,0.26077220985892247,11.0,0.48417721518987344,0.810669350161167,HI-VAE_piecewise
0.006037056654327977,0.968987341772152,0.014057786235591613,0.5162029163517259,0.29845475872297095,12.0,0.5,0.8151476330997124,HI-VAE_piecewise
0.0049848297966954705,0.9723628691983124,0.014414634808328266,0.5404195011337868,0.25582955667236384,10.0,0.48417721518987344,0.7939449238937392,HI-VAE_piecewise
0.004866253797517484,0.9742616033755275,0.023505603922321087,0.48449782690854126,0.12484895102858964,7.0,0.4588607594936709,0.804284755234468,HI-VAE_piecewise
0.004749441657530566,0.970042194092827,0.012211274024067811,0.4811909486016629,0.15611615351755545,10.0,0.4936708860759494,0.8083433275768589,HI-VAE_piecewise
0.00515568317952056,0.9715189873417721,0.01618625724886731,0.5368213025951121,0.24665147902311454,7.0,0.48417721518987344,0.7992570010339549,HI-VAE_piecewise
0.004727490291235553,0.970675105485232,0.032422595358332605,0.4981827916351726,0.216294337911119,6.0,0.4810126582278481,0.8118540172502563,HI-VAE_piecewise
0.005043634465109822,0.9710970464135021,0.013570405767958708,0.5263384983623078,0.19286661816232378,9.0,0.49683544303797467,0.8065826472128818,HI-VAE_piecewise
0.005998675285966385,0.9662447257383966,0.019658746639972965,0.5399793713781809,0.17525003165939038,11.0,0.5158227848101266,0.8154475770708246,HI-VAE_piecewise
0.005445768643344315,0.9715189873417721,0.01992548677987304,0.5099355946082136,0.2031048954957604,9.0,0.5,0.8103085039493475,HI-VAE_piecewise
0.005594917831623536,0.9710970464135024,0.009123872446720823,0.48810704837490543,0.15735736959073898,9.0,0.4873417721518987,0.8104764786510517,HI-VAE_piecewise
0.005538022671989104,0.9715189873417721,0.022649386576093503,0.5009558453010834,0.18802381142066782,9.0,0.47468354430379744,0.8004898568785541,HI-VAE_piecewise
0.006041924950925404,0.968143459915612,0.020526190723654365,0.5012306311413454,0.20677226516663386,9.0,0.5,0.8105832729673341,HI-VAE_piecewise
0.004737889290901318,0.9732067510548524,0.01805491537044339,0.5261794532627866,0.21861745917377512,7.0,0.4778481012658228,0.8081360853853484,HI-VAE_piecewise
0.005023791367719843,0.9736286919831225,0.020397612247138208,0.5138810153691107,0.2692010774981504,8.0,0.47151898734177217,0.8169196538108052,HI-VAE_piecewise
0.006526759713656685,0.9641350210970463,0.010957770172362826,0.5130802784076594,0.2220904250190775,8.0,0.5,0.8141031785005405,HI-VAE_piecewise
0.005801316377830442,0.9691983122362869,0.011640748050240506,0.5003322625346434,0.1952203706276865,9.0,0.5063291139240507,0.8069811505886817,HI-VAE_piecewise
0.006010674360644101,0.970464135021097,0.012806527513033305,0.5501826656588562,0.16934779631539829,13.0,0.509493670886076,0.8040619241063146,HI-VAE_piecewise
0.005139951162264306,0.9687763713080169,0.021816763416043786,0.5461774061476443,0.1373978345596191,9.0,0.5284810126582279,0.7988153549269943,HI-VAE_piecewise
0.004868475067382345,0.9740506329113924,0.016866906178383222,0.45847663139329803,0.16216734443231584,7.0,0.5063291139240507,0.809468588729514,HI-VAE_piecewise
0.004680101605604735,0.9727848101265821,0.02155372848440708,0.48478914714033755,0.2351928736960963,8.0,0.5,0.8160505144130088,HI-VAE_piecewise
0.005958485133265202,0.9647679324894515,0.01676109218135093,0.5185429264298312,0.2123235342462019,6.0,0.4873417721518987,0.8004570398409796,HI-VAE_piecewise
0.004837700521896494,0.9715189873417721,0.023227026513229682,0.5049122889896699,0.18374798300054757,7.0,0.5063291139240507,0.8058639684597745,HI-VAE_piecewise
0.004376357005365441,0.9755274261603375,0.01530450202066276,0.5273801650289746,0.15832986415454706,6.0,0.5031645569620253,0.8186016337307519,HI-VAE_piecewise
0.005078248016032511,0.9713080168776371,0.027717247593377566,0.5095576656588561,0.13401803771470241,8.0,0.5063291139240507,0.8249907153460336,HI-VAE_piecewise
0.005899264617381064,0.9687763713080167,0.017473464501890572,0.5051311728395061,0.16373659261206333,9.0,0.5031645569620253,0.808684193328934,HI-VAE_piecewise
0.005313949016521024,0.9670886075949366,0.018194293857488986,0.5606268896447467,0.23443306517538723,9.0,0.49683544303797467,0.8181912275961621,HI-VAE_piecewise
0.004338910758258463,0.9780590717299578,0.014350713396090009,0.5317775258251448,0.16225593805196287,8.0,0.4430379746835443,0.8026513235586643,HI-VAE_piecewise
0.0072909033664582705,0.9637130801687763,0.012786274241010129,0.5275833018392542,0.2405159352960173,7.0,0.4810126582278481,0.8131619056903475,HI-VAE_piecewise
0.006259881746241247,0.9679324894514767,0.00843387240368558,0.5017975245653816,0.2101821533551447,13.0,0.47151898734177217,0.8061683180957587,HI-VAE_piecewise
0.004187170625726531,0.9740506329113923,0.00997101063103179,0.5445027084908036,0.12627565234325475,9.0,0.5063291139240507,0.8113056099751003,HI-VAE_piecewise
0.005184411912111117,0.9721518987341773,0.008083095858073543,0.535121409674981,0.13552119657482528,9.0,0.5221518987341772,0.8068581133722261,HI-VAE_piecewise
0.0049695837045998816,0.9715189873417721,0.014319927865538092,0.5183634101788864,0.1512845180353764,6.0,0.47468354430379744,0.8179265526365426,HI-VAE_piecewise
0.005589461588982461,0.9696202531645569,0.01398800964244995,0.578390337616528,0.18746153922714542,9.0,0.5031645569620253,0.8106931587339549,HI-VAE_piecewise
0.005560188405411137,0.9713080168776372,0.010216068794806866,0.5398022171831697,0.16672139924069201,11.0,0.4810126582278481,0.8027258598202053,HI-VAE_piecewise
0.005164691897878846,0.9713080168776372,0.02616808933308151,0.5629739858906525,0.14951890282827365,13.0,0.5063291139240507,0.8121897287299197,HI-VAE_piecewise
0.00455911171858603,0.9770042194092827,0.008611230292748791,0.5349639392794154,0.19130804112796457,12.0,0.4873417721518987,0.8150928301202673,HI-VAE_piecewise
0.005677489608162472,0.9691983122362869,0.018296455865204224,0.5191554862685815,0.1659127829611796,8.0,0.49683544303797467,0.816466127724579,HI-VAE_piecewise
0.004558144743321125,0.9755274261603375,0.02127904626433286,0.5519022423784328,0.26261159050915955,6.0,0.47151898734177217,0.8146077290495921,HI-VAE_piecewise
0.0054022323398631765,0.9691983122362868,0.014751232752877604,0.5626929012345679,0.20139435057453228,7.0,0.4651898734177215,0.8006739932483122,HI-VAE_piecewise
0.005671841855080318,0.9723628691983122,0.010847944764979169,0.5097174981103553,0.11322768351789046,8.0,0.5189873417721519,0.8030459481485464,HI-VAE_piecewise
0.007179144528599838,0.9605485232067511,0.02359960380985548,0.5202491181657848,0.1291063075893908,10.0,0.49050632911392406,0.8127142320520394,HI-VAE_piecewise
0.00474482061033751,0.9742616033755275,0.01156686505509643,0.5571373456790123,0.16909338928824194,10.0,0.5158227848101266,0.8101238927026921,HI-VAE_piecewise
0.004828903583776506,0.9723628691983122,0.02705231772240646,0.5089687263794407,0.19375851638547695,12.0,0.4810126582278481,0.8260539354504025,HI-VAE_piecewise
0.005737779084328626,0.9679324894514768,0.024677128951227555,0.504990236835475,0.20021803316302764,4.0,0.4620253164556962,0.8066011928546782,HI-VAE_piecewise
0.006193683518017144,0.9683544303797469,0.012808061205042569,0.5324711829176114,0.26070911814459,6.0,0.5316455696202531,0.8061709905416232,HI-VAE_piecewise
0.006333350765074905,0.9660337552742616,0.018125040230425073,0.4962962962962963,0.12642623886971047,8.0,0.4936708860759494,0.8116278464727469,HI-VAE_piecewise
0.0050126462165126385,0.9721518987341773,0.013937823516690696,0.5077719513731418,0.20133830081082502,8.0,0.5126582278481012,0.8085754716286628,HI-VAE_piecewise
0.005950699557482988,0.9656118143459916,0.01779680244331421,0.5509755291005292,0.2773950960748006,8.0,0.4588607594936709,0.821282580385147,HI-VAE_piecewise
0.006037012533137554,0.9685654008438819,0.011693252824836086,0.5319042894935752,0.2528947200962913,10.0,0.47151898734177217,0.8132311232456646,HI-VAE_piecewise
0.005646363447404427,0.9685654008438818,0.02376210635304871,0.47345521541950114,0.22644982571881822,10.0,0.5284810126582279,0.8112926444615702,HI-VAE_piecewise
0.006103365860067503,0.9666666666666667,0.01074027893427448,0.503991087175611,0.204155396614471,7.0,0.46835443037974683,0.7958897550181341,HI-VAE_piecewise
0.00517663274345434,0.970253164556962,0.029960726389103506,0.5166414714033761,0.20193953320872055,8.0,0.48417721518987344,0.8071888107685058,HI-VAE_piecewise
0.005598809151182583,0.9691983122362869,0.02280303176736371,0.5364079428067524,0.1563579484857349,6.0,0.509493670886076,0.8068826852721308,HI-VAE_piecewise
0.005563972258591242,0.968987341772152,0.02314305418007107,0.49632779037540936,0.20282009559442526,7.0,0.509493670886076,0.8163343841349276,HI-VAE_piecewise
0.005588100352010481,0.9696202531645569,0.01548108042000248,0.5537383471907282,0.26228161807082306,9.0,0.44936708860759494,0.8119815132204667,HI-VAE_piecewise
0.006117394050351419,0.969198312236287,0.0154616842733283,0.5509944255479969,0.26578483591364505,10.0,0.48417721518987344,0.8137767919044061,HI-VAE_piecewise
0.005122234393866523,0.9723628691983122,0.014330212285273819,0.5005070546737214,0.19317334172306833,10.0,0.4936708860759494,0.809765910921059,HI-VAE_piecewise
0.004984587700838089,0.970886075949367,0.01456941201227546,0.5000291320231796,0.2644647282482188,11.0,0.47151898734177217,0.8175977777133178,HI-VAE_piecewise
0.005679343524607543,0.9710970464135021,0.016072367120576185,0.5161044973544974,0.2288792909622681,8.0,0.48417721518987344,0.8014696581737838,HI-VAE_piecewise
0.004507449357693392,0.9770042194092826,0.011583455291976703,0.5020211325270848,0.205793122262929,12.0,0.509493670886076,0.7966061285548915,HI-VAE_piecewise
0.005326889134745235,0.9691983122362869,0.020679879190241,0.5669926303854875,0.23770990848861798,8.0,0.5126582278481012,0.8168133593626494,HI-VAE_piecewise
0.004813631734660373,0.9715189873417722,0.023927202489882393,0.513540091962711,0.2116749237202206,8.0,0.49683544303797467,0.812586243941071,HI-VAE_piecewise
0.004957539971598228,0.9683544303797469,0.01912637662814722,0.5101843978332072,0.21449527177575173,9.0,0.5,0.8120474959945737,HI-VAE_piecewise
0.005158055896589756,0.9698312236286921,0.015325236321778148,0.5520856953892668,0.15299760749076685,10.0,0.4778481012658228,0.7968705581690992,HI-VAE_piecewise
0.005699892416280409,0.969620253164557,0.009898742190587735,0.5288328294280675,0.1416336932950096,10.0,0.49050632911392406,0.8012645009376603,HI-VAE_piecewise
0.004092217518270477,0.9774261603375529,0.0076286776318456265,0.5594616087175611,0.19158811665344694,9.0,0.5063291139240507,0.8071433070134774,HI-VAE_piecewise
0.005791246747442633,0.9723628691983123,0.016260333336554734,0.5229402872260016,0.18136780932490512,10.0,0.5031645569620253,0.8176015603486363,HI-VAE_piecewise
0.005859750678517179,0.968143459915612,0.009775082393272011,0.5271376606198035,0.16225980154217678,12.0,0.5284810126582279,0.8102842412863805,HI-VAE_piecewise
0.005160395125796077,0.9723628691983122,0.01273984129074887,0.5065491937515747,0.12429012382469307,9.0,0.5379746835443038,0.8028497063866411,HI-VAE_piecewise
0.005513730396503876,0.9719409282700423,0.012028549950337246,0.5511416603678508,0.19079482852062554,7.0,0.4620253164556962,0.8068957835294573,HI-VAE_piecewise
0.005284212573658545,0.9721518987341772,0.010012996821108367,0.5146612811791383,0.20448467692180514,11.0,0.4936708860759494,0.8114493321963655,HI-VAE_piecewise
0.0062360831700015796,0.9672995780590717,0.018095039414340847,0.5522738725119678,0.13171393804274584,10.0,0.4462025316455696,0.8008915848746907,HI-VAE_piecewise
0.004993512658219676,0.970675105485232,0.01566487690348456,0.5257810531620055,0.16652202358050344,8.0,0.4778481012658228,0.807011352106403,HI-VAE_piecewise
0.005771537775744475,0.9694092827004218,0.013245817418025762,0.4987339380196524,0.1994344003519073,8.0,0.47468354430379744,0.8042113463041848,HI-VAE_piecewise
0.005296018148682328,0.9710970464135023,0.020951625330160463,0.49341616276140093,0.13639952208676775,5.0,0.48417721518987344,0.8049060253209295,HI-VAE_piecewise
0.0043802101308286516,0.9746835443037976,0.01639410274042687,0.501012534643487,0.23772482963496758,9.0,0.4778481012658228,0.8080709221077063,HI-VAE_piecewise
0.004962392991783286,0.9721518987341772,0.02732023632971773,0.5161737843285463,0.14504287789784945,8.0,0.47468354430379744,0.8178142245497219,HI-VAE_piecewise
0.006329747228796328,0.9670886075949368,0.01648792410039247,0.5397242693373646,0.1643589980135821,11.0,0.5,0.8120461118058019,HI-VAE_piecewise
0.004154581496933044,0.9744725738396625,0.015665396278777315,0.514300673973293,0.14967025323604535,8.0,0.5443037974683544,0.8161293066208389,HI-VAE_piecewise
0.005404126505052415,0.970042194092827,0.015018345110255352,0.4898510330057949,0.2656014182543275,12.0,0.4936708860759494,0.7936771587849133,HI-VAE_piecewise
0.005255729219967926,0.9681434599156119,0.022592610029899176,0.49230678382464105,0.22860035358898573,7.0,0.5474683544303798,0.8229914953633614,HI-VAE_piecewise
0.005357257991466941,0.970464135021097,0.012383570438616027,0.5391754850088183,0.13199161619804772,9.0,0.4651898734177215,0.8268302128032226,HI-VAE_piecewise
0.006710487820030505,0.9641350210970465,0.017496391053549176,0.5474363819601915,0.1817582652045684,11.0,0.4620253164556962,0.8064881978734224,HI-VAE_piecewise
0.00518105929056964,0.9727848101265822,0.01136131225079964,0.4816413139329806,0.1345986508390615,9.0,0.49050632911392406,0.7967312914846877,HI-VAE_piecewise
0.005612995601209399,0.9723628691983123,0.016716376036226322,0.5096694696397078,0.16926151509095788,9.0,0.43037974683544306,0.8291406449445496,HI-VAE_piecewise
0.005309390733578644,0.9660337552742616,0.013597785480111322,0.5102922650541698,0.1847412809066829,11.0,0.5126582278481012,0.8054806665052692,HI-VAE_piecewise
0.005757983571476761,0.9696202531645569,0.014915857264274105,0.508096340388007,0.13290789290234667,8.0,0.5253164556962026,0.8101516290140476,HI-VAE_piecewise
0.003898883484081103,0.9770042194092827,0.024265616089799803,0.5002047115142353,0.10555923614101091,8.0,0.4873417721518987,0.7904386629232172,HI-VAE_piecewise
0.005277810840243758,0.9713080168776371,0.02373089233288696,0.5253472222222222,0.12993578645985532,7.0,0.47468354430379744,0.800055544577446,HI-VAE_piecewise
0.0061828922117438635,0.9675105485232067,0.017997333726220664,0.5360252897455278,0.23304611126514224,7.0,0.5,0.8174094438041907,HI-VAE_piecewise
0.004765379323937627,0.9721518987341772,0.02918680084815782,0.5227662824389014,0.1634240688751862,7.0,0.5158227848101266,0.799837182194915,HI-VAE_piecewise
0.00451128464743766,0.9761603375527426,0.009768052528988538,0.5262322058453011,0.17833941047725171,9.0,0.509493670886076,0.807349518023675,HI-VAE_piecewise
0.005960566933761955,0.9694092827004219,0.016142325465078038,0.5246110481229529,0.23285142897619107,8.0,0.5126582278481012,0.7944776324889077,HI-VAE_piecewise
0.005638433790748485,0.9670886075949366,0.03666294395101462,0.5219883786848072,0.12389536401546625,10.0,0.5031645569620253,0.8081851562638162,HI-VAE_piecewise
0.005622811130372692,0.9685654008438819,0.015579805454433724,0.5586789808515998,0.24351315483539135,10.0,0.49050632911392406,0.8123899558926093,HI-VAE_piecewise
0.004059162871813965,0.9746835443037973,0.039606396735589446,0.482175138573948,0.14188661761012267,8.0,0.5,0.8113830022438089,HI-VAE_piecewise
0.004526016468626954,0.9746835443037978,0.012599836086770433,0.5368819286974048,0.159200876758467,8.0,0.4651898734177215,0.8067785638598011,HI-VAE_piecewise
0.004283218989145497,0.9757383966244728,0.01660216050552343,0.5101662887377174,0.21277265000878356,9.0,0.49050632911392406,0.8043345525837515,HI-VAE_piecewise
0.004372653008529004,0.9725738396624471,0.020900259470332864,0.5776919564121945,0.16292821364606824,10.0,0.49683544303797467,0.8223698463473753,HI-VAE_piecewise
0.005723644642571581,0.970675105485232,0.009980486647623535,0.5382023179642228,0.30832205837847354,10.0,0.47151898734177217,0.8013020648598399,HI-VAE_piecewise
0.004392757578989143,0.9732067510548524,0.024625358860336878,0.5246354560342655,0.22482063880217867,9.0,0.4588607594936709,0.8112707552633465,HI-VAE_piecewise
0.006012383186207889,0.969198312236287,0.011784143128237806,0.5493520093222474,0.19861545038943068,11.0,0.45569620253164556,0.805826502728347,HI-VAE_piecewise
0.006422744974492021,0.9651898734177214,0.01325443050105907,0.4779037540942303,0.22224568790509647,8.0,0.46835443037974683,0.813921736192885,HI-VAE_piecewise
0.0039046400002017796,0.9748945147679324,0.011667647133137202,0.5404761904761906,0.18062931958893508,9.0,0.509493670886076,0.8060978482322567,HI-VAE_piecewise
0.005988539307475382,0.9670886075949366,0.013080000345824263,0.5390046296296296,0.19868715593212377,6.0,0.4651898734177215,0.8171845715245886,HI-VAE_piecewise
0.004847254617768682,0.9723628691983122,0.00999476051359748,0.519162572436382,0.14890569927165465,11.0,0.5126582278481012,0.8071959883929954,HI-VAE_piecewise
0.005836231494341567,0.968987341772152,0.01599037979694253,0.5167745338876291,0.23273654538592653,9.0,0.5284810126582279,0.8110711486796722,HI-VAE_piecewise
0.006178592215122751,0.968354430379747,0.013175170393387921,0.5526817208364827,0.18006094158557642,9.0,0.4462025316455696,0.8007896200653295,HI-VAE_piecewise
0.007144558836970631,0.9622362869198312,0.014218431134492662,0.5791524943310657,0.21426321720792116,6.0,0.49050632911392406,0.8121171958201321,HI-VAE_piecewise
0.005327890125874648,0.9710970464135023,0.008256056824694817,0.4842521730914588,0.20343933788869634,8.0,0.5126582278481012,0.8026479260253456,HI-VAE_piecewise
0.005875402025255703,0.9691983122362869,0.017146976375989265,0.5164280990173847,0.15262042962480155,12.0,0.4810126582278481,0.8123647914468476,HI-VAE_piecewise
0.005321519030192291,0.9708860759493673,0.014275035490507012,0.49623881960191485,0.19259535291719002,10.0,0.5031645569620253,0.8060863143760224,HI-VAE_piecewise
0.006084457851849896,0.9698312236286919,0.013578592926393419,0.5420430209120686,0.23506005010971567,8.0,0.4462025316455696,0.8174565546430921,HI-VAE_piecewise
0.005188057046309028,0.9706751054852323,0.013139206100342884,0.5101103867472915,0.3546505991713244,9.0,0.5158227848101266,0.8150905410225704,HI-VAE_piecewise
0.005274061955197691,0.969620253164557,0.011434107404354467,0.5249850403124212,0.11378742109205288,11.0,0.4778481012658228,0.8117549220049382,HI-VAE_piecewise
0.005322615144705929,0.970464135021097,0.021495766285588424,0.5261881141345428,0.16456361954537463,9.0,0.4873417721518987,0.7997244792690548,HI-VAE_piecewise
0.004902282489717276,0.9761603375527427,0.01857008090579052,0.5075310216679264,0.20244993603648762,10.0,0.49050632911392406,0.8013819384145733,HI-VAE_piecewise
0.004426553522404859,0.9736286919831223,0.015039920431070273,0.5301894368858655,0.17535174963169434,8.0,0.4873417721518987,0.7982990448024356,HI-VAE_piecewise
0.0062298092094818175,0.9645569620253165,0.022213807348630883,0.546861615016377,0.1186666275611451,8.0,0.4778481012658228,0.8145542727757116,HI-VAE_piecewise
0.004458038137495717,0.9759493670886077,0.025252806701945643,0.478775352733686,0.15742836536383137,6.0,0.5253164556962026,0.7976598334242219,HI-VAE_piecewise
0.005266359551242107,0.970675105485232,0.02048348687350885,0.49803870622323004,0.23721665754875043,10.0,0.5063291139240507,0.8006468827347154,HI-VAE_piecewise
0.006042891035496738,0.9664556962025318,0.0127229184279998,0.5545146762408667,0.23965609815055242,8.0,0.5063291139240507,0.8004690320422534,HI-VAE_piecewise
0.0058937250641227824,0.9702531645569621,0.012004863254451008,0.514814027462837,0.20264199805465263,11.0,0.5,0.8022144042410096,HI-VAE_piecewise
0.004760315773808899,0.9708860759493672,0.020667443764963257,0.48179248551272363,0.18712951121062607,9.0,0.5158227848101266,0.8166515741336181,HI-VAE_piecewise
0.004762110060510689,0.9751054852320675,0.01034448654772811,0.5467616213151928,0.17384637357629187,8.0,0.5063291139240507,0.8026429825872856,HI-VAE_piecewise
0.005130845717631954,0.9723628691983124,0.011603427656431443,0.5384747417485513,0.17451135907077775,9.0,0.5221518987341772,0.7911832422815787,HI-VAE_piecewise
0.004911696571863477,0.9713080168776372,0.015728088643350752,0.5505235890652558,0.13797267298780222,9.0,0.47151898734177217,0.800662642688966,HI-VAE_piecewise
0.005522823072082022,0.9696202531645569,0.012949978376091999,0.4725781053162006,0.22435470551692188,8.0,0.5126582278481012,0.8022339576902452,HI-VAE_piecewise
0.005172204198879839,0.9662447257383967,0.021143454079183728,0.5269557823129252,0.2452232562806681,11.0,0.5158227848101266,0.8062287353486576,HI-VAE_piecewise
0.0054966223076487915,0.9704641350210971,0.019163917265246164,0.568465765936004,0.15868375980664248,7.0,0.4620253164556962,0.8070044975981112,HI-VAE_piecewise
0.0054006119376919055,0.9706751054852322,0.013964744467734814,0.5206805870496347,0.13774481650350695,9.0,0.4778481012658228,0.8084801407652094,HI-VAE_piecewise
0.005582341266214199,0.9702531645569622,0.012042816136594995,0.5484686004031242,0.2040537475270778,6.0,0.4778481012658228,0.8177803097337595,HI-VAE_piecewise
0.00477782300238729,0.9753164556962025,0.013702975303838887,0.5081223230032754,0.16956076928615854,7.0,0.4873417721518987,0.80538749091905,HI-VAE_piecewise
0.004699090654948521,0.9721518987341772,0.02926844414336951,0.5134534832451498,0.1664992587503603,9.0,0.49050632911392406,0.8192732240586532,HI-VAE_piecewise
0.005092978600658073,0.9723628691983123,0.0109438620692996,0.5150762156714538,0.16704353017429513,5.0,0.4936708860759494,0.8148411268484588,HI-VAE_piecewise
0.005476277556637654,0.9723628691983123,0.011390340533242012,0.538884164777022,0.17276291467773014,9.0,0.4873417721518987,0.8147581020605625,HI-VAE_piecewise
0.006398763062169664,0.9654008438818563,0.01723469796611604,0.502955719324767,0.15556052643648638,8.0,0.5221518987341772,0.8096666743482888,HI-VAE_piecewise
0.005544492259547529,0.9700421940928271,0.01257179541372943,0.5436326845553036,0.1983015039370351,8.0,0.48417721518987344,0.7952350205542337,HI-VAE_piecewise
0.00487596956944319,0.9717299578059074,0.018997531341847323,0.4864252645502646,0.15461720980613733,10.0,0.4430379746835443,0.806091581767527,HI-VAE_piecewise
0.005279288470973279,0.9727848101265824,0.011637339968283443,0.4705451625094483,0.18279474176537788,9.0,0.5411392405063291,0.8147217443913023,HI-VAE_piecewise
0.0062767164430995726,0.9637130801687764,0.020438457498056825,0.5106434240362812,0.15059428762255017,9.0,0.5316455696202531,0.8087833292552109,HI-VAE_piecewise
0.00451896619869706,0.9746835443037976,0.02448072955253425,0.5649596875787352,0.17250918144401026,9.0,0.49050632911392406,0.814365438812014,HI-VAE_piecewise
0.00471153592694438,0.9727848101265822,0.01835707074525595,0.5733253023431596,0.2544293516675823,11.0,0.4272151898734177,0.817328467250111,HI-VAE_piecewise
0.0053151034890892125,0.970464135021097,0.00846844256825046,0.5076073948097758,0.17082387911649116,12.0,0.46835443037974683,0.8090803358649957,HI-VAE_piecewise
0.005338085023878866,0.9687763713080167,0.012615264727350887,0.5645101095993954,0.21268326062612805,10.0,0.47151898734177217,0.8184048632257117,HI-VAE_piecewise
0.004365752160137018,0.9757383966244725,0.014681963339094911,0.5292965797430083,0.2143114320512739,11.0,0.5,0.8166285465476657,HI-VAE_piecewise
0.005567638271607537,0.9685654008438819,0.00943399826873514,0.5253424981103553,0.12873600703034385,12.0,0.5316455696202531,0.8057823746651507,HI-VAE_piecewise
0.004479107861721972,0.9753164556962024,0.02165426660997365,0.49415863567649276,0.1622698667312927,9.0,0.4620253164556962,0.8037104466082629,HI-VAE_piecewise
0.0044577103545402185,0.9748945147679325,0.022612895069710627,0.5269258629377677,0.28199856399331835,12.0,0.5063291139240507,0.798364867104983,HI-VAE_piecewise
0.005654531475248559,0.9675105485232066,0.009463188874449288,0.5165391156462584,0.15314263934166472,10.0,0.4651898734177215,0.8108840303673387,HI-VAE_piecewise
0.005496652552584843,0.969620253164557,0.012793384605538635,0.5341813114134544,0.165255998911671,10.0,0.45569620253164556,0.8177374009525815,HI-VAE_piecewise
0.006805676720070817,0.9654008438818565,0.02306227929858453,0.5466356449987403,0.315802606465799,11.0,0.4873417721518987,0.8142083264995063,HI-VAE_piecewise
0.005506271680573631,0.9710970464135021,0.010842377564927478,0.5208002645502645,0.14988286870772752,9.0,0.5063291139240507,0.800819052974866,HI-VAE_piecewise
0.00537376280601068,0.9715189873417721,0.022859640097054004,0.47403155706727135,0.14622647849484507,10.0,0.48417721518987344,0.8006191230573515,HI-VAE_piecewise
0.005490641062470217,0.9675105485232066,0.008669573830129004,0.5153573003275385,0.18423905186613546,11.0,0.49683544303797467,0.8128777436149814,HI-VAE_piecewise
0.005085706813011576,0.9721518987341772,0.020254222400272012,0.5290391156462585,0.13872428049850316,8.0,0.5,0.8108760383576895,HI-VAE_piecewise
0.00501703197878512,0.9710970464135021,0.014019581512603156,0.5177744708994709,0.17207450561288454,10.0,0.47468354430379744,0.8110561545177042,HI-VAE_piecewise
0.00551588696472856,0.9668776371308018,0.025381908482475027,0.5515676177878559,0.16640320627161628,8.0,0.5031645569620253,0.808009935982515,HI-VAE_piecewise
0.004143378589387024,0.9742616033755274,0.022227583114854736,0.5205994897959183,0.13938895811275762,9.0,0.49050632911392406,0.7942464241439169,HI-VAE_piecewise
0.004696604631575104,0.9755274261603376,0.01296390440164366,0.5033856135046613,0.16844671436164727,6.0,0.5284810126582279,0.8045637087785406,HI-VAE_piecewise
0.006340606744754574,0.9677215189873417,0.021181962319799227,0.5272872574955908,0.1830773985952159,9.0,0.4651898734177215,0.8072255082533115,HI-VAE_piecewise
0.005423775874078106,0.970042194092827,0.016981373693022744,0.5416839884101788,0.12921294999512736,9.0,0.5,0.8103516277826428,HI-VAE_piecewise
0.006373148176654638,0.9670886075949369,0.011590272126487423,0.503510015117158,0.17014556595236308,4.0,0.5031645569620253,0.8202000798114247,HI-VAE_piecewise
0.005175197596769471,0.9725738396624474,0.01325978437321037,0.5148116654069035,0.19793760334325233,10.0,0.509493670886076,0.8147140700559207,HI-VAE_piecewise
0.007477749554488143,0.9586497890295359,0.021850408916423994,0.591115520282187,0.19754895528302557,7.0,0.48417721518987344,0.8031239504739183,HI-VAE_piecewise
0.004865346320433279,0.9710970464135023,0.020085629347815055,0.5491969009826153,0.1813724258369588,10.0,0.4651898734177215,0.7976703292074441,HI-VAE_piecewise
0.004193478867022907,0.9736286919831223,0.03640948304051805,0.566642258755354,0.14012069920773926,6.0,0.49050632911392406,0.8118768379935156,HI-VAE_piecewise
0.005740614929287073,0.9691983122362868,0.01824043625092774,0.5334608843537415,0.16470299312201706,10.0,0.46835443037974683,0.8227645789072741,HI-VAE_piecewise
0.006343417598682341,0.9647679324894515,0.02606058270690018,0.4787367724867725,0.16304325990552668,5.0,0.5316455696202531,0.8195935302436315,HI-VAE_piecewise
0.00616491486312747,0.9689873417721518,0.01611281292487112,0.5153887944066515,0.20841657321934423,13.0,0.4873417721518987,0.8097660264145514,HI-VAE_piecewise
0.006159945647058441,0.9679324894514767,0.010283456211600425,0.49512314184933226,0.15349907503514154,10.0,0.47468354430379744,0.8179231553349712,HI-VAE_piecewise
0.004685925299808697,0.9717299578059072,0.017848554954628493,0.5083892353237591,0.18559078750053457,8.0,0.4525316455696203,0.8001508991966134,HI-VAE_piecewise
0.004430922737667453,0.9736286919831224,0.012419384185811594,0.48710396195515243,0.13079618777276056,10.0,0.5,0.7985097325224528,HI-VAE_piecewise
0.008000835926542087,0.9516877637130802,0.08201949766160152,0.6543477576215672,0.08611621303783985,1.0,0.4050632911392405,0.7648931459618459,Surv-GAN
0.008371519029841429,0.9512658227848102,0.0741082120962565,0.6321247480473671,0.11337482070554125,1.0,0.4462025316455696,0.7736588841781475,Surv-GAN
0.007907380141962673,0.9542194092827004,0.08739438456163497,0.6356654698916604,0.09350178868892563,1.0,0.45569620253164556,0.7697041939570524,Surv-GAN
0.009093513777836454,0.9497890295358649,0.08923817125898068,0.6466986331569664,0.08379145885263292,1.0,0.45569620253164556,0.7742745877734242,Surv-GAN
0.007684087118698117,0.9548523206751054,0.07738072415048969,0.6962120496346687,0.11535756949071167,1.0,0.4525316455696203,0.763243078385151,Surv-GAN
0.009133624691673562,0.9443037974683542,0.07906405372790128,0.6394912131519275,0.08880613408709062,1.0,0.43670886075949367,0.7758167134176569,Surv-GAN
0.009392372205957419,0.9451476793248946,0.0850598291666397,0.6843742126480221,0.09107112601352929,1.0,0.41455696202531644,0.7726724994954451,Surv-GAN
0.008557687286114795,0.9514767932489452,0.07844513907939703,0.647983591584782,0.10769683842716804,1.0,0.4873417721518987,0.7421360586483386,Surv-GAN
0.008708751557628498,0.9497890295358649,0.08446035161690948,0.6498984315948602,0.10920684626420121,1.0,0.39556962025316456,0.7594638580489472,Surv-GAN
0.009091482643821858,0.9449367088607594,0.0889321699333906,0.6924642542202065,0.09138245127294461,1.0,0.43670886075949367,0.7729822091465464,Surv-GAN
0.007214667375290639,0.958860759493671,0.0770994456151479,0.6458908100277148,0.08500116478172828,2.0,0.4430379746835443,0.7743151579830708,Surv-GAN
0.008176626964898782,0.9495780590717299,0.09144469690048587,0.6432476694381456,0.08581462702452684,1.0,0.48417721518987344,0.7612378322715458,Surv-GAN
0.007759353627806834,0.9565400843881856,0.07526904247996176,0.6571074263038549,0.10933278173166794,2.0,0.46835443037974683,0.7639574646904358,Surv-GAN
0.00841826904359483,0.9497890295358649,0.07747346533997335,0.6350103930461073,0.09357628887408664,1.0,0.44936708860759494,0.7619360980423577,Surv-GAN
0.008948203313995175,0.9459915611814347,0.08352822027741799,0.658564027462837,0.09067309399725934,1.0,0.4620253164556962,0.7670658621672287,Surv-GAN
0.009348755953170269,0.9430379746835443,0.08565919475419476,0.6647943436633913,0.0866927556338305,1.0,0.4588607594936709,0.7655547605779887,Surv-GAN
0.008060193219897451,0.9525316455696202,0.08554928028115602,0.6649297682035777,0.1603228973285572,1.0,0.4430379746835443,0.7840743900577108,Surv-GAN
0.00957834557094798,0.9472573839662446,0.09065098913604552,0.6529478458049887,0.12212446517766568,1.0,0.4778481012658228,0.770665032795348,Surv-GAN
0.008421564843568891,0.9489451476793248,0.08478240277797429,0.6272762345679013,0.09730953370324989,1.0,0.4588607594936709,0.7844537558527638,Surv-GAN
0.008829327485609903,0.9466244725738397,0.08723068866453908,0.7013384983623079,0.09577380732870473,1.0,0.41139240506329117,0.771383555001394,Surv-GAN
0.008904115409291351,0.9457805907172997,0.08826726124181485,0.6614441609977323,0.08567371716211823,1.0,0.49050632911392406,0.7819458563409415,Surv-GAN
0.008913099257686347,0.9508438818565401,0.07652670199523111,0.6614622700932224,0.0845912727978851,2.0,0.4525316455696203,0.769379547291462,Surv-GAN
0.0073146863295620364,0.9548523206751055,0.08246041036477926,0.6801807760141092,0.09436506625719927,1.0,0.4936708860759494,0.7784935195177368,Surv-GAN
0.007342022669919023,0.9571729957805908,0.08593313232689012,0.6349096119929454,0.10185487305000666,1.0,0.4272151898734177,0.7622667891184656,Surv-GAN
0.01011074992493132,0.941561181434599,0.08303909151953603,0.6869921579743007,0.11235848900070482,1.0,0.4208860759493671,0.7547252244300219,Surv-GAN
0.009105696291573961,0.9474683544303798,0.08552679666952744,0.6299823633156966,0.13472874360101147,1.0,0.47468354430379744,0.7750047538791698,Surv-GAN
0.008125253010524112,0.95,0.08834100315456196,0.6625326751070799,0.09480455928821684,1.0,0.45569620253164556,0.7596760522213726,Surv-GAN
0.00954491450788414,0.9468354430379747,0.0743990798095989,0.6672327727387252,0.0991401750702092,2.0,0.43354430379746833,0.7724458777398248,Surv-GAN
0.009102365465348435,0.9472573839662447,0.08414358341023888,0.6694342088687327,0.09125033704086105,1.0,0.43037974683544306,0.7589246885875937,Surv-GAN
0.007969757714598742,0.9540084388185653,0.09088920052738228,0.6361150478710003,0.09030783929381866,1.0,0.4430379746835443,0.7866933656022724,Surv-GAN
0.01040533905235719,0.9392405063291139,0.09083027718609227,0.6395250692869741,0.08313135492915355,1.0,0.47151898734177217,0.763399637101964,Surv-GAN
0.009687200392042905,0.9447257383966245,0.08085561892233747,0.6467387881078357,0.09554819552949155,1.0,0.4588607594936709,0.7620361397674257,Surv-GAN
0.007786350347539092,0.9542194092827005,0.08471259309136091,0.6645069601914839,0.0837418879686101,1.0,0.45569620253164556,0.7620281485574464,Surv-GAN
0.009305205318160698,0.9485232067510551,0.08278878683925785,0.6429768203577726,0.08064581423903598,1.0,0.43670886075949367,0.7524190334609933,Surv-GAN
0.008678871952795512,0.9481012658227846,0.09132298366038787,0.6553815507684556,0.09660637750819487,1.0,0.439873417721519,0.7558953441486632,Surv-GAN
0.008214261187102325,0.9533755274261604,0.07559990206569689,0.6395549886621315,0.09582723536356644,1.0,0.4525316455696203,0.7726222401098031,Surv-GAN
0.008538378470748632,0.9529535864978904,0.07781484383618642,0.6352237654320988,0.09009245998993351,2.0,0.4462025316455696,0.7656507695146071,Surv-GAN
0.008189487268571435,0.9537974683544305,0.08214187496035953,0.6527919501133788,0.09576536312921856,1.0,0.4588607594936709,0.7767404988752912,Surv-GAN
0.007198776868730007,0.9563291139240506,0.07397542274767067,0.6264628999748048,0.09301569705989626,2.0,0.4177215189873418,0.7752708916278133,Surv-GAN
0.007636146112026802,0.9525316455696202,0.0867053416135616,0.6529785525321239,0.0925323813667879,1.0,0.4240506329113924,0.7768423927210871,Surv-GAN
0.007125442575728365,0.9565400843881856,0.09134957859446927,0.6617362685815067,0.08343074511984451,1.0,0.46835443037974683,0.770331116467054,Surv-GAN
0.00894960559606429,0.9487341772151898,0.08451203671415308,0.6186161501637691,0.0830702258038792,1.0,0.4588607594936709,0.7665346828809427,Surv-GAN
0.008011430457301676,0.9525316455696202,0.08038017222543324,0.6569727891156464,0.08981970454557778,1.0,0.44936708860759494,0.7782804676080916,Surv-GAN
0.00844711128633677,0.950632911392405,0.0848538014880916,0.6396699420508944,0.09308534635219315,1.0,0.4462025316455696,0.7781563452334388,Surv-GAN
0.00899530984845353,0.9491561181434599,0.08788335757206285,0.6525636180398086,0.10244594585498888,1.0,0.45569620253164556,0.7888976151446121,Surv-GAN
0.007608622648740955,0.9544303797468354,0.08448915475340173,0.6876464474678761,0.09745490711068681,2.0,0.44936708860759494,0.7622007284044442,Surv-GAN
0.008672860168406137,0.9495780590717299,0.08031418625866707,0.645707357016881,0.08194514203491805,1.0,0.3987341772151899,0.7664141513231872,Surv-GAN
0.008959466534293465,0.9493670886075951,0.0770194973500063,0.646834057697153,0.0956318993763803,1.0,0.4778481012658228,0.7836254979759845,Surv-GAN
0.010628383007246795,0.9394514767932489,0.08969824032977987,0.649038249559083,0.08869843498562897,1.0,0.44936708860759494,0.7699388431639909,Surv-GAN
0.0078004709349548725,0.9567510548523205,0.08196817036370202,0.6379991811539429,0.08907511850606306,1.0,0.43670886075949367,0.7531472264335619,Surv-GAN
0.00749596434792452,0.9533755274261604,0.08388723804326753,0.6310752078609221,0.09149677492146792,1.0,0.47151898734177217,0.7640801163798088,Surv-GAN
0.007277345011257474,0.959704641350211,0.08218946633583435,0.6537336230788612,0.08898368814892732,1.0,0.46835443037974683,0.7811378330656017,Surv-GAN
0.008926776175527213,0.9459915611814348,0.08560381256754603,0.6916564310909549,0.0902782142088978,1.0,0.44936708860759494,0.7638899303154059,Surv-GAN
0.007164434670981204,0.9567510548523207,0.08189773003681516,0.619281462585034,0.0899873599417331,1.0,0.4620253164556962,0.774683837513082,Surv-GAN
0.008329107676336957,0.9510548523206751,0.08622763533449589,0.6655053224993701,0.0907731137003385,1.0,0.439873417721519,0.7742146149152976,Surv-GAN
0.006663448091615307,0.9548523206751055,0.08663004480314779,0.6308240425799949,0.1186840338425578,3.0,0.48417721518987344,0.7780180073934492,Surv-GAN
0.00810451083265833,0.9525316455696202,0.079736318667483,0.6271904132023179,0.09437177704759009,1.0,0.43670886075949367,0.7704895850775678,Surv-GAN
0.009715725997061702,0.9464135021097047,0.07525887823342377,0.6419201940035274,0.0926627517973595,2.0,0.4588607594936709,0.7549848712257702,Surv-GAN
0.009091899975069253,0.9508438818565402,0.08764526196222294,0.6439901423532376,0.08678610522448399,1.0,0.48417721518987344,0.7724982433719392,Surv-GAN
0.008695914137824504,0.9487341772151898,0.0883052250265605,0.6575719639707736,0.10617222007307743,2.0,0.43670886075949367,0.7793953910462178,Surv-GAN
0.00962663920377719,0.9483122362869199,0.08161732402939606,0.6406336608717561,0.0831413014254746,2.0,0.4810126582278481,0.7604444825687373,Surv-GAN
0.00969832475190213,0.9478902953586498,0.08007382669396543,0.672822971781305,0.09516547178008031,1.0,0.4430379746835443,0.7580924109608955,Surv-GAN
0.007859501355372108,0.9533755274261604,0.07759050990414294,0.651851064499874,0.08977065466396063,1.0,0.47151898734177217,0.7671423083937005,Surv-GAN
0.008525934892876341,0.9491561181434598,0.07991982678970531,0.6203105316200554,0.08372655048121726,1.0,0.46835443037974683,0.7736566503748001,Surv-GAN
0.006754779782119451,0.9550632911392405,0.08421283764264115,0.6512054358780549,0.08874561977692166,1.0,0.5031645569620253,0.7736753950683858,Surv-GAN
0.008305110964778952,0.9508438818565401,0.07997700943703928,0.6595891597379693,0.09583311663015676,1.0,0.4272151898734177,0.7816650614853387,Surv-GAN
0.007515965316998941,0.9559071729957805,0.08423309771654093,0.6156919249181154,0.12099795073904798,2.0,0.43670886075949367,0.7677708559838164,Surv-GAN
0.007526027067046553,0.9550632911392406,0.08895223866784031,0.6281651549508693,0.08970719763543675,2.0,0.4778481012658228,0.7707542541124054,Surv-GAN
0.0077471968461016024,0.9527426160337552,0.08689019424911444,0.6618693310657597,0.08736551394166238,1.0,0.45569620253164556,0.7694949744839972,Surv-GAN
0.00928443298597975,0.9464135021097049,0.08643908012147934,0.6645486898463088,0.08914910748558377,1.0,0.4208860759493671,0.7719557324405704,Surv-GAN
0.007510341028042378,0.9533755274261604,0.08633168848730101,0.6815350214159738,0.09158270119538228,1.0,0.45569620253164556,0.7684648516038375,Surv-GAN
0.009293519171778238,0.9459915611814348,0.09047297094410953,0.6874771667926429,0.12564531629249018,1.0,0.4177215189873418,0.7602794322404784,Surv-GAN
0.009218543632021532,0.9489451476793247,0.08356685423781397,0.6507196397077349,0.09603292798794631,2.0,0.4430379746835443,0.7651084469666656,Surv-GAN
0.00853028854883003,0.9502109704641348,0.08253241138306769,0.6276998299319728,0.08974378052707838,1.0,0.4651898734177215,0.7511275555213718,Surv-GAN
0.009450898978906504,0.9464135021097048,0.08494259689846678,0.670070389266818,0.10117705882970772,1.0,0.4778481012658228,0.7778908631008421,Surv-GAN
0.007167457606808369,0.9571729957805907,0.07931516447897256,0.665491937515747,0.10744883350711174,1.0,0.43670886075949367,0.7993550439876328,Surv-GAN
0.008332663930900076,0.9521097046413503,0.08275016484303459,0.6547115142353237,0.0848204362080121,3.0,0.4430379746835443,0.7492450586544999,Surv-GAN
0.007956116266034131,0.9510548523206751,0.08936675466091709,0.65085191484001,0.08823730831803625,1.0,0.4588607594936709,0.7571281208890558,Surv-GAN
0.008619297596847953,0.9514767932489451,0.08317263559386949,0.6427225056689342,0.0941282780355925,1.0,0.439873417721519,0.7808715742380836,Surv-GAN
0.010859775109687747,0.939029535864979,0.08843691889346503,0.6773494583018393,0.10568688668596941,1.0,0.44936708860759494,0.7601882317855603,Surv-GAN
0.008041147083953652,0.950632911392405,0.08159471190952639,0.6442373708742755,0.092673373559307,1.0,0.46835443037974683,0.7815732494167402,Surv-GAN
0.008526040421639096,0.9500000000000001,0.09031234956143923,0.6578971403376166,0.08879725147591465,1.0,0.4525316455696203,0.7754981325353887,Surv-GAN
0.0072382163422056636,0.9550632911392405,0.07544785647732503,0.6123968568909045,0.11543215292091626,1.0,0.4620253164556962,0.7781804458653462,Surv-GAN
0.007236987660842188,0.9592827004219409,0.08062682415664255,0.6548949672461577,0.08999223871721125,3.0,0.43354430379746833,0.7633207336063417,Surv-GAN
0.00939031262226017,0.9483122362869197,0.08744055177625726,0.6795997102544722,0.09357375698030862,3.0,0.4177215189873418,0.7650305427513131,Surv-GAN
0.010003669294453073,0.9430379746835443,0.09263900455247251,0.6531352355757118,0.09241565703361125,1.0,0.4620253164556962,0.7687614791444545,Surv-GAN
0.009321479420296415,0.9474683544303798,0.09105044120451447,0.6519738914084152,0.11986792924607366,1.0,0.4240506329113924,0.7621513115515858,Surv-GAN
0.007814193712398445,0.9533755274261605,0.08501438684175831,0.6334254535147392,0.08605019739264225,1.0,0.46835443037974683,0.7680944873289632,Surv-GAN
0.009805144299552846,0.9468354430379746,0.08256590175006466,0.6730583900226759,0.08700168676110655,1.0,0.4240506329113924,0.7573082790158037,Surv-GAN
0.00882807916000112,0.9474683544303796,0.08791667053057257,0.6753850151171579,0.08870883822965579,1.0,0.4462025316455696,0.768868385263921,Surv-GAN
0.008196680684707908,0.9514767932489451,0.07785574729253805,0.6840797430083143,0.09134903777686589,1.0,0.4272151898734177,0.7385359939335573,Surv-GAN
0.008361670647767407,0.9502109704641349,0.08489178294703059,0.6422052154195012,0.08621521347698081,1.0,0.4620253164556962,0.7772198579556723,Surv-GAN
0.008241102265422897,0.9516877637130801,0.08495723750773597,0.6396967120181406,0.08742747902908099,1.0,0.4430379746835443,0.77770255106824,Surv-GAN
0.00803782999099372,0.9554852320675107,0.0860489582797989,0.6455388636936256,0.0861092603958176,1.0,0.45569620253164556,0.768925647656814,Surv-GAN
0.008961595993166076,0.9476793248945146,0.08385259815464166,0.6506668871252205,0.09010830244802107,6.0,0.4240506329113924,0.7545278594305486,Surv-GAN
0.007083358478696165,0.9575949367088608,0.08507269906402908,0.6396030171327791,0.09233074162575107,1.0,0.44936708860759494,0.767959125582252,Surv-GAN
0.00910461379546589,0.9474683544303798,0.08916452639484461,0.6840092750062988,0.09404317742238956,1.0,0.4430379746835443,0.7564069424799766,Surv-GAN
0.007276726123915545,0.9580168776371308,0.07652394755100973,0.6393439783320736,0.09310142065743898,1.0,0.4651898734177215,0.7879879147971377,Surv-GAN
0.007248866891167753,0.9554852320675107,0.08312883181908375,0.6185689090450994,0.11318060649397947,2.0,0.41139240506329117,0.7814489232248002,Surv-GAN
0.009553375408350988,0.9453586497890295,0.08541693665338136,0.6729631204333585,0.10426352177147911,1.0,0.40822784810126583,0.7690786575968727,Surv-GAN
0.010061037580705347,0.9415611814345991,0.088301679797502,0.6761030801209372,0.10998874801979584,1.0,0.46835443037974683,0.7779102721984904,Surv-GAN
0.008998840404382659,0.9481012658227849,0.0786013256960169,0.6284714348702445,0.09278430845194388,1.0,0.4588607594936709,0.7619871932328387,Surv-GAN
0.007640805454560091,0.94957805907173,0.08725474012921589,0.6552791950113379,0.11002740602253841,1.0,0.44936708860759494,0.7698955418059454,Surv-GAN
0.009242095035883146,0.9476793248945147,0.08467327953521028,0.6769463340891912,0.08577148738353804,1.0,0.43670886075949367,0.7777375371906644,Surv-GAN
0.008002086348656151,0.9544303797468355,0.07671041059877437,0.6231001196775006,0.08503389268647696,1.0,0.4525316455696203,0.753475676139861,Surv-GAN
0.008077433750201656,0.9535864978902955,0.09386890076914496,0.6816389518770472,0.08717176894426482,1.0,0.4050632911392405,0.7698301014600161,Surv-GAN
0.0061941711777976725,0.9607594936708862,0.0792778678929671,0.5855741370622323,0.10471385594651489,1.0,0.4651898734177215,0.776535744273098,Surv-GAN
0.010151642168533927,0.939662447257384,0.08042090951334425,0.6626826656588561,0.09244795071683673,1.0,0.4208860759493671,0.7560843888965239,Surv-GAN
0.010862280902430133,0.939029535864979,0.09435828433664303,0.6906879881582262,0.10105468782823318,1.0,0.43354430379746833,0.7717829779973369,Surv-GAN
0.009312809650802807,0.9462025316455697,0.08938886998560093,0.6580994897959184,0.08885488618212017,1.0,0.41139240506329117,0.7746360028294278,Surv-GAN
0.008614585688127861,0.9506329113924052,0.08834161001193815,0.6308925422020659,0.10608340565828932,1.0,0.4588607594936709,0.7601418669737698,Surv-GAN
0.008265390089210393,0.9548523206751055,0.07492113288312065,0.6775699168556312,0.12605369691174462,1.0,0.44936708860759494,0.7858455640550213,Surv-GAN
0.008628693626215796,0.9508438818565401,0.08496301125386148,0.6585577286470143,0.09476134601268636,2.0,0.4430379746835443,0.7599185853171629,Surv-GAN
0.008771812363046194,0.94915611814346,0.09467424198353575,0.651512503149408,0.0908812974864373,1.0,0.4620253164556962,0.7708118921659344,Surv-GAN
0.008247785314197805,0.9508438818565402,0.08049852720596604,0.6348505605946082,0.08959986230392339,1.0,0.4272151898734177,0.7716777307127367,Surv-GAN
0.0074387290841516985,0.9542194092827005,0.07625554993213274,0.597585191484001,0.0783298509487083,1.0,0.47151898734177217,0.7670756228379843,Surv-GAN
0.010532359587592386,0.9402953586497891,0.08509655788825779,0.6637172461577224,0.1116708350827513,2.0,0.4177215189873418,0.7660595116818234,Surv-GAN
0.008544310351510069,0.9497890295358647,0.08138250206021777,0.6543477576215672,0.10648706432796552,1.0,0.43037974683544306,0.7473904298585247,Surv-GAN
0.008276814170558887,0.9506329113924052,0.08481857248666624,0.6489347127739985,0.09673440556104895,2.0,0.4620253164556962,0.7814159600599623,Surv-GAN
0.009237069163431609,0.9514767932489453,0.08613517815704426,0.6304106827916351,0.09368071421083927,1.0,0.44936708860759494,0.784202882954144,Surv-GAN
0.008418789931920604,0.9527426160337552,0.08730006963716068,0.6814736079617031,0.0860438544415904,1.0,0.4651898734177215,0.7586482189619966,Surv-GAN
0.007776576725847295,0.9533755274261605,0.07922665469908902,0.6358150667674478,0.09592229689029551,1.0,0.4272151898734177,0.7700850626107422,Surv-GAN
0.008214342602162318,0.9552742616033755,0.08183886983815236,0.6537218127991937,0.09309192498471491,2.0,0.439873417721519,0.7805691572250378,Surv-GAN
0.009182915514280332,0.9466244725738395,0.08478330445143525,0.6518250818846056,0.1022411797214778,1.0,0.4208860759493671,0.7424055764557295,Surv-GAN
0.007924950516753269,0.9527426160337552,0.08149218057799572,0.636799256739733,0.0913813678440888,2.0,0.46835443037974683,0.7645174631899017,Surv-GAN
0.008580114106008774,0.95,0.08660203518687834,0.6302539997480473,0.1197523373532575,1.0,0.4240506329113924,0.7793538136230058,Surv-GAN
0.00900168619308794,0.94957805907173,0.07547170013046717,0.6774502393550013,0.11910451968911043,1.0,0.43354430379746833,0.7586401397956797,Surv-GAN
0.008721536425010388,0.9491561181434599,0.0855502424180486,0.6665674603174604,0.10376651093929778,1.0,0.4272151898734177,0.7758592324992679,Surv-GAN
0.006936235412167908,0.9556962025316456,0.08470676306154622,0.643933453010834,0.09070889831233168,2.0,0.4430379746835443,0.7718276970987765,Surv-GAN
0.007758059424813394,0.9535864978902954,0.0871834543994965,0.689699074074074,0.08822356855630152,1.0,0.43354430379746833,0.7697639537317421,Surv-GAN
0.00998417116317109,0.9440928270042193,0.0849923401927542,0.658078231292517,0.09104494350564343,2.0,0.4620253164556962,0.7815799420139615,Surv-GAN
0.008178757764013802,0.950632911392405,0.09052213556800562,0.6390479339884101,0.09591738963714207,1.0,0.43670886075949367,0.7753198206340878,Surv-GAN
0.007861409224714722,0.9516877637130802,0.08472794842643014,0.6483489229024944,0.11201616081040766,1.0,0.4462025316455696,0.7839654354128673,Surv-GAN
0.008503171015680605,0.9506329113924051,0.0722388439784627,0.6200349584278155,0.09984711117776111,1.0,0.47151898734177217,0.771724424790252,Surv-GAN
0.008293635646176222,0.94957805907173,0.08051841408440986,0.6796634857646763,0.09056754320693573,1.0,0.4430379746835443,0.7699148013620604,Surv-GAN
0.008862264179012475,0.9466244725738397,0.0853381755724339,0.6604961892164274,0.08263472417217213,1.0,0.43037974683544306,0.7807805218290121,Surv-GAN
0.01035701266147676,0.9419831223628693,0.08508106140456344,0.6785493827160494,0.08675104232918963,1.0,0.439873417721519,0.7715706974136856,Surv-GAN
0.006624329344899576,0.9584388185654008,0.0861410794658199,0.6227599836230788,0.11605344077714676,1.0,0.4651898734177215,0.7633681534928093,Surv-GAN
0.00898102563201612,0.9449367088607594,0.08456150161352195,0.6704302091206854,0.11479902572689488,2.0,0.4462025316455696,0.7692505724743823,Surv-GAN
0.008947309615536645,0.9468354430379746,0.08556263037330128,0.6389235323759133,0.08600737063659601,1.0,0.4651898734177215,0.7745204374478328,Surv-GAN
0.008099335899050063,0.950632911392405,0.08941925303014624,0.6439814814814815,0.08961344285235542,1.0,0.4272151898734177,0.7580386360691884,Surv-GAN
0.007621199001171178,0.9559071729957805,0.07703996546832953,0.6505598072562359,0.16522284529647227,2.0,0.4525316455696203,0.7722629868616554,Surv-GAN
0.007799254467701637,0.9537974683544304,0.08060169316591731,0.6437019715293524,0.08707076972590945,1.0,0.44936708860759494,0.7785712413032058,Surv-GAN
0.00757056609323106,0.9571729957805908,0.07735613032155451,0.66501952632905,0.08936397048227337,2.0,0.47468354430379744,0.7808208742923185,Surv-GAN
0.009215752469154608,0.9462025316455697,0.07742628676154929,0.6752858087679516,0.09506839344411988,1.0,0.4620253164556962,0.7744750586306314,Surv-GAN
0.008404463864227368,0.9506329113924049,0.08403859365936865,0.6861835474930713,0.0826973385846237,1.0,0.4430379746835443,0.7601711919701714,Surv-GAN
0.009114697637360007,0.9466244725738399,0.08351473268339876,0.6685854434366341,0.10051742031991419,2.0,0.4050632911392405,0.7751121095347779,Surv-GAN
0.00753348862992799,0.9546413502109705,0.07892277972420338,0.6372319066515495,0.09968989086162443,1.0,0.45569620253164556,0.7610122696007235,Surv-GAN
0.009781317813450206,0.9419831223628693,0.08202680999033299,0.6630070546737212,0.08757987200141461,1.0,0.4177215189873418,0.7724804891853093,Surv-GAN
0.00756016666406135,0.9535864978902954,0.07866993834011259,0.6375944822373393,0.09636912146472855,1.0,0.4430379746835443,0.7688831786014221,Surv-GAN
0.008962720351313779,0.9470464135021096,0.07583316783009843,0.6241961136306375,0.10015518664954408,1.0,0.43354430379746833,0.7885331608534241,Surv-GAN
0.008808462174771322,0.9497890295358651,0.07519333775855414,0.6496897833207358,0.11384899052942088,2.0,0.3924050632911392,0.7660697665603646,Surv-GAN
0.009084022910111815,0.9470464135021097,0.08598336273975045,0.6684389959687579,0.08837649660438901,1.0,0.4651898734177215,0.7771924089903421,Surv-GAN
0.009202857022440286,0.9499999999999997,0.08350107380220347,0.6434319098009574,0.09605365321584339,1.0,0.4588607594936709,0.7691551427114575,Surv-GAN
0.0077071218100680525,0.9554852320675106,0.07866864656929215,0.6338907785336357,0.09359047504695339,2.0,0.4620253164556962,0.7732306640530245,Surv-GAN
0.008227096899246706,0.9537974683544305,0.08685576204032082,0.6447381267321743,0.09421833413125631,1.0,0.47151898734177217,0.767235190598278,Surv-GAN
0.008529618832169248,0.9502109704641352,0.07333316177401633,0.6137684240362812,0.07836221144413728,1.0,0.45569620253164556,0.7770300076134259,Surv-GAN
0.008977318063239845,0.94915611814346,0.08862427757574447,0.660167863441673,0.0931224754169982,1.0,0.43354430379746833,0.7746792487289454,Surv-GAN
0.008745162391876686,0.9445147679324895,0.09476830858236869,0.680557917611489,0.0887395647588737,1.0,0.4525316455696203,0.7730171915459271,Surv-GAN
0.008151380265225931,0.9521097046413503,0.07372278510947178,0.6265959624590578,0.16658859777600246,1.0,0.4430379746835443,0.7731183581927012,Surv-GAN
0.009089026698594191,0.9468354430379747,0.08816757799049836,0.6668249244142102,0.0897676534591056,1.0,0.4240506329113924,0.7704010423819458,Surv-GAN
0.008024408052798696,0.9510548523206751,0.0884615359158558,0.7006385424540187,0.09154674051940827,1.0,0.41139240506329117,0.7860285935354817,Surv-GAN
0.009519840338655631,0.9443037974683544,0.08850717392621586,0.7016463529856386,0.10139514848518183,1.0,0.43037974683544306,0.7634676803703091,Surv-GAN
0.007687915826591172,0.9544303797468353,0.0782773654597393,0.630567365835223,0.1109958279716781,1.0,0.40822784810126583,0.7653501040603681,Surv-GAN
0.009734934535413443,0.9468354430379747,0.0752556469729389,0.6210388321995465,0.0991969913692493,2.0,0.4462025316455696,0.7612409297235159,Surv-GAN
0.00839543400728623,0.9523206751054852,0.08669775988137621,0.6797729276895943,0.0893170027829366,3.0,0.4462025316455696,0.7752427209390559,Surv-GAN
0.009052906219232095,0.9464135021097047,0.08810001842726807,0.6362614953388762,0.10064498906459202,1.0,0.4525316455696203,0.7565807140330622,Surv-GAN
0.009066345902697255,0.94831223628692,0.07828142890246535,0.642641408415218,0.08310557672935559,2.0,0.47468354430379744,0.7872355743078261,Surv-GAN
0.007421079778247181,0.9556962025316456,0.08524424998781993,0.6423595364071554,0.09421598135535535,1.0,0.45569620253164556,0.7738351424352232,Surv-GAN
0.009421386675645503,0.9434599156118143,0.0800197858524998,0.6566421012849584,0.10369262715583234,1.0,0.4240506329113924,0.7620814469735191,Surv-GAN
0.0075570508571898365,0.9542194092827005,0.08904785202047101,0.6707829428067523,0.09126840843502368,1.0,0.48417721518987344,0.7569153573030367,Surv-GAN
0.008807246406546974,0.9453586497890296,0.09047509372970972,0.6433760078105315,0.0893452796710552,1.0,0.44936708860759494,0.7612883265835193,Surv-GAN
0.0092574519032554,0.9440928270042194,0.06902682746915047,0.6289572310405644,0.1505653721087643,1.0,0.49050632911392406,0.7732302172970232,Surv-GAN
0.008003011129090186,0.9554852320675106,0.08753386922943904,0.6360441861929957,0.09359786579976502,1.0,0.4810126582278481,0.7839243018897578,Surv-GAN
0.008892666434752946,0.9462025316455696,0.0823456021367342,0.6858516786344168,0.08899549939198373,1.0,0.48417721518987344,0.7705963539782248,Surv-GAN
0.007917298898616518,0.9552742616033755,0.07692033593473477,0.6600678697404888,0.10089741879754698,1.0,0.46835443037974683,0.7556020802740532,Surv-GAN
0.009796890205685655,0.9451476793248946,0.08725263881812602,0.6331805870496346,0.10428080428060607,1.0,0.4462025316455696,0.7717118613920234,Surv-GAN
0.008237948044242051,0.9478902953586499,0.07641458343468335,0.625013384983623,0.12636700071745108,1.0,0.4462025316455696,0.7638287216138198,Surv-GAN
0.011069972150183573,0.939240506329114,0.09675508136766038,0.6842797304106828,0.09142262124540664,1.0,0.48417721518987344,0.7869853870718453,Surv-GAN
0.008393586319969597,0.9510548523206751,0.0838823517304468,0.6372960758377426,0.08362186561430919,2.0,0.48417721518987344,0.7827581031552393,Surv-GAN
0.009276602322238396,0.9447257383966245,0.08558617805632855,0.6441767447719828,0.09534962108180141,1.0,0.43037974683544306,0.7641763849080764,Surv-GAN
0.008434675144971716,0.9478902953586498,0.08792012334915285,0.651214096749811,0.08263013889953459,1.0,0.43037974683544306,0.7733923852197843,Surv-GAN
0.00864644964893333,0.94915611814346,0.07683190415513805,0.6011747291509196,0.08655070720602026,1.0,0.4620253164556962,0.7641705774932145,Surv-GAN
0.008939049614846772,0.9483122362869199,0.07765930314078556,0.6371409674981103,0.09169973722835835,1.0,0.48417721518987344,0.7751677471904691,Surv-GAN
0.01210119966214442,0.9341772151898733,0.0881313534245006,0.6660643424036281,0.09765231274968698,1.0,0.4272151898734177,0.7674356683880177,Surv-GAN
0.00940715524799771,0.9464135021097044,0.08374544376877649,0.6417154824892919,0.09613637620841378,1.0,0.44936708860759494,0.7579315081310676,Surv-GAN
0.009247865677091535,0.9487341772151899,0.08576117145239133,0.6718151612496851,0.08295528995910534,1.0,0.44936708860759494,0.782003793941933,Surv-GAN
0.009179382668333723,0.9493670886075949,0.07520179185158032,0.6199152809271856,0.10269066242510243,1.0,0.45569620253164556,0.7611971837803168,Surv-GAN
0.009511071482612895,0.9464135021097045,0.07647644446342736,0.6210986709498615,0.09300813390068481,1.0,0.46835443037974683,0.770817341580055,Surv-GAN
0.008450219888510201,0.9508438818565401,0.08575149615497761,0.6327089632149157,0.0937627651992593,1.0,0.4620253164556962,0.7734356819844466,Surv-GAN
0.009439302036982209,0.9457805907172996,0.09517639315145819,0.6626299130763417,0.08734192210220909,1.0,0.43354430379746833,0.758038691923874,Surv-GAN
0.008158045149570178,0.9521097046413501,0.08811331055803472,0.6897644242882338,0.09584657274750799,1.0,0.45569620253164556,0.7699825858621362,Surv-GAN
0.007850400054497995,0.9546413502109705,0.08868490442399275,0.6600332262534643,0.0925903587256214,7.0,0.43354430379746833,0.7735289919735573,Surv-GAN
0.008123382221909224,0.9495780590717299,0.08660590778419933,0.6271289997480474,0.1082097923348852,1.0,0.43037974683544306,0.7642649284215532,Surv-GAN
0.008531906500635483,0.9476793248945146,0.09499395651114295,0.6307791635172587,0.09497665465534175,2.0,0.4588607594936709,0.7746442767693199,Surv-GAN
0.009720718500033759,0.94831223628692,0.08728899134775812,0.6737071680524063,0.09110318138466848,1.0,0.4462025316455696,0.7750639816244144,Surv-GAN
0.009503215973765751,0.9447257383966243,0.08647635632047992,0.6352040816326531,0.1045387571565753,1.0,0.43354430379746833,0.7611763795826603,Surv-GAN
0.009256820651632441,0.9453586497890296,0.07686560401971781,0.6703703703703703,0.11326475859912224,1.0,0.4462025316455696,0.7674733965702804,Surv-GAN
0.007649937604228801,0.9548523206751055,0.07916740887189888,0.6282777462836987,0.09130953795509701,1.0,0.47468354430379744,0.7745015486281256,Surv-GAN
0.011143452719195921,0.9413502109704641,0.0918451424182643,0.6942554799697658,0.09138450175083655,1.0,0.4430379746835443,0.7757912193301842,Surv-GAN
0.008363347414437589,0.9491561181434599,0.08189314827366106,0.6284659234063996,0.08796407560730903,1.0,0.47151898734177217,0.7919000376952854,Surv-VAE
0.009742995422251103,0.9464135021097047,0.07535813070773807,0.6553610796170319,0.15677124828461483,2.0,0.4462025316455696,0.7927196864996262,Surv-VAE
0.006455026980815273,0.960126582278481,0.06134913231061119,0.5814995905769715,0.09334728971688605,2.0,0.509493670886076,0.7916468300592006,Surv-VAE
0.008556251098960861,0.9489451476793249,0.07551234314446356,0.6210750503905266,0.09713764960622302,1.0,0.45569620253164556,0.8105815692350634,Surv-VAE
0.006377819231185169,0.9514767932489451,0.08073103091969806,0.635506424792139,0.15541462131322084,2.0,0.43670886075949367,0.7810435062264823,Surv-VAE
0.007360252770603644,0.9533755274261605,0.08719851056798673,0.6607064121945074,0.08770942725965648,1.0,0.4778481012658228,0.7965481885911753,Surv-VAE
0.009180157755930373,0.9434599156118143,0.07792437415223254,0.6575735386747291,0.10924046715815866,1.0,0.45569620253164556,0.7953473235519002,Surv-VAE
0.0074747605052064795,0.9569620253164557,0.06655665776506002,0.6487811791383219,0.0997320314697084,1.0,0.43354430379746833,0.7973500027029722,Surv-VAE
0.008226861649706783,0.9516877637130803,0.061089963765110146,0.6603245464852607,0.08419813862550532,1.0,0.4430379746835443,0.8219896312056297,Surv-VAE
0.008246205848867563,0.9512658227848102,0.06862944063926173,0.6475836167800454,0.09561722337679143,1.0,0.4462025316455696,0.7796942710531468,Surv-VAE
0.0062700048997989775,0.9578059071729957,0.08425683098663521,0.6426154257999497,0.08758557797808847,2.0,0.44936708860759494,0.810801148659198,Surv-VAE
0.007753863282917448,0.9510548523206751,0.06184773692557517,0.608660084404132,0.10866872995822131,1.0,0.48417721518987344,0.7945212315258324,Surv-VAE
0.00799096099672063,0.9514767932489452,0.07944496946535104,0.6244472789115646,0.12250310458393537,1.0,0.47468354430379744,0.807925776260572,Surv-VAE
0.008097533855058316,0.9537974683544304,0.07795676630512337,0.6576664462081128,0.08806187408001494,2.0,0.509493670886076,0.7986982672487404,Surv-VAE
0.007500766661830091,0.9548523206751055,0.08406795458949824,0.6408777399848828,0.10636408894550262,1.0,0.46835443037974683,0.8022380371074147,Surv-VAE
0.008637775773058918,0.9481012658227849,0.07598536828808201,0.6301083396321492,0.08230972236017935,4.0,0.49683544303797467,0.8005186594781124,Surv-VAE
0.008118420109641707,0.9537974683544302,0.06827339116457838,0.6542741402116403,0.08717606767917352,1.0,0.5063291139240507,0.8060949825320932,Surv-VAE
0.007018593995934583,0.9586497890295359,0.07391001364117591,0.5920524691358025,0.09771518715198496,1.0,0.5031645569620253,0.8066512976816165,Surv-VAE
0.00636929716159236,0.9599156118143461,0.07841114204714586,0.6358536470143612,0.08797709353882553,1.0,0.4588607594936709,0.8099195838381275,Surv-VAE
0.007620572689829707,0.94957805907173,0.08019665742180351,0.6185452884857648,0.08800370173779541,1.0,0.4651898734177215,0.7895866171449241,Surv-VAE
0.006364367855833264,0.957805907172996,0.07425220537018364,0.6100796800201562,0.085753709754726,3.0,0.5031645569620253,0.8005912757180141,Surv-VAE
0.007228409938299302,0.9565400843881856,0.07029347458217014,0.5998637881078357,0.08047824102488373,1.0,0.48417721518987344,0.8088658155654812,Surv-VAE
0.008020881119022669,0.9514767932489451,0.06998774091955434,0.6617543776769967,0.09649506248918464,1.0,0.4525316455696203,0.8034497406803959,Surv-VAE
0.007807175490563685,0.9527426160337554,0.06909031789694105,0.6362370874275636,0.0965961704727714,1.0,0.4873417721518987,0.8179054892807015,Surv-VAE
0.00864087296414552,0.9476793248945147,0.06640611407802402,0.6086577223481986,0.08812430691190265,2.0,0.46835443037974683,0.8022693192071882,Surv-VAE
0.007526828866988728,0.9552742616033754,0.08094515802417057,0.6571215986394559,0.08504057342063236,1.0,0.4588607594936709,0.8021711097039954,Surv-VAE
0.008743449228237941,0.95084388185654,0.06444257601107786,0.6594458616780046,0.07807999178434084,2.0,0.4810126582278481,0.809097465363995,Surv-VAE
0.006981651074340833,0.9580168776371308,0.07503706896334583,0.6014786470143614,0.11637689978908501,1.0,0.47151898734177217,0.7759370882204741,Surv-VAE
0.009422911000960212,0.9464135021097047,0.08548779889573065,0.6672414336104813,0.09466169392665437,1.0,0.43037974683544306,0.8018039062878439,Surv-VAE
0.008565669422089632,0.950632911392405,0.07867160760821781,0.6520305807508189,0.08548909703971685,1.0,0.4588607594936709,0.8088335082071042,Surv-VAE
0.0084787772280202,0.9508438818565402,0.07265267629651001,0.5851529037540942,0.09906691970393212,2.0,0.4810126582278481,0.7992773732635279,Surv-VAE
0.007641818735176974,0.9527426160337554,0.08494548369744545,0.6209191546989166,0.09078387762910672,1.0,0.4651898734177215,0.7878587625094647,Surv-VAE
0.00727945526774642,0.9556962025316457,0.06660917979128832,0.6192602040816326,0.13286854697913714,1.0,0.4525316455696203,0.7960398217077047,Surv-VAE
0.008077304893468728,0.9512658227848101,0.07101714225097977,0.6381747606449987,0.08095015918010486,1.0,0.5,0.7866663133253256,Surv-VAE
0.007901251890996133,0.9531645569620254,0.0704692386614206,0.6434563177122701,0.12521493683457133,2.0,0.4651898734177215,0.797129594948141,Surv-VAE
0.008278720908818578,0.9506329113924051,0.0815400852209969,0.6454624905517763,0.09201345195116728,2.0,0.4430379746835443,0.7902201174506461,Surv-VAE
0.008437599078544588,0.9535864978902955,0.07533813828461225,0.6342498110355254,0.11124944462961141,1.0,0.4588607594936709,0.8018864859161748,Surv-VAE
0.007936919041821153,0.9521097046413501,0.059795412590582804,0.5943720080624842,0.11602677850344247,1.0,0.49683544303797467,0.805446782003842,Surv-VAE
0.008528368752825605,0.9495780590717299,0.08138769332965513,0.6513920382968001,0.1069476399649747,1.0,0.46835443037974683,0.8030928703914563,Surv-VAE
0.008002499803093024,0.9518987341772153,0.07373544912414319,0.6074475623582766,0.09457641461754522,1.0,0.4810126582278481,0.7956227899710071,Surv-VAE
0.008099148063059293,0.9540084388185653,0.0690547467047594,0.6263416477702192,0.09226570931361115,3.0,0.4272151898734177,0.7876031541703732,Surv-VAE
0.006895747151429708,0.9550632911392404,0.07205039905335615,0.5888770786092214,0.12486637129796477,2.0,0.46835443037974683,0.8028684805466649,Surv-VAE
0.008360381175751873,0.9516877637130801,0.07208637234821538,0.6056075207860923,0.0951401896880603,1.0,0.4873417721518987,0.808749429712878,Surv-VAE
0.0077320230227025675,0.9559071729957808,0.0753814809279212,0.6386731544469639,0.10029886926469134,1.0,0.4873417721518987,0.8110028604794974,Surv-VAE
0.007608591716812504,0.9559071729957805,0.07179824828807627,0.6182122385991433,0.14056125942431533,1.0,0.46835443037974683,0.8055184422667794,Surv-VAE
0.008771484841091538,0.9485232067510548,0.07834051944453017,0.6090411627614009,0.12136383049128296,1.0,0.46835443037974683,0.8120216544176495,Surv-VAE
0.008265871581612462,0.9491561181434598,0.07686498984463848,0.5789619551524312,0.09274995446236804,2.0,0.4272151898734177,0.793708913627831,Surv-VAE
0.006583731709958996,0.9603375527426163,0.061622313128322316,0.606149218946838,0.08639706894969801,2.0,0.4936708860759494,0.8000865825126996,Surv-VAE
0.006719320471745702,0.959915611814346,0.0730212793938195,0.6414485701688083,0.08881427133111124,3.0,0.4525316455696203,0.7965875897804972,Surv-VAE
0.006566389357245431,0.959071729957806,0.062440638814365346,0.6102056563366087,0.0832321508744546,1.0,0.47151898734177217,0.7685747185937283,Surv-VAE
0.008004654020180548,0.9548523206751054,0.07543441513099629,0.6034737969261779,0.08295052560634324,2.0,0.4778481012658228,0.7956154388679517,Surv-VAE
0.008444940139663026,0.9497890295358649,0.06576644883785682,0.6259322247417485,0.16172976658242347,1.0,0.4651898734177215,0.7900426089730732,Surv-VAE
0.007414051793730437,0.9588607594936709,0.07676299402920164,0.6106977513227514,0.09437259916770915,1.0,0.43354430379746833,0.7835435706863311,Surv-VAE
0.006197855519824835,0.960126582278481,0.07305849397238126,0.6275100781053162,0.0831991321946605,1.0,0.49050632911392406,0.8062731734579881,Surv-VAE
0.009064895529535136,0.9487341772151899,0.0776071070308208,0.650760582010582,0.09642440677242001,1.0,0.4620253164556962,0.7927382264104829,Surv-VAE
0.007964063687160934,0.9521097046413501,0.07198078867354238,0.5975410997732427,0.08289390839914511,3.0,0.4810126582278481,0.7905060020233774,Surv-VAE
0.008105634203421775,0.9529535864978903,0.06857808544244776,0.5897620622323003,0.10718496882893667,1.0,0.49050632911392406,0.8046779292633478,Surv-VAE
0.008114973266465831,0.9518987341772152,0.06353132270729572,0.654769778281683,0.08207804935051928,4.0,0.4588607594936709,0.7805844866085511,Surv-VAE
0.006939818877581803,0.9613924050632912,0.06913596853206788,0.5931240551776267,0.08643855190250103,3.0,0.4873417721518987,0.7997832202505117,Surv-VAE
0.006597554441119291,0.9626582278481012,0.08387535163219008,0.649221308893928,0.10048991118231632,1.0,0.40189873417721517,0.7959810660516584,Surv-VAE
0.007169788262736841,0.9548523206751054,0.08094091256761937,0.6706388573948098,0.16492925343841142,1.0,0.4462025316455696,0.8008702659966533,Surv-VAE
0.008030885453975347,0.9537974683544304,0.07005835787988579,0.5971741937515747,0.08722372175571591,1.0,0.49683544303797467,0.8127719905456284,Surv-VAE
0.0070249473959700754,0.958438818565401,0.050880376154360064,0.6097639518770471,0.12332375191021715,1.0,0.5284810126582279,0.7968879739938863,Surv-VAE
0.007763413152119298,0.9525316455696203,0.08257929353727625,0.5984489166036785,0.09707497216285439,1.0,0.4525316455696203,0.8076311235981742,Surv-VAE
0.008591941885856984,0.9521097046413503,0.08068132377463381,0.6420170382968002,0.09541183022412911,1.0,0.47151898734177217,0.8152666861627237,Surv-VAE
0.0068074814978503345,0.9571729957805907,0.06939685632792154,0.6318224048878811,0.09648505185702634,1.0,0.4810126582278481,0.8052135912200507,Surv-VAE
0.008207102125167455,0.9499999999999998,0.07318534704768637,0.6367575270849081,0.1148054118862252,1.0,0.48417721518987344,0.8027807806436809,Surv-VAE
0.008433304231050634,0.9550632911392406,0.07643306242718231,0.6308886054421768,0.0975461172171072,1.0,0.4462025316455696,0.7911539134912214,Surv-VAE
0.00859112224136668,0.9499999999999998,0.06520221170124578,0.6273344986142605,0.10257676800370735,1.0,0.47151898734177217,0.7991850162856171,Surv-VAE
0.008665590092573556,0.948101265822785,0.07496517645548598,0.6415320294784581,0.11721649129755601,1.0,0.47151898734177217,0.7922062705330764,Surv-VAE
0.006522211891493112,0.9599156118143459,0.0747230771352688,0.6460049760644999,0.09128522949820754,1.0,0.509493670886076,0.797639312320839,Surv-VAE
0.008114066082635658,0.947679324894515,0.07090137781808,0.5811712648022171,0.09464203886562741,2.0,0.5,0.7980090470420984,Surv-VAE
0.007298707314174133,0.9580168776371311,0.06548812449602147,0.5879755605946082,0.08044414302985675,1.0,0.4873417721518987,0.7997736315724229,Surv-VAE
0.007328752020959141,0.9548523206751054,0.06491725787191219,0.6243811413454271,0.09088215703234051,3.0,0.4525316455696203,0.7845243704694252,Surv-VAE
0.0077758375455274495,0.9554852320675107,0.07791146764597819,0.5994535777273873,0.08101437166132557,2.0,0.4430379746835443,0.8046942203591525,Surv-VAE
0.007953122028885708,0.950632911392405,0.08150025810880754,0.6053508440413202,0.08894755487321031,2.0,0.4272151898734177,0.7755432936647619,Surv-VAE
0.009749898216941614,0.9478902953586498,0.07207145866962153,0.6803437578735197,0.09452663370135284,1.0,0.46835443037974683,0.7932754927306491,Surv-VAE
0.008861196018907119,0.9481012658227848,0.07585086155230922,0.6615221088435373,0.08601859113385167,1.0,0.4873417721518987,0.8104248075030093,Surv-VAE
0.009098491212618834,0.9518987341772153,0.07289347519261025,0.6290005353993449,0.09559724030156147,1.0,0.44936708860759494,0.7956261898525894,Surv-VAE
0.007739730384876092,0.9542194092827004,0.06560449434090697,0.614154226505417,0.10410364188308117,1.0,0.5,0.79222787835405,Surv-VAE
0.008009793840602518,0.9495780590717299,0.08292877814380101,0.5916249370118417,0.08745910304635932,1.0,0.46835443037974683,0.8041647264419332,Surv-VAE
0.007751593077706334,0.9567510548523206,0.07124933347007814,0.6139195956160242,0.11484699988194418,2.0,0.4525316455696203,0.7921792291524918,Surv-VAE
0.007779399548294125,0.9516877637130802,0.06859337848300845,0.6261574074074074,0.10761478032753613,1.0,0.47151898734177217,0.8025955497013949,Surv-VAE
0.007697459804504946,0.9527426160337552,0.07777945479728954,0.6429547745023935,0.11721316629707748,2.0,0.4873417721518987,0.7732155360993171,Surv-VAE
0.009615410750757704,0.9464135021097045,0.08499751097656341,0.6109552154195012,0.08369814797778528,1.0,0.48417721518987344,0.7835737421941246,Surv-VAE
0.007970305490537545,0.9563291139240506,0.06959663770756935,0.617329617031998,0.12240100770208168,1.0,0.44936708860759494,0.808402274557274,Surv-VAE
0.00763996824887532,0.9510548523206752,0.07540166618327564,0.6105725623582766,0.09439845234470429,1.0,0.48417721518987344,0.7970712664099641,Surv-VAE
0.007881273044462907,0.9504219409282701,0.07752602062947779,0.6226040879314689,0.11923215702865451,2.0,0.4430379746835443,0.7952251363993728,Surv-VAE
0.007778358419195348,0.9514767932489452,0.07641878772991219,0.6363071617535903,0.10090728850968042,1.0,0.4272151898734177,0.7969392463342425,Surv-VAE
0.007647071911168187,0.9550632911392405,0.07219753353633265,0.6129503653313177,0.11744445579502713,1.0,0.4430379746835443,0.7965660220350597,Surv-VAE
0.006501196499579148,0.9571729957805909,0.0688102878860333,0.6386188271604938,0.1094067610757348,2.0,0.4588607594936709,0.8131873089021033,Surv-VAE
0.00807679765494515,0.9502109704641349,0.0795055454444739,0.600403124212648,0.09409375320924082,2.0,0.4430379746835443,0.7917714725107423,Surv-VAE
0.007922580791670245,0.9537974683544304,0.08024883664265514,0.6083758503401361,0.08189478365922284,2.0,0.5031645569620253,0.8048102288585129,Surv-VAE
0.007454087091729429,0.9527426160337552,0.08633915506935502,0.5863087364575461,0.10305826582393701,1.0,0.4430379746835443,0.8044564678865863,Surv-VAE
0.007722346503894572,0.9550632911392403,0.07315590324435424,0.5857851473922902,0.07301693987090244,1.0,0.5158227848101266,0.8198976529697312,Surv-VAE
0.00840339276851834,0.9483122362869199,0.07687735374576182,0.6255574452003023,0.09889234109881609,1.0,0.43354430379746833,0.7958312046200748,Surv-VAE
0.006761239470097094,0.9584388185654009,0.07177296608434922,0.6116874527588814,0.11380580611041873,3.0,0.44936708860759494,0.8010611754632811,Surv-VAE
0.008009563198613675,0.9529535864978903,0.07711951508581764,0.6470017636684303,0.1252935259864135,1.0,0.4778481012658228,0.7968732403566677,Surv-VAE
0.00885586334409846,0.9521097046413504,0.06746158000334336,0.5829380826404635,0.11317560194102076,1.0,0.49050632911392406,0.7893043791899123,Surv-VAE
0.009221859855715527,0.9464135021097047,0.0752204074756135,0.6380684681279919,0.0999838228240504,1.0,0.49050632911392406,0.808380852380988,Surv-VAE
0.007977943995771487,0.9523206751054851,0.0758524273033278,0.6438862118921643,0.07658257089523354,1.0,0.4810126582278481,0.8015820938560503,Surv-VAE
0.007896188453426543,0.9544303797468355,0.07464738788190552,0.6144360985134794,0.08406855383287763,1.0,0.4810126582278481,0.7949261424872259,Surv-VAE
0.0075331940443490565,0.9510548523206751,0.0702273439034936,0.6395730977576215,0.15311998499851118,1.0,0.4651898734177215,0.7990911189637585,Surv-VAE
0.007577233589468166,0.9544303797468354,0.07507035561868572,0.6237520471151423,0.11194806894210112,1.0,0.4620253164556962,0.7960414854284935,Surv-VAE
0.009413766995942407,0.9506329113924052,0.0613234383861222,0.6291170634920636,0.15292676651844847,2.0,0.48417721518987344,0.8050176054112799,Surv-VAE
0.007720942234322427,0.9552742616033754,0.0757149026669351,0.625380291005291,0.08604469060221898,2.0,0.46835443037974683,0.7911586578802849,Surv-VAE
0.007708413200697083,0.9514767932489451,0.07192546002445604,0.6569428697404888,0.0875312263212146,1.0,0.49683544303797467,0.8100541469229302,Surv-VAE
0.007454476092222872,0.9552742616033755,0.07522017482173952,0.6276226694381457,0.08182324289670195,1.0,0.47151898734177217,0.8065301722706621,Surv-VAE
0.006814176152930887,0.9586497890295359,0.0846176659769062,0.6249236268581506,0.14029281238781244,1.0,0.45569620253164556,0.7972586087883953,Surv-VAE
0.008897873649303641,0.9426160337552745,0.08293607169487245,0.5924130763416477,0.09257264581554313,1.0,0.48417721518987344,0.794499112944556,Surv-VAE
0.00834230049934704,0.9466244725738397,0.07210767870943699,0.6674343348450491,0.10074982138152572,1.0,0.4588607594936709,0.8075938257013432,Surv-VAE
0.006768959319115364,0.9559071729957805,0.06813342760223999,0.6611945704207608,0.08816396910792615,1.0,0.5031645569620253,0.7871828360257788,Surv-VAE
0.010670287812951007,0.941139240506329,0.07926872628914791,0.6436791383219955,0.07745040580613323,1.0,0.44936708860759494,0.7910922388847212,Surv-VAE
0.008147930717953854,0.9502109704641349,0.07825288660536454,0.6452947845804988,0.08692201183585645,1.0,0.4651898734177215,0.8082822771796959,Surv-VAE
0.008521304728069822,0.9508438818565401,0.0825676989750061,0.6257826278659612,0.0797481250247143,1.0,0.4620253164556962,0.7981388351176755,Surv-VAE
0.00800153417125,0.9537974683544305,0.07815965601160747,0.6443511432350718,0.10521128578566709,2.0,0.47468354430379744,0.7968114026483851,Surv-VAE
0.006645033125726651,0.9611814345991563,0.07006327152206751,0.6060043461829177,0.15339679774925338,2.0,0.5316455696202531,0.7921826539647151,Surv-VAE
0.007385895972585942,0.9554852320675106,0.05992273360014628,0.5725977891156463,0.1259217492921751,1.0,0.46835443037974683,0.7922085098396381,Surv-VAE
0.0075600494967115765,0.9542194092827004,0.08313349815234103,0.6371622260015117,0.08292276902651369,1.0,0.439873417721519,0.7919680924350027,Surv-VAE
0.009016076803098757,0.9470464135021096,0.07405311918587132,0.6412895250692869,0.08158945175405145,1.0,0.4525316455696203,0.8031680466953393,Surv-VAE
0.00883742292103919,0.9478902953586499,0.0814918895221566,0.643121693121693,0.09780539551777497,1.0,0.4588607594936709,0.792341790924837,Surv-VAE
0.008670983534795139,0.9466244725738399,0.06944951511950809,0.6186980347694633,0.09085162749743238,1.0,0.4430379746835443,0.8127071630429361,Surv-VAE
0.007357656425486883,0.9569620253164556,0.06255626923177375,0.6278502141597381,0.07621982527654607,2.0,0.4588607594936709,0.8036434591875911,Surv-VAE
0.009143848393772915,0.9474683544303797,0.06899859539649132,0.6124543335852859,0.0913920712300043,1.0,0.439873417721519,0.8066200717289509,Surv-VAE
0.009087570956659173,0.948945147679325,0.08399541775735,0.5972001763668431,0.08676263161442477,1.0,0.4651898734177215,0.79971205526918,Surv-VAE
0.007089081087511717,0.9556962025316456,0.06824169784108734,0.6134629314688839,0.09470807277798267,1.0,0.49050632911392406,0.788535458241364,Surv-VAE
0.006538554154965963,0.9588607594936709,0.07356606890364224,0.6174240992693374,0.08507173493134952,1.0,0.5,0.7984293216583771,Surv-VAE
0.00989660831772133,0.9417721518987342,0.08708932380100684,0.6441192680776014,0.09105409939445683,1.0,0.41455696202531644,0.802635053608094,Surv-VAE
0.00793121400047502,0.9533755274261603,0.07054415499147407,0.6291934366339129,0.10105324327843077,2.0,0.439873417721519,0.78960736585,Surv-VAE
0.00735148394951464,0.9537974683544305,0.08242624848774498,0.628001385739481,0.08256796612742504,1.0,0.44936708860759494,0.787621941379894,Surv-VAE
0.0062218321220687735,0.9635021097046416,0.06513752716062257,0.5864213277903755,0.08211827301836297,2.0,0.5158227848101266,0.7870812835445378,Surv-VAE
0.008392615676567353,0.95042194092827,0.07643720072604343,0.6452191987906273,0.11062552927750685,1.0,0.4651898734177215,0.7951568850685012,Surv-VAE
0.008565135342139424,0.9502109704641352,0.08029368387754479,0.6539107772738725,0.08735053272100522,2.0,0.4430379746835443,0.8086066659995956,Surv-VAE
0.007841232078763225,0.9525316455696202,0.07524621448178982,0.6243520093222474,0.13192024484907885,1.0,0.47151898734177217,0.8071830681520364,Surv-VAE
0.00809435215470707,0.9478902953586499,0.07913838732132228,0.6589403817082389,0.12128639659443471,1.0,0.44936708860759494,0.8037604998061341,Surv-VAE
0.006932996682327469,0.959071729957806,0.07953442880419136,0.6099025258251449,0.08365895593033826,1.0,0.45569620253164556,0.810442433250485,Surv-VAE
0.006756474255823964,0.9559071729957807,0.07525066686937697,0.5928350970017637,0.08861439235816873,1.0,0.4810126582278481,0.7804942887296824,Surv-VAE
0.008031791003607737,0.9525316455696202,0.08099202513302385,0.6651297556059461,0.0830361045245322,1.0,0.4651898734177215,0.7967871066147063,Surv-VAE
0.00888572600147718,0.9462025316455696,0.078751551416871,0.6364693562610229,0.09592101030191928,1.0,0.49050632911392406,0.8117452660145406,Surv-VAE
0.007445516372536635,0.9556962025316457,0.06621869276644844,0.6023715041572185,0.10207601840376677,1.0,0.46835443037974683,0.814405129492986,Surv-VAE
0.007331696057295894,0.957805907172996,0.06937116257576428,0.599125251952633,0.09864003878914664,1.0,0.509493670886076,0.8022974527384429,Surv-VAE
0.007963028218208594,0.9533755274261604,0.06554790721124493,0.6056468883849837,0.08861148588624364,1.0,0.4778481012658228,0.8021208276139233,Surv-VAE
0.00873822576372988,0.9510548523206751,0.07229926429939385,0.6267967372134039,0.09017366628496956,2.0,0.5063291139240507,0.791479062387151,Surv-VAE
0.006834191566593273,0.9588607594936709,0.06958778477631407,0.6399565381708239,0.08269688938996075,2.0,0.4430379746835443,0.8217667165238854,Surv-VAE
0.010664303970509931,0.9409282700421941,0.06938561995876916,0.6562980284706474,0.08299668315220843,1.0,0.439873417721519,0.8112912717442745,Surv-VAE
0.008753593838799723,0.9481012658227848,0.07844576518029768,0.617177658100277,0.08673262719814014,1.0,0.46835443037974683,0.7932641234608677,Surv-VAE
0.008996037724796065,0.948101265822785,0.07400727877323547,0.6222285210380448,0.09972381170713944,1.0,0.4462025316455696,0.7963867153612616,Surv-VAE
0.010147140734146071,0.9438818565400845,0.07907440836321866,0.6495205026455027,0.08496888928757017,4.0,0.43037974683544306,0.8019840997991213,Surv-VAE
0.0075453289031859605,0.9544303797468353,0.08478073785024848,0.6046823822121441,0.08818485313681362,1.0,0.4588607594936709,0.8015946825462824,Surv-VAE
0.009542238087925852,0.9434599156118144,0.0887459707924485,0.6066035210380448,0.09148673496305776,1.0,0.47151898734177217,0.7927401541020811,Surv-VAE
0.009099383490367057,0.942405063291139,0.079563588729782,0.6552673847316705,0.09262899526193019,1.0,0.4651898734177215,0.7905915192381737,Surv-VAE
0.008417786324455083,0.9506329113924049,0.07392588923489242,0.6261078042328043,0.0955135436533056,1.0,0.47151898734177217,0.8128210934387792,Surv-VAE
0.009621351258003497,0.9436708860759494,0.08171558317502253,0.6386652809271857,0.09899905483346834,1.0,0.4588607594936709,0.7967495615498452,Surv-VAE
0.007933593623320908,0.9529535864978904,0.07497509544236547,0.6046406525573192,0.11922969257585253,2.0,0.4588607594936709,0.7985380541026305,Surv-VAE
0.00885098819436189,0.9521097046413503,0.07009029692375972,0.6150439342403629,0.10216195466884417,1.0,0.48417721518987344,0.8099886894074909,Surv-VAE
0.006678110310666489,0.9626582278481014,0.07189166341469926,0.6280305177626605,0.09894890665393088,1.0,0.4620253164556962,0.8004980333515682,Surv-VAE
0.009238593666868241,0.9470464135021097,0.06905571205532526,0.5732851473922903,0.09708442593996341,1.0,0.4651898734177215,0.7944709145724355,Surv-VAE
0.008580256901382189,0.9525316455696202,0.06450787471157968,0.6337026014109347,0.09729401622910079,3.0,0.4651898734177215,0.7973237281287905,Surv-VAE
0.008408741313039656,0.9523206751054852,0.07304967300726242,0.5912548815822626,0.08584564596121047,2.0,0.44936708860759494,0.7882483895693857,Surv-VAE
0.007866456651971722,0.9512658227848101,0.07414106371203251,0.6361882716049383,0.08418732377107759,2.0,0.47468354430379744,0.7826862550615304,Surv-VAE
0.007884184400156409,0.9508438818565401,0.0744197444643091,0.6353505291005291,0.08874540486703172,1.0,0.439873417721519,0.7963539832062073,Surv-VAE
0.008747210896835538,0.9491561181434599,0.07686471905207252,0.5908871882086169,0.0823292035367422,1.0,0.4525316455696203,0.797571654779616,Surv-VAE
0.008729277352441821,0.9476793248945147,0.07487616132333579,0.5929705215419501,0.10984345022956687,1.0,0.4525316455696203,0.8048915978200999,Surv-VAE
0.00992332866366696,0.9421940928270043,0.08186745303751422,0.6293934240362812,0.0832588621284858,1.0,0.4778481012658228,0.7739465376216975,Surv-VAE
0.008890720320812213,0.9493670886075949,0.06776808884821442,0.615643896447468,0.10113886425544563,2.0,0.4778481012658228,0.8053950844915497,Surv-VAE
0.008218369066127574,0.9506329113924052,0.0846198962376177,0.6219309019904258,0.09219846337381458,1.0,0.4462025316455696,0.802838302890978,Surv-VAE
0.007821976412406836,0.9502109704641352,0.07297719583059123,0.5877606135046612,0.09245356903229486,1.0,0.47151898734177217,0.7966340130916305,Surv-VAE
0.007384141133251376,0.9533755274261604,0.07057041371038697,0.663847159234064,0.10520119488167366,1.0,0.43354430379746833,0.8063121898944301,Surv-VAE
0.008205001237528367,0.9508438818565402,0.0810739404102825,0.6099033131771228,0.08113522215127439,1.0,0.45569620253164556,0.8139329454854247,Surv-VAE
0.008238781172778795,0.9523206751054852,0.06718878543904096,0.6419327916351726,0.08103157290296593,1.0,0.4430379746835443,0.8019803348149205,Surv-VAE
0.008132235771486888,0.9508438818565401,0.08227640652734823,0.6415343915343915,0.13509094318257883,1.0,0.4651898734177215,0.7953119142360181,Surv-VAE
0.009602326974898589,0.9438818565400844,0.08270337381826239,0.6032974300831444,0.09179265336188419,2.0,0.4778481012658228,0.804841576955526,Surv-VAE
0.009127761270827149,0.9472573839662447,0.07913178255752773,0.6045690035273369,0.08973477396186724,1.0,0.48417721518987344,0.7904405441582605,Surv-VAE
0.007686378649085958,0.9575949367088608,0.07191279532232371,0.5764392794154698,0.09950192683775251,1.0,0.48417721518987344,0.7961978791026956,Surv-VAE
0.007904998147349464,0.95126582278481,0.07548379322568644,0.6648801650289746,0.1412161494545738,1.0,0.4873417721518987,0.8042860800708791,Surv-VAE
0.009074554652782082,0.9474683544303798,0.07984424997495998,0.6001747921390779,0.09486761029745124,1.0,0.4810126582278481,0.7910846902571426,Surv-VAE
0.006939394412792852,0.9567510548523207,0.07015721583857407,0.6272896195515243,0.07868676796977216,1.0,0.49050632911392406,0.813870752105866,Surv-VAE
0.008332985838124389,0.9544303797468355,0.08326375047872021,0.5984930083144369,0.0960096096465749,1.0,0.4620253164556962,0.7855819546532468,Surv-VAE
0.008872914088041231,0.9489451476793248,0.06752961339314406,0.6316885550516502,0.09345818081425322,1.0,0.4588607594936709,0.8098831072667494,Surv-VAE
0.007094345279219429,0.9544303797468353,0.07678635075291138,0.5945412887377173,0.11852281761904729,1.0,0.47151898734177217,0.7899090990970757,Surv-VAE
0.008325917721922402,0.9474683544303797,0.07572424089073629,0.6333703388762913,0.08113484212311457,2.0,0.44936708860759494,0.7996677728699331,Surv-VAE
0.007968621024911086,0.94957805907173,0.08229405567127003,0.6245661690602168,0.12651778127729146,1.0,0.4936708860759494,0.8057343123009835,Surv-VAE
0.007420188650208146,0.9537974683544304,0.06203597161543446,0.639003054925674,0.11155278363152166,1.0,0.5221518987341772,0.795131213061469,Surv-VAE
0.007180462800590647,0.9567510548523205,0.07389669452496524,0.6023620559334846,0.10040863849365828,1.0,0.4778481012658228,0.8026744758864554,Surv-VAE
0.007014213418469515,0.9573839662447257,0.07277618603529297,0.601209372637944,0.12638645160169115,1.0,0.4778481012658228,0.7961485507867295,Surv-VAE
0.007146531593322478,0.9537974683544305,0.09405715378027686,0.6413265306122449,0.09447206036941486,2.0,0.4588607594936709,0.7903940876223399,Surv-VAE
0.0072530361994052285,0.9552742616033757,0.069441787533073,0.5894132653061225,0.08496557293008626,1.0,0.4778481012658228,0.8079581907428246,Surv-VAE
0.007554274635202316,0.9518987341772153,0.08326632914559133,0.6175941672965483,0.08884408297561842,11.0,0.47468354430379744,0.7889210450116055,Surv-VAE
0.007877496893651663,0.9535864978902954,0.08643867936409831,0.6166233623078861,0.10081470542565545,1.0,0.47468354430379744,0.8028151329513984,Surv-VAE
0.009292308574917,0.9438818565400844,0.08330934834305338,0.6574011085915848,0.14160828096970468,1.0,0.43354430379746833,0.81798068601388,Surv-VAE
0.007081111721379025,0.9580168776371308,0.07739576051037228,0.629550107079869,0.08130593132548185,1.0,0.45569620253164556,0.8025739538839327,Surv-VAE
0.007468072676165185,0.9544303797468354,0.06824472568449545,0.6229772927689594,0.09501242677997566,2.0,0.4936708860759494,0.8041042408164968,Surv-VAE
0.007601675237871265,0.9542194092827003,0.06608849012500717,0.6199247291509196,0.1396567984799549,2.0,0.4778481012658228,0.8008286562993596,Surv-VAE
0.007422932394478502,0.9544303797468354,0.07021797484552286,0.6028423406399597,0.09405385262458589,1.0,0.4430379746835443,0.8125526679695776,Surv-VAE
0.0076011483764073465,0.9533755274261604,0.08256610209326656,0.619959372637944,0.08501829696165195,1.0,0.46835443037974683,0.788166280478468,Surv-VAE
0.0078019573017240225,0.9531645569620253,0.06974061379855807,0.6116488725119679,0.09234304176358006,3.0,0.4778481012658228,0.7906429885260843,Surv-VAE
0.005992949314154148,0.9597046413502108,0.06866513511906756,0.6563539304610733,0.08355817572747969,1.0,0.46835443037974683,0.7960019074624918,Surv-VAE
0.006958210960576351,0.9556962025316456,0.06765357835585227,0.6185319035021416,0.11393543761696252,1.0,0.4430379746835443,0.804792808140383,Surv-VAE
0.00743696316065187,0.9531645569620254,0.06849357170060062,0.6768298059964726,0.09301522237938407,2.0,0.46835443037974683,0.8232389781687701,Surv-VAE
0.008448827496889246,0.95042194092827,0.06376824245317114,0.6452396699420508,0.1652986378572963,1.0,0.47151898734177217,0.7957209600968063,Surv-VAE
0.0065162601669469244,0.9654008438818564,0.023945355047894294,0.5488244834971026,0.11761334307648649,3.0,0.43037974683544306,0.7936636452483127,HI-VAE_weibull_diffusion
0.005289777105857454,0.9677215189873419,0.02363491387168951,0.5754062736205594,0.1816671767935545,5.0,0.4430379746835443,0.8087593271829117,HI-VAE_weibull_diffusion
0.006468253061554084,0.9628691983122363,0.02611967320011431,0.5500236205593348,0.13110700968055983,6.0,0.46835443037974683,0.8169666213283652,HI-VAE_weibull_diffusion
0.006864665284316422,0.9616033755274261,0.023047280548080896,0.527203798185941,0.19877511700590111,6.0,0.4651898734177215,0.8197163372778622,HI-VAE_weibull_diffusion
0.006383294461293333,0.9651898734177214,0.026651496120133907,0.4830428004535148,0.13078551031882393,6.0,0.4778481012658228,0.8001415652068079,HI-VAE_weibull_diffusion
0.0065301658038124455,0.9643459915611814,0.023740735006837987,0.5409572625346435,0.15773374023637474,6.0,0.5031645569620253,0.8019883839673998,HI-VAE_weibull_diffusion
0.006988321174446492,0.9630801687763714,0.021080868271569644,0.5273589065255732,0.1784031005762726,3.0,0.5189873417721519,0.8174940314906776,HI-VAE_weibull_diffusion
0.004893466788368462,0.969198312236287,0.033608315172517916,0.5408304988662131,0.16018440488919072,3.0,0.45569620253164556,0.8001773893168059,HI-VAE_weibull_diffusion
0.006107586201123196,0.9677215189873418,0.015215674790681059,0.5083042013101536,0.1404855601916674,6.0,0.4873417721518987,0.7950479482221963,HI-VAE_weibull_diffusion
0.004879146585465258,0.971308016877637,0.01567045888240407,0.5513912509448224,0.26163909947598607,9.0,0.4873417721518987,0.8093049663157896,HI-VAE_weibull_diffusion
0.006064210220213773,0.9654008438818565,0.019481893240414674,0.5704987087427563,0.11438662200296223,4.0,0.48417721518987344,0.7963586698825338,HI-VAE_weibull_diffusion
0.00599839568596385,0.9635021097046413,0.01903401552898352,0.48769920005039047,0.20340226501738615,6.0,0.5221518987341772,0.8040376600530221,HI-VAE_weibull_diffusion
0.004458961834326786,0.9746835443037976,0.013857584939750235,0.5087978710002521,0.19480694027758697,6.0,0.4525316455696203,0.8052124181186563,HI-VAE_weibull_diffusion
0.005100069454441127,0.9710970464135023,0.015982492503282524,0.5088829050138574,0.15282586014398264,5.0,0.4873417721518987,0.8022158436940523,HI-VAE_weibull_diffusion
0.00548709079136203,0.9670886075949366,0.020553819330271037,0.5098946523053666,0.17558136753744885,6.0,0.45569620253164556,0.8127591765684085,HI-VAE_weibull_diffusion
0.005421377114358387,0.9662447257383968,0.025987635760015174,0.5075648778029731,0.22054735218419924,6.0,0.47151898734177217,0.8101839177950699,HI-VAE_weibull_diffusion
0.0056188282997353045,0.9710970464135023,0.027041501322189684,0.49206270471151425,0.18011323945043595,5.0,0.5031645569620253,0.7999613658000332,HI-VAE_weibull_diffusion
0.006670772227704897,0.9624472573839662,0.023081537310177893,0.5343277588813303,0.21918492311681118,6.0,0.5063291139240507,0.814445147406252,HI-VAE_weibull_diffusion
0.004687626988960169,0.9694092827004219,0.024279304337001578,0.5420028659611993,0.1550628671274818,5.0,0.47468354430379744,0.8051870864877997,HI-VAE_weibull_diffusion
0.0046022289276407505,0.9708860759493672,0.026711412605529748,0.5197145061728394,0.12860496724401113,6.0,0.5031645569620253,0.7988024857500055,HI-VAE_weibull_diffusion
0.005526988070885374,0.9694092827004219,0.01636545799654113,0.5162241748551273,0.1787463613180346,7.0,0.4778481012658228,0.8067795605011406,HI-VAE_weibull_diffusion
0.0047470285839877144,0.9713080168776372,0.011651363847650332,0.49393817712270094,0.2494041309866229,5.0,0.4778481012658228,0.8039054441724534,HI-VAE_weibull_diffusion
0.0062838734748917454,0.9643459915611815,0.02530940726711354,0.564130605946082,0.13526655446106584,7.0,0.47151898734177217,0.8116483122988718,HI-VAE_weibull_diffusion
0.0045779775958535015,0.9721518987341773,0.016147168251578487,0.49134385235575706,0.26620365867244267,6.0,0.4778481012658228,0.7971937727161172,HI-VAE_weibull_diffusion
0.007170610090448347,0.9578059071729957,0.02786415092531964,0.5164611678004535,0.10823376352660197,8.0,0.4588607594936709,0.8001552040422085,HI-VAE_weibull_diffusion
0.006272009594257785,0.9662447257383967,0.029013536762297544,0.5066413139329806,0.1687537472144809,3.0,0.47468354430379744,0.8020024999221659,HI-VAE_weibull_diffusion
0.006011328688924612,0.9672995780590717,0.0262429835658311,0.5289761274880322,0.11954462519506083,5.0,0.4525316455696203,0.8108999104782262,HI-VAE_weibull_diffusion
0.006460466026144223,0.9632911392405064,0.027514621784047972,0.5073215860418242,0.15945752247546546,2.0,0.47151898734177217,0.8175366482253936,HI-VAE_weibull_diffusion
0.006412171621015681,0.9658227848101267,0.019296408169093646,0.5359126984126984,0.14168848166073453,5.0,0.47151898734177217,0.8003614411369472,HI-VAE_weibull_diffusion
0.006068703963427919,0.9637130801687764,0.021587880693077984,0.5116417863441672,0.16581257141955244,6.0,0.5158227848101266,0.8072525278303466,HI-VAE_weibull_diffusion
0.005595553921626343,0.9664556962025317,0.021497420979749698,0.5840813177122701,0.21578578711026974,5.0,0.4810126582278481,0.8172509509465935,HI-VAE_weibull_diffusion
0.005809703045302536,0.9651898734177216,0.02725546479060413,0.5553185626102294,0.14886548047190443,6.0,0.4620253164556962,0.8052156465780718,HI-VAE_weibull_diffusion
0.004656509868073445,0.9715189873417721,0.024156356289891903,0.5148219009826152,0.10181998905744852,7.0,0.47151898734177217,0.7937106601359291,HI-VAE_weibull_diffusion
0.004910279333294669,0.9713080168776371,0.017738680188997435,0.515395880574452,0.1831748989016178,8.0,0.49683544303797467,0.7988029563055503,HI-VAE_weibull_diffusion
0.0057866728790750225,0.9689873417721521,0.015375999866412401,0.4680917737465357,0.13652492509157446,7.0,0.5,0.7945786624484301,HI-VAE_weibull_diffusion
0.004789617937741841,0.9708860759493673,0.01533073509202205,0.5491126543209877,0.18083919971853926,10.0,0.4936708860759494,0.8050570632514883,HI-VAE_weibull_diffusion
0.006775965587031432,0.9632911392405064,0.013263020528363133,0.5268408289241622,0.13055817722387442,4.0,0.5031645569620253,0.7967780597888909,HI-VAE_weibull_diffusion
0.0051583357235079445,0.9691983122362869,0.01872331308319609,0.5795564058956917,0.15397550357141837,6.0,0.43037974683544306,0.7941030704693633,HI-VAE_weibull_diffusion
0.004562367989237942,0.9704641350210971,0.016942970089602664,0.5081128747795415,0.20007872087150894,7.0,0.49683544303797467,0.803998871932473,HI-VAE_weibull_diffusion
0.006901319188472083,0.9609704641350211,0.019410152861133866,0.5064625850340136,0.12531612325216746,9.0,0.5063291139240507,0.8164787804343383,HI-VAE_weibull_diffusion
0.006348969873148,0.9645569620253165,0.0128567330120843,0.5191932791635173,0.23848491408555325,10.0,0.46835443037974683,0.7971776970340714,HI-VAE_weibull_diffusion
0.005844831078290077,0.970042194092827,0.018225937754967284,0.5179531997984379,0.20575163286317544,7.0,0.4936708860759494,0.8064384526084413,HI-VAE_weibull_diffusion
0.0045965197446787434,0.9744725738396626,0.014424948841408351,0.4942342214663643,0.19361208712023717,11.0,0.509493670886076,0.8089706653962718,HI-VAE_weibull_diffusion
0.004720205565834087,0.9738396624472574,0.014704376988894912,0.5162769274376418,0.1300497060459414,8.0,0.47151898734177217,0.8120728610863699,HI-VAE_weibull_diffusion
0.006059379493260032,0.9679324894514768,0.02905218032449735,0.5350544847568658,0.19272520628192585,6.0,0.439873417721519,0.8133381371703876,HI-VAE_weibull_diffusion
0.005650947680707687,0.9672995780590716,0.02733990874444133,0.5135479654824893,0.1303139645453717,3.0,0.4050632911392405,0.8060869186697084,HI-VAE_weibull_diffusion
0.005163251535630573,0.9666666666666667,0.03443648040726449,0.5272423784328547,0.11551622177764247,4.0,0.4430379746835443,0.7984879537155629,HI-VAE_weibull_diffusion
0.0062333615328425285,0.961392405063291,0.0188081308665841,0.5683059334845049,0.18374203013216522,7.0,0.47468354430379744,0.7948368722018117,HI-VAE_weibull_diffusion
0.005068041391829243,0.9702531645569621,0.028110156985004547,0.5015479339884102,0.11028141727594443,4.0,0.5474683544303798,0.7950337845215066,HI-VAE_weibull_diffusion
0.004900269287260511,0.9734177215189875,0.026675492188779164,0.5571656903502141,0.2187935003129878,6.0,0.4588607594936709,0.8146971791935544,HI-VAE_weibull_diffusion
0.005621013464078464,0.9713080168776372,0.01484401828959258,0.5430224867724867,0.2623939084826753,3.0,0.4936708860759494,0.8043781097643495,HI-VAE_weibull_diffusion
0.006358816139823558,0.9645569620253165,0.019335620942345238,0.5171776581002772,0.1280313267074376,5.0,0.4588607594936709,0.8159834477812186,HI-VAE_weibull_diffusion
0.005921170246148319,0.9660337552742616,0.021179970985870426,0.548712679516251,0.19023298333883315,6.0,0.5189873417721519,0.800481387498767,HI-VAE_weibull_diffusion
0.004243967513240148,0.9734177215189874,0.014264163012869724,0.4853544658604183,0.18431179643139586,4.0,0.4936708860759494,0.7807999962530072,HI-VAE_weibull_diffusion
0.0045577810487225125,0.9751054852320675,0.017556560464564965,0.49974489795918375,0.18727442665051908,4.0,0.4651898734177215,0.8095046283011547,HI-VAE_weibull_diffusion
0.006507265115445924,0.9645569620253164,0.01751120424805031,0.550614134542706,0.24073406964846403,7.0,0.4873417721518987,0.7951704676213678,HI-VAE_weibull_diffusion
0.006527457941539406,0.9641350210970464,0.020520079281941574,0.5278675359032502,0.1690360883852368,5.0,0.5,0.7967069459088301,HI-VAE_weibull_diffusion
0.006099275843287621,0.9630801687763714,0.025229895553547214,0.5488150352733686,0.14917654553857917,4.0,0.4462025316455696,0.8127022507464766,HI-VAE_weibull_diffusion
0.0068141240471983906,0.9588607594936709,0.015362812623075435,0.5263786533131771,0.14923737546559435,5.0,0.5063291139240507,0.7989110840795597,HI-VAE_weibull_diffusion
0.006132259547313301,0.9649789029535866,0.02759365301902748,0.5291824137062232,0.17239407039472854,7.0,0.509493670886076,0.8014897613551848,HI-VAE_weibull_diffusion
0.006375050037434289,0.9632911392405064,0.03204976207318365,0.5741961136306375,0.14167622790382564,5.0,0.45569620253164556,0.8114624212657213,HI-VAE_weibull_diffusion
0.005979659340030439,0.9651898734177217,0.018736369240243297,0.5538501511715798,0.1667829901018555,6.0,0.509493670886076,0.8034687292152093,HI-VAE_weibull_diffusion
0.006111791942274397,0.9626582278481012,0.016897407864865717,0.5509361615016376,0.14419726752702056,6.0,0.4778481012658228,0.8163535065899283,HI-VAE_weibull_diffusion
0.0065753263503133845,0.9637130801687763,0.017736299148230484,0.4964246346686824,0.12169987643251963,8.0,0.5316455696202531,0.8028179758637717,HI-VAE_weibull_diffusion
0.005254359339449969,0.9725738396624473,0.012348428185022603,0.5140148652053413,0.22767012856704613,9.0,0.5126582278481012,0.8052414083278128,HI-VAE_weibull_diffusion
0.003970893910196058,0.9738396624472574,0.02442209158850462,0.5374078798185941,0.1461323292381624,3.0,0.45569620253164556,0.8210672190366344,HI-VAE_weibull_diffusion
0.005553694725491665,0.9664556962025316,0.02244579992919886,0.485474930713026,0.10541118455892763,6.0,0.5031645569620253,0.7893658733454935,HI-VAE_weibull_diffusion
0.005883313646262892,0.9662447257383967,0.018203653085392332,0.5162462207105065,0.2017406722148225,6.0,0.49050632911392406,0.8000528665671018,HI-VAE_weibull_diffusion
0.0063261735332870075,0.9654008438818565,0.019331085555054504,0.49096828546233307,0.18555371303882662,7.0,0.4430379746835443,0.8151159212312067,HI-VAE_weibull_diffusion
0.005072948126241562,0.9723628691983123,0.01998009174956605,0.5338884164777021,0.15056355838655333,5.0,0.46835443037974683,0.7953229835181286,HI-VAE_weibull_diffusion
0.00516604423899633,0.9698312236286919,0.02892353593361778,0.5276376291257244,0.14926336306581803,4.0,0.49683544303797467,0.8088626386123619,HI-VAE_weibull_diffusion
0.005144079192345075,0.971097046413502,0.021996329951010724,0.4948192239858907,0.15324666068737272,7.0,0.439873417721519,0.8010280628939486,HI-VAE_weibull_diffusion
0.0051692480633618995,0.9666666666666666,0.02394774155983043,0.5309634038800706,0.20334625734036546,7.0,0.5063291139240507,0.8003813004076747,HI-VAE_weibull_diffusion
0.006501067103951341,0.9662447257383967,0.014828575687723862,0.5306004346182918,0.24665216694598135,9.0,0.49683544303797467,0.7923166211763085,HI-VAE_weibull_diffusion
0.005349516696463097,0.9687763713080169,0.03324075718682341,0.5621724615772236,0.16095684419443365,2.0,0.4651898734177215,0.7868795251888543,HI-VAE_weibull_diffusion
0.0070818026194355965,0.9647679324894514,0.022524006558020927,0.527149470899471,0.1472665340896597,6.0,0.4873417721518987,0.8073172621477115,HI-VAE_weibull_diffusion
0.005613632179611927,0.9679324894514768,0.021329269632575677,0.49145486898463087,0.17330830479165402,6.0,0.509493670886076,0.7803128843660747,HI-VAE_weibull_diffusion
0.006168770414566224,0.9649789029535865,0.020778390176262276,0.5487071680524063,0.18567747001905915,6.0,0.41455696202531644,0.8031789159213184,HI-VAE_weibull_diffusion
0.005153941088245539,0.968565400843882,0.027025337693283535,0.5549303980851599,0.1340398922261235,3.0,0.4936708860759494,0.8102566383712201,HI-VAE_weibull_diffusion
0.005703900822988722,0.9670886075949368,0.020749190342283313,0.5428469072814311,0.14143284646573034,3.0,0.4810126582278481,0.7997341390707184,HI-VAE_weibull_diffusion
0.005296730629482797,0.9654008438818568,0.02176132406302727,0.5546319916855631,0.22448832891549292,9.0,0.4778481012658228,0.7975972703074826,HI-VAE_weibull_diffusion
0.0059135282372720565,0.9670886075949366,0.01453737267013942,0.5745236520534139,0.1278874950528658,8.0,0.45569620253164556,0.8064820788535607,HI-VAE_weibull_diffusion
0.004860574244007681,0.9725738396624474,0.021320199215450475,0.5378968253968254,0.21188203889081328,6.0,0.40822784810126583,0.7991232647498452,HI-VAE_weibull_diffusion
0.006449336471995419,0.9649789029535865,0.015662305185456294,0.4849371693121693,0.1563756549227282,5.0,0.4873417721518987,0.8151397193158711,HI-VAE_weibull_diffusion
0.004919517563847299,0.970464135021097,0.0248996456135201,0.5168170508944319,0.22805092502401153,5.0,0.4936708860759494,0.8092382168678246,HI-VAE_weibull_diffusion
0.004833477311131841,0.9742616033755276,0.020623743842363755,0.5134747417485512,0.2000320342464028,6.0,0.4588607594936709,0.8161666168147734,HI-VAE_weibull_diffusion
0.006123784392974463,0.9662447257383967,0.017982669075683667,0.5018069727891157,0.1543287211317201,5.0,0.5443037974683544,0.7860926174435846,HI-VAE_weibull_diffusion
0.005577433477172602,0.9687763713080169,0.017935768109649475,0.48227985638699933,0.21306166033405452,5.0,0.49683544303797467,0.7944414354642928,HI-VAE_weibull_diffusion
0.006825516903725303,0.9637130801687763,0.020290588486761872,0.48751102292768966,0.20881723537656927,10.0,0.4651898734177215,0.8049102892185295,HI-VAE_weibull_diffusion
0.0058197837263501105,0.9664556962025317,0.014581256635523863,0.5247787540942304,0.28420599256265466,11.0,0.4873417721518987,0.818040273415913,HI-VAE_weibull_diffusion
0.00599400175201745,0.9660337552742616,0.027052290376624655,0.538484977324263,0.11128214132322894,6.0,0.47151898734177217,0.7889215136628694,HI-VAE_weibull_diffusion
0.005450354813964594,0.9691983122362869,0.020232770930796447,0.5310822940287226,0.1379774599213715,4.0,0.4778481012658228,0.7976349333978449,HI-VAE_weibull_diffusion
0.006702627249587549,0.9658227848101266,0.03598143283124577,0.5419784580498865,0.20993558557451658,4.0,0.4873417721518987,0.8161243618535541,HI-VAE_weibull_diffusion
0.004747421742388223,0.9704641350210971,0.01702787845749738,0.5140912383471907,0.20208064063428713,5.0,0.49050632911392406,0.8192807223573124,HI-VAE_weibull_diffusion
0.006899663746265994,0.9620253164556961,0.01687958055467132,0.569075176366843,0.20673606508159667,3.0,0.48417721518987344,0.8022970677458447,HI-VAE_weibull_diffusion
0.007064455374778921,0.9613924050632912,0.027752786948246455,0.512751952632905,0.09738176572368899,4.0,0.4778481012658228,0.8188920220664173,HI-VAE_weibull_diffusion
0.0061296460598520095,0.9641350210970464,0.00862122365040253,0.5172626921138826,0.16499637107266316,9.0,0.47468354430379744,0.7938387906558787,HI-VAE_weibull_diffusion
0.005997922890213949,0.9643459915611815,0.025206230480400514,0.5519093285462333,0.18533436620395013,6.0,0.49683544303797467,0.7986128926242707,HI-VAE_weibull_diffusion
0.004599310092912214,0.9748945147679324,0.01982684193388877,0.48560956790123455,0.21099918908038973,4.0,0.5158227848101266,0.8148326324169236,HI-VAE_weibull_diffusion
0.005613123751929279,0.9683544303797469,0.012493891996070362,0.5682240488788107,0.15763778418617444,7.0,0.4430379746835443,0.8038866171185074,HI-VAE_weibull_diffusion
0.005913557826973497,0.9666666666666667,0.01734741111587348,0.4518754724111867,0.1906095782435791,7.0,0.48417721518987344,0.7994174390977076,HI-VAE_weibull_diffusion
0.006797134325892935,0.9628691983122363,0.03388629397177229,0.5260833963214916,0.12198513358288243,1.0,0.4430379746835443,0.8027436132462146,HI-VAE_weibull_diffusion
0.006633891987656373,0.9632911392405066,0.022135384982549453,0.5404462711010329,0.18103431063659767,6.0,0.5253164556962026,0.7972657017922186,HI-VAE_weibull_diffusion
0.005814504352711782,0.9654008438818564,0.02434453401508211,0.5327751007810532,0.1390868859801953,4.0,0.509493670886076,0.7918863080989795,HI-VAE_weibull_diffusion
0.005026150250581234,0.968565400843882,0.023630112641647143,0.5069633408919123,0.17268941357441306,6.0,0.5379746835443038,0.7941589582783513,HI-VAE_weibull_diffusion
0.005512780653367958,0.9677215189873418,0.013589298530902372,0.5486095364071555,0.17620415502245254,10.0,0.47468354430379744,0.8105987189119467,HI-VAE_weibull_diffusion
0.005808288688839231,0.9647679324894514,0.030168848550260398,0.5299933862433861,0.15143588310947845,4.0,0.4778481012658228,0.8085581393287944,HI-VAE_weibull_diffusion
0.005157140030854862,0.9713080168776372,0.018039137584926406,0.4989016439909297,0.18051165415324413,8.0,0.47468354430379744,0.8037759302452652,HI-VAE_weibull_diffusion
0.006283643817118491,0.9660337552742616,0.020605968694210337,0.5191696586041823,0.15269690854088333,4.0,0.5284810126582279,0.7980769802199668,HI-VAE_weibull_diffusion
0.005835106996010774,0.9672995780590717,0.017485182290180583,0.5240362811791384,0.21777515248923107,8.0,0.4651898734177215,0.8096272667212407,HI-VAE_weibull_diffusion
0.007449291794123697,0.9607594936708861,0.01800451219163629,0.517718568909045,0.17576460331334845,8.0,0.4873417721518987,0.812008730470461,HI-VAE_weibull_diffusion
0.006918758701602927,0.9609704641350212,0.021514677391846777,0.5049099269337365,0.14052289400241785,6.0,0.5,0.8109444035583222,HI-VAE_weibull_diffusion
0.00424648528463665,0.9761603375527427,0.023561091088477933,0.518012251196775,0.13596711766516015,5.0,0.49050632911392406,0.7906139482593679,HI-VAE_weibull_diffusion
0.004928751471607147,0.9710970464135021,0.020378204793123907,0.5093411438649534,0.19903735676668743,4.0,0.5189873417721519,0.795966281164882,HI-VAE_weibull_diffusion
0.0051041883793390645,0.969409282700422,0.02224673047488351,0.4667194192491812,0.1356216972669711,4.0,0.4873417721518987,0.7905282356523725,HI-VAE_weibull_diffusion
0.005778857132544358,0.9683544303797468,0.022419665242174914,0.5145038107835727,0.12795161186672974,8.0,0.4873417721518987,0.8110392214776573,HI-VAE_weibull_diffusion
0.006282242833310169,0.9643459915611813,0.02311936892400012,0.5310421390778534,0.1344954119477866,6.0,0.4525316455696203,0.8236711871802098,HI-VAE_weibull_diffusion
0.004812060533678598,0.9708860759493673,0.012793760340499463,0.5290375409423029,0.25889740997750305,9.0,0.49050632911392406,0.7939688745820932,HI-VAE_weibull_diffusion
0.005525989083280318,0.9713080168776371,0.02550209952520295,0.524785052910053,0.12714960291989766,2.0,0.49683544303797467,0.8097789915397231,HI-VAE_weibull_diffusion
0.00578559894287937,0.9662447257383967,0.02393511815939459,0.5211663832199547,0.199659349756676,4.0,0.46835443037974683,0.8168914630201678,HI-VAE_weibull_diffusion
0.007137220646676739,0.9609704641350212,0.029490667857385466,0.5398069412950365,0.14636295499282945,5.0,0.4588607594936709,0.7994217895967959,HI-VAE_weibull_diffusion
0.005425509074050031,0.9677215189873417,0.023118716290706793,0.4914832136558328,0.16029469250420966,4.0,0.5189873417721519,0.8124153191313568,HI-VAE_weibull_diffusion
0.005801505784080612,0.969198312236287,0.017737441566092138,0.5273329239103048,0.2488683526294163,7.0,0.48417721518987344,0.8096420411811591,HI-VAE_weibull_diffusion
0.006258697811410213,0.9645569620253166,0.020301688681304615,0.5384786785084404,0.16854379383827797,5.0,0.439873417721519,0.7941369270770317,HI-VAE_weibull_diffusion
0.004762647376973132,0.9708860759493672,0.020988996892406738,0.4956719261778785,0.1318957692564812,5.0,0.47468354430379744,0.7990508190936824,HI-VAE_weibull_diffusion
0.004632317664277023,0.9740506329113925,0.01400568290007787,0.5273400100781054,0.17156453478399675,4.0,0.49050632911392406,0.7919036865540051,HI-VAE_weibull_diffusion
0.005442309027595797,0.9687763713080169,0.0267375890129121,0.5551799886621316,0.12603414411381408,3.0,0.4778481012658228,0.8101493930418985,HI-VAE_weibull_diffusion
0.005251669781100119,0.9677215189873417,0.04096294894990911,0.5653895817586293,0.12231049317628763,2.0,0.4620253164556962,0.7911293237837196,HI-VAE_weibull_diffusion
0.004696221070964808,0.970675105485232,0.011939551749304092,0.48647565507684554,0.26161902779170404,10.0,0.4430379746835443,0.812437913464748,HI-VAE_weibull_diffusion
0.007240177348764908,0.9626582278481013,0.014498144714714787,0.4831223230032754,0.27185305622957545,8.0,0.5031645569620253,0.8061436321913,HI-VAE_weibull_diffusion
0.005627725218407864,0.9683544303797469,0.01985558220500911,0.5359174225245654,0.16664877213886922,6.0,0.5411392405063291,0.7850683482529635,HI-VAE_weibull_diffusion
0.005515691750479803,0.967932489451477,0.03139867767619124,0.5339608528596624,0.1270173561286355,5.0,0.4778481012658228,0.8134012605713674,HI-VAE_weibull_diffusion
0.007585733611352777,0.9599156118143459,0.04471176915612508,0.4837081128747796,0.18213185231223725,4.0,0.509493670886076,0.8008897042999152,HI-VAE_weibull_diffusion
0.004700308170006547,0.9734177215189874,0.019435448821180812,0.4945058578987151,0.13169766456078016,5.0,0.4873417721518987,0.8040017291247739,HI-VAE_weibull_diffusion
0.004784554199564399,0.9725738396624473,0.023963639315987228,0.46868307508188456,0.16957340872312485,6.0,0.5158227848101266,0.811262339076144,HI-VAE_weibull_diffusion
0.003947407251385071,0.9763713080168777,0.015117250371378683,0.5339970710506424,0.1369860078469932,3.0,0.5,0.7854564946567983,HI-VAE_weibull_diffusion
0.0054890779800318415,0.969198312236287,0.022235612609551286,0.5342057193247669,0.17378283117329255,6.0,0.49050632911392406,0.8073208142165385,HI-VAE_weibull_diffusion
0.00593829776239081,0.9649789029535865,0.0239702469694693,0.5482182224741748,0.17793791441722506,5.0,0.4462025316455696,0.7990017476872945,HI-VAE_weibull_diffusion
0.006070749168972208,0.9656118143459914,0.024378632104804905,0.5237772423784328,0.14175222912684524,3.0,0.48417721518987344,0.79616592289113,HI-VAE_weibull_diffusion
0.006142495774213471,0.9658227848101266,0.018601333995512004,0.49586640211640215,0.18127844451098502,5.0,0.5158227848101266,0.8033120718122494,HI-VAE_weibull_diffusion
0.004863588104948772,0.970253164556962,0.02458036317057668,0.5153431279919376,0.17346587006460845,3.0,0.4810126582278481,0.8041267153784345,HI-VAE_weibull_diffusion
0.005336875192229,0.9691983122362869,0.029088983527762825,0.49570971907281436,0.1531719545673581,4.0,0.5031645569620253,0.8121177658275807,HI-VAE_weibull_diffusion
0.005329630351036746,0.970253164556962,0.016728439641473896,0.5011408730158731,0.24708745915815128,4.0,0.4810126582278481,0.8031905595220427,HI-VAE_weibull_diffusion
0.005936742009669927,0.9668776371308017,0.020631917372605807,0.5034155328798186,0.14447738772462446,4.0,0.46835443037974683,0.8111889260598231,HI-VAE_weibull_diffusion
0.0062680266816381,0.9635021097046413,0.021468829000096626,0.5197491496598639,0.223466436358828,9.0,0.49050632911392406,0.8033360118830645,HI-VAE_weibull_diffusion
0.006158251333145428,0.9647679324894515,0.03129853787845477,0.5262471655328798,0.16795300469089489,4.0,0.49683544303797467,0.8164110100010554,HI-VAE_weibull_diffusion
0.006149752955565896,0.9666666666666668,0.015280741988297833,0.5006448412698412,0.19198968315134163,6.0,0.4588607594936709,0.8097662871724253,HI-VAE_weibull_diffusion
0.0057220737750892404,0.9675105485232067,0.01929230656639898,0.518356324011086,0.22983761446090897,8.0,0.49050632911392406,0.8075198673810454,HI-VAE_weibull_diffusion
0.00659942600055318,0.9624472573839663,0.022314258055796305,0.5268038233812044,0.18856853771233045,6.0,0.5126582278481012,0.7852235077262594,HI-VAE_weibull_diffusion
0.0074862269299956425,0.9613924050632912,0.02237216287912984,0.5248047367094986,0.18802780787244025,6.0,0.439873417721519,0.7962683677577206,HI-VAE_weibull_diffusion
0.008004913248317367,0.9550632911392404,0.020563959015480568,0.5671666351725875,0.1230237219185868,6.0,0.4873417721518987,0.8167262481215124,HI-VAE_weibull_diffusion
0.00549086348819937,0.970042194092827,0.020976139333030927,0.497942649281935,0.1978544379698062,7.0,0.47151898734177217,0.8263205040293987,HI-VAE_weibull_diffusion
0.005623185435664707,0.9681434599156119,0.021048639772552922,0.5394069664902998,0.12989069671482814,3.0,0.43670886075949367,0.7915914888882253,HI-VAE_weibull_diffusion
0.004972758026177472,0.9725738396624474,0.023214811447465292,0.5336419753086419,0.15608538858780194,7.0,0.4651898734177215,0.8032860272952532,HI-VAE_weibull_diffusion
0.006685696391020152,0.9651898734177216,0.011635354359541982,0.5412438586545729,0.15745994073484895,5.0,0.48417721518987344,0.8079597559904649,HI-VAE_weibull_diffusion
0.005984750124259887,0.9675105485232068,0.02419965266701709,0.5365079365079365,0.15190580866020695,7.0,0.4525316455696203,0.8095455258147957,HI-VAE_weibull_diffusion
0.006075270768801907,0.9628691983122363,0.014369220276456299,0.5243000440917107,0.18217805837218617,10.0,0.43354430379746833,0.8113369410635046,HI-VAE_weibull_diffusion
0.006300402807275436,0.9637130801687764,0.025531061358597586,0.5223985890652557,0.16057091309011665,3.0,0.46835443037974683,0.8157321823016864,HI-VAE_weibull_diffusion
0.006909492751789187,0.9624472573839662,0.023454638548622966,0.5364512471655328,0.1384276883336308,4.0,0.4778481012658228,0.7992811741636924,HI-VAE_weibull_diffusion
0.005950170451773128,0.9664556962025316,0.02122199506110793,0.5673926051902243,0.14824319842742217,7.0,0.5379746835443038,0.8067725804229064,HI-VAE_weibull_diffusion
0.005562037935022079,0.9694092827004219,0.017926681402462872,0.5235622952884857,0.1706233472072127,3.0,0.49050632911392406,0.8067656252056902,HI-VAE_weibull_diffusion
0.005633054024214204,0.9677215189873416,0.029545538920905053,0.47482756991685565,0.1519193621961816,5.0,0.5221518987341772,0.8082168564651975,HI-VAE_weibull_diffusion
0.006992533996014268,0.9643459915611813,0.023907707979078416,0.5654659549004787,0.14550975516511838,5.0,0.5,0.7920324674436299,HI-VAE_weibull_diffusion
0.00620663434289556,0.9664556962025317,0.01774109669465711,0.5439413265306123,0.15165878769390145,7.0,0.43670886075949367,0.8065517090397174,HI-VAE_weibull_diffusion
0.005354575864402893,0.9706751054852323,0.028258842324574544,0.551530612244898,0.13834773739338047,4.0,0.560126582278481,0.8029520192706042,HI-VAE_weibull_diffusion
0.005283615519551496,0.969831223628692,0.022252123398103025,0.5257802658100277,0.12123369364227776,6.0,0.46835443037974683,0.8238380107492527,HI-VAE_weibull_diffusion
0.005620689278708244,0.9704641350210971,0.022928249934719327,0.5077373078861174,0.08696788977982738,3.0,0.5284810126582279,0.8105080549654947,HI-VAE_weibull_diffusion
0.005235725746294321,0.968565400843882,0.02427604316775098,0.5065405328798185,0.09552017974832398,4.0,0.49683544303797467,0.8074468042539658,HI-VAE_weibull_diffusion
0.006156163305020816,0.9641350210970464,0.022434941605239716,0.4969655454774503,0.23267515220950652,7.0,0.47468354430379744,0.8048444440310943,HI-VAE_weibull_diffusion
0.004894612697699864,0.9723628691983123,0.017519581042187277,0.49443027210884355,0.19964945634254594,3.0,0.5189873417721519,0.8047432101214339,HI-VAE_weibull_diffusion
0.0060017790107308655,0.9645569620253164,0.02259507559077704,0.5273069412950366,0.16977378186168784,9.0,0.4936708860759494,0.8067669154352379,HI-VAE_weibull_diffusion
0.00592131628909635,0.9658227848101267,0.03548935013782316,0.5529454837490552,0.19331444730811823,5.0,0.45569620253164556,0.8137017489207613,HI-VAE_weibull_diffusion
0.006068511621560153,0.9635021097046413,0.027530898149332756,0.5229489480977577,0.17496061130709037,6.0,0.49683544303797467,0.7987000864438278,HI-VAE_weibull_diffusion
0.006619034714995145,0.9616033755274261,0.02476737164942851,0.5613441672965482,0.14259686601615967,7.0,0.48417721518987344,0.7884109345873773,HI-VAE_weibull_diffusion
0.006105226097682441,0.9691983122362868,0.019762705998909683,0.5305476820357773,0.23326135574021342,8.0,0.5189873417721519,0.8017662459978948,HI-VAE_weibull_diffusion
0.004675726812186289,0.9732067510548522,0.021429875064148823,0.5071900982615268,0.211697473112701,2.0,0.46835443037974683,0.805199105422422,HI-VAE_weibull_diffusion
0.006260690614914075,0.9668776371308017,0.02073265171339126,0.5001842403628117,0.18641518582866404,6.0,0.4778481012658228,0.806796807899376,HI-VAE_weibull_diffusion
0.005134129263426309,0.9675105485232066,0.03166170446088777,0.5806232678256488,0.16229508881587826,4.0,0.47151898734177217,0.8007004404235778,HI-VAE_weibull_diffusion
0.007530946353879376,0.9584388185654009,0.036832817700151226,0.5259030927185689,0.15712257423544904,3.0,0.40189873417721517,0.8094265698949125,HI-VAE_weibull_diffusion
0.006842965776834606,0.9609704641350211,0.032831221169821574,0.5209577349458302,0.17391368781260794,5.0,0.4778481012658228,0.8011384427562377,HI-VAE_weibull_diffusion
0.005150235314057566,0.968354430379747,0.03189309041806851,0.517439846308894,0.16080586408236588,6.0,0.48417721518987344,0.8045596396384266,HI-VAE_weibull_diffusion
0.004872120130944596,0.971729957805907,0.01871146413901112,0.4499653565129756,0.16251456154117902,6.0,0.49050632911392406,0.7999819831421837,HI-VAE_weibull_diffusion
0.00580804896146916,0.9666666666666667,0.0195391268531942,0.5000204711514236,0.21164743124742508,6.0,0.4651898734177215,0.8012278247282424,HI-VAE_weibull_diffusion
0.006703329052490001,0.9639240506329113,0.029316933339745225,0.5373338687326783,0.23615329787213882,5.0,0.5221518987341772,0.8113634140914887,HI-VAE_weibull_diffusion
0.006808237285261407,0.9641350210970464,0.02123855964569801,0.5420989229024944,0.14756368490904417,8.0,0.5,0.8005782434084048,HI-VAE_weibull_diffusion
0.004610683382832424,0.9725738396624473,0.02007183918540709,0.4825011022927689,0.23084344086252775,6.0,0.4620253164556962,0.7983728839448695,HI-VAE_weibull_diffusion
0.00571787656866138,0.9681434599156116,0.017575926982261673,0.5761518959435625,0.1638103059890659,7.0,0.46835443037974683,0.8018421253977402,HI-VAE_weibull_diffusion
0.006488103822716995,0.9643459915611814,0.027911748216682297,0.48027132149155954,0.2180154050912982,4.0,0.49683544303797467,0.7890848811975197,HI-VAE_weibull_diffusion
0.004560378823123087,0.9738396624472575,0.029289871778624833,0.41863189720332583,0.13874292098273483,2.0,0.5569620253164557,0.7974402581818819,HI-VAE_weibull_diffusion
0.005353787562420181,0.968987341772152,0.01665358045716425,0.5044453892668178,0.17934843685115964,5.0,0.4778481012658228,0.8165244328508269,HI-VAE_weibull_diffusion
0.005379634233627707,0.9700421940928271,0.02971915866607475,0.47265605316200554,0.1445905856541091,4.0,0.48417721518987344,0.8025888804202965,HI-VAE_weibull_diffusion
0.005250750988565667,0.9696202531645571,0.00931525123135926,0.474967718568909,0.2233654471960066,8.0,0.49683544303797467,0.800851758001537,HI-VAE_weibull_diffusion
0.004644678530718544,0.9723628691983123,0.019778744862660205,0.5293327979339885,0.15959039049981485,5.0,0.49683544303797467,0.8081318951575026,HI-VAE_weibull_diffusion
0.006855629934140461,0.9643459915611815,0.017085884241067058,0.5335939468379944,0.1550679677402825,6.0,0.4651898734177215,0.7978040781596796,HI-VAE_weibull_diffusion
0.0050294937528502885,0.9713080168776371,0.013280856156292828,0.5387046485260771,0.18497269956763643,9.0,0.48417721518987344,0.8003964137295629,HI-VAE_weibull_diffusion
0.005757259328854156,0.9679324894514767,0.01973836709133995,0.552510865457294,0.18464383738330994,5.0,0.509493670886076,0.8127847552649684,HI-VAE_weibull_diffusion
0.006245666435614226,0.9670886075949365,0.017643246501106043,0.4883267195767195,0.19632903089644038,2.0,0.48417721518987344,0.8011334992750158,HI-VAE_weibull_diffusion
0.00570818178852174,0.9685654008438819,0.024468897238309622,0.5355268959435626,0.14944599016912585,5.0,0.439873417721519,0.7963774544632025,HI-VAE_weibull_diffusion
0.005752345831319445,0.9664556962025317,0.019140814740491056,0.48076341647770204,0.17452379530310197,6.0,0.4620253164556962,0.805611051387349,HI-VAE_weibull_diffusion
0.004527096715188918,0.9761603375527425,0.019208992713445838,0.5046855316200555,0.11625553580445884,5.0,0.5126582278481012,0.8071889407164193,HI-VAE_weibull_diffusion
0.006207164317344886,0.9658227848101267,0.019429728987895745,0.5332640463592844,0.12380164782188754,9.0,0.49683544303797467,0.7885388908881664,HI-VAE_piecewise_diffusion
0.006702630319139028,0.9654008438818564,0.01910671222162918,0.5409234063995968,0.12236930228017107,5.0,0.4651898734177215,0.8008767429923638,HI-VAE_piecewise_diffusion
0.005527667758079618,0.9670886075949365,0.015903690878000837,0.5044438145628621,0.15404950322194116,9.0,0.4873417721518987,0.820130130697888,HI-VAE_piecewise_diffusion
0.004761677077230016,0.9717299578059072,0.013673944404570005,0.5161588246409675,0.1180654877027486,10.0,0.5253164556962026,0.7917069208861477,HI-VAE_piecewise_diffusion
0.005194908480730656,0.9683544303797468,0.010745659379391134,0.5628157281431092,0.1903685274246941,8.0,0.4936708860759494,0.7943047605030047,HI-VAE_piecewise_diffusion
0.004905989130011245,0.9710970464135021,0.015518370302854577,0.5186610292265055,0.1982939857179447,8.0,0.48417721518987344,0.7942342310308749,HI-VAE_piecewise_diffusion
0.00494406336000636,0.9713080168776372,0.012340804698289142,0.5186893738977072,0.18183678742749837,5.0,0.5031645569620253,0.7812520950075961,HI-VAE_piecewise_diffusion
0.006801881618646349,0.9611814345991561,0.012158720155089339,0.5270266439909297,0.2528748832926794,9.0,0.45569620253164556,0.8072455788910151,HI-VAE_piecewise_diffusion
0.0073688414924957535,0.959071729957806,0.015558984031467805,0.5211089065255733,0.19211311483640323,5.0,0.5,0.8030431732991089,HI-VAE_piecewise_diffusion
0.004561906726020381,0.9742616033755275,0.013187266008641122,0.5406997984378936,0.16494538604942635,11.0,0.4873417721518987,0.8124648215865587,HI-VAE_piecewise_diffusion
0.004976485824775823,0.9668776371308015,0.02617417427990966,0.5124023683547494,0.1330101209920165,12.0,0.5,0.7821759374187559,HI-VAE_piecewise_diffusion
0.006023550599373081,0.9670886075949366,0.01839148725533346,0.5515936004031242,0.1634505383321704,8.0,0.49050632911392406,0.8009475026614035,HI-VAE_piecewise_diffusion
0.006252195405317338,0.9635021097046412,0.013438164429808724,0.5759408856135046,0.2055339937418177,7.0,0.4810126582278481,0.8228912482234,HI-VAE_piecewise_diffusion
0.005656691391194911,0.970253164556962,0.01214611925946761,0.5065365961199293,0.21365007594648436,9.0,0.509493670886076,0.8219258348312044,HI-VAE_piecewise_diffusion
0.0055832154329086385,0.9685654008438819,0.02092078794995451,0.5220017636684303,0.15650692593686752,8.0,0.5126582278481012,0.7944181505577207,HI-VAE_piecewise_diffusion
0.005428485976733246,0.9710970464135021,0.011980001840549485,0.49268786218190985,0.2164590068371873,8.0,0.5,0.7953739255211776,HI-VAE_piecewise_diffusion
0.005014218397821043,0.970675105485232,0.020143002589295276,0.4887707860922147,0.1490757273135378,3.0,0.4810126582278481,0.7828356230561715,HI-VAE_piecewise_diffusion
0.005103143175002098,0.9710970464135021,0.02385999498537087,0.48861095364071555,0.11194012724574952,8.0,0.5126582278481012,0.8035075647303958,HI-VAE_piecewise_diffusion
0.006240692378121527,0.9670886075949368,0.01121577368230064,0.5350875535399344,0.24466252112740142,8.0,0.5569620253164557,0.7956341253568948,HI-VAE_piecewise_diffusion
0.00741881591706479,0.9594936708860758,0.016427632838730537,0.5185492252456538,0.1542747359716269,4.0,0.5379746835443038,0.8085765849452277,HI-VAE_piecewise_diffusion
0.005749476160864495,0.9658227848101266,0.016629467144936717,0.5928051776266062,0.1473924002392328,5.0,0.43037974683544306,0.8061333664548791,HI-VAE_piecewise_diffusion
0.003676991719764259,0.9778481012658229,0.01506384476540752,0.5056799571680524,0.17812933115422133,5.0,0.5,0.7965079186432703,HI-VAE_piecewise_diffusion
0.005554234146871035,0.9675105485232066,0.019328170292126242,0.47695342025699167,0.18658308212148306,10.0,0.4778481012658228,0.8034700723613961,HI-VAE_piecewise_diffusion
0.005836096995991694,0.968987341772152,0.01800918603471305,0.5552067586293776,0.14753767300455625,9.0,0.49683544303797467,0.8025151597700673,HI-VAE_piecewise_diffusion
0.00667484645265486,0.9624472573839661,0.021841186934647983,0.5204325711766188,0.11353291039417766,4.0,0.439873417721519,0.8039832398048149,HI-VAE_piecewise_diffusion
0.005475216509224927,0.9689873417721518,0.013447780215366575,0.4996393927941547,0.1420398474527946,9.0,0.5189873417721519,0.8000067734174754,HI-VAE_piecewise_diffusion
0.005168983570709679,0.9734177215189874,0.01404792029477311,0.4513219639707735,0.11631815671148431,9.0,0.4936708860759494,0.8007399715169681,HI-VAE_piecewise_diffusion
0.006116725540001026,0.9668776371308017,0.013994340064396395,0.48959750566893423,0.14187521580375945,7.0,0.4873417721518987,0.806163981199164,HI-VAE_piecewise_diffusion
0.00635317186424631,0.9649789029535866,0.013038478410004821,0.5192090262030737,0.17327277874924848,10.0,0.4651898734177215,0.7930739420026586,HI-VAE_piecewise_diffusion
0.005544937254140853,0.9668776371308018,0.01501255395923128,0.4571326215671454,0.14737079324036187,8.0,0.4778481012658228,0.7961049495283774,HI-VAE_piecewise_diffusion
0.004636873271268757,0.9729957805907173,0.01066442518075074,0.5038099962207105,0.14676214154737569,7.0,0.47151898734177217,0.8154043962067442,HI-VAE_piecewise_diffusion
0.006644241611862449,0.9618143459915611,0.012440876024216998,0.5473891408415218,0.2205487831523693,8.0,0.5284810126582279,0.8043874378789012,HI-VAE_piecewise_diffusion
0.0050314802539512355,0.9727848101265822,0.014188005634928523,0.536959089191232,0.25579861770259027,6.0,0.48417721518987344,0.8016695207227064,HI-VAE_piecewise_diffusion
0.005237990009229792,0.969409282700422,0.01436915849588094,0.5228560405643738,0.1733089962200287,6.0,0.4873417721518987,0.8064608723276139,HI-VAE_piecewise_diffusion
0.005229970369072172,0.9727848101265824,0.01085696238390465,0.5005629566641472,0.16930206217877544,6.0,0.5063291139240507,0.7984163459608776,HI-VAE_piecewise_diffusion
0.0043485926135366695,0.9723628691983122,0.020532335253751196,0.5921170319979844,0.2115461232668576,7.0,0.4620253164556962,0.8087988774598738,HI-VAE_piecewise_diffusion
0.005686335659596394,0.9654008438818568,0.013064186527767066,0.551030643738977,0.14856839023728494,8.0,0.5063291139240507,0.8061632187175153,HI-VAE_piecewise_diffusion
0.006504549408250129,0.9639240506329115,0.01885233001661843,0.5221293146888385,0.17138904130481425,7.0,0.4873417721518987,0.8052222471601003,HI-VAE_piecewise_diffusion
0.006047374951770758,0.9660337552742616,0.01812609487961491,0.5240205341395818,0.24129699672783217,7.0,0.4810126582278481,0.806320266240386,HI-VAE_piecewise_diffusion
0.006714046990023561,0.9616033755274261,0.024023791069341903,0.5418603552532124,0.13920975620781192,7.0,0.44936708860759494,0.8004552501152399,HI-VAE_piecewise_diffusion
0.00481891539190131,0.9723628691983122,0.010555418263815557,0.5738284202569917,0.21283314960486652,7.0,0.46835443037974683,0.8078506140313132,HI-VAE_piecewise_diffusion
0.005033090283423424,0.9734177215189873,0.013029680016676821,0.5250299193751574,0.2226375523816577,7.0,0.46835443037974683,0.7972086651466238,HI-VAE_piecewise_diffusion
0.00519876045438089,0.9691983122362868,0.015089472497890506,0.5621598639455783,0.15253090756096763,9.0,0.5221518987341772,0.8077865782770677,HI-VAE_piecewise_diffusion
0.005980142222556778,0.959282700421941,0.025610968195737754,0.538224363819602,0.1182331032545064,4.0,0.5284810126582279,0.7957741188005196,HI-VAE_piecewise_diffusion
0.00459629022874934,0.9715189873417721,0.011687114200969339,0.47882731796422273,0.14828153258925145,11.0,0.4810126582278481,0.7911830095221852,HI-VAE_piecewise_diffusion
0.0060192232710212625,0.9643459915611814,0.01865481181331329,0.5428461199294532,0.13731093143078416,7.0,0.5158227848101266,0.810339362772283,HI-VAE_piecewise_diffusion
0.006852548652001924,0.9656118143459916,0.012045467396590098,0.5946255353993448,0.13385014481994184,5.0,0.4873417721518987,0.8016304241040025,HI-VAE_piecewise_diffusion
0.00616949229593969,0.9658227848101267,0.010479683731759505,0.5156934996220711,0.3012958324507597,11.0,0.5031645569620253,0.8054975159556371,HI-VAE_piecewise_diffusion
0.005568834938147736,0.9679324894514768,0.012479277937151236,0.5246543524817333,0.12613138942203342,9.0,0.4810126582278481,0.7881886455587589,HI-VAE_piecewise_diffusion
0.0054840650533807345,0.970042194092827,0.01538323419272626,0.4907635739480978,0.24582734076767915,10.0,0.48417721518987344,0.8033299204753285,HI-VAE_piecewise_diffusion
0.005059911161370788,0.9713080168776371,0.01591796442063936,0.5519738914084152,0.21744940883690922,6.0,0.44936708860759494,0.8015514653685243,HI-VAE_piecewise_diffusion
0.00487686079120783,0.970042194092827,0.024837570170477906,0.48423327664399096,0.16506424635080283,12.0,0.509493670886076,0.8010937019021473,HI-VAE_piecewise_diffusion
0.0061127815155578415,0.9670886075949366,0.014975655854115668,0.5133794721592341,0.22103653615359695,9.0,0.5063291139240507,0.8022994001920963,HI-VAE_piecewise_diffusion
0.005069141573323711,0.9691983122362869,0.018323465731190605,0.535671768707483,0.18150827674893347,9.0,0.4430379746835443,0.8051600009206664,HI-VAE_piecewise_diffusion
0.005727027210684454,0.9654008438818565,0.02222442907143897,0.5474497669438145,0.18413601372592228,12.0,0.4651898734177215,0.7919275816367779,HI-VAE_piecewise_diffusion
0.005350662573899734,0.9715189873417721,0.00972450738714749,0.5232733371126228,0.13634018861977343,5.0,0.4778481012658228,0.8100765724123301,HI-VAE_piecewise_diffusion
0.005204198924020531,0.9729957805907172,0.014046665364897189,0.5189862055933485,0.10016737012811484,6.0,0.47468354430379744,0.7992431157483765,HI-VAE_piecewise_diffusion
0.0050084109186692176,0.9727848101265822,0.011466781134483272,0.5130865772234819,0.15917817623993252,10.0,0.4778481012658228,0.8111635735743269,HI-VAE_piecewise_diffusion
0.005605836031134457,0.9658227848101265,0.022364019417515212,0.5760471781305115,0.24136136283836224,7.0,0.47468354430379744,0.796059693125136,HI-VAE_piecewise_diffusion
0.0061542147900610035,0.9660337552742616,0.02281887953212485,0.5355079994960948,0.23077483130178625,13.0,0.509493670886076,0.8085103330084453,HI-VAE_piecewise_diffusion
0.005051272222118343,0.9734177215189873,0.015320354026652678,0.4918052406147644,0.15129764321357958,12.0,0.49683544303797467,0.8054575880733311,HI-VAE_piecewise_diffusion
0.005946943791080099,0.9656118143459916,0.01334151304241217,0.5116898148148148,0.18879247057095244,7.0,0.48417721518987344,0.7982485545043098,HI-VAE_piecewise_diffusion
0.005755947299808587,0.9677215189873418,0.015976026719992487,0.4794619236583523,0.1571371187980004,10.0,0.47468354430379744,0.8038543539393204,HI-VAE_piecewise_diffusion
0.004836331092115165,0.9719409282700422,0.012134441307685692,0.482958553791887,0.11603166074566403,5.0,0.5126582278481012,0.8022828247219012,HI-VAE_piecewise_diffusion
0.004970233356236978,0.9736286919831224,0.015491949702960797,0.48218773620559324,0.14410015662456382,9.0,0.5379746835443038,0.8010932636470807,HI-VAE_piecewise_diffusion
0.006872312122788293,0.9628691983122362,0.01655666127063703,0.5008345930964979,0.12369949343845585,6.0,0.4778481012658228,0.8017768712406915,HI-VAE_piecewise_diffusion
0.005520982363083004,0.968987341772152,0.02007398480712801,0.5168312232300327,0.1633300008499107,7.0,0.4936708860759494,0.7869189830513634,HI-VAE_piecewise_diffusion
0.006109437693881906,0.9651898734177213,0.016283540632014582,0.5306020093222473,0.18952406998182908,5.0,0.5284810126582279,0.8088340617403743,HI-VAE_piecewise_diffusion
0.005651709739169975,0.968143459915612,0.010682598741655084,0.560048185941043,0.16228521481432326,10.0,0.5221518987341772,0.7901319592520751,HI-VAE_piecewise_diffusion
0.005119308888322485,0.972362869198312,0.011591954701446987,0.5006062610229277,0.21057650291402233,10.0,0.5063291139240507,0.809607332417449,HI-VAE_piecewise_diffusion
0.006668875780280292,0.9624472573839661,0.009884807049940405,0.5357804232804233,0.19398277159378624,8.0,0.4810126582278481,0.8118047635672417,HI-VAE_piecewise_diffusion
0.004697510941733472,0.9704641350210973,0.013381637924321208,0.5759322247417484,0.1088067474645049,4.0,0.4778481012658228,0.806830360622368,HI-VAE_piecewise_diffusion
0.006579199306087251,0.9635021097046416,0.022800269328342188,0.5540698223733937,0.2216517222213489,6.0,0.5316455696202531,0.8046176993146525,HI-VAE_piecewise_diffusion
0.005777735156711317,0.9670886075949368,0.01869341070401734,0.5020715230536659,0.17625761438096627,6.0,0.49050632911392406,0.8135296138218634,HI-VAE_piecewise_diffusion
0.005592246588159868,0.9675105485232066,0.012602570475103974,0.49750173217435123,0.2636206031351754,9.0,0.49050632911392406,0.8060394577727145,HI-VAE_piecewise_diffusion
0.006186401360707693,0.9649789029535865,0.011459297995516336,0.5174107142857143,0.312393119432117,10.0,0.49683544303797467,0.8020831459583977,HI-VAE_piecewise_diffusion
0.0057060382109361905,0.9677215189873418,0.014737704187602023,0.5265321869488536,0.2634512081274126,9.0,0.49050632911392406,0.8029521988176427,HI-VAE_piecewise_diffusion
0.0049075408379504505,0.9732067510548524,0.013149981623642969,0.5276415658856134,0.14887787960556492,7.0,0.5031645569620253,0.7858073891375027,HI-VAE_piecewise_diffusion
0.004180115498188042,0.9738396624472574,0.017884136096794574,0.5439318783068783,0.2688242165029751,11.0,0.4778481012658228,0.808772776067912,HI-VAE_piecewise_diffusion
0.006238103829188992,0.9679324894514767,0.014433183028217002,0.520734126984127,0.12866180825749998,9.0,0.439873417721519,0.8062280099615362,HI-VAE_piecewise_diffusion
0.005094098566054605,0.970253164556962,0.015888232295671798,0.46701625094482235,0.1285617567090298,10.0,0.5158227848101266,0.8060685017272626,HI-VAE_piecewise_diffusion
0.005198558202172662,0.970042194092827,0.011044581433141304,0.4862709435626103,0.1761312910800457,8.0,0.4810126582278481,0.7991003538634963,HI-VAE_piecewise_diffusion
0.005083069309453013,0.9683544303797469,0.014906553962454142,0.5323727639203829,0.15876795937044685,6.0,0.45569620253164556,0.7999939267275216,HI-VAE_piecewise_diffusion
0.005891953252850848,0.9637130801687764,0.013878398897463796,0.5027958868732678,0.14486149811311239,6.0,0.48417721518987344,0.8027764053341784,HI-VAE_piecewise_diffusion
0.0068234030422934,0.9616033755274263,0.012720901181353465,0.5262156714537667,0.14649622717549582,11.0,0.4873417721518987,0.8079822663237646,HI-VAE_piecewise_diffusion
0.0052354916920512706,0.9708860759493672,0.011253336190384676,0.5071294721592341,0.17186917146686762,7.0,0.47468354430379744,0.8020404457634478,HI-VAE_piecewise_diffusion
0.007245472171184491,0.9609704641350211,0.014553218352779331,0.5321019148400101,0.14532709922694292,6.0,0.47151898734177217,0.7901142609701725,HI-VAE_piecewise_diffusion
0.005425259751526508,0.9658227848101267,0.009030990893855936,0.48714805366591085,0.11567159380698484,7.0,0.49683544303797467,0.7880408053678909,HI-VAE_piecewise_diffusion
0.004789856213118546,0.970464135021097,0.023402538383522013,0.5387959813555052,0.1957410391562031,6.0,0.5158227848101266,0.811099644516304,HI-VAE_piecewise_diffusion
0.004783112194526898,0.9717299578059071,0.017786092383179467,0.5230749244142101,0.23638497681683793,6.0,0.5316455696202531,0.8160523567719001,HI-VAE_piecewise_diffusion
0.006751493569540936,0.9639240506329113,0.011700318318264721,0.5265109284454523,0.09601897457578043,6.0,0.5063291139240507,0.8074853310076379,HI-VAE_piecewise_diffusion
0.004773127119517975,0.9715189873417721,0.007820529116837753,0.5316751700680272,0.19704727964247726,6.0,0.49683544303797467,0.8095107501826009,HI-VAE_piecewise_diffusion
0.003959843741825424,0.9744725738396623,0.01703506572066184,0.5106583837238599,0.14387109362878273,7.0,0.46835443037974683,0.8053382205270695,HI-VAE_piecewise_diffusion
0.004542078630453906,0.9734177215189873,0.01841626955805577,0.4882534958427815,0.15530870276912317,7.0,0.47468354430379744,0.7985850333308261,HI-VAE_piecewise_diffusion
0.005499527791872281,0.968565400843882,0.012188771228368341,0.5080388636936256,0.25570497024073074,11.0,0.4810126582278481,0.7929852797206988,HI-VAE_piecewise_diffusion
0.004293660055018272,0.9732067510548522,0.012205398326891125,0.4806398022171832,0.12430372780747796,6.0,0.4873417721518987,0.7992776252191582,HI-VAE_piecewise_diffusion
0.004670821941477844,0.9744725738396626,0.011846368424111933,0.5139424288233811,0.3056220134712235,6.0,0.46835443037974683,0.7818194287156441,HI-VAE_piecewise_diffusion
0.005691987018644358,0.970042194092827,0.01574517844190509,0.4701900667674478,0.16135704626810174,8.0,0.45569620253164556,0.7907282684324092,HI-VAE_piecewise_diffusion
0.005686900666233054,0.9662447257383967,0.012746342512824294,0.48432382212144115,0.13489215264972385,9.0,0.4936708860759494,0.8043860336858628,HI-VAE_piecewise_diffusion
0.005775984580011549,0.9637130801687764,0.021060638356044915,0.5361363063744016,0.20787643127769315,5.0,0.5031645569620253,0.8167414682986316,HI-VAE_piecewise_diffusion
0.004896488797261669,0.9717299578059071,0.010962911624663112,0.5439145565633662,0.17898283412935853,6.0,0.5126582278481012,0.8190871027567618,HI-VAE_piecewise_diffusion
0.00488751876588954,0.9736286919831223,0.010827527715422423,0.48597726127488033,0.1972600191415094,11.0,0.4936708860759494,0.8088481832520548,HI-VAE_piecewise_diffusion
0.006011713257025189,0.9660337552742616,0.013488517570885828,0.5272998551272361,0.2238281050183436,9.0,0.4651898734177215,0.8109253886776153,HI-VAE_piecewise_diffusion
0.0050414276897183955,0.9704641350210971,0.01933844053265969,0.5662383471907282,0.1605613841094852,8.0,0.49050632911392406,0.8025282767354549,HI-VAE_piecewise_diffusion
0.0052757359816275355,0.970886075949367,0.009091307625492349,0.5150344860166289,0.21467394214040775,8.0,0.5158227848101266,0.8123130856917904,HI-VAE_piecewise_diffusion
0.004680136068976326,0.9719409282700422,0.009547324516003297,0.5005511463844796,0.14669960515951144,8.0,0.47468354430379744,0.8106770961649665,HI-VAE_piecewise_diffusion
0.004300459990166228,0.9759493670886076,0.01302724673467338,0.5029525699168557,0.2201154761047153,6.0,0.48417721518987344,0.8022256006077882,HI-VAE_piecewise_diffusion
0.004823717184705318,0.9732067510548522,0.01527789308563022,0.5234630889392794,0.2761138420255033,7.0,0.5,0.7964975556019457,HI-VAE_piecewise_diffusion
0.005882017810345027,0.9675105485232068,0.016260016457766105,0.5184956853111615,0.21849279508472422,8.0,0.5063291139240507,0.8170907186872413,HI-VAE_piecewise_diffusion
0.004904515294273261,0.972573839662447,0.012528591719150942,0.469185405643739,0.1624463660868221,8.0,0.509493670886076,0.8027236745049569,HI-VAE_piecewise_diffusion
0.00664106470331669,0.9654008438818564,0.015404284935859276,0.47783761652809276,0.22795176384855279,7.0,0.5221518987341772,0.8015159525861502,HI-VAE_piecewise_diffusion
0.006029707110955437,0.967932489451477,0.020615896182980133,0.5129779226505418,0.16409760336806656,9.0,0.47151898734177217,0.7963827222558322,HI-VAE_piecewise_diffusion
0.006202548606550792,0.9630801687763714,0.021148961179110217,0.5654478458049886,0.2006039585231048,11.0,0.47468354430379744,0.7982857848242606,HI-VAE_piecewise_diffusion
0.004470952647485585,0.9708860759493673,0.012422197935335114,0.5041524943310657,0.15727031856805082,10.0,0.5189873417721519,0.7957888792143523,HI-VAE_piecewise_diffusion
0.005338962918357428,0.970253164556962,0.021788721343169427,0.47615740740740736,0.16286091098661135,10.0,0.49050632911392406,0.8029432908337552,HI-VAE_piecewise_diffusion
0.005451273498464308,0.9679324894514768,0.01833812163271447,0.5412422839506174,0.14038360456020652,6.0,0.5158227848101266,0.8083671844446746,HI-VAE_piecewise_diffusion
0.006195258106006995,0.9649789029535865,0.013515198544132006,0.5788139329805997,0.13341825647307773,10.0,0.49683544303797467,0.7957985784676702,HI-VAE_piecewise_diffusion
0.005803115285118847,0.9675105485232067,0.011910862627417423,0.5016739103048626,0.24192849134976777,9.0,0.4936708860759494,0.8127990812836555,HI-VAE_piecewise_diffusion
0.00522521837304285,0.9691983122362869,0.008388155490480604,0.532381424792139,0.14594527707928667,6.0,0.5284810126582279,0.7951675746808445,HI-VAE_piecewise_diffusion
0.005461322574992876,0.9696202531645569,0.012966840810951721,0.5508834089191232,0.14186808803328402,4.0,0.4651898734177215,0.82354902259401,HI-VAE_piecewise_diffusion
0.005782519888785979,0.9675105485232066,0.015265258847813866,0.5269951499118165,0.15737271294436517,8.0,0.49050632911392406,0.7955075168662266,HI-VAE_piecewise_diffusion
0.0049960250036465564,0.9723628691983123,0.010757225851491707,0.5064515621063241,0.14909640827506734,7.0,0.47151898734177217,0.8092092539687326,HI-VAE_piecewise_diffusion
0.004971002601002928,0.970042194092827,0.012581588704322725,0.48326247165532876,0.1565246922765413,7.0,0.5253164556962026,0.8238263392263409,HI-VAE_piecewise_diffusion
0.004790789007642065,0.9685654008438819,0.022933440945315423,0.523162320483749,0.27841116184711706,7.0,0.4651898734177215,0.803171898413385,HI-VAE_piecewise_diffusion
0.005457967087828046,0.9664556962025318,0.021516338874651188,0.46964915595867973,0.20319739636595593,7.0,0.49050632911392406,0.795864557521408,HI-VAE_piecewise_diffusion
0.005760489011481484,0.9679324894514767,0.018989283986629104,0.5128999748047367,0.15122716352941107,12.0,0.4778481012658228,0.7872261844157001,HI-VAE_piecewise_diffusion
0.006230398640472335,0.9643459915611814,0.017646250763346513,0.4799784265558076,0.18133013629149203,9.0,0.48417721518987344,0.795306641301491,HI-VAE_piecewise_diffusion
0.0046622660553406236,0.9734177215189875,0.01281847300975443,0.5428303728898968,0.19775540445421202,10.0,0.49683544303797467,0.7991213821384952,HI-VAE_piecewise_diffusion
0.006066205183706772,0.9672995780590717,0.018893968816875304,0.5119953073822121,0.18927238735050606,9.0,0.4936708860759494,0.8126987087980581,HI-VAE_piecewise_diffusion
0.005632215303439272,0.9672995780590716,0.017679024518382776,0.5227828168304359,0.2237687952791476,11.0,0.4588607594936709,0.8109034352597574,HI-VAE_piecewise_diffusion
0.005938277763141385,0.9637130801687763,0.02816288060741622,0.5619079113126733,0.17602309701432722,7.0,0.4462025316455696,0.8052117967930347,HI-VAE_piecewise_diffusion
0.0050542140157760615,0.9689873417721518,0.011517166409551232,0.46271415973796926,0.19047222870841654,11.0,0.5063291139240507,0.7932573038776699,HI-VAE_piecewise_diffusion
0.006524027311155062,0.9662447257383966,0.027282962344463237,0.5242331191735954,0.21941040079345558,7.0,0.49050632911392406,0.8118585215392439,HI-VAE_piecewise_diffusion
0.0048870306904935275,0.9708860759493672,0.014594116097509343,0.5051083396321491,0.26278039932180913,8.0,0.49683544303797467,0.7996401738396122,HI-VAE_piecewise_diffusion
0.006233001664585807,0.9675105485232067,0.01725429846336268,0.527350245653817,0.1274165935389798,9.0,0.4873417721518987,0.7951639523544461,HI-VAE_piecewise_diffusion
0.005090229449891574,0.969620253164557,0.015150160004773055,0.5230024880322499,0.20030157174166738,6.0,0.49683544303797467,0.8043786499602562,HI-VAE_piecewise_diffusion
0.004926606641351042,0.9708860759493673,0.01767503477886386,0.4807862496850591,0.1756235129248242,6.0,0.5063291139240507,0.8163736799561644,HI-VAE_piecewise_diffusion
0.005477559695288304,0.9675105485232067,0.012610016760681525,0.5430035903250189,0.22679879811116543,7.0,0.5189873417721519,0.7937898707533545,HI-VAE_piecewise_diffusion
0.005683365069350525,0.9675105485232067,0.013177576615524675,0.5221552973041068,0.12112711689330415,8.0,0.5253164556962026,0.8136277919408009,HI-VAE_piecewise_diffusion
0.005880432603695214,0.9681434599156119,0.011666550867563876,0.4967899659863946,0.172624501281993,8.0,0.5158227848101266,0.7932707603741335,HI-VAE_piecewise_diffusion
0.004794129007971601,0.970253164556962,0.011182378562191276,0.5342529604434365,0.23215819185646333,9.0,0.46835443037974683,0.7969798075839334,HI-VAE_piecewise_diffusion
0.006245144009075766,0.968354430379747,0.01625979620522569,0.48433169564121936,0.2557364541409393,10.0,0.509493670886076,0.8056239046510257,HI-VAE_piecewise_diffusion
0.005353215476721492,0.9691983122362869,0.016207365584656644,0.5122535588309398,0.1707029975572299,5.0,0.4588607594936709,0.7949905285647987,HI-VAE_piecewise_diffusion
0.004706308964544572,0.9734177215189874,0.012304124843304943,0.47619205089443184,0.14412664975647774,8.0,0.5189873417721519,0.7993869079515468,HI-VAE_piecewise_diffusion
0.005593400967041504,0.9666666666666667,0.01811379367131182,0.496306531872008,0.20320192914561888,9.0,0.46835443037974683,0.7958428611607153,HI-VAE_piecewise_diffusion
0.004605716644473286,0.970886075949367,0.013914597991965672,0.543387818090199,0.14720468676160472,5.0,0.4462025316455696,0.8041876147937617,HI-VAE_piecewise_diffusion
0.004932186268309186,0.9725738396624473,0.014341686320993493,0.5376747921390779,0.1245813521042525,4.0,0.4778481012658228,0.8077256228408396,HI-VAE_piecewise_diffusion
0.005781408440759433,0.9670886075949366,0.015559658083480882,0.5203365142353238,0.16415972399266157,4.0,0.5189873417721519,0.8131825633256915,HI-VAE_piecewise_diffusion
0.005252666882676218,0.9675105485232067,0.018885752122121884,0.5781580687830689,0.18208114683082613,6.0,0.47468354430379744,0.7898929045743374,HI-VAE_piecewise_diffusion
0.0055390459174815875,0.9647679324894515,0.024484310168112908,0.5373590639959688,0.17662385446108003,8.0,0.46835443037974683,0.7830237107396488,HI-VAE_piecewise_diffusion
0.0056950759435067215,0.9666666666666667,0.01631777450982341,0.5684547430083144,0.19562425826919794,12.0,0.5,0.8047359096114904,HI-VAE_piecewise_diffusion
0.00636850922175528,0.9658227848101266,0.014852539735439539,0.5312271667926429,0.17996926712358333,11.0,0.5063291139240507,0.8059083058304739,HI-VAE_piecewise_diffusion
0.00549040219851729,0.9677215189873417,0.017888758301303563,0.4814177059712774,0.18783120006368043,9.0,0.5158227848101266,0.8022509617643934,HI-VAE_piecewise_diffusion
0.0051917569377440045,0.9706751054852322,0.013593633376309604,0.49125094482237347,0.12408258527113436,9.0,0.5284810126582279,0.7986014788845689,HI-VAE_piecewise_diffusion
0.006646904292270616,0.9647679324894514,0.02578756841480896,0.5173918178382464,0.14352274265623133,10.0,0.47468354430379744,0.7865603480780907,HI-VAE_piecewise_diffusion
0.005402614280846343,0.9668776371308018,0.010240592146877623,0.4841553287981859,0.22555161192524525,9.0,0.4873417721518987,0.7934930245788732,HI-VAE_piecewise_diffusion
0.004578378851648524,0.972784810126582,0.010178739322909176,0.5280462648022172,0.17261422830442985,6.0,0.49683544303797467,0.7897612242888927,HI-VAE_piecewise_diffusion
0.0062855197048473956,0.9647679324894515,0.025238111341055837,0.5456246850592088,0.14840989118613385,2.0,0.509493670886076,0.7960599883777811,HI-VAE_piecewise_diffusion
0.005141172786377448,0.9708860759493672,0.022670928941761696,0.5193105946082136,0.21014856048251201,8.0,0.49050632911392406,0.8085109013414118,HI-VAE_piecewise_diffusion
0.00652276076709271,0.9647679324894514,0.023330066761971524,0.5467876039304611,0.09903929105922367,8.0,0.44936708860759494,0.8069666838137515,HI-VAE_piecewise_diffusion
0.0061511145058804765,0.9639240506329113,0.016232582413672602,0.51628480095742,0.108825356305399,9.0,0.5126582278481012,0.8079191285192452,HI-VAE_piecewise_diffusion
0.0051333062775705905,0.9696202531645569,0.011104738550976177,0.5487740929705216,0.15343351584205753,11.0,0.509493670886076,0.8025828491235768,HI-VAE_piecewise_diffusion
0.005929363895213447,0.9662447257383967,0.013400519880319487,0.506648400100781,0.13976999330548745,3.0,0.4620253164556962,0.8058079928033257,HI-VAE_piecewise_diffusion
0.005532691351508106,0.9691983122362869,0.015747704682983903,0.5556697215923406,0.17579096618233445,9.0,0.4272151898734177,0.7931810693181119,HI-VAE_piecewise_diffusion
0.006143171361628897,0.9662447257383967,0.008831384521796382,0.4997015936004031,0.1881703341833313,9.0,0.5727848101265823,0.8031508118591802,HI-VAE_piecewise_diffusion
0.004687346284168687,0.969620253164557,0.011026741935707083,0.5454805996472663,0.23967457391256586,7.0,0.4810126582278481,0.8008906045352413,HI-VAE_piecewise_diffusion
0.004252768972021884,0.9753164556962025,0.009935075710672786,0.45541619425548,0.1987471505111907,11.0,0.5189873417721519,0.7893480260294287,HI-VAE_piecewise_diffusion
0.006759961660639623,0.9630801687763715,0.010317402264371308,0.504642227261275,0.1630465227961979,9.0,0.45569620253164556,0.8142916364725153,HI-VAE_piecewise_diffusion
0.006106894187293303,0.9639240506329113,0.019211212328690237,0.5680878369866466,0.20867034452622815,10.0,0.49050632911392406,0.7960641819102627,HI-VAE_piecewise_diffusion
0.004732584173120553,0.9719409282700422,0.010196940574866326,0.5286541005291006,0.15625267492650086,8.0,0.5158227848101266,0.7989847449570868,HI-VAE_piecewise_diffusion
0.00638788537658363,0.9647679324894515,0.009068567405006922,0.5204829617031997,0.15226950436040837,6.0,0.48417721518987344,0.8107476466645592,HI-VAE_piecewise_diffusion
0.006215333174885563,0.9658227848101267,0.01456058174400078,0.5367606764928193,0.1570571946292744,5.0,0.4936708860759494,0.8101435502537457,HI-VAE_piecewise_diffusion
0.006635924996134941,0.9668776371308018,0.016621649542511545,0.4739740803728899,0.16794393575262773,7.0,0.5316455696202531,0.7935426979765702,HI-VAE_piecewise_diffusion
0.004833893671378617,0.9666666666666667,0.015993729420466937,0.532803445452255,0.1668196806862122,7.0,0.4778481012658228,0.8041034627431615,HI-VAE_piecewise_diffusion
0.005857278423559705,0.9672995780590717,0.012910479087704808,0.5072696208112875,0.26541035659389145,9.0,0.509493670886076,0.803813982810814,HI-VAE_piecewise_diffusion
0.0060490526828679185,0.9656118143459914,0.015640975163438334,0.4866228898966994,0.18609154384121,10.0,0.5126582278481012,0.8032342017713702,HI-VAE_piecewise_diffusion
0.006349307501176718,0.9662447257383967,0.013123534885325689,0.5256842088687327,0.21636590714458925,8.0,0.4873417721518987,0.79530131913482,HI-VAE_piecewise_diffusion
0.005760634478465348,0.9645569620253165,0.018221272138707344,0.5558815192743765,0.1260536394139422,10.0,0.47468354430379744,0.7937814003104947,HI-VAE_piecewise_diffusion
0.006054895029424495,0.9664556962025316,0.014936210751308923,0.4897526140085664,0.1479939164491615,10.0,0.4810126582278481,0.7954807393154727,HI-VAE_piecewise_diffusion
0.00479116637421065,0.9721518987341772,0.02191461936266875,0.5029163517258756,0.1498057992913965,7.0,0.560126582278481,0.7999615440253619,HI-VAE_piecewise_diffusion
0.005480088173074413,0.9679324894514768,0.010068708218817246,0.6067877614008566,0.17031438341419236,5.0,0.48417721518987344,0.7996995814938505,HI-VAE_piecewise_diffusion
0.005335045710746048,0.9708860759493673,0.012560723232526078,0.4900510204081633,0.24224430949604764,9.0,0.5,0.8148777198048898,HI-VAE_piecewise_diffusion
0.005011569351874666,0.9691983122362869,0.018810727386769317,0.518667328042328,0.13492380170873428,12.0,0.49683544303797467,0.8073952091739238,HI-VAE_piecewise_diffusion
0.004601890363555491,0.9727848101265821,0.012071593026101685,0.5515983245149911,0.14928742575435452,10.0,0.4651898734177215,0.78622552451473,HI-VAE_piecewise_diffusion
0.005689256739818938,0.9660337552742615,0.014710835929267268,0.5080435878054925,0.18139969755811539,7.0,0.4873417721518987,0.8061814556943686,HI-VAE_piecewise_diffusion
0.005750876430319552,0.9672995780590717,0.0111050699316498,0.534672619047619,0.18501110594180742,5.0,0.47151898734177217,0.7882966475191173,HI-VAE_piecewise_diffusion
0.004905384388106774,0.9698312236286919,0.02747799285610652,0.49646321491559586,0.12985675026832505,8.0,0.4936708860759494,0.8150489562144191,HI-VAE_piecewise_diffusion
0.0054021831981212205,0.9658227848101266,0.02317838420278463,0.48227828168304365,0.10821468459304452,4.0,0.5379746835443038,0.8035627886974903,HI-VAE_piecewise_diffusion
0.004845379179229296,0.9721518987341773,0.017442528124106207,0.5321365583270345,0.16434501867882556,4.0,0.4588607594936709,0.8053412026686709,HI-VAE_piecewise_diffusion
0.00506778176534625,0.968987341772152,0.01116763122646961,0.5040879314688839,0.17232539555426202,8.0,0.5253164556962026,0.7987919278583051,HI-VAE_piecewise_diffusion
0.005326908839195385,0.9664556962025317,0.010483771457641802,0.54342009952129,0.1762036139808762,11.0,0.5284810126582279,0.7976995815699153,HI-VAE_piecewise_diffusion
0.005160505151167429,0.970675105485232,0.018753869306423757,0.5298918178382463,0.11057632926143401,3.0,0.4810126582278481,0.7943822270738551,HI-VAE_piecewise_diffusion
0.005160886891103048,0.9723628691983122,0.01219721325886297,0.4746834845049131,0.17944463797487945,8.0,0.5063291139240507,0.7989581472700386,HI-VAE_piecewise_diffusion
0.006530778548764759,0.9626582278481013,0.015076810102331297,0.5241000566893425,0.17719041538859456,5.0,0.5,0.8180020292711412,HI-VAE_piecewise_diffusion
0.005452666716637599,0.9668776371308017,0.01479543631204637,0.5103056500377929,0.14457097554678403,5.0,0.4810126582278481,0.7936998135629911,HI-VAE_piecewise_diffusion
0.00585673681037845,0.9672995780590719,0.013005661570003851,0.47328987150415724,0.1785610791314737,9.0,0.4620253164556962,0.8064218217810203,HI-VAE_piecewise_diffusion
0.005170412032567858,0.9666666666666666,0.02267166713643958,0.5570452254976065,0.1552106472597436,9.0,0.5,0.8024565401857262,HI-VAE_piecewise_diffusion
0.006266005003128438,0.9656118143459916,0.014198939644784442,0.5561381960191484,0.18588527695240853,8.0,0.44936708860759494,0.7984014679082387,HI-VAE_piecewise_diffusion
0.006039464599864226,0.9662447257383967,0.020088154163859784,0.49191940665154943,0.13662925339056933,5.0,0.5,0.8058975483689266,HI-VAE_piecewise_diffusion
0.005066579738090956,0.9721518987341773,0.011073264239844038,0.4619858591584782,0.14505982830549108,8.0,0.5031645569620253,0.8049748548038548,HI-VAE_piecewise_diffusion
