J-S distance,KS test,Survival curves distance,Detection XGB,NSND,K-map score,Identifiability score,NNDR,generator
0.0046374191452388,0.9751578947368421,0.02714016780939435,0.49099168975069246,0.18500651444742297,10.0,0.5010526315789474,0.8011737655747673,HI-VAE_weibull
0.004919888367317989,0.9703859649122808,0.014758128778072458,0.5454847645429363,0.16403635363967517,12.0,0.47368421052631576,0.7931209509371396,HI-VAE_weibull
0.004102923505854004,0.9751578947368422,0.025974396663612415,0.5193351800554016,0.1524804091515873,6.0,0.4694736842105263,0.8079628134839785,HI-VAE_weibull
0.00353124613233786,0.9785263157894737,0.014886901261255227,0.5042216066481994,0.1280710513245081,2.0,0.4652631578947368,0.8138346100508208,HI-VAE_weibull
0.004073556059171011,0.9767017543859648,0.01869016577525769,0.46411080332409965,0.205213002869313,9.0,0.48,0.8245715590246036,HI-VAE_weibull
0.0035794084471299495,0.9809122807017545,0.0136484531358115,0.4994349030470914,0.23159805424022034,8.0,0.4926315789473684,0.8052547405227867,HI-VAE_weibull
0.004435245526339445,0.9740350877192984,0.02284479875973647,0.5366869806094183,0.1574603423074501,5.0,0.4589473684210526,0.8103481867899377,HI-VAE_weibull
0.003593689059341565,0.9823157894736844,0.011729080672949256,0.506792243767313,0.1671522879354776,8.0,0.47578947368421054,0.8080928688913381,HI-VAE_weibull
0.00339353137255506,0.9814736842105263,0.009468974352533657,0.5050858725761773,0.1763534910755705,12.0,0.4652631578947368,0.8049432727594501,HI-VAE_weibull
0.004589318250912691,0.9745964912280701,0.01768827231383007,0.5509584487534627,0.17195343475945965,7.0,0.5052631578947369,0.8083898550767563,HI-VAE_weibull
0.003257373686983968,0.9802105263157894,0.029252463241437987,0.5125318559556786,0.1675224141297713,7.0,0.47368421052631576,0.796716116347218,HI-VAE_weibull
0.0033841336202987374,0.9795087719298247,0.02312179513097032,0.5096066481994461,0.1377679510913182,7.0,0.4652631578947368,0.7980957766824194,HI-VAE_weibull
0.004978142992056182,0.9758596491228069,0.010235590807601546,0.5138614958448755,0.1557257484482152,7.0,0.4884210526315789,0.8028590513127517,HI-VAE_weibull
0.004432477731178483,0.9774035087719298,0.017581445618274405,0.4949584487534627,0.12308794248030168,10.0,0.4863157894736842,0.8168618792926918,HI-VAE_weibull
0.004400609180055584,0.9748771929824561,0.011532098705671106,0.48359002770083104,0.13343854115740517,8.0,0.48210526315789476,0.8102322818167522,HI-VAE_weibull
0.004335745011610692,0.9761403508771931,0.012333975115191546,0.493606648199446,0.2528757347973431,10.0,0.4884210526315789,0.82023734185115,HI-VAE_weibull
0.0033105455052655497,0.9817543859649123,0.018180985096517804,0.509207756232687,0.13209008629425015,8.0,0.5178947368421053,0.7962184322603516,HI-VAE_weibull
0.003431037380334367,0.9821754385964911,0.013608619952876877,0.4932963988919668,0.19147071662391352,10.0,0.47368421052631576,0.8015892293382583,HI-VAE_weibull
0.00419507702394538,0.9767017543859651,0.011485753376073634,0.48219390581717453,0.19224497714243127,8.0,0.49894736842105264,0.8154931454013621,HI-VAE_weibull
0.004555586139533708,0.9723508771929825,0.018245349280868687,0.5601994459833796,0.14879292499228988,10.0,0.4589473684210526,0.8025894484713713,HI-VAE_weibull
0.003651123175781081,0.9786666666666668,0.013927366583664322,0.5071689750692521,0.21692370611193676,9.0,0.49473684210526314,0.7894677367336635,HI-VAE_weibull
0.004147349280036814,0.9789473684210525,0.01596004953202914,0.534781163434903,0.19920432710254235,12.0,0.4926315789473684,0.8079277957165706,HI-VAE_weibull
0.0037218725956231252,0.976561403508772,0.014987905194989565,0.4962880886426593,0.15690403515217052,7.0,0.5136842105263157,0.8046143683044648,HI-VAE_weibull
0.004601539620172734,0.974035087719298,0.017775644989916184,0.4947368421052632,0.09824762643245903,8.0,0.5073684210526316,0.8104828251457289,HI-VAE_weibull
0.003084294060277228,0.9795087719298244,0.015071735910803834,0.50001108033241,0.1475946742361948,6.0,0.5073684210526316,0.7979258249518626,HI-VAE_weibull
0.0041445824566383105,0.9783859649122808,0.012019416381470435,0.5018060941828255,0.17909235288995362,8.0,0.4589473684210526,0.7981669895596443,HI-VAE_weibull
0.0046295585886668555,0.9741754385964912,0.013808861763419788,0.5394349030470914,0.20783223487665067,13.0,0.45052631578947366,0.8210954285860415,HI-VAE_weibull
0.004069600831207808,0.9782456140350876,0.014500389992922094,0.5249418282548476,0.1741559563716408,11.0,0.511578947368421,0.8180956105863003,HI-VAE_weibull
0.00436109479097384,0.9761403508771931,0.014282011211643814,0.5258504155124653,0.1735717892608728,11.0,0.4568421052631579,0.8047913176519513,HI-VAE_weibull
0.005093937389314588,0.9738947368421053,0.01675321429780964,0.5448642659279779,0.25628768149914666,11.0,0.45263157894736844,0.795281286819846,HI-VAE_weibull
0.0029848689002612877,0.9790877192982457,0.015872840648915556,0.507213296398892,0.1570679166497374,7.0,0.5010526315789474,0.7947983004008728,HI-VAE_weibull
0.005019596808313068,0.975719298245614,0.015584104160294168,0.5136842105263157,0.18032797251704022,9.0,0.47578947368421054,0.7937297132524447,HI-VAE_weibull
0.004110622019230107,0.9760000000000001,0.01864121068599071,0.5345152354570637,0.17379137622786087,15.0,0.48,0.8158405571860216,HI-VAE_weibull
0.004278434163304602,0.9788070175438597,0.019192513420063177,0.545174515235457,0.18452660474173233,9.0,0.4884210526315789,0.8021506670026457,HI-VAE_weibull
0.0039803972171237245,0.9772631578947368,0.013299506106688916,0.5095623268698061,0.13354533504330046,10.0,0.4652631578947368,0.8108320953314573,HI-VAE_weibull
0.0038266659171310993,0.9754385964912281,0.013988963771767761,0.5184265927977838,0.17022010487831388,15.0,0.4610526315789474,0.8067324244287494,HI-VAE_weibull
0.0030002982564161563,0.9832982456140351,0.010330699265448731,0.5430027700831024,0.20244253943235194,14.0,0.4568421052631579,0.808804777181124,HI-VAE_weibull
0.002960847768387823,0.982456140350877,0.016370700948990867,0.5385263157894736,0.1430052524076821,8.0,0.48,0.820842941907242,HI-VAE_weibull
0.003299983241053495,0.9807719298245613,0.015408874719667141,0.4421939058171745,0.14792348196247657,9.0,0.5073684210526316,0.8110315807675017,HI-VAE_weibull
0.0032296080556709723,0.9810526315789474,0.012634918171870142,0.4825706371191135,0.18084923916702966,10.0,0.4631578947368421,0.8042090492506524,HI-VAE_weibull
0.004543895533946182,0.9744561403508772,0.01795687440159301,0.4878005540166205,0.18397754293342494,12.0,0.48,0.8092518197368167,HI-VAE_weibull
0.005047153199818368,0.9738947368421053,0.008102915755384577,0.50801108033241,0.14764245423980799,7.0,0.49473684210526314,0.8038565488075219,HI-VAE_weibull
0.00371412451792764,0.9802105263157894,0.009528984523943141,0.5028919667590028,0.14119631002270855,11.0,0.48210526315789476,0.8140459782380073,HI-VAE_weibull
0.0036904500313530105,0.9783859649122808,0.017384603478034784,0.4980609418282548,0.15076237454749414,10.0,0.5031578947368421,0.8162791369210981,HI-VAE_weibull
0.004251377674019177,0.9765614035087719,0.017956676244536576,0.5301495844875346,0.14952570739311277,9.0,0.4589473684210526,0.7979612761200503,HI-VAE_weibull
0.004318093654515453,0.977122807017544,0.012827747377402877,0.5238559556786704,0.20474542597583595,13.0,0.4694736842105263,0.7984383561272156,HI-VAE_weibull
0.004901874037112757,0.9709473684210527,0.012051087077607825,0.5427146814404431,0.20151520282893562,9.0,0.4568421052631579,0.7869604901352903,HI-VAE_weibull
0.004884804023064364,0.9767017543859648,0.01658521926997601,0.5186038781163436,0.16567427182817512,8.0,0.49473684210526314,0.8172334905955918,HI-VAE_weibull
0.004079615087469605,0.9760000000000001,0.017291421453674016,0.511157894736842,0.1727860886478491,10.0,0.47157894736842104,0.7975719241870893,HI-VAE_weibull
0.004079354338976921,0.9731929824561404,0.01560601157798734,0.49921329639889206,0.18502077982613124,10.0,0.49894736842105264,0.8166941044002244,HI-VAE_weibull
0.0038445394808487806,0.976982456140351,0.009799535983595212,0.5249639889196676,0.19472025339610904,14.0,0.48210526315789476,0.8181885921554948,HI-VAE_weibull
0.004265412355056437,0.9768421052631581,0.0159132192831622,0.4960443213296399,0.11985422366903324,6.0,0.49473684210526314,0.8132195657547514,HI-VAE_weibull
0.003846437217602116,0.9774035087719299,0.013436931398881607,0.5003656509695291,0.14181095088434817,14.0,0.45263157894736844,0.7973206218393053,HI-VAE_weibull
0.0036315988690725793,0.9782456140350878,0.021065366293267617,0.5245872576177285,0.13757903555090495,9.0,0.47157894736842104,0.8147787279826957,HI-VAE_weibull
0.00506155769542714,0.9722105263157895,0.015156146597733011,0.510803324099723,0.1666129357521284,4.0,0.42947368421052634,0.8025727557517485,HI-VAE_weibull
0.004208303483137716,0.9785263157894737,0.01281423762986145,0.5186481994459834,0.15960673121686825,9.0,0.47157894736842104,0.8093780516194911,HI-VAE_weibull
0.004247728195935488,0.976421052631579,0.013105277626707589,0.5220387811634349,0.19686441153817166,9.0,0.4926315789473684,0.801914532386694,HI-VAE_weibull
0.004410258876257721,0.9781052631578948,0.013928747789231682,0.5073240997229916,0.11502006321801424,7.0,0.48,0.8152092100130209,HI-VAE_weibull
0.0037487224249284088,0.976140350877193,0.01166885642290409,0.4891523545706371,0.23348569471438177,12.0,0.4652631578947368,0.8095758173885865,HI-VAE_weibull
0.005044551740547403,0.9726315789473683,0.014468420136913145,0.5227257617728532,0.12102383252227066,10.0,0.4926315789473684,0.8076072935691068,HI-VAE_weibull
0.0033179103115434454,0.9788070175438598,0.018331984129621125,0.5141274238227147,0.1379300068330995,3.0,0.4442105263157895,0.8201493069965663,HI-VAE_weibull
0.0043613002222184965,0.9757192982456141,0.01909539916148051,0.5172742382271468,0.18846465956811723,12.0,0.4694736842105263,0.8118920167624174,HI-VAE_weibull
0.0040746818576972614,0.9782456140350877,0.015057813530329487,0.4893739612188366,0.2139548135385779,14.0,0.5052631578947369,0.8190369572275121,HI-VAE_weibull
0.0033041422729916214,0.9823157894736843,0.014020666139555384,0.5206869806094183,0.13598005655404552,8.0,0.4694736842105263,0.8083304975688569,HI-VAE_weibull
0.004206932921458777,0.9720701754385964,0.027374159077417064,0.5465041551246538,0.10685867641498457,6.0,0.4652631578947368,0.812637491689421,HI-VAE_weibull
0.005030516050066278,0.9754385964912282,0.011769471946241547,0.5167202216066482,0.1672988229617663,12.0,0.49473684210526314,0.8101729531547041,HI-VAE_weibull
0.003303707655522369,0.9802105263157894,0.01205399197232802,0.5043767313019389,0.20803294639135356,11.0,0.5094736842105263,0.8099774233342829,HI-VAE_weibull
0.0029735591083053154,0.9828771929824561,0.018153769249152716,0.4814404432132964,0.12500298861390463,9.0,0.45473684210526316,0.8058383722651526,HI-VAE_weibull
0.004264944886969006,0.9774035087719298,0.01501489642941162,0.5071024930747923,0.18746170059214415,14.0,0.4842105263157895,0.7996732713969196,HI-VAE_weibull
0.005246594141444534,0.9731929824561404,0.014721640177220557,0.510005540166205,0.1128010177744433,7.0,0.49473684210526314,0.8053825675608237,HI-VAE_weibull
0.0034335343635637297,0.9802105263157894,0.014970711684431877,0.4901717451523545,0.1293753290513162,9.0,0.4842105263157895,0.8068713306078488,HI-VAE_weibull
0.004208545349805232,0.9772631578947367,0.013252629306636076,0.5177617728531856,0.16986264035262227,10.0,0.511578947368421,0.8046750506493818,HI-VAE_weibull
0.0032732185485282016,0.9811929824561404,0.00997156626356968,0.530437673130194,0.19606449331409306,13.0,0.4926315789473684,0.813537093496566,HI-VAE_weibull
0.004513888165300287,0.9781052631578948,0.01590163673675381,0.4929196675900277,0.13152385575412376,7.0,0.48210526315789476,0.815159800358476,HI-VAE_weibull
0.0039163825668595215,0.9779649122807018,0.013829756725536423,0.5245207756232687,0.17025140162939026,10.0,0.47578947368421054,0.8009404070976451,HI-VAE_weibull
0.0050507607035241205,0.9752982456140351,0.013784786285454348,0.49795013850415515,0.1760465709374288,12.0,0.48,0.7963829891176034,HI-VAE_weibull
0.003774487996721573,0.9776842105263158,0.014080985282876494,0.5113351800554017,0.17258384314658504,10.0,0.5031578947368421,0.8087173854640339,HI-VAE_weibull
0.0037512785294360126,0.9781052631578948,0.014294402030185666,0.49699722991689754,0.15323003292345946,9.0,0.4463157894736842,0.8095064933972486,HI-VAE_weibull
0.004152005372990385,0.9774035087719298,0.01923523876792366,0.5105595567867036,0.12348525707460753,11.0,0.5010526315789474,0.8068071767047548,HI-VAE_weibull
0.004253107498712206,0.976701754385965,0.01104379265182546,0.5235900277008311,0.16826406775062341,8.0,0.47157894736842104,0.8106743346442815,HI-VAE_weibull
0.0037455818755215667,0.9782456140350877,0.01413690794579923,0.49440443213296403,0.13266169251148516,10.0,0.4694736842105263,0.813112105005006,HI-VAE_weibull
0.004703838731361336,0.9727719298245614,0.017974624855158498,0.5254293628808864,0.13436331619720063,6.0,0.511578947368421,0.7999257536063095,HI-VAE_weibull
0.003654213971042047,0.9771228070175441,0.016736263786339335,0.4794681440443213,0.15312829310671247,6.0,0.5094736842105263,0.808045667641974,HI-VAE_weibull
0.004006090245424496,0.9761403508771931,0.01687562956304291,0.5243656509695291,0.16314119286811576,8.0,0.48,0.810627521024375,HI-VAE_weibull
0.004397017969898334,0.9771228070175438,0.020733759502815,0.505595567867036,0.10138389684329117,9.0,0.5031578947368421,0.8074217088220889,HI-VAE_weibull
0.0036983650918803964,0.9806315789473685,0.010970088035597137,0.5151024930747922,0.16112161825043245,11.0,0.47368421052631576,0.8098765596918092,HI-VAE_weibull
0.004721040649313905,0.9736140350877192,0.017247068681670773,0.5102936288088643,0.2553290431195403,12.0,0.5010526315789474,0.8165303511544717,HI-VAE_weibull
0.0037751909782775214,0.9786666666666668,0.01925527393994274,0.5236343490304709,0.11796901887702507,8.0,0.47789473684210526,0.8105785367140032,HI-VAE_weibull
0.003973680369569818,0.9765614035087719,0.01188556598446123,0.5116675900277008,0.19093011781943736,8.0,0.4968421052631579,0.8311555516727662,HI-VAE_weibull
0.00402705563059902,0.976280701754386,0.010968825163306427,0.5090526315789473,0.16823720913529333,12.0,0.5010526315789474,0.8133255921505418,HI-VAE_weibull
0.0035113572154710664,0.9814736842105264,0.016329164201433804,0.4959113573407202,0.1839818222349212,12.0,0.4673684210526316,0.8137605649843178,HI-VAE_weibull
0.0038617709176936446,0.9772631578947368,0.02236919755517173,0.5217506925207757,0.12545570341274578,7.0,0.4610526315789474,0.819977437500759,HI-VAE_weibull
0.004322059251983357,0.9771228070175438,0.017303086044401016,0.48815512465373967,0.21227310088302997,11.0,0.5031578947368421,0.8076035137497878,HI-VAE_weibull
0.005062164573491107,0.9754385964912282,0.012993517740013357,0.5068365650969529,0.20938192902924094,13.0,0.4842105263157895,0.815049747967679,HI-VAE_weibull
0.003333252585516204,0.9809122807017545,0.010144851802252582,0.5049972299168974,0.21602385256692258,11.0,0.5010526315789474,0.8152567405057622,HI-VAE_weibull
0.0041020457568463784,0.9760000000000001,0.019863949963929258,0.5320110803324101,0.1623788982572969,5.0,0.4589473684210526,0.795285663024685,HI-VAE_weibull
0.004529960847385883,0.9740350877192981,0.030379177509800532,0.5029141274238228,0.20087808993830555,8.0,0.47368421052631576,0.8002111133866591,HI-VAE_weibull
0.0036480259789086894,0.9775438596491228,0.017913303384169812,0.5096288088642659,0.1497458026737215,13.0,0.47578947368421054,0.8133558215299284,HI-VAE_weibull
0.004092412190608344,0.9786666666666668,0.015814157457239308,0.5345373961218837,0.1624667200599241,9.0,0.45052631578947366,0.8064301057642806,HI-VAE_weibull
0.005181133552569513,0.9741754385964912,0.012008588505470987,0.48015512465373966,0.13413618419622778,13.0,0.47578947368421054,0.8200690656875139,HI-VAE_weibull
0.004472742872424213,0.9745964912280702,0.027531979617637547,0.5327423822714682,0.15337524321482618,6.0,0.4442105263157895,0.8137539642769147,HI-VAE_weibull
0.0032718104414816798,0.9823157894736844,0.014028868006963032,0.4802659279778393,0.13514598536351047,10.0,0.4610526315789474,0.797831288329409,HI-VAE_weibull
0.004436066560428508,0.9741754385964911,0.010174358972322994,0.5135512465373961,0.16448609858700086,13.0,0.4610526315789474,0.8031299490535678,HI-VAE_weibull
0.004040075914421673,0.9788070175438595,0.01810114181723826,0.4854072022160666,0.09367947155272334,10.0,0.5136842105263157,0.8059011966264368,HI-VAE_weibull
0.0030748182189093403,0.9803508771929825,0.009435849453331853,0.4996343490304708,0.2122834190619571,7.0,0.4884210526315789,0.8071345690995199,HI-VAE_weibull
0.004775114988219847,0.9744561403508774,0.01474580373152776,0.5030249307479224,0.26309566043572064,13.0,0.5221052631578947,0.8109321075920916,HI-VAE_weibull
0.004305119213345863,0.9774035087719299,0.014275423542016379,0.5037783933518006,0.16180858572289697,8.0,0.5136842105263157,0.8124834265144136,HI-VAE_weibull
0.004197805545825966,0.9776842105263158,0.012838712389071211,0.556764542936288,0.1512139539583721,7.0,0.4589473684210526,0.8119209462531317,HI-VAE_weibull
0.004706062247583757,0.9737543859649125,0.019106408460888867,0.4897950138504156,0.14883337600365149,3.0,0.5263157894736842,0.8071866443325684,HI-VAE_weibull
0.0033359776856448373,0.9799298245614035,0.016139846854350534,0.49947922437673126,0.1394909817337781,11.0,0.4968421052631579,0.800028178330324,HI-VAE_weibull
0.005015140458417408,0.976982456140351,0.01124369062483723,0.5127534626038781,0.1682798343671333,12.0,0.48,0.8224994668793395,HI-VAE_weibull
0.004679043561492472,0.9786666666666666,0.015313963237968804,0.5255623268698061,0.19785573758616545,12.0,0.47578947368421054,0.8142553745046937,HI-VAE_weibull
0.00396867714950572,0.9771228070175438,0.01504390730406966,0.5136842105263159,0.14510551937226285,11.0,0.48210526315789476,0.7983720009860138,HI-VAE_weibull
0.004079259523808205,0.9751578947368421,0.014333431090852018,0.5100720221606648,0.11332999006235801,6.0,0.47789473684210526,0.8093062623846982,HI-VAE_weibull
0.00443877817668655,0.9760000000000001,0.017730809389915565,0.5097617728531855,0.18022350130268724,7.0,0.47157894736842104,0.822079667904509,HI-VAE_weibull
0.004638300761500224,0.9747368421052632,0.01282298583640654,0.5041551246537396,0.2223818771534787,9.0,0.5073684210526316,0.8130156463265569,HI-VAE_weibull
0.004328090334817232,0.9764210526315791,0.011096747294023476,0.5270692520775624,0.1741916284290596,9.0,0.47368421052631576,0.8066892673222434,HI-VAE_weibull
0.0043453960751530666,0.976561403508772,0.020557291656040935,0.5360664819944598,0.22016707459663734,8.0,0.44842105263157894,0.8068788802880277,HI-VAE_weibull
0.004369311629172185,0.9774035087719297,0.012082133445852575,0.5128199445983379,0.14641753052643405,8.0,0.5157894736842106,0.8065034752550898,HI-VAE_weibull
0.004476714438113636,0.976842105263158,0.014871348715938912,0.5246980609418284,0.18948858774956429,5.0,0.49473684210526314,0.8114689586866488,HI-VAE_weibull
0.00394138691318648,0.9799298245614037,0.0128262227268393,0.52,0.21138007576103002,15.0,0.5242105263157895,0.800577285601136,HI-VAE_weibull
0.003936057338552263,0.9778245614035088,0.013312684002522916,0.4961994459833795,0.15654614172928452,12.0,0.5136842105263157,0.8040451645688776,HI-VAE_weibull
0.00495929440467992,0.9719298245614036,0.02690690915313672,0.4604099722991689,0.1493773924649444,9.0,0.47578947368421054,0.8091921220417034,HI-VAE_weibull
0.0043138137334245786,0.9767017543859648,0.017901565913747485,0.4904155124653739,0.15375449495405244,10.0,0.4568421052631579,0.8249690713935327,HI-VAE_weibull
0.003389499159777366,0.9807719298245615,0.023356004778278077,0.5043545706371192,0.13883118732875166,6.0,0.5157894736842106,0.8071165833190925,HI-VAE_weibull
0.005324455169615671,0.9761403508771931,0.0165125053414458,0.5701717451523546,0.2535234764475401,10.0,0.47157894736842104,0.8082064432543544,HI-VAE_weibull
0.0035049077496820424,0.9799298245614037,0.020966223562413795,0.5379279778393352,0.21472535335237886,12.0,0.4842105263157895,0.8104094571490458,HI-VAE_weibull
0.0035727898964212843,0.9797894736842105,0.023791028605867463,0.47228808864265925,0.1946712115239142,9.0,0.4610526315789474,0.8202229265999329,HI-VAE_weibull
0.0043614003504566685,0.9748771929824561,0.01646215370870409,0.5445983379501385,0.23721298452783135,9.0,0.47368421052631576,0.8159608170246473,HI-VAE_weibull
0.005019530393648403,0.9745964912280702,0.012126456841422138,0.5060387811634348,0.15191071044692622,12.0,0.4905263157894737,0.8089978318258326,HI-VAE_weibull
0.0038531475950815837,0.9781052631578949,0.011549293518762875,0.5315678670360111,0.19827583232303625,10.0,0.47368421052631576,0.8033578720434146,HI-VAE_weibull
0.0035218418326607836,0.9811929824561404,0.014208469404895405,0.5100277008310249,0.16346674280173595,10.0,0.4589473684210526,0.8154830571946097,HI-VAE_weibull
0.005064511740387468,0.9720701754385966,0.011183277767823423,0.5242548476454294,0.22866524901635896,12.0,0.511578947368421,0.8115122609205354,HI-VAE_weibull
0.004145863996391203,0.975578947368421,0.026034818793876438,0.5414958448753462,0.15130312405999113,5.0,0.5052631578947369,0.8059192831144913,HI-VAE_weibull
0.0048639733516857835,0.9736140350877192,0.011816371747262638,0.49165650969529084,0.1493227076364588,7.0,0.4905263157894737,0.8099312286502539,HI-VAE_weibull
0.0042313206066431,0.9740350877192984,0.01822862092920754,0.4919445983379501,0.19853341472055225,9.0,0.4926315789473684,0.8111293697413381,HI-VAE_weibull
0.004240671573130356,0.9772631578947368,0.015469702280066272,0.4948698060941828,0.16302518782311687,10.0,0.48,0.8116714097704265,HI-VAE_weibull
0.0044557725255226785,0.9779649122807018,0.011555314800015563,0.504376731301939,0.26337687702930157,15.0,0.47368421052631576,0.8084332293416449,HI-VAE_weibull
0.0036705607608533116,0.9809122807017545,0.014947138895701529,0.5214847645429364,0.11447767042053739,7.0,0.47368421052631576,0.809108064020195,HI-VAE_weibull
0.004084718183723485,0.9789473684210527,0.016604106835050675,0.5175401662049861,0.20474773793306733,8.0,0.4905263157894737,0.8123716075026794,HI-VAE_weibull
0.004235967950176162,0.9752982456140351,0.01837858842780459,0.5595567867036011,0.1814416224825351,8.0,0.47157894736842104,0.8061214040366358,HI-VAE_weibull
0.003588966821472669,0.9789473684210528,0.01178520673249987,0.5348476454293628,0.26500610989810724,10.0,0.4842105263157895,0.812571405465788,HI-VAE_weibull
0.00416524817097651,0.975157894736842,0.016852306775619073,0.5169861495844875,0.15056780463878897,9.0,0.4905263157894737,0.8017426799101653,HI-VAE_weibull
0.004689301639432135,0.9754385964912282,0.009459393567023834,0.5696509695290859,0.08973018105942979,8.0,0.4673684210526316,0.823691936849719,HI-VAE_weibull
0.004524533893030065,0.9733333333333333,0.014064230847296617,0.5262714681440442,0.15480030192310718,10.0,0.4589473684210526,0.7939177348910708,HI-VAE_weibull
0.004127324102159791,0.976140350877193,0.014036949849187796,0.5129529085872576,0.1038351059025082,9.0,0.4842105263157895,0.8144942785431248,HI-VAE_weibull
0.003906396969372333,0.9789473684210527,0.009029706858167388,0.531656509695291,0.1931669947033801,11.0,0.4694736842105263,0.8082444492816268,HI-VAE_weibull
0.003929374254537419,0.9782456140350876,0.01699729379380867,0.47534626038781164,0.18290989931062815,12.0,0.47578947368421054,0.8057019693392883,HI-VAE_weibull
0.0045034503858249935,0.9775438596491228,0.022226378083117438,0.5356675900277008,0.12646760294894882,7.0,0.511578947368421,0.8042089116940966,HI-VAE_weibull
0.0038207942842499463,0.9795087719298246,0.012974811207716517,0.5329639889196676,0.15061835698586507,9.0,0.48210526315789476,0.8159314565678333,HI-VAE_weibull
0.0038192182843116815,0.9788070175438597,0.009722707691180223,0.5290858725761772,0.216490292606266,11.0,0.5073684210526316,0.816316261832722,HI-VAE_weibull
0.004194977986626279,0.975157894736842,0.013975950317600244,0.5232797783933518,0.17688063903367304,9.0,0.4421052631578947,0.7954510984861698,HI-VAE_weibull
0.0041078532136812375,0.975438596491228,0.019477238252415544,0.5454847645429363,0.1525920977722464,5.0,0.48,0.8052865057885196,HI-VAE_weibull
0.0033562082513797797,0.9809122807017544,0.015131280065411921,0.5389473684210525,0.20016039601041447,12.0,0.48210526315789476,0.8181138311141563,HI-VAE_weibull
0.0040703664581338336,0.9772631578947368,0.014837891657598974,0.4962437673130194,0.1511157866038976,7.0,0.5242105263157895,0.8073972495515,HI-VAE_weibull
0.004286223439648263,0.9771228070175438,0.009338607054686768,0.49759556786703607,0.19268331815621403,13.0,0.4905263157894737,0.8129346529217499,HI-VAE_weibull
0.004068803083403277,0.9800701754385964,0.02400993414812003,0.5182936288088642,0.1632500873956298,3.0,0.4863157894736842,0.7913609248414758,HI-VAE_weibull
0.0050428169483006605,0.9705263157894738,0.0166481966310999,0.5184265927977839,0.15182371657629018,9.0,0.5221052631578947,0.8119277195341538,HI-VAE_weibull
0.003531977214830431,0.9792280701754386,0.021112775757974545,0.5022714681440443,0.17836300758456583,9.0,0.5010526315789474,0.7928114906486996,HI-VAE_weibull
0.003665331696535964,0.9796491228070174,0.022472087803120953,0.4944487534626038,0.13414160489906335,9.0,0.4652631578947368,0.8140239386269229,HI-VAE_weibull
0.0029121436572773344,0.9828771929824563,0.016233082431224517,0.5068808864265928,0.18584252062236953,11.0,0.4610526315789474,0.8120384006030559,HI-VAE_weibull
0.003553947779962755,0.9813333333333333,0.014039534176573377,0.4818171745152354,0.10327327536021372,2.0,0.47578947368421054,0.7874854214708608,HI-VAE_weibull
0.004024181557349469,0.9788070175438597,0.015870002495218503,0.5198448753462604,0.18309783931818077,7.0,0.5010526315789474,0.7939857954118313,HI-VAE_weibull
0.004644834874837694,0.9745964912280702,0.016833596686478262,0.5066371191135735,0.17020569648483455,9.0,0.4631578947368421,0.830607882967235,HI-VAE_weibull
0.004117421747151504,0.9768421052631581,0.021208446844462867,0.48332409972299173,0.14379898968572868,11.0,0.5221052631578947,0.7940065454816788,HI-VAE_weibull
0.0031697030024558726,0.9813333333333333,0.018372881541613182,0.5526648199445983,0.17294151348479583,9.0,0.49894736842105264,0.8001526754021593,HI-VAE_weibull
0.003910776431957922,0.9765614035087719,0.010944220740357809,0.4864709141274238,0.26167107489310737,14.0,0.4968421052631579,0.8097981502497221,HI-VAE_weibull
0.003738551445647926,0.9802105263157894,0.02047532907780771,0.49369529085872577,0.19724185202251102,10.0,0.511578947368421,0.7902713049499507,HI-VAE_weibull
0.0035537529936125758,0.9786666666666667,0.008955057008518435,0.5147036011080333,0.20910771349339474,10.0,0.45263157894736844,0.7929294638801543,HI-VAE_weibull
0.0037946417653708106,0.9799298245614037,0.010829868635175736,0.48549584487534625,0.14150835167891151,9.0,0.47578947368421054,0.8154003817932547,HI-VAE_weibull
0.0034499887696932564,0.9807719298245613,0.020624346618125792,0.5106260387811634,0.18164403043398827,14.0,0.48,0.797637711944121,HI-VAE_weibull
0.004635826568322763,0.975859649122807,0.013052267170808058,0.5602659279778393,0.197656710568313,14.0,0.4884210526315789,0.7907295319661769,HI-VAE_weibull
0.004589504167275595,0.9760000000000001,0.019632241705960733,0.5394570637119113,0.17200970680036204,6.0,0.4884210526315789,0.8056489776346509,HI-VAE_weibull
0.004238694108712599,0.9764210526315791,0.012663844627608268,0.5238116343490304,0.1105939595691246,9.0,0.4589473684210526,0.8161409339596598,HI-VAE_weibull
0.004082028427753534,0.9783859649122806,0.027088425689315167,0.5166315789473683,0.26032632161387387,9.0,0.48,0.8084284475695109,HI-VAE_weibull
0.0038449386705152484,0.9785263157894737,0.010550171153420019,0.5118005540166204,0.1930113518034149,10.0,0.4905263157894737,0.8147787431457514,HI-VAE_weibull
0.00427906519296035,0.9774035087719298,0.013701495688064412,0.4801772853185596,0.13833754130214268,7.0,0.49473684210526314,0.802890041210774,HI-VAE_weibull
0.00434288082567468,0.9758596491228071,0.023012369494653906,0.5323656509695291,0.14864366931942521,8.0,0.47368421052631576,0.8154686283323795,HI-VAE_weibull
0.004420894343025408,0.976280701754386,0.01858023300134172,0.5565429362880886,0.14207455738692923,8.0,0.4884210526315789,0.8218505675006835,HI-VAE_weibull
0.0034883458454125337,0.9795087719298244,0.018352026535656277,0.525185595567867,0.2004776812212348,9.0,0.4694736842105263,0.8056185184397369,HI-VAE_weibull
0.003861223739837876,0.9747368421052632,0.022252532698081383,0.5433573407202216,0.14707794061672597,10.0,0.47157894736842104,0.8183238785340469,HI-VAE_weibull
0.003722535525981287,0.9810526315789472,0.009877751557525984,0.5183379501385041,0.1930002463454758,11.0,0.44842105263157894,0.817329138128936,HI-VAE_weibull
0.004148374177944144,0.9754385964912282,0.025220824524494045,0.533229916897507,0.20765356221524808,11.0,0.5052631578947369,0.8068621923964122,HI-VAE_weibull
0.0033323845845549182,0.9809122807017546,0.01955495780715231,0.5347146814404432,0.1460281764277164,10.0,0.49473684210526314,0.8070675285401052,HI-VAE_weibull
0.003911153397135114,0.9786666666666667,0.025337378355610302,0.5585595567867037,0.19819533693344307,10.0,0.4905263157894737,0.7936905775532731,HI-VAE_weibull
0.004630742187358912,0.9768421052631578,0.014695870856342651,0.5344930747922437,0.18334547539165788,11.0,0.47789473684210526,0.8305116557176676,HI-VAE_weibull
0.0033607880136408445,0.9790877192982457,0.01945336936769399,0.46958448753462595,0.15745105832003137,15.0,0.4652631578947368,0.7966711170714088,HI-VAE_weibull
0.003964178169031065,0.9786666666666666,0.01594519876993534,0.5437562326869806,0.14513948139027824,5.0,0.4357894736842105,0.8005837892414398,HI-VAE_weibull
0.003661195540931588,0.9788070175438596,0.012807175835095691,0.5187811634349031,0.1480637174451807,10.0,0.5073684210526316,0.815796844304122,HI-VAE_weibull
0.004529072422657676,0.975298245614035,0.011572654140004354,0.5016952908587258,0.15633833598088934,12.0,0.49473684210526314,0.809791785851966,HI-VAE_weibull
0.004442333251159876,0.9747368421052633,0.016111583408335097,0.5445761772853185,0.1981461372268424,11.0,0.45473684210526316,0.7967328351065069,HI-VAE_weibull
0.004527140355286101,0.9776842105263159,0.015806241046499452,0.47933518005540166,0.14734695245663604,11.0,0.4673684210526316,0.8048486769669123,HI-VAE_weibull
0.0038513029945654114,0.9789473684210527,0.021735518853338433,0.4881772853185595,0.14309064212256678,5.0,0.4926315789473684,0.8047911115716462,HI-VAE_weibull
0.004429881894969684,0.9764210526315791,0.00839630852357191,0.5097839335180054,0.11807336280851298,13.0,0.47578947368421054,0.7945626252677948,HI-VAE_weibull
0.004489524957187896,0.9760000000000001,0.0141794620312112,0.5023157894736843,0.12903450542917247,8.0,0.5263157894736842,0.8187579803868681,HI-VAE_weibull
0.003232571230145407,0.9806315789473685,0.019488374506496244,0.5177839335180056,0.1299562664888443,5.0,0.47789473684210526,0.7971199358820529,HI-VAE_weibull
0.00415370848316384,0.9775438596491228,0.013359761270948558,0.540432132963989,0.20636886744516994,11.0,0.5052631578947369,0.7953694885918977,HI-VAE_weibull
0.0034457322514606517,0.9809122807017545,0.023610149127870555,0.5033130193905817,0.1531737142974272,7.0,0.4652631578947368,0.8022626798133367,HI-VAE_weibull
0.003502505576016597,0.9806315789473685,0.011186158289913794,0.5192465373961219,0.14162032896698534,11.0,0.4694736842105263,0.8022410425901813,HI-VAE_weibull
0.004717342805785773,0.9754385964912281,0.014292597997353733,0.4698504155124653,0.17726903123480311,8.0,0.48,0.8053074478531964,HI-VAE_weibull
0.003778389931088829,0.9783859649122808,0.01272990395370497,0.5320110803324101,0.09558898631039997,10.0,0.5010526315789474,0.8014867218907323,HI-VAE_piecewise
0.004133798746605554,0.9793684210526316,0.012478113419470404,0.5115346260387812,0.16994181873377331,10.0,0.4694736842105263,0.8007382203639417,HI-VAE_piecewise
0.005453130224551769,0.9737543859649125,0.01402283738579962,0.5171412742382271,0.09716183066519865,8.0,0.4652631578947368,0.8138819651646396,HI-VAE_piecewise
0.004624113054375777,0.9761403508771931,0.013543780600980482,0.513972299168975,0.15479033368370743,16.0,0.4842105263157895,0.7963133469045742,HI-VAE_piecewise
0.004781838892544123,0.9702456140350877,0.012212808900566452,0.5390581717451524,0.12213602860601812,15.0,0.4652631578947368,0.8019263813918623,HI-VAE_piecewise
0.0048996772256653795,0.9710877192982456,0.013965974157252387,0.5042437673130193,0.23864044260187403,14.0,0.49473684210526314,0.8072902910603487,HI-VAE_piecewise
0.004982422002358311,0.9758596491228071,0.010322302359156385,0.5260055401662049,0.19333898420555642,11.0,0.47578947368421054,0.8091801932522815,HI-VAE_piecewise
0.004710317535612457,0.9731929824561405,0.017072612629227952,0.5395013850415513,0.1010787838726521,10.0,0.48210526315789476,0.7956094525925274,HI-VAE_piecewise
0.003623013665500342,0.9806315789473683,0.014551164804170643,0.54397783933518,0.19029829093206221,10.0,0.4926315789473684,0.797133565643189,HI-VAE_piecewise
0.0036371567250293876,0.9783859649122808,0.017037066385026427,0.4993684210526316,0.23934767927645842,12.0,0.4842105263157895,0.8088921104534823,HI-VAE_piecewise
0.003848076009830789,0.9781052631578948,0.017684673882860324,0.47193351800554006,0.13874577606918706,10.0,0.5073684210526316,0.802182021036206,HI-VAE_piecewise
0.004061318666922841,0.9762807017543859,0.008929069370664202,0.5289750692520776,0.23605009874349922,17.0,0.47368421052631576,0.8023377052544637,HI-VAE_piecewise
0.0048903147944655365,0.9737543859649124,0.012338997464758904,0.5298393351800554,0.2395576167886668,11.0,0.45263157894736844,0.7970283614081344,HI-VAE_piecewise
0.004735300876231809,0.9727719298245616,0.025096186374336363,0.5022049861495844,0.17215314438431956,10.0,0.5157894736842106,0.7939365926631116,HI-VAE_piecewise
0.003556113664388276,0.9799298245614035,0.009305957057662954,0.5410304709141275,0.1238676687860027,14.0,0.49894736842105264,0.8101566120884147,HI-VAE_piecewise
0.00477123024422854,0.9751578947368421,0.012050694781521562,0.5032686980609419,0.18988130751531118,14.0,0.49894736842105264,0.7937016875580946,HI-VAE_piecewise
0.004310545997178698,0.9752982456140351,0.015395249194639426,0.5261606648199446,0.16889581835490594,14.0,0.4652631578947368,0.8133344922878661,HI-VAE_piecewise
0.004212760019574615,0.9751578947368422,0.014604983692999183,0.5542603878116343,0.18236144225987028,15.0,0.48210526315789476,0.8178417670785106,HI-VAE_piecewise
0.003662504165970993,0.9782456140350876,0.01474054626812531,0.5207313019390583,0.13763405634644083,11.0,0.44842105263157894,0.804642140439885,HI-VAE_piecewise
0.004185700013899159,0.9733333333333333,0.017747394262313487,0.5342714681440444,0.18360967297188185,18.0,0.48210526315789476,0.7986920683010248,HI-VAE_piecewise
0.004622809300532965,0.9736140350877193,0.02266877855853704,0.49529085872576173,0.12589069148278603,10.0,0.5010526315789474,0.81674695889516,HI-VAE_piecewise
0.004847197678267019,0.9712280701754387,0.012226468662820662,0.5423157894736843,0.21044009467735536,16.0,0.4673684210526316,0.815413516790293,HI-VAE_piecewise
0.004358969505951968,0.976842105263158,0.01154506215140987,0.521617728531856,0.18471149166271245,15.0,0.47157894736842104,0.8120473353719636,HI-VAE_piecewise
0.0031271933519883915,0.9810526315789474,0.019541259035362468,0.5181163434903047,0.17603373561891825,12.0,0.5052631578947369,0.8126951939099097,HI-VAE_piecewise
0.0047022090456923776,0.9723508771929824,0.02143783017242678,0.5247202216066482,0.22498376157627184,13.0,0.47157894736842104,0.8117242046473285,HI-VAE_piecewise
0.004630924912883755,0.9747368421052632,0.01019521747113918,0.5560110803324101,0.15256227621802196,13.0,0.49894736842105264,0.8095377684660396,HI-VAE_piecewise
0.004430413162538457,0.9744561403508771,0.011651023488787514,0.5191135734072022,0.13649434570903,14.0,0.4926315789473684,0.801598304865491,HI-VAE_piecewise
0.0046724601101716615,0.9743157894736842,0.023985058431308815,0.5030027700831025,0.12105683003832625,11.0,0.45473684210526316,0.8081562979245753,HI-VAE_piecewise
0.004733331802182317,0.9703859649122807,0.01399098851946782,0.5410526315789473,0.22364711491280004,14.0,0.45473684210526316,0.7970069282387877,HI-VAE_piecewise
0.004187275972228099,0.9769824561403511,0.011856749628066229,0.5386371191135735,0.19720773895736202,12.0,0.4884210526315789,0.7941676016909712,HI-VAE_piecewise
0.004449521561202448,0.9736140350877194,0.014657294998588592,0.515634349030471,0.20793344198912309,18.0,0.47157894736842104,0.8129623583517037,HI-VAE_piecewise
0.004679351191003323,0.9726315789473684,0.017497631896573752,0.5151246537396121,0.15925089943156692,15.0,0.4652631578947368,0.7935899296826222,HI-VAE_piecewise
0.003776685076887214,0.9788070175438596,0.012566869010326045,0.5028919667590028,0.10712805312604698,8.0,0.49473684210526314,0.8090128055254392,HI-VAE_piecewise
0.0052636251591402635,0.9696842105263157,0.019290641366132708,0.5517783933518006,0.1138405222169873,7.0,0.4631578947368421,0.7990163537594801,HI-VAE_piecewise
0.003359930449224011,0.9824561403508774,0.01300945519121156,0.5377063711911357,0.1406123687253019,15.0,0.5389473684210526,0.8006631153774745,HI-VAE_piecewise
0.005390152914881752,0.9717894736842106,0.018256423812536282,0.5065927977839335,0.0827246537987009,7.0,0.49894736842105264,0.8052576672802677,HI-VAE_piecewise
0.005572712405218521,0.968701754385965,0.017193710950043982,0.5249861495844874,0.12355437723578432,11.0,0.4652631578947368,0.8101949876703408,HI-VAE_piecewise
0.004122979509823157,0.9782456140350876,0.009118330610434018,0.49775069252077564,0.1845921031058939,16.0,0.4631578947368421,0.809514198398784,HI-VAE_piecewise
0.005140701464340449,0.9730526315789475,0.012789399600655777,0.5289972299168975,0.1441388818241417,15.0,0.4673684210526316,0.8041039506665986,HI-VAE_piecewise
0.004601808265289318,0.9755789473684211,0.013783836246882977,0.5668698060941828,0.17951795445325336,13.0,0.45052631578947366,0.7922239414077658,HI-VAE_piecewise
0.004093525406736171,0.976982456140351,0.02124599638372953,0.4916786703601107,0.13852054485126986,4.0,0.4926315789473684,0.8096602808006913,HI-VAE_piecewise
0.004418033298069796,0.9761403508771931,0.016206548830997567,0.5160554016620498,0.15251839225271138,9.0,0.5242105263157895,0.804404645166328,HI-VAE_piecewise
0.004920418003928962,0.9724912280701754,0.0176233402562967,0.4756786703601108,0.16972861249399646,11.0,0.5094736842105263,0.8085193145862436,HI-VAE_piecewise
0.004949598140392792,0.9723508771929823,0.01322038440960653,0.4959335180055402,0.11013879678405827,13.0,0.4863157894736842,0.8148212123873932,HI-VAE_piecewise
0.004067900698031784,0.9782456140350876,0.019999574468898804,0.5130858725761772,0.18560618662542747,14.0,0.4610526315789474,0.8101427713133101,HI-VAE_piecewise
0.004563478708705604,0.9748771929824561,0.014623317775248473,0.4989916897506926,0.1315145213593684,9.0,0.4968421052631579,0.7930202619519657,HI-VAE_piecewise
0.0037287057088356847,0.9793684210526316,0.01109495450029127,0.4996786703601108,0.18784939633427733,14.0,0.4673684210526316,0.8082062552705918,HI-VAE_piecewise
0.004468479149212408,0.9734736842105264,0.011868044480013353,0.5135734072022161,0.12610076248106064,13.0,0.47789473684210526,0.8200305832475275,HI-VAE_piecewise
0.0041443008211974,0.9751578947368422,0.018520597354269266,0.49693074792243774,0.2057540834616417,12.0,0.511578947368421,0.8073610224718136,HI-VAE_piecewise
0.005822224496128215,0.9651929824561404,0.011588650817503801,0.5513130193905817,0.1548877371648849,16.0,0.48,0.7870794043407583,HI-VAE_piecewise
0.00468410112726292,0.9726315789473685,0.01497811017518654,0.5550138504155124,0.1854386348271441,9.0,0.5052631578947369,0.7977843013381279,HI-VAE_piecewise
0.004145631796046704,0.9755789473684211,0.010690826993825116,0.5166315789473683,0.21336914181619077,12.0,0.5242105263157895,0.8150146279074783,HI-VAE_piecewise
0.004590689918058556,0.9750175438596492,0.028512595853437194,0.5475013850415513,0.2001615962751455,14.0,0.47578947368421054,0.8127642765934073,HI-VAE_piecewise
0.0035763336126867994,0.9803508771929825,0.011345287863380482,0.5397451523545705,0.17191043472426182,14.0,0.47368421052631576,0.8075944471560641,HI-VAE_piecewise
0.004119121145473736,0.9761403508771931,0.01587721805450638,0.542426592797784,0.11698716022195071,11.0,0.4568421052631579,0.8106710805716324,HI-VAE_piecewise
0.005392871865838617,0.9727719298245613,0.015219658519445178,0.5065041551246539,0.13125493101446034,14.0,0.5368421052631579,0.799526735789953,HI-VAE_piecewise
0.005207626577688579,0.9737543859649123,0.023028057240424536,0.4957119113573407,0.1185192634773121,13.0,0.4673684210526316,0.8096034236418534,HI-VAE_piecewise
0.004597316585007363,0.9748771929824561,0.011250252978500588,0.5649418282548476,0.1427020249362603,16.0,0.4589473684210526,0.8080643083202403,HI-VAE_piecewise
0.0039047737364001685,0.9760000000000001,0.017236216903724833,0.5360443213296399,0.12870354185698363,8.0,0.4863157894736842,0.8072728019149913,HI-VAE_piecewise
0.004152691714240218,0.976561403508772,0.014216807803705099,0.4969529085872576,0.16926088155915767,14.0,0.49473684210526314,0.791883843782245,HI-VAE_piecewise
0.005039725838984906,0.9706666666666668,0.022906317363212067,0.5411634349030471,0.17560202104428138,10.0,0.49473684210526314,0.8064935836649779,HI-VAE_piecewise
0.004977461361556126,0.975438596491228,0.011944522111284318,0.5261163434903047,0.22575759238041648,15.0,0.511578947368421,0.8319607898426117,HI-VAE_piecewise
0.004608858317866953,0.9744561403508771,0.02517625604487813,0.5288199445983379,0.14354251613076086,9.0,0.5073684210526316,0.7890011564845227,HI-VAE_piecewise
0.004204073474418636,0.9769824561403507,0.01004287353356799,0.5292853185595568,0.11728016639190245,15.0,0.4842105263157895,0.8061723443209123,HI-VAE_piecewise
0.003352268838541379,0.9806315789473686,0.021104581396625334,0.5241883656509694,0.17827801469722973,12.0,0.4673684210526316,0.7941665891166664,HI-VAE_piecewise
0.005314731319938477,0.9713684210526317,0.012000254365141093,0.512421052631579,0.2598137576096687,16.0,0.4884210526315789,0.8080822498478665,HI-VAE_piecewise
0.0029677088692313582,0.9810526315789473,0.014798480093086397,0.5275124653739611,0.16777394229060621,12.0,0.47368421052631576,0.8127889784325644,HI-VAE_piecewise
0.005744629300833153,0.9710877192982456,0.013950421169864648,0.5073684210526316,0.14410803074412354,11.0,0.4694736842105263,0.8072075858689384,HI-VAE_piecewise
0.0029294290525517267,0.9823157894736844,0.012745497911257732,0.49655401662049864,0.2413868752937906,9.0,0.4694736842105263,0.8155041187660493,HI-VAE_piecewise
0.0038233830044912976,0.9789473684210528,0.011357320595245022,0.47536842105263155,0.2066928335929523,12.0,0.5157894736842106,0.8198524476951489,HI-VAE_piecewise
0.0038335474496792,0.9797894736842105,0.020585546167015755,0.5168975069252078,0.17442590228905946,13.0,0.47578947368421054,0.8007715311182462,HI-VAE_piecewise
0.004469745202039871,0.9737543859649123,0.01795582067236063,0.5493628808864266,0.24606722442368043,16.0,0.4842105263157895,0.8059130470183398,HI-VAE_piecewise
0.003977773989428029,0.9762807017543859,0.01142113973134093,0.5272686980609419,0.13732944020816965,13.0,0.5136842105263157,0.802190018698457,HI-VAE_piecewise
0.003999814591079626,0.9806315789473685,0.008892250663640832,0.486803324099723,0.23835866988987717,11.0,0.5073684210526316,0.8034246386767987,HI-VAE_piecewise
0.003941394044667653,0.9786666666666668,0.018184524783569574,0.5051523545706372,0.1680391532331487,10.0,0.4442105263157895,0.7913453903016098,HI-VAE_piecewise
0.0038643471183322934,0.9783859649122807,0.011773906875109413,0.5148587257617729,0.20441921410222536,14.0,0.4884210526315789,0.815123901887568,HI-VAE_piecewise
0.004597708342903315,0.9727719298245614,0.016994670696143497,0.4866260387811635,0.17419077313996725,11.0,0.4926315789473684,0.7915720473092419,HI-VAE_piecewise
0.002950123070280829,0.9796491228070177,0.012791796727091641,0.4759002770083103,0.11767016029344464,14.0,0.511578947368421,0.8155412685054448,HI-VAE_piecewise
0.003919880098265338,0.9776842105263158,0.019915299672974274,0.5558116343490304,0.13470204040405953,11.0,0.4694736842105263,0.8145243501420459,HI-VAE_piecewise
0.004126808701685625,0.976982456140351,0.015380993628788503,0.5118891966759003,0.16526312763619636,15.0,0.4610526315789474,0.8096284175192398,HI-VAE_piecewise
0.004593018440768036,0.9741754385964914,0.013456892253696458,0.5359778393351801,0.1343777267259585,6.0,0.5094736842105263,0.8122024967394715,HI-VAE_piecewise
0.004810813849062747,0.9760000000000001,0.015968258558899957,0.5465706371191137,0.21495845840123826,11.0,0.45263157894736844,0.812845134906189,HI-VAE_piecewise
0.004498574575546377,0.9740350877192984,0.011924044269177637,0.5246537396121884,0.1267042377234803,11.0,0.48210526315789476,0.8029144787563783,HI-VAE_piecewise
0.0032868999470216844,0.9814736842105264,0.015452595550318974,0.5397673130193905,0.17740643255776317,9.0,0.4842105263157895,0.8018014330735367,HI-VAE_piecewise
0.003990601905222243,0.9772631578947368,0.011017631067238479,0.4925207756232687,0.1422920010461417,15.0,0.4589473684210526,0.8050098316559546,HI-VAE_piecewise
0.004254816512352302,0.9762807017543859,0.02159014344727121,0.514016620498615,0.19715428630019252,12.0,0.5073684210526316,0.8023199639454456,HI-VAE_piecewise
0.003595398658197609,0.976280701754386,0.012083714754856046,0.4712243767313019,0.18069831997860494,12.0,0.4863157894736842,0.8165837054434767,HI-VAE_piecewise
0.00580588804273533,0.9692631578947369,0.01939790174400569,0.5227479224376731,0.13711428771333603,11.0,0.4568421052631579,0.8060141910173061,HI-VAE_piecewise
0.004661515938472735,0.974877192982456,0.01946601860155526,0.5427590027700832,0.15831867313074022,12.0,0.5052631578947369,0.8068279670411054,HI-VAE_piecewise
0.004751514034278202,0.9723508771929825,0.011909043339280414,0.5657174515235457,0.12880773698508516,9.0,0.4673684210526316,0.8192672452981185,HI-VAE_piecewise
0.004679583739867755,0.9762807017543859,0.0077832120314765725,0.5268698060941828,0.12279532069248893,15.0,0.48,0.8195040898452255,HI-VAE_piecewise
0.0042169584000523175,0.9775438596491229,0.02008499486864774,0.4906149584487534,0.14168628474128644,13.0,0.47157894736842104,0.7980186680102892,HI-VAE_piecewise
0.003902939060289749,0.9785263157894736,0.007721004057999592,0.5540609418282548,0.27925944251616047,12.0,0.4589473684210526,0.8037861829970643,HI-VAE_piecewise
0.004980288254344328,0.9743157894736842,0.012427656535206884,0.5173850415512465,0.1221636735998247,15.0,0.49894736842105264,0.8120718925712805,HI-VAE_piecewise
0.004537737157190648,0.9745964912280702,0.018798540013006702,0.48997229916897506,0.16731415136047142,12.0,0.5073684210526316,0.81537278247482,HI-VAE_piecewise
0.0046017424422492344,0.9748771929824561,0.016642640636497598,0.5019168975069253,0.29424769212344687,11.0,0.4568421052631579,0.8029941568779202,HI-VAE_piecewise
0.005297227581385047,0.9727719298245616,0.017974598777957734,0.5665595567867036,0.170779372514694,13.0,0.5094736842105263,0.8098752030041642,HI-VAE_piecewise
0.0037244967530018222,0.9792280701754386,0.011191533490563304,0.48824376731301944,0.13082056865158834,16.0,0.49894736842105264,0.7999039848016328,HI-VAE_piecewise
0.003961848139132258,0.9762807017543859,0.009373734072231773,0.5113130193905817,0.1478666452352853,14.0,0.5136842105263157,0.8061725582249157,HI-VAE_piecewise
0.0040856747250740295,0.976280701754386,0.013579838713574417,0.5335844875346261,0.17430186032768957,13.0,0.4631578947368421,0.8048931786330427,HI-VAE_piecewise
0.004168576999544913,0.9796491228070175,0.014036906379581857,0.5399445983379502,0.13065370083830677,16.0,0.4863157894736842,0.7945861452197843,HI-VAE_piecewise
0.003797665715270315,0.9755789473684212,0.015905502772478958,0.538792243767313,0.1322912302521856,7.0,0.4631578947368421,0.8118438647343116,HI-VAE_piecewise
0.0034270062202237266,0.9820350877192981,0.0156933856450199,0.5336731301939058,0.13511070570798883,11.0,0.45263157894736844,0.8113802398315446,HI-VAE_piecewise
0.004262299737213015,0.9779649122807018,0.009427035915624672,0.5325207756232686,0.11671663110529895,13.0,0.47157894736842104,0.812812378450177,HI-VAE_piecewise
0.005238689064993913,0.9719298245614035,0.022737882552300914,0.5273130193905816,0.16308569607279694,11.0,0.47578947368421054,0.8084815125116191,HI-VAE_piecewise
0.0032982361306697653,0.9814736842105264,0.011574598788083708,0.5034903047091414,0.17342904616224183,15.0,0.45263157894736844,0.816272594590324,HI-VAE_piecewise
0.0049636416485010736,0.968140350877193,0.016887432178813756,0.5236121883656509,0.1797857103773866,11.0,0.5031578947368421,0.796752867124479,HI-VAE_piecewise
0.00422668872933094,0.977122807017544,0.012980932117471661,0.4820609418282548,0.11814438353665256,8.0,0.5073684210526316,0.8099406773476894,HI-VAE_piecewise
0.004244331397725853,0.975859649122807,0.016060102969096657,0.500808864265928,0.17405937127349141,16.0,0.4905263157894737,0.8013421237252663,HI-VAE_piecewise
0.004606890717429749,0.9730526315789475,0.01993933409007843,0.5366204986149584,0.12534734937626957,14.0,0.4884210526315789,0.8045841533985649,HI-VAE_piecewise
0.005133934238501047,0.9727719298245613,0.016945388781476955,0.5227479224376731,0.15616658464975938,8.0,0.4863157894736842,0.8047968290104355,HI-VAE_piecewise
0.003557376978386417,0.9789473684210527,0.02226387716390086,0.5002326869806094,0.2892114617007459,19.0,0.511578947368421,0.8049736307343774,HI-VAE_piecewise
0.004109997997714705,0.977122807017544,0.01253433112465189,0.5226592797783933,0.21069965129291124,13.0,0.4905263157894737,0.8166363519449891,HI-VAE_piecewise
0.00411316938110284,0.9751578947368421,0.026032075817223166,0.5277340720221607,0.12135329574254665,12.0,0.47578947368421054,0.8052120721330873,HI-VAE_piecewise
0.003923787500097589,0.9775438596491226,0.00933615406602127,0.5380387811634348,0.15337907253806612,13.0,0.4884210526315789,0.7956459239142556,HI-VAE_piecewise
0.005032062019487033,0.9731929824561404,0.0143650469825167,0.5087202216066482,0.19693076217745006,11.0,0.49473684210526314,0.8122715384074165,HI-VAE_piecewise
0.0032897375336821406,0.9817543859649123,0.011115428886504073,0.5240997229916897,0.17952219126229477,11.0,0.49473684210526314,0.8102508252738804,HI-VAE_piecewise
0.004560881053789949,0.976701754385965,0.008780986742832095,0.5417839335180056,0.14880592849492408,17.0,0.47368421052631576,0.8123590326370772,HI-VAE_piecewise
0.004488216871024033,0.9754385964912282,0.017994784990842234,0.5052188365650969,0.2482498611568692,15.0,0.5326315789473685,0.7968747516485346,HI-VAE_piecewise
0.004250069794876097,0.9768421052631578,0.010914964789211343,0.5208642659279779,0.1254427243450587,11.0,0.4652631578947368,0.8114619875456067,HI-VAE_piecewise
0.003914025305158235,0.9789473684210527,0.0179805467781618,0.48988365650969523,0.19666215914705457,16.0,0.48210526315789476,0.8161348968265106,HI-VAE_piecewise
0.0035598108986263934,0.9775438596491227,0.022432858561920267,0.5306149584487534,0.1964797316794632,16.0,0.5073684210526316,0.8048772527670726,HI-VAE_piecewise
0.004244109621051396,0.9776842105263158,0.01070797160098704,0.5197562326869807,0.21510149979432486,13.0,0.4652631578947368,0.8059311862937437,HI-VAE_piecewise
0.0049120933695568384,0.9723508771929825,0.012281369959459495,0.5452853185595569,0.23884646467488319,12.0,0.4673684210526316,0.8006824675089808,HI-VAE_piecewise
0.0034410234053371446,0.9795087719298247,0.010508861560798449,0.5205318559556786,0.18407161781169448,14.0,0.4610526315789474,0.8075719356082532,HI-VAE_piecewise
0.004599825660356842,0.9727719298245614,0.015462806404491852,0.5005207756232687,0.17877441092215818,7.0,0.49894736842105264,0.8015938870180594,HI-VAE_piecewise
0.003693317769571543,0.9771228070175438,0.02659354306973486,0.5630360110803324,0.1293539312209787,10.0,0.4568421052631579,0.8135663144151463,HI-VAE_piecewise
0.003628564773270277,0.9799298245614035,0.015222694612972841,0.5480997229916897,0.11230494144499431,8.0,0.4884210526315789,0.8074972001853254,HI-VAE_piecewise
0.0037432768961968774,0.976701754385965,0.0207961184696483,0.5109362880886426,0.16706782212759225,14.0,0.4589473684210526,0.7933587987224722,HI-VAE_piecewise
0.004082638536621354,0.9779649122807018,0.011519236678490637,0.5383711911357341,0.1901511911877726,15.0,0.4905263157894737,0.8138793297576807,HI-VAE_piecewise
0.004004615412554505,0.976982456140351,0.018284916234365838,0.47492520775623265,0.21957385634907173,12.0,0.5305263157894737,0.7945296566054685,HI-VAE_piecewise
0.004089739755550132,0.977122807017544,0.01910178877526913,0.5097839335180054,0.13713401058274194,15.0,0.4968421052631579,0.8128097195192076,HI-VAE_piecewise
0.004636448794740579,0.9765614035087719,0.011982223327039413,0.5020055401662049,0.1285202196281983,11.0,0.5010526315789474,0.8140108339915524,HI-VAE_piecewise
0.00398912005291579,0.9757192982456141,0.013746269887933987,0.5190914127423822,0.11932760103979773,10.0,0.4863157894736842,0.8104645605792609,HI-VAE_piecewise
0.003971401614451945,0.9761403508771931,0.014727296187699376,0.5053296398891967,0.24163246987412912,10.0,0.4568421052631579,0.7958098388206681,HI-VAE_piecewise
0.003953820332698217,0.9761403508771931,0.012279631307025963,0.5014958448753462,0.1550893536087511,12.0,0.4631578947368421,0.8042056431993034,HI-VAE_piecewise
0.005050450219848869,0.9720701754385963,0.011389326353173542,0.5507146814404432,0.1643408575007307,12.0,0.4610526315789474,0.792466647364753,HI-VAE_piecewise
0.004437018057945687,0.9744561403508771,0.013201047856100753,0.5019168975069251,0.10352919798456274,8.0,0.47578947368421054,0.8131900924877946,HI-VAE_piecewise
0.004402464475165674,0.9754385964912281,0.01434663254414901,0.5393684210526316,0.2826182617546079,15.0,0.47578947368421054,0.8106136275954859,HI-VAE_piecewise
0.0030605938224777334,0.9821754385964913,0.013935760327392495,0.5306592797783933,0.18000642128449793,16.0,0.4968421052631579,0.8139694292631372,HI-VAE_piecewise
0.0047109950026433065,0.9740350877192981,0.010383918636895941,0.5265152354570637,0.16323945522223038,10.0,0.4968421052631579,0.808964928132406,HI-VAE_piecewise
0.004495053282176091,0.977122807017544,0.012655947751953694,0.5527313019390581,0.16637113135337508,12.0,0.48210526315789476,0.8096077253942923,HI-VAE_piecewise
0.004764843105941092,0.9752982456140351,0.01466780730002459,0.5395900277008311,0.15401933928757727,11.0,0.4842105263157895,0.7998523846872062,HI-VAE_piecewise
0.004296083078667665,0.9738947368421051,0.010053351391646675,0.4908365650969529,0.1593091569670729,11.0,0.48,0.8139737468792418,HI-VAE_piecewise
0.004329959983992677,0.9750175438596493,0.014541447703967637,0.513950138504155,0.14393556738960023,10.0,0.47789473684210526,0.8245139739393297,HI-VAE_piecewise
0.004315618885060842,0.9741754385964912,0.014361144243211365,0.5054182825484765,0.1928626756597214,12.0,0.4673684210526316,0.7889147313926576,HI-VAE_piecewise
0.004573093694610756,0.9727719298245615,0.013342219904247367,0.5245429362880888,0.23966164852033117,16.0,0.5073684210526316,0.8261105674454395,HI-VAE_piecewise
0.0036429375048585154,0.976421052631579,0.011753826305856453,0.5240554016620499,0.1140383805969857,13.0,0.4610526315789474,0.8030274986133832,HI-VAE_piecewise
0.00462505257332579,0.9748771929824561,0.01689987481891974,0.48201662049861504,0.18431057805301143,10.0,0.49894736842105264,0.8216544112776629,HI-VAE_piecewise
0.005083256615366565,0.9730526315789473,0.012327896006235331,0.5511357340720221,0.1740986865986474,14.0,0.4631578947368421,0.8118834595140009,HI-VAE_piecewise
0.004039587354906205,0.975298245614035,0.015888091085603604,0.4768310249307479,0.14949815861280555,13.0,0.4884210526315789,0.8150623259586459,HI-VAE_piecewise
0.004497702556803039,0.9748771929824563,0.019144752686278983,0.5187368421052632,0.18856049021940113,11.0,0.4589473684210526,0.8136880445452077,HI-VAE_piecewise
0.005357017550681403,0.9694035087719298,0.012846951236473532,0.5133074792243766,0.1917831287277901,13.0,0.48,0.7983089657007526,HI-VAE_piecewise
0.004597454689211835,0.9740350877192985,0.011980684111423709,0.5395678670360111,0.15095788479785424,13.0,0.47578947368421054,0.8108301436788222,HI-VAE_piecewise
0.005151577540753737,0.976280701754386,0.016764022448689,0.5049085872576177,0.15627529650037217,10.0,0.47578947368421054,0.8105646662578263,HI-VAE_piecewise
0.004180804986366818,0.9771228070175437,0.013153810245156881,0.48718005540166204,0.14568503486310785,11.0,0.5136842105263157,0.8113942546471409,HI-VAE_piecewise
0.004719470551441549,0.9727719298245615,0.019212051070164257,0.49198891966759,0.1373162911395255,14.0,0.48,0.8026642557632269,HI-VAE_piecewise
0.004573127765069398,0.9729122807017544,0.012114352535717595,0.47002770083102485,0.26045091385887054,13.0,0.5073684210526316,0.799859697330282,HI-VAE_piecewise
0.00418053980068605,0.9761403508771931,0.01747710241701103,0.5137506925207755,0.20473134873320106,13.0,0.5031578947368421,0.8081325636348827,HI-VAE_piecewise
0.005114349299018052,0.9710877192982456,0.009194019306728357,0.5148808864265928,0.12786082107974978,15.0,0.48,0.8000214885595676,HI-VAE_piecewise
0.003692735979875854,0.9775438596491229,0.013151150286095127,0.5168975069252078,0.14270641241081833,10.0,0.4842105263157895,0.8070243177095872,HI-VAE_piecewise
0.005121083292228366,0.9727719298245615,0.015111421803417657,0.5520221606648199,0.12303715850488067,11.0,0.4926315789473684,0.820655809550394,HI-VAE_piecewise
0.004823585482230301,0.9710877192982456,0.011218742374819306,0.5596232686980609,0.2266062927548659,16.0,0.45263157894736844,0.819472081658175,HI-VAE_piecewise
0.003764671698657774,0.9747368421052631,0.018075551848662986,0.5408975069252077,0.17021783120401948,17.0,0.4568421052631579,0.80857343047703,HI-VAE_piecewise
0.004116468366836225,0.9758596491228072,0.01578625042756138,0.5442880886426593,0.19463379296626762,16.0,0.47789473684210526,0.8132627377623213,HI-VAE_piecewise
0.004410847662924647,0.9731929824561403,0.015108180630591094,0.5241883656509695,0.1539703360965089,12.0,0.5094736842105263,0.8113194497350057,HI-VAE_piecewise
0.003325874138506101,0.9816140350877193,0.016790390107722198,0.529972299168975,0.14152115967241863,13.0,0.4863157894736842,0.8189184588079345,HI-VAE_piecewise
0.0037236416180968864,0.9788070175438597,0.009762570015941757,0.4835013850415512,0.14203165991121705,17.0,0.49894736842105264,0.814060369066976,HI-VAE_piecewise
0.004268445851381971,0.9760000000000001,0.009368002623697596,0.4908365650969529,0.1501273876050359,12.0,0.48210526315789476,0.8051605452294025,HI-VAE_piecewise
0.004627809608197093,0.9761403508771932,0.01563911169791893,0.5190027700831024,0.14211243474122837,10.0,0.4968421052631579,0.8064374679951728,HI-VAE_piecewise
0.004825546386850143,0.97459649122807,0.01263786951475842,0.548831024930748,0.10517729213562393,13.0,0.4905263157894737,0.8125620281413877,HI-VAE_piecewise
0.003629987649761078,0.9792280701754386,0.011117063427471556,0.512,0.2593932144982069,12.0,0.48210526315789476,0.7962814863740877,HI-VAE_piecewise
0.004521079130049699,0.9744561403508772,0.026680391150962535,0.5313019390581717,0.17262538812304695,13.0,0.4357894736842105,0.8125238638340254,HI-VAE_piecewise
0.003907854661334416,0.9762807017543861,0.023788725078867423,0.49905817174515227,0.14935462828541657,12.0,0.4610526315789474,0.8054692941376309,HI-VAE_piecewise
0.004219310112090263,0.975438596491228,0.016576925847963858,0.49489196675900277,0.1375908209242273,13.0,0.47157894736842104,0.8020011686324797,HI-VAE_piecewise
0.0043643248349014094,0.9747368421052632,0.015195946515436225,0.483191135734072,0.21796490314700326,13.0,0.5010526315789474,0.8048915857939248,HI-VAE_piecewise
0.004453258004316248,0.9736140350877195,0.012991845100385185,0.52398891966759,0.2602797193348758,12.0,0.5010526315789474,0.8084350681150229,HI-VAE_piecewise
0.0038279040118208304,0.9797894736842107,0.011553292923180636,0.518404432132964,0.15812281903108358,15.0,0.49894736842105264,0.8117774187740786,HI-VAE_piecewise
0.003491300727803437,0.9807719298245613,0.014357340281544975,0.516387811634349,0.12678511660817482,13.0,0.4863157894736842,0.8214362606454555,HI-VAE_piecewise
0.006187844084964267,0.9698245614035089,0.014245585170361109,0.5269806094182825,0.14676104798563258,15.0,0.4884210526315789,0.8156790300143105,HI-VAE_piecewise
0.0037631112125428583,0.9796491228070177,0.01547198356163588,0.5322548476454294,0.15158557261231584,13.0,0.4968421052631579,0.8062800025537119,HI-VAE_piecewise
0.004180573299943924,0.9767017543859648,0.015894948689174578,0.5433351800554018,0.19309561422592736,12.0,0.44,0.7985703180257595,HI-VAE_piecewise
0.004173300042096606,0.9759999999999999,0.010353140377398654,0.5199335180055402,0.1673591359236684,13.0,0.4842105263157895,0.7959322290876889,HI-VAE_piecewise
0.0035363343664923923,0.9764210526315791,0.012897445236538798,0.5203324099722992,0.18477275101800128,14.0,0.4694736842105263,0.8146301968035088,HI-VAE_piecewise
0.004440437309845438,0.9762807017543863,0.012264230774948048,0.537573407202216,0.12223884116705798,16.0,0.4863157894736842,0.807801097030042,HI-VAE_piecewise
0.004376954429943882,0.9757192982456141,0.01697801600795808,0.5235013850415512,0.1402902454616279,12.0,0.48,0.8119782891101577,HI-VAE_piecewise
0.0056447695597273955,0.9687017543859647,0.02174283434239448,0.514437673130194,0.14285708289326013,15.0,0.47157894736842104,0.8039954885694025,HI-VAE_piecewise
0.004435315997072346,0.9764210526315789,0.020674638722739717,0.5603545706371191,0.1695288134723582,7.0,0.49894736842105264,0.8103301191501384,HI-VAE_piecewise
0.003981856717606255,0.9803508771929826,0.011821943904404171,0.5059058171745152,0.13612969531696595,15.0,0.4905263157894737,0.8034764847667094,HI-VAE_piecewise
0.004329767890656953,0.9762807017543859,0.010424560991596298,0.5108476454293628,0.15667940361713806,19.0,0.5136842105263157,0.802153745999043,HI-VAE_piecewise
0.005141983030139762,0.9720701754385966,0.01205728652751032,0.5198670360110803,0.14426999932818588,13.0,0.47157894736842104,0.8164078053388343,HI-VAE_piecewise
0.004555898468996041,0.9734736842105264,0.013596625538652672,0.5581828254847645,0.23097454600806555,11.0,0.4378947368421053,0.7904226479603325,HI-VAE_piecewise
0.003977215028951436,0.9785263157894737,0.012102874863893321,0.5502271468144044,0.27425570541129407,16.0,0.4968421052631579,0.8136609570679859,HI-VAE_piecewise
0.004546135693301325,0.9733333333333333,0.017135769316058036,0.5271135734072023,0.1869536672250367,12.0,0.5157894736842106,0.813518468569042,HI-VAE_piecewise
0.0036013534044338517,0.9796491228070177,0.012213105039509923,0.5108698060941828,0.20040477741431748,15.0,0.48,0.8136523254970631,HI-VAE_piecewise
0.004239083569160275,0.9741754385964912,0.012985609099595147,0.5578725761772854,0.2784923790257884,11.0,0.4673684210526316,0.8183725728555874,HI-VAE_piecewise
0.003914259985540506,0.9761403508771931,0.01596199033300989,0.5403213296398892,0.2510387086978145,16.0,0.4589473684210526,0.8163407732392474,HI-VAE_piecewise
0.004273514554247625,0.9745964912280701,0.0160778339539455,0.5277340720221606,0.1860550953430526,15.0,0.4694736842105263,0.8070891460975037,HI-VAE_piecewise
0.00394313381316503,0.9755789473684211,0.009368589452157081,0.5224376731301938,0.18171505275905708,9.0,0.5178947368421053,0.814968314637955,HI-VAE_piecewise
0.004374264338286368,0.9751578947368421,0.030581371928956453,0.5058393351800554,0.13052028545008323,10.0,0.47578947368421054,0.8125436674643717,HI-VAE_piecewise
0.008821847008824909,0.9472280701754386,0.07673024033642628,0.5998670360110804,0.0718977461653648,4.0,0.4863157894736842,0.7773659829377659,Surv-GAN
0.009512908663812669,0.9441403508771928,0.08309157486014034,0.6204321329639889,0.09832401818206842,2.0,0.4568421052631579,0.763973955940817,Surv-GAN
0.007050230272407779,0.9543859649122807,0.07371762783187927,0.616398891966759,0.0696052321352081,2.0,0.48,0.7641617933165304,Surv-GAN
0.008982573358760099,0.9463859649122807,0.07569728710750248,0.6181717451523545,0.07361503714034846,1.0,0.47368421052631576,0.7568426475986444,Surv-GAN
0.009724307579172283,0.9423157894736843,0.08135330466078039,0.655578947368421,0.08278963398639036,3.0,0.43157894736842106,0.7668807470698499,Surv-GAN
0.01005046736726966,0.9390877192982455,0.07347929233135796,0.6715567867036011,0.07349461474979795,4.0,0.47157894736842104,0.7624830297350933,Surv-GAN
0.010962686654912701,0.9382456140350877,0.07517216942341015,0.6337950138504155,0.06925105829053818,3.0,0.47368421052631576,0.7710802981929052,Surv-GAN
0.00994079794862272,0.9409122807017544,0.07506013119713699,0.6313795013850415,0.0885722152035818,3.0,0.4842105263157895,0.7707583039557643,Surv-GAN
0.008131172736507104,0.9494736842105262,0.08096718726677006,0.6087977839335179,0.07014374786353875,3.0,0.44842105263157894,0.7677536768314044,Surv-GAN
0.009668750870888882,0.942736842105263,0.0734477624886309,0.6666592797783933,0.07335999141911591,3.0,0.4673684210526316,0.7604536914803947,Surv-GAN
0.008992807727141967,0.9486315789473685,0.07199072852904907,0.598005540166205,0.0846976244661914,2.0,0.48210526315789476,0.7742387096857314,Surv-GAN
0.009129917833591702,0.9456842105263158,0.07743308582675273,0.6380941828254847,0.07186171447545209,2.0,0.4589473684210526,0.7570370487560679,Surv-GAN
0.011024889881600086,0.9386666666666666,0.07071978529689515,0.665263157894737,0.06844205571477642,6.0,0.4336842105263158,0.7678339597435911,Surv-GAN
0.009406158264971544,0.9476491228070175,0.07268175309756451,0.6303157894736842,0.0773294090756183,4.0,0.44842105263157894,0.768805146444169,Surv-GAN
0.009970496767244883,0.9442807017543859,0.07858938725176698,0.614382271468144,0.07774156310395444,4.0,0.4673684210526316,0.7747783493174695,Surv-GAN
0.00893975993006834,0.9503157894736841,0.07109366226978552,0.644409972299169,0.11213978862042943,1.0,0.5052631578947369,0.7734764529638537,Surv-GAN
0.008857094718624408,0.9508771929824563,0.07672713717980353,0.6230027700831025,0.08269658686303286,1.0,0.4631578947368421,0.7767182849906864,Surv-GAN
0.00856100040306613,0.9501754385964912,0.07157468420084664,0.641152354570637,0.07260428933847415,1.0,0.5031578947368421,0.7793388151221732,Surv-GAN
0.008724673300454828,0.9484912280701754,0.0741679657403061,0.6053185595567867,0.08237729933652453,2.0,0.4926315789473684,0.775115479363015,Surv-GAN
0.009988476394569379,0.9395087719298247,0.0780006500636161,0.6066481994459834,0.07670129605875609,3.0,0.44842105263157894,0.7742025227149489,Surv-GAN
0.008007338350508913,0.9473684210526316,0.07967194138197789,0.620365650969529,0.08605569928208252,1.0,0.4378947368421053,0.7774337977767348,Surv-GAN
0.0077948383588443025,0.9532631578947368,0.07467835138769392,0.5791024930747923,0.07678604272474784,4.0,0.47157894736842104,0.772464490746642,Surv-GAN
0.00761572461661249,0.9549473684210528,0.07805754526328809,0.6249307479224376,0.09164635221984334,1.0,0.45052631578947366,0.7888599765509408,Surv-GAN
0.007596613716540588,0.9514385964912281,0.08194773518870799,0.5970083102493075,0.07441739638714086,3.0,0.5052631578947369,0.7670998541650585,Surv-GAN
0.009840411244844055,0.9431578947368421,0.08431679823022185,0.6270027700831026,0.07528953065204835,2.0,0.4842105263157895,0.7510737352443436,Surv-GAN
0.011022439422679957,0.9360000000000002,0.08078683991863636,0.6434349030470914,0.08279785896860882,1.0,0.45473684210526316,0.7695686171715275,Surv-GAN
0.008077593391797989,0.9549473684210527,0.08127900505765198,0.5968310249307479,0.08000386982065157,1.0,0.4694736842105263,0.7665935752357256,Surv-GAN
0.01053576213515384,0.9367017543859649,0.07991500855761671,0.6148919667590028,0.07445117080957603,4.0,0.49473684210526314,0.7580170621042146,Surv-GAN
0.009905660362511481,0.9452631578947368,0.06651445413275521,0.6511246537396123,0.1424588825961896,2.0,0.5157894736842106,0.7816347001505819,Surv-GAN
0.008670929459612115,0.9483508771929825,0.08261257037800702,0.6263268698060942,0.07551149537935563,2.0,0.4568421052631579,0.7602180508306176,Surv-GAN
0.00873928045155405,0.9477894736842105,0.07553003023437686,0.6290304709141273,0.09137130160180444,1.0,0.4652631578947368,0.7751591399046337,Surv-GAN
0.00711118626153096,0.9553684210526316,0.07110923650314328,0.6275457063711911,0.09074611970003499,5.0,0.47368421052631576,0.7600478101952479,Surv-GAN
0.008507798651171794,0.9497543859649124,0.07877292147985619,0.6379612188365651,0.09226854446215448,1.0,0.4673684210526316,0.7634343918361408,Surv-GAN
0.009845775436032123,0.9386666666666665,0.08456276222542089,0.6625152354570638,0.06545075845872288,3.0,0.5010526315789474,0.7547537225836222,Surv-GAN
0.01014873078779859,0.9437192982456141,0.08625440433402393,0.6347257617728531,0.08746824294896972,5.0,0.4336842105263158,0.7667408798808035,Surv-GAN
0.008932804502914397,0.9445614035087719,0.0852846275931061,0.63596675900277,0.08060561301292876,1.0,0.47368421052631576,0.7649933350620447,Surv-GAN
0.008896329873574799,0.9500350877192983,0.0813841444384446,0.6089972299168974,0.0952943111439456,2.0,0.44842105263157894,0.7614363251310019,Surv-GAN
0.008873427373952277,0.9451228070175439,0.08183073559404073,0.6408864265927978,0.08917696149214753,1.0,0.5010526315789474,0.7635543190813617,Surv-GAN
0.010072790836689827,0.9416140350877192,0.07085569060856868,0.6455180055401661,0.07549114808531332,3.0,0.4652631578947368,0.7787133443620764,Surv-GAN
0.008235228658403346,0.9489122807017544,0.08276097055857941,0.6234459833795014,0.07693424610547087,2.0,0.47789473684210526,0.7746646392881664,Surv-GAN
0.007975352566693426,0.952280701754386,0.07906629073421204,0.6362770083102492,0.08318090277484172,2.0,0.4631578947368421,0.7680391016046726,Surv-GAN
0.008690307213381472,0.9517192982456142,0.07455822660657992,0.6166426592797783,0.09130584726785204,1.0,0.4568421052631579,0.7761122217170814,Surv-GAN
0.010004843239784334,0.9447017543859649,0.08028436093379318,0.6383379501385041,0.0755174062197091,3.0,0.4863157894736842,0.7719843578132732,Surv-GAN
0.008606131299233693,0.9466666666666665,0.07520541308322788,0.6106371191135734,0.07113586590381167,2.0,0.5031578947368421,0.7611758938539658,Surv-GAN
0.0089470500770377,0.9483508771929823,0.07673129768527344,0.6243988919667591,0.08620992672207864,1.0,0.44842105263157894,0.7624911415362703,Surv-GAN
0.010098866607985027,0.9385263157894738,0.07636631348032244,0.6461828254847646,0.10031065519158368,1.0,0.45052631578947366,0.7801681771402922,Surv-GAN
0.009517053574707782,0.9469473684210526,0.07192526178927038,0.6316454293628808,0.08233398514161765,1.0,0.47368421052631576,0.7803187669678685,Surv-GAN
0.009148266944486326,0.9479298245614036,0.06723786997383034,0.6463379501385041,0.07015506338363572,3.0,0.4568421052631579,0.7750312446373518,Surv-GAN
0.010225755579372825,0.9389473684210526,0.07206854224342903,0.628343490304709,0.0831298876372783,1.0,0.48210526315789476,0.75634151519032,Surv-GAN
0.00837345298717347,0.9468070175438597,0.07487408625913962,0.6177950138504156,0.12879322825835957,2.0,0.47578947368421054,0.7758918403944703,Surv-GAN
0.00804184210513629,0.9487719298245614,0.07746100403707946,0.6496620498614958,0.11318808416222893,1.0,0.5052631578947369,0.7628349026392178,Surv-GAN
0.010401518016672393,0.9441403508771931,0.07776719754009405,0.6419279778393352,0.07730291809019946,1.0,0.4357894736842105,0.753823344158872,Surv-GAN
0.010543644235361095,0.9376842105263158,0.07376802468992405,0.6128531855955679,0.07544547201928552,1.0,0.49473684210526314,0.7636907287474551,Surv-GAN
0.00953373544128267,0.9456842105263158,0.09252700802056274,0.6221828254847646,0.0922839241502975,1.0,0.47157894736842104,0.7672925839855547,Surv-GAN
0.008760171539247887,0.9473684210526315,0.07795757177272232,0.5785152354570637,0.13595433406691354,1.0,0.4884210526315789,0.7741255937642205,Surv-GAN
0.00894520761563055,0.9496140350877194,0.07287470317581977,0.6327313019390581,0.08199995885117507,3.0,0.4568421052631579,0.7739882892443225,Surv-GAN
0.008125686519962287,0.9504561403508773,0.071663960605509,0.5857728531855957,0.07570530391832697,2.0,0.48,0.7836819782923052,Surv-GAN
0.00949794959714625,0.9463859649122807,0.07632655879142762,0.6314459833795014,0.07663698997291297,2.0,0.4694736842105263,0.787900520213541,Surv-GAN
0.009790250212943517,0.9421754385964912,0.08275256534857878,0.6448088642659279,0.07389496706557898,1.0,0.47789473684210526,0.7610543197161278,Surv-GAN
0.008549176613313716,0.9476491228070176,0.08417162796342795,0.600398891966759,0.07709653099096239,4.0,0.45473684210526316,0.7536144109705659,Surv-GAN
0.009504175672993236,0.9454035087719299,0.07823227681733202,0.6362548476454293,0.07588956418499605,4.0,0.43157894736842106,0.7743814223537557,Surv-GAN
0.00816240412279653,0.951017543859649,0.08299626878231697,0.6070470914127424,0.07850515529731901,2.0,0.4863157894736842,0.749178101992185,Surv-GAN
0.009957555579527877,0.9431578947368422,0.07689911350898523,0.6429916897506924,0.07435328530622957,1.0,0.4673684210526316,0.7535019470818727,Surv-GAN
0.00968689605407656,0.9447017543859652,0.07913999482831888,0.6555346260387811,0.1020738786714153,1.0,0.4968421052631579,0.7889896954087681,Surv-GAN
0.008437420857416394,0.9475087719298244,0.08626245697902259,0.6153130193905817,0.08987981192713206,1.0,0.45052631578947366,0.7690598851036926,Surv-GAN
0.010285630636806748,0.9416140350877193,0.07821880594986431,0.6217617728531857,0.07629824018197658,2.0,0.4905263157894737,0.7779900819045956,Surv-GAN
0.009899368849255748,0.9411929824561402,0.0896710453028689,0.6786038781163434,0.07713396486987478,2.0,0.4673684210526316,0.7619328948534063,Surv-GAN
0.010573166322858544,0.9376842105263158,0.07395362247521275,0.6432797783933518,0.12015670363278161,2.0,0.4863157894736842,0.7595134250791242,Surv-GAN
0.008760584848747314,0.9458245614035086,0.07667204311795787,0.5945263157894736,0.0766349650601572,5.0,0.48,0.7780531647919772,Surv-GAN
0.009792665662782174,0.9440000000000001,0.08249236446486073,0.6276121883656509,0.07689187637515763,3.0,0.4442105263157895,0.7786407758005561,Surv-GAN
0.010078510441898666,0.9423157894736842,0.07941526826534272,0.626016620498615,0.07204724402876178,1.0,0.47789473684210526,0.7646339560743292,Surv-GAN
0.007613799410628271,0.9542456140350878,0.081079147543769,0.6101717451523545,0.07673895991348766,3.0,0.45052631578947366,0.7697480528276197,Surv-GAN
0.009045929401878856,0.9491929824561404,0.07800185724184519,0.5954349030470913,0.15114745112239983,1.0,0.47578947368421054,0.7597506074635348,Surv-GAN
0.009257055759879996,0.9486315789473686,0.07166552054114135,0.6255069252077562,0.08313331113482234,1.0,0.44842105263157894,0.7852987666533858,Surv-GAN
0.010982610174273244,0.9383859649122805,0.08116328612987873,0.6356786703601107,0.11550741982186845,1.0,0.4652631578947368,0.7850911289409691,Surv-GAN
0.007820536759019309,0.953122807017544,0.07177849530609821,0.6212520775623267,0.0713580123669006,5.0,0.4631578947368421,0.765181738110273,Surv-GAN
0.009087712837568679,0.9456842105263158,0.0837799137706541,0.6108808864265928,0.13018146025463728,1.0,0.4673684210526316,0.7752216881125361,Surv-GAN
0.008482446965814463,0.9466666666666668,0.07787005167771864,0.6372520775623267,0.08056813692108596,1.0,0.4673684210526316,0.7651853039007511,Surv-GAN
0.009861885005962542,0.9431578947368423,0.08668688614323514,0.636409972299169,0.07757031518971465,3.0,0.4610526315789474,0.778466468652573,Surv-GAN
0.009290883325127933,0.9442807017543858,0.0782175952325844,0.6084875346260388,0.06959671333959537,2.0,0.48,0.7481783665907166,Surv-GAN
0.008156866840116038,0.9451228070175439,0.08586450258435338,0.6247977839335179,0.08245197179296794,1.0,0.4589473684210526,0.7625800434681091,Surv-GAN
0.008527420694939903,0.9484912280701755,0.07549051435765837,0.6634016620498615,0.10074990473245597,1.0,0.45052631578947366,0.7620240715925255,Surv-GAN
0.010903626804046192,0.935859649122807,0.08729745229421916,0.6148476454293629,0.080420376866573,2.0,0.4589473684210526,0.7645550808577377,Surv-GAN
0.008815289845149503,0.9494736842105262,0.07908076217318043,0.6130304709141274,0.1082284474801872,1.0,0.4694736842105263,0.7713891025163844,Surv-GAN
0.008984339235606653,0.9473684210526317,0.07421525560439744,0.6264376731301939,0.07086952785047068,1.0,0.45263157894736844,0.7566008359899417,Surv-GAN
0.008168380676938527,0.9514385964912281,0.07707524646505215,0.6230692520775623,0.09928862899807135,2.0,0.4378947368421053,0.7858602381180038,Surv-GAN
0.008893606069321821,0.9473684210526316,0.07787045308526351,0.6499058171745152,0.12690435550980572,1.0,0.4610526315789474,0.7758587370569574,Surv-GAN
0.009584754340534527,0.9445614035087719,0.08112008240871463,0.6405540166204985,0.06626637578542034,2.0,0.4610526315789474,0.765761889241151,Surv-GAN
0.010715000591198346,0.9416140350877192,0.06990803512849346,0.6266149584487535,0.07836501817014667,4.0,0.4842105263157895,0.7686869470636961,Surv-GAN
0.009944455528393244,0.9400701754385964,0.07561926768444562,0.6460055401662049,0.07462114398131095,4.0,0.4463157894736842,0.7437425239389606,Surv-GAN
0.0078161583205888,0.9528421052631579,0.08708028793565312,0.6424819944598339,0.06552973966265153,1.0,0.4631578947368421,0.7651061169611933,Surv-GAN
0.009377502065490076,0.9456842105263159,0.07505997161825671,0.614781163434903,0.07743491241826914,1.0,0.47578947368421054,0.7502097869743368,Surv-GAN
0.009791921014902978,0.9435789473684211,0.07744831936909218,0.6415734072022159,0.08373560434350928,3.0,0.4631578947368421,0.7578801084777175,Surv-GAN
0.008610096569929539,0.9507368421052632,0.07632614563578165,0.6330747922437674,0.07389944942023277,4.0,0.4631578947368421,0.7673041286141358,Surv-GAN
0.00891712867704328,0.9458245614035088,0.09021090219426635,0.6042770083102493,0.0822443736774721,1.0,0.45052631578947366,0.7780619591906485,Surv-GAN
0.010370521065063991,0.9421754385964911,0.07358032863740455,0.6280554016620499,0.08154848184471135,1.0,0.47789473684210526,0.7804569964855794,Surv-GAN
0.008796794780728623,0.9480701754385966,0.08007288444200784,0.5867257617728531,0.08637366338555676,1.0,0.45473684210526316,0.7643116296616562,Surv-GAN
0.008757573503319653,0.9490526315789474,0.08005957499856078,0.6157340720221607,0.09732696119161519,1.0,0.4442105263157895,0.7624023561859394,Surv-GAN
0.009066860345713934,0.9489122807017544,0.07368164105789982,0.6157340720221607,0.07510755643672526,1.0,0.44,0.7784001016832118,Surv-GAN
0.009099683082358541,0.9473684210526316,0.0714430956238537,0.6506371191135735,0.06901828582560289,3.0,0.45473684210526316,0.7559854452394679,Surv-GAN
0.01117284574622415,0.9372631578947369,0.07425297994179732,0.6250193905817174,0.0740594965700521,5.0,0.49894736842105264,0.7522976605524706,Surv-GAN
0.008836658345892015,0.9455438596491229,0.07841232036148256,0.6119445983379501,0.07353055755949381,2.0,0.4631578947368421,0.766297271142087,Surv-GAN
0.008649450936654039,0.9496140350877194,0.07640264178749027,0.646005540166205,0.10710133942362395,1.0,0.47368421052631576,0.7644765162865945,Surv-GAN
0.0085356415957684,0.9484912280701754,0.07186791277265807,0.6443878116343491,0.10732378314051642,2.0,0.4463157894736842,0.7702503404137641,Surv-GAN
0.007941422336714384,0.9534035087719298,0.07884468384983497,0.5987368421052632,0.07550840288220272,1.0,0.47157894736842104,0.7792184663835101,Surv-GAN
0.008497045627223313,0.9503157894736842,0.08041529121010886,0.6368531855955679,0.08198228150549204,2.0,0.4189473684210526,0.7781362963341175,Surv-GAN
0.00951770690373747,0.9434385964912281,0.08415101033502681,0.6194127423822715,0.1037220253904498,1.0,0.45052631578947366,0.7618234814512095,Surv-GAN
0.008976652893807304,0.9459649122807019,0.07951502212316126,0.6346149584487535,0.07485730675060706,2.0,0.4568421052631579,0.7701716518553929,Surv-GAN
0.01002988491968491,0.9406315789473683,0.07257889695268649,0.6629806094182825,0.08362131596861858,1.0,0.4610526315789474,0.7670537024240107,Surv-GAN
0.011461550648106032,0.9355789473684211,0.07697844522118238,0.6364986149584487,0.0800448630408078,5.0,0.4442105263157895,0.7762873608936127,Surv-GAN
0.009405276516224385,0.9449824561403509,0.07487482084324,0.6439002770083102,0.06696050098225356,6.0,0.47789473684210526,0.7672147798109868,Surv-GAN
0.008911360963832925,0.9498947368421053,0.07486090339056682,0.5788365650969529,0.08399648566505634,1.0,0.47578947368421054,0.7903504204699018,Surv-GAN
0.008535971863498382,0.9473684210526317,0.07871624533309954,0.6116565096952908,0.08430672649130472,3.0,0.4421052631578947,0.7614782861736928,Surv-GAN
0.00936236527365474,0.9461052631578947,0.0854122667747857,0.6017728531855955,0.08351765610122815,1.0,0.4610526315789474,0.7701214632065692,Surv-GAN
0.00828011352537658,0.9522807017543861,0.07485388892249582,0.6066925207756233,0.08272839408953028,2.0,0.4652631578947368,0.7784150058157454,Surv-GAN
0.009251507435462537,0.943859649122807,0.08904284183749075,0.6111246537396122,0.08792726511063628,2.0,0.4968421052631579,0.765324614797857,Surv-GAN
0.009753293097365522,0.944982456140351,0.0739089111170371,0.6109252077562327,0.08224526504366088,3.0,0.48,0.7641977508327699,Surv-GAN
0.010611295672023686,0.9403508771929826,0.0832563204034039,0.6390027700831025,0.07309085523223584,1.0,0.45473684210526316,0.7571545363510683,Surv-GAN
0.009195972005520022,0.9434385964912281,0.08121645307166538,0.6486204986149585,0.08284695295175086,2.0,0.4652631578947368,0.7729815872447405,Surv-GAN
0.010517624851001562,0.9403508771929824,0.0680788461910386,0.6377174515235458,0.0719975455418637,3.0,0.48210526315789476,0.7614825785312798,Surv-GAN
0.009859199561055349,0.944140350877193,0.08250482525189884,0.6179944598337951,0.08986872875975689,1.0,0.4568421052631579,0.7915226434481015,Surv-GAN
0.007819467269043626,0.952,0.07762953196099874,0.6380720221606648,0.073246719929833,1.0,0.4568421052631579,0.7674705087588968,Surv-GAN
0.007638560830123747,0.9536842105263156,0.06495258185155708,0.5926204986149586,0.07700906965623941,1.0,0.5284210526315789,0.7779968128939287,Surv-GAN
0.009853382312950031,0.9383859649122807,0.07982065518316915,0.6261717451523545,0.07140102936641368,1.0,0.4673684210526316,0.7676555052502442,Surv-GAN
0.009057221272038249,0.9479298245614036,0.082951002509019,0.6170637119113573,0.08896092358325132,1.0,0.45473684210526316,0.7925166214752596,Surv-GAN
0.009278619177326256,0.9476491228070176,0.0821656423435034,0.601950138504155,0.07697036640915787,1.0,0.47368421052631576,0.7513628248609812,Surv-GAN
0.007325642762841137,0.9545263157894738,0.0814679432826545,0.6265484764542937,0.06988121930328724,4.0,0.4631578947368421,0.7817848160506468,Surv-GAN
0.009474905595606587,0.944140350877193,0.07509211566714613,0.612764542936288,0.0751930090357914,3.0,0.4694736842105263,0.7782146693525985,Surv-GAN
0.008089339826849033,0.9475087719298246,0.07424451909940366,0.5948144044321328,0.07850375490237932,3.0,0.47157894736842104,0.7744239800887808,Surv-GAN
0.00939165836738689,0.9472280701754385,0.07599379695205435,0.6353019390581717,0.07157649454217495,2.0,0.45052631578947366,0.7429189388707764,Surv-GAN
0.00837837222915978,0.9491929824561404,0.0809768973808106,0.6394903047091414,0.09241385893008268,3.0,0.47578947368421054,0.7697159920852211,Surv-GAN
0.00959871907224228,0.9461052631578947,0.07302999689857571,0.5972299168975069,0.08718917108421091,4.0,0.5010526315789474,0.7687226328729484,Surv-GAN
0.011155651014781082,0.9362807017543859,0.07714000358551905,0.6439002770083102,0.08805951277920637,5.0,0.4610526315789474,0.7603166195803213,Surv-GAN
0.008366634234756289,0.9507368421052632,0.07617777851787727,0.6212520775623268,0.08699199902262883,3.0,0.45473684210526316,0.7683690406316244,Surv-GAN
0.008345556171354938,0.9511578947368423,0.07613657832100837,0.6321329639889196,0.07657786845697555,1.0,0.44842105263157894,0.7680489445298604,Surv-GAN
0.008990854117658235,0.9490526315789474,0.07617851935632974,0.6033462603878117,0.11595284302770734,2.0,0.4863157894736842,0.768800588536855,Surv-GAN
0.0095334491670743,0.9454035087719298,0.08161317099823429,0.6027479224376731,0.0929329861554202,1.0,0.48210526315789476,0.7677235273569549,Surv-GAN
0.009214688857480995,0.9484912280701756,0.07923276168843237,0.634027700831025,0.07284887534970168,3.0,0.47157894736842104,0.7672366176258513,Surv-GAN
0.007525983489634611,0.951157894736842,0.07503186223749876,0.6124321329639889,0.07508652370274548,1.0,0.4884210526315789,0.7581468558182826,Surv-GAN
0.009221320132804743,0.9465263157894737,0.07156421011324894,0.6346592797783934,0.1228900184639393,1.0,0.47368421052631576,0.7711297384064124,Surv-GAN
0.008152640861179882,0.9487719298245614,0.08143110452783617,0.6506149584487535,0.07529018495086531,4.0,0.4694736842105263,0.7684976271631159,Surv-GAN
0.009884743533816295,0.9400701754385964,0.08222296711297378,0.5934404432132964,0.0914400027908094,1.0,0.44842105263157894,0.7741831274544831,Surv-GAN
0.011472017591382977,0.9343157894736843,0.08688138029875732,0.6591246537396122,0.0760007875039037,1.0,0.44,0.7857779598929071,Surv-GAN
0.009034008537767991,0.9462456140350877,0.08075881345887365,0.618415512465374,0.077214458505626,1.0,0.47789473684210526,0.7713737468798669,Surv-GAN
0.010238053438827492,0.943157894736842,0.07496572587059233,0.6357008310249308,0.08155784022682037,1.0,0.45473684210526316,0.7674691810412524,Surv-GAN
0.008856805304676325,0.9451228070175439,0.0785813753139767,0.6400443213296398,0.1001178084888885,2.0,0.48,0.7738560325378411,Surv-GAN
0.008097442324297729,0.9560701754385966,0.08263887813996028,0.6462049861495844,0.08678484295091615,1.0,0.47157894736842104,0.7824217299009047,Surv-GAN
0.0077918755232658015,0.9532631578947368,0.08638313280990534,0.6317119113573407,0.07817745333872145,1.0,0.4168421052631579,0.7775485216939915,Surv-GAN
0.00952030142906611,0.9451228070175438,0.07881020614484537,0.6338060941828255,0.10839326445233628,2.0,0.4442105263157895,0.7650622467540181,Surv-GAN
0.01017413833527444,0.9403508771929825,0.0766270998061606,0.645584487534626,0.07076399288603816,1.0,0.47157894736842104,0.7610495686903502,Surv-GAN
0.007497179905987149,0.9549473684210525,0.07589749800024195,0.6307146814404432,0.07782421800385392,1.0,0.44842105263157894,0.7491355782484459,Surv-GAN
0.007992593425669525,0.9486315789473686,0.08352570020777741,0.6177285318559557,0.0923678990204818,1.0,0.48,0.7708429138067185,Surv-GAN
0.010547283119184105,0.9351578947368423,0.08455785958139628,0.6399556786703601,0.08454271406443765,2.0,0.48,0.7568111504307278,Surv-GAN
0.008871468256780183,0.9483508771929825,0.07758405069210195,0.646027700831025,0.07965489284862758,4.0,0.4652631578947368,0.7771935479820801,Surv-GAN
0.009375646567701588,0.9425964912280701,0.07504847033803524,0.6382271468144045,0.06986738490105052,1.0,0.47157894736842104,0.76454063077921,Surv-GAN
0.010344668169549674,0.9411929824561405,0.0684924394881034,0.63197783933518,0.10183542261655658,2.0,0.4905263157894737,0.7723057459547482,Surv-GAN
0.00898465286946072,0.943719298245614,0.08578347112829533,0.6617839335180056,0.0680649114794921,2.0,0.4631578947368421,0.7817697259586518,Surv-GAN
0.0105105046334768,0.9403508771929825,0.0852616395839876,0.649196675900277,0.0777490167550126,1.0,0.4694736842105263,0.7593318333597606,Surv-GAN
0.008124275472336474,0.9491929824561406,0.08554497073895515,0.6346149584487535,0.07433663084979739,1.0,0.4568421052631579,0.7728062145512834,Surv-GAN
0.009546421848518961,0.9431578947368421,0.08372958002533706,0.6164432132963988,0.09098452652618227,1.0,0.45473684210526316,0.7688181693117626,Surv-GAN
0.010901963597841522,0.9389473684210528,0.0791756753066957,0.6439445983379501,0.1267052465877645,1.0,0.4694736842105263,0.7875558039348202,Surv-GAN
0.009744863866293623,0.9407719298245615,0.07774084081385615,0.6304265927977839,0.07436486777778455,2.0,0.4673684210526316,0.7681111578207523,Surv-GAN
0.009120954200251863,0.9449824561403509,0.07408477469842036,0.6574626038781164,0.08856449269667878,1.0,0.47368421052631576,0.7657960400218536,Surv-GAN
0.008131032560383385,0.952140350877193,0.06828939674786387,0.61602216066482,0.08322855698497793,1.0,0.47578947368421054,0.765440654854709,Surv-GAN
0.007902649213449566,0.9557894736842106,0.06609654597940406,0.5859279778393351,0.06520102843271729,4.0,0.4842105263157895,0.7806842029579979,Surv-GAN
0.009673524631365229,0.9463859649122807,0.06922715426054288,0.6586814404432132,0.09468602025953389,1.0,0.4631578947368421,0.7664685771467152,Surv-GAN
0.009728904846575237,0.9432982456140351,0.0685809008256608,0.6326204986149584,0.08186055080516964,3.0,0.47157894736842104,0.7657613381933774,Surv-GAN
0.007736095643060336,0.951298245614035,0.07439280266459725,0.5951689750692521,0.0653809866587398,4.0,0.4652631578947368,0.7777769177221289,Surv-GAN
0.007876919531678907,0.9546666666666667,0.07794877914384742,0.5936398891966759,0.07142549306035553,2.0,0.4442105263157895,0.7725501504877758,Surv-GAN
0.011152203471455454,0.9368421052631579,0.07785804948741637,0.6433462603878116,0.07146771493707771,2.0,0.4694736842105263,0.7646407767927784,Surv-GAN
0.010573045989626209,0.9379649122807017,0.0848010258285217,0.6139390581717451,0.06859068686312306,2.0,0.4189473684210526,0.7818530929067598,Surv-GAN
0.007999018089438021,0.951157894736842,0.06871196026375678,0.5884099722991689,0.06827102581321967,4.0,0.48,0.7571554321994234,Surv-GAN
0.00868028077515937,0.9447017543859649,0.08657242338451762,0.6336177285318559,0.07171562441289278,1.0,0.4673684210526316,0.7511276954556891,Surv-GAN
0.009050190731183742,0.9462456140350877,0.08281211978384366,0.6422603878116343,0.08024710051950777,1.0,0.4652631578947368,0.7805512820873988,Surv-GAN
0.009231978322725633,0.9445614035087719,0.08707078648804177,0.5862160664819945,0.07460741207779455,1.0,0.4884210526315789,0.7609817254106646,Surv-GAN
0.009086538619542162,0.9484912280701755,0.06835719438837982,0.6325540166204986,0.07985579698906269,5.0,0.44,0.766384715075775,Surv-GAN
0.008796255449074883,0.9452631578947369,0.08263632119683237,0.6338614958448753,0.08403700892183491,1.0,0.4568421052631579,0.7518450712305692,Surv-GAN
0.009611063806176656,0.9454035087719299,0.0770696358616406,0.65201108033241,0.1346196795978189,1.0,0.44842105263157894,0.7559282229613771,Surv-GAN
0.009179740206753469,0.9449824561403509,0.08022260988264654,0.6446315789473684,0.09398920280602424,2.0,0.4652631578947368,0.7490388271952596,Surv-GAN
0.006698929986534439,0.9569122807017544,0.06923593895800645,0.6147368421052632,0.06885037696211041,5.0,0.48,0.7458925774803999,Surv-GAN
0.008423541108160544,0.9484912280701754,0.08070197484696448,0.6244764542936287,0.0849089632468024,3.0,0.4568421052631579,0.7724063322967458,Surv-GAN
0.010020933830424484,0.9440000000000001,0.08167231493521733,0.6327534626038781,0.0725818504141014,2.0,0.4610526315789474,0.7593778271104205,Surv-GAN
0.010911247244626847,0.9404912280701756,0.07296691729747096,0.6126315789473684,0.08582449476627857,1.0,0.4568421052631579,0.7622698844007479,Surv-GAN
0.007275037095612103,0.9566315789473683,0.07188735029003887,0.6381606648199446,0.09305159251519156,2.0,0.47578947368421054,0.7788815934078581,Surv-GAN
0.00929854708511642,0.9448421052631579,0.07269461596084674,0.6628033240997231,0.07137192375828,1.0,0.4673684210526316,0.7893136238883819,Surv-GAN
0.007914909133419117,0.9493333333333335,0.07199008413280271,0.6210083102493075,0.06740955057246344,2.0,0.48,0.7827806947983492,Surv-GAN
0.006326273203033759,0.9576140350877194,0.07928738531641044,0.6116786703601107,0.09603478800574414,1.0,0.45473684210526316,0.7759177726629346,Surv-GAN
0.007417620228627817,0.9557894736842105,0.07587226374233702,0.5937950138504154,0.08764737832284497,1.0,0.48210526315789476,0.7641237744046899,Surv-GAN
0.008886388781596193,0.9451228070175439,0.08727418717658009,0.6341495844875346,0.08885702614655144,1.0,0.45263157894736844,0.7786285303200224,Surv-GAN
0.008913969301758378,0.9425964912280702,0.09488927660323838,0.6309806094182825,0.0857756114485534,2.0,0.4694736842105263,0.7728677970979805,Surv-GAN
0.010137039776518428,0.9392280701754385,0.08982420342850204,0.6275013850415513,0.08802171289517208,1.0,0.4568421052631579,0.762446114975777,Surv-GAN
0.01028619954344616,0.9427368421052631,0.07835639295284583,0.6215180055401662,0.08356067194738392,1.0,0.47578947368421054,0.7542453191586064,Surv-GAN
0.009191361716801497,0.9468070175438594,0.07469124733859298,0.6340166204986148,0.07405751114729917,2.0,0.44,0.7721500646486184,Surv-GAN
0.009262525939760746,0.9472280701754386,0.06816236881335185,0.6341495844875346,0.09909686209330398,2.0,0.4694736842105263,0.7604248716112562,Surv-GAN
0.00830371043387366,0.9475087719298246,0.07637785307479528,0.6247313019390582,0.07253697747109204,1.0,0.4863157894736842,0.7708049023229492,Surv-GAN
0.00828428210179324,0.9497543859649124,0.07244210667238993,0.6018393351800554,0.09837533425706274,1.0,0.48210526315789476,0.7764770275674848,Surv-GAN
0.008112119028957766,0.9466666666666667,0.08123963389937501,0.6067368421052632,0.07584753691898512,3.0,0.4631578947368421,0.768566309167101,Surv-GAN
0.00857665991440158,0.9505964912280701,0.07753261775485482,0.6182825484764543,0.08480655650866685,1.0,0.48210526315789476,0.7699647542652072,Surv-GAN
0.010243773393083676,0.9421754385964912,0.08112693829855597,0.6208975069252077,0.07283565756922263,2.0,0.44,0.7846795379430218,Surv-GAN
0.00863904577380503,0.9503157894736842,0.07296188764196976,0.6288310249307479,0.09312844303158802,1.0,0.4442105263157895,0.7726721209368517,Surv-GAN
0.009587772535301405,0.9500350877192981,0.07609394205969826,0.6458504155124654,0.08306326607984256,4.0,0.44842105263157894,0.7455981406078213,Surv-VAE
0.008680841630359419,0.9552280701754386,0.08635037125130077,0.6029916897506926,0.11798188250112504,1.0,0.45473684210526316,0.7618130922393106,Surv-VAE
0.010116698805814181,0.951298245614035,0.08474129611900476,0.6060498614958448,0.10778892052973106,1.0,0.4694736842105263,0.7600729675115185,Surv-VAE
0.009736312055848812,0.9483508771929825,0.07935497797085359,0.6638448753462604,0.07661395296828623,1.0,0.4694736842105263,0.7721685871533899,Surv-VAE
0.008647109558669446,0.9563508771929824,0.07850765987500691,0.625152354570637,0.12000728862305042,2.0,0.45052631578947366,0.7600072418291913,Surv-VAE
0.009699816210821223,0.9484912280701754,0.08996424471952381,0.6577950138504155,0.09111826272607183,2.0,0.42736842105263156,0.7748478956142334,Surv-VAE
0.009210033116921817,0.9529824561403508,0.08553854910523043,0.6554681440443213,0.08179423726145968,1.0,0.4463157894736842,0.7462377688099597,Surv-VAE
0.009035386261442131,0.9556491228070174,0.07285074160212475,0.6304709141274238,0.08517255268135371,1.0,0.44842105263157894,0.7581549458690572,Surv-VAE
0.009893513621173964,0.9473684210526316,0.08286323654644508,0.650792243767313,0.11387348424140012,1.0,0.4568421052631579,0.7463596649301639,Surv-VAE
0.01005912342174184,0.9508771929824563,0.08185562073190945,0.6177506925207756,0.08523921168858976,1.0,0.42105263157894735,0.7595612509317446,Surv-VAE
0.009438946091404703,0.9508771929824562,0.0867177119558646,0.6363213296398891,0.07252178985568848,4.0,0.4357894736842105,0.7571964433172556,Surv-VAE
0.009865647798477796,0.9500350877192982,0.08608745603140212,0.6549584487534625,0.08264344308300156,2.0,0.4189473684210526,0.7473690975868249,Surv-VAE
0.008861231562403335,0.9541052631578949,0.07660705222538791,0.6458504155124654,0.07546655776719674,2.0,0.47578947368421054,0.7533119488556376,Surv-VAE
0.009859780847911578,0.952140350877193,0.08217881343300928,0.6236454293628808,0.07633228320273985,4.0,0.4336842105263158,0.7437690804350429,Surv-VAE
0.008912334497285982,0.952982456140351,0.08456493523149264,0.6561772853185596,0.08264239898143794,2.0,0.42736842105263156,0.7599208978409133,Surv-VAE
0.00919452197375703,0.952421052631579,0.07507554100726903,0.6532742382271468,0.07623483973472575,2.0,0.42736842105263156,0.7579062151404076,Surv-VAE
0.010868572898601566,0.9439999999999998,0.08399698024773386,0.6718448753462605,0.09197123287862319,1.0,0.45473684210526316,0.7544273725164874,Surv-VAE
0.009385143882885335,0.9505964912280703,0.08508048687673526,0.6138504155124653,0.07889705689915799,1.0,0.44842105263157894,0.7513340715582849,Surv-VAE
0.009558251148883729,0.9510175438596491,0.08147718699272372,0.6246204986149585,0.09352064668406289,1.0,0.4589473684210526,0.7635381404167119,Surv-VAE
0.010030209421880674,0.9477894736842106,0.08801156532544986,0.667567867036011,0.08005010083785122,1.0,0.4357894736842105,0.7512246938040478,Surv-VAE
0.009728101035495186,0.9503157894736842,0.09057641275877301,0.6587700831024931,0.08369884456567256,3.0,0.4442105263157895,0.7530256790198951,Surv-VAE
0.00851317953098863,0.9531228070175437,0.08033587374890405,0.656398891966759,0.07971526539750719,3.0,0.44,0.7598352185400298,Surv-VAE
0.008504369907699823,0.9545263157894737,0.0756415267377148,0.6368088642659281,0.07516083068460304,4.0,0.4147368421052632,0.7588011186144163,Surv-VAE
0.008626212768801173,0.9548070175438595,0.07993052423091757,0.6323102493074793,0.11697902326944336,1.0,0.43157894736842106,0.7732976372380183,Surv-VAE
0.010653752562659066,0.9427368421052633,0.09106928615444801,0.6790470914127424,0.09516439966770748,1.0,0.4063157894736842,0.7583305890174494,Surv-VAE
0.010195439340013553,0.9465263157894737,0.09411929836165044,0.6508587257617728,0.07488493301928106,1.0,0.4568421052631579,0.7772378967210126,Surv-VAE
0.00995420626087574,0.9477894736842104,0.08066720255533404,0.6601883656509695,0.08752789323190349,3.0,0.4147368421052632,0.7758120496991344,Surv-VAE
0.010052386411282494,0.9469473684210528,0.09150486349746052,0.6474903047091413,0.09233814097992013,3.0,0.42947368421052634,0.7530024636626319,Surv-VAE
0.010014041276238634,0.9482105263157895,0.07894359168269713,0.6407756232686981,0.09235121798261449,2.0,0.44842105263157894,0.7694652604967374,Surv-VAE
0.0089999822812026,0.9535438596491228,0.08357788320222212,0.6182160664819945,0.09608636226587937,2.0,0.47368421052631576,0.7754033858134973,Surv-VAE
0.010624171840592738,0.9463859649122809,0.08421103617904957,0.631578947368421,0.08537238278985781,1.0,0.4336842105263158,0.7492106008551448,Surv-VAE
0.010246759925113775,0.9490526315789474,0.09318070653688824,0.622825484764543,0.09041892800378501,1.0,0.43157894736842106,0.7612466275927013,Surv-VAE
0.009308259569776938,0.9505964912280703,0.08854096094779748,0.6518116343490304,0.09987568941754962,1.0,0.4694736842105263,0.7723613508437144,Surv-VAE
0.008933081173510554,0.9541052631578949,0.08013959987837657,0.6630470914127423,0.07324609912592527,4.0,0.4589473684210526,0.7724689410851566,Surv-VAE
0.00885368898325688,0.9512982456140351,0.08924272016826801,0.6525872576177284,0.1115230450885527,1.0,0.45473684210526316,0.7536894301778566,Surv-VAE
0.008056819725517184,0.9576140350877194,0.07904174863536143,0.6302049861495844,0.0913170278590226,1.0,0.47157894736842104,0.7726077233725963,Surv-VAE
0.00946517502987276,0.9524210526315788,0.08126965941073498,0.6440997229916897,0.1314667863770785,4.0,0.42736842105263156,0.7756505261152418,Surv-VAE
0.007496308453378489,0.9555087719298245,0.08803327952107157,0.6569972299168974,0.09270497952312202,2.0,0.45263157894736844,0.7611558656614769,Surv-VAE
0.009009015204998007,0.9508771929824561,0.08163219570578052,0.6399556786703602,0.07242245185379692,3.0,0.40842105263157896,0.768088199940693,Surv-VAE
0.008746378334515133,0.9532631578947367,0.07775585989267829,0.6193462603878116,0.07886114709510239,3.0,0.45473684210526316,0.7546761611689238,Surv-VAE
0.010485752362674964,0.9512982456140351,0.08191526826768011,0.6103268698060942,0.10075558117971879,1.0,0.4589473684210526,0.772536328808189,Surv-VAE
0.008799151916719653,0.9525614035087719,0.08280955300659107,0.6062936288088643,0.07911029463353735,3.0,0.4378947368421053,0.7398731109914946,Surv-VAE
0.01117846444458489,0.9430175438596493,0.09485696395356556,0.6742603878116343,0.077904081322834,1.0,0.4336842105263158,0.7558175636826835,Surv-VAE
0.009417223705249248,0.9512982456140351,0.08824401244285147,0.6370969529085873,0.07426776386134544,1.0,0.4631578947368421,0.7763267889070524,Surv-VAE
0.009493260329579855,0.9564912280701756,0.07421521642983345,0.6457396121883656,0.08763102196199085,4.0,0.4463157894736842,0.749215327729164,Surv-VAE
0.009592408027157084,0.9504561403508771,0.09205584992851361,0.6445207756232687,0.08191321322718915,1.0,0.44,0.7593762734567312,Surv-VAE
0.010500742794451326,0.9442807017543859,0.0800175202367009,0.6601218836565097,0.08432484022246507,1.0,0.4378947368421053,0.7633564135675215,Surv-VAE
0.00902804929986186,0.9497543859649124,0.08600200031707202,0.6546038781163435,0.08198142044641675,1.0,0.4147368421052632,0.7618176021440415,Surv-VAE
0.010909653280177215,0.9451228070175438,0.08758701573549078,0.6969307479224376,0.07982045046016549,1.0,0.4231578947368421,0.7626301440705452,Surv-VAE
0.009570922576442292,0.9527017543859647,0.08075045166058914,0.6345484764542937,0.0821506140314223,3.0,0.4378947368421053,0.7479537952566245,Surv-VAE
0.00919960507686216,0.951719298245614,0.07701297092013072,0.6468919667590028,0.10414083136483214,1.0,0.45052631578947366,0.7464829649482239,Surv-VAE
0.008550110629237377,0.9534035087719298,0.08135797662595602,0.6171080332409972,0.10563701093805536,1.0,0.45473684210526316,0.7611949194811086,Surv-VAE
0.009123355842183468,0.9500350877192981,0.07804762960443376,0.6520554016620499,0.09968159832105476,1.0,0.4421052631578947,0.7695684893232756,Surv-VAE
0.008935050099133585,0.9556491228070176,0.07880721658235411,0.6055623268698062,0.08910187095621966,3.0,0.45263157894736844,0.7645966477813456,Surv-VAE
0.00871790643618285,0.9536842105263157,0.08098551626692063,0.6118337950138504,0.10233035620608048,1.0,0.44,0.7678842179814951,Surv-VAE
0.010319088959371695,0.9497543859649122,0.07130556670331892,0.6158227146814405,0.15119445074852364,1.0,0.42947368421052634,0.7626126034049857,Surv-VAE
0.009233547211089469,0.9507368421052632,0.07833823782093109,0.5902271468144045,0.08344896748243809,1.0,0.42526315789473684,0.7666314321179859,Surv-VAE
0.008929160090616357,0.9536842105263159,0.08313112465842448,0.6207202216066483,0.07898853835741398,1.0,0.4842105263157895,0.7403424978780377,Surv-VAE
0.008781242377601741,0.952561403508772,0.09384848364049486,0.664,0.08096226132786735,4.0,0.43157894736842106,0.7537384878799867,Surv-VAE
0.008881311234632634,0.9541052631578946,0.07409215589902997,0.635213296398892,0.09611368978562954,1.0,0.4673684210526316,0.7698640016668881,Surv-VAE
0.007737520219143823,0.9595789473684211,0.06711773980388677,0.6311357340720221,0.09783112796999664,1.0,0.4568421052631579,0.7545147006732135,Surv-VAE
0.008856589988994154,0.9529824561403507,0.07572195880513376,0.6255290858725763,0.087068423540253,1.0,0.43157894736842106,0.7464348790137738,Surv-VAE
0.008993901388995622,0.9543859649122807,0.07619426041672483,0.6176509695290858,0.08381126162839124,2.0,0.4336842105263158,0.76572095829601,Surv-VAE
0.009108486854744077,0.952140350877193,0.07735654936173804,0.6192576177285318,0.09265334601257876,2.0,0.4442105263157895,0.7555664856985527,Surv-VAE
0.01023691615622216,0.9483508771929826,0.09033202232595772,0.641573407202216,0.10281031298405172,1.0,0.4421052631578947,0.7524773220422188,Surv-VAE
0.009516358555710504,0.9491929824561403,0.073620928221597,0.642836565096953,0.08106170015028606,1.0,0.44,0.7452360320686636,Surv-VAE
0.008127058153451053,0.9570526315789473,0.08229391532696538,0.6418171745152355,0.08408248765005157,2.0,0.4231578947368421,0.7527889923390969,Surv-VAE
0.010198294017671923,0.9482105263157894,0.08093499517400034,0.6244210526315788,0.09872167172414238,1.0,0.4336842105263158,0.7544595223008808,Surv-VAE
0.009428789462060912,0.9515789473684212,0.08588429871351612,0.6686094182825484,0.08112122056210438,12.0,0.45052631578947366,0.770511697874019,Surv-VAE
0.009779191833941048,0.9486315789473685,0.0764438330682434,0.6492188365650969,0.13287763681776552,2.0,0.42526315789473684,0.7664427751377895,Surv-VAE
0.010292937682707457,0.9475087719298246,0.09334557253565677,0.6027700831024931,0.0959060530829081,3.0,0.43157894736842106,0.7422673199267422,Surv-VAE
0.008489649961414296,0.9576140350877194,0.07602153448932589,0.6260166204986148,0.0805999183413031,1.0,0.4631578947368421,0.7594919458863368,Surv-VAE
0.010414516399911932,0.9475087719298245,0.09111387478959788,0.6480664819944598,0.0826950487562388,1.0,0.44842105263157894,0.7634169296170048,Surv-VAE
0.00832875567131157,0.9539649122807017,0.07345732663913446,0.6175512465373961,0.07500176137851457,3.0,0.45473684210526316,0.7590743814839158,Surv-VAE
0.009245633037733816,0.9508771929824563,0.09276681009375527,0.6512354570637118,0.09437858229659632,1.0,0.44,0.7731895159769362,Surv-VAE
0.009574940898201722,0.9511578947368421,0.08145463084759115,0.6239778393351801,0.10422617131525663,1.0,0.42526315789473684,0.766172064734349,Surv-VAE
0.00839071805903343,0.9578947368421052,0.06952369193996194,0.5931745152354571,0.13845590986503784,1.0,0.4631578947368421,0.7614441743686494,Surv-VAE
0.009583623686499976,0.9511578947368421,0.07905255205384006,0.6427036011080333,0.1251886642628555,1.0,0.44842105263157894,0.7468106966845933,Surv-VAE
0.010609752099969309,0.9437192982456141,0.08962673222211191,0.650792243767313,0.08423157192656415,2.0,0.4189473684210526,0.7602533467758902,Surv-VAE
0.010211630381989672,0.9479298245614037,0.0800914433684674,0.6178171745152354,0.0963146418006507,2.0,0.47368421052631576,0.754543603876326,Surv-VAE
0.007661219186694686,0.9571929824561403,0.0851267783545178,0.6425706371191136,0.09212181684946458,1.0,0.4652631578947368,0.7735808333136859,Surv-VAE
0.008992138109915148,0.9550877192982455,0.08225904112557468,0.6428365650969529,0.08355051194538467,3.0,0.4105263157894737,0.7524186240107997,Surv-VAE
0.009338956303811955,0.9503157894736843,0.07681322253208829,0.636343490304709,0.1339193603359741,3.0,0.44842105263157894,0.7637446139484246,Surv-VAE
0.009278708567706222,0.9507368421052631,0.07521005694647698,0.6364986149584487,0.10642000075968447,2.0,0.42947368421052634,0.7592268135730228,Surv-VAE
0.010525619801350198,0.9475087719298244,0.07932360374221271,0.624443213296399,0.07650985753574713,2.0,0.44842105263157894,0.7546733452456891,Surv-VAE
0.01011476878082042,0.9503157894736841,0.08450062254918529,0.64398891966759,0.0953809432099084,1.0,0.42947368421052634,0.7803220215329281,Surv-VAE
0.008793886993331466,0.9541052631578946,0.08165502033558604,0.6526980609418283,0.06905520489097668,2.0,0.44,0.7822471089712776,Surv-VAE
0.009159820839603688,0.951438596491228,0.07627592861330305,0.6349473684210526,0.09616906049323111,1.0,0.4231578947368421,0.7639043045777762,Surv-VAE
0.009262880828701069,0.952421052631579,0.08182007325368744,0.617639889196676,0.06727010897611377,3.0,0.4442105263157895,0.7607690016764785,Surv-VAE
0.00960257497490496,0.9489122807017544,0.0865267394535451,0.6347257617728531,0.07812343950530574,1.0,0.47157894736842104,0.7654570807814352,Surv-VAE
0.00974301780459932,0.9504561403508772,0.08542740116417442,0.6326426592797784,0.0903162160372386,2.0,0.44,0.7474362899337852,Surv-VAE
0.010920224851531164,0.9489122807017545,0.07521126788314976,0.6225595567867036,0.10617726377517475,1.0,0.4568421052631579,0.7506989016872079,Surv-VAE
0.008774413652510181,0.9534035087719297,0.07831851085179967,0.631578947368421,0.10631834924924027,2.0,0.4652631578947368,0.7719626291718834,Surv-VAE
0.01003829587899272,0.9494736842105264,0.07828287448006095,0.6596786703601109,0.1215931604275714,1.0,0.4189473684210526,0.7744698847103961,Surv-VAE
0.00883553674250785,0.9527017543859649,0.09206643045124176,0.648797783933518,0.09901503229005701,1.0,0.44842105263157894,0.7577542969201678,Surv-VAE
0.009141272526226972,0.9527017543859648,0.08284980403224954,0.6393795013850415,0.06523439357319825,2.0,0.44842105263157894,0.7564125715410471,Surv-VAE
0.01075468216720767,0.9473684210526316,0.07122579286794209,0.6455401662049861,0.08664982162677524,6.0,0.4189473684210526,0.7730090179811053,Surv-VAE
0.009840559926216791,0.9498947368421052,0.08137965541990741,0.6602548476454293,0.08117550821814516,2.0,0.4231578947368421,0.7639360173953459,Surv-VAE
0.009048024943307146,0.9543859649122806,0.08118327536893617,0.6489307479224375,0.07880888839029342,1.0,0.45263157894736844,0.7393725503803409,Surv-VAE
0.009425340729582909,0.9496140350877192,0.08522495691197755,0.6495512465373963,0.07255879514530233,1.0,0.4189473684210526,0.7605845223571207,Surv-VAE
0.009755223290645832,0.9489122807017544,0.07913118593702109,0.6382714681440443,0.09062384976882212,1.0,0.45263157894736844,0.7522039661068225,Surv-VAE
0.009342325150890488,0.9538245614035088,0.08380700887070835,0.6061717451523546,0.10089788619037922,1.0,0.4589473684210526,0.7530123436808535,Surv-VAE
0.009634394795660488,0.9470877192982458,0.09437565776910892,0.6189916897506925,0.07204590174021654,1.0,0.47789473684210526,0.7596032601623157,Surv-VAE
0.008951734205743632,0.9517192982456141,0.08336693691939154,0.6158005540166205,0.07646247347615612,1.0,0.4568421052631579,0.774196743109854,Surv-VAE
0.009251334633544215,0.9517192982456141,0.08778641758276592,0.624376731301939,0.09216452762575363,3.0,0.45052631578947366,0.7557525481375322,Surv-VAE
0.009985018833944377,0.9454035087719299,0.08549573098480603,0.6313573407202215,0.07700709791018191,2.0,0.44842105263157894,0.7677604188686157,Surv-VAE
0.008535736191049746,0.9553684210526314,0.07935236302018207,0.607601108033241,0.07813067521015381,2.0,0.44,0.7568603372657394,Surv-VAE
0.00964933931265263,0.9493333333333335,0.08080967695347206,0.6548698060941829,0.08248060897528972,1.0,0.4357894736842105,0.7585472053681724,Surv-VAE
0.010012745824606845,0.9494736842105261,0.07246083527450423,0.6396675900277008,0.07373300774520763,1.0,0.47368421052631576,0.7627339665120868,Surv-VAE
0.010093585464286604,0.9470877192982456,0.08400347489878,0.6399335180055401,0.09451382694098895,1.0,0.4231578947368421,0.755205682227014,Surv-VAE
0.010824338090643006,0.9456842105263159,0.08572223111399134,0.6322216066481994,0.0915383275694711,1.0,0.4631578947368421,0.7674662539984837,Surv-VAE
0.00967438246703851,0.9489122807017544,0.0905777871070767,0.6402659279778393,0.07905799741242302,1.0,0.4589473684210526,0.7739648160351067,Surv-VAE
0.008946689447032865,0.9536842105263156,0.08220665740460595,0.6329529085872576,0.0916133128950474,2.0,0.42105263157894735,0.7614502231280766,Surv-VAE
0.009938995276761422,0.9489122807017545,0.0838500143899889,0.6359889196675901,0.1212075637347568,3.0,0.4568421052631579,0.7598276632807852,Surv-VAE
0.010489771687944564,0.9477894736842105,0.08161052849051673,0.6766094182825485,0.09916224336428933,1.0,0.42105263157894735,0.75604224859197,Surv-VAE
0.009320857710130904,0.9505964912280703,0.07609931772859241,0.5992908587257618,0.06886075864168917,2.0,0.47789473684210526,0.7509716052944413,Surv-VAE
0.008823656978503751,0.9536842105263158,0.08341163510313869,0.6217839335180055,0.08625124317597202,1.0,0.45473684210526316,0.7749521191810843,Surv-VAE
0.00855933352550977,0.9559298245614036,0.08825587697084125,0.6263268698060942,0.1190477891005058,1.0,0.4421052631578947,0.7742094816103281,Surv-VAE
0.008908835988143734,0.9562105263157895,0.07245172104001754,0.6366759002770084,0.07332824175228815,3.0,0.4442105263157895,0.7436592053789948,Surv-VAE
0.00800796017784649,0.9566315789473684,0.0758396378898996,0.6424819944598339,0.07206323296471472,2.0,0.4336842105263158,0.7472983620159505,Surv-VAE
0.009448056241804892,0.9525614035087719,0.07968850508788941,0.6325096952908588,0.08711332704769742,2.0,0.42526315789473684,0.732838297450054,Surv-VAE
0.009826574746361177,0.9515789473684211,0.08118717253307733,0.6176620498614959,0.10031531273840386,1.0,0.4589473684210526,0.7560739504029297,Surv-VAE
0.008311297426341693,0.9552280701754385,0.08049442321681251,0.6678559556786703,0.10016622763860843,1.0,0.4105263157894737,0.7745012572921881,Surv-VAE
0.009271495642616671,0.9489122807017545,0.0850135614613135,0.6444321329639889,0.13419190175970078,1.0,0.4610526315789474,0.7604586078250192,Surv-VAE
0.009250158576796503,0.9490526315789475,0.08628875533429152,0.6044986149584487,0.13950528215745514,1.0,0.4589473684210526,0.7526593527694107,Surv-VAE
0.010177856541499377,0.9463859649122807,0.0937160280793937,0.6317562326869807,0.0754404344359217,3.0,0.43157894736842106,0.7632879615555545,Surv-VAE
0.009432219370382442,0.9482105263157893,0.080360997370501,0.6506592797783932,0.06809276290861388,2.0,0.4610526315789474,0.7668511517669817,Surv-VAE
0.009422645966427138,0.9483508771929825,0.0809141600601708,0.6474238227146814,0.07942568409695631,2.0,0.42526315789473684,0.7589799757118583,Surv-VAE
0.010311288884298286,0.9477894736842104,0.07779946994596414,0.6369861495844875,0.0974529105458362,1.0,0.4652631578947368,0.7521726161140851,Surv-VAE
0.01067379599853809,0.9454035087719298,0.08275705770069965,0.6445872576177285,0.07184469691385519,2.0,0.4631578947368421,0.7484380404656249,Surv-VAE
0.00881121406529119,0.9541052631578949,0.07911080576535569,0.6148254847645429,0.07272022310730543,2.0,0.47578947368421054,0.7657585951220177,Surv-VAE
0.008492254892038904,0.9559298245614036,0.08116508883423246,0.6357673130193906,0.15550704354240696,1.0,0.47157894736842104,0.7723515605793545,Surv-VAE
0.010170406532086947,0.9462456140350877,0.08492543374374921,0.6236897506925208,0.07350496508574966,2.0,0.4231578947368421,0.7498492248010297,Surv-VAE
0.010247444296030148,0.9493333333333334,0.0860815653574892,0.607180055401662,0.07961071125995291,2.0,0.4631578947368421,0.7650831077165797,Surv-VAE
0.009629574953552433,0.9477894736842106,0.08675815399856321,0.6596565096952908,0.08638387803060892,1.0,0.4378947368421053,0.7499701355628294,Surv-VAE
0.009212395057753786,0.9529824561403509,0.08695775687727167,0.635191135734072,0.09032226810562898,1.0,0.5073684210526316,0.7401068846016089,Surv-VAE
0.010694524961643831,0.9463859649122809,0.09569692324287957,0.6180831024930747,0.07225852946818945,1.0,0.48210526315789476,0.7431275481507696,Surv-VAE
0.008386964741462244,0.9552280701754385,0.08416246016048821,0.6430138504155124,0.09624731424931725,1.0,0.4336842105263158,0.7651667921022772,Surv-VAE
0.010038798172728503,0.9505964912280703,0.07773224227222138,0.6644875346260388,0.07290063921216841,2.0,0.4231578947368421,0.7325236448999936,Surv-VAE
0.009039263360926416,0.9528421052631579,0.0784672633760355,0.6376952908587257,0.07353752677791751,1.0,0.44,0.7710753729326073,Surv-VAE
0.010260608267551862,0.9462456140350877,0.08546962804830009,0.6359445983379501,0.10691703361919894,2.0,0.44,0.751774053660921,Surv-VAE
0.010343030443108353,0.9459649122807018,0.08000028668409853,0.6556897506925209,0.07224969923223153,2.0,0.44,0.7635683595746761,Surv-VAE
0.00919291135207877,0.9515789473684212,0.08191614580291255,0.6642659279778393,0.08351323277703847,1.0,0.4421052631578947,0.7613950277924707,Surv-VAE
0.009292950975707672,0.9510175438596491,0.09291649327366897,0.6705373961218837,0.09299126936308674,1.0,0.4147368421052632,0.7598584587596098,Surv-VAE
0.0088750115541125,0.9549473684210527,0.08223752716183204,0.6165983379501384,0.10025517842789271,2.0,0.47368421052631576,0.7505940772026773,Surv-VAE
0.009421501985355494,0.9475087719298245,0.07491904399239509,0.6814626038781164,0.0861421321053533,1.0,0.43157894736842106,0.7550198530397848,Surv-VAE
0.00906324361299501,0.9527017543859649,0.08546406392657231,0.6045207756232687,0.07855690331342986,1.0,0.4610526315789474,0.7511908644255433,Surv-VAE
0.011151202769740283,0.9437192982456141,0.08653877656201396,0.6328864265927978,0.08116939514175853,1.0,0.45263157894736844,0.7464055810381404,Surv-VAE
0.008590177436039494,0.9578947368421051,0.07589249095544795,0.6374072022160664,0.0885493539039788,3.0,0.4442105263157895,0.756050888186389,Surv-VAE
0.008354010646682184,0.9557894736842105,0.07586986506048018,0.6293185595567867,0.06866364865533417,3.0,0.47789473684210526,0.7500212684189386,Surv-VAE
0.009043954590999681,0.9527017543859649,0.0789751193154012,0.6217396121883656,0.10085094366357429,1.0,0.4378947368421053,0.7582843230753098,Surv-VAE
0.00870870087648466,0.9518596491228072,0.0808220206952904,0.6578171745152355,0.09448342749540524,1.0,0.44,0.7353543079942393,Surv-VAE
0.009999924773035013,0.9479298245614036,0.08244546900372017,0.6170193905817175,0.10169334305200275,1.0,0.4884210526315789,0.7596100754972098,Surv-VAE
0.009456598263263066,0.9479298245614035,0.07825812130494475,0.6009307479224376,0.07960562174439247,2.0,0.4568421052631579,0.7837557348822871,Surv-VAE
0.010035143585997896,0.9497543859649122,0.08551882912779256,0.62397783933518,0.08778723844233417,2.0,0.42736842105263156,0.7670240473244956,Surv-VAE
0.009078861935110797,0.9518596491228071,0.0841753597819111,0.6350360110803324,0.07580244053077574,1.0,0.42526315789473684,0.7536772724229492,Surv-VAE
0.009559781646892038,0.9524210526315788,0.09444499863198737,0.6263490304709142,0.07799251404243288,1.0,0.42736842105263156,0.7565034241545958,Surv-VAE
0.009658212994864397,0.9531228070175438,0.08168401021372455,0.646404432132964,0.07562795164051307,2.0,0.4463157894736842,0.7598992856142825,Surv-VAE
0.009460628059017841,0.9511578947368421,0.07763110008757593,0.6239556786703602,0.10215948883653828,1.0,0.4610526315789474,0.7438214095396056,Surv-VAE
0.010762648272086405,0.9475087719298245,0.07670176916891475,0.6270138504155125,0.10636062374691933,2.0,0.4631578947368421,0.7596562446530611,Surv-VAE
0.00989847757612803,0.9490526315789475,0.08501016999478259,0.6310581717451523,0.07918036608303877,2.0,0.4421052631578947,0.7503031825216682,Surv-VAE
0.010228427142058285,0.9489122807017544,0.08337874136570461,0.6446980609418282,0.08996186550859425,3.0,0.44842105263157894,0.7632306871176258,Surv-VAE
0.0092301403375838,0.952421052631579,0.07015872943100326,0.6281883656509695,0.08182960387175436,1.0,0.4463157894736842,0.7523743352288005,Surv-VAE
0.009032716351669943,0.9521403508771927,0.07573796190191028,0.5873905817174515,0.07312308108847908,2.0,0.4463157894736842,0.7746628262526306,Surv-VAE
0.009925670141575242,0.9497543859649122,0.08765802740066794,0.6472686980609419,0.09615293620512054,1.0,0.45263157894736844,0.764939047261135,Surv-VAE
0.009744668858101508,0.9468070175438597,0.08857659475726705,0.6500166204986149,0.07469507530238459,1.0,0.4568421052631579,0.7398967582322455,Surv-VAE
0.009020279774428123,0.952,0.08567118684651939,0.6073573407202215,0.06696043803091561,3.0,0.45473684210526316,0.7573308853201551,Surv-VAE
0.010328261735919006,0.9470877192982455,0.08135148574813665,0.6357451523545706,0.1404192376160304,1.0,0.47368421052631576,0.7602926541756841,Surv-VAE
0.009857311226979816,0.9475087719298246,0.08568828051622886,0.6542049861495844,0.07896082285057168,3.0,0.44842105263157894,0.7533664266021852,Surv-VAE
0.009192351962174265,0.9534035087719298,0.08392162258055727,0.6335069252077562,0.08233288166573163,1.0,0.4336842105263158,0.752666085620363,Surv-VAE
0.0101458735587429,0.9449824561403509,0.08843881614105248,0.6414847645429363,0.11538423721879044,2.0,0.4463157894736842,0.7460830673946148,Surv-VAE
0.009215199675060853,0.952,0.07722756249699889,0.6119889196675901,0.06743914084742558,1.0,0.4842105263157895,0.7611190664409146,Surv-VAE
0.009565234266456073,0.9508771929824563,0.08155522343904191,0.6144044321329639,0.07000451819231492,3.0,0.44842105263157894,0.7653139453787732,Surv-VAE
0.009334149936853938,0.9555087719298246,0.08599991569629035,0.6354349030470914,0.09843659526233095,1.0,0.4,0.7789782697581089,Surv-VAE
0.009120810847515759,0.952140350877193,0.08539097517195138,0.6368753462603879,0.1146262359020292,1.0,0.4631578947368421,0.764199983541869,Surv-VAE
0.008667461639938792,0.9527017543859647,0.08200521875368803,0.6071135734072022,0.08471822636189846,1.0,0.4568421052631579,0.7637192644539429,Surv-VAE
0.009702361490491283,0.9501754385964911,0.08937557464600995,0.6539168975069252,0.07758232764382157,2.0,0.4589473684210526,0.763959390972587,Surv-VAE
0.010178172116626133,0.9486315789473685,0.08080441358596069,0.6159556786703602,0.0679660355432464,3.0,0.4442105263157895,0.7774208957624973,Surv-VAE
0.010296722637797741,0.9461052631578949,0.0913785886418752,0.6342382271468143,0.10838001694693264,1.0,0.4610526315789474,0.7560513791274921,Surv-VAE
0.010200884125938241,0.9484912280701754,0.08014438905452896,0.6181939058171745,0.09376270826094033,2.0,0.4652631578947368,0.7722913704676114,Surv-VAE
0.008328538387373217,0.9539649122807018,0.08438576141478353,0.6454958448753463,0.07966193479125148,2.0,0.4126315789473684,0.7676106094383139,Surv-VAE
0.009282229287140077,0.9532631578947369,0.08068570637550777,0.6551135734072022,0.07339096299451552,2.0,0.48,0.7673084076975774,Surv-VAE
0.009564441597422433,0.9504561403508773,0.08309306573628296,0.7023601108033241,0.09743805882668069,1.0,0.4631578947368421,0.7532575777256117,Surv-VAE
0.00815203236113333,0.9550877192982454,0.07834771618121718,0.6330637119113572,0.07458985744734746,1.0,0.4421052631578947,0.7655423375457158,Surv-VAE
0.00963375793387189,0.9500350877192981,0.09623233231409517,0.6671246537396123,0.08714433177098178,1.0,0.4063157894736842,0.7592917888089055,Surv-VAE
0.009620023662668212,0.9505964912280701,0.08639952715931254,0.6382714681440443,0.10939227116309601,1.0,0.42526315789473684,0.7486978113188778,Surv-VAE
0.009700200913394142,0.9517192982456141,0.08300669771295682,0.6697174515235458,0.07906916019113809,1.0,0.4442105263157895,0.7594726030482145,Surv-VAE
0.009974535496764917,0.9489122807017544,0.08556016941167152,0.6351246537396122,0.08830304235301634,1.0,0.45263157894736844,0.751488324711396,Surv-VAE
0.010456949501991546,0.9476491228070174,0.0850141762181478,0.64394459833795,0.08618024815669521,1.0,0.44842105263157894,0.7530262057629722,Surv-VAE
0.010250043800280965,0.944982456140351,0.08774996803411846,0.6517894736842106,0.11583328977886888,1.0,0.42105263157894735,0.7642261790595948,Surv-VAE
0.009579839351545015,0.9518596491228071,0.07875265030064815,0.6330415512465375,0.07215632615747856,1.0,0.4884210526315789,0.7717603318312949,Surv-VAE
0.01040010070405332,0.9483508771929825,0.0965058758141923,0.64401108033241,0.09135029097777156,1.0,0.4442105263157895,0.758005627702446,Surv-VAE
0.009570262958601864,0.952,0.0858881399270011,0.6548919667590027,0.08830364825040432,2.0,0.42526315789473684,0.751547722842776,Surv-VAE
0.00852536531119972,0.9532631578947369,0.07824752900150335,0.6336620498614959,0.09681863130402166,1.0,0.4610526315789474,0.7518236992104073,Surv-VAE
0.010389815485479155,0.9470877192982455,0.08501865227283854,0.6610526315789474,0.104631493540165,1.0,0.42947368421052634,0.7608438281423656,Surv-VAE
0.009073781166518866,0.9539649122807018,0.08255282671180054,0.6240110803324099,0.11296177317832755,1.0,0.4568421052631579,0.7663705574445583,Surv-VAE
0.009557417455697366,0.9515789473684211,0.07500518417955268,0.6524986149584487,0.0797378241066249,2.0,0.4610526315789474,0.7697043970018556,Surv-VAE
0.009029613412954784,0.952561403508772,0.0854578154241605,0.6480443213296398,0.07323598342466325,1.0,0.4463157894736842,0.7512542214208284,Surv-VAE
0.008122126134496829,0.959859649122807,0.07054121462880907,0.6361440443213296,0.0985350574435457,2.0,0.44842105263157894,0.7442266706379606,Surv-VAE
0.010160667718620335,0.944140350877193,0.09644195715209505,0.6734182825484766,0.07519360549589899,1.0,0.4378947368421053,0.7688716324917777,Surv-VAE
0.0047000129191192026,0.9751578947368421,0.01587147260837152,0.47736288088642664,0.1484803012503235,8.0,0.47789473684210526,0.8033857078506755,HI-VAE_weibull_diffusion
0.004600547127101671,0.9743157894736842,0.019424626938562395,0.517185595567867,0.16106198304751831,12.0,0.4884210526315789,0.7980398460372278,HI-VAE_weibull_diffusion
0.006006803554104449,0.9702456140350877,0.01922604363584015,0.5323434903047092,0.191375452758281,7.0,0.48,0.7959429931576671,HI-VAE_weibull_diffusion
0.0046912250608546185,0.9731929824561405,0.01612073396733197,0.486803324099723,0.1363397495124553,9.0,0.5221052631578947,0.8132920851103099,HI-VAE_weibull_diffusion
0.005818077495948529,0.968561403508772,0.021690772183558416,0.532808864265928,0.19683738166615095,7.0,0.4589473684210526,0.8062421422004487,HI-VAE_weibull_diffusion
0.004566613022643982,0.9752982456140351,0.02180551030721286,0.5110470914127424,0.17755396031679252,10.0,0.511578947368421,0.8152612085462723,HI-VAE_weibull_diffusion
0.004515859217494543,0.9726315789473685,0.0160156624634977,0.5127091412742382,0.1618420845871793,7.0,0.4568421052631579,0.7994321077151568,HI-VAE_weibull_diffusion
0.005915080090744178,0.967719298245614,0.02208002239013331,0.5477008310249307,0.1600730844819639,8.0,0.4926315789473684,0.7964984161016315,HI-VAE_weibull_diffusion
0.005567103900820264,0.9702456140350878,0.014602991899081721,0.4971634349030471,0.18361299797969688,10.0,0.4863157894736842,0.8136309077224206,HI-VAE_weibull_diffusion
0.005081974837162583,0.9722105263157895,0.012080071135601965,0.52398891966759,0.16170831921809772,10.0,0.4842105263157895,0.8077064775408485,HI-VAE_weibull_diffusion
0.005921792107145432,0.9664561403508771,0.011286956874893042,0.5399667590027701,0.170841715917792,8.0,0.47789473684210526,0.8035670911228797,HI-VAE_weibull_diffusion
0.0059273171545264035,0.9668771929824562,0.02055524519667169,0.5406537396121884,0.08810593041302849,3.0,0.4926315789473684,0.813573325202252,HI-VAE_weibull_diffusion
0.005229497092679128,0.968842105263158,0.023902055503493475,0.5365761772853185,0.16869243133465464,6.0,0.47157894736842104,0.8047997787877984,HI-VAE_weibull_diffusion
0.0036962137392605454,0.9804912280701755,0.022443497066986708,0.5238116343490304,0.1891257834772621,8.0,0.4926315789473684,0.8080079936214145,HI-VAE_weibull_diffusion
0.006605564456915569,0.9644912280701754,0.03365080580175126,0.5161662049861496,0.20033645184561477,8.0,0.4884210526315789,0.7992688596651977,HI-VAE_weibull_diffusion
0.004654004796994214,0.9741754385964914,0.020240881481060305,0.5323434903047091,0.18209348241871626,8.0,0.47157894736842104,0.8163294979502722,HI-VAE_weibull_diffusion
0.004284930995491543,0.976561403508772,0.013007710791655679,0.586814404432133,0.20190689216079288,10.0,0.45473684210526316,0.8124760145189363,HI-VAE_weibull_diffusion
0.005997535034733011,0.968140350877193,0.01859850670315538,0.5263601108033241,0.12123825863465791,6.0,0.49473684210526314,0.8060693147785127,HI-VAE_weibull_diffusion
0.004132197273449106,0.9778245614035088,0.013986349911578148,0.5068144044321329,0.21108534610692833,11.0,0.5094736842105263,0.8200906540995162,HI-VAE_weibull_diffusion
0.004106995667857992,0.974035087719298,0.022857383266277304,0.5001440443213296,0.23797021179828756,8.0,0.49473684210526314,0.8102509371508916,HI-VAE_weibull_diffusion
0.0050275051543405445,0.9720701754385964,0.01977664524433007,0.5345373961218837,0.17367832525229063,10.0,0.44842105263157894,0.7960495388268952,HI-VAE_weibull_diffusion
0.005155398513422649,0.9727719298245614,0.012098943107887613,0.5006759002770083,0.19614955298180842,13.0,0.5157894736842106,0.807046043877004,HI-VAE_weibull_diffusion
0.005017977072241765,0.9734736842105265,0.01953302508905017,0.47654293628808864,0.24173911492351982,11.0,0.4652631578947368,0.7967047319207388,HI-VAE_weibull_diffusion
0.005195699010226953,0.9724912280701755,0.015143340492310904,0.5492520775623267,0.24397451556756708,10.0,0.47789473684210526,0.8066904651785721,HI-VAE_weibull_diffusion
0.00579750329508183,0.9698245614035089,0.019851109209195403,0.5049529085872576,0.2122787044335055,9.0,0.4610526315789474,0.7880811759980442,HI-VAE_weibull_diffusion
0.00487355582581502,0.9743157894736842,0.03543014403597089,0.5090969529085874,0.15226730914971642,6.0,0.47789473684210526,0.7928721052903839,HI-VAE_weibull_diffusion
0.0046942391275251,0.9757192982456141,0.01880060651653731,0.5245429362880886,0.20028499416619344,8.0,0.4652631578947368,0.809434178630454,HI-VAE_weibull_diffusion
0.004937496436667534,0.9703859649122807,0.019461940356711883,0.527601108033241,0.24052688718118556,12.0,0.4863157894736842,0.8057902502107575,HI-VAE_weibull_diffusion
0.004866768322312127,0.9724912280701754,0.028378504559049344,0.5103157894736843,0.14683950837029222,10.0,0.4357894736842105,0.8045757628508382,HI-VAE_weibull_diffusion
0.006591936612061689,0.9643508771929825,0.02964953336046769,0.5154127423822714,0.10453412444340134,7.0,0.4357894736842105,0.8003683193290444,HI-VAE_weibull_diffusion
0.005470870049511641,0.9698245614035089,0.028188053197367648,0.5498282548476454,0.15940537854033462,12.0,0.4905263157894737,0.8172825289413932,HI-VAE_weibull_diffusion
0.004665267578459695,0.9747368421052632,0.01952144978664249,0.5018060941828255,0.14560335081547338,11.0,0.49473684210526314,0.8103723193431464,HI-VAE_weibull_diffusion
0.004757070375581661,0.9736140350877193,0.016447354140767402,0.5118670360110803,0.1991757877853881,8.0,0.4842105263157895,0.7967397176123934,HI-VAE_weibull_diffusion
0.004608451079738874,0.9762807017543861,0.01967979526500036,0.4890193905817174,0.1827200721420844,8.0,0.4631578947368421,0.8038565847642806,HI-VAE_weibull_diffusion
0.00452433838414576,0.9762807017543859,0.012513516077697035,0.4891523545706371,0.15124387309647588,3.0,0.4863157894736842,0.8042959478921298,HI-VAE_weibull_diffusion
0.005838872130710061,0.968,0.021696690444578746,0.5393019390581718,0.2012973157918152,8.0,0.511578947368421,0.8067342430969068,HI-VAE_weibull_diffusion
0.0034029622127079153,0.9790877192982457,0.010080267241945128,0.478426592797784,0.16046457698265731,11.0,0.4968421052631579,0.8147140562343266,HI-VAE_weibull_diffusion
0.0038714581056042705,0.9778245614035087,0.015035388453173523,0.5414072022160664,0.10438033189510194,7.0,0.5221052631578947,0.8102850831591976,HI-VAE_weibull_diffusion
0.004623535139553617,0.9745964912280702,0.0166098323893926,0.48168421052631577,0.20718071005684288,9.0,0.4863157894736842,0.8036654903796697,HI-VAE_weibull_diffusion
0.005195749192640277,0.9699649122807017,0.019659887877102544,0.5067036011080333,0.11011617824234804,8.0,0.5010526315789474,0.8067852136308923,HI-VAE_weibull_diffusion
0.0054911921582714495,0.9719298245614035,0.0188264885924591,0.508387811634349,0.19829943048923054,10.0,0.4863157894736842,0.8109088309929999,HI-VAE_weibull_diffusion
0.005782239618261522,0.9694035087719297,0.012978879503471534,0.5209085872576178,0.16681028677284396,12.0,0.49894736842105264,0.8061184384865517,HI-VAE_weibull_diffusion
0.005243812744827978,0.9720701754385966,0.013736068031383657,0.5161662049861496,0.14864045741976364,11.0,0.4631578947368421,0.7970071967995607,HI-VAE_weibull_diffusion
0.005885100671464525,0.9684210526315788,0.02290441889929009,0.5082991689750693,0.1789279775939748,10.0,0.47368421052631576,0.7958181157318938,HI-VAE_weibull_diffusion
0.004985371813655955,0.9726315789473685,0.016089090607149092,0.5090304709141275,0.13596238645011,6.0,0.45473684210526316,0.8004736594980838,HI-VAE_weibull_diffusion
0.004278977575478145,0.9765614035087719,0.017645357215619467,0.5141939058171745,0.1483356487466604,8.0,0.48210526315789476,0.7992813143465733,HI-VAE_weibull_diffusion
0.0047077453442286666,0.9737543859649125,0.021769781625089964,0.5005650969529085,0.18626419004227296,8.0,0.48210526315789476,0.8084319174994274,HI-VAE_weibull_diffusion
0.004501344071924286,0.9748771929824561,0.019149149119870847,0.5203545706371192,0.22107715027337382,9.0,0.4652631578947368,0.8070368692389952,HI-VAE_weibull_diffusion
0.005350869892563712,0.9719298245614034,0.01976350524972987,0.5217506925207755,0.13629022518666425,9.0,0.4568421052631579,0.8016169247210669,HI-VAE_weibull_diffusion
0.005009954443623329,0.9720701754385964,0.01404028661560187,0.5100055401662049,0.15991682731276943,10.0,0.4905263157894737,0.806845748891611,HI-VAE_weibull_diffusion
0.004514515908130052,0.9737543859649124,0.015406227022062142,0.5617285318559556,0.1824358256535767,8.0,0.4673684210526316,0.7923625029758289,HI-VAE_weibull_diffusion
0.005219278813820773,0.9706666666666668,0.018617121195101158,0.5263157894736843,0.17947655125971354,9.0,0.5136842105263157,0.7952677815260525,HI-VAE_weibull_diffusion
0.0051593078398946245,0.9736140350877193,0.019393974004217662,0.5408975069252078,0.10601011578773196,8.0,0.4610526315789474,0.8003506917846035,HI-VAE_weibull_diffusion
0.004264433800740744,0.977122807017544,0.011618315831368988,0.4918559556786704,0.16702117566513794,9.0,0.47578947368421054,0.8149526629452564,HI-VAE_weibull_diffusion
0.0046166706479871715,0.9757192982456142,0.018684394720010395,0.4800221606648199,0.08978526220733382,4.0,0.511578947368421,0.8018210256014624,HI-VAE_weibull_diffusion
0.004301239812660863,0.9760000000000001,0.025600343301588092,0.4593240997229917,0.13690552667281095,7.0,0.47368421052631576,0.806540414774355,HI-VAE_weibull_diffusion
0.005349578843010007,0.9717894736842106,0.01735496072772317,0.5371745152354571,0.10747432371436659,5.0,0.49894736842105264,0.799267046871442,HI-VAE_weibull_diffusion
0.004874972714866425,0.9703859649122808,0.017412782508026352,0.540387811634349,0.28458283954775526,11.0,0.4884210526315789,0.8075578257171709,HI-VAE_weibull_diffusion
0.004994038955989289,0.9723508771929824,0.013753139232220966,0.49555678670360115,0.16504834631645596,7.0,0.47157894736842104,0.7958569251641632,HI-VAE_weibull_diffusion
0.004777334208300728,0.9734736842105264,0.015537663651554281,0.48604986149584495,0.24256203469331825,11.0,0.4905263157894737,0.8138878798047929,HI-VAE_weibull_diffusion
0.0038443962523095954,0.9760000000000001,0.017498286767348537,0.5164764542936288,0.22093078778938546,10.0,0.4842105263157895,0.8161031308506185,HI-VAE_weibull_diffusion
0.0049442534101494465,0.9741754385964912,0.017445457246605914,0.5056842105263157,0.17290461555285178,11.0,0.49894736842105264,0.8128692929489294,HI-VAE_weibull_diffusion
0.003969925445512305,0.9792280701754386,0.018804886200068295,0.5346260387811634,0.14660532165952742,8.0,0.4589473684210526,0.8067798017549764,HI-VAE_weibull_diffusion
0.004718324836331602,0.9731929824561404,0.023401919216478412,0.49681994459833784,0.24275471654639327,13.0,0.49473684210526314,0.8011580522819758,HI-VAE_weibull_diffusion
0.004882235653887275,0.9723508771929825,0.012404125150360748,0.4948919667590027,0.15694985331090894,11.0,0.49894736842105264,0.8138494497155229,HI-VAE_weibull_diffusion
0.006081436056607317,0.9672982456140351,0.020350473176350248,0.5210858725761772,0.1371925509668566,9.0,0.49473684210526314,0.8037786948772241,HI-VAE_weibull_diffusion
0.004516067029905511,0.976140350877193,0.01504733649336218,0.48990581717451515,0.13735387611123576,10.0,0.4842105263157895,0.8071042569040938,HI-VAE_weibull_diffusion
0.005358368890974511,0.9719298245614034,0.023841428094696648,0.5305706371191136,0.1405045301266736,9.0,0.4905263157894737,0.8022777554936499,HI-VAE_weibull_diffusion
0.0043616666266323555,0.9765614035087719,0.016821369846149452,0.5332963988919668,0.20214010085537143,10.0,0.49473684210526314,0.8127895432918473,HI-VAE_weibull_diffusion
0.005234013414958934,0.9698245614035089,0.01697234535858941,0.5254736842105263,0.12514690382899027,9.0,0.4884210526315789,0.8110389836522787,HI-VAE_weibull_diffusion
0.004256629401143413,0.976842105263158,0.013473642611512661,0.545994459833795,0.2882910167671816,12.0,0.4842105263157895,0.8170627156340159,HI-VAE_weibull_diffusion
0.005723445228937642,0.9695438596491228,0.0205680059092511,0.5059058171745153,0.11196111314558568,9.0,0.4905263157894737,0.8057937948180119,HI-VAE_weibull_diffusion
0.005136534439784395,0.9737543859649123,0.024103532355175778,0.5416288088642659,0.19125047578257462,7.0,0.4884210526315789,0.8047449470642641,HI-VAE_weibull_diffusion
0.004603308312294544,0.9740350877192985,0.013844289918933687,0.5320332409972298,0.2049702370745775,13.0,0.4631578947368421,0.8112917030350644,HI-VAE_weibull_diffusion
0.004758837873416919,0.9741754385964912,0.01764927176186122,0.5067922437673131,0.13114139268347672,9.0,0.49894736842105264,0.7978393045763481,HI-VAE_weibull_diffusion
0.00484373317495357,0.9727719298245615,0.021449869859196995,0.47149030470914133,0.13113703531051119,7.0,0.49894736842105264,0.8079373908890245,HI-VAE_weibull_diffusion
0.004767207305930504,0.9738947368421054,0.028270885706531097,0.5299501385041552,0.17681697302172755,4.0,0.5010526315789474,0.8105697727659599,HI-VAE_weibull_diffusion
0.004243289317400093,0.976561403508772,0.01260623000979324,0.5157894736842106,0.13845207203842594,10.0,0.4694736842105263,0.8089839392342918,HI-VAE_weibull_diffusion
0.004217346612042821,0.976701754385965,0.014187974417819495,0.4489750692520776,0.18759347307976074,8.0,0.4884210526315789,0.7998859582786069,HI-VAE_weibull_diffusion
0.003958045878210261,0.9775438596491228,0.023460934014826317,0.49759556786703596,0.16151924954015337,6.0,0.48,0.8167359815041686,HI-VAE_weibull_diffusion
0.004793065447859384,0.9706666666666667,0.028221758936237327,0.5599778393351802,0.16690675805480543,7.0,0.4694736842105263,0.8074449629445056,HI-VAE_weibull_diffusion
0.004798475841621342,0.9733333333333332,0.015285199733022344,0.5277119113573406,0.21660228802492368,11.0,0.4968421052631579,0.8094403291983296,HI-VAE_weibull_diffusion
0.0056577818005505215,0.9692631578947369,0.019502569418418013,0.5141717451523545,0.13417579577952266,8.0,0.45473684210526316,0.8119314028173235,HI-VAE_weibull_diffusion
0.004100612012403751,0.9748771929824561,0.014777700228584172,0.5593795013850416,0.1980611682868093,11.0,0.4694736842105263,0.8020343809159287,HI-VAE_weibull_diffusion
0.004062111387352245,0.9761403508771931,0.00840503445094517,0.48480886426592795,0.2150513593476012,13.0,0.4652631578947368,0.8016587298673427,HI-VAE_weibull_diffusion
0.005232187477880062,0.9706666666666667,0.019817616322884955,0.5157451523545706,0.22195620034025842,9.0,0.4905263157894737,0.8062391979910803,HI-VAE_weibull_diffusion
0.004615067754311657,0.9760000000000002,0.022411898518516313,0.521617728531856,0.19924997973213826,11.0,0.5010526315789474,0.8059489560803927,HI-VAE_weibull_diffusion
0.004924784494266453,0.9736140350877193,0.009947453355475689,0.5170969529085871,0.2577012178087575,13.0,0.49473684210526314,0.7997883235823292,HI-VAE_weibull_diffusion
0.006063941678721821,0.9661754385964912,0.01615259568580821,0.5501828254847645,0.1604643806865714,12.0,0.511578947368421,0.8067810594065389,HI-VAE_weibull_diffusion
0.004770458329541164,0.9730526315789473,0.021060253725293784,0.5049972299168974,0.19114782707615047,8.0,0.5094736842105263,0.8024766320173441,HI-VAE_weibull_diffusion
0.0046293689867924126,0.9734736842105264,0.013223772070632503,0.4877340720221607,0.24335784633077376,9.0,0.47789473684210526,0.8050385722186868,HI-VAE_weibull_diffusion
0.005229004244767351,0.9712280701754387,0.011921349510763663,0.5288421052631579,0.2801463355004387,16.0,0.511578947368421,0.8037163139265182,HI-VAE_weibull_diffusion
0.0050486527608864665,0.9712280701754387,0.022578013504298017,0.5182493074792245,0.1313983330065986,7.0,0.4842105263157895,0.8152150157879422,HI-VAE_weibull_diffusion
0.0045066479090903324,0.9727719298245614,0.009277178269100687,0.5006315789473683,0.2202933229231667,14.0,0.4968421052631579,0.8064899096401358,HI-VAE_weibull_diffusion
0.0055468914165617165,0.9687017543859648,0.020778399627411438,0.5439556786703601,0.12874436611198856,9.0,0.43157894736842106,0.8005298730265804,HI-VAE_weibull_diffusion
0.004413261124990574,0.9755789473684209,0.030469376332393626,0.4927867036011081,0.10361597062422837,3.0,0.49894736842105264,0.816240786125009,HI-VAE_weibull_diffusion
0.0048519772115436675,0.9730526315789473,0.025941965775766976,0.5097174515235458,0.1206816747702625,10.0,0.5136842105263157,0.7923622980860919,HI-VAE_weibull_diffusion
0.004629769611453688,0.9734736842105265,0.019510238870093993,0.5766204986149586,0.17754668134922078,10.0,0.4631578947368421,0.7919106396790481,HI-VAE_weibull_diffusion
0.005364563650753392,0.9706666666666665,0.023537121640202625,0.5402548476454294,0.19798310447186054,8.0,0.48,0.795338712394418,HI-VAE_weibull_diffusion
0.005178396332872175,0.9716491228070173,0.02304151629406434,0.48995013850415514,0.17017957511472245,10.0,0.4968421052631579,0.8113451392701435,HI-VAE_weibull_diffusion
0.005876703969500105,0.9694035087719299,0.014166321797981747,0.5231246537396121,0.17151112409049615,8.0,0.47368421052631576,0.8143130091994825,HI-VAE_weibull_diffusion
0.0037365732270569683,0.9786666666666668,0.020469118842432847,0.5210858725761773,0.17609055449947175,9.0,0.47368421052631576,0.794883833005801,HI-VAE_weibull_diffusion
0.0053991487382960435,0.9694035087719297,0.018659231015965103,0.5150581717451523,0.13423984469527628,9.0,0.4842105263157895,0.8093935348298708,HI-VAE_weibull_diffusion
0.005636189030438161,0.968561403508772,0.019444063814016685,0.5110692520775623,0.16711124337478567,10.0,0.49473684210526314,0.7971066675348012,HI-VAE_weibull_diffusion
0.004653505437981072,0.9734736842105264,0.01949317345243668,0.5210415512465374,0.14473179651309714,10.0,0.5178947368421053,0.8034026556118936,HI-VAE_weibull_diffusion
0.0038111908217449194,0.9788070175438597,0.02245989548247981,0.5360664819944598,0.18574658980505238,9.0,0.5263157894736842,0.8014664555710034,HI-VAE_weibull_diffusion
0.006043840703903436,0.9671578947368423,0.012925822608948905,0.5043102493074793,0.14299614617010104,11.0,0.4905263157894737,0.8048775581734866,HI-VAE_weibull_diffusion
0.004943764490333527,0.9729122807017544,0.022674748812421014,0.5135069252077562,0.19658054076139736,9.0,0.47789473684210526,0.8119258896753755,HI-VAE_weibull_diffusion
0.003960821051759264,0.9788070175438597,0.021198880373141993,0.5147479224376732,0.12985499435348266,8.0,0.45473684210526316,0.7977873584403934,HI-VAE_weibull_diffusion
0.005250387450302235,0.9712280701754387,0.012264605055364409,0.5256509695290859,0.2552744120353988,10.0,0.511578947368421,0.796830710329491,HI-VAE_weibull_diffusion
0.005249536598203764,0.9715087719298247,0.019120681635614433,0.4882437673130194,0.13675204617364456,7.0,0.4842105263157895,0.806429796652567,HI-VAE_weibull_diffusion
0.004705363718989257,0.9745964912280701,0.016453094609050176,0.5053739612188365,0.2434426660369839,11.0,0.5031578947368421,0.8177346603910418,HI-VAE_weibull_diffusion
0.005261235409711643,0.9709473684210526,0.013680935973961741,0.5389916897506926,0.17899856590416957,11.0,0.47157894736842104,0.8002958592206175,HI-VAE_weibull_diffusion
0.005893548664407244,0.9684210526315788,0.027066964522364702,0.5312576177285319,0.12147632021336248,6.0,0.48,0.8055049589320723,HI-VAE_weibull_diffusion
0.0047476195870042375,0.9723508771929823,0.03287806227244331,0.5171634349030471,0.1662489881666451,8.0,0.4905263157894737,0.8077041273250433,HI-VAE_weibull_diffusion
0.00407558521033214,0.9751578947368422,0.027435674559193438,0.5419833795013851,0.11472615107638648,6.0,0.5094736842105263,0.8063523721155011,HI-VAE_weibull_diffusion
0.0039962375399026275,0.976140350877193,0.016565910523787277,0.4801772853185596,0.18142973282298255,9.0,0.47368421052631576,0.7938139570050845,HI-VAE_weibull_diffusion
0.004079629908065539,0.976280701754386,0.013741841865006061,0.49152354570637125,0.1879692015324979,10.0,0.48210526315789476,0.7984564111447456,HI-VAE_weibull_diffusion
0.00520369939811081,0.9723508771929822,0.02662044386595558,0.524409972299169,0.22752214640626395,9.0,0.4926315789473684,0.8114064546102492,HI-VAE_weibull_diffusion
0.0037790332761028647,0.977122807017544,0.021067765883108974,0.5009861495844875,0.10555431118896301,8.0,0.5010526315789474,0.7971328883915729,HI-VAE_weibull_diffusion
0.005690426377795583,0.9720701754385966,0.014188946307637,0.48496398891966763,0.1870725325407068,9.0,0.4884210526315789,0.8136623405545832,HI-VAE_weibull_diffusion
0.00453214785564804,0.9727719298245616,0.022076789642459668,0.5217285318559556,0.14372728942253907,9.0,0.4568421052631579,0.8085524963188366,HI-VAE_weibull_diffusion
0.004770063955241218,0.9733333333333333,0.01176577959595417,0.47625484764542936,0.21019960868221949,14.0,0.4926315789473684,0.8231014994029622,HI-VAE_weibull_diffusion
0.0048180194298425095,0.9731929824561404,0.016072742587094076,0.518781163434903,0.1314479949880023,11.0,0.5052631578947369,0.8097120368411119,HI-VAE_weibull_diffusion
0.004688913781138847,0.9730526315789475,0.01698945004961123,0.505595567867036,0.20145386192531184,6.0,0.48,0.803182025663692,HI-VAE_weibull_diffusion
0.004336287934229825,0.9736140350877193,0.016485428244251817,0.5039113573407202,0.23269461080175854,9.0,0.5052631578947369,0.8032023848076242,HI-VAE_weibull_diffusion
0.005647221646164854,0.9694035087719298,0.028605251456763306,0.5350692520775622,0.10353361910305087,6.0,0.5242105263157895,0.8027888971519577,HI-VAE_weibull_diffusion
0.004028677156629341,0.9776842105263157,0.013468614167988302,0.49068144044321327,0.2181067739329198,9.0,0.4589473684210526,0.8176339440217341,HI-VAE_weibull_diffusion
0.004485742404408059,0.9757192982456139,0.0112006285965308,0.5189584487534626,0.22518893221539513,11.0,0.4863157894736842,0.802298388878632,HI-VAE_weibull_diffusion
0.005009007882377168,0.9724912280701754,0.022516234680293942,0.5202216066481995,0.15691426448690118,10.0,0.4589473684210526,0.804385803723952,HI-VAE_weibull_diffusion
0.007016359657803033,0.9637894736842105,0.014542769514110656,0.51197783933518,0.14391936601310967,11.0,0.4589473684210526,0.8151252162264339,HI-VAE_weibull_diffusion
0.0053754443410249835,0.9703859649122808,0.015431620496802932,0.5347146814404432,0.1794151550886024,11.0,0.5242105263157895,0.7958319246557873,HI-VAE_weibull_diffusion
0.005710132523376989,0.9684210526315788,0.01475752253308948,0.5075678670360111,0.11861898992467981,7.0,0.47368421052631576,0.8017257202658999,HI-VAE_weibull_diffusion
0.005860185056843689,0.967719298245614,0.02751312768710469,0.5338282548476455,0.20055661420869472,9.0,0.4694736842105263,0.8106486192721641,HI-VAE_weibull_diffusion
0.005879134748796969,0.9715087719298247,0.016766880640269762,0.479601108033241,0.17340392639777247,6.0,0.47157894736842104,0.8056661208240721,HI-VAE_weibull_diffusion
0.005129151184103172,0.9713684210526317,0.01876908785480843,0.48815512465373967,0.21487962035017483,10.0,0.4926315789473684,0.8161556171682754,HI-VAE_weibull_diffusion
0.004914730577746907,0.9727719298245613,0.015457062728138673,0.5045540166204987,0.18443190835152679,11.0,0.47578947368421054,0.8233017726868276,HI-VAE_weibull_diffusion
0.005321745996326417,0.9727719298245614,0.030900300905085623,0.5376398891966758,0.1258736441102252,5.0,0.4589473684210526,0.8069678824797811,HI-VAE_weibull_diffusion
0.004808250910976657,0.9740350877192984,0.009404717867877376,0.49746260387811636,0.1837639111216594,9.0,0.4968421052631579,0.8048818884199239,HI-VAE_weibull_diffusion
0.005987104092099207,0.968280701754386,0.02109520788415914,0.4964210526315789,0.1716875801541208,6.0,0.4378947368421053,0.7973083498089443,HI-VAE_weibull_diffusion
0.006169427324530396,0.9675789473684211,0.018710394318366463,0.5405650969529086,0.17757588970027816,10.0,0.4884210526315789,0.8120606241634983,HI-VAE_weibull_diffusion
0.004918212511850007,0.9744561403508774,0.01994509815484612,0.5065263157894737,0.15817704916223616,9.0,0.4884210526315789,0.8117113750099454,HI-VAE_weibull_diffusion
0.005046574011916327,0.9724912280701755,0.01676644090552287,0.5248310249307478,0.15873756384040325,9.0,0.45473684210526316,0.816237544456946,HI-VAE_weibull_diffusion
0.00491886503973504,0.9719298245614035,0.016876688174944015,0.5465927977839335,0.23306592630147796,8.0,0.4842105263157895,0.8183954765152348,HI-VAE_weibull_diffusion
0.0060262806500128475,0.9664561403508771,0.028827052051368995,0.5385484764542937,0.18990179249522712,7.0,0.4421052631578947,0.8187399404517791,HI-VAE_weibull_diffusion
0.006416849486196149,0.9623859649122807,0.022194841947237868,0.49810526315789466,0.12540206780540436,10.0,0.4842105263157895,0.802343614967682,HI-VAE_weibull_diffusion
0.005531984123616027,0.9715087719298247,0.013647990946475518,0.5617063711911358,0.11761142668251415,7.0,0.5010526315789474,0.8074469388985344,HI-VAE_weibull_diffusion
0.004612192315076627,0.9736140350877193,0.028993093799132594,0.513994459833795,0.20108635099333175,9.0,0.4884210526315789,0.8074580738426304,HI-VAE_weibull_diffusion
0.005054610702524778,0.9730526315789473,0.016708387818403184,0.5155457063711912,0.11597031808462437,12.0,0.47789473684210526,0.8123924538198576,HI-VAE_weibull_diffusion
0.005136869238571235,0.9712280701754386,0.015476979382290259,0.5004542936288089,0.18056394538696768,13.0,0.47157894736842104,0.8041681003094991,HI-VAE_weibull_diffusion
0.004349737721303603,0.9745964912280701,0.016839686680424584,0.522016620498615,0.21905165885616917,12.0,0.4631578947368421,0.8200444134864516,HI-VAE_weibull_diffusion
0.004065653341097773,0.9771228070175438,0.02145898957991023,0.47541274238227144,0.1808003631088434,13.0,0.47368421052631576,0.7916575113781378,HI-VAE_weibull_diffusion
0.004396118148728503,0.9751578947368421,0.01981745994097508,0.5287091412742383,0.12306025825792688,8.0,0.49894736842105264,0.7953337065966843,HI-VAE_weibull_diffusion
0.004619107954787194,0.9762807017543857,0.009311539400615795,0.5482326869806095,0.15454277570424563,13.0,0.5010526315789474,0.8108014725845252,HI-VAE_weibull_diffusion
0.004962432597428654,0.9719298245614035,0.019844388417124267,0.4951135734072022,0.17106414671359949,5.0,0.4926315789473684,0.8076453977736572,HI-VAE_weibull_diffusion
0.004079253868566362,0.9748771929824562,0.029123417152488937,0.5046204986149584,0.12066611691224909,6.0,0.4568421052631579,0.8021537464062511,HI-VAE_weibull_diffusion
0.005300075772483263,0.9719298245614034,0.02579643985856199,0.5150803324099723,0.16938433202797898,5.0,0.4863157894736842,0.8138916379417934,HI-VAE_weibull_diffusion
0.004212458971806487,0.9751578947368421,0.01943917811849873,0.5155678670360111,0.17549914980953166,11.0,0.49473684210526314,0.8184037754895876,HI-VAE_weibull_diffusion
0.005582870767604482,0.9710877192982456,0.012709480555511922,0.5632576177285318,0.15975450514639025,8.0,0.5094736842105263,0.8064398875436835,HI-VAE_weibull_diffusion
0.0036533126927293714,0.9778245614035089,0.018887888980597126,0.5217063711911357,0.17164605791201498,10.0,0.4673684210526316,0.8023292960527473,HI-VAE_weibull_diffusion
0.005122177588765314,0.9717894736842105,0.01752767795437118,0.5250304709141274,0.14156208304194107,8.0,0.47578947368421054,0.7980620612813975,HI-VAE_weibull_diffusion
0.004705496424152568,0.974877192982456,0.015157584999858338,0.47095844875346254,0.22150355907287295,13.0,0.5178947368421053,0.8051821222701164,HI-VAE_weibull_diffusion
0.005898418579418671,0.9705263157894737,0.013669419764081939,0.527623268698061,0.12668268226039917,9.0,0.5410526315789473,0.8046098719441476,HI-VAE_weibull_diffusion
0.0045652063988381964,0.9724912280701755,0.026703743528688453,0.4867811634349031,0.20076108942389367,6.0,0.4673684210526316,0.8051189481716555,HI-VAE_weibull_diffusion
0.005038146171071876,0.9729122807017544,0.015430795391337782,0.5607313019390581,0.1466268231479393,14.0,0.47789473684210526,0.8092782945833802,HI-VAE_weibull_diffusion
0.00548366459538468,0.9689824561403508,0.016453488626846917,0.5100720221606647,0.20216833461985595,10.0,0.4926315789473684,0.8005394829128061,HI-VAE_weibull_diffusion
0.004786006260136284,0.9738947368421054,0.01580738169306102,0.5333628808864266,0.15075894475140575,7.0,0.5052631578947369,0.8165807516146787,HI-VAE_weibull_diffusion
0.004384969988097435,0.9737543859649124,0.014160001202195122,0.5038337950138505,0.15779014683152948,10.0,0.5157894736842106,0.8115831502709971,HI-VAE_weibull_diffusion
0.004401061827465399,0.9754385964912281,0.024000281395772795,0.5224598337950138,0.22372264137777603,6.0,0.47368421052631576,0.8036753177901952,HI-VAE_weibull_diffusion
0.005440846412228183,0.9716491228070174,0.022606551884854456,0.5478337950138504,0.18251239318464652,9.0,0.4842105263157895,0.8147481869091152,HI-VAE_weibull_diffusion
0.004936229881747499,0.9727719298245613,0.019262538292523966,0.5054182825484765,0.23957830009794143,12.0,0.511578947368421,0.8019464051156728,HI-VAE_weibull_diffusion
0.005247822658882259,0.9730526315789475,0.01891355473280127,0.49843767313019394,0.13237779477981254,4.0,0.48,0.7905742039133982,HI-VAE_weibull_diffusion
0.005088205347621818,0.9717894736842105,0.01837729976748513,0.5024930747922437,0.16595254284516525,11.0,0.49894736842105264,0.7948919369047216,HI-VAE_weibull_diffusion
0.004476448628859624,0.9743157894736841,0.01950369258812844,0.5317673130193905,0.19046167808836048,9.0,0.4842105263157895,0.8064668397968392,HI-VAE_weibull_diffusion
0.004729847109626397,0.9724912280701754,0.020855225047604578,0.5428254847645428,0.2154885487834148,7.0,0.47578947368421054,0.8077443719447638,HI-VAE_weibull_diffusion
0.005413555604810219,0.9708070175438597,0.010885819725914138,0.5208199445983379,0.15058240105117235,13.0,0.49473684210526314,0.8185555726078435,HI-VAE_weibull_diffusion
0.005325505614624935,0.9677192982456141,0.016787958286329303,0.49440443213296403,0.1880406022354226,9.0,0.4631578947368421,0.8014551593463386,HI-VAE_weibull_diffusion
0.0047907834323748085,0.9713684210526314,0.013282363454635997,0.5186260387811634,0.1433371202504446,9.0,0.4463157894736842,0.8111450951790714,HI-VAE_weibull_diffusion
0.0054124638752570935,0.9712280701754387,0.0132247564864419,0.45436011080332406,0.20475756527867803,13.0,0.4631578947368421,0.8161912478574993,HI-VAE_weibull_diffusion
0.004285262524716783,0.9736140350877194,0.0225971621582369,0.47762880886426595,0.13172882980445538,10.0,0.47789473684210526,0.801121092028532,HI-VAE_weibull_diffusion
0.005775752272072912,0.9675789473684211,0.02125042389043855,0.50801108033241,0.17570581463700383,10.0,0.48,0.8044799520750674,HI-VAE_weibull_diffusion
0.00410414491478209,0.975859649122807,0.016308445644660222,0.5088310249307479,0.20943895708139168,13.0,0.4968421052631579,0.8155095786566956,HI-VAE_weibull_diffusion
0.005025423153968467,0.9727719298245614,0.013262238432480472,0.5178504155124654,0.2337918599554809,10.0,0.4842105263157895,0.7930010899734022,HI-VAE_weibull_diffusion
0.0062311917484883265,0.9696842105263157,0.016681127850090065,0.5177396121883657,0.13282495893687102,7.0,0.5136842105263157,0.7998881102934927,HI-VAE_weibull_diffusion
0.005110496514421452,0.9720701754385966,0.015823331715440165,0.5052631578947369,0.2135967105347801,11.0,0.5031578947368421,0.8210113342128368,HI-VAE_weibull_diffusion
0.004843826414151986,0.9733333333333334,0.014565466111029655,0.4597451523545706,0.18723958908028007,10.0,0.52,0.8011619166510563,HI-VAE_weibull_diffusion
0.004811991045570981,0.9720701754385964,0.027208194109782424,0.5282880886426593,0.1128748036001913,7.0,0.4884210526315789,0.7970288222043446,HI-VAE_weibull_diffusion
0.004652379333421669,0.9752982456140351,0.019160227195850275,0.5013628808864266,0.15878593685526995,9.0,0.4884210526315789,0.813551715716777,HI-VAE_weibull_diffusion
0.0040533779440555095,0.9757192982456142,0.01807539046668548,0.4874681440443213,0.23968472311312908,10.0,0.4926315789473684,0.8022096057335543,HI-VAE_weibull_diffusion
0.00599428626546097,0.9694035087719297,0.018053870532756772,0.5267811634349029,0.11523369209775523,11.0,0.4694736842105263,0.8026989589132247,HI-VAE_weibull_diffusion
0.0035697042902063272,0.9797894736842107,0.017825583966161487,0.5424709141274239,0.15309517800355504,10.0,0.4652631578947368,0.8140862307519501,HI-VAE_weibull_diffusion
0.003160381977843646,0.9786666666666668,0.020538088679617126,0.5364432132963989,0.10745109691692503,6.0,0.48,0.8108016988579623,HI-VAE_weibull_diffusion
0.004581057558598829,0.9741754385964911,0.012920335885658382,0.4962880886426593,0.2300186233820742,10.0,0.45052631578947366,0.7974910459428508,HI-VAE_weibull_diffusion
0.005010480061479523,0.9710877192982456,0.024116802334289984,0.49675346260387815,0.18913499360963765,8.0,0.49473684210526314,0.80195470299465,HI-VAE_weibull_diffusion
0.005372923733497959,0.969122807017544,0.02076215417575462,0.5306149584487534,0.20672075516921853,8.0,0.48,0.8081623546447326,HI-VAE_weibull_diffusion
0.005067205304994018,0.9743157894736842,0.01394007720434431,0.5128421052631579,0.16228937525085382,11.0,0.4610526315789474,0.798876468829708,HI-VAE_weibull_diffusion
0.004548977318804123,0.9731929824561404,0.011642742894977253,0.5449972299168975,0.14240692847885408,11.0,0.4589473684210526,0.8128775045379549,HI-VAE_weibull_diffusion
0.003602839619161215,0.9793684210526317,0.012180716574710261,0.4987700831024931,0.2389415255730935,9.0,0.4926315789473684,0.8100929875284495,HI-VAE_weibull_diffusion
0.004251009971757768,0.9736140350877193,0.02211036701206786,0.5029141274238227,0.13811315841469218,9.0,0.4673684210526316,0.7952488201354895,HI-VAE_weibull_diffusion
0.004486342991335159,0.9730526315789475,0.019481191148265888,0.47133518005540165,0.10341255138658716,5.0,0.5094736842105263,0.7980899294951045,HI-VAE_weibull_diffusion
0.006742333223928373,0.9585964912280701,0.013151239112546186,0.5286426592797784,0.19816707111704499,15.0,0.45263157894736844,0.8075663173082452,HI-VAE_piecewise_diffusion
0.005545132444468471,0.968982456140351,0.014944513291204463,0.5054404432132964,0.19568062473180906,14.0,0.47157894736842104,0.8095171897383544,HI-VAE_piecewise_diffusion
0.0069190940410493095,0.960561403508772,0.027090844765240842,0.5546814404432132,0.1415192263490051,5.0,0.5073684210526316,0.8173387202221923,HI-VAE_piecewise_diffusion
0.005861543236449552,0.9656140350877193,0.019674765268135507,0.5101385041551246,0.19406082330719382,7.0,0.5284210526315789,0.8119794800048133,HI-VAE_piecewise_diffusion
0.004340780781954375,0.9736140350877194,0.01944857668106371,0.5020277008310249,0.1844076548961087,9.0,0.48,0.7989457661330367,HI-VAE_piecewise_diffusion
0.0073103638001736785,0.9592982456140352,0.012650911790246622,0.5321883656509695,0.16152473661835923,13.0,0.47157894736842104,0.8084948183675393,HI-VAE_piecewise_diffusion
0.00621859116927481,0.9618245614035088,0.03196973847114651,0.5497839335180055,0.11701094640553678,6.0,0.4694736842105263,0.8041174133833262,HI-VAE_piecewise_diffusion
0.005684614395966974,0.9660350877192981,0.017829529824836897,0.4996786703601108,0.16638295879955844,16.0,0.52,0.8019991018091028,HI-VAE_piecewise_diffusion
0.007791475731514774,0.9569122807017543,0.03002777092849784,0.5410526315789472,0.1449835399471327,11.0,0.4905263157894737,0.8093440405655961,HI-VAE_piecewise_diffusion
0.005729134814853804,0.9668771929824562,0.017451360893084387,0.5109806094182826,0.23142548371302804,11.0,0.47578947368421054,0.803373608923624,HI-VAE_piecewise_diffusion
0.007184297795798277,0.9591578947368421,0.01905804056755962,0.5022493074792244,0.16884444144127328,10.0,0.4884210526315789,0.8222322196257401,HI-VAE_piecewise_diffusion
0.005250712149405311,0.968701754385965,0.011216587215224226,0.5066814404432132,0.16884856157915512,10.0,0.47789473684210526,0.7948904424684001,HI-VAE_piecewise_diffusion
0.0064307214426342334,0.9635087719298246,0.024426553972131948,0.5217506925207755,0.17247168911664587,12.0,0.4673684210526316,0.807071418575264,HI-VAE_piecewise_diffusion
0.006387197085633082,0.9609824561403512,0.023078488220667298,0.5202880886426593,0.13781604995466892,14.0,0.5157894736842106,0.8090611917387451,HI-VAE_piecewise_diffusion
0.006253783305772582,0.9642105263157893,0.017424560406345185,0.49615512465373957,0.13404872794720726,14.0,0.44,0.8099793093455516,HI-VAE_piecewise_diffusion
0.006673957323044823,0.9598596491228071,0.032479715065945,0.5441772853185596,0.18409711215250116,9.0,0.4568421052631579,0.7964370519506074,HI-VAE_piecewise_diffusion
0.006266171668347584,0.9614035087719299,0.024495662208122975,0.5648753462603879,0.14472078853705056,8.0,0.48,0.8049824330367448,HI-VAE_piecewise_diffusion
0.0059182079470723676,0.9657543859649123,0.017443323135866242,0.5379501385041551,0.14399230758825388,11.0,0.48,0.8107336325602584,HI-VAE_piecewise_diffusion
0.00776815110601748,0.9580350877192981,0.01565978697566264,0.508786703601108,0.20689628547457053,9.0,0.5136842105263157,0.8177935845894502,HI-VAE_piecewise_diffusion
0.006302014518971091,0.9623859649122808,0.018236747409470445,0.5258060941828255,0.2653254181526558,14.0,0.48210526315789476,0.8119838787590564,HI-VAE_piecewise_diffusion
0.005285800345100451,0.9681403508771929,0.010515052250148368,0.513218836565097,0.1287347564511503,10.0,0.5157894736842106,0.8021071196086902,HI-VAE_piecewise_diffusion
0.006758418678870424,0.9598596491228071,0.01679609520801279,0.5190027700831025,0.10896047708371917,10.0,0.4968421052631579,0.7982782665753245,HI-VAE_piecewise_diffusion
0.006198970392820029,0.9636491228070176,0.016749352835293257,0.5199556786703601,0.14325552142824927,10.0,0.5136842105263157,0.8160214053990872,HI-VAE_piecewise_diffusion
0.006314745461662371,0.9626666666666667,0.019560956778115077,0.5021828254847646,0.1696410384825473,11.0,0.5010526315789474,0.7919449424372064,HI-VAE_piecewise_diffusion
0.007171229122579823,0.959157894736842,0.02312750193456733,0.49580055401662043,0.09989872907915127,9.0,0.4884210526315789,0.8240029183319985,HI-VAE_piecewise_diffusion
0.006084914250784428,0.9646315789473686,0.018158060738744652,0.5130415512465374,0.27857038023785685,11.0,0.4842105263157895,0.8050279283378396,HI-VAE_piecewise_diffusion
0.006364584733474705,0.9654736842105263,0.015169639577202791,0.4724875346260388,0.1563140785910737,14.0,0.4863157894736842,0.8085022155191736,HI-VAE_piecewise_diffusion
0.0070383031447297986,0.959017543859649,0.027614150241187293,0.49229916897506926,0.15340949702544993,11.0,0.4673684210526316,0.8056554086546975,HI-VAE_piecewise_diffusion
0.00721004210838852,0.960280701754386,0.012236049082704379,0.5131966759002771,0.12773435745755168,10.0,0.4589473684210526,0.8135812222804838,HI-VAE_piecewise_diffusion
0.00635004407877332,0.9630877192982455,0.028940033998063466,0.5099168975069251,0.08973236903996248,6.0,0.5010526315789474,0.8088495078955064,HI-VAE_piecewise_diffusion
0.007435558231793954,0.9584561403508772,0.024822619820717304,0.5303490304709142,0.11692083657538443,14.0,0.48,0.8120473965244042,HI-VAE_piecewise_diffusion
0.007431213389320143,0.9580350877192981,0.02435039867382832,0.5601329639889198,0.17706947272816256,11.0,0.47157894736842104,0.8169549719038766,HI-VAE_piecewise_diffusion
0.006433960101878704,0.9616842105263159,0.030488516367148916,0.5354016620498616,0.18620045662717738,12.0,0.4905263157894737,0.8074465214447846,HI-VAE_piecewise_diffusion
0.00560659495735362,0.9650526315789474,0.014837742133288097,0.4890858725761772,0.16296345532691506,9.0,0.47789473684210526,0.807323125065796,HI-VAE_piecewise_diffusion
0.0063863019417502165,0.9639298245614036,0.015921021859601904,0.49249861495844877,0.18541768521054797,10.0,0.5010526315789474,0.8127964870937812,HI-VAE_piecewise_diffusion
0.0066756490406279,0.9612631578947368,0.02443600129194521,0.5590249307479225,0.15581430996676585,11.0,0.4652631578947368,0.7946305241966269,HI-VAE_piecewise_diffusion
0.006281244478661167,0.9629473684210527,0.013953008558564505,0.5260055401662049,0.13503208124910432,11.0,0.4673684210526316,0.7944527485963003,HI-VAE_piecewise_diffusion
0.0063457659006502486,0.9635087719298246,0.022747157981856978,0.4989473684210527,0.1595919839220941,10.0,0.4905263157894737,0.8216172839623888,HI-VAE_piecewise_diffusion
0.006087875604469333,0.9656140350877193,0.0275355931428441,0.5246980609418281,0.09078104106346858,12.0,0.5157894736842106,0.7998984667805744,HI-VAE_piecewise_diffusion
0.006673214831918637,0.9637894736842105,0.013354405965979014,0.5111135734072022,0.1490785300655424,12.0,0.47789473684210526,0.8118291056362748,HI-VAE_piecewise_diffusion
0.00662702573315539,0.9616842105263157,0.012328811051536999,0.5221495844875346,0.11403100982958518,11.0,0.5284210526315789,0.8083917874204501,HI-VAE_piecewise_diffusion
0.006271553812615854,0.9635087719298245,0.017019132792997774,0.5103822714681441,0.13384375462250964,11.0,0.4336842105263158,0.8218440777977641,HI-VAE_piecewise_diffusion
0.006223110257413688,0.9639298245614036,0.012293518302207386,0.4916343490304708,0.15340227817580268,11.0,0.5263157894736842,0.7928660055676653,HI-VAE_piecewise_diffusion
0.006700961905070754,0.9598596491228071,0.017986613711148472,0.5198227146814405,0.14274754461353317,7.0,0.4926315789473684,0.812013122494393,HI-VAE_piecewise_diffusion
0.007058144021508592,0.960140350877193,0.04240318066280094,0.516409972299169,0.10109075792351545,8.0,0.4842105263157895,0.7977559834847274,HI-VAE_piecewise_diffusion
0.005089505138711729,0.968140350877193,0.019180140904548695,0.48323545706371196,0.17057552524280475,14.0,0.5347368421052632,0.8107762669660699,HI-VAE_piecewise_diffusion
0.005870215877359279,0.9653333333333336,0.01513003321192181,0.5372188365650971,0.1829028719129028,15.0,0.4863157894736842,0.7926311875946869,HI-VAE_piecewise_diffusion
0.007972952357555525,0.9564912280701755,0.029894133861041172,0.5558116343490305,0.2702469776636895,13.0,0.4652631578947368,0.8027872359282819,HI-VAE_piecewise_diffusion
0.0068974586460226,0.9602807017543857,0.02476134721044378,0.5210858725761773,0.2476270341847126,13.0,0.5157894736842106,0.812797174176056,HI-VAE_piecewise_diffusion
0.005945938023646439,0.9653333333333333,0.017042174125921343,0.5042437673130193,0.16686974856162204,11.0,0.4884210526315789,0.801378590969116,HI-VAE_piecewise_diffusion
0.006769650268114499,0.9623859649122808,0.016897444993238312,0.5149916897506925,0.1316866713855723,10.0,0.4926315789473684,0.8178287058665329,HI-VAE_piecewise_diffusion
0.0057914781076502005,0.9639298245614036,0.016303797470661158,0.5169861495844875,0.23854327138758913,10.0,0.49473684210526314,0.7990747538932532,HI-VAE_piecewise_diffusion
0.0058809706581756565,0.9635087719298246,0.022101495882107452,0.4949584487534625,0.14700608017777403,8.0,0.5031578947368421,0.7983682294727626,HI-VAE_piecewise_diffusion
0.005811978065140898,0.9661754385964912,0.01160891473138578,0.5077229916897508,0.15174414766560135,15.0,0.5073684210526316,0.8224104254634247,HI-VAE_piecewise_diffusion
0.006236782178604145,0.9622456140350877,0.013089454698895964,0.5159224376731302,0.17554740817485995,11.0,0.5221052631578947,0.8087880558928155,HI-VAE_piecewise_diffusion
0.006185856185856937,0.9654736842105262,0.019842413251221065,0.5054182825484765,0.1426038728009175,11.0,0.4926315789473684,0.7953165637367029,HI-VAE_piecewise_diffusion
0.0062010509095961446,0.9663157894736842,0.02605967959475728,0.5334072022160664,0.18843906723808482,8.0,0.47789473684210526,0.8020497926238436,HI-VAE_piecewise_diffusion
0.005237421864533571,0.9637894736842106,0.03420175207631229,0.4946925207756233,0.22169320152905725,8.0,0.5010526315789474,0.812008229476927,HI-VAE_piecewise_diffusion
0.0062795686422205095,0.9642105263157895,0.02017428216602592,0.5362437673130194,0.12660082279826657,9.0,0.4694736842105263,0.8118883592456553,HI-VAE_piecewise_diffusion
0.006469327927660858,0.9629473684210527,0.02826472646489612,0.5215069252077562,0.1479006991848681,8.0,0.5031578947368421,0.8038129752413742,HI-VAE_piecewise_diffusion
0.0058854462787786424,0.9657543859649123,0.02014342637234235,0.4930526315789473,0.11365554434146172,10.0,0.49473684210526314,0.8027113212973447,HI-VAE_piecewise_diffusion
0.007211089839068314,0.9612631578947368,0.014952729064966782,0.5143047091412742,0.21831804875280586,14.0,0.49894736842105264,0.8075524117738094,HI-VAE_piecewise_diffusion
0.004774769880473031,0.9709473684210527,0.014918137738522545,0.5084321329639889,0.232807037010964,13.0,0.4926315789473684,0.8045606336152525,HI-VAE_piecewise_diffusion
0.006233674645444912,0.9639298245614035,0.035389705568276045,0.5026038781163435,0.16868433225891138,10.0,0.49473684210526314,0.811781802705752,HI-VAE_piecewise_diffusion
0.0063938710025254015,0.9644912280701754,0.024959136272400827,0.4852963988919668,0.17080736243510505,10.0,0.5263157894736842,0.8091727671900655,HI-VAE_piecewise_diffusion
0.004934843307550156,0.9696842105263157,0.01205561267424808,0.4973518005540166,0.20722801237517122,15.0,0.4884210526315789,0.8105565635305891,HI-VAE_piecewise_diffusion
0.006516562012763966,0.9626666666666668,0.023655097369414423,0.5221274238227147,0.1718208807100536,11.0,0.49473684210526314,0.7973861289394126,HI-VAE_piecewise_diffusion
0.0075447565501327715,0.959017543859649,0.022009939886357032,0.5173185595567867,0.16122576876966113,16.0,0.45052631578947366,0.8215464639315649,HI-VAE_piecewise_diffusion
0.006844291004183594,0.9608421052631579,0.02425589328324866,0.5389030470914127,0.14318886376498682,13.0,0.5242105263157895,0.803133367971908,HI-VAE_piecewise_diffusion
0.006194067446620548,0.9637894736842105,0.030590732958291632,0.5185373961218837,0.14825515365502245,8.0,0.47157894736842104,0.8054415273235994,HI-VAE_piecewise_diffusion
0.006913795348458201,0.9616842105263158,0.014730700645965307,0.5569196675900276,0.2515804973104991,12.0,0.48210526315789476,0.7999725986245759,HI-VAE_piecewise_diffusion
0.006998794261801737,0.9592982456140351,0.020747738946114543,0.5161662049861495,0.19178272544544844,13.0,0.4926315789473684,0.8140979391577672,HI-VAE_piecewise_diffusion
0.007660413599166948,0.9570526315789473,0.028459558816548488,0.5298836565096953,0.12778350667202806,7.0,0.48210526315789476,0.8071547508589727,HI-VAE_piecewise_diffusion
0.004911363884309585,0.9692631578947368,0.014847598591780567,0.49112465373961217,0.13260556035086435,13.0,0.4926315789473684,0.8128564534140064,HI-VAE_piecewise_diffusion
0.007410717410533227,0.9608421052631578,0.02186270912204731,0.5446869806094183,0.141848421221067,13.0,0.4926315789473684,0.8086860928040095,HI-VAE_piecewise_diffusion
0.006253589438487038,0.9629473684210527,0.018775187109903863,0.49766204986149576,0.11297306065453354,7.0,0.4926315789473684,0.8179271617766266,HI-VAE_piecewise_diffusion
0.0073250832042762995,0.9588771929824561,0.02295960080509985,0.5045983379501384,0.2554186989798533,10.0,0.4968421052631579,0.789673529870639,HI-VAE_piecewise_diffusion
0.006631546982829714,0.9630877192982455,0.024039034091962674,0.5600664819944597,0.1904892746898837,8.0,0.5557894736842105,0.8215918805893612,HI-VAE_piecewise_diffusion
0.006311802772175453,0.9640701754385965,0.017153822893656134,0.5412520775623268,0.10887263879711435,6.0,0.48,0.8165695963166646,HI-VAE_piecewise_diffusion
0.006009958400837197,0.960701754385965,0.022914416960545445,0.5042880886426593,0.1184334571757442,13.0,0.4863157894736842,0.8128419489421886,HI-VAE_piecewise_diffusion
0.00640110083332466,0.9621052631578948,0.01977297975010124,0.5359556786703601,0.17771366283729365,13.0,0.4968421052631579,0.8127415960714637,HI-VAE_piecewise_diffusion
0.006495876576190883,0.9625263157894736,0.01715517914126051,0.5591578947368421,0.0972513732206168,12.0,0.4568421052631579,0.8123442501121111,HI-VAE_piecewise_diffusion
0.005455345954726225,0.9671578947368421,0.018130207755386908,0.5293961218836565,0.24007677748056122,13.0,0.47789473684210526,0.7983533755240559,HI-VAE_piecewise_diffusion
0.005352750459724698,0.967859649122807,0.012790121733599792,0.5182936288088642,0.1817692036101495,11.0,0.4905263157894737,0.8070398730354598,HI-VAE_piecewise_diffusion
0.00739013402409126,0.959298245614035,0.020920805462873657,0.5190249307479224,0.12672018119217163,10.0,0.47578947368421054,0.8040067204599806,HI-VAE_piecewise_diffusion
0.005731943532871481,0.9663157894736842,0.024792851818347037,0.5034681440443214,0.19014556883063155,11.0,0.45263157894736844,0.81336941912826,HI-VAE_piecewise_diffusion
0.005408097601669152,0.9658947368421053,0.022906115641171402,0.502404432132964,0.10982028697878313,11.0,0.49473684210526314,0.8092736231010274,HI-VAE_piecewise_diffusion
0.005987799956312864,0.9649122807017544,0.017916685005285028,0.5185152354570637,0.12375256181921418,11.0,0.48210526315789476,0.8183426067180843,HI-VAE_piecewise_diffusion
0.006746517213022728,0.9604210526315791,0.013204806220404168,0.5299279778393352,0.12711999733042276,11.0,0.4863157894736842,0.8107753790366261,HI-VAE_piecewise_diffusion
0.006376203630188525,0.9622456140350876,0.03167854185051702,0.48365650969529084,0.1233324557490222,10.0,0.5305263157894737,0.8050786114090387,HI-VAE_piecewise_diffusion
0.006970660326260761,0.9594385964912281,0.014214815950887045,0.5244764542936288,0.13487389021372242,10.0,0.5052631578947369,0.817529115158803,HI-VAE_piecewise_diffusion
0.006129095028755172,0.9630877192982455,0.022331864721386843,0.5305041551246538,0.1338368540020477,11.0,0.4442105263157895,0.8040248562596737,HI-VAE_piecewise_diffusion
0.005849705559759163,0.9637894736842104,0.01958642310307671,0.5180941828254848,0.12392787762950261,13.0,0.49473684210526314,0.7991565142689498,HI-VAE_piecewise_diffusion
0.004946180500959561,0.9705263157894737,0.016384075321759464,0.5038005540166204,0.19930802585984403,10.0,0.4926315789473684,0.8031553848653568,HI-VAE_piecewise_diffusion
0.006537062089893553,0.9625263157894736,0.02945323891907721,0.5297285318559557,0.19989037502586457,9.0,0.5031578947368421,0.8029003018935191,HI-VAE_piecewise_diffusion
0.006818084115607246,0.9607017543859651,0.022394341818776944,0.4875124653739612,0.1747387263454493,12.0,0.49894736842105264,0.8212107342544009,HI-VAE_piecewise_diffusion
0.006082189012316397,0.9642105263157893,0.011263307758463764,0.5231911357340719,0.1455266020841693,14.0,0.48,0.8133240730620228,HI-VAE_piecewise_diffusion
0.0064202570858561325,0.9604210526315792,0.023033512226979372,0.5444432132963989,0.15108173511431142,8.0,0.4905263157894737,0.8055250801311832,HI-VAE_piecewise_diffusion
0.006438619487993489,0.9636491228070176,0.015472073283762464,0.532831024930748,0.09862485869086225,9.0,0.4568421052631579,0.8236321807142902,HI-VAE_piecewise_diffusion
0.006031299979747465,0.9661754385964911,0.017358944387088883,0.5306371191135734,0.2236170934334224,13.0,0.4610526315789474,0.8048929158900244,HI-VAE_piecewise_diffusion
0.006572624800560528,0.9621052631578946,0.013969840664477364,0.5088310249307479,0.20185908569290698,10.0,0.4842105263157895,0.8161540706083206,HI-VAE_piecewise_diffusion
0.006911604144142797,0.9604210526315787,0.01719142655891131,0.5349806094182826,0.12700355684631381,14.0,0.4631578947368421,0.8084016539821351,HI-VAE_piecewise_diffusion
0.0065784968648239925,0.9630877192982457,0.02786212122936249,0.5536620498614958,0.14693389485003427,15.0,0.4968421052631579,0.8177338908642543,HI-VAE_piecewise_diffusion
0.005145121964728858,0.9708070175438598,0.01755898280659923,0.5023601108033241,0.12799895912585244,13.0,0.4884210526315789,0.7969982406492524,HI-VAE_piecewise_diffusion
0.0071843309128386415,0.9600000000000002,0.020509511859030168,0.4934293628808864,0.13979358920248655,10.0,0.45473684210526316,0.7972443474062326,HI-VAE_piecewise_diffusion
0.006268231249106512,0.9635087719298246,0.020233258424086367,0.5387257617728533,0.1769245171382453,15.0,0.47578947368421054,0.7874953969405818,HI-VAE_piecewise_diffusion
0.0060092562433743755,0.9661754385964912,0.021760552000460176,0.46843213296398883,0.1456273733711797,8.0,0.4905263157894737,0.8142725363360935,HI-VAE_piecewise_diffusion
0.006367557437888935,0.9643508771929824,0.011107740149253307,0.4864487534626038,0.2053333467814165,10.0,0.5073684210526316,0.8026861122143809,HI-VAE_piecewise_diffusion
0.00595334745334301,0.9633684210526315,0.024415268612112705,0.48709141274238227,0.16624927681956503,13.0,0.4652631578947368,0.8177249334361714,HI-VAE_piecewise_diffusion
0.0061109967498821855,0.9637894736842104,0.03517040922520519,0.5143268698060941,0.09074137396363759,7.0,0.49894736842105264,0.8017773776648875,HI-VAE_piecewise_diffusion
0.007029925830621157,0.9623859649122807,0.02377067635611845,0.5145263157894736,0.14502866941391623,10.0,0.49473684210526314,0.8008914762396694,HI-VAE_piecewise_diffusion
0.007233142723864027,0.9611228070175438,0.02098648667777732,0.4867368421052632,0.14269991240886576,14.0,0.49473684210526314,0.8285232858822028,HI-VAE_piecewise_diffusion
0.006009281486117363,0.9646315789473684,0.009930930147253214,0.569573407202216,0.14930132521452108,17.0,0.49473684210526314,0.8191484119404316,HI-VAE_piecewise_diffusion
0.0060204098078211225,0.9637894736842106,0.017909635365550767,0.5214182825484764,0.14596656632474783,11.0,0.5031578947368421,0.8121777397793043,HI-VAE_piecewise_diffusion
0.00595359705546827,0.9651929824561404,0.013440601263662002,0.5312576177285319,0.15210882375929538,8.0,0.47789473684210526,0.8153260706445817,HI-VAE_piecewise_diffusion
0.006421644212064171,0.9633684210526317,0.01808197681520886,0.5308144044321329,0.17394677328947591,14.0,0.4968421052631579,0.8193226339609108,HI-VAE_piecewise_diffusion
0.006285381137439496,0.9639298245614035,0.016612365152109534,0.5297285318559556,0.251251798872289,13.0,0.5136842105263157,0.8153746263581235,HI-VAE_piecewise_diffusion
0.006434793065611962,0.9642105263157894,0.023927680377831814,0.5557673130193905,0.14417402394481682,11.0,0.48210526315789476,0.8065666873378392,HI-VAE_piecewise_diffusion
0.007002676648648785,0.9621052631578947,0.020729901620586133,0.529152354570637,0.1756946282262211,8.0,0.49473684210526314,0.8006996768277265,HI-VAE_piecewise_diffusion
0.007904120631324058,0.9594385964912281,0.028231333312153495,0.5105595567867036,0.17414665969145823,11.0,0.4610526315789474,0.8121055012894756,HI-VAE_piecewise_diffusion
0.0076887054995155675,0.9571929824561404,0.019311292908613272,0.5426703601108034,0.15187570327432576,11.0,0.4694736842105263,0.8017400249793222,HI-VAE_piecewise_diffusion
0.004912609229738554,0.9703859649122807,0.009231629991960835,0.5177617728531856,0.1846376875260068,9.0,0.4652631578947368,0.8244365750156534,HI-VAE_piecewise_diffusion
0.006472450504174607,0.9626666666666668,0.021288176629241762,0.5439335180055401,0.10075728706804135,10.0,0.4863157894736842,0.8155741730970318,HI-VAE_piecewise_diffusion
0.0068259970617174275,0.9616842105263158,0.021126326503363747,0.5054182825484765,0.09650331314292074,10.0,0.47157894736842104,0.8077057591714721,HI-VAE_piecewise_diffusion
0.006389655653329077,0.9632280701754387,0.018376702598373502,0.5125983379501384,0.12196924534645281,8.0,0.5263157894736842,0.8121229125478234,HI-VAE_piecewise_diffusion
0.006205376828642036,0.9646315789473684,0.019368028858523206,0.534404432132964,0.15534049260546182,11.0,0.4694736842105263,0.8134542239792357,HI-VAE_piecewise_diffusion
0.006732293469135212,0.9626666666666667,0.01359466804757095,0.5647645429362881,0.1728234944898091,11.0,0.5031578947368421,0.8203194596354353,HI-VAE_piecewise_diffusion
0.005529870291704298,0.9653333333333333,0.014263207549459214,0.512,0.1571372208400003,15.0,0.5010526315789474,0.8069472138783438,HI-VAE_piecewise_diffusion
0.006779061860510937,0.9621052631578946,0.01547489426687007,0.511556786703601,0.19710235846262938,10.0,0.4842105263157895,0.803280561255799,HI-VAE_piecewise_diffusion
0.005052230133745908,0.967719298245614,0.03209115442273073,0.4782936288088642,0.20497980392132312,8.0,0.48210526315789476,0.8075180281241067,HI-VAE_piecewise_diffusion
0.007471281477351644,0.9574736842105264,0.015456713487806023,0.5319445983379502,0.18124627365152352,13.0,0.4568421052631579,0.8154029369776182,HI-VAE_piecewise_diffusion
0.005846198348538756,0.9635087719298246,0.030319346521567914,0.5354903047091413,0.1300962435364138,11.0,0.4568421052631579,0.809913635841419,HI-VAE_piecewise_diffusion
0.0067942190817038275,0.9600000000000003,0.027180275283164135,0.5109141274238227,0.1726280303876807,12.0,0.45473684210526316,0.8227117654518531,HI-VAE_piecewise_diffusion
0.006024949665800344,0.9661754385964912,0.02163210748077002,0.528376731301939,0.13992367470597314,12.0,0.4926315789473684,0.8095160265088175,HI-VAE_piecewise_diffusion
0.006597703655832787,0.9633684210526315,0.01496336037312495,0.5376620498614958,0.127214556167436,9.0,0.45263157894736844,0.7962014270637,HI-VAE_piecewise_diffusion
0.005981409984184374,0.9635087719298245,0.012943020416459833,0.527601108033241,0.164491188284797,12.0,0.4884210526315789,0.8113459252483635,HI-VAE_piecewise_diffusion
0.007148407297368412,0.9590175438596492,0.014269061353363267,0.5358891966759003,0.20622490441409713,12.0,0.5031578947368421,0.8014925788197912,HI-VAE_piecewise_diffusion
0.005229557600538019,0.9678596491228071,0.023657901036790746,0.5199335180055401,0.19207163972408103,13.0,0.4926315789473684,0.8017364144755244,HI-VAE_piecewise_diffusion
0.006089784470226937,0.9647719298245615,0.01329667125911305,0.5226592797783934,0.21593028548099483,16.0,0.5136842105263157,0.8022792609511445,HI-VAE_piecewise_diffusion
0.00620604405771738,0.9623859649122807,0.024468659560615894,0.4806648199445983,0.15735505049168583,11.0,0.4968421052631579,0.81395506973866,HI-VAE_piecewise_diffusion
0.006058530369525381,0.9637894736842108,0.011328463227618712,0.5184930747922438,0.12399124828453192,12.0,0.4884210526315789,0.8058556209367876,HI-VAE_piecewise_diffusion
0.006384221977290541,0.9649122807017545,0.026398440052604572,0.4922991689750692,0.18884993072468398,10.0,0.47578947368421054,0.8062641551810205,HI-VAE_piecewise_diffusion
0.006538234134110352,0.9623859649122808,0.01880988425540439,0.5235457063711911,0.1917614512733027,8.0,0.47789473684210526,0.823014284145786,HI-VAE_piecewise_diffusion
0.006285210855992058,0.9642105263157894,0.014503037535856035,0.48545152354570636,0.17915302243920705,14.0,0.5094736842105263,0.8046498194966292,HI-VAE_piecewise_diffusion
0.006253038323905675,0.9656140350877195,0.012848836351421127,0.47913573407202215,0.16275359804084805,10.0,0.5094736842105263,0.8081740752986334,HI-VAE_piecewise_diffusion
0.0066539561363459015,0.9623859649122808,0.016582790444463303,0.5623711911357342,0.2303245018402095,13.0,0.4568421052631579,0.8116078871963956,HI-VAE_piecewise_diffusion
0.006878008069027707,0.9588771929824562,0.028891371829513523,0.5469916897506926,0.16951836288835181,11.0,0.48210526315789476,0.8148956782416602,HI-VAE_piecewise_diffusion
0.005573393549064945,0.967017543859649,0.014727327930124627,0.5102271468144044,0.165218451500663,9.0,0.49473684210526314,0.816316943402235,HI-VAE_piecewise_diffusion
0.005964023110622972,0.9643508771929825,0.018066904932906747,0.5203102493074793,0.2208008910966999,9.0,0.511578947368421,0.8195982640932318,HI-VAE_piecewise_diffusion
0.005407545291158259,0.9663157894736841,0.02517720455030036,0.5249196675900277,0.2582024827433449,9.0,0.5094736842105263,0.804818812847389,HI-VAE_piecewise_diffusion
0.00712961228697761,0.9581754385964913,0.02131027419874968,0.5244986149584487,0.1920703791703466,14.0,0.47789473684210526,0.8078919424781298,HI-VAE_piecewise_diffusion
0.007402818543547774,0.9595789473684211,0.013138933981176201,0.5406980609418282,0.2538050822655168,7.0,0.4421052631578947,0.8180519202437514,HI-VAE_piecewise_diffusion
0.005528155226726839,0.9672982456140351,0.015473532909324796,0.4648199445983379,0.17565051021703593,13.0,0.4926315789473684,0.8053354770232197,HI-VAE_piecewise_diffusion
0.006806495354585047,0.9612631578947367,0.018413134546239295,0.548786703601108,0.18876260346425033,13.0,0.5031578947368421,0.8190793537446358,HI-VAE_piecewise_diffusion
0.0062707452626206495,0.9630877192982454,0.023889513749144334,0.5061495844875347,0.13700203636313943,13.0,0.47368421052631576,0.8119567969947407,HI-VAE_piecewise_diffusion
0.00439633542396714,0.9717894736842105,0.012333640752433286,0.5422271468144044,0.13609016282894207,14.0,0.5326315789473685,0.7993999831108471,HI-VAE_piecewise_diffusion
0.007549586514751645,0.9570526315789475,0.027963756754183344,0.5393462603878116,0.10440400682996431,8.0,0.4905263157894737,0.8163595994640849,HI-VAE_piecewise_diffusion
0.005907805637897951,0.9635087719298245,0.02505203767410144,0.5191357340720222,0.15248048195150085,11.0,0.511578947368421,0.7995400916561752,HI-VAE_piecewise_diffusion
0.006288964041966208,0.9643508771929825,0.01885229602443769,0.528864265927978,0.1406749305578352,9.0,0.4673684210526316,0.8142743143214245,HI-VAE_piecewise_diffusion
0.005706620736009068,0.9657543859649121,0.016012042300220415,0.5523545706371192,0.19339812958511893,9.0,0.47157894736842104,0.7994558319942997,HI-VAE_piecewise_diffusion
0.006580983201329925,0.9622456140350878,0.03215091858225491,0.5284432132963989,0.12028741364155086,4.0,0.4631578947368421,0.8117589762552689,HI-VAE_piecewise_diffusion
0.00576560539389571,0.9651929824561403,0.021702736564107573,0.5180055401662049,0.15332993453976215,10.0,0.4842105263157895,0.7929551459045785,HI-VAE_piecewise_diffusion
0.006126252471235055,0.9635087719298245,0.012248042279788682,0.4837451523545706,0.13309568243489572,14.0,0.5242105263157895,0.7895703565192356,HI-VAE_piecewise_diffusion
0.006376302488319622,0.9616842105263158,0.02153776267013503,0.526049861495845,0.11730299538602179,10.0,0.5010526315789474,0.8111066592800221,HI-VAE_piecewise_diffusion
0.006719448850064578,0.9626666666666668,0.01268294943619345,0.5164321329639889,0.1315446153410556,14.0,0.5157894736842106,0.8149819374045529,HI-VAE_piecewise_diffusion
0.006158737038450787,0.9636491228070175,0.022876133418040324,0.4905484764542936,0.24445909205097607,17.0,0.48210526315789476,0.812054559424188,HI-VAE_piecewise_diffusion
0.0053699199532805,0.9651929824561404,0.015698996814239464,0.5014736842105263,0.16026726256503976,14.0,0.4884210526315789,0.8143671738102438,HI-VAE_piecewise_diffusion
0.006796971517867284,0.9598596491228071,0.030786145352681947,0.515567867036011,0.1257644811041867,7.0,0.5073684210526316,0.783552777668945,HI-VAE_piecewise_diffusion
0.006016890446723321,0.9635087719298244,0.013523155301564584,0.5074349030470914,0.27472226051050136,15.0,0.48210526315789476,0.8028732986482551,HI-VAE_piecewise_diffusion
0.00602798004804969,0.9651929824561404,0.013041735184232038,0.5398781163434903,0.17917713012896236,14.0,0.4884210526315789,0.8044708419661464,HI-VAE_piecewise_diffusion
0.006213013534620864,0.9633684210526314,0.022074584423904555,0.5137728531855956,0.13100401392419525,10.0,0.5073684210526316,0.8115332626047033,HI-VAE_piecewise_diffusion
0.0068064034525656125,0.9621052631578948,0.01771427732472304,0.5075235457063711,0.2925347921970113,10.0,0.5157894736842106,0.8141305918570219,HI-VAE_piecewise_diffusion
0.0063274412817774794,0.9657543859649123,0.020991663896911775,0.5203545706371191,0.18487451575493352,12.0,0.4863157894736842,0.8134770566444759,HI-VAE_piecewise_diffusion
0.006330777331348227,0.9616842105263159,0.01351976909845286,0.5208199445983379,0.1683017045258886,13.0,0.5178947368421053,0.7973699831058525,HI-VAE_piecewise_diffusion
0.0054133795177389275,0.967298245614035,0.01313998540072998,0.5191135734072022,0.1604268079562938,11.0,0.4842105263157895,0.8140304902038372,HI-VAE_piecewise_diffusion
0.005715733451495577,0.9657543859649124,0.011487756845646482,0.5055734072022161,0.16180827000392944,9.0,0.5073684210526316,0.8111737379959427,HI-VAE_piecewise_diffusion
0.006386375841693864,0.9622456140350878,0.010434015235627094,0.5221052631578947,0.16250341756899606,10.0,0.4884210526315789,0.8036433528146054,HI-VAE_piecewise_diffusion
0.00509652214613127,0.9712280701754386,0.015605606011692455,0.4929861495844875,0.12188576306456018,9.0,0.4926315789473684,0.7929494929306958,HI-VAE_piecewise_diffusion
0.005831433943790941,0.9657543859649123,0.008531529681524213,0.4909030470914127,0.21011650413272365,12.0,0.49473684210526314,0.8042017211570376,HI-VAE_piecewise_diffusion
0.005821612639892974,0.9663157894736841,0.01702810464707495,0.478027700831025,0.11499138701925912,10.0,0.47789473684210526,0.8045358421563716,HI-VAE_piecewise_diffusion
0.006398906329842446,0.9621052631578948,0.028338739605830734,0.5017174515235456,0.21405039942494442,8.0,0.4694736842105263,0.8134495423270572,HI-VAE_piecewise_diffusion
0.005090466552924014,0.9682807017543861,0.016444613014305564,0.47485872576177285,0.12544323637889987,9.0,0.5073684210526316,0.8141150800799991,HI-VAE_piecewise_diffusion
0.006686600986285211,0.9612631578947369,0.015315186266988846,0.539168975069252,0.20616374535460888,12.0,0.47578947368421054,0.8214593928646573,HI-VAE_piecewise_diffusion
0.006893745635837527,0.9621052631578948,0.020429537471688144,0.5417839335180055,0.16240885048074244,5.0,0.47157894736842104,0.8095594824373907,HI-VAE_piecewise_diffusion
0.006562845911311191,0.960982456140351,0.020505959907810612,0.5207756232686981,0.14602519744713266,8.0,0.49473684210526314,0.8052605987518981,HI-VAE_piecewise_diffusion
0.008124781930136615,0.9543859649122806,0.024268767252362985,0.5183157894736842,0.14303818835834278,10.0,0.49894736842105264,0.8086906943016278,HI-VAE_piecewise_diffusion
0.006384184559836023,0.9646315789473685,0.029674386323515996,0.49218836565096946,0.16735299833984024,9.0,0.47368421052631576,0.8104961455630589,HI-VAE_piecewise_diffusion
0.005773495555892517,0.9675789473684211,0.013443602844187184,0.5182049861495844,0.09047542645569442,17.0,0.4863157894736842,0.8161110406238811,HI-VAE_piecewise_diffusion
0.0057788559691592965,0.9660350877192984,0.02564651564991997,0.5129307479224376,0.1395420135738262,14.0,0.4631578947368421,0.802183373075219,HI-VAE_piecewise_diffusion
0.006620104978885226,0.9635087719298245,0.022158417214374202,0.5516897506925208,0.16784238877458027,10.0,0.4842105263157895,0.8047693955447298,HI-VAE_piecewise_diffusion
0.004689224371068267,0.9699649122807018,0.012616393112996832,0.5433130193905817,0.16875016174672058,14.0,0.49473684210526314,0.7992916512176776,HI-VAE_piecewise_diffusion
0.007323462656590571,0.960421052631579,0.016211591171132474,0.5332520775623268,0.18279707658818461,7.0,0.48,0.8119031492364145,HI-VAE_piecewise_diffusion
0.006053472728516702,0.9611228070175437,0.027845739125940006,0.534803324099723,0.16417552683123918,10.0,0.47789473684210526,0.8004039786589379,HI-VAE_piecewise_diffusion
0.006722747898724068,0.9600000000000001,0.01846727596758247,0.5143268698060942,0.13682432866169597,11.0,0.5073684210526316,0.8091698021508223,HI-VAE_piecewise_diffusion
0.007524546134412214,0.9555087719298245,0.021390477007214193,0.5086315789473683,0.2388044401950154,13.0,0.49473684210526314,0.8074068804986293,HI-VAE_piecewise_diffusion
0.006202072851256486,0.9656140350877193,0.019863753897502886,0.48099722991689753,0.23806382731567813,11.0,0.5073684210526316,0.8171922140788983,HI-VAE_piecewise_diffusion
0.006111689516151901,0.9622456140350877,0.02701071175510532,0.48447645429362884,0.2548986665792291,13.0,0.4694736842105263,0.8146197000089014,HI-VAE_piecewise_diffusion
0.007365125126483704,0.9600000000000002,0.026115356386069696,0.47906925207756224,0.1591368485605423,11.0,0.4968421052631579,0.8119087089596123,HI-VAE_piecewise_diffusion
0.006214504623464945,0.9653333333333334,0.008696476596282478,0.5317229916897507,0.23141788842592212,16.0,0.4905263157894737,0.8055779048077143,HI-VAE_piecewise_diffusion
0.0066203777340133,0.9629473684210524,0.0346158492890772,0.487578947368421,0.11326472978501526,4.0,0.45473684210526316,0.8082541817084287,HI-VAE_piecewise_diffusion
