J-S distance,KS test,Survival curves distance,Detection XGB,NSND,K-map score,Identifiability score,NNDR,generator
0.007220631248200808,0.9474522292993631,0.032999074493690314,0.6891194068678461,0.22382755674141983,1.0,0.47770700636942676,0.7389742133435176,HI-VAE_weibull
0.005904773243572639,0.9601910828025478,0.028391489795915978,0.6563475546305931,0.25091937062289105,2.0,0.43312101910828027,0.7684996684851223,HI-VAE_weibull
0.00750117316932647,0.9548832271762208,0.032351038582267844,0.6656087408949011,0.3178296809239842,2.0,0.46496815286624205,0.7658392097610862,HI-VAE_weibull
0.006614229492854749,0.9639065817409765,0.03380548374446285,0.6036875650364204,0.24018111543512846,1.0,0.4840764331210191,0.7591705325629009,HI-VAE_weibull
0.007482629815904617,0.9601910828025478,0.03143579764541238,0.6415582726326743,0.16760567570814053,1.0,0.49044585987261147,0.7735750429772397,HI-VAE_weibull
0.007368895725415727,0.9474522292993631,0.04725537194446888,0.5738488553590011,0.28190932449932876,3.0,0.4585987261146497,0.7418497711953493,HI-VAE_weibull
0.006674574522362266,0.9601910828025478,0.045981345779430374,0.674063475546306,0.2554513618699212,2.0,0.45222929936305734,0.7888389687682353,HI-VAE_weibull
0.00617030859941766,0.9575371549893843,0.03174165221176091,0.6057492195629552,0.24338043373652374,3.0,0.5477707006369427,0.7439692357341167,HI-VAE_weibull
0.007257524180233246,0.9532908704883227,0.037573289019072316,0.6177224245577524,0.2089280295306001,3.0,0.5159235668789809,0.7452220135171367,HI-VAE_weibull
0.005420774337264798,0.9612526539278131,0.03147461285773316,0.5840270551508844,0.1844035635756069,1.0,0.4713375796178344,0.7822046874900924,HI-VAE_weibull
0.007341838465816684,0.9564755838641189,0.04528698961061407,0.6377081165452654,0.28868280443052957,2.0,0.4140127388535032,0.7575376258503268,HI-VAE_weibull
0.007554383897525694,0.9532908704883227,0.0493420601838001,0.6387031737773154,0.26492820758850777,1.0,0.4585987261146497,0.7368327879261531,HI-VAE_weibull
0.006702706389970969,0.9585987261146497,0.031942343134289355,0.6021722164412071,0.17793704617904185,1.0,0.46496815286624205,0.7726400950702133,HI-VAE_weibull
0.0054640770822228435,0.964968152866242,0.024978925359100294,0.5749804890738813,0.18004510814656607,3.0,0.5414012738853503,0.777007476121329,HI-VAE_weibull
0.008371969564925356,0.9474522292993631,0.04085948090351782,0.6807817377731531,0.31027417501679844,2.0,0.445859872611465,0.7557288720663752,HI-VAE_weibull
0.005353623164757564,0.9654989384288748,0.03686308362683297,0.6338514568158169,0.36684973986630504,3.0,0.47770700636942676,0.7312152530016567,HI-VAE_weibull
0.007559009281843547,0.9516985138004247,0.02574017991921129,0.6106139438085327,0.24485809913754536,3.0,0.42038216560509556,0.7489333211268755,HI-VAE_weibull
0.006838088177566566,0.9548832271762208,0.02535230261536943,0.7130918314255983,0.19090637261341248,2.0,0.4840764331210191,0.7571214400110121,HI-VAE_weibull
0.006591512145292525,0.9554140127388534,0.033130228502931895,0.5622398543184183,0.14750438296024823,2.0,0.49044585987261147,0.7511352118405012,HI-VAE_weibull
0.006146752589510584,0.9612526539278132,0.019657214187696264,0.6106854838709677,0.21307390225230563,2.0,0.45222929936305734,0.7429287786260362,HI-VAE_weibull
0.0057557755079987545,0.954352441613588,0.044946080015642806,0.6593457336108219,0.1392372257433528,1.0,0.4012738853503185,0.7708057334275592,HI-VAE_weibull
0.007316767010107115,0.95276008492569,0.04387709429341075,0.6192832986472425,0.2007344069882825,2.0,0.42038216560509556,0.7533456615790872,HI-VAE_weibull
0.006413267792983825,0.9548832271762208,0.02716513648333849,0.6183077523413111,0.2116443676896842,1.0,0.5159235668789809,0.7566618882785162,HI-VAE_weibull
0.004925646705010269,0.964968152866242,0.02727919114392224,0.6036550468262227,0.18321184858274384,2.0,0.4394904458598726,0.7593514391507749,HI-VAE_weibull
0.005296834163191805,0.9612526539278132,0.02143650828097596,0.5766324141519251,0.2402414011790011,2.0,0.45222929936305734,0.7362900769738171,HI-VAE_weibull
0.005825431992840968,0.958067940552017,0.034297326913554124,0.6260145681581686,0.20854829325823948,1.0,0.46496815286624205,0.7616747514382725,HI-VAE_weibull
0.004651324535882461,0.9676220806794055,0.034965339055953316,0.6122853798126952,0.24292545182593314,2.0,0.5222929936305732,0.7523244443946253,HI-VAE_weibull
0.007540614830598403,0.9516985138004247,0.04059050580659473,0.6085132674297606,0.22014286569537636,4.0,0.445859872611465,0.7579388559183514,HI-VAE_weibull
0.008498430729273318,0.9479830148619958,0.039049274171032725,0.6238618626430801,0.20427021953284008,2.0,0.4840764331210191,0.7672889506562458,HI-VAE_weibull
0.006264633762891619,0.9633757961783439,0.043825370004406256,0.6441922476586888,0.20776631896452172,2.0,0.43312101910828027,0.7524987705718459,HI-VAE_weibull
0.006778252774274629,0.9559447983014863,0.03223531681756886,0.6418314255983351,0.19050086070786393,2.0,0.4394904458598726,0.7513749001404446,HI-VAE_weibull
0.007389251205853654,0.9585987261146497,0.046488488951815676,0.5946865244536941,0.24912719321871524,2.0,0.49044585987261147,0.7616188189945338,HI-VAE_weibull
0.007701303487432196,0.951167728237792,0.01835858859150544,0.5755658168574402,0.26083489925649334,1.0,0.535031847133758,0.7828603511117237,HI-VAE_weibull
0.007201103350267274,0.9570063694267517,0.04523367945072885,0.6107310093652445,0.1981905767784768,3.0,0.4713375796178344,0.7315775458730268,HI-VAE_weibull
0.00700319107404081,0.9527600849256901,0.04046165585064534,0.6596579084287201,0.2726233502152831,2.0,0.4840764331210191,0.7842686497439675,HI-VAE_weibull
0.006997860137437376,0.9490445859872612,0.02923684153044565,0.6655437044745057,0.21978627329658115,1.0,0.43312101910828027,0.7756921621535028,HI-VAE_weibull
0.00715319944905884,0.958067940552017,0.022179530562350207,0.5946019771071801,0.2969282669417787,3.0,0.5159235668789809,0.7400571084480289,HI-VAE_weibull
0.007351709576002647,0.9585987261146497,0.053123023607887426,0.6043834547346514,0.24163047600962823,3.0,0.4585987261146497,0.7323007004547478,HI-VAE_weibull
0.008127348181743264,0.9538216560509554,0.057040822016304386,0.6122333506763787,0.2976456826572261,5.0,0.445859872611465,0.768745962963619,HI-VAE_weibull
0.009662220089689439,0.9490445859872612,0.05142528590675084,0.6483805931321539,0.2166108994951775,1.0,0.49044585987261147,0.7511457895410589,HI-VAE_weibull
0.007416257800133962,0.9548832271762208,0.050831466746847694,0.6440881893860563,0.21531091712522146,2.0,0.445859872611465,0.7672588386886722,HI-VAE_weibull
0.005477927429923782,0.9591295116772823,0.021135922104147588,0.6238423517169615,0.339998991176709,2.0,0.445859872611465,0.7563753679114525,HI-VAE_weibull
0.005732816520329101,0.9633757961783439,0.030854747502588525,0.6136966701352757,0.1992200897421293,2.0,0.5031847133757962,0.7529753762093092,HI-VAE_weibull
0.006252364081154164,0.9564755838641189,0.03575736124190561,0.5990439646201873,0.22767574159362075,2.0,0.535031847133758,0.7528595566745642,HI-VAE_weibull
0.005578530264405443,0.9633757961783439,0.026808367687743636,0.6269966181061394,0.19786123909559997,1.0,0.45222929936305734,0.7855483757226599,HI-VAE_weibull
0.006438403611908318,0.9554140127388534,0.028207952152959816,0.5935288761706555,0.17412997566108263,1.0,0.5222929936305732,0.7575573700043134,HI-VAE_weibull
0.005820018371628159,0.955944798301486,0.035044602970014015,0.6521722164412072,0.25650681038495415,2.0,0.43312101910828027,0.7455222316555301,HI-VAE_weibull
0.008865309398023135,0.9437367303609343,0.04088198238987751,0.7174492715920915,0.14758613855780406,1.0,0.4840764331210191,0.7574498630045228,HI-VAE_weibull
0.007890142650628465,0.9463906581740976,0.027436613583267627,0.6266519250780437,0.16968688877470914,4.0,0.445859872611465,0.7886299052935439,HI-VAE_weibull
0.007106947800015389,0.9469214437367303,0.03868570216008722,0.6792793964620187,0.2166424303810157,2.0,0.445859872611465,0.7667284801004494,HI-VAE_weibull
0.007136591582030561,0.9554140127388534,0.03382670535020252,0.6051313735691988,0.27645399701384904,1.0,0.5031847133757962,0.7573586268081862,HI-VAE_weibull
0.0065172873985208145,0.9559447983014863,0.028392000257227247,0.6037330905306973,0.24119204165120703,1.0,0.42038216560509556,0.7556251363900817,HI-VAE_weibull
0.005317753583441955,0.9633757961783439,0.040346824457629056,0.6339164932362122,0.2306373513970741,2.0,0.4012738853503185,0.7470207721998551,HI-VAE_weibull
0.007576007014204145,0.9570063694267515,0.03523208495604334,0.6280306971904267,0.30927501395596263,1.0,0.4012738853503185,0.7485811115101192,HI-VAE_weibull
0.007006579073644433,0.9506369426751592,0.034184000729907515,0.6287395941727367,0.13212734093642003,1.0,0.5159235668789809,0.7406133719972217,HI-VAE_weibull
0.007221563515763966,0.958067940552017,0.033238229863157456,0.652146201873049,0.24436975593005497,1.0,0.445859872611465,0.7654093047740131,HI-VAE_weibull
0.007791671769738812,0.9506369426751592,0.02457673886038026,0.6512161810613943,0.22513185482676917,4.0,0.4394904458598726,0.7587058803156242,HI-VAE_weibull
0.006739885220854947,0.9495753715498939,0.04071273642822457,0.5801508844953174,0.198255122057088,4.0,0.45222929936305734,0.7532624122259188,HI-VAE_weibull
0.00615475713513618,0.9575371549893843,0.05256998609174655,0.6398478147762747,0.16338624692680423,1.0,0.45222929936305734,0.7325162467732621,HI-VAE_weibull
0.006657669029044991,0.9575371549893843,0.03039338600539549,0.6335327783558793,0.19309109146108477,1.0,0.5159235668789809,0.7353575895190658,HI-VAE_weibull
0.005366429352161565,0.959660297239915,0.03367667944841976,0.6636706555671177,0.1875963255888218,3.0,0.535031847133758,0.7255328603176406,HI-VAE_weibull
0.006208728827434878,0.9628450106157113,0.03976232231088926,0.6095928720083247,0.2718831559752242,4.0,0.5031847133757962,0.7455027833453204,HI-VAE_weibull
0.005627181514478624,0.9633757961783441,0.044081878616032404,0.6245642559833506,0.26801429302788815,3.0,0.4840764331210191,0.7407908783615638,HI-VAE_weibull
0.00808475213367816,0.9490445859872612,0.026583147806542112,0.5819068678459937,0.16529834494694967,2.0,0.5031847133757962,0.7417853855070121,HI-VAE_weibull
0.007037474411874731,0.9591295116772826,0.03191816083891719,0.6562825182101978,0.16164441313097805,2.0,0.4394904458598726,0.7490318399139808,HI-VAE_weibull
0.006589341243255684,0.9628450106157113,0.03947886834201776,0.655651664932362,0.1054524228129696,1.0,0.49044585987261147,0.7746258921027449,HI-VAE_weibull
0.006555027694589252,0.9575371549893843,0.04455505689485202,0.6997463579604577,0.2511683707929019,2.0,0.4840764331210191,0.7837733486195115,HI-VAE_weibull
0.006862791069946747,0.9575371549893843,0.036613480201400136,0.6014177939646201,0.2565762077763017,3.0,0.4585987261146497,0.7680654286370306,HI-VAE_weibull
0.008712330115197542,0.9522292993630573,0.047082512205236536,0.671663631633715,0.25425527264696574,2.0,0.4585987261146497,0.7650426182857567,HI-VAE_weibull
0.00987640590218711,0.9368365180467092,0.03400902759438731,0.6265608740894901,0.30703685311020074,1.0,0.39490445859872614,0.7494997547040995,HI-VAE_weibull
0.005323788662343881,0.9601910828025478,0.042323319456999665,0.607186524453694,0.20098290782802913,2.0,0.5031847133757962,0.7447801197368867,HI-VAE_weibull
0.004918916163691461,0.9633757961783439,0.039294236089135334,0.6682297086368366,0.24975150698089443,3.0,0.4140127388535032,0.757802583497623,HI-VAE_weibull
0.005660855439346944,0.9633757961783439,0.04122891768599384,0.6703889177939646,0.25850270230042455,2.0,0.4394904458598726,0.7647401562882952,HI-VAE_weibull
0.004566051574980921,0.9697452229299363,0.027880696229989364,0.6079864724245578,0.2302498358970736,1.0,0.5095541401273885,0.7652305347728747,HI-VAE_weibull
0.009197327699673357,0.95276008492569,0.03862954063900507,0.6472749739854319,0.1879330560586801,1.0,0.4267515923566879,0.7379064401831333,HI-VAE_weibull
0.0059265778946581945,0.9612526539278132,0.03593659305208133,0.6218457336108221,0.2514514613051216,3.0,0.43312101910828027,0.7609584717420371,HI-VAE_weibull
0.004983538035185181,0.9665605095541402,0.02434524789630724,0.6340270551508845,0.24873212064183392,1.0,0.535031847133758,0.747289047547646,HI-VAE_weibull
0.006860508037193559,0.951167728237792,0.04455754879358838,0.6410574921956295,0.22147997416903392,1.0,0.4267515923566879,0.7513295234130166,HI-VAE_weibull
0.007874479069456644,0.9527600849256901,0.031469733115193015,0.6302419354838709,0.20879825469487895,3.0,0.5222929936305732,0.762633031890663,HI-VAE_weibull
0.0061223450642992954,0.9596602972399152,0.03959797148472392,0.6186134235171696,0.2586650075605858,4.0,0.4713375796178344,0.7694112081424351,HI-VAE_weibull
0.005931726899851082,0.9548832271762208,0.02804274810545155,0.6187955254942767,0.2649150592108558,1.0,0.47770700636942676,0.7590829094207256,HI-VAE_weibull
0.00535943363454488,0.9644373673036094,0.038650395370626464,0.6186589490114465,0.2988008391058351,2.0,0.4394904458598726,0.7765821529566171,HI-VAE_weibull
0.005185091804839053,0.9639065817409768,0.034239239279907255,0.6222619667013527,0.1681587934507832,1.0,0.46496815286624205,0.7490044491645752,HI-VAE_weibull
0.006409114815027022,0.9612526539278132,0.033217360082851186,0.6026079604578565,0.16160635639680945,3.0,0.47770700636942676,0.7525511084760003,HI-VAE_weibull
0.006589999868868129,0.9570063694267515,0.03442350711642219,0.6511186264308011,0.22257285049023995,2.0,0.4840764331210191,0.7565603731630616,HI-VAE_weibull
0.005990509231445273,0.9591295116772826,0.03186450831112549,0.6019120707596254,0.23398985847849246,2.0,0.47770700636942676,0.728600887649866,HI-VAE_weibull
0.004598485361786585,0.9585987261146497,0.051587249991651846,0.6385600936524454,0.23673365379691305,1.0,0.5095541401273885,0.7419450574008394,HI-VAE_weibull
0.005323568854596207,0.9559447983014863,0.05255702343544671,0.6423191987513007,0.2519057495262387,1.0,0.49044585987261147,0.750381277221187,HI-VAE_weibull
0.007578641883768574,0.945859872611465,0.045229243337134795,0.7019575962539022,0.18431729627852178,3.0,0.4394904458598726,0.7515712429882976,HI-VAE_weibull
0.008517471800459817,0.9527600849256901,0.04593623819721892,0.6430606139438085,0.20392126845390451,1.0,0.4585987261146497,0.7370947737905564,HI-VAE_weibull
0.006956731174273953,0.9564755838641189,0.033451577643992036,0.6536420395421436,0.18597050899760462,2.0,0.45222929936305734,0.7404314234891349,HI-VAE_weibull
0.005822175416562031,0.9564755838641189,0.0389025993682524,0.6424817898022893,0.1735205067431682,2.0,0.4585987261146497,0.7730760877131094,HI-VAE_weibull
0.008297316435589347,0.9532908704883227,0.0429342976788333,0.6916818418314256,0.2686476342481659,3.0,0.42038216560509556,0.7383935841871564,HI-VAE_weibull
0.0064023156989810774,0.9543524416135881,0.04448605327194813,0.660809053069719,0.15658208118076403,1.0,0.46496815286624205,0.7497924163118698,HI-VAE_weibull
0.006339519537342356,0.9601910828025478,0.030186219411917015,0.5610561914672216,0.14060140558880196,1.0,0.4713375796178344,0.7584815503293816,HI-VAE_weibull
0.007241234600947541,0.9575371549893843,0.03450296418677974,0.6190101456815816,0.22584172294783111,3.0,0.46496815286624205,0.752403947627156,HI-VAE_weibull
0.00545788909428293,0.9495753715498939,0.05200630422270954,0.6301768990634755,0.1504091927034298,1.0,0.4267515923566879,0.7438721163996428,HI-VAE_weibull
0.0045584368717630774,0.9633757961783439,0.0298948055170915,0.5706490634755463,0.31645095164766546,3.0,0.43312101910828027,0.7515508410564471,HI-VAE_weibull
0.007737437031493645,0.9532908704883227,0.03232875011299836,0.6479481009365244,0.15990356436537323,2.0,0.45222929936305734,0.734789183805467,HI-VAE_weibull
0.007696689690055168,0.9501061571125266,0.027778169217429323,0.6067572840790844,0.15623570555622748,2.0,0.47770700636942676,0.7384660043515728,HI-VAE_weibull
0.007068421687891103,0.9612526539278132,0.029816379955995266,0.590368106139438,0.16021815474508963,2.0,0.5031847133757962,0.740196104816467,HI-VAE_weibull
0.006447338732802032,0.9628450106157111,0.03417166881588744,0.6547216441207077,0.2245797015977349,2.0,0.5031847133757962,0.7784719438133243,HI-VAE_weibull
0.005139475815906082,0.9639065817409765,0.045396831219828154,0.579942767950052,0.31141266052860367,3.0,0.5286624203821656,0.7277799999677741,HI-VAE_weibull
0.005244038654656024,0.9623142250530786,0.022672758943460807,0.6487317898022893,0.16001500808298746,2.0,0.4585987261146497,0.7317288927484998,HI-VAE_weibull
0.008430729394556281,0.951167728237792,0.03082134645766127,0.6698361082206035,0.1351959586548964,1.0,0.4713375796178344,0.7567391232610575,HI-VAE_weibull
0.00885820049593085,0.9495753715498939,0.023339690557550113,0.5912135796045785,0.23178698721032345,2.0,0.445859872611465,0.7590644211580349,HI-VAE_weibull
0.005903169694253214,0.9612526539278132,0.023544506730847552,0.5777575442247659,0.18745422190687164,3.0,0.49044585987261147,0.7469027772612657,HI-VAE_weibull
0.005893654628596238,0.9633757961783439,0.04638165204425174,0.6531867845993756,0.22701957351427202,4.0,0.4394904458598726,0.7492870801240572,HI-VAE_weibull
0.007549952288703968,0.9585987261146497,0.0522667638196671,0.6811784599375651,0.25114302037088765,3.0,0.3821656050955414,0.7651246652286473,HI-VAE_weibull
0.00641231983372901,0.9543524416135881,0.024219140296348494,0.6154786680541103,0.15223589055796105,2.0,0.4968152866242038,0.7396314060063568,HI-VAE_weibull
0.006442462700459583,0.9469214437367303,0.039793150392068925,0.6039997398543184,0.19839016392625072,1.0,0.5031847133757962,0.7495616571895112,HI-VAE_weibull
0.0070026380247458254,0.9485138004246285,0.046601487761904536,0.6684638397502602,0.19367670008002108,1.0,0.5095541401273885,0.7508305207203256,HI-VAE_weibull
0.006558126997781025,0.9532908704883227,0.03766107296904422,0.6541883454734652,0.2018488227343816,1.0,0.4840764331210191,0.7572882145238882,HI-VAE_weibull
0.004865939537881586,0.9665605095541402,0.026241256774098828,0.5870642559833507,0.10953999041916457,1.0,0.5222929936305732,0.7477663867112079,HI-VAE_weibull
0.005744543009779894,0.9601910828025478,0.02057233460503021,0.6164607180020811,0.18113615344899447,1.0,0.4968152866242038,0.7572674237805873,HI-VAE_weibull
0.007677074191881077,0.9538216560509555,0.038449777525484834,0.694107700312175,0.25681056853106093,1.0,0.5095541401273885,0.7672554006399737,HI-VAE_weibull
0.005299113071655589,0.9670912951167728,0.04689297846697766,0.6494992195629552,0.27225563788435625,2.0,0.46496815286624205,0.7554409148693537,HI-VAE_weibull
0.007786763615644527,0.9570063694267517,0.032148607307190734,0.6282908428720084,0.19699973060648804,3.0,0.5031847133757962,0.7641297488050506,HI-VAE_weibull
0.00658173101535587,0.9580679405520169,0.03130767732115349,0.6104643600416233,0.21074572973687608,1.0,0.45222929936305734,0.769832209348657,HI-VAE_weibull
0.0051674083947564385,0.9617834394904459,0.050246989538111284,0.6681646722164412,0.26696591736234426,1.0,0.4267515923566879,0.7655687054212957,HI-VAE_weibull
0.008258411508196095,0.9506369426751592,0.03382027217809736,0.6502861602497398,0.1915687245750199,1.0,0.4585987261146497,0.7518411820878177,HI-VAE_weibull
0.006580251712350149,0.9601910828025478,0.02971666180391043,0.6397762747138398,0.3032682031313227,3.0,0.49044585987261147,0.7529152673206483,HI-VAE_weibull
0.006422672056842205,0.9570063694267515,0.051523309461621175,0.6937434963579604,0.261058308951968,7.0,0.4968152866242038,0.7487895968699886,HI-VAE_weibull
0.009894548890843647,0.945859872611465,0.028569694802635173,0.7121683142559834,0.1801873442475493,3.0,0.46496815286624205,0.7448188777480466,HI-VAE_weibull
0.005689758459292169,0.9596602972399152,0.025234153366764295,0.5332271071800208,0.2825202013840144,2.0,0.46496815286624205,0.75435874446832,HI-VAE_weibull
0.007704220782396184,0.9538216560509554,0.033113748836321455,0.6455905306971904,0.24376482106527372,1.0,0.43312101910828027,0.7556550789804858,HI-VAE_weibull
0.007701896088895277,0.9559447983014863,0.030061512013983875,0.5770161290322581,0.21193486332092817,3.0,0.46496815286624205,0.7478478605231285,HI-VAE_weibull
0.004518261610817957,0.9633757961783441,0.03505133967649551,0.6696149843912591,0.2488163277467272,2.0,0.45222929936305734,0.7553620373627309,HI-VAE_weibull
0.0049668434457699785,0.9612526539278131,0.030205685840762473,0.6252796566077004,0.213290023280729,3.0,0.43312101910828027,0.718346584567153,HI-VAE_weibull
0.007863481480226305,0.9474522292993631,0.03317357366226887,0.6698686264308013,0.2982215249869098,2.0,0.43312101910828027,0.7624466370824152,HI-VAE_weibull
0.005110963693266604,0.9639065817409765,0.02596573159521748,0.6413371488033299,0.2849864151119873,2.0,0.4394904458598726,0.7497812368971281,HI-VAE_weibull
0.00585909671605755,0.9575371549893843,0.03563277677149354,0.6527900624349636,0.16585946231672624,1.0,0.4713375796178344,0.740058078628535,HI-VAE_weibull
0.008526142943424265,0.945859872611465,0.032655155703499375,0.6238163371488034,0.2151235821268558,1.0,0.4840764331210191,0.7582336156109986,HI-VAE_weibull
0.008448783254140653,0.9495753715498939,0.034529888931609826,0.6458441727367326,0.23866388492066487,3.0,0.445859872611465,0.7447910622234697,HI-VAE_weibull
0.005885334006326356,0.9570063694267515,0.027701984832439904,0.6321800208116546,0.19312995773518188,2.0,0.43312101910828027,0.7491091926606745,HI-VAE_weibull
0.0067781810409380085,0.9522292993630573,0.03180570446724644,0.5837018730489074,0.21381345345750252,2.0,0.445859872611465,0.748275548986562,HI-VAE_weibull
0.008608809068927262,0.944267515923567,0.04006352083997352,0.6470668574401666,0.22610403109776694,2.0,0.4585987261146497,0.7679365381820665,HI-VAE_weibull
0.0061317507914091,0.9607218683651805,0.020416785671354576,0.6605098855359002,0.25078513479061815,2.0,0.5031847133757962,0.7706566315997383,HI-VAE_weibull
0.006446098769223332,0.9607218683651806,0.02612668849382741,0.6051053590010407,0.1630014614957972,1.0,0.4585987261146497,0.7500362455343657,HI-VAE_weibull
0.006639703509027599,0.9559447983014863,0.03183874649243127,0.6233220603537981,0.18354733885887745,2.0,0.45222929936305734,0.7578213589724749,HI-VAE_weibull
0.009095929067086584,0.9442675159235668,0.06038868089666367,0.644276795005203,0.33117486351433173,2.0,0.5095541401273885,0.749862620056408,HI-VAE_weibull
0.008820551422954502,0.9463906581740976,0.028075844441891425,0.6253577003121749,0.15983633536994882,2.0,0.4267515923566879,0.7697776257461331,HI-VAE_weibull
0.006673765036601442,0.9554140127388536,0.030090411548103747,0.6225221123829344,0.22588086395441823,4.0,0.47770700636942676,0.7449585086461535,HI-VAE_weibull
0.0069909589264555635,0.9543524416135881,0.032085522170296005,0.6038241415192507,0.3300507976661213,3.0,0.47770700636942676,0.7717685693910115,HI-VAE_weibull
0.0070878945939822,0.9564755838641189,0.03254474090551113,0.655723204994797,0.24916809202048376,2.0,0.47770700636942676,0.764185145320981,HI-VAE_weibull
0.004639419106981635,0.9628450106157113,0.02656426895280709,0.6033038501560875,0.23671654833817057,2.0,0.4713375796178344,0.7605492157755094,HI-VAE_weibull
0.007999311643335434,0.9532908704883227,0.04701007071269956,0.6147762747138397,0.2679324392290532,3.0,0.47770700636942676,0.7998623100969512,HI-VAE_weibull
0.006216469854478532,0.9591295116772823,0.02876521623315061,0.6058012486992717,0.22363596693399942,1.0,0.47770700636942676,0.765161606764963,HI-VAE_weibull
0.005518979554557472,0.9639065817409768,0.03199287791010754,0.6224895941727366,0.19103515162557871,3.0,0.445859872611465,0.7404143817410431,HI-VAE_weibull
0.009410647478298733,0.9522292993630574,0.03255380603418742,0.6102107180020812,0.20775648539967675,2.0,0.445859872611465,0.7502378803082305,HI-VAE_weibull
0.008136992047017006,0.9570063694267515,0.03224289702351973,0.6995967741935484,0.29486619948981685,1.0,0.43312101910828027,0.7520513561547618,HI-VAE_weibull
0.004457878207150023,0.9692144373673037,0.04304708789203421,0.5756178459937564,0.18710936463642164,2.0,0.4840764331210191,0.7639124076300992,HI-VAE_weibull
0.006640833476173981,0.9585987261146496,0.05515393873134034,0.6449921956295525,0.26732738833748704,2.0,0.47770700636942676,0.7714313972859274,HI-VAE_weibull
0.007443810366247815,0.9538216560509554,0.04159538922841798,0.6595798647242456,0.20184398405006285,2.0,0.4713375796178344,0.7507597502784961,HI-VAE_weibull
0.004898335383802459,0.964968152866242,0.03722891358862373,0.6168054110301768,0.2059490529594043,1.0,0.5159235668789809,0.7496497213259852,HI-VAE_weibull
0.006678892007986287,0.9559447983014863,0.032195812304080716,0.6388267429760666,0.2437149202723146,1.0,0.4394904458598726,0.759494056029375,HI-VAE_weibull
0.0065680990985168,0.9575371549893844,0.03729089518680932,0.6922216441207076,0.10579901673241636,1.0,0.4840764331210191,0.7618585932262187,HI-VAE_weibull
0.005933672163814367,0.9559447983014863,0.03360305080532322,0.609716441207076,0.15467756149087733,1.0,0.4968152866242038,0.7513812687197681,HI-VAE_weibull
0.009057423371893076,0.9463906581740976,0.02851611317011908,0.6119862122788762,0.29625668706877445,2.0,0.47770700636942676,0.7458537331063844,HI-VAE_weibull
0.008314989345327414,0.945859872611465,0.04252668893440068,0.6980814255983351,0.391312162677866,1.0,0.4840764331210191,0.7449772012690482,HI-VAE_weibull
0.005440823634601477,0.9639065817409765,0.03416732632425785,0.6038566597294486,0.16663008057578918,2.0,0.5031847133757962,0.7395827273822747,HI-VAE_weibull
0.006879670584581885,0.9585987261146497,0.0342985782800629,0.6445759625390217,0.2028303271387482,1.0,0.43312101910828027,0.7570265918084781,HI-VAE_weibull
0.007543738508942521,0.956475583864119,0.031288275744565754,0.7049232570239334,0.2304171735394376,5.0,0.4713375796178344,0.746136539125613,HI-VAE_weibull
0.006203737436170534,0.9559447983014863,0.040905594400865025,0.59204604578564,0.26305862009482295,1.0,0.4267515923566879,0.7734018275722667,HI-VAE_weibull
0.005143127234580056,0.9617834394904459,0.03744725005990458,0.6731139438085327,0.3368439660276711,3.0,0.4012738853503185,0.7587301647528848,HI-VAE_weibull
0.00816973890274184,0.9564755838641189,0.026611959305735792,0.6319523933402705,0.1923815722515264,1.0,0.4394904458598726,0.7546115537520953,HI-VAE_weibull
0.005680001399236834,0.9628450106157113,0.03639513868870155,0.5997073361082206,0.2020537675683732,1.0,0.5477707006369427,0.7493096584220931,HI-VAE_weibull
0.006637032771313785,0.9628450106157113,0.035148807022959305,0.6090595733610822,0.19910267940991908,2.0,0.45222929936305734,0.7777100228532173,HI-VAE_weibull
0.007646825933393325,0.9474522292993631,0.03205003811655698,0.6158818938605619,0.19441675754225116,2.0,0.47770700636942676,0.7430049054611786,HI-VAE_weibull
0.006351729257178862,0.959660297239915,0.03819490684365273,0.6878902185223724,0.11628008914908637,1.0,0.4840764331210191,0.7341448140323528,HI-VAE_weibull
0.005841034360374674,0.9601910828025478,0.038021250260658196,0.5850936524453694,0.19738583571006224,1.0,0.4840764331210191,0.7433228577925276,HI-VAE_weibull
0.0048976681532285566,0.9628450106157113,0.026693155767390116,0.6046826222684704,0.18888301399109855,1.0,0.5159235668789809,0.7578180575774018,HI-VAE_weibull
0.004813406220812497,0.9628450106157113,0.03385475647382245,0.5975156087408949,0.1310068223726399,1.0,0.5222929936305732,0.751941805560375,HI-VAE_weibull
0.007572505097172096,0.9538216560509554,0.035718071405588386,0.6457010926118627,0.22642602208574175,3.0,0.4140127388535032,0.7380757904263323,HI-VAE_weibull
0.007910561724469755,0.9554140127388536,0.03048262600976283,0.6191207075962539,0.27831851039375644,1.0,0.47770700636942676,0.7653148115222511,HI-VAE_weibull
0.006332873616010596,0.959660297239915,0.02383621119202116,0.6033688865764828,0.1413257856969317,1.0,0.49044585987261147,0.7611702047929142,HI-VAE_weibull
0.006460898080681358,0.9564755838641189,0.03453606926708924,0.5879357440166493,0.3405557899204736,3.0,0.5031847133757962,0.7446276860445329,HI-VAE_weibull
0.006839391393338823,0.9516985138004247,0.03462687332516601,0.5706750780437045,0.21563756146042226,2.0,0.4394904458598726,0.7399587114855942,HI-VAE_weibull
0.007444655750694095,0.9570063694267517,0.026951695968643198,0.6257999479708636,0.22183803578297767,1.0,0.4394904458598726,0.7731071882622189,HI-VAE_weibull
0.006225897949027475,0.9607218683651806,0.046706776063791,0.6394901144641,0.1628424094458185,4.0,0.47770700636942676,0.7428532495633269,HI-VAE_weibull
0.007516224898832173,0.9532908704883227,0.029800665064412785,0.6759755463059313,0.24639793108297448,3.0,0.4585987261146497,0.7793351713433642,HI-VAE_weibull
0.008312767347326977,0.9410828025477707,0.036148134479152015,0.6161420395421435,0.15086391347741976,1.0,0.5222929936305732,0.7504636094379226,HI-VAE_weibull
0.007925474238020673,0.9506369426751592,0.04635777228536247,0.6758975026014568,0.2848383273141749,3.0,0.42038216560509556,0.7432017679605398,HI-VAE_weibull
0.00574409655911921,0.9670912951167728,0.027654975896105015,0.5988943808532777,0.20649234866001595,1.0,0.49044585987261147,0.7714550381215687,HI-VAE_weibull
0.005800551372855242,0.9612526539278132,0.04663466218687364,0.6003186784599375,0.23535530183497289,1.0,0.4840764331210191,0.7507656311806935,HI-VAE_weibull
0.0060958281878348425,0.9591295116772823,0.044075286730223484,0.6079994797086368,0.19265065284109092,3.0,0.43312101910828027,0.7663551041527038,HI-VAE_weibull
0.005306136381633062,0.9628450106157113,0.026800205488978074,0.6088254422476587,0.293969833414166,2.0,0.4968152866242038,0.7576500673799375,HI-VAE_weibull
0.007200394201632949,0.9543524416135881,0.031506954311488686,0.6802939646201873,0.18388334669484233,1.0,0.46496815286624205,0.752074466994141,HI-VAE_weibull
0.007704297206190358,0.9554140127388534,0.0231889603768238,0.6434053069719042,0.2448597210335927,2.0,0.43312101910828027,0.7473509593291765,HI-VAE_weibull
0.006720729553049549,0.958067940552017,0.04824799516446152,0.6362252861602498,0.21453860922905435,1.0,0.4394904458598726,0.7426958928457121,HI-VAE_weibull
0.006873365271073552,0.9548832271762208,0.03144085347263286,0.6309313215400625,0.2348317193875408,2.0,0.46496815286624205,0.7440205272453002,HI-VAE_weibull
0.007642951798462388,0.9538216560509555,0.039729280097783926,0.6765868886576484,0.19384434152618452,1.0,0.4968152866242038,0.7524194836821636,HI-VAE_weibull
0.008414783683705141,0.9522292993630574,0.03974386935110706,0.6190166493236212,0.27180360662148023,2.0,0.4713375796178344,0.7670842615207596,HI-VAE_weibull
0.008438392348884792,0.944267515923567,0.02621179873963556,0.6144445889698231,0.12974901803391747,1.0,0.4968152866242038,0.7245356588514463,HI-VAE_weibull
0.006834100347460116,0.956475583864119,0.03384807545816388,0.6389177939646202,0.16003850723153096,1.0,0.45222929936305734,0.7381602537050003,HI-VAE_weibull
0.006864047162414812,0.9591295116772823,0.03943274187275065,0.6070369406867846,0.22224650276709737,4.0,0.5095541401273885,0.7428318310624631,HI-VAE_weibull
0.0065906686695140285,0.9607218683651805,0.042065975770984275,0.5762877211238294,0.21002720288910529,1.0,0.5159235668789809,0.7750955686008469,HI-VAE_weibull
0.008380540331988215,0.9516985138004245,0.03453958002224803,0.6343262226847035,0.19167672870434752,2.0,0.4840764331210191,0.7711142710972364,HI-VAE_weibull
0.006058164193753792,0.9601910828025478,0.021530918303311292,0.609358740894901,0.23561419114505577,2.0,0.4968152866242038,0.7411873846033918,HI-VAE_weibull
0.006059126647133441,0.9554140127388534,0.027715645728821608,0.6133844953173777,0.14760654370273088,1.0,0.4840764331210191,0.7360948796488656,HI-VAE_weibull
0.005545332362219136,0.9665605095541401,0.01940394104261945,0.662883714880333,0.07059721401258276,4.0,0.5095541401273885,0.7305624736297909,HI-VAE_piecewise
0.006381258912053422,0.9591295116772823,0.026932975070507483,0.6849830905306972,0.19936738750967137,1.0,0.47770700636942676,0.7419934510255916,HI-VAE_piecewise
0.007314335277248945,0.9559447983014863,0.02315299094934906,0.5913826742976067,0.20941927157838525,1.0,0.4840764331210191,0.7470765370660299,HI-VAE_piecewise
0.007923239929867541,0.9490445859872612,0.02118332654537438,0.5994601977107179,0.15256445656078077,1.0,0.45222929936305734,0.7363154712912918,HI-VAE_piecewise
0.0055555314758526445,0.9676220806794055,0.018548989256796145,0.6310483870967742,0.10546007692938789,1.0,0.4968152866242038,0.728742311797681,HI-VAE_piecewise
0.004735904640826887,0.9697452229299364,0.023345253320131983,0.6287591050988552,0.10578565758998704,1.0,0.47770700636942676,0.7410471669893485,HI-VAE_piecewise
0.00671685081440991,0.9527600849256901,0.023502643792016237,0.5946930280957337,0.13822124563614802,1.0,0.4585987261146497,0.7461466519355079,HI-VAE_piecewise
0.007566604561590425,0.9538216560509554,0.03195785798931673,0.6478928199791884,0.18684770996620867,2.0,0.45222929936305734,0.7190511561408844,HI-VAE_piecewise
0.00833138884569064,0.9532908704883227,0.022425184847900934,0.6100806451612903,0.14700934774963323,1.0,0.4968152866242038,0.7351414832945732,HI-VAE_piecewise
0.00535730056056358,0.9676220806794055,0.02153661943122908,0.6038046305931322,0.26077690549088,2.0,0.46496815286624205,0.7564413319699256,HI-VAE_piecewise
0.0061373621287686185,0.9591295116772823,0.027558363729392712,0.6977562434963579,0.1986435774670508,1.0,0.445859872611465,0.7404170292268213,HI-VAE_piecewise
0.007015354033982947,0.9580679405520169,0.022930012430143202,0.5785835067637877,0.0692206779507121,4.0,0.45222929936305734,0.7518455435476807,HI-VAE_piecewise
0.007243773405168661,0.9554140127388534,0.019211817196599274,0.6464750260145682,0.18991243610450062,3.0,0.5095541401273885,0.7465025431465634,HI-VAE_piecewise
0.005975527195412899,0.9644373673036094,0.01972979939910146,0.6618431321540063,0.2574893999114911,1.0,0.5031847133757962,0.7324209842604575,HI-VAE_piecewise
0.005450030496477336,0.9601910828025478,0.019761496248127397,0.6442442767950052,0.10461369057351003,2.0,0.4267515923566879,0.7337152255792158,HI-VAE_piecewise
0.006860866856656933,0.955944798301486,0.02710735064886598,0.5878967221644121,0.21653170895935936,1.0,0.5222929936305732,0.7458041577883269,HI-VAE_piecewise
0.005654884711047559,0.9607218683651805,0.0304022281037188,0.65625,0.1440690836366598,1.0,0.4840764331210191,0.73252831069287,HI-VAE_piecewise
0.006324233359007059,0.958067940552017,0.021707189435868083,0.6498569198751301,0.24559877866784144,2.0,0.445859872611465,0.7457087851060564,HI-VAE_piecewise
0.0075317409558137505,0.9538216560509555,0.03626401251055773,0.6601001560874089,0.14255931437306418,2.0,0.47770700636942676,0.7657500701961982,HI-VAE_piecewise
0.004683679613488884,0.9639065817409768,0.03193867749681633,0.6267950052029135,0.2320901594990455,2.0,0.4968152866242038,0.773144210013116,HI-VAE_piecewise
0.006946934036271348,0.9575371549893843,0.017329165976376727,0.5748309053069719,0.11759901033890022,1.0,0.4267515923566879,0.7487671661880992,HI-VAE_piecewise
0.006649135252340296,0.9559447983014863,0.024927028043377965,0.6500520291363163,0.24604591280141958,2.0,0.4585987261146497,0.7523770517916183,HI-VAE_piecewise
0.007701625860388472,0.9474522292993631,0.025982154846258855,0.6405892299687825,0.09097987870545754,1.0,0.42038216560509556,0.7557402655032239,HI-VAE_piecewise
0.005748428221232667,0.9649681528662422,0.028061110391380952,0.5859716441207077,0.24119191698819128,3.0,0.5286624203821656,0.7584028071641512,HI-VAE_piecewise
0.004944650305345529,0.9692144373673037,0.02128684010568093,0.6370837669094693,0.1702809411802032,1.0,0.4840764331210191,0.7358800184431664,HI-VAE_piecewise
0.005340818674303639,0.9628450106157113,0.018711185411138503,0.6690751821019771,0.15432926371803385,2.0,0.5031847133757962,0.7453184382389128,HI-VAE_piecewise
0.007905924087289743,0.9516985138004247,0.0455273772906662,0.642117585848075,0.16992232878211794,1.0,0.45222929936305734,0.7494328067456751,HI-VAE_piecewise
0.006021207595901583,0.9654989384288748,0.018809112871860417,0.6141746878251821,0.11555316247335402,1.0,0.4968152866242038,0.7652406325911432,HI-VAE_piecewise
0.005209478469963283,0.9628450106157113,0.023440447568340666,0.5801313735691986,0.20293784032308465,2.0,0.4585987261146497,0.7676726700458735,HI-VAE_piecewise
0.007050597199874419,0.956475583864119,0.021055480887559996,0.6351066597294485,0.2133053103390724,2.0,0.46496815286624205,0.7586191220955988,HI-VAE_piecewise
0.007487239194213923,0.9554140127388534,0.030041047155490545,0.6335718002081165,0.16445896088144876,2.0,0.445859872611465,0.7341498474159394,HI-VAE_piecewise
0.006464281869812662,0.964968152866242,0.0293778199335177,0.6189125910509887,0.12301220267979698,1.0,0.4840764331210191,0.7486200376466218,HI-VAE_piecewise
0.005861142094279136,0.9628450106157113,0.02447368676383997,0.6007088969823101,0.24760190391339681,1.0,0.46496815286624205,0.7708749992133563,HI-VAE_piecewise
0.005524785880446928,0.9676220806794055,0.02224852800679031,0.5775884495317378,0.18506228121974017,1.0,0.4713375796178344,0.759854545414453,HI-VAE_piecewise
0.007924542603180153,0.9527600849256901,0.02159728197348772,0.5751625910509885,0.10015733101523322,2.0,0.4968152866242038,0.7475775973787169,HI-VAE_piecewise
0.005487972801503273,0.9670912951167728,0.020192356689467287,0.6765868886576484,0.18759320979581914,1.0,0.5031847133757962,0.707058569418126,HI-VAE_piecewise
0.006489661197358831,0.9601910828025478,0.03879777979540455,0.5922216441207075,0.07872381528061115,3.0,0.5095541401273885,0.7458257150900715,HI-VAE_piecewise
0.005092904881818222,0.9639065817409765,0.024172248896531495,0.603225806451613,0.10196385568050631,2.0,0.4585987261146497,0.7828069276124975,HI-VAE_piecewise
0.005974819735841898,0.9623142250530786,0.02492980589091199,0.6168639438085328,0.13644895629541243,2.0,0.4713375796178344,0.7550883371765035,HI-VAE_piecewise
0.006805351691967206,0.9585987261146497,0.015421460934375734,0.6509560353798126,0.14539791390602344,2.0,0.5031847133757962,0.7662056927341749,HI-VAE_piecewise
0.005559116951085418,0.9623142250530786,0.028034476122269315,0.584118106139438,0.17897578389421218,3.0,0.46496815286624205,0.7495627041494688,HI-VAE_piecewise
0.005531996997496703,0.9697452229299364,0.028536092199079273,0.59914802289282,0.15732054503707943,1.0,0.4840764331210191,0.7649277623142312,HI-VAE_piecewise
0.0068830141933694695,0.9564755838641189,0.020606188255919342,0.5870967741935483,0.08977584256847826,2.0,0.4713375796178344,0.7413343322824233,HI-VAE_piecewise
0.005463313457669393,0.9633757961783439,0.030274359238382034,0.6121357960457856,0.1180352617697312,2.0,0.47770700636942676,0.7581370103069518,HI-VAE_piecewise
0.005708867451631971,0.9612526539278132,0.03701134880256657,0.5620837669094694,0.18130385646723118,1.0,0.4267515923566879,0.7442265338540353,HI-VAE_piecewise
0.005515233339705478,0.9697452229299364,0.018798212604010784,0.6038436524453694,0.11307192201403225,1.0,0.554140127388535,0.7622370106511692,HI-VAE_piecewise
0.00670242182656167,0.9575371549893844,0.018848433568131026,0.6240699791883455,0.18147988433140613,1.0,0.4968152866242038,0.7691894996952414,HI-VAE_piecewise
0.005399866139811328,0.9633757961783439,0.02338958706077606,0.652627471383975,0.18996899480052587,1.0,0.4840764331210191,0.7468466761805094,HI-VAE_piecewise
0.006543018377923958,0.9506369426751592,0.04388791023930982,0.6493691467221644,0.20616626923643652,1.0,0.5095541401273885,0.7372617218322731,HI-VAE_piecewise
0.005417187256569791,0.956475583864119,0.04783704450870866,0.6241545265348595,0.10918018432484641,5.0,0.45222929936305734,0.7573719426906564,HI-VAE_piecewise
0.004830750238179696,0.9612526539278131,0.02779639703936461,0.7079994797086369,0.2597706825951708,1.0,0.47770700636942676,0.7386236365816727,HI-VAE_piecewise
0.006699092009913507,0.9639065817409768,0.027014735450745394,0.5900494276795005,0.19995858235817893,2.0,0.5159235668789809,0.7264869780078813,HI-VAE_piecewise
0.00618333713360521,0.9623142250530785,0.015476228540924822,0.6078889177939646,0.1794869553965738,2.0,0.4968152866242038,0.7534041979482952,HI-VAE_piecewise
0.006626376589127633,0.9596602972399152,0.01772677222714621,0.6274258584807493,0.17954611681134708,1.0,0.46496815286624205,0.7567253576529767,HI-VAE_piecewise
0.006332497983012184,0.9612526539278131,0.022488925103195282,0.6566467221644119,0.12629634122808187,1.0,0.445859872611465,0.7618935618905323,HI-VAE_piecewise
0.0067564020575952835,0.9623142250530785,0.02398061429211728,0.583649843912591,0.17215442534722789,1.0,0.45222929936305734,0.7489492220437204,HI-VAE_piecewise
0.005638312266687544,0.9649681528662422,0.016996212638283298,0.5583311654526536,0.23300646248529694,1.0,0.5477707006369427,0.7309470087271559,HI-VAE_piecewise
0.00640295266383457,0.9623142250530786,0.02285276194039012,0.5926183662851197,0.11842728586735744,1.0,0.4585987261146497,0.7463675631343822,HI-VAE_piecewise
0.005063504920744736,0.9607218683651806,0.023581518976873102,0.5891974505723205,0.16293400255810167,1.0,0.4713375796178344,0.7504409402302187,HI-VAE_piecewise
0.003990689652208072,0.9739915074309979,0.022010567857565905,0.6417208636836629,0.15286056962906028,1.0,0.4840764331210191,0.7659948267939006,HI-VAE_piecewise
0.00647366147411595,0.9538216560509555,0.026484706357023047,0.6258714880332986,0.22974081540145333,2.0,0.5095541401273885,0.750882487939432,HI-VAE_piecewise
0.007081467451693,0.9596602972399152,0.025921111972079944,0.6237122788761706,0.08246576719010686,1.0,0.445859872611465,0.7409163876722634,HI-VAE_piecewise
0.005926617455379735,0.9617834394904459,0.02855648692767132,0.5491220083246617,0.09498154098856233,1.0,0.4394904458598726,0.760362493524539,HI-VAE_piecewise
0.006169622289198411,0.9623142250530785,0.016778482951291182,0.6423452133194589,0.1573407513597522,1.0,0.49044585987261147,0.7536969538758608,HI-VAE_piecewise
0.00647905057723689,0.9570063694267517,0.026387356422636232,0.6167859001040583,0.20933559436622806,1.0,0.43312101910828027,0.740444060666091,HI-VAE_piecewise
0.006281460959127656,0.9623142250530785,0.020122154488125796,0.587812174817898,0.20135450530335522,1.0,0.46496815286624205,0.7464759206881697,HI-VAE_piecewise
0.006126120958532009,0.9612526539278132,0.021676635273712903,0.6020226326742977,0.18194599685064822,1.0,0.5159235668789809,0.7629210443927162,HI-VAE_piecewise
0.00454345375082675,0.9665605095541401,0.02462363307479217,0.5934703433922998,0.11136566423331634,2.0,0.445859872611465,0.7595593708772549,HI-VAE_piecewise
0.0054146444121600515,0.9628450106157113,0.030429285865149695,0.6297964360041622,0.15653232646718784,1.0,0.4840764331210191,0.7634522745883625,HI-VAE_piecewise
0.006769271721950841,0.9633757961783439,0.01668722022318133,0.6641454214360041,0.1732331192400643,1.0,0.5095541401273885,0.7449537340387613,HI-VAE_piecewise
0.007339822837778419,0.9607218683651805,0.017653469223323438,0.5604318418314256,0.21094952673477782,1.0,0.5605095541401274,0.7430037084362512,HI-VAE_piecewise
0.006877090270740851,0.9570063694267517,0.020645124563634043,0.6145291363163372,0.183020511109588,1.0,0.4968152866242038,0.7565364048233182,HI-VAE_piecewise
0.006754409781887689,0.9570063694267515,0.019495595938877792,0.668990634755463,0.1876361681826819,1.0,0.4585987261146497,0.7504274317519132,HI-VAE_piecewise
0.00780247252450074,0.9538216560509554,0.020841778051091258,0.6479058272632674,0.19491352786031765,1.0,0.47770700636942676,0.7693818424613885,HI-VAE_piecewise
0.005606706621482503,0.9633757961783439,0.03453346387189717,0.6675273152965661,0.1589837803154153,1.0,0.445859872611465,0.7710942078153382,HI-VAE_piecewise
0.005195102419462219,0.9601910828025478,0.020841816896185604,0.6452588449531738,0.13968195985750403,1.0,0.4713375796178344,0.7613243482769337,HI-VAE_piecewise
0.005915934220201142,0.9596602972399152,0.021906161755730603,0.6121488033298647,0.17101245655723632,1.0,0.4267515923566879,0.7462913570826322,HI-VAE_piecewise
0.0050264785060131385,0.9644373673036095,0.027521377263651028,0.6444003642039542,0.16499806973356423,1.0,0.49044585987261147,0.74061431017723,HI-VAE_piecewise
0.0066057484855188186,0.9585987261146497,0.01907367385479056,0.6746292924037461,0.09535061674743299,1.0,0.5159235668789809,0.73678263035676,HI-VAE_piecewise
0.005524537738921351,0.9665605095541402,0.022871630108641763,0.6143535379812695,0.10631606289353371,3.0,0.47770700636942676,0.733541879250735,HI-VAE_piecewise
0.005278203362419499,0.9607218683651806,0.022094740573834502,0.6291688345473465,0.08031947602408603,1.0,0.4713375796178344,0.7422524178412145,HI-VAE_piecewise
0.004198603968306077,0.9713375796178344,0.02088609306239919,0.6167989073881375,0.09558173118275082,1.0,0.43312101910828027,0.741908955024534,HI-VAE_piecewise
0.006145946724648591,0.9623142250530786,0.018991535906168505,0.5455059833506763,0.22767908981660312,1.0,0.5095541401273885,0.7451935507703724,HI-VAE_piecewise
0.006073424641694467,0.9681528662420383,0.01758514382226217,0.5913501560874089,0.18034696226849226,2.0,0.4585987261146497,0.7514100541633933,HI-VAE_piecewise
0.006904765677671607,0.9570063694267517,0.03330172076240053,0.6654721644120707,0.10264340826371109,1.0,0.49044585987261147,0.7696238806282678,HI-VAE_piecewise
0.00800053405583628,0.9516985138004247,0.023728861130820345,0.6343522372528616,0.13898410019317176,1.0,0.43312101910828027,0.7822730545298264,HI-VAE_piecewise
0.006252510318047789,0.9633757961783441,0.020692371207543785,0.5271982310093652,0.16183571738590008,1.0,0.535031847133758,0.770021764664901,HI-VAE_piecewise
0.005138909935249375,0.9639065817409768,0.02464116178677756,0.6114919354838709,0.19847244131031963,1.0,0.45222929936305734,0.7469052916605472,HI-VAE_piecewise
0.005085181674120796,0.9665605095541401,0.014942307132000763,0.5559768470343392,0.25888133604384117,1.0,0.5159235668789809,0.725297769829166,HI-VAE_piecewise
0.006210432246575751,0.9591295116772826,0.02856804672212716,0.6095863683662851,0.07694557080134114,2.0,0.4394904458598726,0.7254789607197277,HI-VAE_piecewise
0.004484262000423071,0.964968152866242,0.016281910326831912,0.609046566077003,0.22552769009150203,2.0,0.5159235668789809,0.7582448626304691,HI-VAE_piecewise
0.005711333311454355,0.9607218683651805,0.015125633317350208,0.6290842872008324,0.22361056580581565,1.0,0.49044585987261147,0.7435854074517055,HI-VAE_piecewise
0.00688040896030253,0.9538216560509555,0.03308145010013117,0.6540712799167534,0.2398385956222697,2.0,0.4713375796178344,0.7645283963544173,HI-VAE_piecewise
0.005686448667178286,0.9644373673036094,0.028204510585593458,0.5909469302809572,0.1096733982760284,2.0,0.5031847133757962,0.7375648762388821,HI-VAE_piecewise
0.004059408263154494,0.9665605095541401,0.025054572002516616,0.580313475546306,0.21025738795611074,1.0,0.4713375796178344,0.7568640806208455,HI-VAE_piecewise
0.0062165274165342016,0.9548832271762208,0.0326517754171453,0.6231334547346514,0.20923865044586315,2.0,0.45222929936305734,0.7669683859879931,HI-VAE_piecewise
0.006321270898283732,0.9628450106157111,0.022992822260029626,0.6134625390218523,0.11116530526615966,1.0,0.47770700636942676,0.7498879698493496,HI-VAE_piecewise
0.005926434435596139,0.9623142250530785,0.022452708388194166,0.6551313735691988,0.1084195727427684,2.0,0.5159235668789809,0.7325062484714979,HI-VAE_piecewise
0.005482380087523907,0.9654989384288748,0.020660752866551918,0.6009625390218523,0.13626599202948284,1.0,0.47770700636942676,0.7345483960618205,HI-VAE_piecewise
0.0073707125874253486,0.9564755838641189,0.02905433177769414,0.6223920395421436,0.19324624846517513,2.0,0.535031847133758,0.7392660685031291,HI-VAE_piecewise
0.006575808092299231,0.9596602972399152,0.03170657825727059,0.634729448491155,0.18687679143301833,1.0,0.5031847133757962,0.7702929781388744,HI-VAE_piecewise
0.005688842052563454,0.9591295116772823,0.015977892367119006,0.6294419875130073,0.0985190274344455,2.0,0.4140127388535032,0.7557530307312791,HI-VAE_piecewise
0.005991051573820064,0.964968152866242,0.019013013817058583,0.5291298126951093,0.2081093484220099,2.0,0.43312101910828027,0.7516855948513234,HI-VAE_piecewise
0.005603684072064284,0.9644373673036094,0.023718840760015184,0.6905241935483871,0.2432042103959888,2.0,0.4840764331210191,0.7530849872963652,HI-VAE_piecewise
0.00686496489792,0.9548832271762208,0.020080763159157546,0.5923061914672216,0.12929550128275305,1.0,0.4840764331210191,0.7562076086327852,HI-VAE_piecewise
0.004273151559299692,0.9692144373673036,0.02265286094390737,0.5980944328824143,0.23178453514608544,2.0,0.4585987261146497,0.7554130067579494,HI-VAE_piecewise
0.0054684015885809005,0.9644373673036094,0.026015569162234298,0.5991285119667014,0.1556119491698732,1.0,0.46496815286624205,0.7641588491703575,HI-VAE_piecewise
0.006123457247316992,0.9601910828025476,0.02896236591987142,0.6092546826222685,0.13172547429665715,2.0,0.47770700636942676,0.7545231907516315,HI-VAE_piecewise
0.008159601499133558,0.9532908704883228,0.01726444892007032,0.6196084807492195,0.0876445796382779,3.0,0.4968152866242038,0.7405120661004447,HI-VAE_piecewise
0.005602182953867334,0.9607218683651805,0.027036953763140633,0.5882154006243496,0.17421658962482195,1.0,0.5095541401273885,0.7356715289986486,HI-VAE_piecewise
0.005794243054543606,0.9644373673036095,0.02476175186282314,0.6843977627471384,0.122493170241459,1.0,0.4968152866242038,0.7539962857275333,HI-VAE_piecewise
0.007180387552512043,0.9585987261146497,0.030702798318838046,0.5933467741935483,0.14892899955331296,1.0,0.4140127388535032,0.7421669315820367,HI-VAE_piecewise
0.006913585372994537,0.9559447983014863,0.03318957650127066,0.5789639698231009,0.099153037355476,1.0,0.4585987261146497,0.7337085637492987,HI-VAE_piecewise
0.0035792293642546782,0.9750530785562633,0.01238202032392153,0.6109001040582728,0.2328131233130211,1.0,0.5159235668789809,0.764850726786461,HI-VAE_piecewise
0.00803105158613741,0.958067940552017,0.0396358483863325,0.6584092091571281,0.07229586064232159,3.0,0.5095541401273885,0.7671831662934214,HI-VAE_piecewise
0.004594302176948444,0.9697452229299364,0.026629515759652438,0.6196670135275755,0.1419655224596011,1.0,0.4968152866242038,0.7295413062786937,HI-VAE_piecewise
0.006374253174554336,0.9559447983014863,0.025373829159576287,0.6866220083246618,0.1369883739447065,3.0,0.445859872611465,0.726421708700227,HI-VAE_piecewise
0.008416741710109622,0.9501061571125266,0.025142876700124724,0.6436264308012487,0.09483490375406586,1.0,0.47770700636942676,0.7498801943517864,HI-VAE_piecewise
0.005986543753236679,0.9660297239915074,0.03273993589204619,0.6189711238293445,0.07949988315076147,3.0,0.4585987261146497,0.745553622118081,HI-VAE_piecewise
0.004892725974425435,0.9654989384288748,0.016641086639248844,0.53920395421436,0.20086874596500262,1.0,0.4585987261146497,0.7386768158979314,HI-VAE_piecewise
0.006978044494463927,0.9463906581740976,0.032201662965930106,0.6343067117585848,0.12441394079161293,1.0,0.47770700636942676,0.7612942735227322,HI-VAE_piecewise
0.005691599508118604,0.9612526539278132,0.029505159570968952,0.5934833506763788,0.09388395626307632,2.0,0.45222929936305734,0.7537396255095122,HI-VAE_piecewise
0.008245926202858354,0.9516985138004247,0.0334736664623727,0.649544745057232,0.12103349930161898,1.0,0.3885350318471338,0.7413262229188043,HI-VAE_piecewise
0.00590649470975558,0.9596602972399152,0.03431966923143319,0.6607375130072841,0.25848396485326197,3.0,0.4840764331210191,0.7309852625437343,HI-VAE_piecewise
0.004912992805474359,0.9639065817409768,0.04320530106068764,0.6565231529656608,0.21196691811098028,1.0,0.43312101910828027,0.7501408826595716,HI-VAE_piecewise
0.006165750684624198,0.9575371549893844,0.02402170433272675,0.6184183142559834,0.2111969296104826,1.0,0.4394904458598726,0.7441075932384494,HI-VAE_piecewise
0.007435377145628092,0.951167728237792,0.023073901769325163,0.6343132154006244,0.10884324057053614,3.0,0.445859872611465,0.7550786737335974,HI-VAE_piecewise
0.0074048815394447175,0.955944798301486,0.02675086943091828,0.582628772112383,0.09403787530150484,3.0,0.4394904458598726,0.726315510495505,HI-VAE_piecewise
0.007942507762529428,0.9575371549893843,0.024769886366774962,0.5778290842872009,0.07308931825811656,1.0,0.5031847133757962,0.74470138452878,HI-VAE_piecewise
0.005964251213232447,0.9554140127388536,0.03408006042675334,0.675624349635796,0.3098565006589279,1.0,0.49044585987261147,0.7758301345364724,HI-VAE_piecewise
0.007874458136854891,0.9601910828025478,0.03506851946457226,0.5771527055150886,0.20554537203671913,2.0,0.4713375796178344,0.7513228455849367,HI-VAE_piecewise
0.00674342092935178,0.958067940552017,0.01823083629775099,0.6531152445369406,0.24607603092111166,1.0,0.445859872611465,0.7504706032624373,HI-VAE_piecewise
0.006696266176087408,0.9617834394904459,0.03237798089356204,0.6005853277835588,0.10381678464264542,3.0,0.4394904458598726,0.7524365286936927,HI-VAE_piecewise
0.0048540479891024755,0.9676220806794055,0.026079710504450196,0.5976196670135276,0.17943922498795284,2.0,0.5095541401273885,0.7283775380063162,HI-VAE_piecewise
0.007452957932123266,0.9554140127388536,0.017248335774827518,0.6261836628511966,0.18943982199179013,2.0,0.5222929936305732,0.7516216176457576,HI-VAE_piecewise
0.005430269692867261,0.9649681528662422,0.020412452859355425,0.661335848074922,0.22309293078635767,2.0,0.5095541401273885,0.7442137324318532,HI-VAE_piecewise
0.004803865417280804,0.9676220806794055,0.03346870897662802,0.6280306971904266,0.06625009413152241,2.0,0.42038216560509556,0.7697216488794377,HI-VAE_piecewise
0.006283159227685384,0.9639065817409765,0.0207834023709579,0.5987513007284078,0.15156417740398384,2.0,0.4585987261146497,0.7465793352186441,HI-VAE_piecewise
0.0062718090279647,0.9607218683651806,0.023034502787021634,0.6624284599375649,0.14998426155654807,1.0,0.45222929936305734,0.7444199091783049,HI-VAE_piecewise
0.004573578909624621,0.9660297239915074,0.01985737555201392,0.5401860041623309,0.12000541897649271,1.0,0.4968152866242038,0.7543539146522467,HI-VAE_piecewise
0.005497343680995904,0.9623142250530785,0.022687022002951134,0.5815751821019771,0.2162582778467301,1.0,0.5286624203821656,0.7451536558235671,HI-VAE_piecewise
0.006002788548929648,0.9623142250530786,0.016437899817743587,0.5673907388137357,0.08721252894105617,1.0,0.4840764331210191,0.7577174012865455,HI-VAE_piecewise
0.006592514223982907,0.9591295116772826,0.024730548804887682,0.5720278355879291,0.11211193270747914,1.0,0.4267515923566879,0.7266696569249681,HI-VAE_piecewise
0.0047988582447607165,0.9676220806794055,0.024445671369795533,0.5823491155046826,0.18348098944640334,1.0,0.4968152866242038,0.7649122918002641,HI-VAE_piecewise
0.004772542200784944,0.9665605095541401,0.028884640679451377,0.6189190946930281,0.10795426951981106,1.0,0.5159235668789809,0.7580870501246929,HI-VAE_piecewise
0.005868294620907029,0.9543524416135881,0.07015729554490789,0.618366285119667,0.1288744995610709,1.0,0.5286624203821656,0.7592485750290419,HI-VAE_piecewise
0.0050652092694105305,0.9681528662420383,0.018302744467102255,0.630085848074922,0.10691193413279566,1.0,0.5095541401273885,0.7516643195613834,HI-VAE_piecewise
0.00618036081898975,0.9591295116772826,0.02534005596703384,0.6469497918834547,0.1311620155107812,2.0,0.4140127388535032,0.7716493655929456,HI-VAE_piecewise
0.005643912721288045,0.9639065817409768,0.029718876566141014,0.6117715920915713,0.09039228599297781,2.0,0.5095541401273885,0.743515155443365,HI-VAE_piecewise
0.005942046358312019,0.9654989384288747,0.019384018934554922,0.6040387617065557,0.17780485120218092,1.0,0.46496815286624205,0.7538312196311913,HI-VAE_piecewise
0.006887448065396107,0.954883227176221,0.027640538337163352,0.571462018730489,0.07100455117628626,2.0,0.47770700636942676,0.7527108914454064,HI-VAE_piecewise
0.0082576096781833,0.9506369426751592,0.027390992568343958,0.6561914672216441,0.09034707612937307,2.0,0.535031847133758,0.757515254955761,HI-VAE_piecewise
0.0071460982442393605,0.9548832271762208,0.02819164260100572,0.6426378772112383,0.1519740364124883,2.0,0.43312101910828027,0.7496019324370852,HI-VAE_piecewise
0.004764568764308443,0.9670912951167728,0.023419143772890224,0.6694263787721123,0.14505454568896867,1.0,0.40764331210191085,0.743132560714799,HI-VAE_piecewise
0.006549516730275261,0.9628450106157113,0.02175868519739234,0.5966701352757544,0.19325363651959765,1.0,0.535031847133758,0.749338904407063,HI-VAE_piecewise
0.005915116550201597,0.9639065817409765,0.03510236082934155,0.6662135796045786,0.11169018171283529,1.0,0.43312101910828027,0.7293862843109414,HI-VAE_piecewise
0.005246434566084324,0.9670912951167727,0.020083396562224003,0.5792273673257023,0.23683570398133671,1.0,0.49044585987261147,0.7679991312741191,HI-VAE_piecewise
0.005014104219738248,0.9665605095541401,0.024324355753643608,0.6593847554630592,0.12021329898304231,2.0,0.4713375796178344,0.7320313902068382,HI-VAE_piecewise
0.006464118031123328,0.9585987261146497,0.023453009748706087,0.6278225806451613,0.08866689837930239,1.0,0.5222929936305732,0.7471723653609911,HI-VAE_piecewise
0.0050923859620377885,0.9670912951167728,0.024142823573367934,0.5878381893860563,0.21493120354217593,2.0,0.40764331210191085,0.7495255079873725,HI-VAE_piecewise
0.005261565706133127,0.9697452229299364,0.025968491492838777,0.6459807492195629,0.23416573115486025,2.0,0.40764331210191085,0.7253019840498159,HI-VAE_piecewise
0.0075106647891371075,0.958067940552017,0.024852654801911057,0.6055280957336109,0.1685987473221766,2.0,0.49044585987261147,0.7410786209228069,HI-VAE_piecewise
0.0059253002880873965,0.9654989384288748,0.02966250333214635,0.6472749739854318,0.15653046890308328,1.0,0.4840764331210191,0.7454118619398987,HI-VAE_piecewise
0.007460197385523375,0.9538216560509555,0.018416959804457782,0.6304955775234131,0.21946661207890716,1.0,0.4140127388535032,0.7571099733751582,HI-VAE_piecewise
0.004627180133385261,0.9739915074309979,0.022236901135397804,0.558578303850156,0.1865452362508014,2.0,0.535031847133758,0.7663383901558549,HI-VAE_piecewise
0.00793406210885523,0.955944798301486,0.03397100848406535,0.6832921436004162,0.14622428473932014,1.0,0.43312101910828027,0.7505311848671828,HI-VAE_piecewise
0.006650428428354955,0.9639065817409768,0.032330738924923566,0.6171436004162331,0.15945674163380252,1.0,0.4394904458598726,0.7404844064101487,HI-VAE_piecewise
0.005200021340031508,0.9639065817409765,0.0297316855898154,0.677087669094693,0.09082549318705822,3.0,0.445859872611465,0.7326820630513579,HI-VAE_piecewise
0.006760813542455876,0.9591295116772823,0.022952393189489717,0.6330840270551509,0.08784195416563942,1.0,0.46496815286624205,0.7569224111140498,HI-VAE_piecewise
0.0061598733142654615,0.9654989384288747,0.02199742422460167,0.6443613423517169,0.20067678373754463,1.0,0.4394904458598726,0.7703428786881953,HI-VAE_piecewise
0.005282664531445144,0.9644373673036094,0.0329126269641709,0.6268210197710717,0.08500636488358451,3.0,0.4713375796178344,0.7471456867284748,HI-VAE_piecewise
0.00508352932009311,0.9665605095541402,0.022702096141673647,0.6071605098855359,0.14316182474571099,1.0,0.4267515923566879,0.7660430989249979,HI-VAE_piecewise
0.00608526756752165,0.9607218683651805,0.021424243847443215,0.616506243496358,0.09052198629864582,4.0,0.5031847133757962,0.7617630809238439,HI-VAE_piecewise
0.005750984433998507,0.9639065817409765,0.024542817366272306,0.6081685744016649,0.12923971444551122,1.0,0.49044585987261147,0.7575510014156044,HI-VAE_piecewise
0.006214218677038933,0.9612526539278132,0.02105724837796279,0.6178459937565035,0.10606455669419955,3.0,0.4394904458598726,0.7603313889584501,HI-VAE_piecewise
0.005560354438010461,0.964968152866242,0.030789975868970063,0.6502926638917794,0.1847593902648528,1.0,0.5222929936305732,0.7646171209442281,HI-VAE_piecewise
0.004997674871215714,0.9654989384288748,0.02476541691815756,0.5907062955254943,0.2881938381164798,2.0,0.4840764331210191,0.7472031076923695,HI-VAE_piecewise
0.0064066776079917355,0.9570063694267517,0.023161716314246555,0.6295980749219563,0.1969237689242876,1.0,0.535031847133758,0.7482590246770143,HI-VAE_piecewise
0.00413209392448488,0.9681528662420381,0.019799254784719493,0.5990634755463059,0.24305693356636537,1.0,0.4840764331210191,0.771725638250064,HI-VAE_piecewise
0.007232380848283854,0.9543524416135881,0.030611878769260237,0.6104318418314255,0.19885092749671926,1.0,0.4267515923566879,0.7707715399635195,HI-VAE_piecewise
0.005758138774615538,0.9654989384288748,0.02477884602391018,0.6507154006243496,0.25295779513769756,2.0,0.45222929936305734,0.7643249690438443,HI-VAE_piecewise
0.003928818442447719,0.9750530785562632,0.019826048909228955,0.6062760145681583,0.1802259362357334,1.0,0.47770700636942676,0.7633743050706686,HI-VAE_piecewise
0.006615259000991085,0.9628450106157115,0.023093408512213396,0.6688995837669095,0.14741111380665095,1.0,0.445859872611465,0.73675192221118,HI-VAE_piecewise
0.0066578865059354515,0.9585987261146497,0.024986809475545543,0.6076417793964619,0.13803209274968892,1.0,0.4394904458598726,0.7508459887834772,HI-VAE_piecewise
0.0077430261265117465,0.9511677282377918,0.03497924199383945,0.6025169094693028,0.149265571221109,1.0,0.4585987261146497,0.7385325491665456,HI-VAE_piecewise
0.005607100885663958,0.9612526539278132,0.024396938392710815,0.5416688345473466,0.107444225781654,2.0,0.49044585987261147,0.7474784695098554,HI-VAE_piecewise
0.005433674957638086,0.964968152866242,0.018283255442501072,0.6094888137356921,0.11367371863099392,1.0,0.4713375796178344,0.752311071534703,HI-VAE_piecewise
0.006041282916967434,0.9585987261146497,0.02261740194805806,0.630768730489074,0.16867499948368364,1.0,0.45222929936305734,0.7438344676014103,HI-VAE_piecewise
0.006008767373537965,0.9623142250530785,0.02532746769331179,0.6057817377731529,0.1272687451870352,1.0,0.445859872611465,0.7623899531974847,HI-VAE_piecewise
0.007010422274438015,0.9585987261146496,0.026204638936344803,0.5837473985431842,0.08936223339431092,6.0,0.4394904458598726,0.7500410772033259,HI-VAE_piecewise
0.006912546397911816,0.9633757961783439,0.020730841371421147,0.7123699271592091,0.10231993564487543,1.0,0.49044585987261147,0.7333384488237743,HI-VAE_piecewise
0.006185215266880346,0.958067940552017,0.02739469853544946,0.679233870967742,0.1470788251350928,2.0,0.4012738853503185,0.7537186954027407,HI-VAE_piecewise
0.006641329782260614,0.9601910828025478,0.017721184010019375,0.6308207596253902,0.12734127852865199,1.0,0.4585987261146497,0.762229191574007,HI-VAE_piecewise
0.0062922299184356165,0.9575371549893843,0.03923576705307183,0.5999934963579603,0.2821294786792706,2.0,0.5159235668789809,0.7572917547100636,HI-VAE_piecewise
0.0053710344347118215,0.9623142250530785,0.024981356727020163,0.6342481789802289,0.17611231308419215,1.0,0.5095541401273885,0.7279010957745953,HI-VAE_piecewise
0.006007954722933635,0.9617834394904459,0.016547952998288956,0.6093132154006244,0.23773578638783444,2.0,0.5031847133757962,0.7686124391269924,HI-VAE_piecewise
0.005577921299547176,0.9623142250530785,0.030897800650057768,0.6458246618106138,0.12769271275310973,1.0,0.5414012738853503,0.7226945385506955,HI-VAE_piecewise
0.007211261630403146,0.9564755838641189,0.024131668596116873,0.6615602237252862,0.18271033622259297,1.0,0.46496815286624205,0.7499384486136409,HI-VAE_piecewise
0.006528235761290086,0.9564755838641189,0.027658091898927584,0.6034729448491154,0.20709364921884202,2.0,0.5031847133757962,0.7595366408767463,HI-VAE_piecewise
0.004547963454794151,0.9660297239915074,0.024284036800334634,0.6454799687825182,0.12159434775333215,1.0,0.47770700636942676,0.7653934794089384,HI-VAE_piecewise
0.03157869424012542,0.7983014861995753,0.06388594412316247,0.9973790322580645,0.19604999818199217,1.0,0.050955414012738856,0.755574353954241,Surv-GAN
0.03407848764444449,0.7882165605095541,0.06394750459340051,0.9898998439125911,0.21165711387419736,1.0,0.044585987261146494,0.7310513507692217,Surv-GAN
0.03399886393943217,0.7919320594479831,0.054435317106080364,0.992527315296566,0.20736924516227956,2.0,0.05732484076433121,0.7510257850747611,Surv-GAN
0.02988120814013527,0.8110403397027602,0.03571509447127092,0.9893145161290324,0.2164845325974146,1.0,0.044585987261146494,0.7485402788390437,Surv-GAN
0.03249193711211204,0.8009554140127388,0.054554383071137795,0.9903225806451612,0.21759837630020623,1.0,0.044585987261146494,0.7808230002461929,Surv-GAN
0.03253531317548072,0.8014861995753716,0.04889580178377763,0.9971774193548388,0.20408042068259838,2.0,0.050955414012738856,0.7791824316854108,Surv-GAN
0.03320700873518959,0.7967091295116773,0.05260060559202097,0.9892137096774192,0.21371501109947963,1.0,0.044585987261146494,0.733373381785358,Surv-GAN
0.03153748812532872,0.8030785562632697,0.0656576568032429,0.9960685483870968,0.15143756890929885,2.0,0.044585987261146494,0.7559978373253685,Surv-GAN
0.03219122635448167,0.8020169851380042,0.0628321244383348,0.9902217741935484,0.15954279368214616,6.0,0.044585987261146494,0.7459526565743333,Surv-GAN
0.03284328505483936,0.7945859872611466,0.07307879232413382,0.999092741935484,0.15390147490266481,6.0,0.050955414012738856,0.7638450508417379,Surv-GAN
0.03347075507024241,0.7956475583864119,0.06490757379706898,0.991733870967742,0.1511859116689677,6.0,0.050955414012738856,0.7785879128521518,Surv-GAN
0.03435142156956789,0.7845010615711253,0.06617857752087263,0.9930443548387096,0.22221508904685333,1.0,0.03821656050955414,0.748048852643842,Surv-GAN
0.035576246272832554,0.7839702760084926,0.07537593356959486,0.9967741935483871,0.15575921850842747,3.0,0.044585987261146494,0.7574472909102303,Surv-GAN
0.03374294889550603,0.7951167728237792,0.0586847937478773,0.9893145161290324,0.16075079210348678,7.0,0.050955414012738856,0.7741517040801622,Surv-GAN
0.03033647628637884,0.8089171974522292,0.05134250645096664,0.9894380853277834,0.2086520810332044,1.0,0.044585987261146494,0.7689066488054733,Surv-GAN
0.03130566210814901,0.8083864118895967,0.04723364926155809,0.9845993756503642,0.1734054366291138,9.0,0.050955414012738856,0.7470691324284218,Surv-GAN
0.033478232598013906,0.8014861995753715,0.06269906058633654,0.9869959677419355,0.15809344307947062,2.0,0.050955414012738856,0.7409049768315117,Surv-GAN
0.033689882319027746,0.7967091295116774,0.05474177525144404,0.9903225806451612,0.21352922796781,1.0,0.050955414012738856,0.7292914598028616,Surv-GAN
0.029703201697157514,0.8099787685774947,0.05795157218661541,0.9915322580645161,0.19708049144500858,1.0,0.044585987261146494,0.740096383226747,Surv-GAN
0.03214478857026027,0.7998938428874734,0.06479141123656548,0.9955645161290324,0.16332571249006744,8.0,0.044585987261146494,0.7672994931813614,Surv-GAN
0.032748262401881605,0.7935244161358811,0.07123337622135574,0.9942540322580644,0.14959588969179716,5.0,0.03821656050955414,0.7696804691102793,Surv-GAN
0.03185489239033026,0.8046709129511678,0.04706930913800731,0.9903225806451612,0.21726432953778735,1.0,0.044585987261146494,0.7361536023808524,Surv-GAN
0.03150706851809444,0.8036093418259022,0.05677113772270723,0.9933370187304892,0.16299393727530498,5.0,0.050955414012738856,0.7461807322046317,Surv-GAN
0.0331636227267549,0.7935244161358811,0.06901520053926583,0.9951612903225806,0.17388380180591384,1.0,0.050955414012738856,0.779644584167987,Surv-GAN
0.03229630656041608,0.798832271762208,0.07451006371641683,0.9859879032258064,0.16732514050510086,2.0,0.044585987261146494,0.7544492539475867,Surv-GAN
0.03131519225552984,0.8057324840764332,0.05656228352765006,0.9964717741935484,0.19020133245158038,1.0,0.044585987261146494,0.7615836174584404,Surv-GAN
0.03161765371575425,0.8020169851380042,0.06482400186586552,0.9936491935483872,0.15880818566495317,3.0,0.03821656050955414,0.7505669765970865,Surv-GAN
0.03521495318530892,0.7860934182590235,0.06751144055216089,0.9935483870967742,0.13900852125609114,7.0,0.05732484076433121,0.7809240903619667,Surv-GAN
0.03351336668933354,0.7908704883227177,0.07534498628013389,0.9903225806451612,0.16518746150535096,6.0,0.050955414012738856,0.7659889199280798,Surv-GAN
0.035796625296657926,0.7850318471337578,0.0713860741826424,0.9859033558792923,0.15220183208021554,9.0,0.044585987261146494,0.7563126018561361,Surv-GAN
0.03498867394105098,0.7882165605095541,0.05945877344426351,0.9885080645161292,0.17409110626550875,1.0,0.044585987261146494,0.7579102315256219,Surv-GAN
0.032594200727163215,0.8009554140127388,0.055748539547901876,0.9903225806451612,0.21850331277008023,2.0,0.044585987261146494,0.7387291318258742,Surv-GAN
0.03022649640457402,0.8126326963906582,0.05309944919395218,0.9967741935483871,0.20807404338290528,1.0,0.044585987261146494,0.7610221242142783,Surv-GAN
0.032397335435229734,0.8020169851380045,0.055537204258091395,0.996774193548387,0.21865201942884474,1.0,0.044585987261146494,0.7590792201844286,Surv-GAN
0.03547818024346212,0.7855626326963906,0.06913734858515337,0.9974798387096774,0.15130499956437177,5.0,0.06369426751592357,0.7482498387056226,Surv-GAN
0.03380223191916894,0.7940552016985137,0.060636486691065465,0.9903225806451612,0.15718951416248003,4.0,0.050955414012738856,0.7499870104181984,Surv-GAN
0.031032534215922225,0.8046709129511678,0.05810777508677628,0.9899193548387096,0.20324265976805395,2.0,0.044585987261146494,0.78368811411446,Surv-GAN
0.035186293915462026,0.7866242038216561,0.06896206830110987,0.9887096774193548,0.21656490411181548,1.0,0.03184713375796178,0.7538833166762392,Surv-GAN
0.03061887634657356,0.8099787685774947,0.06750108429849978,0.995766129032258,0.1556793119506087,6.0,0.044585987261146494,0.7496035557919657,Surv-GAN
0.03095858053410216,0.8046709129511678,0.050203647292589845,0.9967741935483871,0.21539021028528343,1.0,0.044585987261146494,0.7364353897244234,Surv-GAN
0.03717614949233393,0.7754777070063694,0.06630086691279123,0.9978830645161292,0.21025542702545805,1.0,0.044585987261146494,0.7697507253118082,Surv-GAN
0.035814043992199264,0.7850318471337578,0.06034074485776997,0.9990862382934443,0.21663462129192237,1.0,0.044585987261146494,0.7786404853881627,Surv-GAN
0.033986898222408184,0.7898089171974522,0.07895975324282517,0.9976814516129032,0.1533887886869346,3.0,0.044585987261146494,0.7590638995209895,Surv-GAN
0.03213332983312015,0.7983014861995755,0.06187546776825568,0.9858870967741936,0.21994948396299524,1.0,0.044585987261146494,0.7886094460512902,Surv-GAN
0.03264605127605965,0.7961783439490446,0.052846501726736356,0.9967741935483871,0.22724606377653345,1.0,0.044585987261146494,0.7557141679607918,Surv-GAN
0.032967042472114155,0.7993630573248408,0.0476456287763771,0.9923387096774194,0.17273671896192747,1.0,0.06369426751592357,0.7658297463995102,Surv-GAN
0.03321066522679537,0.7945859872611466,0.05438314536969241,0.9966733870967742,0.21330699652890994,1.0,0.050955414012738856,0.7555534603809976,Surv-GAN
0.03307730982844263,0.7967091295116773,0.05731037197042088,0.9936491935483872,0.21163922138968266,2.0,0.044585987261146494,0.7811874436879437,Surv-GAN
0.03594186566473665,0.785031847133758,0.05180432236027071,0.9885535900104058,0.17436984664502303,1.0,0.03821656050955414,0.7702604762917628,Surv-GAN
0.03434739023628004,0.7892781316348195,0.06117981804487155,0.9905241935483872,0.22272456875956262,1.0,0.044585987261146494,0.7754012228007783,Surv-GAN
0.03315631257656459,0.7924628450106157,0.0737990337942531,0.9967741935483871,0.20479833652781873,1.0,0.044585987261146494,0.7503471300174983,Surv-GAN
0.032500399870343456,0.8025477707006371,0.050542780703771495,0.9956653225806452,0.21536844373629016,1.0,0.044585987261146494,0.7450961484804279,Surv-GAN
0.034558085008313574,0.7791932059447984,0.07485576932897137,0.9967741935483871,0.21961131535221332,2.0,0.044585987261146494,0.7393091829701491,Surv-GAN
0.03514786990903802,0.7903397027600848,0.057588786700886886,0.9992943548387097,0.16179561545077717,5.0,0.050955414012738856,0.7832010888148558,Surv-GAN
0.03436268763350052,0.7882165605095542,0.06994842567332366,0.989616935483871,0.20145455686878377,1.0,0.044585987261146494,0.7589459434533341,Surv-GAN
0.033450648840030205,0.7956475583864119,0.055311622481927614,0.9904233870967742,0.18288932437807195,1.0,0.044585987261146494,0.7547965723135065,Surv-GAN
0.03355771422597146,0.7924628450106157,0.05981640929762502,0.995866935483871,0.1992132991009732,1.0,0.044585987261146494,0.7749109403145158,Surv-GAN
0.03297667083346823,0.7914012738853504,0.07660188181403965,0.9902185223725286,0.21730898047844213,1.0,0.050955414012738856,0.759890651783601,Surv-GAN
0.0342914228883188,0.7908704883227177,0.055921846906563384,0.9931451612903226,0.2193500692052681,1.0,0.050955414012738856,0.7697921498476338,Surv-GAN
0.03371294646111911,0.7924628450106157,0.056365366637098735,0.996774193548387,0.23213848897209716,1.0,0.044585987261146494,0.7571736361375172,Surv-GAN
0.03346986897929557,0.7977707006369427,0.05717263246037009,0.991633064516129,0.2106359444503501,1.0,0.050955414012738856,0.7776214967335379,Surv-GAN
0.03457906057060786,0.7866242038216561,0.07081678388843572,0.9984879032258064,0.20581673397998512,1.0,0.050955414012738856,0.750245888328497,Surv-GAN
0.03511289733238033,0.7845010615711253,0.07802262292099531,0.9842741935483872,0.15541278176594933,5.0,0.050955414012738856,0.7629283338546831,Surv-GAN
0.03300403159970072,0.795647558386412,0.06985217358585903,0.9964717741935484,0.1969490359729432,1.0,0.05732484076433121,0.7714270276432736,Surv-GAN
0.03277180818464088,0.7977707006369427,0.06478874057088788,0.9851814516129032,0.15402211994056486,4.0,0.050955414012738856,0.7492967419010333,Surv-GAN
0.033227009542240074,0.7998938428874734,0.053900999695356965,0.9967741935483871,0.16062384370097274,4.0,0.044585987261146494,0.7613545707748244,Surv-GAN
0.033449241773365064,0.79723991507431,0.05371619386701712,0.9930443548387096,0.20290663216929844,1.0,0.044585987261146494,0.7478015321485882,Surv-GAN
0.030858794855143507,0.8099787685774947,0.06294601224270695,0.9967741935483871,0.15782421476541222,4.0,0.05732484076433121,0.7636915477361099,Surv-GAN
0.03335291950299576,0.7983014861995755,0.053183571868989275,0.9902152705515089,0.20225504692311816,1.0,0.050955414012738856,0.7547135428182875,Surv-GAN
0.033034813036155915,0.7919320594479831,0.07264149905246463,0.9899193548387096,0.21011552728610955,1.0,0.044585987261146494,0.7488691197985285,Surv-GAN
0.03133212401896956,0.8052016985138005,0.0624429244677814,0.9918346774193548,0.16180667033291232,3.0,0.050955414012738856,0.7592332470018446,Surv-GAN
0.034474667756963256,0.7855626326963906,0.07355590363894425,0.9967741935483871,0.1697256788837389,9.0,0.044585987261146494,0.7693169794289688,Surv-GAN
0.0332121976444805,0.7951167728237793,0.07609006610468959,0.9914314516129032,0.14710215425990145,5.0,0.06369426751592357,0.7747735074983958,Surv-GAN
0.036288663718552654,0.7829087048832272,0.0655413921707175,0.9840725806451612,0.15258872088337558,7.0,0.050955414012738856,0.766659578630273,Surv-GAN
0.034396819925784756,0.7919320594479831,0.057721852813483,0.9967741935483871,0.21330048973203303,1.0,0.044585987261146494,0.7615203740298515,Surv-GAN
0.0345127238910843,0.7924628450106157,0.055588284241324455,0.991633064516129,0.17090836000873294,8.0,0.05732484076433121,0.7639934231211808,Surv-GAN
0.03388094163432947,0.7940552016985137,0.05661813163122115,0.9971774193548388,0.21319177657615104,1.0,0.03184713375796178,0.7475813288767922,Surv-GAN
0.032658852764553305,0.7993630573248408,0.054251005550655956,0.9905241935483872,0.22279980957490075,1.0,0.050955414012738856,0.762576015803057,Surv-GAN
0.03290683819105893,0.79723991507431,0.062488678463471066,0.9934475806451613,0.23294236224654127,1.0,0.050955414012738856,0.7391454718052672,Surv-GAN
0.03144224690689043,0.8036093418259024,0.07380629729210102,0.9898185483870968,0.15911191770114477,3.0,0.05732484076433121,0.7758649888261464,Surv-GAN
0.033415722972598684,0.7908704883227177,0.06377578617753406,0.9879032258064516,0.2220753276306642,1.0,0.044585987261146494,0.7633373651137645,Surv-GAN
0.03375061049800593,0.7929936305732485,0.0651207655389362,0.9871975806451612,0.19927916029371695,1.0,0.044585987261146494,0.7638236052220876,Surv-GAN
0.03388461613990346,0.791932059447983,0.06346857334193173,0.9923387096774194,0.20361836874113698,1.0,0.050955414012738856,0.7798074905795511,Surv-GAN
0.03094677687176735,0.8073248407643313,0.0645885380485936,0.9975806451612904,0.15931127618464672,5.0,0.050955414012738856,0.762714473710507,Surv-GAN
0.035419937987443,0.7802547770700636,0.07157207414390532,0.9867943548387096,0.21975140538491977,1.0,0.050955414012738856,0.7612378935970038,Surv-GAN
0.035147355206768094,0.7866242038216562,0.06700526223063295,0.9903225806451612,0.1746091679926046,4.0,0.044585987261146494,0.7487807660206358,Surv-GAN
0.032276093426695025,0.7988322717622082,0.060697609011381735,0.9883064516129032,0.20817516733181246,1.0,0.044585987261146494,0.7189449902817817,Surv-GAN
0.03206973706944573,0.79723991507431,0.06291405029441952,0.9960685483870968,0.22760709104903565,1.0,0.044585987261146494,0.7716272921610717,Surv-GAN
0.03097388020489551,0.8067940552016984,0.06107950002759207,0.994858870967742,0.17728612000649108,1.0,0.05732484076433121,0.7594108897259753,Surv-GAN
0.032042749767294425,0.7961783439490446,0.0812496119621219,0.986491935483871,0.17773438566501465,1.0,0.050955414012738856,0.7624708149982086,Surv-GAN
0.03275966340255529,0.8025477707006369,0.05839508017538519,0.9917273673257023,0.15182069104983326,6.0,0.050955414012738856,0.7651276979916559,Surv-GAN
0.033810490019257795,0.7956475583864119,0.06912061397680032,0.987285379812695,0.15481403335130012,2.0,0.050955414012738856,0.747348421938119,Surv-GAN
0.03448709964653537,0.7961783439490446,0.05898999082348356,0.9902185223725286,0.23229963033873752,1.0,0.044585987261146494,0.7672964888731197,Surv-GAN
0.029584215278334627,0.8073248407643313,0.05422104832292406,0.9936556971904267,0.21715257038060184,1.0,0.044585987261146494,0.7558212916699563,Surv-GAN
0.034737043529972846,0.7882165605095541,0.07693410464568276,0.9938443028095734,0.15626555604706407,4.0,0.044585987261146494,0.7890932545982716,Surv-GAN
0.033489621776924834,0.7924628450106157,0.06962796528475386,0.9930443548387096,0.150829467248266,2.0,0.06369426751592357,0.7643940752357831,Surv-GAN
0.033217960386782173,0.7977707006369427,0.0535457072869505,0.9903225806451612,0.1966968933758863,2.0,0.044585987261146494,0.7410472588438023,Surv-GAN
0.03100112248163177,0.8025477707006369,0.0736478586756962,0.9936491935483872,0.16403061929520282,2.0,0.050955414012738856,0.7642730509114374,Surv-GAN
0.034249603700799054,0.7882165605095542,0.07516258292649917,0.9955645161290324,0.21457612634374917,1.0,0.044585987261146494,0.7443450333983272,Surv-GAN
0.03274057334438724,0.7998938428874734,0.059767647901823644,0.9900104058272632,0.20498185751513723,1.0,0.044585987261146494,0.7588540902678064,Surv-GAN
0.032075396643851804,0.79723991507431,0.06857161224541286,0.9967741935483871,0.18156770551589815,1.0,0.044585987261146494,0.7616706348841674,Surv-GAN
0.03359207768141848,0.7940552016985137,0.05769231143840881,0.9924395161290323,0.208982118231926,1.0,0.05732484076433121,0.7757285653662905,Surv-GAN
0.03301362788913731,0.7977707006369427,0.05166294534878145,0.988293444328824,0.2115296592384407,2.0,0.050955414012738856,0.7795013933508818,Surv-GAN
0.03472126306585749,0.7929936305732485,0.06317980063494083,0.9940524193548388,0.15579599501358493,4.0,0.05732484076433121,0.7785030546517678,Surv-GAN
0.03236877810100458,0.8025477707006369,0.05384231455985269,0.989516129032258,0.215200457803948,1.0,0.044585987261146494,0.7598264421679498,Surv-GAN
0.034001386783168316,0.7956475583864119,0.0609980459835528,0.9962701612903224,0.15626253986316213,6.0,0.050955414012738856,0.7631270794806352,Surv-GAN
0.03356449927181351,0.7961783439490446,0.06968186887202484,0.986618756503642,0.21316739567875667,1.0,0.05732484076433121,0.7634463753994596,Surv-GAN
0.0341606833388274,0.7945859872611466,0.06554909851351044,0.9984879032258064,0.2024083419635672,1.0,0.044585987261146494,0.7620975437242911,Surv-GAN
0.03500023393284733,0.7908704883227177,0.0701836075143954,0.9871910770031217,0.16870242110065176,4.0,0.05732484076433121,0.7649859231139188,Surv-GAN
0.03326782072177797,0.7945859872611464,0.06179262430458232,0.9967741935483871,0.16051139582486848,4.0,0.05732484076433121,0.7549212533267012,Surv-GAN
0.03391699609710203,0.7908704883227177,0.062463086747306266,0.9966733870967742,0.21415977598516028,1.0,0.050955414012738856,0.7462842748720663,Surv-GAN
0.03462659962784583,0.7871549893842887,0.06557405609119442,0.9980749219562955,0.1537922291684571,4.0,0.06369426751592357,0.7715352289290505,Surv-GAN
0.03647244619213246,0.7818471337579619,0.06869709535960063,0.9918346774193548,0.1662847532820365,6.0,0.044585987261146494,0.758088636132301,Surv-GAN
0.034696616709878315,0.7860934182590235,0.06348760260968116,0.9976814516129032,0.1615969271210743,5.0,0.044585987261146494,0.7563662361771912,Surv-GAN
0.03278537414030085,0.7940552016985137,0.06663003750659079,0.9872983870967742,0.21996996166401003,1.0,0.03821656050955414,0.7648115584439256,Surv-GAN
0.03198987012593992,0.804140127388535,0.055738495045693934,0.9872983870967742,0.19927477949032588,1.0,0.044585987261146494,0.7561149694625008,Surv-GAN
0.033763598065385876,0.7929936305732485,0.06836615079035634,0.9912298387096774,0.1581168881504199,2.0,0.05732484076433121,0.7868604860154572,Surv-GAN
0.03187718497213945,0.8046709129511678,0.06254779778496238,0.9943548387096776,0.15297716171447576,4.0,0.050955414012738856,0.7474819340308064,Surv-GAN
0.03284361358677704,0.7998938428874734,0.06150009100382757,0.9968099635796046,0.20957564062442158,1.0,0.044585987261146494,0.7671133854077098,Surv-GAN
0.035648766580059894,0.7866242038216561,0.06719922402745312,0.9878251821019772,0.16544358119165947,3.0,0.050955414012738856,0.7664226673369617,Surv-GAN
0.03260300101146891,0.8025477707006369,0.0640874634031406,0.9885080645161292,0.15382969445536812,1.0,0.044585987261146494,0.7776367012041726,Surv-GAN
0.03668308802781283,0.7754777070063694,0.0632514556944571,0.9967741935483871,0.22125205663254263,1.0,0.044585987261146494,0.7639866936592815,Surv-GAN
0.032202162305569375,0.8004246284501062,0.06508744935290958,0.9929435483870968,0.22105157163117886,1.0,0.05732484076433121,0.7550935535795555,Surv-GAN
0.033654168258811734,0.7935244161358811,0.0688515606351644,0.995967741935484,0.16099243422960796,5.0,0.044585987261146494,0.7592656886267859,Surv-GAN
0.03161570834374871,0.7993630573248408,0.062467720603037354,0.9962701612903226,0.21382627292857712,1.0,0.050955414012738856,0.7532874330970145,Surv-GAN
0.034449653786829466,0.7924628450106157,0.05316391964176285,0.9871975806451612,0.1997386658285122,1.0,0.050955414012738856,0.7639416043808981,Surv-GAN
0.03307335396587215,0.7977707006369427,0.0547310203547414,0.9959417273673257,0.22840125215592716,1.0,0.044585987261146494,0.7650680964394118,Surv-GAN
0.03268097891530211,0.7972399150743099,0.05914739407100232,0.9880332986472424,0.22429879501137603,1.0,0.050955414012738856,0.7667386486410632,Surv-GAN
0.03425264802700565,0.7977707006369427,0.053600926726643176,0.9891129032258064,0.16004415655849688,3.0,0.050955414012738856,0.745444958235807,Surv-GAN
0.03290408255834423,0.7972399150743099,0.06722271229678559,0.9857700312174819,0.21206579473987835,1.0,0.044585987261146494,0.7579781672237845,Surv-GAN
0.03589524738933904,0.7845010615711253,0.06742807555904956,0.9967741935483871,0.15394783786388,2.0,0.044585987261146494,0.7832840914539474,Surv-GAN
0.03579760318452365,0.7855626326963906,0.054631591402704266,0.9810483870967742,0.21542059062967478,1.0,0.044585987261146494,0.7516369096342854,Surv-GAN
0.034369137051972,0.7882165605095542,0.0728629558703501,0.9936491935483872,0.14531419766396492,4.0,0.050955414012738856,0.7593678701084244,Surv-GAN
0.031994693548288496,0.8030785562632697,0.04538334363565258,0.9904233870967742,0.2086173892835033,2.0,0.05732484076433121,0.7604709280520718,Surv-GAN
0.03129090926547686,0.8057324840764332,0.06567370080387101,0.9925403225806452,0.16366226083030788,1.0,0.044585987261146494,0.7754409943163417,Surv-GAN
0.032133796767385696,0.8036093418259024,0.05885111731926055,0.9972782258064516,0.1537679321291161,6.0,0.05732484076433121,0.7630780557128025,Surv-GAN
0.03127935449946897,0.7977707006369427,0.08280713967492617,0.998991935483871,0.22360921867754888,1.0,0.044585987261146494,0.7732375001698483,Surv-GAN
0.03140127679504714,0.8067940552016987,0.05943733326824274,0.9915322580645162,0.20698016823732238,1.0,0.050955414012738856,0.7584868420217608,Surv-GAN
0.033654224812890564,0.7914012738853504,0.057358269552772206,0.9847782258064516,0.22375536847317085,1.0,0.044585987261146494,0.7630213757144075,Surv-GAN
0.03264927585136259,0.7977707006369427,0.048453156136272574,0.9896982310093652,0.2224415146273002,1.0,0.03821656050955414,0.752027161028416,Surv-GAN
0.03266053879771406,0.7977707006369427,0.05620178873757808,0.993649193548387,0.17734990938014228,2.0,0.044585987261146494,0.7433140347724447,Surv-GAN
0.03412501666520198,0.7882165605095542,0.06797305191709994,0.9936491935483872,0.2136319259797765,1.0,0.06369426751592357,0.7656004217322361,Surv-GAN
0.03571071896026865,0.7802547770700637,0.07604867210544017,0.9922379032258064,0.2069298456390362,1.0,0.050955414012738856,0.7845551794813291,Surv-GAN
0.030449448451451505,0.8062632696390658,0.06564237501735219,0.9924395161290324,0.19791303616573935,2.0,0.050955414012738856,0.7752810233216958,Surv-GAN
0.03375502880970237,0.7908704883227177,0.06404960182304754,0.9944556451612904,0.2259917234958002,1.0,0.050955414012738856,0.7483862310113166,Surv-GAN
0.03280885222037203,0.7988322717622082,0.061979679302943506,0.9978830645161292,0.21675726387384744,1.0,0.05732484076433121,0.7554702558963664,Surv-GAN
0.033884672091132176,0.7871549893842887,0.07748674158530514,0.9954637096774193,0.17611780130697813,1.0,0.044585987261146494,0.735655278903675,Surv-GAN
0.03307870316743048,0.7945859872611466,0.05777495562223899,0.9967741935483871,0.19762752755931937,2.0,0.03184713375796178,0.7617481911978373,Surv-GAN
0.0332382144342841,0.7945859872611466,0.07662440877538133,0.9929435483870968,0.21281612083864918,1.0,0.050955414012738856,0.7599364878137879,Surv-GAN
0.03425251010630563,0.7924628450106157,0.06696787420118454,0.9903225806451612,0.15941736360946226,2.0,0.05732484076433121,0.749884857483326,Surv-GAN
0.032855093314711835,0.7988322717622082,0.06977590371114743,0.9871975806451612,0.22076722457182457,2.0,0.03821656050955414,0.7547680150582694,Surv-GAN
0.033523747670528244,0.7935244161358811,0.06377310544708711,0.9967741935483871,0.21739515702015524,1.0,0.044585987261146494,0.7312398302190629,Surv-GAN
0.03510159872386508,0.7882165605095542,0.060255343978109735,0.9903225806451612,0.17912330696379142,1.0,0.050955414012738856,0.7502518079180456,Surv-GAN
0.03701741751180214,0.7807855626326964,0.05963515182558857,0.9896982310093652,0.2002439490043425,1.0,0.03821656050955414,0.7474827984244374,Surv-GAN
0.03531466784489682,0.7860934182590235,0.06624085597105452,0.9875,0.20446342430248238,1.0,0.044585987261146494,0.7453116637593328,Surv-GAN
0.03145976053809691,0.8036093418259024,0.0654829632229455,0.9898185483870968,0.14692690135271355,4.0,0.050955414012738856,0.7756395476886528,Surv-GAN
0.033106722928153455,0.7972399150743099,0.055513908462827555,0.9844758064516128,0.2209999960360063,1.0,0.03821656050955414,0.7387848436635296,Surv-GAN
0.032137814333372546,0.7972399150743099,0.06950221916774708,0.9871975806451612,0.20854595523060854,1.0,0.044585987261146494,0.7512543730730845,Surv-GAN
0.03473611341077302,0.7876857749469215,0.07383976893429312,0.9902217741935484,0.21919678919698318,1.0,0.050955414012738856,0.7631562194736793,Surv-GAN
0.03369019831642126,0.7998938428874736,0.05506308603683224,0.9923387096774192,0.1543840594434176,3.0,0.050955414012738856,0.7762888798125792,Surv-GAN
0.03223824197935181,0.8004246284501061,0.05744520125480543,0.9951547866805411,0.2092080465842438,1.0,0.050955414012738856,0.7581071275846115,Surv-GAN
0.0322441704117445,0.7988322717622082,0.06701011878606132,0.9847782258064516,0.17315778089082118,1.0,0.05732484076433121,0.7569835622671349,Surv-GAN
0.033441772582663974,0.7935244161358811,0.06589427488481035,0.9893145161290324,0.20824545978812267,1.0,0.050955414012738856,0.7750311536534036,Surv-GAN
0.034521877531890045,0.7871549893842887,0.06988798925726036,0.9891129032258064,0.21614353388636673,1.0,0.050955414012738856,0.7864206849572374,Surv-GAN
0.03438223242735253,0.7845010615711253,0.07036082850053382,0.9967741935483871,0.15898477834708113,3.0,0.050955414012738856,0.7554502891283342,Surv-GAN
0.03380053531028348,0.7977707006369427,0.05355284008139652,0.9904233870967744,0.21975776123789953,1.0,0.044585987261146494,0.759985116811021,Surv-GAN
0.033239710287980236,0.7929936305732485,0.06262847070786164,0.9919354838709677,0.2207759053417876,2.0,0.044585987261146494,0.7577902913069858,Surv-GAN
0.03232542071320633,0.7956475583864119,0.058856290666783315,0.9889047866805412,0.17382355758618862,1.0,0.050955414012738856,0.7608490561792364,Surv-GAN
0.0328203546051884,0.8014861995753716,0.04760988256337731,0.9995967741935484,0.1825007716330922,1.0,0.050955414012738856,0.7788743592494088,Surv-GAN
0.0321165875002024,0.7988322717622082,0.06519303257756857,0.9903225806451612,0.19265186756840613,1.0,0.050955414012738856,0.7546721145691878,Surv-GAN
0.03555229084143922,0.7855626326963906,0.05998134975352276,0.9907193028095733,0.1903299198767884,1.0,0.050955414012738856,0.768423198216279,Surv-GAN
0.033242082800293074,0.7956475583864119,0.06363437545182489,0.995866935483871,0.20062216636922853,1.0,0.050955414012738856,0.737433214869059,Surv-GAN
0.03436671869364016,0.7866242038216562,0.06967929285452354,0.9967741935483871,0.171386069432579,5.0,0.044585987261146494,0.7858098610841919,Surv-GAN
0.032623575305238114,0.7972399150743099,0.061460287687511335,0.9923387096774194,0.2221116679271634,1.0,0.044585987261146494,0.7511619635642606,Surv-GAN
0.03414130759772179,0.7914012738853504,0.06159138728688572,0.9897177419354838,0.19931637005922243,2.0,0.050955414012738856,0.7863454249037501,Surv-GAN
0.03640615867849604,0.7823779193205945,0.06325537140447346,0.9967741935483871,0.1560852864867362,4.0,0.044585987261146494,0.739611702186423,Surv-GAN
0.03322868584395892,0.7972399150743099,0.06191086417581965,0.9962701612903226,0.1475014053900447,6.0,0.06369426751592357,0.7820978338213163,Surv-GAN
0.033847569376475074,0.7903397027600848,0.07209138300295172,0.9995967741935484,0.20326011883997866,1.0,0.044585987261146494,0.7584290918693296,Surv-GAN
0.03280482168570927,0.7993630573248408,0.04792684264123183,0.9903225806451612,0.2082803398681726,1.0,0.044585987261146494,0.7694058561092589,Surv-GAN
0.03321545410205614,0.7898089171974524,0.06023710465336186,0.9967741935483871,0.2238591527978107,2.0,0.044585987261146494,0.7349605540321169,Surv-GAN
0.03447200904217573,0.7882165605095542,0.07413198784335369,0.9903225806451612,0.22468692494537423,1.0,0.044585987261146494,0.7356860414661158,Surv-GAN
0.03220251217655705,0.8014861995753716,0.06785054977892262,0.9889112903225807,0.1654954193187799,3.0,0.050955414012738856,0.7508804745396793,Surv-GAN
0.031410667111574954,0.8073248407643313,0.06163124555022618,0.9920362903225806,0.15404772421076,2.0,0.05732484076433121,0.73433882285786,Surv-GAN
0.03162146067843625,0.8062632696390658,0.04761981057467368,0.9967741935483871,0.21692061543558158,1.0,0.044585987261146494,0.7429528993812742,Surv-GAN
0.033169852350775374,0.79723991507431,0.045181840463050335,0.9871975806451612,0.22112168210165387,1.0,0.044585987261146494,0.7669841369221632,Surv-GAN
0.034253600379230836,0.7919320594479831,0.06136338122460174,0.989516129032258,0.16671283156490055,4.0,0.044585987261146494,0.7486446202923326,Surv-GAN
0.03556837042877606,0.7829087048832272,0.06326176237684854,0.989717741935484,0.2144594741067708,1.0,0.03821656050955414,0.7724526097403915,Surv-GAN
0.032830262270158166,0.7951167728237792,0.06930384177247834,0.9915322580645162,0.2005004458441173,1.0,0.044585987261146494,0.7813232259764488,Surv-GAN
0.031574187696806644,0.8025477707006369,0.06149787821147779,0.9838709677419356,0.22130264089766336,1.0,0.044585987261146494,0.7640222736246906,Surv-GAN
0.0344682860656144,0.7908704883227177,0.05614256214871481,0.9961693548387096,0.16810818761823088,3.0,0.044585987261146494,0.7608586979000581,Surv-GAN
0.03293930478046881,0.7993630573248408,0.045608986646988946,0.9967741935483871,0.23517372737831138,1.0,0.044585987261146494,0.762692519036557,Surv-GAN
0.030435127450130606,0.8105095541401274,0.0625795555417937,0.9904233870967742,0.16611510387894096,5.0,0.050955414012738856,0.7442323147064192,Surv-GAN
0.03287209575784914,0.7956475583864119,0.06736246014499768,0.9967741935483871,0.2282843722405207,1.0,0.044585987261146494,0.741341394851821,Surv-GAN
0.03308826559552399,0.7998938428874736,0.05247505301949002,0.9877016129032258,0.20247802774010018,1.0,0.044585987261146494,0.7633599962664419,Surv-GAN
0.03351073926386267,0.7961783439490446,0.05643405930917596,0.9943548387096774,0.1803617733179359,1.0,0.050955414012738856,0.7438343886744174,Surv-GAN
0.03254565236984452,0.8014861995753716,0.052150979342797485,0.9905241935483872,0.21380650091205558,1.0,0.05732484076433121,0.7666118616059032,Surv-GAN
0.03412239722055825,0.7892781316348195,0.07394194920451103,0.9976814516129032,0.15851263818436107,2.0,0.06369426751592357,0.7455913750983167,Surv-GAN
0.03386837477353827,0.7956475583864119,0.06712470942193195,0.9881048387096774,0.15671141053367887,7.0,0.044585987261146494,0.7444650259791111,Surv-GAN
0.03181734036541732,0.805732484076433,0.04321657616001072,0.9876008064516129,0.1539468663868515,3.0,0.03821656050955414,0.7499779230255891,Surv-GAN
0.03387480347293861,0.7945859872611466,0.061719864242892164,0.989717741935484,0.18163539781814209,1.0,0.03821656050955414,0.7330705084770726,Surv-GAN
0.01628655544630251,0.9113588110403397,0.04607146407856184,0.7886576482830383,0.07581269861760614,1.0,0.4394904458598726,0.7074693087696953,Surv-VAE
0.015489409866893733,0.9081740976645435,0.055538533312494316,0.7921045785639957,0.07458894539472044,1.0,0.45222929936305734,0.6947116570024817,Surv-VAE
0.017807042633499876,0.900212314225053,0.044150001913293026,0.8036615504682623,0.07242499783113,1.0,0.4140127388535032,0.7334412005200532,Surv-VAE
0.016887765944014786,0.9049893842887474,0.045537496271156726,0.7950572320499478,0.06533502768029044,1.0,0.40764331210191085,0.7425672107342873,Surv-VAE
0.015768008942089545,0.9081740976645435,0.07189227032249391,0.7170980749219563,0.06803211752468188,1.0,0.43312101910828027,0.6877003538852418,Surv-VAE
0.01573041265338285,0.9102972399150743,0.07335345659206048,0.7851261706555672,0.06633527188865648,1.0,0.47770700636942676,0.7093328256737513,Surv-VAE
0.015763542923572637,0.9097664543524417,0.03909099923462329,0.8154461498439126,0.07106171306105515,1.0,0.43312101910828027,0.7292817082345199,Surv-VAE
0.016356138038759318,0.9065817409766455,0.06467029966027484,0.7872073361082206,0.07008083483953413,1.0,0.46496815286624205,0.7115259407871681,Surv-VAE
0.01578012335747566,0.9134819532908706,0.06528757752849182,0.7667403746097814,0.06679251947321921,1.0,0.4140127388535032,0.7241512541174051,Surv-VAE
0.016309039448893056,0.9055201698513801,0.06929449618759938,0.7860236732570239,0.06682752757486846,2.0,0.42038216560509556,0.7197347720022349,Surv-VAE
0.014828216143970297,0.9198513800424629,0.0657838590027468,0.766421696149844,0.13861117510714768,1.0,0.40764331210191085,0.6862220277723946,Surv-VAE
0.017818676378290148,0.8975583864118897,0.0645826777376959,0.7664672216441206,0.07507356829758319,1.0,0.4585987261146497,0.7201370092592702,Surv-VAE
0.01455576467593414,0.9203821656050956,0.07151388938739951,0.7997398543184182,0.06755382134028594,1.0,0.4012738853503185,0.7206225559007712,Surv-VAE
0.01425984178060235,0.9214437367303611,0.05335080059260907,0.7763332466181062,0.06422592214095667,1.0,0.45222929936305734,0.7068541059753639,Surv-VAE
0.012861285889862786,0.9177282377919319,0.060110752187764876,0.7725351196670135,0.06637445794433958,2.0,0.445859872611465,0.7171652105737701,Surv-VAE
0.010685037492632644,0.928343949044586,0.06996643142942614,0.7985691987513007,0.07720343987497814,1.0,0.42038216560509556,0.7087891234179466,Surv-VAE
0.01890814175472908,0.8996815286624203,0.060086431206158905,0.7749024453694069,0.06920843748903432,1.0,0.43312101910828027,0.7166871159790124,Surv-VAE
0.014707138125284396,0.9097664543524416,0.05274109020370517,0.7476521852237253,0.07874992293369415,1.0,0.39490445859872614,0.7127310891471863,Surv-VAE
0.015530410912516479,0.9113588110403397,0.056422748680603964,0.7783623829344433,0.06919192478810231,1.0,0.40764331210191085,0.7211262922332357,Surv-VAE
0.01812345251431109,0.8980891719745223,0.05497936779144832,0.7578043704474506,0.06888205502938663,1.0,0.39490445859872614,0.7376970307147843,Surv-VAE
0.015820028612289667,0.9076433121019108,0.04171519520714918,0.7373504162330905,0.07107260007150856,1.0,0.46496815286624205,0.7102829398456022,Surv-VAE
0.014210583323988448,0.9198513800424628,0.05918162172021838,0.7123959417273673,0.06529153898416598,1.0,0.49044585987261147,0.6969285800107469,Surv-VAE
0.01695766056518113,0.8986199575371551,0.07820016329688165,0.7877666493236212,0.07069155571164785,3.0,0.4140127388535032,0.7361937775713112,Surv-VAE
0.014586536081547032,0.9087048832271761,0.07630465011396248,0.7984131113423517,0.07037522918106716,3.0,0.39490445859872614,0.7025008541363557,Surv-VAE
0.013237762858094191,0.9230360934182591,0.05894271927675295,0.7669289802289282,0.06910701701034044,5.0,0.4394904458598726,0.6933153488747363,Surv-VAE
0.016044751279815108,0.9055201698513801,0.06369168110003964,0.8093847554630592,0.06621562142363534,1.0,0.42038216560509556,0.7238010684147388,Surv-VAE
0.012836448193973829,0.9278131634819532,0.05428659941615428,0.7475611342351718,0.0646303446304956,2.0,0.4713375796178344,0.6964636046691686,Surv-VAE
0.014529527922628108,0.9124203821656051,0.058921079804212316,0.7675208116545265,0.06727373737827654,1.0,0.4012738853503185,0.7351569183277635,Surv-VAE
0.015720549571022164,0.9102972399150744,0.04996954773768073,0.8224830905306971,0.07249866446685903,1.0,0.4140127388535032,0.7074639788797237,Surv-VAE
0.015224329599053453,0.9134819532908706,0.04927440921173291,0.7896787200832467,0.06365482929005566,2.0,0.4585987261146497,0.6954844818478522,Surv-VAE
0.015522298554497492,0.9092356687898088,0.05918866458216639,0.8055085848074921,0.06869960346332188,2.0,0.4140127388535032,0.7145010096452106,Surv-VAE
0.018816043388998227,0.9018046709129511,0.05276394749130968,0.8196409989594173,0.07097749194253933,4.0,0.39490445859872614,0.7292040201974609,Surv-VAE
0.015785696093402024,0.9113588110403397,0.06280039220333973,0.792826482830385,0.06692728505346072,1.0,0.49044585987261147,0.7273045921996281,Surv-VAE
0.01893293436147635,0.9002123142250532,0.0413315992620377,0.775396722164412,0.07521164693302212,1.0,0.39490445859872614,0.7401121893927326,Surv-VAE
0.019257662074099135,0.8906581740976646,0.05518622254723619,0.7768145161290322,0.06994828261425952,1.0,0.4140127388535032,0.7362763254891005,Surv-VAE
0.017218421659608036,0.9065817409766455,0.06385160109981475,0.7812890218522371,0.07187810940684729,1.0,0.46496815286624205,0.7416803574174321,Surv-VAE
0.014887011536959163,0.9055201698513801,0.06960948012968614,0.8286680541103019,0.06671107183850698,1.0,0.43312101910828027,0.7137996245792495,Surv-VAE
0.0158309774143205,0.9102972399150744,0.05514689795145778,0.7787981269510926,0.06735257801814468,1.0,0.42038216560509556,0.7221807545984008,Surv-VAE
0.016141939795460882,0.9055201698513801,0.054816330270509354,0.7836563475546305,0.07437395798282397,1.0,0.4585987261146497,0.7228026496061629,Surv-VAE
0.01840580311394396,0.8980891719745223,0.046079573950370066,0.7965140478668055,0.0731344138886742,1.0,0.445859872611465,0.7221418829892028,Surv-VAE
0.01548709130157185,0.9113588110403397,0.056713004033408086,0.8048517169614986,0.0659302157037617,1.0,0.42038216560509556,0.7177104462295648,Surv-VAE
0.015420451672733197,0.9097664543524416,0.06682330805183088,0.7814971383975026,0.06814272159103485,1.0,0.5031847133757962,0.7068963422774172,Surv-VAE
0.01758750683843659,0.9081740976645435,0.0668484865905673,0.7558922996878252,0.07037631704318996,1.0,0.42038216560509556,0.7280131535392639,Surv-VAE
0.015057881478302263,0.9171974522292993,0.04479948999086922,0.8183402705515089,0.08089148073215152,1.0,0.3630573248407643,0.7232748625920168,Surv-VAE
0.017503294570083126,0.9055201698513801,0.05561428523280602,0.7804240374609781,0.0690892977670686,1.0,0.4968152866242038,0.72401883673118,Surv-VAE
0.013558003700272209,0.9113588110403398,0.05878308482149724,0.7874089490114464,0.06933349386986734,1.0,0.42038216560509556,0.7181990654580033,Surv-VAE
0.015473622436965628,0.9171974522292995,0.05141314091342019,0.7746553069719043,0.06437258184979004,2.0,0.43312101910828027,0.7139350828953345,Surv-VAE
0.017323163870813497,0.9060509554140127,0.05997940125487873,0.7960978147762747,0.07328876667191397,1.0,0.43312101910828027,0.7194204236615481,Surv-VAE
0.016804694101713414,0.9081740976645435,0.05157112284030511,0.7668834547346514,0.06687759920045692,1.0,0.3821656050955414,0.7282703677958051,Surv-VAE
0.01182149566057798,0.928343949044586,0.05174992090411318,0.7918769510926119,0.06120949219679725,1.0,0.40764331210191085,0.6987057019578126,Surv-VAE
0.013463683396769644,0.9198513800424629,0.04214532155344731,0.7776339750260146,0.06769499129750196,4.0,0.45222929936305734,0.7219295282849875,Surv-VAE
0.01863813541892756,0.9002123142250532,0.06395527914239471,0.8100481269510926,0.06698547524505365,1.0,0.4012738853503185,0.7191728259603426,Surv-VAE
0.015389416018272387,0.9065817409766455,0.04426001628935501,0.7863553590010406,0.07093753430684102,1.0,0.45222929936305734,0.7226963635523661,Surv-VAE
0.016596277006999668,0.9060509554140128,0.07745532391078452,0.7680476066597295,0.06994824780651854,1.0,0.40764331210191085,0.7095353517304087,Surv-VAE
0.013286744288188186,0.9209129511677282,0.07040645608705778,0.7318028095733611,0.06817369803833415,1.0,0.4267515923566879,0.6908133534523396,Surv-VAE
0.01575108020986228,0.9081740976645437,0.04474089422492568,0.7909209157127992,0.075139734623207,1.0,0.43312101910828027,0.713218025412015,Surv-VAE
0.01852338922491902,0.8954352441613588,0.05530078023034509,0.7954214360041624,0.06887771372083198,1.0,0.40764331210191085,0.712517095077125,Surv-VAE
0.01399140382872635,0.9219745222929937,0.0498971213504784,0.7220278355879293,0.06871068092020378,1.0,0.4585987261146497,0.7057228762336508,Surv-VAE
0.015899709807808048,0.9039278131634819,0.07553213825967002,0.838963319458897,0.06989399401304264,2.0,0.42038216560509556,0.7239325468994269,Surv-VAE
0.014604194023200241,0.9166666666666666,0.06294125473142584,0.8242780957336109,0.06440116565537127,2.0,0.445859872611465,0.7280964044750684,Surv-VAE
0.013442880740036271,0.916135881104034,0.0656028096682159,0.762116285119667,0.07341733937255691,1.0,0.4140127388535032,0.7043425863106813,Surv-VAE
0.018134163650048846,0.8980891719745223,0.06589154660121374,0.7282127991675338,0.06633412468054152,1.0,0.445859872611465,0.717591308158028,Surv-VAE
0.014078600650874518,0.9209129511677282,0.04923231155572339,0.811804110301769,0.08337566336015789,1.0,0.4394904458598726,0.7156023420885302,Surv-VAE
0.018621383631558745,0.9012738853503186,0.06383989024918742,0.8429045265348595,0.07004648827318082,1.0,0.4012738853503185,0.7070746660542864,Surv-VAE
0.014795882726136004,0.9171974522292995,0.05071968332447043,0.7871357960457857,0.06597323168017576,1.0,0.4713375796178344,0.7187439478734451,Surv-VAE
0.013394972331268696,0.9171974522292993,0.0639824815156384,0.7557622268470343,0.07207169049367611,1.0,0.4394904458598726,0.7262651282457644,Surv-VAE
0.01410662056576767,0.9193205944798302,0.052032264014009844,0.7262942247658689,0.06860014934480482,2.0,0.43312101910828027,0.7337717201616443,Surv-VAE
0.01542402495785102,0.9150743099787686,0.05511994490715187,0.743580905306972,0.06804815516118193,1.0,0.4394904458598726,0.7349076299193686,Surv-VAE
0.016563909975392158,0.9060509554140127,0.04953735413950977,0.7635600936524455,0.09494720100179842,1.0,0.46496815286624205,0.7029591388932861,Surv-VAE
0.01600049780596766,0.9018046709129512,0.07334521184002404,0.7990894901144642,0.06482026145672155,2.0,0.45222929936305734,0.7322552124603054,Surv-VAE
0.01728644167762446,0.909235668789809,0.04642089938271289,0.8109911550468262,0.07008602506235692,1.0,0.43312101910828027,0.7075395875375026,Surv-VAE
0.019564473747387595,0.8980891719745223,0.055856566244825934,0.8124219562955254,0.06668448934305307,2.0,0.45222929936305734,0.7046808408168138,Surv-VAE
0.013991176666010402,0.9156050955414012,0.05265474009122048,0.7801443808532779,0.08952806891714744,1.0,0.4140127388535032,0.7319602140288936,Surv-VAE
0.017657422888128375,0.9033970276008493,0.031759819108237476,0.8233350676378771,0.06840292965449118,2.0,0.3821656050955414,0.697593337188241,Surv-VAE
0.01596798761724576,0.9071125265392781,0.057413640635498045,0.8164151925078045,0.0675598057113133,1.0,0.3821656050955414,0.7187752512580468,Surv-VAE
0.01447995431790639,0.9145435244161358,0.054001279143180377,0.7489821800208116,0.0697910352509803,1.0,0.4840764331210191,0.715985310770981,Surv-VAE
0.015501862570032318,0.9087048832271764,0.07748777487881961,0.7716506243496357,0.07125784645991036,3.0,0.3503184713375796,0.739174586415409,Surv-VAE
0.015862980844619776,0.909235668789809,0.050350534180689376,0.7851066597294484,0.07924337905873798,1.0,0.3885350318471338,0.716679287825585,Surv-VAE
0.014467245173562245,0.9171974522292993,0.05356256551045472,0.7808597814776275,0.09790327564990074,1.0,0.4840764331210191,0.717255126106672,Surv-VAE
0.01707550697967167,0.9081740976645435,0.07640897940944173,0.7974245577523413,0.07087856409259835,1.0,0.37579617834394907,0.7173582692642199,Surv-VAE
0.017828356482383696,0.9018046709129511,0.06331569242578305,0.7911420395421437,0.076377981412165,1.0,0.46496815286624205,0.7231364851820147,Surv-VAE
0.013489945229912953,0.9225053078556263,0.06218509788367766,0.783877471383975,0.06455551942710903,1.0,0.4394904458598726,0.7305935038696942,Surv-VAE
0.01395678895163128,0.9193205944798302,0.051618628856685944,0.774375650364204,0.06737956039949544,1.0,0.45222929936305734,0.7224655565145073,Surv-VAE
0.014287452547564953,0.9166666666666666,0.05128668176214279,0.7929305411030176,0.07670471357311186,1.0,0.4840764331210191,0.7284537042210275,Surv-VAE
0.014337115044540228,0.9182590233545648,0.06861368747130965,0.8161160249739854,0.07331262748010853,1.0,0.445859872611465,0.714927827410652,Surv-VAE
0.01401687020198672,0.9198513800424628,0.06075595127836127,0.7833246618106139,0.06535277362070412,1.0,0.43312101910828027,0.7251710909423421,Surv-VAE
0.01580119583063265,0.909235668789809,0.0331971106034565,0.7777022632674297,0.0692982298249657,1.0,0.4140127388535032,0.7159725749430454,Surv-VAE
0.018660248768746297,0.8922505307855627,0.0594470126887793,0.800227627471384,0.07478269753451865,1.0,0.445859872611465,0.7283582001928351,Surv-VAE
0.01600293721288532,0.9071125265392781,0.06667759632247529,0.7559313215400625,0.06564685470166916,3.0,0.4012738853503185,0.7200664714427154,Surv-VAE
0.01660281094650364,0.898619957537155,0.0669246730001344,0.7816272112382934,0.06983602961201349,2.0,0.4012738853503185,0.7003051936481729,Surv-VAE
0.013373414075760487,0.9235668789808917,0.04105893187523182,0.7432817377731529,0.10040040159374838,1.0,0.43312101910828027,0.7040135878402836,Surv-VAE
0.014058555332535286,0.9193205944798302,0.07215939015055052,0.8053785119667014,0.07122126170735091,1.0,0.43312101910828027,0.7085795917652523,Surv-VAE
0.01729283187880094,0.9071125265392782,0.07078529737226202,0.7838774713839751,0.0669267456587452,2.0,0.4394904458598726,0.7086004207148557,Surv-VAE
0.013017936306087155,0.9198513800424629,0.048842621948670645,0.7290387617065557,0.08906142500119635,1.0,0.42038216560509556,0.6962967450354957,Surv-VAE
0.014855170211272679,0.9113588110403398,0.07222986632230585,0.7643275234131114,0.06648731871121628,1.0,0.4585987261146497,0.7336507002613482,Surv-VAE
0.014870002871333296,0.9150743099787686,0.023801509025120435,0.7797801768990634,0.06777488032343987,1.0,0.42038216560509556,0.7251759587441567,Surv-VAE
0.017848228414581724,0.8949044585987261,0.0694322046867082,0.7928850156087408,0.06910923172223042,2.0,0.4713375796178344,0.7260511214727353,Surv-VAE
0.014254031068471005,0.9140127388535033,0.05088253416910636,0.8067963059313215,0.0636755783635388,2.0,0.5414012738853503,0.7426804751973132,Surv-VAE
0.01617656082042303,0.9113588110403397,0.04202232960165848,0.7850741415192508,0.0731285539308049,1.0,0.42038216560509556,0.7291288930462936,Surv-VAE
0.015035587017246143,0.9156050955414013,0.045289603249832326,0.7945499479708638,0.06436385282862694,1.0,0.4585987261146497,0.7273711698812902,Surv-VAE
0.016072460239907237,0.9102972399150743,0.06769993001683208,0.7942963059313215,0.07848898646588894,1.0,0.42038216560509556,0.7243606169768062,Surv-VAE
0.013418387109874122,0.924628450106157,0.04545748410961606,0.798367585848075,0.06313096436163639,2.0,0.4267515923566879,0.6952369843492447,Surv-VAE
0.016522269966390547,0.9071125265392782,0.04629262268168503,0.7464815296566076,0.06601736993530963,1.0,0.45222929936305734,0.739736709917983,Surv-VAE
0.014418266654847222,0.9187898089171975,0.06977823938315718,0.7446409989594173,0.06529227601010759,1.0,0.445859872611465,0.720085657145104,Surv-VAE
0.013431900237180779,0.9240976645435245,0.05341521305133273,0.8058662851196671,0.06599627580743181,2.0,0.445859872611465,0.7134090353347131,Surv-VAE
0.015517457636435625,0.9145435244161358,0.046268672329069824,0.742585848074922,0.07406668955984518,1.0,0.4585987261146497,0.6874470888122547,Surv-VAE
0.012493392130858831,0.9278131634819533,0.06813081299505487,0.7218067117585849,0.0657057138854225,2.0,0.4267515923566879,0.7174424729824351,Surv-VAE
0.01675476230442347,0.909235668789809,0.05332160765846819,0.8203629032258066,0.0751574889759364,1.0,0.43312101910828027,0.7246797169206927,Surv-VAE
0.015931486157074716,0.9118895966029724,0.05478163157747989,0.80454604578564,0.06327365112726793,1.0,0.49044585987261147,0.738069431291383,Surv-VAE
0.016370794222001245,0.9023354564755839,0.04568165507196627,0.7998309053069719,0.06536999412303626,1.0,0.4012738853503185,0.7231179362850458,Surv-VAE
0.013115485087664159,0.9187898089171974,0.07383215728280132,0.8129227367325702,0.07172532226081199,1.0,0.39490445859872614,0.7100575156157263,Surv-VAE
0.01661562250372894,0.9118895966029724,0.052994915017019625,0.7367845993756503,0.06879226868160378,1.0,0.4394904458598726,0.7243186242075795,Surv-VAE
0.015399404990815865,0.914543524416136,0.04787215027675436,0.7544875130072841,0.06705634647431157,1.0,0.445859872611465,0.721293481038723,Surv-VAE
0.017935018647831417,0.9055201698513801,0.03466843171450242,0.7909144120707595,0.07020254808375245,1.0,0.47770700636942676,0.7258432166110336,Surv-VAE
0.01680625378313754,0.9033970276008493,0.05014234460262608,0.8099635796045785,0.06753740219873382,4.0,0.4585987261146497,0.7070460067011525,Surv-VAE
0.016908334100394874,0.9071125265392782,0.049355313168979974,0.7940361602497399,0.067440387033609,1.0,0.445859872611465,0.7368814723226661,Surv-VAE
0.013219616644714346,0.9209129511677282,0.059912635262741716,0.7719627991675339,0.0783129956452779,1.0,0.39490445859872614,0.7339197004229058,Surv-VAE
0.015244565045471661,0.909235668789809,0.060766647136078926,0.7767169614984392,0.06726091300562939,1.0,0.4267515923566879,0.7230678868931487,Surv-VAE
0.012957936728283487,0.9219745222929937,0.05916554141315749,0.7782453173777316,0.07324465593045118,1.0,0.4394904458598726,0.708252029764738,Surv-VAE
0.016989996348928085,0.8996815286624203,0.04653125938524276,0.8150494276795005,0.07609204992903737,1.0,0.39490445859872614,0.7374286436344117,Surv-VAE
0.01820142272378132,0.9018046709129512,0.0483438426198526,0.7975026014568158,0.07765894453333261,1.0,0.42038216560509556,0.7370666328572452,Surv-VAE
0.015926540816053162,0.9076433121019108,0.043073761020271266,0.770766129032258,0.08355625949669002,1.0,0.4140127388535032,0.7304681232442692,Surv-VAE
0.012930485489576253,0.9182590233545649,0.05853067396051835,0.7836238293444329,0.07175499858446281,1.0,0.39490445859872614,0.7117687963475214,Surv-VAE
0.018998862075361802,0.9033970276008493,0.04278086387095423,0.7903420915712799,0.07044515818916162,1.0,0.4140127388535032,0.7477097086921758,Surv-VAE
0.014874280199880517,0.9129511677282379,0.04296016265267272,0.8011966701352756,0.06392173288166857,2.0,0.4012738853503185,0.7080331783114379,Surv-VAE
0.013693145321396096,0.9156050955414012,0.06961716082183518,0.8269640998959418,0.07503837748121671,1.0,0.3821656050955414,0.7225490519366655,Surv-VAE
0.016064776353976608,0.910828025477707,0.060474163524233404,0.7708051508844953,0.08229671458370053,1.0,0.4394904458598726,0.7252654033561584,Surv-VAE
0.01816089434546507,0.8986199575371551,0.053521044507440406,0.8083246618106139,0.06631988531563324,1.0,0.42038216560509556,0.7119739543111189,Surv-VAE
0.018597696190698773,0.8991507430997877,0.054450974997766605,0.7489399063475546,0.07912134963675935,1.0,0.4140127388535032,0.7180876483213253,Surv-VAE
0.017962341758860387,0.9060509554140128,0.03586744907810185,0.7884170135275754,0.08912579251283768,1.0,0.47770700636942676,0.7182339453646934,Surv-VAE
0.016057511489969156,0.9071125265392782,0.07131591078119119,0.7948035900104058,0.06700961449975311,1.0,0.4140127388535032,0.7167543194903477,Surv-VAE
0.016974083199889863,0.8991507430997877,0.060999380282213675,0.7735626951092611,0.06931940049828204,2.0,0.42038216560509556,0.7012693600862495,Surv-VAE
0.012505747832734627,0.923036093418259,0.07027825369910885,0.7608675858480749,0.06869850333746387,1.0,0.4140127388535032,0.7410937900222461,Surv-VAE
0.01399336403189104,0.9171974522292993,0.051477615268316464,0.75894901144641,0.06243371469921315,4.0,0.5222929936305732,0.7037042977247344,Surv-VAE
0.016260420560184417,0.9060509554140127,0.05765933101165375,0.7607245057232049,0.06862029733237263,1.0,0.4140127388535032,0.7494543581873623,Surv-VAE
0.016644812291009472,0.9012738853503185,0.03365241270183635,0.7331750780437044,0.14123099807864356,1.0,0.4713375796178344,0.725503841625567,Surv-VAE
0.016563682421773387,0.9028662420382165,0.06972934498822496,0.7896071800208115,0.06649382887582418,2.0,0.4394904458598726,0.7082368449449422,Surv-VAE
0.015829880192310245,0.9113588110403398,0.061528763027266384,0.8004877731529657,0.06541891630007969,2.0,0.4713375796178344,0.714342219843873,Surv-VAE
0.013764617548852692,0.9209129511677284,0.04600903201631996,0.7813930801248699,0.06325978111342676,1.0,0.47770700636942676,0.7375796624891543,Surv-VAE
0.015478067942830133,0.9071125265392782,0.06765121498486648,0.8144510926118625,0.06816415825363846,1.0,0.43312101910828027,0.6867687359581367,Surv-VAE
0.011189274723278964,0.9304670912951166,0.0781788425718843,0.7848920395421436,0.06786633221249229,1.0,0.42038216560509556,0.7484850837833247,Surv-VAE
0.013823502923296515,0.9198513800424629,0.06771756197632531,0.7511121227887617,0.07032910022584378,1.0,0.4840764331210191,0.7332120082073165,Surv-VAE
0.017137197417279915,0.9071125265392782,0.042971548496717214,0.7708571800208117,0.07078687058140085,1.0,0.42038216560509556,0.6992801498571602,Surv-VAE
0.01569558730121136,0.9065817409766455,0.06020231491734945,0.8150364203954215,0.07070363453191139,1.0,0.445859872611465,0.7355350191726674,Surv-VAE
0.013827123219757634,0.9166666666666666,0.06931437853041515,0.7925338189386057,0.06929473630836797,2.0,0.4267515923566879,0.7122992736377687,Surv-VAE
0.01755392095087339,0.9018046709129511,0.059926621431867784,0.7970603537981269,0.0626590176358227,1.0,0.4267515923566879,0.7181115140158989,Surv-VAE
0.01686748417554039,0.9065817409766455,0.04374940537479344,0.7943678459937564,0.07825602963231221,1.0,0.4394904458598726,0.7194161039874898,Surv-VAE
0.016214650070165416,0.9049893842887474,0.05276687155767238,0.7705645161290322,0.06554622110079347,1.0,0.4585987261146497,0.7204462170264663,Surv-VAE
0.015201263241784294,0.9071125265392781,0.07289902441352565,0.7681321540062435,0.06746953485322106,1.0,0.42038216560509556,0.7289028860860053,Surv-VAE
0.015469807272028435,0.9102972399150744,0.0472562104911781,0.7648478147762747,0.07327268389882452,1.0,0.445859872611465,0.7313344503159926,Surv-VAE
0.01806186890813839,0.9023354564755839,0.03627067329446874,0.7819003642039541,0.07503114676090725,1.0,0.49044585987261147,0.737170345795288,Surv-VAE
0.014297077307473293,0.9182590233545648,0.06266906387741394,0.7281412591050989,0.07079342593029245,1.0,0.45222929936305734,0.7052697205100303,Surv-VAE
0.0144741252515774,0.9171974522292995,0.055525548796662445,0.769276795005203,0.07016636608814064,1.0,0.4840764331210191,0.7344265356452345,Surv-VAE
0.016510874693238236,0.9065817409766455,0.04324675730712574,0.8270291363163371,0.09152081534756275,1.0,0.40764331210191085,0.7475373941500175,Surv-VAE
0.0122449896772932,0.9278131634819533,0.06458283146963288,0.7811134235171696,0.0692628548374974,3.0,0.43312101910828027,0.7210746237949669,Surv-VAE
0.017549228119891198,0.9049893842887474,0.05834657598924141,0.7881568678459938,0.06877819278717864,2.0,0.4968152866242038,0.7084139628827902,Surv-VAE
0.015248343516476755,0.9140127388535032,0.0443190682357864,0.7767689906347555,0.07781421364466792,1.0,0.4713375796178344,0.6990420745586394,Surv-VAE
0.014153084522632225,0.9166666666666666,0.05885661178575702,0.7565036420395421,0.06977773635926376,1.0,0.4267515923566879,0.7173786796153296,Surv-VAE
0.012592316471262114,0.9246284501061571,0.07511536797312582,0.7362578043704474,0.07104237151927575,3.0,0.4394904458598726,0.739654456708749,Surv-VAE
0.016262559781539773,0.9113588110403397,0.07997295355758335,0.8017234651404787,0.0703716541259452,1.0,0.3821656050955414,0.7237886431254448,Surv-VAE
0.01483972585498018,0.9171974522292993,0.04153688352509706,0.7731204474505723,0.07066612099385523,2.0,0.43312101910828027,0.7247479689432679,Surv-VAE
0.01554516046956054,0.9129511677282377,0.06349012975830219,0.7887747138397503,0.07239275382953404,1.0,0.46496815286624205,0.7365537409462305,Surv-VAE
0.01450421112973632,0.9156050955414012,0.0538372137691499,0.7924167533818938,0.0682425669945471,1.0,0.445859872611465,0.7068963322980581,Surv-VAE
0.017116588711087795,0.9018046709129512,0.04969658202765843,0.820610041623309,0.0854570361047165,1.0,0.40764331210191085,0.7289924209916973,Surv-VAE
0.013458851489007743,0.9203821656050956,0.06348182002428603,0.7665387617065557,0.06930371362983677,1.0,0.47770700636942676,0.7129914132366971,Surv-VAE
0.015284782404150108,0.912420382165605,0.05654134041536333,0.7757154006243496,0.07064932761059756,1.0,0.4394904458598726,0.7255409611762179,Surv-VAE
0.013155141727718209,0.9203821656050956,0.06211867549574161,0.752458376690947,0.07821175450590197,1.0,0.4713375796178344,0.7321140980013237,Surv-VAE
0.014947512362740308,0.9150743099787686,0.051451206963316294,0.7283428720083246,0.06789938526080627,1.0,0.45222929936305734,0.6893575342329308,Surv-VAE
0.017408178794724446,0.9055201698513801,0.036373776307314774,0.7523608220603538,0.06601936541552893,1.0,0.43312101910828027,0.7430976381234037,Surv-VAE
0.01566237033995491,0.9087048832271764,0.03637718819888028,0.7464034859521333,0.06810448467844393,1.0,0.4140127388535032,0.7065877296819173,Surv-VAE
0.015251415888290458,0.9124203821656053,0.06485244708030752,0.7365699791883455,0.07579219837092521,1.0,0.4840764331210191,0.7108171993217386,Surv-VAE
0.013154589096607805,0.9193205944798302,0.05576199187315819,0.7499154526534859,0.07186369758298917,1.0,0.4713375796178344,0.7078962978232094,Surv-VAE
0.013813405627061986,0.9156050955414013,0.053260228828927336,0.8302809573361083,0.07519594345735185,1.0,0.4140127388535032,0.7101406538927284,Surv-VAE
0.01614202703824776,0.9023354564755839,0.06744444026998754,0.8336693548387096,0.07442813913482925,1.0,0.3885350318471338,0.7079585368514741,Surv-VAE
0.016472936699609506,0.9076433121019108,0.0417832580365005,0.7668639438085327,0.07227562160549335,1.0,0.40764331210191085,0.7230297417465287,Surv-VAE
0.014072191050163834,0.9219745222929937,0.05245107179959389,0.7401274713839749,0.069540849253032,2.0,0.4585987261146497,0.7065921376534993,Surv-VAE
0.01432145932966916,0.916135881104034,0.04968500628437743,0.75994406867846,0.06577235000276682,1.0,0.47770700636942676,0.6921741862860088,Surv-VAE
0.017117014522836444,0.9055201698513801,0.06131580095213863,0.7734456295525494,0.06631243408078383,3.0,0.5031847133757962,0.7296704945887948,Surv-VAE
0.013599202160976036,0.9262208067940553,0.06679743800087777,0.7608188085327783,0.07725497765866897,1.0,0.4012738853503185,0.7073357484958387,Surv-VAE
0.015341211587948557,0.9182590233545648,0.051748104091272125,0.7608285639958376,0.06988078583843689,2.0,0.4267515923566879,0.6993184073121109,Surv-VAE
0.013564387540741537,0.914543524416136,0.07837917222979389,0.8043509365244537,0.06752310406521651,1.0,0.4585987261146497,0.7119066863210847,Surv-VAE
0.0139324531292905,0.9187898089171975,0.05510354372868035,0.7484716441207075,0.07121026490442676,1.0,0.46496815286624205,0.6968694711777372,Surv-VAE
0.012713450750550324,0.9219745222929937,0.07195123340917811,0.7389373048907387,0.06107833973032406,2.0,0.445859872611465,0.7225114414239088,Surv-VAE
0.01880537965940892,0.8986199575371551,0.06808721403536148,0.8445369406867845,0.07300820641370609,1.0,0.43312101910828027,0.737381840717224,Surv-VAE
0.014833575368193378,0.9145435244161358,0.06976144512593652,0.7968652445369406,0.06990796162706181,1.0,0.4585987261146497,0.7071525006645697,Surv-VAE
0.014449517132807567,0.9209129511677282,0.060395987179798404,0.7729188345473466,0.07160070581712136,1.0,0.43312101910828027,0.7005055757110216,Surv-VAE
0.014699786105168894,0.9150743099787686,0.05062131528605187,0.8134397762747139,0.0809659513980274,1.0,0.49044585987261147,0.7161263137274143,Surv-VAE
0.013968218952276804,0.9193205944798302,0.06086607365019101,0.7743138657648283,0.06837356154840714,2.0,0.43312101910828027,0.7324686095831966,Surv-VAE
0.017662800075492216,0.9060509554140128,0.069607909298188,0.738508064516129,0.06571077643633157,1.0,0.47770700636942676,0.7473391666145948,Surv-VAE
0.015072559817949862,0.9150743099787686,0.05200343819918294,0.7873113943808533,0.06851334009724788,1.0,0.4713375796178344,0.7347491150126085,Surv-VAE
0.015990952253572457,0.910828025477707,0.06535705818326334,0.7759365244536941,0.07108514390010003,1.0,0.40764331210191085,0.7225992873725318,Surv-VAE
0.012926740392348299,0.9225053078556263,0.055460053236823736,0.7566011966701354,0.06706428180509123,1.0,0.47770700636942676,0.6936701915105581,Surv-VAE
0.01811974014208349,0.8975583864118896,0.059350443770732675,0.7826417793964621,0.07570111302342689,1.0,0.42038216560509556,0.6929808112826215,Surv-VAE
0.01613319315291845,0.9076433121019108,0.06306495728840189,0.7938865764828303,0.07127550081776002,1.0,0.4267515923566879,0.729913751819352,Surv-VAE
0.017069010310449887,0.9044585987261148,0.05684358836600468,0.8173452133194588,0.06654982262482761,1.0,0.47770700636942676,0.7301182825687574,Surv-VAE
0.01958691285236394,0.8917197452229301,0.07092799971548065,0.8428069719042662,0.07584364281993974,4.0,0.4012738853503185,0.7232851831911197,Surv-VAE
0.016632786692204297,0.9055201698513801,0.05445079150958924,0.7393665452653486,0.0949217880073527,1.0,0.4394904458598726,0.7156700149476568,Surv-VAE
0.014942480947927576,0.9150743099787686,0.05044883488901302,0.7823491155046826,0.07380490227788858,1.0,0.49044585987261147,0.7316939089121983,Surv-VAE
0.018072405936050098,0.9039278131634819,0.05878090447013593,0.8486147242455775,0.07850915648565382,1.0,0.4267515923566879,0.699726695635881,Surv-VAE
0.014146710246695277,0.9171974522292993,0.08477986460857788,0.7909924557752341,0.07154207418513063,1.0,0.40764331210191085,0.7384637367415534,Surv-VAE
0.029818396698325148,0.8550955414012739,0.14829649705324835,0.7600286160249741,0.29297063166694604,3.0,0.43312101910828027,0.78904634237355,HI-VAE_weibull_diffusion
0.02933639744599525,0.8662420382165607,0.10353725444709103,0.7742390738813736,0.3196809482989236,1.0,0.5031847133757962,0.7936593237579186,HI-VAE_weibull_diffusion
0.032611803916029136,0.8434182590233545,0.1215453501774785,0.8103407908428719,0.2692143133285754,4.0,0.3821656050955414,0.8068493533069376,HI-VAE_weibull_diffusion
0.02802862847511244,0.8662420382165607,0.12293887803419622,0.7080319979188345,0.3314857081522492,3.0,0.4585987261146497,0.8050080595006185,HI-VAE_weibull_diffusion
0.027730951218151167,0.8715498938428875,0.11425625043324567,0.7191662330905307,0.28218348585696384,1.0,0.4585987261146497,0.8047018466514894,HI-VAE_weibull_diffusion
0.026927878634022368,0.8789808917197451,0.12402117033202603,0.6924492715920916,0.24226667081988562,4.0,0.45222929936305734,0.8051085786266622,HI-VAE_weibull_diffusion
0.027823150060220098,0.865180467091295,0.11127567514602153,0.7213254422476587,0.2697678652227727,2.0,0.40764331210191085,0.7765779053581562,HI-VAE_weibull_diffusion
0.028680030946876336,0.8604033970276009,0.15377318068263854,0.7805345993756504,0.2596279435698942,3.0,0.46496815286624205,0.8021885740850596,HI-VAE_weibull_diffusion
0.030134588560581346,0.8604033970276008,0.09239962905864524,0.7276209677419354,0.29781131120909704,1.0,0.4585987261146497,0.7945434003466977,HI-VAE_weibull_diffusion
0.02707757433926534,0.8715498938428875,0.09974352295655914,0.7207336108220603,0.276401598933911,1.0,0.4585987261146497,0.7810413257203948,HI-VAE_weibull_diffusion
0.026328041144660388,0.8688959660297241,0.16981963771272504,0.7871422996878252,0.22847057042421778,3.0,0.43312101910828027,0.8016029537430581,HI-VAE_weibull_diffusion
0.027067517777928332,0.8736730360934183,0.09896504726852612,0.7521006763787721,0.28296363278733544,2.0,0.45222929936305734,0.7965718111649026,HI-VAE_weibull_diffusion
0.02788448150154126,0.8630573248407644,0.1189365570551235,0.7405632154006245,0.2061528574887815,1.0,0.445859872611465,0.7939597362881204,HI-VAE_weibull_diffusion
0.02637179905976314,0.8731422505307856,0.09558084371064249,0.7231919875130073,0.21888607935756632,3.0,0.4968152866242038,0.7980883484817893,HI-VAE_weibull_diffusion
0.03139522765293485,0.851380042462845,0.12218297722505873,0.779942767950052,0.38834761603062595,2.0,0.35668789808917195,0.8040122476576973,HI-VAE_weibull_diffusion
0.02613946819677077,0.8662420382165607,0.11779086007280502,0.765511186264308,0.2998642310444515,3.0,0.4140127388535032,0.7805970038005469,HI-VAE_weibull_diffusion
0.026403394460284075,0.8646496815286625,0.1208851535909892,0.7477172216441208,0.27883542327738614,2.0,0.46496815286624205,0.7854386465727852,HI-VAE_weibull_diffusion
0.030506526127291312,0.8572186836518046,0.13384033539206383,0.7151209677419355,0.3550315266540626,3.0,0.445859872611465,0.812335385185951,HI-VAE_weibull_diffusion
0.02823590589279931,0.8630573248407645,0.09662898531911938,0.7346774193548387,0.2899664416664784,2.0,0.5222929936305732,0.8044137857907389,HI-VAE_weibull_diffusion
0.028045460823028685,0.8630573248407645,0.07557182847721758,0.7425338189386056,0.2011808543703613,1.0,0.4713375796178344,0.8018412010329998,HI-VAE_weibull_diffusion
0.03058757435170173,0.8556263269639066,0.11942153968464421,0.782882414151925,0.2671207237469645,1.0,0.45222929936305734,0.7989115805683549,HI-VAE_weibull_diffusion
0.029524563315594554,0.8651804670912951,0.09837436760369812,0.7731139438085328,0.2987518212618721,1.0,0.45222929936305734,0.7938540126170616,HI-VAE_weibull_diffusion
0.028522568048537963,0.8657112526539278,0.11655410447612823,0.745356399583767,0.25922919088018465,5.0,0.4267515923566879,0.8037848144747815,HI-VAE_weibull_diffusion
0.02767601326041733,0.8667728237791931,0.1141726238706498,0.7470408428720082,0.23431144491919942,1.0,0.4968152866242038,0.7974762230102795,HI-VAE_weibull_diffusion
0.026446055607012197,0.8699575371549896,0.13478612826513667,0.7628967221644121,0.22707679425799746,3.0,0.4585987261146497,0.7815268125909001,HI-VAE_weibull_diffusion
0.02650265637759826,0.872611464968153,0.10055303106933963,0.7201808012486992,0.2530665471331601,2.0,0.42038216560509556,0.7827749740426396,HI-VAE_weibull_diffusion
0.028281158576825782,0.855095541401274,0.13605259540019413,0.7521331945889698,0.25385836040177623,2.0,0.4585987261146497,0.8153674543624756,HI-VAE_weibull_diffusion
0.027143823933712452,0.8683651804670913,0.09187687006412538,0.752712018730489,0.319407386548689,1.0,0.43312101910828027,0.7937074176725797,HI-VAE_weibull_diffusion
0.028899634701951407,0.8561571125265393,0.09992328081225002,0.7683597814776275,0.34995985221551,2.0,0.39490445859872614,0.7981493858480517,HI-VAE_weibull_diffusion
0.02943135443941509,0.8593418259023355,0.11082623103188244,0.7798972424557752,0.41495916700396884,1.0,0.40764331210191085,0.8161384412552997,HI-VAE_weibull_diffusion
0.02862659918001136,0.8588110403397028,0.1416396938362473,0.7681971904266389,0.2867680968455843,2.0,0.445859872611465,0.7953478520637627,HI-VAE_weibull_diffusion
0.02801020237580468,0.865180467091295,0.13435414253551042,0.7774583766909469,0.31212506644071436,1.0,0.40764331210191085,0.813133446259979,HI-VAE_weibull_diffusion
0.028116207257197823,0.865180467091295,0.09547348827384763,0.7740699791883455,0.3204212227502095,1.0,0.43312101910828027,0.8058520117520376,HI-VAE_weibull_diffusion
0.028553393399966782,0.8667728237791933,0.1721022472025852,0.7352237252861602,0.32944338426161746,5.0,0.43312101910828027,0.797507018296902,HI-VAE_weibull_diffusion
0.028859733750832017,0.8646496815286625,0.09181764103293966,0.7007674297606659,0.18472939861828488,4.0,0.43312101910828027,0.7953125681690539,HI-VAE_weibull_diffusion
0.023550964285458918,0.8768577494692145,0.07879713296489904,0.7455319979188346,0.3175963130727735,4.0,0.445859872611465,0.7841860595955497,HI-VAE_weibull_diffusion
0.027567873707115064,0.868895966029724,0.08409761862203306,0.6796436004162331,0.2535382380818201,2.0,0.4012738853503185,0.7948156092827515,HI-VAE_weibull_diffusion
0.028607359604277155,0.8604033970276009,0.10510994878295357,0.7631438605619147,0.27663885164262075,4.0,0.4968152866242038,0.7866258943808774,HI-VAE_weibull_diffusion
0.02920493654230183,0.8582802547770702,0.14453044868307488,0.7525754422476587,0.3172280565877127,4.0,0.4140127388535032,0.8264959398453516,HI-VAE_weibull_diffusion
0.02840191822272643,0.8641188959660296,0.127903965625163,0.7827068158168575,0.2594133294046879,4.0,0.40764331210191085,0.7986987010684415,HI-VAE_weibull_diffusion
0.02873279749418428,0.8651804670912951,0.14612795379454763,0.7783623829344433,0.28634160116857776,1.0,0.445859872611465,0.793092282395804,HI-VAE_weibull_diffusion
0.028630157732413453,0.8683651804670912,0.10578918789326952,0.7627601456815817,0.2739712170029117,2.0,0.43312101910828027,0.7960698524414481,HI-VAE_weibull_diffusion
0.029160158595327862,0.8588110403397028,0.1510556178366327,0.7776014568158169,0.20915799742254687,4.0,0.43312101910828027,0.8166415223522204,HI-VAE_weibull_diffusion
0.029372367924718104,0.8561571125265394,0.10984972383057795,0.7555085848074922,0.2935615011373273,2.0,0.46496815286624205,0.8038366805787103,HI-VAE_weibull_diffusion
0.02706967308560276,0.8720806794055201,0.1186048307973755,0.7922541623309052,0.23240272301963674,3.0,0.45222929936305734,0.791892464506688,HI-VAE_weibull_diffusion
0.028235497937765325,0.8630573248407644,0.09610288889250274,0.7867390738813735,0.2406529523153905,1.0,0.4140127388535032,0.8029053373139393,HI-VAE_weibull_diffusion
0.028515367612862722,0.8673036093418259,0.1312088495182372,0.7107180020811654,0.35230877453484755,2.0,0.4585987261146497,0.7888887708103165,HI-VAE_weibull_diffusion
0.02757991478708897,0.8646496815286625,0.09203407177835844,0.7080580124869928,0.20022591572814183,2.0,0.45222929936305734,0.7766721613248004,HI-VAE_weibull_diffusion
0.02977792706059733,0.8519108280254777,0.13124735557738887,0.7823816337148803,0.2981128627960688,1.0,0.4394904458598726,0.8230122177156952,HI-VAE_weibull_diffusion
0.028639964209484906,0.8625265392781317,0.12539021550184656,0.7332401144641,0.3659361930078274,3.0,0.3885350318471338,0.7803816753163219,HI-VAE_weibull_diffusion
0.029427244874758677,0.8588110403397028,0.1670813120340827,0.7229058272632674,0.21908977595439225,2.0,0.4140127388535032,0.8070567184026796,HI-VAE_weibull_diffusion
0.027170321894945376,0.8715498938428875,0.11178307362898157,0.7646201873048908,0.3392173784942833,1.0,0.4585987261146497,0.7871223581713684,HI-VAE_weibull_diffusion
0.027101916488872894,0.8699575371549894,0.09538849822580027,0.7548647242455775,0.22961359735347492,3.0,0.45222929936305734,0.8105219941579525,HI-VAE_weibull_diffusion
0.02683160882537058,0.8710191082802549,0.08742470040438703,0.7331815816857441,0.2976772421272305,2.0,0.445859872611465,0.780750291417983,HI-VAE_weibull_diffusion
0.029372771970096734,0.8604033970276009,0.10218423300505398,0.7296110822060353,0.22491824727010237,2.0,0.4840764331210191,0.7855163139212409,HI-VAE_weibull_diffusion
0.028984131513111563,0.8657112526539278,0.10587385694331927,0.7477497398543184,0.28714751540811495,1.0,0.43312101910828027,0.7862323022948877,HI-VAE_weibull_diffusion
0.027662137233319423,0.867303609341826,0.11175324809619437,0.7689255983350677,0.2228790756288702,1.0,0.46496815286624205,0.7949363964342184,HI-VAE_weibull_diffusion
0.03152901872791781,0.8556263269639066,0.12704299214304784,0.7640738813735692,0.3107812182115912,2.0,0.45222929936305734,0.8000845976825018,HI-VAE_weibull_diffusion
0.028575103549282294,0.8604033970276008,0.16393210747219245,0.7509365244536941,0.2748727113752943,3.0,0.43312101910828027,0.8069003067075339,HI-VAE_weibull_diffusion
0.030722181973622847,0.8540339702760086,0.11225929079051289,0.7658168574401664,0.21541086246365557,5.0,0.42038216560509556,0.7846968591648747,HI-VAE_weibull_diffusion
0.027153417169794632,0.8625265392781317,0.09080757867984121,0.7315946930280959,0.21895062223043069,3.0,0.445859872611465,0.7989718658504065,HI-VAE_weibull_diffusion
0.029465826867123065,0.8556263269639066,0.09747128414498347,0.7748894380853277,0.29736671823054733,2.0,0.43312101910828027,0.7973898499277707,HI-VAE_weibull_diffusion
0.029718179100805358,0.8582802547770699,0.11938312632842737,0.7511966701352757,0.1850676316517644,2.0,0.4267515923566879,0.8110619214422276,HI-VAE_weibull_diffusion
0.025589011285403446,0.8779193205944799,0.08817811185376698,0.7511316337148803,0.32953498322212316,2.0,0.5031847133757962,0.8104885746607347,HI-VAE_weibull_diffusion
0.024027710195452374,0.8752653927813164,0.108638357208661,0.6991740374609782,0.2133878271394223,1.0,0.4267515923566879,0.7817026946468051,HI-VAE_weibull_diffusion
0.031002776212660305,0.8556263269639066,0.09404971566844576,0.7502471383975026,0.22307248257762688,1.0,0.4012738853503185,0.7875241540913465,HI-VAE_weibull_diffusion
0.029926445741952173,0.8598726114649683,0.11069465039954947,0.7974375650364204,0.2798113427413704,2.0,0.4840764331210191,0.8087347455447192,HI-VAE_weibull_diffusion
0.027338140343955975,0.8742038216560509,0.1251566846344963,0.7023738293444328,0.27531423290750023,4.0,0.4140127388535032,0.7918417275733187,HI-VAE_weibull_diffusion
0.029402750820185296,0.8545647558386412,0.12424623471537012,0.7980684183142561,0.2985960860340402,4.0,0.4713375796178344,0.8014829475115436,HI-VAE_weibull_diffusion
0.026441555551140195,0.8811040339702761,0.1655959027329364,0.7253772112382934,0.22384327339014784,3.0,0.3821656050955414,0.8141812385382775,HI-VAE_weibull_diffusion
0.030189225233439393,0.8487261146496815,0.10776839196153114,0.747671696149844,0.29638489108110966,3.0,0.445859872611465,0.8181516947057057,HI-VAE_weibull_diffusion
0.02754968494654547,0.8609341825902335,0.08811251382457763,0.7578303850156087,0.3872085118268694,2.0,0.4585987261146497,0.7801096984625531,HI-VAE_weibull_diffusion
0.03017819973169927,0.8556263269639066,0.08651977202709572,0.7742455775234132,0.2924766052253695,4.0,0.3821656050955414,0.7949282118333524,HI-VAE_weibull_diffusion
0.02938826573745088,0.8582802547770702,0.10518876145486608,0.7027770551508845,0.29431718111949334,2.0,0.43312101910828027,0.7883418967946565,HI-VAE_weibull_diffusion
0.027652068610239573,0.867303609341826,0.09958540355075335,0.7725286160249739,0.2572602863134172,2.0,0.4267515923566879,0.8064113982344262,HI-VAE_weibull_diffusion
0.028327541416487734,0.8667728237791933,0.10169028331176311,0.7166818418314256,0.3304496247213458,3.0,0.3248407643312102,0.8148915943269247,HI-VAE_weibull_diffusion
0.028437017481068777,0.8651804670912951,0.10497704719745327,0.7284859521331946,0.27461889774804554,2.0,0.43312101910828027,0.8017299985822129,HI-VAE_weibull_diffusion
0.02381861222008777,0.8885350318471338,0.12956901855937006,0.743535379812695,0.2936546576363544,1.0,0.445859872611465,0.8044726811896334,HI-VAE_weibull_diffusion
0.02951167247519874,0.8630573248407645,0.11694774752822615,0.7514112903225806,0.22667364547572227,5.0,0.4267515923566879,0.8070748179981119,HI-VAE_weibull_diffusion
0.02564690108587658,0.8726114649681529,0.13685882596128587,0.7307947450572321,0.34837189226894877,2.0,0.42038216560509556,0.7810097513035188,HI-VAE_weibull_diffusion
0.030732278487340853,0.8513800424628452,0.1307803649100637,0.7379812695109261,0.24728176244102182,2.0,0.42038216560509556,0.7920538811344953,HI-VAE_weibull_diffusion
0.03177092111706275,0.8466029723991507,0.10717255686452049,0.7931971904266388,0.30287247136479795,1.0,0.445859872611465,0.8153752749705285,HI-VAE_weibull_diffusion
0.029744830122460153,0.8609341825902335,0.13690234459553915,0.7441207075962539,0.24702815441370451,5.0,0.45222929936305734,0.7962405044352822,HI-VAE_weibull_diffusion
0.026174254225171573,0.8779193205944799,0.09178516000564604,0.7417078563995838,0.35515140026623765,2.0,0.3885350318471338,0.8021923821429628,HI-VAE_weibull_diffusion
0.02810329442611491,0.867303609341826,0.094474518058069,0.8066207075962539,0.2809182139815989,2.0,0.45222929936305734,0.8209043471003509,HI-VAE_weibull_diffusion
0.029187814302768605,0.8577494692144375,0.11778358207320924,0.7292143600416233,0.329435778801998,3.0,0.3821656050955414,0.7969409818899094,HI-VAE_weibull_diffusion
0.029944427964721507,0.8593418259023355,0.17111203568795277,0.7744732049947972,0.2150527345852349,5.0,0.4585987261146497,0.7990496280113012,HI-VAE_weibull_diffusion
0.031401469699213806,0.8519108280254777,0.1500064658345128,0.7372983870967742,0.3165277310749842,1.0,0.39490445859872614,0.8024309406067687,HI-VAE_weibull_diffusion
0.02732199779969204,0.8683651804670913,0.12309318601018916,0.7676964099895941,0.21005189759852386,3.0,0.4585987261146497,0.8074460232246548,HI-VAE_weibull_diffusion
0.027298299677708863,0.8710191082802549,0.13228631753679299,0.7558012486992716,0.27994507884328046,3.0,0.47770700636942676,0.8076481435201038,HI-VAE_weibull_diffusion
0.030974201932832096,0.8476645435244162,0.1129082720778417,0.7346774193548388,0.24944625101883508,3.0,0.45222929936305734,0.7891235455684172,HI-VAE_weibull_diffusion
0.029790140970840862,0.8556263269639067,0.09585608860410068,0.7888852757544225,0.2095515986819124,1.0,0.445859872611465,0.7981156401441228,HI-VAE_weibull_diffusion
0.02818249403728063,0.8604033970276009,0.07482939593104228,0.7471383975026014,0.3100789029145676,2.0,0.43312101910828027,0.7885017249113665,HI-VAE_weibull_diffusion
0.024707577933591306,0.8752653927813164,0.08746844936083548,0.7039281997918835,0.2903522311419766,2.0,0.4585987261146497,0.7853409874226912,HI-VAE_weibull_diffusion
0.029748169232177445,0.8614649681528662,0.15804543482192593,0.7403876170655567,0.32053124008024203,2.0,0.4585987261146497,0.8075794409992454,HI-VAE_weibull_diffusion
0.027825232278732265,0.8609341825902336,0.09053773388862399,0.7262942247658689,0.38817712511805413,2.0,0.45222929936305734,0.8097297674297694,HI-VAE_weibull_diffusion
0.025408979102583457,0.8699575371549894,0.08622370827052835,0.7398608220603539,0.2104173655742877,2.0,0.49044585987261147,0.7952329418948708,HI-VAE_weibull_diffusion
0.029088081330585467,0.8593418259023354,0.10449063802025946,0.768665452653486,0.2648483299910247,1.0,0.5095541401273885,0.7789520818988266,HI-VAE_weibull_diffusion
0.035443057143296076,0.8349256900212314,0.13827614999015772,0.7147827783558792,0.27010666789589927,2.0,0.47770700636942676,0.7934815461783034,HI-VAE_weibull_diffusion
0.029217667689053626,0.8619957537154989,0.10436883312514562,0.7746943288241416,0.2657835149392129,2.0,0.4585987261146497,0.8120782431369954,HI-VAE_weibull_diffusion
0.027028054087655507,0.8704883227176222,0.1411051079894852,0.7711238293444329,0.4032017212681206,2.0,0.4267515923566879,0.8050337284710264,HI-VAE_weibull_diffusion
0.030996677090996544,0.8487261146496815,0.120880246970751,0.7830515088449531,0.299674371034006,4.0,0.445859872611465,0.78712038603436,HI-VAE_weibull_diffusion
0.02882864925934483,0.8641188959660298,0.1339508471704422,0.7449726847034339,0.33013231790213776,1.0,0.46496815286624205,0.7930307341740359,HI-VAE_weibull_diffusion
0.02730299607394372,0.8715498938428876,0.1302536003549037,0.7425793444328824,0.315363576760558,3.0,0.4585987261146497,0.8071486121276532,HI-VAE_weibull_diffusion
0.02977638440808227,0.8593418259023355,0.11372746722785834,0.7204409469302809,0.277555670489597,2.0,0.4585987261146497,0.7900934297980752,HI-VAE_weibull_diffusion
0.02643924789323857,0.8736730360934182,0.1237175973312953,0.7404591571279917,0.2633944968716518,4.0,0.5159235668789809,0.7823282755929922,HI-VAE_weibull_diffusion
0.03131802350052456,0.8503184713375797,0.08974291159356929,0.7947255463059314,0.21774048505339247,1.0,0.46496815286624205,0.7974304405795083,HI-VAE_weibull_diffusion
0.03269855141881403,0.8466029723991507,0.08766022411876294,0.7861537460978146,0.24780365692895123,1.0,0.4713375796178344,0.806097669135659,HI-VAE_weibull_diffusion
0.02832810563098674,0.8651804670912951,0.09761950044707393,0.7115374609781477,0.25331680812121715,1.0,0.4968152866242038,0.7776847132689992,HI-VAE_weibull_diffusion
0.02800481735076676,0.8609341825902336,0.09734984447906478,0.7066532258064516,0.3086619397623361,2.0,0.47770700636942676,0.7908336832319688,HI-VAE_weibull_diffusion
0.028439545656012446,0.8561571125265393,0.10132624973860842,0.7116675338189387,0.288079466375177,2.0,0.4012738853503185,0.8191540720289695,HI-VAE_weibull_diffusion
0.03021218059088593,0.8524416135881104,0.11472099604823408,0.7436524453694069,0.3132170756493706,3.0,0.39490445859872614,0.8021460341019864,HI-VAE_weibull_diffusion
0.027093104862003305,0.867303609341826,0.10585661266683728,0.7177679500520291,0.23089247278358413,2.0,0.47770700636942676,0.7808260068819926,HI-VAE_weibull_diffusion
0.0316652349771319,0.8535031847133759,0.14069214199789207,0.7387161810613943,0.36339370631299905,3.0,0.445859872611465,0.7869007848269178,HI-VAE_weibull_diffusion
0.031795738201202135,0.8492569002123144,0.10981079884297872,0.7431646722164411,0.24467936511130492,5.0,0.47770700636942676,0.8010460689155883,HI-VAE_weibull_diffusion
0.02610451104006049,0.8742038216560509,0.11568184598882618,0.7170915712799169,0.36341032250068156,1.0,0.46496815286624205,0.787766611749429,HI-VAE_weibull_diffusion
0.02836521698859076,0.8662420382165604,0.10886724522482846,0.7617585848074921,0.2125329781910397,2.0,0.4840764331210191,0.8173551630377774,HI-VAE_weibull_diffusion
0.03178799956574108,0.8450106157112528,0.09097668686812155,0.7511576482830385,0.20071255217569478,2.0,0.43312101910828027,0.8036792069391712,HI-VAE_weibull_diffusion
0.026187929823779557,0.8731422505307856,0.11508233243919483,0.7439125910509886,0.2577275303290574,5.0,0.4394904458598726,0.8019962870251375,HI-VAE_weibull_diffusion
0.02779990324314138,0.8657112526539278,0.07840227991776644,0.7555736212278876,0.2556153594955871,3.0,0.42038216560509556,0.8109858602974076,HI-VAE_weibull_diffusion
0.028805339999983942,0.8577494692144373,0.10096248394451396,0.7104708636836629,0.25775996791865163,2.0,0.49044585987261147,0.7859284583775056,HI-VAE_weibull_diffusion
0.030145498235759374,0.8535031847133757,0.11737490780291085,0.7893665452653484,0.2801965869872779,3.0,0.42038216560509556,0.7895571266080219,HI-VAE_weibull_diffusion
0.028498321784451802,0.8561571125265393,0.09090598620848638,0.7568288241415193,0.24546907108049945,2.0,0.445859872611465,0.7972705235042299,HI-VAE_weibull_diffusion
0.027762098654610406,0.8694267515923567,0.11041319918005874,0.7408818938605619,0.25583122908488287,2.0,0.37579617834394907,0.7891588242281088,HI-VAE_weibull_diffusion
0.02867964852681616,0.8609341825902336,0.08198182312041277,0.7734131113423517,0.3367532657343484,3.0,0.3885350318471338,0.8109496719473684,HI-VAE_weibull_diffusion
0.03075231750005529,0.8535031847133759,0.10372766974620454,0.7223985431841832,0.32758782814785076,2.0,0.4394904458598726,0.7790003521333867,HI-VAE_weibull_diffusion
0.03079554745708536,0.855095541401274,0.1101302342653223,0.7851912070759626,0.3088406491240231,1.0,0.42038216560509556,0.7898608224677853,HI-VAE_weibull_diffusion
0.026879894544769967,0.8646496815286624,0.14338866336098433,0.7663046305931321,0.34739173772511145,3.0,0.4012738853503185,0.8002695709428211,HI-VAE_weibull_diffusion
0.027748443776183806,0.8635881104033971,0.06635862596427564,0.7201157648283039,0.2704206970642641,1.0,0.4585987261146497,0.8102971535435348,HI-VAE_weibull_diffusion
0.027924611972545477,0.8736730360934183,0.10858681689347498,0.7607635275754422,0.31897055625777615,1.0,0.39490445859872614,0.776850509906286,HI-VAE_weibull_diffusion
0.027291668185099868,0.8678343949044586,0.1352269448290728,0.7227627471383975,0.3467678021449169,4.0,0.4713375796178344,0.7792342204319345,HI-VAE_weibull_diffusion
0.027707415003588268,0.8657112526539277,0.1156512753118879,0.769985691987513,0.3260124592794837,2.0,0.4267515923566879,0.8136506690268672,HI-VAE_weibull_diffusion
0.02778654937072322,0.8683651804670912,0.07833265842601439,0.7518145161290324,0.18746866700683223,1.0,0.445859872611465,0.8134409894922405,HI-VAE_weibull_diffusion
0.030684704111079864,0.8577494692144373,0.0963339194326236,0.7194588969823101,0.3573348302144441,1.0,0.45222929936305734,0.7999499110550037,HI-VAE_weibull_diffusion
0.029069749762651975,0.8519108280254778,0.13622119518551248,0.780768730489074,0.3044975148324451,3.0,0.42038216560509556,0.7819721988818474,HI-VAE_weibull_diffusion
0.029169916542605784,0.8572186836518046,0.15168402123929478,0.7750910509885536,0.27067130250790816,3.0,0.4267515923566879,0.7981775944431392,HI-VAE_weibull_diffusion
0.02884175741336056,0.8598726114649681,0.10776103598507604,0.7174882934443289,0.23326921753201435,4.0,0.43312101910828027,0.7930283376016578,HI-VAE_weibull_diffusion
0.028112220574782226,0.867303609341826,0.11719103905179244,0.7320174297606661,0.2912989520209591,2.0,0.445859872611465,0.7950405160711279,HI-VAE_weibull_diffusion
0.02780611540280166,0.8673036093418259,0.11647333962607288,0.769543444328824,0.29179378366212616,3.0,0.4968152866242038,0.8042365639040431,HI-VAE_weibull_diffusion
0.02706853365886436,0.8699575371549894,0.14378806362376487,0.7806971904266389,0.33673388790471587,1.0,0.445859872611465,0.7863047171766779,HI-VAE_weibull_diffusion
0.026562857628766087,0.8720806794055201,0.12257872931153034,0.7625455254942768,0.27942314084935327,2.0,0.45222929936305734,0.7794230461874865,HI-VAE_weibull_diffusion
0.027903817105325177,0.8710191082802546,0.10491543317896297,0.7661745577523413,0.22692417392130665,5.0,0.4713375796178344,0.7872917178524321,HI-VAE_weibull_diffusion
0.02975589172840226,0.8604033970276008,0.12007771775996062,0.7666298126951092,0.25989164138187526,2.0,0.4585987261146497,0.8015043546348068,HI-VAE_weibull_diffusion
0.024582257162144752,0.881104033970276,0.10839973777095695,0.7591831425598337,0.32351349326689627,2.0,0.4140127388535032,0.8032467106364526,HI-VAE_weibull_diffusion
0.02855380846904895,0.8662420382165607,0.1511899566695682,0.7623764308012486,0.24400845449408679,3.0,0.40764331210191085,0.784434435997323,HI-VAE_weibull_diffusion
0.02960221936810171,0.8545647558386412,0.1041905768058765,0.7674622788761707,0.3334372256753651,2.0,0.4140127388535032,0.815844472191067,HI-VAE_weibull_diffusion
0.02777483610495479,0.8630573248407644,0.13361667443644065,0.7574921956295525,0.31524634534454865,2.0,0.42038216560509556,0.7955538372855364,HI-VAE_weibull_diffusion
0.028677469118442902,0.8694267515923567,0.10076065718113301,0.7214880332986472,0.212920354934414,4.0,0.445859872611465,0.8061049970327014,HI-VAE_weibull_diffusion
0.029451509681449203,0.8593418259023355,0.11261018712866376,0.8156087408949011,0.21926896331172477,1.0,0.3885350318471338,0.8015977045574658,HI-VAE_weibull_diffusion
0.027844830775984746,0.8704883227176222,0.06928289060724017,0.7561784599375649,0.2599850144552331,2.0,0.4394904458598726,0.7964480401441915,HI-VAE_weibull_diffusion
0.028325746043459873,0.8630573248407644,0.14188541551434136,0.7474830905306973,0.33301249964352686,3.0,0.37579617834394907,0.8034796460654177,HI-VAE_weibull_diffusion
0.030288741126078638,0.8572186836518046,0.14137355469624227,0.7764568158168574,0.2472471055118839,2.0,0.4713375796178344,0.803631000897565,HI-VAE_weibull_diffusion
0.027610242652620298,0.8678343949044586,0.09980349083134507,0.7367650884495317,0.30571824275413023,3.0,0.4713375796178344,0.7961866066600556,HI-VAE_weibull_diffusion
0.028312981341089963,0.8641188959660298,0.15337107111828527,0.7646331945889698,0.3525219827596425,1.0,0.42038216560509556,0.822327686259514,HI-VAE_weibull_diffusion
0.02919324666895982,0.8561571125265394,0.16325951867285568,0.7608545785639957,0.33212571215678466,2.0,0.4840764331210191,0.8019254925223507,HI-VAE_weibull_diffusion
0.030129753215476344,0.8566878980891719,0.14740525653422287,0.7616545265348595,0.31539161414175965,3.0,0.4012738853503185,0.7959961819098006,HI-VAE_weibull_diffusion
0.02536867984180551,0.8726114649681529,0.09834943187099818,0.8108220603537981,0.21653905202496893,2.0,0.4840764331210191,0.7706677280563852,HI-VAE_weibull_diffusion
0.029459050719548605,0.8630573248407644,0.09290965438019623,0.8124284599375651,0.20116787141545273,1.0,0.4840764331210191,0.8048967739706634,HI-VAE_weibull_diffusion
0.03033176367597723,0.8556263269639066,0.09625667927330521,0.7347684703433922,0.28062241811177496,2.0,0.4267515923566879,0.8089547003797515,HI-VAE_weibull_diffusion
0.025353743594450005,0.8747346072186838,0.09927941334562843,0.7214164932362123,0.2591719707694643,4.0,0.4585987261146497,0.8107614448125726,HI-VAE_weibull_diffusion
0.02853556725029936,0.8641188959660298,0.11671768620338836,0.7944003642039543,0.23144214975276067,3.0,0.42038216560509556,0.8097570762456042,HI-VAE_weibull_diffusion
0.030913254969571587,0.8513800424628449,0.10817482426687954,0.7554240374609782,0.253252168424794,3.0,0.4394904458598726,0.8017404802748611,HI-VAE_weibull_diffusion
0.026972052569223266,0.8651804670912951,0.10506187289124029,0.7753511966701353,0.3129552782415881,4.0,0.4394904458598726,0.7933048656676603,HI-VAE_weibull_diffusion
0.02730554915327114,0.868895966029724,0.08775163286713158,0.6962213839750261,0.2633274344032496,2.0,0.445859872611465,0.7850535505824651,HI-VAE_weibull_diffusion
0.030600483866740257,0.8556263269639066,0.15834062823483513,0.77670395421436,0.3030180897254505,2.0,0.39490445859872614,0.8096993352341569,HI-VAE_weibull_diffusion
0.030592382377136403,0.855095541401274,0.14201972132162394,0.7630853277835589,0.25476444066670767,4.0,0.445859872611465,0.8026097277159605,HI-VAE_weibull_diffusion
0.02940483751001619,0.8593418259023355,0.10013925911230095,0.7173647242455775,0.24843259820696406,2.0,0.4267515923566879,0.7837729627737167,HI-VAE_weibull_diffusion
0.02780148546598618,0.8710191082802549,0.12479053258265779,0.7462473985431841,0.32686708128476194,2.0,0.4394904458598726,0.8058827665505703,HI-VAE_weibull_diffusion
0.03191791768003851,0.8487261146496815,0.11570161673512501,0.7635535900104059,0.2292033534413369,2.0,0.4140127388535032,0.7809253151892838,HI-VAE_weibull_diffusion
0.030057417011453955,0.8593418259023354,0.15484394491391673,0.7783363683662851,0.28884786453491146,2.0,0.4012738853503185,0.7980239167277063,HI-VAE_weibull_diffusion
0.03163522233279003,0.8492569002123141,0.1073830830612494,0.7691792403746097,0.35492818500303236,1.0,0.4012738853503185,0.8173143717548039,HI-VAE_weibull_diffusion
0.02742932538003349,0.8657112526539278,0.15087438439878498,0.7702458376690947,0.331254979545861,3.0,0.40764331210191085,0.8082373755459963,HI-VAE_weibull_diffusion
0.029412511775013712,0.8577494692144375,0.16055100449910953,0.7448751300728408,0.25029862011542214,2.0,0.4585987261146497,0.8182550718144014,HI-VAE_weibull_diffusion
0.027361640549089,0.8731422505307856,0.11112972697394645,0.7120642559833507,0.2567322690119868,4.0,0.49044585987261147,0.7975518280217181,HI-VAE_weibull_diffusion
0.028514817799392193,0.8667728237791933,0.11948164984551693,0.8084742455775235,0.33705589131628033,4.0,0.4713375796178344,0.8015561433036087,HI-VAE_weibull_diffusion
0.026598180602494265,0.8699575371549894,0.1026343739452623,0.7415387617065556,0.25615109377369727,2.0,0.5031847133757962,0.788821398551565,HI-VAE_weibull_diffusion
0.02799829874203319,0.8641188959660299,0.12531906396409992,0.7698686264308012,0.30234755453866147,2.0,0.4394904458598726,0.7973610884565967,HI-VAE_weibull_diffusion
0.03101627533439306,0.8524416135881104,0.09071968761655404,0.7422411550468262,0.27377734475289456,4.0,0.4585987261146497,0.8062341682564471,HI-VAE_weibull_diffusion
0.02682112989845266,0.8742038216560509,0.09800555564296817,0.6984456295525494,0.22822871223738486,1.0,0.4968152866242038,0.8027618351368102,HI-VAE_weibull_diffusion
0.02660588614223397,0.8699575371549894,0.13040546452929877,0.7241740374609782,0.3519548304614549,1.0,0.4267515923566879,0.7855019331348415,HI-VAE_weibull_diffusion
0.03172274959768263,0.8471337579617835,0.10713865028998046,0.7785704994797087,0.24301365265186234,1.0,0.4585987261146497,0.7914401179283618,HI-VAE_weibull_diffusion
0.02920651503022829,0.8625265392781318,0.16246359101839827,0.7573881373569199,0.22034578028551474,3.0,0.42038216560509556,0.8209560691588748,HI-VAE_weibull_diffusion
0.030656966103325856,0.8556263269639066,0.12962257507048447,0.8085978147762747,0.26454882764088195,4.0,0.46496815286624205,0.8002961111382444,HI-VAE_weibull_diffusion
0.03146432361603002,0.8508492569002124,0.174912463181197,0.8093587408949012,0.29898147348220144,3.0,0.5031847133757962,0.8023646226755519,HI-VAE_weibull_diffusion
0.025385500696215448,0.8789808917197451,0.08000599196915709,0.7376105619146722,0.21477680398845297,2.0,0.45222929936305734,0.8013958557833751,HI-VAE_weibull_diffusion
0.028220704773139326,0.8683651804670913,0.09757797717801237,0.7403616024973986,0.2423077833948489,2.0,0.4713375796178344,0.7850582950852414,HI-VAE_weibull_diffusion
0.026065399601278894,0.8747346072186838,0.10462166014195644,0.7157127991675338,0.28162650826456437,5.0,0.445859872611465,0.7893049671029225,HI-VAE_weibull_diffusion
0.029438088103322615,0.8630573248407644,0.12398001425696176,0.7851066597294484,0.26120364313334576,2.0,0.445859872611465,0.8088066818546022,HI-VAE_weibull_diffusion
0.02974869909378319,0.856687898089172,0.08263589315210984,0.7777185223725287,0.2803223121832113,2.0,0.43312101910828027,0.796796857204535,HI-VAE_weibull_diffusion
0.028595926763567953,0.8630573248407645,0.12125046426052599,0.7971058792924037,0.33779197508021924,5.0,0.43312101910828027,0.8162080816878674,HI-VAE_weibull_diffusion
0.030391080306104507,0.8524416135881104,0.10285399268836125,0.7671240894901146,0.2550724695001931,2.0,0.4713375796178344,0.8095065978025119,HI-VAE_weibull_diffusion
0.029336572839568902,0.8561571125265394,0.07270638516844026,0.7532518210197712,0.29320042604528523,2.0,0.445859872611465,0.8104926026448993,HI-VAE_weibull_diffusion
0.0254292450906676,0.8715498938428876,0.10757886305222278,0.7253446930280957,0.311978697333795,2.0,0.49044585987261147,0.7840500809660396,HI-VAE_weibull_diffusion
0.030080885283901515,0.8556263269639066,0.17348169906801764,0.7969562955254943,0.252226265501068,5.0,0.4394904458598726,0.8314381499816298,HI-VAE_weibull_diffusion
0.027435389769839395,0.8678343949044587,0.15151199732061274,0.7533168574401665,0.2784668971565835,4.0,0.4012738853503185,0.8126497608840705,HI-VAE_weibull_diffusion
0.030795214781629703,0.8487261146496817,0.07479554418706628,0.7126690946930281,0.2487155244401641,2.0,0.4585987261146497,0.7828304546054095,HI-VAE_weibull_diffusion
0.02918569411724037,0.8545647558386412,0.09585386488025456,0.7649713839750261,0.27586504538927376,2.0,0.5095541401273885,0.8047324260540312,HI-VAE_weibull_diffusion
0.028241739160545527,0.8635881104033971,0.13743558339660253,0.7655502081165453,0.20082790466038125,2.0,0.445859872611465,0.7982225328323135,HI-VAE_weibull_diffusion
0.02615507077818523,0.8736730360934182,0.1247175194381957,0.7547736732570239,0.22007990178570686,4.0,0.4713375796178344,0.7802253145090672,HI-VAE_weibull_diffusion
0.02859769920332839,0.8609341825902336,0.11205894360822732,0.7588969823100936,0.26168062106039447,4.0,0.40764331210191085,0.8176609323419569,HI-VAE_weibull_diffusion
0.0102024193756985,0.944267515923567,0.06090878992774035,0.6000910509885535,0.19319259524701043,2.0,0.4394904458598726,0.7783126095081746,HI-VAE_piecewise_diffusion
0.011389387216358479,0.9384288747346073,0.0466059489472439,0.6957401144641,0.2231152769241365,2.0,0.49044585987261147,0.7616252394307026,HI-VAE_piecewise_diffusion
0.010684757337536073,0.940552016985138,0.06454435196127305,0.7279071279916753,0.21462779398116602,2.0,0.4394904458598726,0.7609301871399494,HI-VAE_piecewise_diffusion
0.01274696415853279,0.9331210191082803,0.05757607565441201,0.6477692507804371,0.13263861240023045,1.0,0.4713375796178344,0.759385477116241,HI-VAE_piecewise_diffusion
0.011108820040971178,0.942144373673036,0.051822277440657344,0.6443093132154007,0.3119768022733319,2.0,0.45222929936305734,0.766090515227954,HI-VAE_piecewise_diffusion
0.01132029110424277,0.93895966029724,0.033475492474718295,0.5975091050988554,0.211622468748562,2.0,0.5222929936305732,0.7726213076767439,HI-VAE_piecewise_diffusion
0.01044846440061111,0.9426751592356689,0.0636292180496502,0.6044940166493236,0.20526627525766386,3.0,0.43312101910828027,0.760279892615951,HI-VAE_piecewise_diffusion
0.013435369381109263,0.9299363057324842,0.0677091725506773,0.6205124869927159,0.267476658057453,1.0,0.4840764331210191,0.7794010680839305,HI-VAE_piecewise_diffusion
0.014569957283768633,0.9235668789808918,0.04130074269212385,0.6819263787721124,0.21171066473325384,4.0,0.4585987261146497,0.7657866846664092,HI-VAE_piecewise_diffusion
0.011948791121997503,0.9331210191082803,0.07285742899274911,0.6034794484911551,0.17657251961783804,2.0,0.43312101910828027,0.7768694359766191,HI-VAE_piecewise_diffusion
0.0091641059223791,0.9410828025477708,0.08737329283824494,0.6661355359001041,0.13528713393673944,4.0,0.37579617834394907,0.7724078417989864,HI-VAE_piecewise_diffusion
0.010001297325166797,0.9447983014861996,0.050894811178638165,0.6331100416233091,0.19744613290642185,1.0,0.47770700636942676,0.7537288923767578,HI-VAE_piecewise_diffusion
0.010475626977350648,0.9432059447983016,0.05881526123468473,0.5899518730489074,0.130884649417247,1.0,0.4840764331210191,0.784133272323159,HI-VAE_piecewise_diffusion
0.01012759464833574,0.9463906581740976,0.05175534986842386,0.5962799167533819,0.23630559412440816,1.0,0.4585987261146497,0.7615325504213398,HI-VAE_piecewise_diffusion
0.011539530134671953,0.932059447983015,0.06024742857977572,0.6522307492195629,0.29602531474377614,3.0,0.46496815286624205,0.7568948477219206,HI-VAE_piecewise_diffusion
0.011907590530179042,0.9373673036093418,0.05120415523072398,0.6396201873048908,0.30944477329184966,3.0,0.45222929936305734,0.7617203898968716,HI-VAE_piecewise_diffusion
0.010276757146636553,0.9416135881104034,0.07645481186231316,0.6394250780437044,0.15467150532514226,3.0,0.4394904458598726,0.7787608481178437,HI-VAE_piecewise_diffusion
0.012010841444140267,0.9400212314225053,0.035323577089320816,0.6958896982310094,0.253551832524852,1.0,0.47770700636942676,0.7657068958356926,HI-VAE_piecewise_diffusion
0.014020581935481809,0.9246284501061571,0.07059868442569175,0.6508975026014567,0.157997240597506,1.0,0.40764331210191085,0.7757347651668365,HI-VAE_piecewise_diffusion
0.011684761751438058,0.9331210191082803,0.06124710661323457,0.6557492195629553,0.08425582448486302,4.0,0.5031847133757962,0.7518157896045465,HI-VAE_piecewise_diffusion
0.013679545862898773,0.9320594479830149,0.05478492384604029,0.7222879812695109,0.21370225253737846,1.0,0.4840764331210191,0.7864653585202165,HI-VAE_piecewise_diffusion
0.010204286193983721,0.9474522292993631,0.04782502468223322,0.6078563995837669,0.1059885901877981,1.0,0.47770700636942676,0.7799436566435185,HI-VAE_piecewise_diffusion
0.009106579059006659,0.9506369426751594,0.04375381765136443,0.5724505723204995,0.24657452532491117,2.0,0.42038216560509556,0.764713805153577,HI-VAE_piecewise_diffusion
0.013743564113616165,0.9299363057324842,0.06206732468652288,0.6716181061394382,0.25788098532999126,2.0,0.4585987261146497,0.7772354479511144,HI-VAE_piecewise_diffusion
0.01150049663558742,0.9325902335456479,0.07120127050237303,0.6864203954214361,0.11914100325704821,3.0,0.4713375796178344,0.8005119794019142,HI-VAE_piecewise_diffusion
0.014853795191224229,0.924628450106157,0.039819835841036884,0.6676834027055151,0.3023486876310296,2.0,0.4713375796178344,0.781318129585278,HI-VAE_piecewise_diffusion
0.009005039121825983,0.9516985138004247,0.051515171585651956,0.6423712278876171,0.1981299938037203,2.0,0.46496815286624205,0.7509363281906616,HI-VAE_piecewise_diffusion
0.010845252531403065,0.9447983014861997,0.06749918812767922,0.5976781997918834,0.2753486270045232,1.0,0.47770700636942676,0.7727093134457301,HI-VAE_piecewise_diffusion
0.010267282276744118,0.9405520169851381,0.044873493416507426,0.6656737773152965,0.16132831864867087,1.0,0.4267515923566879,0.7417772988275766,HI-VAE_piecewise_diffusion
0.01022771366974948,0.9410828025477707,0.049142068928143295,0.66690296566077,0.3042669815276141,1.0,0.42038216560509556,0.7722176635346912,HI-VAE_piecewise_diffusion
0.009874473056905229,0.9469214437367303,0.0584536045705399,0.5986667533818939,0.23187955708910804,4.0,0.5286624203821656,0.778683616249632,HI-VAE_piecewise_diffusion
0.01213938320972899,0.9309978768577495,0.06575013111240838,0.7465725806451612,0.213037907887107,2.0,0.46496815286624205,0.7610129624945828,HI-VAE_piecewise_diffusion
0.011688903984497163,0.9378980891719745,0.055596100979958984,0.6048126951092611,0.20241680038171686,2.0,0.445859872611465,0.7416940309931525,HI-VAE_piecewise_diffusion
0.011565094787474925,0.9373673036093418,0.05181566384161331,0.640836368366285,0.14076830376291488,2.0,0.4968152866242038,0.7847862438785141,HI-VAE_piecewise_diffusion
0.013720320996369407,0.9336518046709129,0.055753020869030036,0.6291428199791883,0.12273546162945248,1.0,0.4840764331210191,0.7742488974667936,HI-VAE_piecewise_diffusion
0.01104018007949293,0.9400212314225054,0.06448095354974491,0.6797281477627471,0.2006878828678955,2.0,0.4267515923566879,0.7822124426159027,HI-VAE_piecewise_diffusion
0.012958429646489926,0.9225053078556265,0.07633254609956948,0.6838254422476587,0.2300606275105515,4.0,0.4713375796178344,0.7640922444557876,HI-VAE_piecewise_diffusion
0.014166950770696018,0.9299363057324842,0.058547106659469036,0.6997918834547348,0.2249379618988782,2.0,0.4585987261146497,0.7500731552067702,HI-VAE_piecewise_diffusion
0.01156834809435546,0.9304670912951168,0.10659356481923972,0.6822190426638919,0.15971211987934517,1.0,0.46496815286624205,0.750730119457338,HI-VAE_piecewise_diffusion
0.012332268121660118,0.9331210191082803,0.060855945693606785,0.7083246618106139,0.19361547657506553,2.0,0.4840764331210191,0.7770452619732028,HI-VAE_piecewise_diffusion
0.012637585218260946,0.9288747346072189,0.07802264801588853,0.6690426638917794,0.19889163523340306,3.0,0.45222929936305734,0.7792281646003663,HI-VAE_piecewise_diffusion
0.009596667788793617,0.9469214437367305,0.051226318735793225,0.6317117585848074,0.12064304766706548,1.0,0.445859872611465,0.7774266317146398,HI-VAE_piecewise_diffusion
0.011392486180810478,0.9410828025477707,0.046244754914341456,0.647684703433923,0.11941968815441734,1.0,0.5414012738853503,0.7656223185149176,HI-VAE_piecewise_diffusion
0.01232129535388532,0.9309978768577495,0.11526566081385602,0.6743691467221644,0.23290246884940138,1.0,0.4713375796178344,0.7628680093434039,HI-VAE_piecewise_diffusion
0.011575920864718857,0.9341825902335458,0.049981372533972654,0.6610496878251821,0.18604242940902155,2.0,0.46496815286624205,0.7821466606625265,HI-VAE_piecewise_diffusion
0.009922586830409618,0.9453290870488323,0.050473749854748194,0.6004552549427679,0.13889103728206226,1.0,0.4012738853503185,0.7730561389211887,HI-VAE_piecewise_diffusion
0.012668371438703094,0.9294055201698513,0.05848893860701549,0.5930931321540063,0.10845602658905261,3.0,0.4394904458598726,0.7506494968000826,HI-VAE_piecewise_diffusion
0.011418394965551448,0.9437367303609343,0.03809121682775609,0.623380593132154,0.198756140478384,2.0,0.4585987261146497,0.772938127870666,HI-VAE_piecewise_diffusion
0.012549499752744763,0.9347133757961785,0.03885368400141628,0.6255463059313214,0.16845019131280223,1.0,0.4713375796178344,0.7541847287742097,HI-VAE_piecewise_diffusion
0.011342499636966362,0.9331210191082803,0.04008482621578245,0.614945369406868,0.14251212193898705,2.0,0.42038216560509556,0.7537857960341143,HI-VAE_piecewise_diffusion
0.010298777465690861,0.9432059447983016,0.05053509315858975,0.6825312174817897,0.22014115822105992,1.0,0.4267515923566879,0.755993928655593,HI-VAE_piecewise_diffusion
0.011503194679037024,0.9410828025477707,0.057400669533893584,0.6750520291363162,0.21287071647772854,4.0,0.45222929936305734,0.7579132387248453,HI-VAE_piecewise_diffusion
0.01151285217267591,0.9400212314225054,0.06392415387655342,0.6433077523413111,0.3295987775865779,2.0,0.4713375796178344,0.784640238074605,HI-VAE_piecewise_diffusion
0.013730218967827659,0.9267515923566879,0.05806176514910459,0.6825247138397503,0.22396844708884028,3.0,0.445859872611465,0.7612329324242778,HI-VAE_piecewise_diffusion
0.01142328086495373,0.9347133757961784,0.06856417008787215,0.6425403225806452,0.21084685005793338,2.0,0.4267515923566879,0.7595709294593648,HI-VAE_piecewise_diffusion
0.012443497585172507,0.9357749469214438,0.05230548672979459,0.704786680541103,0.2368805069174525,2.0,0.45222929936305734,0.7766483276017834,HI-VAE_piecewise_diffusion
0.013176594968367273,0.9341825902335456,0.06881540219929566,0.6473985431841831,0.21042586723871914,3.0,0.49044585987261147,0.7665003955477533,HI-VAE_piecewise_diffusion
0.011681833913408454,0.9437367303609342,0.047794826279347995,0.5838254422476586,0.1404906687330642,1.0,0.49044585987261147,0.7740659165168918,HI-VAE_piecewise_diffusion
0.01016950239697193,0.9479830148619958,0.042232211226737607,0.6316142039542143,0.17685995397557958,1.0,0.47770700636942676,0.7628991602892151,HI-VAE_piecewise_diffusion
0.010006307676516894,0.9405520169851379,0.07405015855618562,0.5804955775234131,0.24143093708137914,1.0,0.5031847133757962,0.7948247909514884,HI-VAE_piecewise_diffusion
0.01018558286442346,0.944267515923567,0.05363097131431757,0.6034729448491154,0.1982895524372788,2.0,0.5095541401273885,0.7575052378853828,HI-VAE_piecewise_diffusion
0.007059192292995967,0.9554140127388536,0.053515219853745744,0.5949466701352757,0.08513083278455537,5.0,0.5031847133757962,0.7744011491185885,HI-VAE_piecewise_diffusion
0.011303156152275543,0.9325902335456475,0.08781080248535969,0.6625390218522372,0.2395618781389383,2.0,0.5095541401273885,0.7779501567448633,HI-VAE_piecewise_diffusion
0.008748841893269787,0.9463906581740976,0.05440702148923939,0.5826873048907388,0.1122425990013292,1.0,0.5031847133757962,0.7474396893596202,HI-VAE_piecewise_diffusion
0.014139609200732131,0.9288747346072187,0.05814938714063564,0.7124544745057232,0.19926110388229,1.0,0.445859872611465,0.7654714911547683,HI-VAE_piecewise_diffusion
0.010188097872077709,0.9469214437367305,0.049279836410169454,0.5941077003121749,0.2726332158338153,1.0,0.47770700636942676,0.7711213867477578,HI-VAE_piecewise_diffusion
0.011503643850794191,0.9384288747346071,0.04386209408476697,0.6360626951092611,0.11210793077125203,2.0,0.45222929936305734,0.7832696244436701,HI-VAE_piecewise_diffusion
0.008916982180107605,0.9511677282377918,0.045627356192215286,0.6158493756503642,0.21017018054035033,1.0,0.47770700636942676,0.7762454422648469,HI-VAE_piecewise_diffusion
0.01237411782077029,0.9357749469214438,0.06272051119965982,0.6529201352757544,0.2944074253199528,2.0,0.5222929936305732,0.7772006738765979,HI-VAE_piecewise_diffusion
0.012948707466475348,0.9272823779193207,0.09302465743741384,0.6498894380853277,0.24527954883354758,3.0,0.40764331210191085,0.7547654587853234,HI-VAE_piecewise_diffusion
0.01028426973807668,0.9416135881104034,0.0345657808938854,0.6722619667013527,0.1837195969026039,2.0,0.4140127388535032,0.7460759858191682,HI-VAE_piecewise_diffusion
0.01052155635725002,0.9400212314225054,0.06730855158145972,0.5766649323621228,0.21274814200400435,2.0,0.5286624203821656,0.7396436194906463,HI-VAE_piecewise_diffusion
0.012516524533166871,0.9368365180467092,0.05049738964200467,0.6670330385015608,0.2741152506487132,2.0,0.46496815286624205,0.7683982367754693,HI-VAE_piecewise_diffusion
0.015087028974630524,0.9209129511677282,0.05316353890343051,0.6618301248699272,0.19628336175656094,1.0,0.4585987261146497,0.7895847272213354,HI-VAE_piecewise_diffusion
0.010804072011205071,0.9432059447983017,0.0533943385702576,0.5859586368366285,0.15314435461789738,2.0,0.49044585987261147,0.7709195333057213,HI-VAE_piecewise_diffusion
0.010194327799879093,0.9389596602972398,0.05818420095164011,0.6668574401664932,0.13644435852903233,1.0,0.5222929936305732,0.7652848597288157,HI-VAE_piecewise_diffusion
0.010958680912222614,0.9347133757961784,0.07315362961792429,0.7447060353798127,0.21291421056152476,2.0,0.49044585987261147,0.7705687900099834,HI-VAE_piecewise_diffusion
0.011249963167677334,0.9336518046709129,0.05313180794037559,0.5880658168574401,0.1401312755864815,1.0,0.4713375796178344,0.7845682254603917,HI-VAE_piecewise_diffusion
0.011896992933694069,0.9347133757961784,0.0608043197761454,0.6948686264308013,0.17178203476002168,1.0,0.45222929936305734,0.7623884407684969,HI-VAE_piecewise_diffusion
0.009895626808475453,0.9378980891719745,0.08883752700715518,0.6814646201873049,0.29977295690143246,4.0,0.445859872611465,0.7677076868750652,HI-VAE_piecewise_diffusion
0.013167688246728372,0.9331210191082803,0.0414183417019681,0.6250325182101977,0.14747215960270965,2.0,0.4585987261146497,0.7736859338788272,HI-VAE_piecewise_diffusion
0.010364848345210667,0.9469214437367305,0.058111658288469,0.6542533818938605,0.1824973198387401,1.0,0.4713375796178344,0.7536356945546854,HI-VAE_piecewise_diffusion
0.011538314907750542,0.9400212314225053,0.045832002043439096,0.664516129032258,0.12545862985541031,1.0,0.47770700636942676,0.7661976894443788,HI-VAE_piecewise_diffusion
0.0133378779697772,0.926751592356688,0.06966630527745013,0.6394120707596254,0.2168917291200174,2.0,0.45222929936305734,0.7696794693865329,HI-VAE_piecewise_diffusion
0.013343716247021546,0.9309978768577495,0.05623605555084829,0.6060093652445369,0.237154709243551,1.0,0.5159235668789809,0.7797592018088744,HI-VAE_piecewise_diffusion
0.01187060813642924,0.9347133757961784,0.04906794802196876,0.6508909989594173,0.29774052167834797,2.0,0.46496815286624205,0.7686516229641336,HI-VAE_piecewise_diffusion
0.012613883732029539,0.9373673036093418,0.05161403696297682,0.602712018730489,0.1628968486929146,1.0,0.5414012738853503,0.763046486620327,HI-VAE_piecewise_diffusion
0.014019005225218274,0.9288747346072187,0.052986702892776356,0.6795720603537981,0.192936947570941,2.0,0.43312101910828027,0.7596938942226011,HI-VAE_piecewise_diffusion
0.009765056862053912,0.9469214437367305,0.056194440007950666,0.6715660770031218,0.0856024880655684,5.0,0.4140127388535032,0.7808366785083849,HI-VAE_piecewise_diffusion
0.012822729087693439,0.9320594479830149,0.06891023978546987,0.6870642559833506,0.18865789015948065,1.0,0.5095541401273885,0.7782105592650623,HI-VAE_piecewise_diffusion
0.013914209337116979,0.9294055201698513,0.05869712984436871,0.61789802289282,0.20248986323828946,1.0,0.4394904458598726,0.7562137566487934,HI-VAE_piecewise_diffusion
0.010200063303666877,0.9426751592356687,0.06371253410670595,0.6301053590010406,0.09064376083600237,4.0,0.4840764331210191,0.7659572095807436,HI-VAE_piecewise_diffusion
0.014090655582999908,0.9235668789808917,0.07739334060129359,0.7018730489073881,0.1579973563268451,3.0,0.5031847133757962,0.7766573038720543,HI-VAE_piecewise_diffusion
0.011053796895193535,0.93895966029724,0.0649631157561718,0.6542468782518209,0.20647684744585904,2.0,0.46496815286624205,0.7794899379583182,HI-VAE_piecewise_diffusion
0.00963363544186548,0.9485138004246285,0.044836998470344544,0.6461238293444329,0.26104261762712133,2.0,0.5031847133757962,0.7647463848921093,HI-VAE_piecewise_diffusion
0.010336952996794506,0.942144373673036,0.05657223255163595,0.5686589490114464,0.1506390315647095,2.0,0.4585987261146497,0.7427860237006898,HI-VAE_piecewise_diffusion
0.009440219686459217,0.9516985138004248,0.04692382364057399,0.6287135796045785,0.19466985616979468,2.0,0.5095541401273885,0.7517713133798085,HI-VAE_piecewise_diffusion
0.011873943040882072,0.9309978768577496,0.061138399553173246,0.6492520811654526,0.13855006186907803,1.0,0.4713375796178344,0.7604328316287349,HI-VAE_piecewise_diffusion
0.011588586584369285,0.9426751592356689,0.048343744373662366,0.6573165972944849,0.1734753058188319,3.0,0.4840764331210191,0.7621605660531823,HI-VAE_piecewise_diffusion
0.01178054364160712,0.9384288747346073,0.06555645055070357,0.6226912070759625,0.1512191828875527,2.0,0.4394904458598726,0.7593974240291816,HI-VAE_piecewise_diffusion
0.012127662273331083,0.9378980891719747,0.04456796053292571,0.6110301768990636,0.2031439604060966,3.0,0.5095541401273885,0.749512442346923,HI-VAE_piecewise_diffusion
0.01200676047582977,0.9336518046709129,0.05500432648610462,0.6572645681581685,0.18353345137793414,4.0,0.5095541401273885,0.7537874420550805,HI-VAE_piecewise_diffusion
0.013123035610489048,0.9278131634819533,0.07268946813037294,0.6673712278876172,0.16584202703897305,1.0,0.49044585987261147,0.773576118497918,HI-VAE_piecewise_diffusion
0.011327940803594174,0.9400212314225053,0.04374923919389386,0.5876040582726327,0.2394239264297604,2.0,0.4713375796178344,0.7891084063846209,HI-VAE_piecewise_diffusion
0.01172803495187402,0.9341825902335456,0.05368239158333996,0.7060288761706556,0.22091859736108244,2.0,0.45222929936305734,0.7427647238704073,HI-VAE_piecewise_diffusion
0.012193717353785187,0.9363057324840766,0.057115919009846056,0.6568093132154007,0.22564572160404833,1.0,0.47770700636942676,0.7588521033546616,HI-VAE_piecewise_diffusion
0.008597550054528228,0.9474522292993631,0.04152287244006866,0.6710913111342351,0.07767555591699764,4.0,0.46496815286624205,0.7621776640692799,HI-VAE_piecewise_diffusion
0.009354244183180663,0.9432059447983016,0.059756277141823924,0.6258324661810615,0.27300227569821983,2.0,0.4585987261146497,0.7678732440682651,HI-VAE_piecewise_diffusion
0.010603447689229136,0.9400212314225054,0.03731557870635692,0.6424492715920915,0.1515894203587804,2.0,0.49044585987261147,0.7816902033097518,HI-VAE_piecewise_diffusion
0.012596921747675372,0.9309978768577496,0.0569880740002499,0.6313865764828304,0.13526475611072766,1.0,0.47770700636942676,0.7799742206627746,HI-VAE_piecewise_diffusion
0.01027425218171981,0.9447983014861997,0.05747949122326874,0.6577198231009365,0.14085139417315815,1.0,0.4840764331210191,0.7615452630318332,HI-VAE_piecewise_diffusion
0.008887822566096899,0.945859872611465,0.07901634047768345,0.7130723204994797,0.2252847860366067,4.0,0.4267515923566879,0.7630778783740412,HI-VAE_piecewise_diffusion
0.009877099841465757,0.944267515923567,0.07946985762968348,0.5942898022892821,0.20783043183598304,4.0,0.47770700636942676,0.745333858202275,HI-VAE_piecewise_diffusion
0.012937446254252097,0.9331210191082803,0.08796537756363905,0.659957075962539,0.2259551666904604,2.0,0.49044585987261147,0.7380697858174704,HI-VAE_piecewise_diffusion
0.01067351743122467,0.9410828025477707,0.039967401146246674,0.6430801248699273,0.2182322603935386,2.0,0.46496815286624205,0.7715710917560367,HI-VAE_piecewise_diffusion
0.011179082545684825,0.9437367303609342,0.05001689030649668,0.6691142039542145,0.14972757468394857,1.0,0.5031847133757962,0.7604922817243536,HI-VAE_piecewise_diffusion
0.010177177353161867,0.9474522292993631,0.040315917713990235,0.6862513007284079,0.09335504966819866,2.0,0.45222929936305734,0.7687987437488948,HI-VAE_piecewise_diffusion
0.01285114700661482,0.9299363057324842,0.05279714218388608,0.6374349635796046,0.1617534796696565,2.0,0.445859872611465,0.7571769140596611,HI-VAE_piecewise_diffusion
0.011415812220166667,0.9373673036093418,0.05559395951032577,0.6247528616024975,0.25562780080605074,3.0,0.4267515923566879,0.75666432587129,HI-VAE_piecewise_diffusion
0.010147156767622638,0.9501061571125266,0.04228405640292749,0.6202783558792924,0.18305647426204094,2.0,0.45222929936305734,0.75953596926946,HI-VAE_piecewise_diffusion
0.01417096798032553,0.9288747346072187,0.03671451968922863,0.7220213319458897,0.16260952353454733,2.0,0.5477707006369427,0.7653854449320118,HI-VAE_piecewise_diffusion
0.011801016241426132,0.9384288747346071,0.08435501833545091,0.6700377211238293,0.2766276937490669,2.0,0.45222929936305734,0.7674484244520781,HI-VAE_piecewise_diffusion
0.010468814802166824,0.9426751592356689,0.05325051661422176,0.6447645681581686,0.16420317701232098,2.0,0.4968152866242038,0.7617111983076476,HI-VAE_piecewise_diffusion
0.011406067590352014,0.9368365180467091,0.04973167274343863,0.6650299167533819,0.1131691559043749,2.0,0.42038216560509556,0.7660869753777871,HI-VAE_piecewise_diffusion
0.010642072060406259,0.9426751592356689,0.058343906701353136,0.6568288241415193,0.23835264494254618,1.0,0.5222929936305732,0.7643315025242885,HI-VAE_piecewise_diffusion
0.012071900235846892,0.9336518046709131,0.050274539498019306,0.668268730489074,0.27163713047598587,3.0,0.4713375796178344,0.7470846594030766,HI-VAE_piecewise_diffusion
0.013995041301080454,0.9278131634819533,0.06356645500812884,0.7066011966701352,0.20480097757352245,1.0,0.5159235668789809,0.7684818477538389,HI-VAE_piecewise_diffusion
0.013362695415488622,0.9331210191082805,0.047174364201651754,0.709703433922997,0.18218830138353692,1.0,0.4585987261146497,0.7903641665907563,HI-VAE_piecewise_diffusion
0.008757745363067733,0.9527600849256901,0.05824040892991112,0.586166753381894,0.17503281538005888,2.0,0.4968152866242038,0.7763086310274515,HI-VAE_piecewise_diffusion
0.008414870090038036,0.9522292993630574,0.043012400411002696,0.637968262226847,0.1558998991563457,1.0,0.445859872611465,0.7601284903804794,HI-VAE_piecewise_diffusion
0.0113538115883589,0.9416135881104036,0.04035168462126189,0.6754877731529656,0.10232649796140911,3.0,0.445859872611465,0.7788035368665859,HI-VAE_piecewise_diffusion
0.010675258357898627,0.9410828025477707,0.06249365591449619,0.6904721644120707,0.13394507142631207,1.0,0.4968152866242038,0.7719637207900133,HI-VAE_piecewise_diffusion
0.010812390973017477,0.9410828025477707,0.0708110251887696,0.6345798647242455,0.22755138596044122,1.0,0.4840764331210191,0.7725408852633665,HI-VAE_piecewise_diffusion
0.011613341157119745,0.9357749469214438,0.06780887812274498,0.6386966701352756,0.20401181964609738,2.0,0.5031847133757962,0.7890023686264239,HI-VAE_piecewise_diffusion
0.011696174472299687,0.9384288747346071,0.07264610195995969,0.6290517689906348,0.25931883924155896,3.0,0.3821656050955414,0.773381689289503,HI-VAE_piecewise_diffusion
0.013837813470854441,0.9214437367303611,0.09207443225627308,0.7304370447450573,0.23553435289599994,3.0,0.45222929936305734,0.7655325704017708,HI-VAE_piecewise_diffusion
0.011202818346687257,0.9426751592356689,0.06719072940782986,0.6796370967741935,0.16474736771098186,1.0,0.49044585987261147,0.7548302420985569,HI-VAE_piecewise_diffusion
0.012195013467440752,0.9389596602972398,0.05709189435374133,0.6272567637877211,0.20798914944320168,1.0,0.4713375796178344,0.7782115262842808,HI-VAE_piecewise_diffusion
0.009801869167090659,0.9437367303609343,0.05950280359847475,0.6616220083246618,0.19497026085377697,3.0,0.49044585987261147,0.7808886305480053,HI-VAE_piecewise_diffusion
0.013813352113976586,0.9219745222929937,0.09794798232798785,0.6852237252861604,0.18706462651754807,2.0,0.4394904458598726,0.7521195263026997,HI-VAE_piecewise_diffusion
0.017376378524343258,0.9113588110403398,0.06517279745360628,0.6678524973985431,0.1751974596807806,1.0,0.46496815286624205,0.7556853441354552,HI-VAE_piecewise_diffusion
0.01072115893153993,0.9410828025477707,0.05992437561870865,0.6374674817898024,0.14876296014103005,2.0,0.5031847133757962,0.7642681274341387,HI-VAE_piecewise_diffusion
0.008790728897596767,0.9474522292993632,0.0579183481650161,0.6318548387096774,0.12172181146798237,6.0,0.4267515923566879,0.775615575425848,HI-VAE_piecewise_diffusion
0.01298710676362222,0.935244161358811,0.053357843669411355,0.6269250780437045,0.13349847240357746,1.0,0.43312101910828027,0.7681734750279015,HI-VAE_piecewise_diffusion
0.012698067748520241,0.9336518046709129,0.04596126549731795,0.621533558792924,0.2513706286523572,3.0,0.47770700636942676,0.7334229879090787,HI-VAE_piecewise_diffusion
0.01061737170796275,0.940552016985138,0.061005993395553154,0.6951938085327783,0.19519167231075163,2.0,0.42038216560509556,0.7556556054802519,HI-VAE_piecewise_diffusion
0.012346697101154597,0.9347133757961784,0.06670539394711082,0.69360691987513,0.13941621051935676,1.0,0.3885350318471338,0.7566959461886265,HI-VAE_piecewise_diffusion
0.010621519281635126,0.9394904458598726,0.05696241185593221,0.6403095733610822,0.19924430087934436,2.0,0.49044585987261147,0.7284270114163474,HI-VAE_piecewise_diffusion
0.009201567564598162,0.9447983014861997,0.054255298590062166,0.6388722684703435,0.15965182219741958,1.0,0.4840764331210191,0.7351257164632276,HI-VAE_piecewise_diffusion
0.011186468985486017,0.9416135881104034,0.03867193911679034,0.6474505723204995,0.2368443469395235,1.0,0.49044585987261147,0.7488025296826049,HI-VAE_piecewise_diffusion
0.014025760959564948,0.9235668789808917,0.10231707002376896,0.6613553590010406,0.26661363361500934,5.0,0.46496815286624205,0.779460753429159,HI-VAE_piecewise_diffusion
0.011327340192523233,0.9394904458598726,0.042255274955478,0.6576547866805411,0.19472748422939493,2.0,0.4968152866242038,0.7608228913915428,HI-VAE_piecewise_diffusion
0.01293101925333291,0.9309978768577495,0.06181207295724942,0.7053590010405826,0.22310980177488413,2.0,0.5159235668789809,0.7629623607829532,HI-VAE_piecewise_diffusion
0.01419705064674572,0.9219745222929938,0.06294657540629704,0.6174037460978148,0.23873347235164097,2.0,0.4968152866242038,0.7581965258797365,HI-VAE_piecewise_diffusion
0.010189939044212407,0.9426751592356687,0.06653802683262133,0.6078238813735692,0.23873370427705398,4.0,0.49044585987261147,0.7599325400301286,HI-VAE_piecewise_diffusion
0.010704379818282447,0.9394904458598727,0.04382712298811413,0.637896722164412,0.15287466875949315,1.0,0.47770700636942676,0.7512900643775956,HI-VAE_piecewise_diffusion
0.01216486493874547,0.9378980891719745,0.07435460075626296,0.6295655567117585,0.29344753637370613,3.0,0.47770700636942676,0.7675257343086418,HI-VAE_piecewise_diffusion
0.010538695491257341,0.9437367303609342,0.05820848970727818,0.6304630593132153,0.21400303486757874,4.0,0.5222929936305732,0.7685183060120755,HI-VAE_piecewise_diffusion
0.009864165914515407,0.9410828025477708,0.044032188160635956,0.5409989594172736,0.14702605299330526,1.0,0.43312101910828027,0.7596403018641471,HI-VAE_piecewise_diffusion
0.010648034167352494,0.9410828025477707,0.07321848928231295,0.6844302809573362,0.1445150869444214,2.0,0.4585987261146497,0.7723580801912585,HI-VAE_piecewise_diffusion
0.01287323448825811,0.9272823779193207,0.07999512434209888,0.6569003642039541,0.23286775251911748,2.0,0.4585987261146497,0.7685667627633236,HI-VAE_piecewise_diffusion
0.01067502760853458,0.9394904458598726,0.06013741617142197,0.6506893860561915,0.10079193527537833,3.0,0.5159235668789809,0.7541887988191092,HI-VAE_piecewise_diffusion
0.012389712969625018,0.9315286624203822,0.05763512339371074,0.6957010926118626,0.196682544897468,2.0,0.43312101910828027,0.7642741741097144,HI-VAE_piecewise_diffusion
0.011473491313576759,0.9378980891719747,0.055444103506745085,0.6666493236212279,0.1057377992486417,2.0,0.4968152866242038,0.7345631813831974,HI-VAE_piecewise_diffusion
0.013208029303915755,0.9294055201698513,0.07664184690883774,0.6932036940686784,0.2506983795626086,3.0,0.5222929936305732,0.7822305076378774,HI-VAE_piecewise_diffusion
0.011028344705403625,0.9416135881104033,0.04852286614525149,0.6027770551508844,0.1372230949552343,2.0,0.45222929936305734,0.7637717589875691,HI-VAE_piecewise_diffusion
0.010236470706155899,0.9378980891719747,0.05173370571849966,0.6231269510926118,0.1619117992731439,2.0,0.4585987261146497,0.7705798309407658,HI-VAE_piecewise_diffusion
0.00981396782938439,0.9410828025477708,0.04342911244313979,0.620766129032258,0.1655386088827497,2.0,0.46496815286624205,0.7746431176363083,HI-VAE_piecewise_diffusion
0.011002489080501235,0.9421443736730363,0.07883644769153957,0.6855554110301769,0.20572035482352186,2.0,0.445859872611465,0.7555689805634868,HI-VAE_piecewise_diffusion
0.013991325233218221,0.9272823779193206,0.07996022282483765,0.6580905306971904,0.2024803845383204,1.0,0.49044585987261147,0.7363383401376891,HI-VAE_piecewise_diffusion
0.010569190725254711,0.9421443736730359,0.05228287094966596,0.6048907388137357,0.08576298988406347,2.0,0.4585987261146497,0.7678291102856563,HI-VAE_piecewise_diffusion
0.010859730264243838,0.9320594479830149,0.0772959575620742,0.6694263787721123,0.21454194669245302,4.0,0.4267515923566879,0.7543684602549894,HI-VAE_piecewise_diffusion
0.011755922085431442,0.9426751592356687,0.06763999727015708,0.6908493756503642,0.09674120448251008,1.0,0.3885350318471338,0.749924477100524,HI-VAE_piecewise_diffusion
0.010171167151077203,0.9453290870488323,0.05425793171223205,0.6458831945889698,0.20088520773139873,3.0,0.46496815286624205,0.7773325457738645,HI-VAE_piecewise_diffusion
0.009532600717604514,0.9490445859872612,0.059731683245517295,0.6675923517169615,0.20766177702509755,1.0,0.4585987261146497,0.7609453675041724,HI-VAE_piecewise_diffusion
0.013783062439138025,0.9325902335456476,0.05307739634477209,0.594387356919875,0.16868938593657065,1.0,0.4840764331210191,0.7717464518803665,HI-VAE_piecewise_diffusion
0.009698044086993056,0.9416135881104034,0.06220929961972845,0.6143860561914671,0.18408788280570515,1.0,0.5159235668789809,0.7760905955852708,HI-VAE_piecewise_diffusion
0.011974389094784009,0.9368365180467092,0.04061868296917506,0.6733415712799168,0.17685237903014528,1.0,0.45222929936305734,0.7570855407760754,HI-VAE_piecewise_diffusion
0.00801940055635743,0.9559447983014863,0.043275245385941,0.6004097294484911,0.30495510271166876,2.0,0.45222929936305734,0.7618462673393458,HI-VAE_piecewise_diffusion
0.011142041650438824,0.942144373673036,0.05802682874548897,0.6378186784599376,0.23624989675824115,1.0,0.45222929936305734,0.7635843485605958,HI-VAE_piecewise_diffusion
0.009980363046192592,0.9405520169851381,0.05489387710289102,0.608864464099896,0.25261349229128194,2.0,0.4840764331210191,0.7478370075480928,HI-VAE_piecewise_diffusion
0.012698725593307779,0.9363057324840766,0.04619129987982772,0.6892559833506764,0.17770194869943776,2.0,0.4968152866242038,0.7478124440868384,HI-VAE_piecewise_diffusion
0.011668909803262129,0.9363057324840766,0.05140486686983461,0.6291623309053069,0.23340663480370444,3.0,0.39490445859872614,0.7621785766680662,HI-VAE_piecewise_diffusion
0.011749579201253732,0.9357749469214438,0.06310562162852044,0.6638982830385015,0.19636068393953993,1.0,0.40764331210191085,0.7749111855634447,HI-VAE_piecewise_diffusion
0.013175325242843724,0.9304670912951168,0.060258737103699014,0.5961433402705515,0.13339600862286635,1.0,0.5222929936305732,0.7714399124805539,HI-VAE_piecewise_diffusion
0.012583423588265134,0.9309978768577495,0.06029483993709592,0.6443678459937564,0.16190021067116334,1.0,0.535031847133758,0.767017729673793,HI-VAE_piecewise_diffusion
0.012190919096873263,0.9363057324840764,0.07370451052290829,0.6748113943808534,0.18945753083455727,2.0,0.3630573248407643,0.7781183797714734,HI-VAE_piecewise_diffusion
0.012484514492537369,0.935244161358811,0.06838617843840639,0.6524063475546307,0.18875799696435136,1.0,0.49044585987261147,0.7601446496175324,HI-VAE_piecewise_diffusion
0.009373439250543103,0.9490445859872613,0.04673857188594808,0.6811069198751301,0.2798440753086457,1.0,0.445859872611465,0.7504327644081736,HI-VAE_piecewise_diffusion
0.010680095633922687,0.9363057324840766,0.07779048723027757,0.6483285639958376,0.11505540514036261,2.0,0.445859872611465,0.7721898656121335,HI-VAE_piecewise_diffusion
0.01211109207552758,0.9357749469214438,0.050916952109128985,0.6055345993756502,0.23815864993536137,1.0,0.5159235668789809,0.7589594744843607,HI-VAE_piecewise_diffusion
0.010820445554472648,0.9421443736730363,0.06678695583743541,0.5972424557752343,0.12105151442691783,1.0,0.45222929936305734,0.76250674344096,HI-VAE_piecewise_diffusion
0.011154874280206359,0.9394904458598727,0.06179051742795874,0.6716701352757544,0.13403387873896122,1.0,0.4267515923566879,0.7641994514815292,HI-VAE_piecewise_diffusion
0.011082567092494283,0.940552016985138,0.06193214344213718,0.6901925078043704,0.25054188517322257,2.0,0.4840764331210191,0.7520690781955955,HI-VAE_piecewise_diffusion
0.01012273089546503,0.9437367303609342,0.046701545694168005,0.6654916753381893,0.22752976094498073,2.0,0.445859872611465,0.7669368633721952,HI-VAE_piecewise_diffusion
0.011586259598074711,0.9373673036093418,0.0760912231160147,0.6740894901144642,0.12372837797815942,1.0,0.4713375796178344,0.7858326971539319,HI-VAE_piecewise_diffusion
0.013027528686259587,0.9315286624203821,0.06463250610993282,0.6477172216441207,0.1399268427375921,1.0,0.4394904458598726,0.7744530509871936,HI-VAE_piecewise_diffusion
0.012718213626809388,0.9325902335456475,0.05503251215779132,0.6451677939646201,0.11522964635713269,1.0,0.5159235668789809,0.761390416181033,HI-VAE_piecewise_diffusion
0.014043568531582467,0.9341825902335458,0.05958804236787403,0.6321149843912591,0.13992982676858112,1.0,0.42038216560509556,0.7460905258782692,HI-VAE_piecewise_diffusion
0.010648768356542914,0.9384288747346073,0.07189521513639686,0.6048712278876172,0.18618798544822457,2.0,0.4713375796178344,0.7639266121192677,HI-VAE_piecewise_diffusion
