J-S distance,KS test,Survival curves distance,Detection XGB,NSND,K-map score,Identifiability score,NNDR,generator
0.006392098078058871,0.961864406779661,0.04503362335316878,0.7628338614757809,0.22418449957550324,5.0,0.4703389830508475,0.7538045034326247,HI-VAE_weibull
0.006380022009789675,0.9611581920903953,0.045758241951757206,0.792751244907198,0.2547319577911202,5.0,0.4788135593220339,0.761213208990629,HI-VAE_weibull
0.00660072871357497,0.9611581920903954,0.059163582598951436,0.7498038328051908,0.17996134995445803,4.0,0.4406779661016949,0.7527427343202776,HI-VAE_weibull
0.0062752687045518445,0.9639830508474576,0.025962810452483238,0.775003772446054,0.12341951427963113,3.0,0.4661016949152542,0.7646503397470595,HI-VAE_weibull
0.006610492800234209,0.9590395480225987,0.02840761585456273,0.7254809868718878,0.12525474688263646,5.0,0.4449152542372881,0.7569048915409584,HI-VAE_weibull
0.006390135441576254,0.9586864406779662,0.031148476303607116,0.7451637241587445,0.1690248607757287,2.0,0.4872881355932203,0.7723657917012715,HI-VAE_weibull
0.005812296660501017,0.966454802259887,0.03239442061511433,0.7225837483023992,0.22024320019644067,7.0,0.423728813559322,0.7530733326308355,HI-VAE_weibull
0.004989090161992377,0.9685734463276835,0.024525063457088485,0.7480703938433682,0.18899678076188145,2.0,0.4788135593220339,0.7654381411096788,HI-VAE_weibull
0.004719612692276639,0.9671610169491526,0.023320064488046036,0.7433265429304361,0.16244320326126657,5.0,0.3728813559322034,0.7736725689494217,HI-VAE_weibull
0.006440416756665432,0.9639830508474576,0.041700031634417226,0.7815998943715106,0.2314392665673226,5.0,0.4152542372881356,0.7530412359218763,HI-VAE_weibull
0.007799833968446766,0.9569209039548022,0.04272632807284648,0.7568073789044817,0.17597013696862365,6.0,0.4533898305084746,0.780023895081566,HI-VAE_weibull
0.005937004540833895,0.9615112994350282,0.037106460774107154,0.7243454806096273,0.17399293088005005,5.0,0.423728813559322,0.7717859220651356,HI-VAE_weibull
0.008526651773316801,0.9484463276836158,0.03130129106108737,0.7713935415723555,0.13814267670186509,1.0,0.4788135593220339,0.7575374101655549,HI-VAE_weibull
0.006044946409680111,0.9643361581920904,0.0370885191972356,0.8062320808812433,0.10308461108781872,1.0,0.4025423728813559,0.7582816903306306,HI-VAE_weibull
0.004718915110188496,0.9685734463276835,0.034535628157501275,0.7474328504602384,0.28822382102271055,5.0,0.4067796610169492,0.7736483367149134,HI-VAE_weibull
0.003878296707432529,0.9745762711864406,0.025603869074982615,0.7703862984759319,0.18323575080467347,6.0,0.4364406779661017,0.7548897095914392,HI-VAE_weibull
0.004422661513195779,0.9689265536723163,0.037184135600376776,0.7586011770031689,0.15058306996629975,4.0,0.4025423728813559,0.7775968494373298,HI-VAE_weibull
0.006518432961265673,0.9579802259887006,0.030615034213013023,0.7805228610230873,0.21597565581684278,1.0,0.4703389830508475,0.7654749260008886,HI-VAE_weibull
0.004816113854405782,0.9668079096045198,0.0390575136364232,0.7562603742266486,0.18173292712834377,5.0,0.4661016949152542,0.7647982341313183,HI-VAE_weibull
0.005679657306470954,0.9696327683615819,0.028516749510687407,0.7683586087218953,0.11412727199431098,5.0,0.423728813559322,0.7831175836322858,HI-VAE_weibull
0.005448739096014039,0.9661016949152542,0.03511146184671274,0.7152387958352195,0.2338498568758007,7.0,0.4449152542372881,0.761705209404469,HI-VAE_weibull
0.005177208005148217,0.9636299435028248,0.05674161836931602,0.7352968915044515,0.20920099052704239,6.0,0.4152542372881356,0.7605828352185338,HI-VAE_weibull
0.006234470350503475,0.9590395480225989,0.04064624218338983,0.7933755847291384,0.255072354528176,5.0,0.4449152542372881,0.7631233532496171,HI-VAE_weibull
0.004045122140519231,0.9706920903954802,0.056470272193659514,0.7750716764750265,0.2126648779310139,8.0,0.3728813559322034,0.7760772634858587,HI-VAE_weibull
0.006165417430018977,0.9650423728813559,0.04403443313633411,0.7364078768673608,0.2245666721143701,4.0,0.4025423728813559,0.7573528433250819,HI-VAE_weibull
0.004822726525930074,0.9636299435028248,0.029635150484570903,0.7762354760826919,0.20902083165842764,3.0,0.4025423728813559,0.7604314874384827,HI-VAE_weibull
0.0041587512002832115,0.9731638418079096,0.050495372892121124,0.7479062924400182,0.22757346828410202,7.0,0.4449152542372881,0.7739021634354079,HI-VAE_weibull
0.004858416002900429,0.9661016949152542,0.029414048832936118,0.8084861173985214,0.19208349152717138,2.0,0.4533898305084746,0.761253436975967,HI-VAE_weibull
0.0052521637592824605,0.9678672316384181,0.036129183899108505,0.7854176097781801,0.1836147205325346,1.0,0.4576271186440678,0.7727944453571507,HI-VAE_weibull
0.005798785544827621,0.9653954802259888,0.03947281836347753,0.7365964991700619,0.283199425006888,4.0,0.4067796610169492,0.7579103440553964,HI-VAE_weibull
0.0066707720824565235,0.9611581920903954,0.03505291050347026,0.7448374075750717,0.17728027649574107,5.0,0.3813559322033898,0.7669056848799779,HI-VAE_weibull
0.005241518930218242,0.9678672316384179,0.029292758092549807,0.7374452995322167,0.18762468095187737,2.0,0.4067796610169492,0.7697904950067114,HI-VAE_weibull
0.005918816775587699,0.9604519774011299,0.0388883063856169,0.7656066093254866,0.23098553648633668,4.0,0.3983050847457627,0.7556509395484832,HI-VAE_weibull
0.006212368459464066,0.9615112994350281,0.026434077369626902,0.7543269956239627,0.26551846387231276,4.0,0.4491525423728814,0.7398087365115872,HI-VAE_weibull
0.005756385910490104,0.9608050847457626,0.030442831318314763,0.7990153915799004,0.20066945531459943,3.0,0.4067796610169492,0.7587548047847507,HI-VAE_weibull
0.005737142369840919,0.9661016949152542,0.03728919058608693,0.7434416025350837,0.11823779988874036,1.0,0.3728813559322034,0.7654567381084422,HI-VAE_weibull
0.006096244856149988,0.9600988700564971,0.04348968649699515,0.7400350837483024,0.26976561612365996,6.0,0.4152542372881356,0.7544277566551563,HI-VAE_weibull
0.004579157488345665,0.9710451977401129,0.03670802452684148,0.7743379357175193,0.21554444321037197,7.0,0.423728813559322,0.7443165148825942,HI-VAE_weibull
0.006421190022378536,0.9608050847457626,0.04549009598924258,0.7576863588350686,0.16834422290841644,7.0,0.3686440677966102,0.7682518462365953,HI-VAE_weibull
0.005022045612315775,0.9692796610169491,0.03545939643955606,0.7283140938584578,0.16012085843554202,5.0,0.4322033898305085,0.7781026013558525,HI-VAE_weibull
0.004999487377864532,0.9710451977401129,0.03801028917277473,0.7832993813188472,0.2712101059370794,5.0,0.4449152542372881,0.7694581879295856,HI-VAE_weibull
0.0048630621604325444,0.9629237288135593,0.03769280246325183,0.7578504602384185,0.2514145507634634,6.0,0.4364406779661017,0.7644287281495602,HI-VAE_weibull
0.004780827416923821,0.965042372881356,0.04719675237514852,0.7160913686434285,0.16498570454939027,3.0,0.4576271186440678,0.74926613375512,HI-VAE_weibull
0.007456461774185409,0.9611581920903954,0.02825110531747821,0.7547400784668779,0.16970759287630524,4.0,0.423728813559322,0.7507122110456331,HI-VAE_weibull
0.005246665977406768,0.9629237288135594,0.04058716219001562,0.7405877470952165,0.18334646638709887,4.0,0.4067796610169492,0.7654570093713797,HI-VAE_weibull
0.004602633000331234,0.9668079096045198,0.03318006968745539,0.8081390523615513,0.18709045482825934,6.0,0.4406779661016949,0.7684410311446503,HI-VAE_weibull
0.006743508708811491,0.9597457627118643,0.03459986769402164,0.8106873396710427,0.2666467484935096,6.0,0.4067796610169492,0.7737654511626226,HI-VAE_weibull
0.005249793209860433,0.9615112994350281,0.029510461300476496,0.7649822695035461,0.2504313872386217,5.0,0.3940677966101695,0.7640944356537299,HI-VAE_weibull
0.005287649322456864,0.9685734463276835,0.04751593522316737,0.7658838841104572,0.19487164659180833,5.0,0.4279661016949153,0.7880364983269448,HI-VAE_weibull
0.0055967219753885016,0.9653954802259888,0.030920669404315298,0.7708823751320356,0.21967017094170016,3.0,0.4152542372881356,0.7727977293807589,HI-VAE_weibull
0.003903468893573256,0.9731638418079096,0.02671735409349465,0.7323506111362608,0.14772621160262578,2.0,0.4406779661016949,0.7729167120501046,HI-VAE_weibull
0.0074021138428461844,0.9583333333333334,0.04161304606970903,0.7539252301192093,0.27676910454839154,4.0,0.4067796610169492,0.7660045583280041,HI-VAE_weibull
0.00516667208929708,0.9639830508474576,0.024200323598016736,0.7694356420703184,0.19531459270209547,4.0,0.4152542372881356,0.758942647307255,HI-VAE_weibull
0.005552996563786686,0.9675141242937854,0.03737698324470948,0.7591349781198129,0.2689027505124819,8.0,0.4279661016949153,0.7738932374675128,HI-VAE_weibull
0.006386913510552911,0.9558615819209039,0.023586308561800485,0.7707069563905238,0.14798988102033223,2.0,0.3855932203389831,0.7799231598670298,HI-VAE_weibull
0.005317803701461273,0.9643361581920904,0.03328768844542181,0.7437094462049194,0.14925814901292864,2.0,0.4491525423728814,0.7715840506577035,HI-VAE_weibull
0.005313449862784452,0.9593926553672317,0.025513386876705135,0.7638052663346915,0.2140557652515395,3.0,0.4745762711864407,0.7765415988997333,HI-VAE_weibull
0.004369264141868913,0.9703389830508474,0.04021344627378774,0.7568413309189678,0.24602437143934466,6.0,0.461864406779661,0.7652488579670862,HI-VAE_weibull
0.006477956610435368,0.9576271186440679,0.0229679074360437,0.7396917911573865,0.20805324111446552,3.0,0.4194915254237288,0.7639863552288781,HI-VAE_weibull
0.004737669942121944,0.9661016949152542,0.03322035074645567,0.7785574166289422,0.19572880305537066,4.0,0.4152542372881356,0.7659858233781035,HI-VAE_weibull
0.005571491849825936,0.9653954802259886,0.038454937341632106,0.7573317489059906,0.3277114507320969,3.0,0.4067796610169492,0.7566566976627659,HI-VAE_weibull
0.006042847573225207,0.9622175141242938,0.03044702159505847,0.7704881545193902,0.21035318760086175,3.0,0.423728813559322,0.7562375387362819,HI-VAE_weibull
0.006127616374321829,0.9636299435028248,0.03574764604496853,0.7532631658367285,0.17301663291463945,3.0,0.4491525423728814,0.7492080380064361,HI-VAE_weibull
0.006834369920591123,0.9586864406779659,0.03764037467343397,0.7600328202806701,0.17560260816378584,4.0,0.4067796610169492,0.7453882084663078,HI-VAE_weibull
0.006840177381118422,0.9600988700564971,0.027504283495200996,0.7702146521804739,0.1957228169660676,6.0,0.4025423728813559,0.7762465012144424,HI-VAE_weibull
0.0056199544401251056,0.9657485875706214,0.03874581517931729,0.7395691866606308,0.2458933506827266,3.0,0.4152542372881356,0.7848185330601652,HI-VAE_weibull
0.005270539538979834,0.9657485875706214,0.03560928797278184,0.7532537347215935,0.2889116939554192,4.0,0.4364406779661017,0.7519446645679193,HI-VAE_weibull
0.004231146721684396,0.9713983050847457,0.03461820105371262,0.7600139580503998,0.17699113856009488,4.0,0.4152542372881356,0.7642316639807178,HI-VAE_weibull
0.005938777372894391,0.9661016949152542,0.04223530466269787,0.7282782556209446,0.20187788234167586,2.0,0.461864406779661,0.7657603069187844,HI-VAE_weibull
0.004437865747765109,0.9717514124293785,0.04945871732245984,0.711441828881847,0.1012421418829045,1.0,0.3771186440677966,0.7355308765223257,HI-VAE_weibull
0.004701972994403575,0.9685734463276835,0.04225319465587199,0.7334766862833861,0.199756046399471,5.0,0.4491525423728814,0.7636813388884276,HI-VAE_weibull
0.005477040678480709,0.9692796610169491,0.04287807532348128,0.7790497208389919,0.2232745279709477,8.0,0.4279661016949153,0.7118939188611588,HI-VAE_weibull
0.006442097393226493,0.9590395480225987,0.017556970470061006,0.7513203561189077,0.14317136743990305,4.0,0.4322033898305085,0.7510314692510014,HI-VAE_weibull
0.005357601326172146,0.9668079096045198,0.04701445306298247,0.7670307077108798,0.22278202571695743,5.0,0.423728813559322,0.7380838048211408,HI-VAE_weibull
0.00455119787837082,0.9675141242937854,0.048392486582969685,0.7766843971631205,0.1988204943311221,4.0,0.4449152542372881,0.7535723147716956,HI-VAE_weibull
0.006260141169461448,0.9608050847457626,0.021351255255140478,0.7545590010562849,0.21796223457895236,5.0,0.4406779661016949,0.753614943333994,HI-VAE_weibull
0.00507328791144171,0.9675141242937854,0.020965311577467907,0.7671269050852573,0.1338915368808487,4.0,0.4491525423728814,0.7665808800444457,HI-VAE_weibull
0.005223079664470461,0.963276836158192,0.02898144391319996,0.7293119058397466,0.20010745979618635,5.0,0.4788135593220339,0.7744088033592589,HI-VAE_weibull
0.005832002988862484,0.9664548022598871,0.044697378893937,0.7872906292440017,0.2103196575503562,8.0,0.4194915254237288,0.7394028819589843,HI-VAE_weibull
0.004913887039338903,0.9689265536723163,0.03158948482571059,0.7484438660027162,0.21312508535341895,3.0,0.461864406779661,0.763033797774273,HI-VAE_weibull
0.00529651404797589,0.9604519774011299,0.03184854878187732,0.7503414063678889,0.24094721776895506,4.0,0.3601694915254237,0.7344186074279367,HI-VAE_weibull
0.005168149817528488,0.9678672316384179,0.044029015574255065,0.7327146521804739,0.24168089124833117,7.0,0.4279661016949153,0.7661335562193407,HI-VAE_weibull
0.0066999221490375805,0.9604519774011299,0.04316704836575251,0.7511751169458277,0.26780829228228037,7.0,0.4279661016949153,0.7653034003677819,HI-VAE_weibull
0.005528538505616703,0.9650423728813559,0.031954011720736065,0.76796438810925,0.23591543392762268,4.0,0.4194915254237288,0.7585679089523764,HI-VAE_weibull
0.006872629479422656,0.9579802259887006,0.03447174315798763,0.7716840199185151,0.2716139940390255,5.0,0.4152542372881356,0.7798686956725669,HI-VAE_weibull
0.005015751875509877,0.9643361581920904,0.037194078611099496,0.7616398822996832,0.15180518162508103,2.0,0.4576271186440678,0.7685732934692525,HI-VAE_weibull
0.005645320740579659,0.9668079096045198,0.05130728503438001,0.7507752376641015,0.24965958800227675,3.0,0.4449152542372881,0.7441580171220636,HI-VAE_weibull
0.005659864452430702,0.9608050847457626,0.025781016589827538,0.759165157688245,0.12355510188910306,2.0,0.4406779661016949,0.7640010961520421,HI-VAE_weibull
0.00448178035334013,0.9678672316384181,0.029042506844630483,0.7518749056888486,0.18338888692156888,2.0,0.4661016949152542,0.7583421857600018,HI-VAE_weibull
0.00563580832548029,0.9646892655367232,0.02643332621441771,0.7834106684774408,0.16895270089094738,4.0,0.423728813559322,0.7376205302969322,HI-VAE_weibull
0.005005599387392282,0.9685734463276837,0.02413061953612402,0.7803342387203862,0.18118016139584756,3.0,0.4025423728813559,0.7603739330857189,HI-VAE_weibull
0.005342365206239046,0.9675141242937851,0.028950643181193735,0.7356100045269353,0.1366722304239826,3.0,0.4279661016949153,0.7591652699527293,HI-VAE_weibull
0.006752621213444366,0.9583333333333331,0.04289524968443334,0.7361796438810926,0.17623606405397216,6.0,0.4491525423728814,0.7590154855512866,HI-VAE_weibull
0.006080418115739103,0.9625706214689265,0.047149303253525246,0.7830768070016599,0.24238657307176129,4.0,0.3855932203389831,0.7837136809329366,HI-VAE_weibull
0.00689785923540509,0.9530367231638417,0.028664028467016715,0.7419099894371511,0.18661498478171204,2.0,0.4194915254237288,0.7741894057589819,HI-VAE_weibull
0.005526755242792672,0.9625706214689266,0.04367329287479192,0.7581692319299833,0.1763201560477736,6.0,0.423728813559322,0.7731823423931621,HI-VAE_weibull
0.005765779756841935,0.9639830508474576,0.038815151239225576,0.7850384789497511,0.17325642688994067,6.0,0.4322033898305085,0.7683506134096679,HI-VAE_weibull
0.005368238283959977,0.9643361581920904,0.029252461213068036,0.7598272219707258,0.13805046540842816,2.0,0.4194915254237288,0.7626905918946895,HI-VAE_weibull
0.0053686480033426215,0.9643361581920904,0.03882011318368297,0.7922985513807153,0.22192190203091036,5.0,0.4025423728813559,0.757046074730104,HI-VAE_weibull
0.006655309593927814,0.9622175141242937,0.024556373819937853,0.7565866908103215,0.23231559758401504,4.0,0.3813559322033898,0.7679928865004488,HI-VAE_weibull
0.004854045829730077,0.9738700564971752,0.033790145791398815,0.7593783008902972,0.13794502934738492,3.0,0.3983050847457627,0.7733586200132634,HI-VAE_weibull
0.005348663715162495,0.9692796610169491,0.024975879363718125,0.7347593179417534,0.1635723207380857,2.0,0.4872881355932203,0.7602977299150885,HI-VAE_weibull
0.0051843129870669715,0.9703389830508473,0.047288640269297355,0.7709219858156028,0.22919135940893454,6.0,0.4364406779661017,0.7421146574399903,HI-VAE_weibull
0.0057168588591521565,0.9678672316384181,0.03184827438858673,0.7813999547306474,0.1279275295896088,5.0,0.4364406779661017,0.7512855632732689,HI-VAE_weibull
0.0059130128350979305,0.9604519774011299,0.028350155775431873,0.7474988682661838,0.18957338170634977,5.0,0.4110169491525424,0.7641484755765673,HI-VAE_weibull
0.004471159579039209,0.9657485875706214,0.02319598043328514,0.7595857854232684,0.19260466623002007,3.0,0.4449152542372881,0.7540995953413698,HI-VAE_weibull
0.004892516861507328,0.9643361581920904,0.02102600874918143,0.7358212615059605,0.199027638046273,5.0,0.4491525423728814,0.7675918070617369,HI-VAE_weibull
0.005456157537815493,0.9653954802259886,0.04179818568372336,0.7727874603893163,0.2922048145221956,5.0,0.3983050847457627,0.7830073338344344,HI-VAE_weibull
0.005018507685216127,0.9661016949152542,0.026593294911682608,0.7639222121623661,0.20822683676616757,4.0,0.4194915254237288,0.7747331148881496,HI-VAE_weibull
0.006185724808371567,0.9604519774011299,0.029841322808219467,0.7764542779538253,0.14190543499539604,3.0,0.5042372881355932,0.7526035309691577,HI-VAE_weibull
0.005982646990793288,0.961864406779661,0.0403903225151437,0.7539195714501282,0.22660844217871795,4.0,0.4364406779661017,0.7737485866107255,HI-VAE_weibull
0.005653840284982532,0.9685734463276835,0.029843179445943002,0.7519711030632262,0.18416240392457944,4.0,0.3983050847457627,0.7705675754927804,HI-VAE_weibull
0.0056062737892935005,0.9678672316384179,0.03308997272887703,0.6847744077259694,0.15861581770444685,3.0,0.4576271186440678,0.7570872914620068,HI-VAE_weibull
0.005048678084841169,0.9661016949152542,0.040421646023032415,0.7362003923343895,0.2894163124895122,5.0,0.4194915254237288,0.7756785945362666,HI-VAE_weibull
0.0045868319092152825,0.9678672316384181,0.03249421614651599,0.7616964689904935,0.18572451507745627,5.0,0.4152542372881356,0.7549806946905776,HI-VAE_weibull
0.004967453188130044,0.9685734463276835,0.021221764647923635,0.7718481213218652,0.15060702272645057,1.0,0.461864406779661,0.7624537053070027,HI-VAE_weibull
0.004487772304135807,0.9752824858757062,0.033433567380430074,0.7602685981590465,0.17815509803771556,6.0,0.4491525423728814,0.7817666418364756,HI-VAE_weibull
0.007401538816386498,0.9544491525423728,0.04103899468757874,0.7476497661083445,0.17341863871813928,4.0,0.4491525423728814,0.7689168212538143,HI-VAE_weibull
0.005257336041649485,0.9678672316384181,0.0462374007974326,0.7536253206579145,0.2337276685380286,5.0,0.4279661016949153,0.746693609482484,HI-VAE_weibull
0.006250478068941914,0.9643361581920903,0.040438055596160316,0.7856269805341782,0.1932004218157231,2.0,0.3940677966101695,0.7768489703134963,HI-VAE_weibull
0.005991633585222184,0.9653954802259886,0.03419072612079789,0.7931492379658971,0.12359384497621712,1.0,0.4025423728813559,0.7655335180928938,HI-VAE_weibull
0.006853231858239561,0.9668079096045198,0.03654418429910607,0.7369397917609778,0.1295471248352542,3.0,0.4322033898305085,0.7691848967436099,HI-VAE_weibull
0.004351261713635645,0.9703389830508473,0.03477208569946875,0.7440301041195111,0.21633470066797258,3.0,0.4533898305084746,0.777899273540056,HI-VAE_weibull
0.00458940285654363,0.9685734463276837,0.027515565045384566,0.7777727478497057,0.11326144576539028,2.0,0.4279661016949153,0.7508113486658219,HI-VAE_weibull
0.005939390137819787,0.9579802259887006,0.020463586171767793,0.7365210502489814,0.24368957453313264,5.0,0.3940677966101695,0.7625220025645933,HI-VAE_weibull
0.006008165431250993,0.9593926553672317,0.03400149162644288,0.7715048287309492,0.20583398605640607,5.0,0.3940677966101695,0.7850989578870218,HI-VAE_weibull
0.005353998746632759,0.9650423728813559,0.029992275257533074,0.7463841104572205,0.3220053120744662,5.0,0.3898305084745763,0.7506110157118303,HI-VAE_weibull
0.007208082234751283,0.9615112994350282,0.026573448186778564,0.7415987626376943,0.18224813475447696,4.0,0.4406779661016949,0.7466073009361567,HI-VAE_weibull
0.005979027777330039,0.9629237288135593,0.02415004175673059,0.7735815602836881,0.18042239231909307,5.0,0.4830508474576271,0.7525527741241174,HI-VAE_weibull
0.0069618932639278945,0.95409604519774,0.027305241801884855,0.7429360947638448,0.19086752455690734,4.0,0.4110169491525424,0.7683411938943494,HI-VAE_weibull
0.005964126650805379,0.9622175141242937,0.054969465542575,0.7967764448468386,0.17261464728071327,5.0,0.4364406779661017,0.7821506088159546,HI-VAE_weibull
0.005049114768241123,0.9706920903954802,0.03418658000148611,0.7407575071676474,0.185459523999725,6.0,0.4025423728813559,0.7392430182345834,HI-VAE_weibull
0.005009828084720837,0.9699858757062149,0.02567384870912797,0.7813678889391882,0.2269245168088961,4.0,0.4364406779661017,0.753273760223914,HI-VAE_weibull
0.0043643031802607125,0.9699858757062146,0.027560518176189343,0.768317111815301,0.16890075784494973,3.0,0.4533898305084746,0.7615103151819707,HI-VAE_weibull
0.005470061975882941,0.9653954802259888,0.03914204255958366,0.7641032895729591,0.19962267100188819,5.0,0.4279661016949153,0.7532960149562518,HI-VAE_weibull
0.0051267913662213305,0.9685734463276837,0.01821092474130422,0.740687716915648,0.18157593121112248,4.0,0.3940677966101695,0.7490708941049621,HI-VAE_weibull
0.005759512787973656,0.965042372881356,0.04141067818095787,0.7662545269352649,0.2961014131907143,8.0,0.4110169491525424,0.7754774251755384,HI-VAE_weibull
0.0058473513539341855,0.9608050847457626,0.03248105885327917,0.7411404104421305,0.2093161660218535,4.0,0.461864406779661,0.7738044787916862,HI-VAE_weibull
0.0044886208457105385,0.972457627118644,0.04138354341396646,0.7537403802625622,0.17577294471698873,5.0,0.3983050847457627,0.7901826793744389,HI-VAE_weibull
0.005471616340052173,0.9646892655367231,0.046721873315588504,0.7606873396710426,0.18754981545018265,7.0,0.4279661016949153,0.7596048393934053,HI-VAE_weibull
0.005113114392221035,0.9636299435028248,0.03397259081124628,0.7571978270710729,0.19488714507248486,3.0,0.4449152542372881,0.7871527608713037,HI-VAE_weibull
0.005944829426163096,0.9586864406779662,0.04599502690672386,0.7388505356873396,0.24975300115517876,6.0,0.4025423728813559,0.7426563417358968,HI-VAE_weibull
0.004686584921959107,0.9706920903954802,0.042867314643408046,0.6981401840953675,0.1684898196576214,4.0,0.4279661016949153,0.7605733088574281,HI-VAE_weibull
0.005852915308227077,0.9615112994350282,0.040892065268248075,0.8017051456164177,0.1870445408108968,2.0,0.423728813559322,0.7550085399493306,HI-VAE_weibull
0.006211873713584765,0.9657485875706214,0.05121847737504783,0.707393994265882,0.24780508237347076,9.0,0.4322033898305085,0.769522598399028,HI-VAE_weibull
0.006291391006978589,0.9562146892655368,0.031385017500941366,0.7532820280669987,0.260344098902966,3.0,0.3898305084745763,0.7564753794859425,HI-VAE_weibull
0.005788047539694312,0.9629237288135593,0.03202572256823086,0.779777802927418,0.24106621259494443,4.0,0.4533898305084746,0.7536330130310751,HI-VAE_weibull
0.00478041764996767,0.9615112994350282,0.05445804058720524,0.7370680549268145,0.19982445880857225,6.0,0.4533898305084746,0.7686095494493179,HI-VAE_weibull
0.0043297755492482685,0.9703389830508474,0.021731335103145143,0.7585615663196017,0.2855383716814293,5.0,0.4406779661016949,0.7751273370148727,HI-VAE_weibull
0.005552712230634208,0.965042372881356,0.04383336347474467,0.7837350988380866,0.16242109688871662,3.0,0.3940677966101695,0.7697986140191128,HI-VAE_weibull
0.0049707518505991465,0.9671610169491526,0.026362027839670045,0.7837747095216538,0.20121450915758496,5.0,0.4406779661016949,0.7595747298006782,HI-VAE_weibull
0.005103948466031194,0.9689265536723163,0.02679782078913554,0.7555888788290328,0.19195023639052208,4.0,0.3813559322033898,0.7507543464570501,HI-VAE_weibull
0.005079421368921116,0.9661016949152542,0.02796471878062117,0.7761883205070167,0.2689972317186577,3.0,0.4067796610169492,0.7703044156741097,HI-VAE_weibull
0.006892116849785087,0.9569209039548022,0.0202181626993839,0.7566357326090236,0.1701373657581255,2.0,0.4110169491525424,0.7617292115154616,HI-VAE_weibull
0.006106304136833752,0.9569209039548023,0.049604215196741526,0.7885789195714501,0.2686692414473478,4.0,0.4025423728813559,0.7672776808102786,HI-VAE_weibull
0.005949842460986798,0.963276836158192,0.023689542476340822,0.7470291987324581,0.22844295504259154,5.0,0.3983050847457627,0.750792012490034,HI-VAE_weibull
0.005059962585287193,0.9668079096045198,0.0371134358264894,0.7670024143654747,0.161764573612428,7.0,0.4279661016949153,0.7690246804985539,HI-VAE_weibull
0.005066660813594525,0.9646892655367231,0.027268995643415502,0.7806303757356269,0.16973135264767666,3.0,0.4364406779661017,0.7575405268515194,HI-VAE_weibull
0.006511930614888683,0.9636299435028248,0.03849231671673725,0.7987494341330919,0.22289400929987221,5.0,0.4067796610169492,0.7722850862848382,HI-VAE_weibull
0.005272036958609395,0.9668079096045198,0.04276256899927082,0.7592236306020824,0.18433169254395448,5.0,0.4449152542372881,0.7652365786508583,HI-VAE_weibull
0.005768612320574771,0.9653954802259886,0.03368361552787315,0.7770050550777123,0.1312930700579208,2.0,0.4533898305084746,0.7782398176363293,HI-VAE_weibull
0.005972984869655745,0.9639830508474577,0.025810210251101546,0.7620605100347065,0.19390207716625937,6.0,0.4110169491525424,0.7622356822503759,HI-VAE_weibull
0.005575372469756492,0.9629237288135593,0.027168972638394236,0.7756111362607514,0.14256301733168608,4.0,0.4152542372881356,0.7637666364396571,HI-VAE_weibull
0.004843172369018626,0.9682203389830507,0.04204373186133759,0.7325033952014486,0.21049843665755819,5.0,0.4533898305084746,0.7500538452460223,HI-VAE_weibull
0.005995588518806883,0.9636299435028248,0.03478758101786263,0.7336143805643579,0.21222066838305376,5.0,0.4025423728813559,0.7696077524941406,HI-VAE_weibull
0.006616875270015132,0.9576271186440678,0.05468792342259907,0.7754526935264826,0.17414108037327644,4.0,0.4533898305084746,0.7748428769545546,HI-VAE_weibull
0.006587639938981613,0.9629237288135593,0.046217350525454615,0.7531971480307831,0.2593489191684324,6.0,0.4745762711864407,0.7638190774114515,HI-VAE_weibull
0.006066499026045472,0.9611581920903954,0.052453822083142,0.7455617172174438,0.20894857198892233,5.0,0.4279661016949153,0.7591046707182368,HI-VAE_weibull
0.004601654335359349,0.9703389830508474,0.03426140950914076,0.7576542930436094,0.13513763598279604,3.0,0.4491525423728814,0.7260023175018847,HI-VAE_weibull
0.005852188442314671,0.9629237288135593,0.04003618354133954,0.774458653991248,0.17263460737005418,5.0,0.423728813559322,0.7754974657521149,HI-VAE_weibull
0.0055564600070818655,0.9668079096045198,0.042176879823984346,0.747195186358835,0.20568717593056401,5.0,0.4491525423728814,0.7740528504349533,HI-VAE_weibull
0.005454786256292768,0.966454802259887,0.040079833794397654,0.7596291685528898,0.2167608398044432,7.0,0.4449152542372881,0.7465940815680862,HI-VAE_weibull
0.005973627539422798,0.9611581920903954,0.03482824127467585,0.8012769729892864,0.18542448856757368,2.0,0.3771186440677966,0.7615002795276014,HI-VAE_weibull
0.00578948819901092,0.9675141242937851,0.040497596532694656,0.731526331673457,0.22587490987588796,4.0,0.4194915254237288,0.7660203816928012,HI-VAE_weibull
0.006143629440450451,0.963276836158192,0.03510065268474147,0.7788818469895881,0.15474228179661034,1.0,0.4194915254237288,0.7638602369744794,HI-VAE_weibull
0.0054079005015599535,0.9661016949152542,0.02333193457315853,0.7967198581560283,0.255380881688774,6.0,0.4279661016949153,0.7724234714519314,HI-VAE_weibull
0.004974745419097746,0.9682203389830507,0.04392688702809147,0.7434472612041647,0.24600649491803522,4.0,0.4152542372881356,0.7645631582492157,HI-VAE_weibull
0.005801232548201946,0.9629237288135593,0.039612317667618205,0.7899520899351139,0.2488917705863636,3.0,0.4661016949152542,0.7434423130912624,HI-VAE_weibull
0.006094981521980563,0.9636299435028248,0.02580509214286672,0.7706428248076052,0.13920387570471063,3.0,0.3813559322033898,0.768899299716915,HI-VAE_weibull
0.0047659938437199295,0.971045197740113,0.02965845762905424,0.7694337558472913,0.1871272257051033,6.0,0.4322033898305085,0.761097210407468,HI-VAE_weibull
0.00501511831815372,0.9682203389830509,0.041881026948800186,0.7654047834615965,0.324167518337172,3.0,0.3644067796610169,0.7875135549446425,HI-VAE_weibull
0.00736944565499294,0.9565677966101694,0.03284980704528779,0.7548079824958502,0.18371900482107517,4.0,0.3728813559322034,0.7613710988080471,HI-VAE_weibull
0.005151150709349855,0.9675141242937854,0.040898511531547256,0.7490436849253055,0.25890340589329314,6.0,0.4830508474576271,0.746519945270315,HI-VAE_weibull
0.006631376694176974,0.9615112994350282,0.035935052876585924,0.7847480006035913,0.19202762722844624,3.0,0.3728813559322034,0.7699031682994603,HI-VAE_weibull
0.005270614318223365,0.9615112994350284,0.02190949066610168,0.7601252452089936,0.20979941736285623,2.0,0.4364406779661017,0.7639319929053717,HI-VAE_weibull
0.005737953683797765,0.9643361581920903,0.030943096323983288,0.7255564357929681,0.2783341134498516,5.0,0.4067796610169492,0.7639950732373505,HI-VAE_weibull
0.005386193721589775,0.9636299435028248,0.03888264797074665,0.7500660178059454,0.15240041731328638,2.0,0.4067796610169492,0.7534219092107274,HI-VAE_weibull
0.005059476213485196,0.9682203389830507,0.04583760979214332,0.74102723706051,0.22758244476213346,6.0,0.3983050847457627,0.7839411172823891,HI-VAE_weibull
0.0035138852380972546,0.9745762711864407,0.02546412540690029,0.757575071676475,0.15024169394699669,5.0,0.4194915254237288,0.7564507800403836,HI-VAE_weibull
0.006662321673319658,0.9611581920903954,0.030196332301139873,0.7708503093405763,0.1559132223180279,3.0,0.3983050847457627,0.7697885808704632,HI-VAE_weibull
0.0059671960503979915,0.9615112994350281,0.04961755056961438,0.7384412252904784,0.3577117943225419,7.0,0.4576271186440678,0.7766167721473215,HI-VAE_weibull
0.004923818072069209,0.9682203389830509,0.03736799965504763,0.7700562094462049,0.2080738128620541,3.0,0.4406779661016949,0.7617858999968291,HI-VAE_weibull
0.007365210417034328,0.9558615819209039,0.03164299611743356,0.7117851214727631,0.11474699846927207,1.0,0.4576271186440678,0.757291480775545,HI-VAE_weibull
0.0060888165281752825,0.9600988700564971,0.025742716246157978,0.7808057944771389,0.22667389084616768,5.0,0.4067796610169492,0.7640975148369955,HI-VAE_weibull
0.004453231853520708,0.9696327683615819,0.03873742795287154,0.7324637845178814,0.27522247926195104,3.0,0.4322033898305085,0.7848587637245893,HI-VAE_weibull
0.005694562632071274,0.963276836158192,0.030445636343344525,0.7362890448166591,0.20059047740116706,2.0,0.4449152542372881,0.7537119034845883,HI-VAE_weibull
0.004735161601566476,0.9675141242937851,0.02360255686263732,0.7251471253961068,0.21529381738961367,4.0,0.4533898305084746,0.76321670495008,HI-VAE_weibull
0.005293317070769486,0.963276836158192,0.04363825593667592,0.7450920476837182,0.20593668939252113,7.0,0.4025423728813559,0.7786388117786094,HI-VAE_weibull
0.006090539011264748,0.9653954802259886,0.03305913187401897,0.753704542025049,0.18329381428302036,5.0,0.4449152542372881,0.7317568072687708,HI-VAE_weibull
0.005671299195404545,0.966454802259887,0.038033538019170435,0.7557246868869776,0.24849036045757242,7.0,0.3983050847457627,0.7552167971890049,HI-VAE_weibull
0.0072154586466087025,0.9590395480225987,0.021231981320727122,0.711971857552437,0.07427898286558411,7.0,0.3855932203389831,0.780804604532496,HI-VAE_piecewise
0.00644330720984839,0.9600988700564971,0.027806782760213235,0.753698883355968,0.1796006761513666,3.0,0.4067796610169492,0.758726729060202,HI-VAE_piecewise
0.004624257931796362,0.9692796610169491,0.03172907487243187,0.7493002112569791,0.20265520319172334,3.0,0.423728813559322,0.7604630218096563,HI-VAE_piecewise
0.005887104490572485,0.9671610169491526,0.031925415772021785,0.7217481515014336,0.16963548598971417,4.0,0.4322033898305085,0.7677831699691856,HI-VAE_piecewise
0.008689974905638345,0.9530367231638418,0.024045122038584582,0.7210747698807907,0.27959676999128685,3.0,0.4830508474576271,0.7691752361137133,HI-VAE_piecewise
0.007731186862343222,0.9593926553672315,0.028245985825068924,0.7321751923947488,0.15765527274886218,4.0,0.423728813559322,0.763044643437659,HI-VAE_piecewise
0.007213706377899992,0.9576271186440678,0.024544296895714114,0.7303700769578996,0.26260927348353535,2.0,0.4110169491525424,0.7681340313841076,HI-VAE_piecewise
0.005345247526972932,0.9678672316384179,0.03237922136924466,0.7462539610683567,0.22259338587411065,5.0,0.3898305084745763,0.7693434872498325,HI-VAE_piecewise
0.0072984534200369496,0.9593926553672317,0.029398867108521826,0.7682661837935718,0.2223822773596596,5.0,0.4279661016949153,0.7618531553321015,HI-VAE_piecewise
0.007440933395392522,0.9597457627118643,0.03921367748803943,0.7603195261807757,0.20761851879829726,4.0,0.3855932203389831,0.7568455962371178,HI-VAE_piecewise
0.008398870366588382,0.948093220338983,0.03060851947049027,0.7354911724762336,0.158324568477899,1.0,0.4067796610169492,0.7763487585314894,HI-VAE_piecewise
0.006939430257934456,0.9548022598870056,0.023356923476016894,0.739599366229063,0.22481712397677228,2.0,0.4364406779661017,0.7536603851166979,HI-VAE_piecewise
0.008924818575789873,0.9555084745762711,0.024664029610953847,0.6991474271917912,0.18103746424006575,2.0,0.4745762711864407,0.742757504942637,HI-VAE_piecewise
0.006395353884313531,0.9668079096045198,0.03150981785940566,0.7623717368341634,0.17654135875262839,6.0,0.4322033898305085,0.75840573803401,HI-VAE_piecewise
0.008078232512307599,0.9544491525423728,0.03220721511061754,0.7901105326693829,0.25219114462317177,3.0,0.4110169491525424,0.7450945248311319,HI-VAE_piecewise
0.008114828697325101,0.9544491525423728,0.02368125372672315,0.736621020069413,0.14103540187295205,3.0,0.4449152542372881,0.7477376111617073,HI-VAE_piecewise
0.009087206671682014,0.9459745762711864,0.042609296333855746,0.7344575222574317,0.1416262047476022,4.0,0.4067796610169492,0.7648475832698683,HI-VAE_piecewise
0.007033797799888691,0.9576271186440678,0.027449046363143124,0.7685925003772447,0.28844667512345307,4.0,0.4322033898305085,0.7540854678664048,HI-VAE_piecewise
0.008531744785459339,0.9480932203389831,0.036063111033418964,0.7320997434736685,0.18365594105379593,6.0,0.4491525423728814,0.7602570197790665,HI-VAE_piecewise
0.0070627713883971745,0.9600988700564971,0.019156695816129936,0.7259035008299382,0.1876100111680671,4.0,0.4449152542372881,0.7624008599697889,HI-VAE_piecewise
0.00809717786719537,0.952683615819209,0.046029340565748714,0.7489738946733061,0.2804706533636006,6.0,0.423728813559322,0.7576876063993028,HI-VAE_piecewise
0.008699288905902257,0.9537429378531073,0.026419037766354007,0.7916289422061265,0.18540525735952776,3.0,0.461864406779661,0.7384309300793643,HI-VAE_piecewise
0.007993178493859792,0.9569209039548022,0.034408956338825694,0.7345518334087823,0.1735815662742536,2.0,0.4152542372881356,0.7351379308889738,HI-VAE_piecewise
0.008291729694196635,0.9512711864406779,0.030610526838511603,0.7347781801720236,0.14501255946983657,3.0,0.3983050847457627,0.7606731850587453,HI-VAE_piecewise
0.008782834564421646,0.9502118644067795,0.02612430601334459,0.7221933001358081,0.20168880982950066,2.0,0.3855932203389831,0.742309422193789,HI-VAE_piecewise
0.007417307668862216,0.9509180790960453,0.036745093281307484,0.7854119511090991,0.21074439021203026,3.0,0.4025423728813559,0.7687305935320641,HI-VAE_piecewise
0.009084255703099717,0.946680790960452,0.017822901506957502,0.7642805945374982,0.15818725927550756,2.0,0.3516949152542373,0.7611413568557999,HI-VAE_piecewise
0.008030125709611436,0.95409604519774,0.027473626879179692,0.7142975705447412,0.2622220009423482,4.0,0.4491525423728814,0.755078192892521,HI-VAE_piecewise
0.008267578803793023,0.9487994350282486,0.030301899397314983,0.7456805492681455,0.23673915575760351,4.0,0.4025423728813559,0.7844947323115605,HI-VAE_piecewise
0.00935675503714358,0.949858757062147,0.026690186458146217,0.7518126603289573,0.22655570777200618,1.0,0.3813559322033898,0.7668577532632451,HI-VAE_piecewise
0.005008995500362544,0.9675141242937854,0.03849362022397291,0.7527576580654898,0.23081742249463894,3.0,0.4152542372881356,0.7508557195963035,HI-VAE_piecewise
0.009011858018956572,0.954449152542373,0.03475627763205165,0.7566715708465369,0.24829696056964928,2.0,0.423728813559322,0.754759184880248,HI-VAE_piecewise
0.008084151203661127,0.9537429378531073,0.023552627493451665,0.708980307831598,0.20331053521027065,2.0,0.4025423728813559,0.7818417343103979,HI-VAE_piecewise
0.006781280502161115,0.9583333333333334,0.024199999559399752,0.7193639655952919,0.16166972151812914,2.0,0.4152542372881356,0.7627656670758535,HI-VAE_piecewise
0.009095585986090808,0.9537429378531073,0.03238036049972272,0.7342915346310548,0.1572521195704911,5.0,0.4110169491525424,0.7719904270986843,HI-VAE_piecewise
0.00941043276651551,0.9505649717514123,0.038711201294387626,0.7455768070016598,0.22421493416218433,5.0,0.3940677966101695,0.7563989200724646,HI-VAE_piecewise
0.009005326903170479,0.9548022598870055,0.03385909099651224,0.7393088878829033,0.20456915729442812,6.0,0.4661016949152542,0.7773971120964588,HI-VAE_piecewise
0.006647389742266044,0.9661016949152542,0.029747715659937186,0.8058378602685983,0.22292797547290905,5.0,0.4025423728813559,0.7734583725400854,HI-VAE_piecewise
0.007504280032174551,0.9572740112994351,0.03920625701396338,0.7577127659574469,0.19973246609043693,6.0,0.4110169491525424,0.7469724281762697,HI-VAE_piecewise
0.007283128473434957,0.9555084745762712,0.037337268398627506,0.7658725667722951,0.21014814331785808,5.0,0.4915254237288136,0.7573194986380781,HI-VAE_piecewise
0.007129289617542123,0.9586864406779662,0.026852699487993428,0.7526595744680851,0.16584086941650675,4.0,0.4279661016949153,0.7636576967365134,HI-VAE_piecewise
0.006873727489721604,0.9555084745762712,0.033806699778494084,0.7369247019767619,0.19811829682769022,3.0,0.4110169491525424,0.7627691069145579,HI-VAE_piecewise
0.006923939914978056,0.9600988700564971,0.04004315331072556,0.7865342538101705,0.24418984341471145,4.0,0.423728813559322,0.7564769634884612,HI-VAE_piecewise
0.008092287346387022,0.9530367231638417,0.024456494075151203,0.7307360042251396,0.1893890333604575,3.0,0.4491525423728814,0.7617607425422869,HI-VAE_piecewise
0.007732236847239103,0.9569209039548023,0.029852324732344518,0.7814207031839444,0.2162022059485013,6.0,0.4110169491525424,0.7680520028935562,HI-VAE_piecewise
0.006127761271924735,0.9590395480225987,0.023298548903687245,0.735374226648559,0.19990071511833069,5.0,0.4491525423728814,0.7461611581299421,HI-VAE_piecewise
0.008283240729779236,0.955861581920904,0.0343421805787639,0.7558020220310849,0.18313964967333968,3.0,0.4110169491525424,0.7560796540335127,HI-VAE_piecewise
0.00673555748989537,0.9583333333333334,0.02781915091827601,0.7126320356118907,0.1566274136361803,2.0,0.4449152542372881,0.7597671432564813,HI-VAE_piecewise
0.007572768811508818,0.9544491525423728,0.02641075556108745,0.77448883355968,0.3096896437272275,4.0,0.3813559322033898,0.7564119651614981,HI-VAE_piecewise
0.00790134727289627,0.9533898305084745,0.03663818616707502,0.7629923042100498,0.1511100290225207,1.0,0.3771186440677966,0.7849540502919466,HI-VAE_piecewise
0.006665960598574764,0.9604519774011299,0.043716544543890845,0.7373698506111362,0.18461019516243354,6.0,0.3898305084745763,0.7475806416225895,HI-VAE_piecewise
0.00783732599498097,0.9519774011299434,0.03311023778832977,0.7630809566923193,0.23420025775494122,3.0,0.3940677966101695,0.7725178959819526,HI-VAE_piecewise
0.006277709269375937,0.9639830508474576,0.028504328119607833,0.7769182888184698,0.17813669756266293,2.0,0.4533898305084746,0.7653118381258212,HI-VAE_piecewise
0.0068069102650777,0.9608050847457625,0.031782169581649526,0.7754168552889693,0.19342999470034167,4.0,0.3898305084745763,0.7655855222608718,HI-VAE_piecewise
0.007641102479668049,0.95409604519774,0.02943676304728779,0.7450222574317187,0.11806680541021816,3.0,0.4491525423728814,0.7644921764786301,HI-VAE_piecewise
0.007094821490858403,0.9565677966101694,0.029270641590387173,0.7541100799758563,0.18166800214882003,6.0,0.4025423728813559,0.754187122669164,HI-VAE_piecewise
0.008067596735088365,0.955861581920904,0.03543849574984652,0.7369718575524371,0.12581141952480837,2.0,0.4110169491525424,0.7653445624885478,HI-VAE_piecewise
0.006705334035960574,0.9558615819209039,0.045900423516197414,0.7738475177304964,0.1969870079015275,4.0,0.4449152542372881,0.7643100411260693,HI-VAE_piecewise
0.00746738988149673,0.9576271186440678,0.049336817830221036,0.7591651576882451,0.19701945335742618,8.0,0.4449152542372881,0.7567810330868118,HI-VAE_piecewise
0.007700105679184033,0.9537429378531074,0.043433020346207926,0.7667779538252603,0.2630804090149809,3.0,0.4067796610169492,0.7684802063380678,HI-VAE_piecewise
0.007864120651486955,0.9495056497175142,0.024701732485605,0.7579542025049041,0.19008366732551502,4.0,0.4110169491525424,0.767769183799413,HI-VAE_piecewise
0.006254437258776696,0.963276836158192,0.02173117221948761,0.7411875660178059,0.14985381356174535,5.0,0.3940677966101695,0.7786499835866058,HI-VAE_piecewise
0.007997755409351786,0.9608050847457626,0.046721936802109475,0.7532046929228912,0.21353485318979418,5.0,0.3559322033898305,0.770634020358572,HI-VAE_piecewise
0.009047532540777815,0.9530367231638417,0.02933454958114677,0.7324392636185302,0.17026443723459925,6.0,0.461864406779661,0.769204924221115,HI-VAE_piecewise
0.006609410877214682,0.961864406779661,0.03468108154470319,0.7418439716312057,0.2734669697061508,5.0,0.461864406779661,0.751204092552501,HI-VAE_piecewise
0.008177690827586898,0.9576271186440678,0.0472221072924038,0.7565301041195112,0.3029639725252086,6.0,0.423728813559322,0.7572920186893878,HI-VAE_piecewise
0.007457702323381405,0.9565677966101696,0.027132727437678396,0.7583578542326845,0.1850876930441235,4.0,0.4406779661016949,0.7521640818620097,HI-VAE_piecewise
0.0073131018120384346,0.9590395480225989,0.0328459865756958,0.7356797947789346,0.08823954945222307,8.0,0.3940677966101695,0.7712689720481718,HI-VAE_piecewise
0.007723477648802887,0.9530367231638417,0.02868420771395584,0.7682812735777877,0.24991545217696115,3.0,0.4152542372881356,0.7383038340243396,HI-VAE_piecewise
0.00965516741982911,0.9452683615819208,0.024709299765929952,0.712690508525728,0.2173001742246307,4.0,0.4279661016949153,0.7580296524965191,HI-VAE_piecewise
0.008471974572797634,0.9530367231638417,0.022323053594702855,0.7421702882148785,0.23593778212572297,4.0,0.423728813559322,0.7553695239949302,HI-VAE_piecewise
0.00844538987265712,0.9555084745762711,0.03421536331366188,0.7828372566772296,0.17980954711795613,5.0,0.4364406779661017,0.7529503116612838,HI-VAE_piecewise
0.007160934723530569,0.9579802259887006,0.03634710177350448,0.750701674966048,0.16793454023935106,3.0,0.3771186440677966,0.7977554944201672,HI-VAE_piecewise
0.00960538151500007,0.9424435028248586,0.02643868940747321,0.700173532518485,0.17735969849096594,5.0,0.423728813559322,0.757178597444403,HI-VAE_piecewise
0.009579716386499014,0.9491525423728814,0.038693864481765344,0.7235117700316885,0.23298638426793963,5.0,0.4152542372881356,0.7664946913800256,HI-VAE_piecewise
0.008861012288622993,0.9519774011299434,0.04171310822420891,0.7485042251395805,0.26712499423977526,7.0,0.461864406779661,0.7705910869368408,HI-VAE_piecewise
0.007144082819346659,0.9604519774011299,0.02865402119703154,0.7373094914742719,0.20624041458359235,5.0,0.423728813559322,0.76492565176185,HI-VAE_piecewise
0.006438019446925161,0.9576271186440678,0.030428667751958703,0.7369379055379508,0.1796977879211515,6.0,0.3940677966101695,0.778266154114318,HI-VAE_piecewise
0.007064401355271269,0.9600988700564971,0.04207908590410824,0.7135261053266939,0.210385426339096,3.0,0.3898305084745763,0.7813109124232194,HI-VAE_piecewise
0.007257793204036919,0.9593926553672315,0.020526812215160437,0.7752659574468085,0.17622452690427215,4.0,0.4576271186440678,0.7610208385432833,HI-VAE_piecewise
0.007642137920396656,0.957274011299435,0.02057820733363794,0.762154821186057,0.17508292641299042,3.0,0.4406779661016949,0.7728166157637919,HI-VAE_piecewise
0.010117932150336515,0.9449152542372881,0.021905721570050527,0.7359099139882298,0.18730556238663196,3.0,0.4025423728813559,0.7312990422263262,HI-VAE_piecewise
0.0076919015089168645,0.9565677966101696,0.02599492895418366,0.7602874603893165,0.11432652256335352,1.0,0.3983050847457627,0.7390145250566347,HI-VAE_piecewise
0.008915140669525054,0.9456214689265536,0.023408388378524103,0.7580277652029577,0.19338952289208652,3.0,0.4025423728813559,0.7449504636060537,HI-VAE_piecewise
0.006257539850996943,0.9639830508474576,0.03041652927603166,0.7432963633620039,0.21337630357363757,5.0,0.4364406779661017,0.7731079573930282,HI-VAE_piecewise
0.007805993464182756,0.95409604519774,0.030798515501324505,0.76794552587898,0.1594203826186138,2.0,0.4576271186440678,0.7704720994231068,HI-VAE_piecewise
0.0066373057314021745,0.9576271186440678,0.03817441444319151,0.7275350837483024,0.19075882247655335,2.0,0.3855932203389831,0.7498267786320602,HI-VAE_piecewise
0.009228519385618713,0.948093220338983,0.030108709443963908,0.7420099592575826,0.22931115249273784,4.0,0.4576271186440678,0.7425488453097242,HI-VAE_piecewise
0.007763558698579146,0.9502118644067795,0.03453033507061893,0.761788893918817,0.19200446276135022,2.0,0.5042372881355932,0.7528545551268918,HI-VAE_piecewise
0.006961385527934169,0.955861581920904,0.037672149501671075,0.7653029274181378,0.19778012655048227,4.0,0.461864406779661,0.7309233721760463,HI-VAE_piecewise
0.00810956554068613,0.9530367231638418,0.033112155115326676,0.7090614154217595,0.15541951638473064,3.0,0.4152542372881356,0.7633701200980466,HI-VAE_piecewise
0.007283848143281111,0.9565677966101694,0.016823131944421997,0.7360683567224988,0.18437872787469556,3.0,0.4194915254237288,0.756025983531519,HI-VAE_piecewise
0.00738855836478653,0.9586864406779662,0.03856885866057406,0.7544005583220159,0.22244348728435856,2.0,0.3983050847457627,0.7789020768889844,HI-VAE_piecewise
0.00631512621148638,0.961864406779661,0.029375595798211585,0.7054757054474121,0.23288264350843174,5.0,0.4491525423728814,0.7561295804236817,HI-VAE_piecewise
0.008317432700852742,0.9516242937853107,0.027593976306342596,0.7485985362909311,0.20035923236854944,4.0,0.4322033898305085,0.7638997003369227,HI-VAE_piecewise
0.007628587443677773,0.9583333333333334,0.0263726513284536,0.7384619737437754,0.21180200665658477,2.0,0.4194915254237288,0.7536109656018949,HI-VAE_piecewise
0.00794964828450595,0.952683615819209,0.036500837930525394,0.7100196167194809,0.21807072175217707,6.0,0.3898305084745763,0.757139344033298,HI-VAE_piecewise
0.008495126584435034,0.9512711864406779,0.041631517084045,0.7460162969669533,0.20285157240545298,2.0,0.4152542372881356,0.7560348263605396,HI-VAE_piecewise
0.007155567196807335,0.9597457627118643,0.022636087182131972,0.771316206428248,0.25226152012999736,3.0,0.423728813559322,0.766250977646692,HI-VAE_piecewise
0.007340059195660109,0.9586864406779659,0.02909536692303507,0.7280688848649465,0.23237193588543456,6.0,0.4279661016949153,0.7681356265911502,HI-VAE_piecewise
0.007380627103605185,0.9544491525423728,0.0282302046417794,0.7544345103365021,0.29438307158097615,3.0,0.4576271186440678,0.7749573663174176,HI-VAE_piecewise
0.010445076189647332,0.9431497175141245,0.03261832250277896,0.7246774558623812,0.15992409648101044,3.0,0.4194915254237288,0.7674491417551788,HI-VAE_piecewise
0.0075622082211224025,0.9608050847457626,0.030033435340067763,0.7439188169609174,0.1369076058086124,4.0,0.4194915254237288,0.7681110908872552,HI-VAE_piecewise
0.00824175842703141,0.9555084745762711,0.030441818304311367,0.7624113475177304,0.23591968698988894,2.0,0.4406779661016949,0.7651971376754129,HI-VAE_piecewise
0.0074531325422005175,0.9579802259887004,0.028268449842962496,0.7732797645993662,0.16189776596269667,3.0,0.4491525423728814,0.7394973347921404,HI-VAE_piecewise
0.008033203881979872,0.9569209039548022,0.03620862069984127,0.7476629696695337,0.23175083812771524,4.0,0.4067796610169492,0.7438283091984433,HI-VAE_piecewise
0.009632174250279669,0.9438559322033897,0.030389228350911988,0.7897351742870077,0.20055429415161224,4.0,0.3813559322033898,0.7697375894437254,HI-VAE_piecewise
0.0075474102291384045,0.9593926553672315,0.028549459822197292,0.7163063980685076,0.13916624141757045,1.0,0.4110169491525424,0.7767667544332995,HI-VAE_piecewise
0.008708321825296536,0.9558615819209039,0.029179054642894574,0.7322827071072884,0.14962232782790225,1.0,0.4110169491525424,0.7618635734031988,HI-VAE_piecewise
0.0077366343990625105,0.955861581920904,0.028874462406963924,0.7439867209898898,0.1353194137683086,2.0,0.4449152542372881,0.7538287540365167,HI-VAE_piecewise
0.006467742915915929,0.963276836158192,0.026322261067684642,0.7351874905688849,0.2619955818267159,5.0,0.4025423728813559,0.7636052607400701,HI-VAE_piecewise
0.006987844076328971,0.9576271186440678,0.022077401988265074,0.7843556662139731,0.198894393442672,3.0,0.4491525423728814,0.7724537707218417,HI-VAE_piecewise
0.007389966668486057,0.9565677966101694,0.023971900589038198,0.7314678587596197,0.20057797402459335,4.0,0.5254237288135594,0.7704112745961466,HI-VAE_piecewise
0.009884896636235914,0.9463276836158192,0.03822719195749726,0.7373566470499472,0.17776189985109067,4.0,0.4279661016949153,0.7804093582880662,HI-VAE_piecewise
0.008638803776732836,0.9498587570621467,0.01998322893624648,0.7177342688999547,0.14059644256610762,3.0,0.3813559322033898,0.7573034739152891,HI-VAE_piecewise
0.0067209400108332725,0.9636299435028248,0.024288030926320228,0.7575505507771239,0.1443972083024066,4.0,0.4788135593220339,0.7447614020717128,HI-VAE_piecewise
0.007897510073133508,0.9579802259887006,0.025811734565805,0.7402444545043007,0.17613240111922365,3.0,0.4449152542372881,0.7564901975416528,HI-VAE_piecewise
0.008940494171692242,0.9509180790960451,0.03040669653854288,0.7435887279311906,0.2212521866217828,6.0,0.3728813559322034,0.751201705918113,HI-VAE_piecewise
0.0075256367921238574,0.9576271186440678,0.027822304744868437,0.7336615361400332,0.22310927929436813,3.0,0.3898305084745763,0.7406225542520641,HI-VAE_piecewise
0.006486043864687306,0.966454802259887,0.026947495085448997,0.768481213218651,0.23207027888962303,5.0,0.4364406779661017,0.7610782125495257,HI-VAE_piecewise
0.005611443127155265,0.9646892655367232,0.02686644036982208,0.725863890146371,0.20943881939396447,2.0,0.4194915254237288,0.7725591420911334,HI-VAE_piecewise
0.007604149170088992,0.9544491525423728,0.0329621441078554,0.7641674211558774,0.12597476941467475,1.0,0.3771186440677966,0.75536784609254,HI-VAE_piecewise
0.006447126188749459,0.9583333333333334,0.030470570508002354,0.7204843820733363,0.24485359546872834,4.0,0.4279661016949153,0.7667714670054939,HI-VAE_piecewise
0.010099633654372987,0.9396186440677966,0.03943854268899416,0.7405971782103516,0.2590367049596415,4.0,0.3983050847457627,0.7519112644303935,HI-VAE_piecewise
0.006860710339338805,0.9604519774011299,0.032905190255400146,0.721504828730949,0.12208176963714841,1.0,0.423728813559322,0.755784125115949,HI-VAE_piecewise
0.007106871919302422,0.9562146892655367,0.025258131522849697,0.7349913233740757,0.2238916692081746,2.0,0.4067796610169492,0.7707503840794803,HI-VAE_piecewise
0.007285490935512208,0.9555084745762712,0.02462031023622624,0.7597140485891052,0.17646533530153274,4.0,0.3855932203389831,0.7640628534925424,HI-VAE_piecewise
0.007354664576271433,0.9608050847457626,0.027907342031116562,0.7204277953825259,0.17576825127123263,5.0,0.4406779661016949,0.7514752458747572,HI-VAE_piecewise
0.007559242122390507,0.9484463276836158,0.0277707373296627,0.7670929530707711,0.18976565661446895,2.0,0.423728813559322,0.7729114082402189,HI-VAE_piecewise
0.008114095347959416,0.9530367231638417,0.03222021046877591,0.7468424626527841,0.1307354177051996,2.0,0.4194915254237288,0.7475199261663642,HI-VAE_piecewise
0.007916240322438714,0.95409604519774,0.033024766392970056,0.7708748302399275,0.2777328855292456,3.0,0.3940677966101695,0.7595527665314312,HI-VAE_piecewise
0.008157019270774727,0.955861581920904,0.03395774104843642,0.7566640259544288,0.23819634011531907,3.0,0.4067796610169492,0.7734762664057224,HI-VAE_piecewise
0.007617688017762377,0.9593926553672315,0.029150235124753225,0.7570959710276143,0.21120698310403577,3.0,0.4661016949152542,0.7606857715737244,HI-VAE_piecewise
0.0086482656801434,0.9512711864406779,0.038281079302127985,0.7540195412705597,0.13455636120524384,2.0,0.4406779661016949,0.7451450833765111,HI-VAE_piecewise
0.007152834233373089,0.9551553672316384,0.035894543000351165,0.7585483627584126,0.20407442822823824,3.0,0.4406779661016949,0.758684760943395,HI-VAE_piecewise
0.0081002322606197,0.9509180790960451,0.030507072796392365,0.7372811981288667,0.25988181690130635,5.0,0.4491525423728814,0.7468512950792571,HI-VAE_piecewise
0.008606759603165167,0.9569209039548022,0.03971922790419516,0.7788177154066698,0.18720343490482344,6.0,0.4406779661016949,0.770528601193873,HI-VAE_piecewise
0.007367304356028503,0.9555084745762712,0.027570895388086353,0.7773804134600877,0.11785267912777066,4.0,0.4279661016949153,0.7551919861809968,HI-VAE_piecewise
0.00772240752403821,0.9502118644067795,0.038211019403929854,0.7408989738946733,0.2813646151166921,4.0,0.4279661016949153,0.7587036106683215,HI-VAE_piecewise
0.006639037409873581,0.9608050847457626,0.033261972437901556,0.7848536290931039,0.32235568379356133,2.0,0.4364406779661017,0.7624089185418749,HI-VAE_piecewise
0.007608274568658577,0.9551553672316384,0.021037486048485154,0.7271352044665761,0.22222924080525905,4.0,0.4194915254237288,0.7521156246426413,HI-VAE_piecewise
0.007582179841324431,0.9533898305084745,0.02193066119996214,0.7320035460992909,0.27458236277646964,3.0,0.4322033898305085,0.7534760015745563,HI-VAE_piecewise
0.0076588540150418554,0.9523305084745762,0.0371929397394258,0.7318036064584276,0.11823233653757918,2.0,0.3983050847457627,0.766169258576274,HI-VAE_piecewise
0.00809661478899232,0.9512711864406779,0.032496657884013035,0.7108363512901766,0.20682850458817223,3.0,0.4194915254237288,0.7414097236343447,HI-VAE_piecewise
0.008052362499724875,0.9555084745762711,0.029648888706500762,0.7454994718575525,0.21904481540822202,6.0,0.3644067796610169,0.7409810349319454,HI-VAE_piecewise
0.009867437758716893,0.9487994350282487,0.03827091004501746,0.7315678285800513,0.13566761216820403,5.0,0.4152542372881356,0.7678194910847054,HI-VAE_piecewise
0.007978287788962616,0.9555084745762712,0.025824367955856867,0.7411140033197526,0.15932056739046233,4.0,0.423728813559322,0.7563191014492989,HI-VAE_piecewise
0.008207274180378263,0.9516242937853107,0.035194952905090456,0.7451561792666365,0.18385023718502513,2.0,0.4110169491525424,0.7606526762877212,HI-VAE_piecewise
0.007312307755465811,0.9533898305084745,0.033851133080758086,0.715683944469594,0.24906165013462683,6.0,0.4449152542372881,0.7343641456814742,HI-VAE_piecewise
0.008898797986857887,0.9516242937853107,0.023639254126935308,0.7755903878074543,0.18722763396195363,3.0,0.3855932203389831,0.7604873475646028,HI-VAE_piecewise
0.00767393567403503,0.9537429378531073,0.031495936634987384,0.7610570393843368,0.203980913975587,4.0,0.4449152542372881,0.7539814459167724,HI-VAE_piecewise
0.007501147137755036,0.9593926553672315,0.02525033802151121,0.7244756299984911,0.25452707592067486,4.0,0.423728813559322,0.7472579197592931,HI-VAE_piecewise
0.008238134132471365,0.9530367231638417,0.026732298642274846,0.708271087973442,0.19295403396097952,4.0,0.3686440677966102,0.7578897029227103,HI-VAE_piecewise
0.007076519756953301,0.9622175141242937,0.025419837945185115,0.75670740908405,0.1592293903463731,2.0,0.4364406779661017,0.7452976744720208,HI-VAE_piecewise
0.007580171286086638,0.9544491525423728,0.043049358522039775,0.74208729440169,0.24660250374613146,6.0,0.4194915254237288,0.7446557104176647,HI-VAE_piecewise
0.006654537298516822,0.9622175141242938,0.02213351376467964,0.7242247623358986,0.166738153258985,3.0,0.4067796610169492,0.7553378290681524,HI-VAE_piecewise
0.0074855966378177255,0.9548022598870056,0.03238810347181727,0.7324373773955032,0.25961766570899175,3.0,0.3644067796610169,0.7583009379160754,HI-VAE_piecewise
0.007494953566786078,0.9551553672316384,0.025719358512987546,0.7716764750264071,0.16532222223587928,2.0,0.4025423728813559,0.7641792367074094,HI-VAE_piecewise
0.0065963106289993155,0.9618644067796609,0.032979875767114156,0.7852535083748304,0.24138965536041582,4.0,0.4110169491525424,0.763558088297781,HI-VAE_piecewise
0.007183591199372474,0.9593926553672315,0.025051736923910235,0.7487135958955787,0.18590803159025016,4.0,0.4279661016949153,0.7580028282748611,HI-VAE_piecewise
0.007991260705131493,0.9583333333333331,0.02803785999115875,0.7540176550475328,0.20679787083324763,5.0,0.4152542372881356,0.7569004157385714,HI-VAE_piecewise
0.007595617425726135,0.9576271186440678,0.022428370462213652,0.7159461294703486,0.18649630153928304,3.0,0.4406779661016949,0.7697831159786276,HI-VAE_piecewise
0.008533405712362203,0.9445621468926553,0.026936297085114694,0.7605232382676927,0.1854006800525613,4.0,0.4449152542372881,0.7686605895427984,HI-VAE_piecewise
0.0050682061092108465,0.965042372881356,0.03583443497917262,0.7423626829636335,0.16272391525347826,3.0,0.4279661016949153,0.7713026691624532,HI-VAE_piecewise
0.008584817850133958,0.9505649717514123,0.026278400827132703,0.7461068356722498,0.10810582336521814,3.0,0.423728813559322,0.7806663563025777,HI-VAE_piecewise
0.007094765567912766,0.961864406779661,0.03346519879996693,0.7232873094914742,0.2107412723979764,3.0,0.4194915254237288,0.7637350769972955,HI-VAE_piecewise
0.007497567754302128,0.9505649717514123,0.029256178620715938,0.7479609929078015,0.1822996417256717,1.0,0.3898305084745763,0.769470971153491,HI-VAE_piecewise
0.007978426026476535,0.9505649717514123,0.03148482910601374,0.7648615512298174,0.1687183906716573,4.0,0.4194915254237288,0.7764996279280777,HI-VAE_piecewise
0.008036371865483722,0.9523305084745761,0.048331041623820216,0.7399879281726272,0.16811340597640437,4.0,0.423728813559322,0.7565498587182625,HI-VAE_piecewise
0.009643674439578252,0.9473870056497175,0.027174103242550877,0.7381507469443187,0.19371305628832813,3.0,0.4279661016949153,0.7539860736504473,HI-VAE_piecewise
0.007233698573486828,0.9586864406779662,0.04359539500464302,0.729213822242342,0.20665164961243768,5.0,0.4364406779661017,0.7702508989443276,HI-VAE_piecewise
0.008711280394894045,0.9576271186440678,0.03774391293673021,0.7120378753583825,0.2427929466008068,3.0,0.4533898305084746,0.7664965583982788,HI-VAE_piecewise
0.008576646247169641,0.9512711864406779,0.03392369749622675,0.7537535838237513,0.2177653008073646,2.0,0.4194915254237288,0.7599931730936615,HI-VAE_piecewise
0.007257108690541022,0.9579802259887006,0.03229569486392895,0.7469594084804587,0.2459516358161675,7.0,0.4364406779661017,0.7412811005801,HI-VAE_piecewise
0.007990127529656015,0.9537429378531074,0.036500715803447555,0.7433189980383281,0.18764619094312224,3.0,0.3983050847457627,0.7533047904177267,HI-VAE_piecewise
0.007408552284195904,0.955861581920904,0.02963673788419713,0.7373773955032442,0.1986270036530229,5.0,0.4152542372881356,0.7670889594300123,HI-VAE_piecewise
0.009391480352784582,0.9502118644067795,0.024055625864537373,0.7923740003017956,0.26186200559257206,4.0,0.4322033898305085,0.7802212391674482,HI-VAE_piecewise
0.006962106098937573,0.9551553672316384,0.03118957943515718,0.709299079523163,0.19943031004919368,6.0,0.3771186440677966,0.7597316046241606,HI-VAE_piecewise
0.007953658897828255,0.9544491525423728,0.050356763431020926,0.7368417081635734,0.2469119150356367,6.0,0.3940677966101695,0.7781212959439896,HI-VAE_piecewise
0.0065362563913980995,0.9576271186440678,0.031990846539697734,0.7517560736381469,0.21585418855785177,3.0,0.3983050847457627,0.7575520338726904,HI-VAE_piecewise
0.005955589307860225,0.9611581920903954,0.02456878123625079,0.7815301041195111,0.11657517752261878,5.0,0.3983050847457627,0.7582055745297501,HI-VAE_piecewise
0.007670041165638805,0.9590395480225987,0.034705431379167206,0.7616568583069261,0.181511946631164,3.0,0.3601694915254237,0.7368858480056807,HI-VAE_piecewise
0.008795837045600998,0.9456214689265536,0.039126731450461597,0.7281650822393241,0.20019189849989477,5.0,0.4152542372881356,0.7718788292100158,HI-VAE_piecewise
0.008680599136979905,0.9491525423728814,0.03286212812061215,0.7612324581258488,0.16798923008534555,4.0,0.4364406779661017,0.7753951394478674,HI-VAE_piecewise
0.008080695037821146,0.9537429378531073,0.031549577937006176,0.7069035762788591,0.2848799522186056,5.0,0.3940677966101695,0.7538004573779942,HI-VAE_piecewise
0.007817975652460398,0.9544491525423728,0.021464762430903252,0.7891655349328505,0.17832548990347882,3.0,0.4279661016949153,0.7611936735118352,HI-VAE_piecewise
0.006616836300170822,0.9593926553672315,0.053569483897207816,0.7672098988984457,0.27824426858386003,5.0,0.4025423728813559,0.7567878432211789,HI-VAE_piecewise
0.007880178692828118,0.9519774011299434,0.04649977134767184,0.730622830843519,0.32430023358019827,6.0,0.4194915254237288,0.7390401528816096,HI-VAE_piecewise
0.008435242282910286,0.9562146892655367,0.035987169820584024,0.7526671193601931,0.2541368783614845,4.0,0.4576271186440678,0.7629251755666624,HI-VAE_piecewise
0.007127463022173496,0.9558615819209039,0.03140447661930016,0.7199260600573412,0.17965521686062264,3.0,0.4406779661016949,0.771939892151266,HI-VAE_piecewise
0.0077088787172037215,0.9548022598870056,0.032836947776371,0.7820224083295609,0.20080517499681544,5.0,0.461864406779661,0.7653833482202597,HI-VAE_piecewise
0.006094600323534226,0.9629237288135593,0.03850705283267317,0.7720348574015391,0.20147514222099436,5.0,0.3898305084745763,0.7609985620869965,HI-VAE_piecewise
0.007903437071417623,0.9548022598870056,0.0245828347109266,0.7442394748755093,0.21237603656701676,5.0,0.4745762711864407,0.751254074825266,HI-VAE_piecewise
0.008060326542449632,0.9576271186440678,0.02862924184978701,0.738558171118153,0.19053431166184606,3.0,0.4279661016949153,0.7385654442558607,HI-VAE_piecewise
0.007484576719496121,0.9608050847457626,0.03166073114382634,0.7438697751622152,0.26277153550438137,4.0,0.4194915254237288,0.736663279330365,HI-VAE_piecewise
0.007177927531117894,0.961864406779661,0.02693733019376621,0.7493982948543836,0.2397355370737155,4.0,0.4194915254237288,0.7766272254190519,HI-VAE_piecewise
0.00801764161479752,0.9593926553672315,0.033755004451581465,0.6859966802474724,0.1870854788154739,6.0,0.3855932203389831,0.7435611444845088,HI-VAE_piecewise
0.0063771441867564215,0.9611581920903954,0.02004246992566151,0.7834936622906292,0.20916400156402798,2.0,0.3728813559322034,0.7659770462709238,HI-VAE_piecewise
0.007060066015880028,0.961864406779661,0.0334215690554631,0.6963180926512751,0.18099714427793312,4.0,0.4322033898305085,0.7471425385330923,HI-VAE_piecewise
0.0074654966813846,0.9579802259887006,0.024119849716755837,0.7415629244001811,0.16800759204455484,1.0,0.4449152542372881,0.738697353484845,HI-VAE_piecewise
0.03939999504690523,0.7584745762711864,0.07189941420921965,0.9972838388411045,0.13919457434047525,4.0,0.025423728813559324,0.7414570503681093,Surv-GAN
0.039077306354877654,0.7665960451977402,0.07273207334855969,0.998053417836125,0.13911973010828013,1.0,0.029661016949152543,0.7612069113548534,Surv-GAN
0.03882724947181309,0.7648305084745762,0.0779666437909092,0.9971027614305115,0.13901716944273493,1.0,0.029661016949152543,0.7484249766696622,Surv-GAN
0.03950114722605943,0.7598870056497176,0.07245619417691565,0.9965142598460842,0.13748615121580374,1.0,0.029661016949152543,0.7515362352598618,Surv-GAN
0.03996817711563027,0.7595338983050848,0.06982579521268427,0.9980986871887731,0.13947774880811706,1.0,0.029661016949152543,0.7424367433867105,Surv-GAN
0.03917437155927305,0.7627118644067797,0.07959923732089787,0.9965595291987324,0.13898595051076434,3.0,0.025423728813559324,0.7497507765776034,Surv-GAN
0.0387031390688605,0.7602401129943503,0.07743641319899361,0.9971027614305115,0.14508381036863216,1.0,0.029661016949152543,0.7506157647757151,Surv-GAN
0.039542568399414314,0.7648305084745761,0.06867268849696168,0.9967406066093254,0.1435213864405307,11.0,0.03389830508474576,0.7514612327777019,Surv-GAN
0.03923668579554623,0.7658898305084746,0.07573004439959838,0.9969216840199184,0.13918887968699883,1.0,0.029661016949152543,0.7666571990028846,Surv-GAN
0.03920958796568679,0.7591807909604519,0.0819146114063961,0.9968311453146221,0.1388402520477961,4.0,0.029661016949152543,0.7388213219390815,Surv-GAN
0.03908345701739283,0.762358757062147,0.07688622533336431,0.9965595291987324,0.13997222743501214,3.0,0.029661016949152543,0.7529840234177109,Surv-GAN
0.039786103887416366,0.7609463276836159,0.06891463502368324,0.9970122227252152,0.1389865141890492,2.0,0.025423728813559324,0.7434564677591665,Surv-GAN
0.04027667627859242,0.7556497175141242,0.07318757667438203,0.9958804889090086,0.13851696911718592,1.0,0.029661016949152543,0.7379104058357163,Surv-GAN
0.0397058128400319,0.7584745762711864,0.07333062478166555,0.9981892258940697,0.13884778556276273,4.0,0.029661016949152543,0.7561335750196,Surv-GAN
0.03966819168786189,0.762358757062147,0.07394027589293503,0.9972838388411045,0.1391365389915103,4.0,0.029661016949152543,0.7679794179925855,Surv-GAN
0.04016099622471813,0.7598870056497176,0.06467881568440419,0.9966500679040291,0.13950878323283758,4.0,0.025423728813559324,0.7577545377528472,Surv-GAN
0.039753500563023805,0.762358757062147,0.07468258571960183,0.9965595291987324,0.14016400932192988,1.0,0.029661016949152543,0.7494248325949573,Surv-GAN
0.0393119461757949,0.762358757062147,0.06556610367515679,0.9967406066093254,0.1387630472049672,4.0,0.025423728813559324,0.7449389800063778,Surv-GAN
0.039529149532129014,0.7605932203389831,0.07723603150647654,0.9972838388411045,0.13898723433665164,5.0,0.03389830508474576,0.7575597954854405,Surv-GAN
0.03938231816061972,0.7612994350282487,0.07129166656959171,0.9963331824354912,0.14097707914803667,6.0,0.029661016949152543,0.7585250110121327,Surv-GAN
0.03986249519676937,0.7620056497175142,0.07175709127046546,0.9973743775464012,0.13969548957236322,1.0,0.029661016949152543,0.7597579312611112,Surv-GAN
0.03931072312866304,0.7644774011299437,0.08388529077448086,0.9979176097781803,0.13960369831752478,1.0,0.029661016949152543,0.7453593881604892,Surv-GAN
0.039371597306064786,0.7598870056497176,0.07223561952901959,0.9967858759619738,0.13947371576375814,1.0,0.03389830508474576,0.7317545573348492,Surv-GAN
0.03955024706472522,0.765183615819209,0.07113628724761735,0.9972838388411045,0.1445230373565038,5.0,0.03389830508474576,0.7558261202476338,Surv-GAN
0.03972743327674883,0.7595338983050848,0.08267756659994707,0.9984608420099592,0.13788928979776857,8.0,0.03389830508474576,0.7364863826464556,Surv-GAN
0.039571102531291785,0.7581214689265536,0.08473471485326924,0.996287913082843,0.13750088222304452,7.0,0.03389830508474576,0.7529048065266244,Surv-GAN
0.03910224802214569,0.7616525423728814,0.07863171392228004,0.9968311453146221,0.1388498298135402,2.0,0.03389830508474576,0.7464933100772673,Surv-GAN
0.03998130067290102,0.7574152542372882,0.07363027594850821,0.9968311453146221,0.1390673765420966,1.0,0.029661016949152543,0.737173279305102,Surv-GAN
0.04010358661928441,0.759180790960452,0.06863380407128424,0.9976459936622906,0.14311156709164605,4.0,0.029661016949152543,0.7358810952231234,Surv-GAN
0.03978986729293021,0.7598870056497176,0.06784684415958565,0.9955636034404709,0.13787477314919103,9.0,0.03389830508474576,0.7449566383891307,Surv-GAN
0.03951883718079138,0.7627118644067797,0.07543493527602749,0.9969216840199184,0.13870259240094926,1.0,0.025423728813559324,0.7619742377132948,Surv-GAN
0.039468060749498594,0.7641242937853107,0.0630306028812615,0.9956541421457674,0.13994549277994395,2.0,0.03389830508474576,0.7813479188759412,Surv-GAN
0.03956875363101641,0.7630649717514125,0.06653138903902192,0.9969216840199184,0.13880667115066042,7.0,0.03389830508474576,0.7708647538350347,Surv-GAN
0.03881848879868349,0.7648305084745762,0.0737919192652985,0.99610683567225,0.1388809746723808,1.0,0.025423728813559324,0.7568804619201694,Surv-GAN
0.039141965685535046,0.7662429378531073,0.06782421690481284,0.9965595291987324,0.14005730735790417,2.0,0.029661016949152543,0.7727773315015659,Surv-GAN
0.03997465211731197,0.7588276836158192,0.0810998051740814,0.9976459936622906,0.13951228229798898,7.0,0.025423728813559324,0.7449613467716305,Surv-GAN
0.038895117117784546,0.7648305084745762,0.06987111931320157,0.9980986871887731,0.14486546990463073,6.0,0.025423728813559324,0.7498354318649848,Surv-GAN
0.03943447329006336,0.7584745762711863,0.07598438332324088,0.9980081484834766,0.14122834476012583,2.0,0.029661016949152543,0.7640140950655323,Surv-GAN
0.040266440610952435,0.7581214689265537,0.07678752114938703,0.9978270710728836,0.13923009917286364,1.0,0.029661016949152543,0.7625898357981089,Surv-GAN
0.03965905303122882,0.7627118644067797,0.06581467555784452,0.9961521050248981,0.1406374808413644,2.0,0.03389830508474576,0.7754770451239266,Surv-GAN
0.03920970689839682,0.7687146892655367,0.06638548496201135,0.9967406066093254,0.14029143223910923,1.0,0.029661016949152543,0.7709719852108335,Surv-GAN
0.03880109092725304,0.7665960451977402,0.07219288830527751,0.9972385694884564,0.14119695326717474,6.0,0.025423728813559324,0.7713865602809358,Surv-GAN
0.039766794910001534,0.7602401129943503,0.08317132836556469,0.9955636034404709,0.13915835173524244,1.0,0.025423728813559324,0.7517759818626533,Surv-GAN
0.03940234573278672,0.7602401129943503,0.07363027667515108,0.9962426437301947,0.13819740321720753,7.0,0.03389830508474576,0.7631720179672306,Surv-GAN
0.038661142743898466,0.7673022598870056,0.06985613349905898,0.9968311453146221,0.13949958707564092,1.0,0.025423728813559324,0.7657451207003645,Surv-GAN
0.039653677128403994,0.7648305084745762,0.07266213149045726,0.9977365323675873,0.14037394546913604,3.0,0.029661016949152543,0.768097881685127,Surv-GAN
0.039261813562097576,0.7641242937853109,0.08079190455978494,0.995925758261657,0.13749380726546176,6.0,0.025423728813559324,0.7467041393136641,Surv-GAN
0.039665687032706044,0.7641242937853107,0.0673257375027248,0.997555454956994,0.14244589168579364,1.0,0.029661016949152543,0.7718495836254564,Surv-GAN
0.03985783086083611,0.7605932203389831,0.07338633149483954,0.9983703033046627,0.13836421976046898,4.0,0.029661016949152543,0.7783704975655756,Surv-GAN
0.03906467627442316,0.7673022598870057,0.07633079112564285,0.9960162969669533,0.1392716363915303,1.0,0.03389830508474576,0.7641681679113856,Surv-GAN
0.039747728927825327,0.7630649717514125,0.08111553044733735,0.9967406066093254,0.13794479413432503,8.0,0.03389830508474576,0.7576426233654947,Surv-GAN
0.03958743748372224,0.7616525423728814,0.07308703416124529,0.9978270710728836,0.1437746410582093,1.0,0.029661016949152543,0.7600273735351349,Surv-GAN
0.039843085305156366,0.7595338983050848,0.07105511989001696,0.9950203712086918,0.12904223762621822,1.0,0.025423728813559324,0.7517642404273137,Surv-GAN
0.039506519821454485,0.7577683615819208,0.07586717411580313,0.9978270710728836,0.1413657623864708,3.0,0.029661016949152543,0.7297132406845492,Surv-GAN
0.03947045516384153,0.7595338983050848,0.07896364760310069,0.9971933001358082,0.1408767932288587,1.0,0.03389830508474576,0.7346324336336504,Surv-GAN
0.03966769078417725,0.7616525423728814,0.07038450341912628,0.9976459936622906,0.14112568291871833,4.0,0.025423728813559324,0.754184410197745,Surv-GAN
0.03884181548170248,0.7644774011299434,0.07333107888500501,0.9953825260298779,0.1447988018841054,1.0,0.03389830508474576,0.7559960483094623,Surv-GAN
0.03932596932727208,0.7648305084745762,0.08920759772226684,0.9974649162516975,0.1451892801786674,1.0,0.03389830508474576,0.7567019656761147,Surv-GAN
0.039665109058574795,0.7634180790960453,0.07127814181188781,0.9964689904934361,0.13831581181101454,8.0,0.029661016949152543,0.763329556362181,Surv-GAN
0.03968407894480142,0.7605932203389831,0.07526841920721586,0.9978270710728836,0.14391422366689824,7.0,0.03389830508474576,0.7426471627873655,Surv-GAN
0.04027117753918155,0.7595338983050848,0.0663206890247562,0.9976459936622906,0.13864814236649112,7.0,0.0211864406779661,0.7585834213298989,Surv-GAN
0.038967560484788714,0.766949152542373,0.07223611520282895,0.9976459936622906,0.14465538863318297,1.0,0.03389830508474576,0.7708772938371615,Surv-GAN
0.03893182611702982,0.7648305084745762,0.08045213609586392,0.9974649162516975,0.1417308507194967,1.0,0.03389830508474576,0.7589055930721896,Surv-GAN
0.03976283029932891,0.7598870056497175,0.07066843718839427,0.9975554549569943,0.13914551465845132,1.0,0.029661016949152543,0.7640376477108759,Surv-GAN
0.03998855903658322,0.7598870056497176,0.07334443544346202,0.9986419194205522,0.1433719969201136,9.0,0.03389830508474576,0.7492227282125552,Surv-GAN
0.039385259185435985,0.7612994350282486,0.07230920468360008,0.9961973743775463,0.13829360166622123,5.0,0.03389830508474576,0.7688910213162462,Surv-GAN
0.040291644717423664,0.756002824858757,0.08384024847242,0.9973291081937529,0.13926385251720838,10.0,0.025423728813559324,0.7354176519872412,Surv-GAN
0.03981348893132699,0.7584745762711864,0.0704160738252909,0.996287913082843,0.14047081186671578,10.0,0.029661016949152543,0.753668140119458,Surv-GAN
0.03913289444877586,0.7627118644067797,0.08267652094285903,0.9975554549569943,0.14429459353676302,1.0,0.029661016949152543,0.7644869500874212,Surv-GAN
0.03867264045501683,0.769774011299435,0.06762385863679642,0.9975554549569943,0.13895768812860199,2.0,0.029661016949152543,0.771717447122126,Surv-GAN
0.03904315733843664,0.7655367231638418,0.0713535713686161,0.9980081484834766,0.13845845341778396,1.0,0.03389830508474576,0.7639297555535297,Surv-GAN
0.040924318506080117,0.7598870056497176,0.06700846571057467,0.9970122227252152,0.1401974299456214,1.0,0.029661016949152543,0.7533153892641362,Surv-GAN
0.04004585561773375,0.762358757062147,0.05916827549787755,0.9960615663196016,0.14102541174768854,1.0,0.029661016949152543,0.7733612261308396,Surv-GAN
0.03967387275378479,0.7612994350282487,0.08196821425228683,0.9980986871887734,0.1392359041121155,2.0,0.0211864406779661,0.7466121896452171,Surv-GAN
0.039524154381999514,0.7567090395480226,0.06709862004126715,0.9972838388411045,0.13971362539132579,1.0,0.03389830508474576,0.7548107338172099,Surv-GAN
0.03952914232138487,0.7616525423728814,0.07770639613916115,0.9970122227252152,0.1441909318563822,1.0,0.025423728813559324,0.739011559669147,Surv-GAN
0.0396977754189791,0.7641242937853109,0.06853038614423601,0.9967406066093254,0.13990205224760352,7.0,0.029661016949152543,0.7624037953686243,Surv-GAN
0.039683726911778384,0.760593220338983,0.07426329045097886,0.9964689904934361,0.13806425640138684,5.0,0.03389830508474576,0.7602411370907659,Surv-GAN
0.039721624148664696,0.7612994350282487,0.07211251995709522,0.99610683567225,0.1399392824831214,3.0,0.029661016949152543,0.7694832225361643,Surv-GAN
0.03955182208096967,0.7602401129943503,0.07705336182330683,0.9972838388411045,0.1402678392126787,1.0,0.03389830508474576,0.744975556129154,Surv-GAN
0.03810807211618635,0.7665960451977402,0.07265940431204901,0.9964689904934361,0.13946436678224475,5.0,0.03389830508474576,0.7554937917809046,Surv-GAN
0.039157941109140844,0.7665960451977402,0.06246360337529277,0.9961521050248981,0.139614269319657,2.0,0.025423728813559324,0.7820265093178688,Surv-GAN
0.03935918402522316,0.7634180790960453,0.06474591325685199,0.9977365323675873,0.13999557848534724,5.0,0.025423728813559324,0.7380298719950507,Surv-GAN
0.03880203445250043,0.7680084745762713,0.06963998050247582,0.9964689904934361,0.1389811793606257,1.0,0.03389830508474576,0.7770227419543796,Surv-GAN
0.03951780877139498,0.757768361581921,0.07664747234137556,0.9976459936622906,0.14131254050225325,1.0,0.029661016949152543,0.7428669650014681,Surv-GAN
0.03876654542963154,0.7627118644067795,0.07378080391729443,0.99610683567225,0.13940454880052597,6.0,0.029661016949152543,0.7558935711585364,Surv-GAN
0.03900583079131278,0.7644774011299434,0.07636537840568344,0.9971933001358082,0.13889873094484503,2.0,0.029661016949152543,0.7629745789058936,Surv-GAN
0.04029715316361512,0.7641242937853109,0.06528185231234093,0.9970122227252152,0.13927243613424245,1.0,0.03389830508474576,0.7577542208736551,Surv-GAN
0.03951983534604842,0.7641242937853109,0.0735563427725435,0.9981892258940697,0.13797685772689477,7.0,0.03389830508474576,0.7611308517481865,Surv-GAN
0.039479249086282656,0.7602401129943503,0.08143906571661536,0.9979176097781801,0.13828020545202088,4.0,0.03389830508474576,0.7715948041573291,Surv-GAN
0.039547304757906306,0.7556497175141242,0.07514979843778877,0.9971933001358082,0.13954586564001176,1.0,0.029661016949152543,0.7469163243183287,Surv-GAN
0.04000414219654938,0.7552966101694917,0.07909523835638513,0.9961973743775463,0.14010827547013566,1.0,0.029661016949152543,0.7217626283869119,Surv-GAN
0.039479265302114736,0.7620056497175142,0.06624340476164535,0.9956541421457672,0.13932453008796145,1.0,0.03389830508474576,0.759529262013118,Surv-GAN
0.03995913739813136,0.7563559322033898,0.08644143415957255,0.99610683567225,0.13881893784137128,5.0,0.029661016949152543,0.7316063148299207,Surv-GAN
0.03881666232823875,0.7644774011299434,0.08255095131853245,0.9971933001358082,0.1391307945555563,1.0,0.029661016949152543,0.7594385313357823,Surv-GAN
0.039235799164192044,0.7630649717514123,0.07056753591372236,0.9969216840199184,0.13953881085996056,1.0,0.029661016949152543,0.7502651272872337,Surv-GAN
0.03940781513975412,0.7665960451977402,0.07309267285302141,0.9970122227252152,0.1391872210148002,1.0,0.03389830508474576,0.767798967956354,Surv-GAN
0.03914925157825779,0.7644774011299434,0.060086598162355974,0.9980081484834766,0.13989326583959294,2.0,0.029661016949152543,0.7696868865481798,Surv-GAN
0.03961796208257049,0.765183615819209,0.07178293768828008,0.9969216840199184,0.13892414568521033,3.0,0.03389830508474576,0.7661269284026447,Surv-GAN
0.039464023012650576,0.7612994350282486,0.0713423091568692,0.9978270710728836,0.13889069831473258,2.0,0.029661016949152543,0.7725988585040185,Surv-GAN
0.03902979798360215,0.7612994350282486,0.07424106770513042,0.9963784517881393,0.14022989638782832,8.0,0.03389830508474576,0.7539039721889677,Surv-GAN
0.03933915967314216,0.7627118644067797,0.07201401606044451,0.996287913082843,0.13994821510624034,1.0,0.029661016949152543,0.7592827174961259,Surv-GAN
0.03970323233662958,0.7567090395480225,0.07045998211480582,0.9968311453146221,0.13889850089745417,1.0,0.029661016949152543,0.754900331066902,Surv-GAN
0.03903615407791765,0.7673022598870056,0.059691170798618486,0.9979176097781803,0.1402580348171632,3.0,0.029661016949152543,0.7871853294813014,Surv-GAN
0.03915743120538827,0.7630649717514125,0.07490905930642013,0.9971027614305115,0.13819089205991766,8.0,0.025423728813559324,0.7693984186296399,Surv-GAN
0.0386050329551559,0.7658898305084746,0.0837528416234463,0.9971027614305115,0.13869621682404484,11.0,0.03389830508474576,0.7617507960616958,Surv-GAN
0.03993164465291289,0.7595338983050848,0.0753251518540995,0.9976459936622906,0.1399220455773749,4.0,0.029661016949152543,0.7227604315866305,Surv-GAN
0.039464262517734654,0.762358757062147,0.07371632110244741,0.9966500679040291,0.1385844471456772,7.0,0.03389830508474576,0.7543977330940587,Surv-GAN
0.039382177343298665,0.759180790960452,0.08076467927333601,0.9977818017202355,0.14031983330792283,1.0,0.025423728813559324,0.7365518431214283,Surv-GAN
0.03931585090838756,0.7545903954802261,0.08417751954951028,0.9970122227252152,0.13991416650707006,1.0,0.029661016949152543,0.735297484108923,Surv-GAN
0.039139622880921994,0.7658898305084746,0.07532439859673525,0.9968311453146221,0.13830417160504144,7.0,0.029661016949152543,0.7576740214978382,Surv-GAN
0.039041292968806866,0.7630649717514125,0.092597290801586,0.9961521050248981,0.13872694856876652,5.0,0.03389830508474576,0.7591290724072327,Surv-GAN
0.03869773764560149,0.7655367231638418,0.06878299341842019,0.997193300135808,0.13778402144224602,5.0,0.029661016949152543,0.7807435655413942,Surv-GAN
0.04014028549803846,0.7542372881355933,0.08141594618536922,0.9967406066093254,0.1399697276439324,3.0,0.03389830508474576,0.7489756316883909,Surv-GAN
0.039779089593541296,0.7595338983050847,0.06625114225403807,0.9968311453146221,0.139276845822197,1.0,0.029661016949152543,0.7586769096292425,Surv-GAN
0.039451260993526416,0.7584745762711864,0.07828633523084105,0.9970122227252152,0.1413393169257678,2.0,0.029661016949152543,0.7451254380976925,Surv-GAN
0.03925725223663536,0.7634180790960453,0.08202930531490532,0.9978270710728836,0.13982637430904996,7.0,0.029661016949152543,0.7501658661274522,Surv-GAN
0.039963327587131336,0.7574152542372881,0.07663814091510682,0.9980986871887734,0.13964886688227177,1.0,0.029661016949152543,0.7335464640235959,Surv-GAN
0.03947876947797827,0.7556497175141242,0.07401737555815545,0.9978270710728836,0.1392878036148822,5.0,0.025423728813559324,0.7426690053379233,Surv-GAN
0.03988883943310754,0.7598870056497175,0.07345067310011685,0.9965142598460842,0.1390104971019419,2.0,0.029661016949152543,0.7478636574561087,Surv-GAN
0.039024473513868854,0.7605932203389831,0.07421692125055533,0.9968311453146221,0.13757427808197456,10.0,0.029661016949152543,0.744651027489463,Surv-GAN
0.03933185039935067,0.7620056497175142,0.07472436611352593,0.9964689904934361,0.14092027520994563,2.0,0.029661016949152543,0.7575963267610863,Surv-GAN
0.0399315485708286,0.7549435028248587,0.07369058736597436,0.9970122227252152,0.139207302123241,1.0,0.03389830508474576,0.7470029817045405,Surv-GAN
0.039182265245785275,0.7630649717514125,0.0742234198069294,0.9972838388411045,0.1400659586872263,1.0,0.029661016949152543,0.7672705684476985,Surv-GAN
0.039075898950276376,0.7612994350282486,0.07420301285922884,0.9963784517881393,0.13800141313359363,2.0,0.029661016949152543,0.7505077439941938,Surv-GAN
0.04047428858960312,0.757768361581921,0.06322368609902843,0.9975101856043459,0.13743820650789026,4.0,0.029661016949152543,0.771475210869896,Surv-GAN
0.03913184954291473,0.7598870056497175,0.07042478534161443,0.997012222725215,0.13867855076737612,2.0,0.03389830508474576,0.7527662157842339,Surv-GAN
0.038837994911106614,0.7655367231638418,0.07549840603386059,0.9977365323675873,0.13812857843631376,5.0,0.03389830508474576,0.7589086173781358,Surv-GAN
0.04028348778021933,0.759180790960452,0.07103585497033031,0.9976459936622906,0.13938537359210268,7.0,0.03389830508474576,0.7484828765765785,Surv-GAN
0.03850402754612988,0.7644774011299434,0.07642624864784126,0.9978270710728836,0.1378536422881599,9.0,0.025423728813559324,0.7497610492513963,Surv-GAN
0.03943653529779528,0.7620056497175142,0.08109977479100804,0.9969669533725668,0.14061562399904654,2.0,0.029661016949152543,0.7507242325175296,Surv-GAN
0.04032213597606908,0.7549435028248589,0.0756545432645337,0.9957446808510639,0.13912841178127705,1.0,0.029661016949152543,0.736116327502917,Surv-GAN
0.03972965555461872,0.7588276836158192,0.08014215923473586,0.995608872793119,0.13944428006430984,7.0,0.03389830508474576,0.7402879561647525,Surv-GAN
0.039354301460635156,0.7644774011299434,0.07574281542994417,0.9966500679040291,0.13994214433279656,3.0,0.029661016949152543,0.7476660542478067,Surv-GAN
0.03941255463232941,0.7630649717514125,0.06749746090533834,0.9963784517881393,0.13892972454413155,4.0,0.029661016949152543,0.7623566091331297,Surv-GAN
0.0396670455114612,0.7581214689265536,0.07984412176980127,0.9977365323675873,0.13972020364576987,3.0,0.03389830508474576,0.7541823835307966,Surv-GAN
0.0394857630663803,0.7556497175141242,0.07026568005889465,0.9980081484834766,0.14055217696216535,1.0,0.038135593220338986,0.7440303629011058,Surv-GAN
0.03891109750247916,0.7687146892655368,0.07242565188462728,0.9971933001358082,0.13920586591797046,11.0,0.029661016949152543,0.7636511530848867,Surv-GAN
0.03991752688237068,0.7662429378531074,0.06769669692428279,0.995608872793119,0.13926890349472593,2.0,0.029661016949152543,0.7707345745182013,Surv-GAN
0.040110634101187,0.7602401129943503,0.07033760202354805,0.9965142598460842,0.13781295241588395,10.0,0.025423728813559324,0.7580108266877645,Surv-GAN
0.040679761806081294,0.7567090395480225,0.06967319243031664,0.9963784517881393,0.13909046347263307,1.0,0.03389830508474576,0.7693819127202486,Surv-GAN
0.03970357691696197,0.7620056497175142,0.06368916773635079,0.9967406066093254,0.14514771936909238,1.0,0.03389830508474576,0.7826037169136955,Surv-GAN
0.039830617428543234,0.7598870056497176,0.079892802816171,0.9979176097781803,0.1420913212393617,1.0,0.03389830508474576,0.7591433030768784,Surv-GAN
0.03936053815478993,0.7612994350282486,0.07649666644926674,0.9958352195563602,0.14170401769361046,1.0,0.029661016949152543,0.7549348948633221,Surv-GAN
0.03952280051605259,0.7623587570621467,0.08058321558993896,0.9983703033046627,0.13813509743842808,5.0,0.025423728813559324,0.7510245043828331,Surv-GAN
0.04070003939330607,0.759180790960452,0.07017324955882275,0.995925758261657,0.13971900615433694,1.0,0.025423728813559324,0.7859967323971288,Surv-GAN
0.04021990996763369,0.7616525423728814,0.06986894167386287,0.9970122227252152,0.13906841552146032,1.0,0.029661016949152543,0.774370001449131,Surv-GAN
0.039236589471782254,0.7648305084745762,0.07831912533292101,0.9965595291987324,0.13784352030181218,3.0,0.03389830508474576,0.75421300530566,Surv-GAN
0.03991305623685754,0.760593220338983,0.0737702910063999,0.9971933001358082,0.13923411494347526,3.0,0.029661016949152543,0.7509323060323408,Surv-GAN
0.039184977897981456,0.7620056497175142,0.07176446029196082,0.9970122227252152,0.13838386415960469,2.0,0.03389830508474576,0.7538545730210428,Surv-GAN
0.0406919439428141,0.7552966101694915,0.06901311482801259,0.9977365323675873,0.13904993393017026,1.0,0.025423728813559324,0.7627289754641983,Surv-GAN
0.03991497652482955,0.7627118644067797,0.05807293881461468,0.9969669533725668,0.13857134047245495,6.0,0.029661016949152543,0.7627381635476662,Surv-GAN
0.03993304782519304,0.7581214689265536,0.08341885715897764,0.9979176097781801,0.16065586110370683,1.0,0.029661016949152543,0.7372055719217627,Surv-GAN
0.03924475259756818,0.7644774011299434,0.06579933493164024,0.9973743775464012,0.13915070370837285,3.0,0.025423728813559324,0.7671708259987129,Surv-GAN
0.03975141115072637,0.7634180790960453,0.07209587082541938,0.9975554549569943,0.14047084251093134,2.0,0.029661016949152543,0.7548604885603613,Surv-GAN
0.03970613686485472,0.7616525423728814,0.0722326112701206,0.9965142598460842,0.13962710920666804,2.0,0.025423728813559324,0.7499114501972411,Surv-GAN
0.040130368133052936,0.762358757062147,0.06876848820015459,0.9961521050248981,0.13924306445044402,7.0,0.029661016949152543,0.7616275763816451,Surv-GAN
0.039909110014546036,0.7584745762711864,0.07738423661275795,0.9979176097781803,0.14321034201430236,7.0,0.03389830508474576,0.7348278347359045,Surv-GAN
0.039259087327041496,0.7641242937853109,0.07819570661528978,0.9979628791308285,0.14020582840520973,2.0,0.03389830508474576,0.7456837595171177,Surv-GAN
0.0391621141130423,0.7620056497175142,0.08556307838385116,0.9974649162516975,0.13748893877024954,4.0,0.029661016949152543,0.7482814244372664,Surv-GAN
0.03928005111922887,0.7627118644067797,0.07684337946936093,0.9963331824354912,0.13996739428039254,7.0,0.025423728813559324,0.7586901534218028,Surv-GAN
0.040108089359929204,0.7609463276836158,0.06421329517780301,0.9963784517881393,0.13898176583629177,7.0,0.029661016949152543,0.7748778369724437,Surv-GAN
0.038819773402625275,0.7609463276836158,0.0788404404597374,0.9966500679040291,0.14118372635152987,7.0,0.03389830508474576,0.720658850898015,Surv-GAN
0.039156242107951246,0.7637711864406779,0.06375519947979282,0.9964689904934361,0.14330384834817064,5.0,0.03389830508474576,0.7752758259247499,Surv-GAN
0.03943221764218748,0.7598870056497176,0.08165150529905144,0.9971933001358082,0.1394935523724323,1.0,0.03389830508474576,0.7602630591522748,Surv-GAN
0.039649654370849045,0.7598870056497176,0.07482457233181344,0.9971027614305115,0.1386933501604209,2.0,0.029661016949152543,0.7418919161238304,Surv-GAN
0.03914618835830721,0.7644774011299434,0.07066503758552806,0.9969216840199184,0.13830077432482643,11.0,0.025423728813559324,0.755227119762595,Surv-GAN
0.03964946802806698,0.7612994350282486,0.07707848070664373,0.9957446808510639,0.1403980487158974,1.0,0.025423728813559324,0.7367142742513052,Surv-GAN
0.03982957029340592,0.7641242937853107,0.07616115465505088,0.9967406066093254,0.13776863397933625,2.0,0.025423728813559324,0.7806122654681589,Surv-GAN
0.038871651040031895,0.7634180790960453,0.06644528012326784,0.9955183340878225,0.13824078618229402,7.0,0.029661016949152543,0.7786489636450431,Surv-GAN
0.03952388041365833,0.7630649717514123,0.07177657427060095,0.9969216840199184,0.1438280944970127,4.0,0.03389830508474576,0.7672494281802674,Surv-GAN
0.038975913479014725,0.765183615819209,0.06490940354297883,0.9974196468990494,0.1397137462217935,2.0,0.029661016949152543,0.7543372322149531,Surv-GAN
0.03929683041037483,0.7598870056497175,0.07470692761397217,0.9973291081937529,0.1433293945860856,1.0,0.029661016949152543,0.7409573112478294,Surv-GAN
0.03878321327819267,0.7644774011299434,0.07870490247886286,0.9970122227252152,0.1385133578052866,1.0,0.03389830508474576,0.7407584921744222,Surv-GAN
0.03988065079759069,0.762358757062147,0.06812496684397149,0.9966500679040289,0.14371366388912166,1.0,0.03389830508474576,0.774725224851367,Surv-GAN
0.039604217614753225,0.7630649717514125,0.0680406862880279,0.9993662290629244,0.13745154541520183,5.0,0.029661016949152543,0.7616058364186831,Surv-GAN
0.040124770027388644,0.7552966101694917,0.06501210099134809,0.9972838388411045,0.13866149561719682,2.0,0.025423728813559324,0.7611787340532654,Surv-GAN
0.03939884731136387,0.76659604519774,0.06912916490318954,0.9967406066093254,0.13854064592742765,2.0,0.029661016949152543,0.7674932265163077,Surv-GAN
0.039180972589505085,0.7644774011299434,0.06416366125524071,0.9970574920778633,0.13984100271624159,13.0,0.029661016949152543,0.7507382060892571,Surv-GAN
0.03963229566102824,0.7612994350282487,0.06654540007565467,0.9971027614305115,0.14128785162957552,1.0,0.03389830508474576,0.7517835356294328,Surv-GAN
0.040281245684296,0.757768361581921,0.06561066132391787,0.9973743775464012,0.14025999969549283,1.0,0.025423728813559324,0.7563441810476759,Surv-GAN
0.0392531953464,0.7627118644067797,0.07074933663643931,0.9958804889090086,0.1384577021264579,4.0,0.025423728813559324,0.7543417022801918,Surv-GAN
0.03914668752141807,0.762358757062147,0.07627444998128592,0.9973743775464012,0.1415663311373381,7.0,0.03389830508474576,0.7827129735063154,Surv-GAN
0.03924112764328231,0.7620056497175142,0.06827879734270433,0.9960615663196016,0.1402786875457428,1.0,0.0211864406779661,0.7518346628098503,Surv-GAN
0.039420954768494915,0.7581214689265536,0.07856755750384775,0.9977365323675873,0.13922228460426553,11.0,0.029661016949152543,0.7499675711263076,Surv-GAN
0.03889396664032204,0.7627118644067797,0.07162766459120794,0.9963331824354912,0.1362684298448191,7.0,0.025423728813559324,0.7670493187018271,Surv-GAN
0.039946538244279954,0.7570621468926554,0.07300187581671552,0.9979176097781801,0.13862784203872036,7.0,0.03389830508474576,0.7405034509966654,Surv-GAN
0.03941970561744531,0.7616525423728812,0.0707987382363277,0.9977365323675871,0.13923264033236427,5.0,0.029661016949152543,0.7601545655705959,Surv-GAN
0.03943870249823419,0.7620056497175142,0.0731051247041257,0.99610683567225,0.1403600091773694,1.0,0.03389830508474576,0.7415115136628658,Surv-GAN
0.039301511960493675,0.7612994350282486,0.07270723915707376,0.9981892258940697,0.14181526135752293,1.0,0.025423728813559324,0.7555971513324238,Surv-GAN
0.03930017603665288,0.7609463276836158,0.07924607559776868,0.9982797645993662,0.14520903943065164,2.0,0.029661016949152543,0.7418166466900618,Surv-GAN
0.03911528534007492,0.7648305084745762,0.07520198073944426,0.9979176097781803,0.140421421379624,7.0,0.029661016949152543,0.7375388884816508,Surv-GAN
0.03965815387452308,0.7605932203389831,0.07326436749451735,0.9965142598460842,0.14032442910119386,3.0,0.029661016949152543,0.7482288066378262,Surv-GAN
0.03855149726453737,0.7669491525423728,0.08516798078287739,0.9975554549569943,0.1388763735386789,3.0,0.029661016949152543,0.765898048610751,Surv-GAN
0.03781815790566156,0.7725988700564971,0.06750328009884174,0.9960162969669533,0.1378570635765622,6.0,0.029661016949152543,0.7889760159742445,Surv-GAN
0.03982635580783305,0.7658898305084746,0.07757807640509146,0.9960615663196016,0.13775733439173332,7.0,0.03389830508474576,0.7589511931403375,Surv-GAN
0.03817196188355363,0.7655367231638418,0.07754273412213887,0.9976007243096424,0.13947462347283993,1.0,0.03389830508474576,0.7719409362126286,Surv-GAN
0.03910880314031669,0.7644774011299434,0.07315001887245776,0.9968311453146221,0.13910619210964248,10.0,0.03389830508474576,0.7752526383224806,Surv-GAN
0.03886867296434434,0.7648305084745762,0.07590977563285706,0.9971027614305115,0.14002893416906473,1.0,0.03389830508474576,0.7697180022281244,Surv-GAN
0.03948299114479555,0.7612994350282486,0.0698323499826291,0.9981892258940697,0.14154569601952444,1.0,0.029661016949152543,0.7526108496189097,Surv-GAN
0.043019585866339666,0.7902542372881355,0.04750129331721926,0.9583974649162517,0.05863740104160082,2.0,0.288135593220339,0.6997328970493369,Surv-VAE
0.04238971417673564,0.7899011299435027,0.04754958330311363,0.9475535687339672,0.05819562908526866,4.0,0.288135593220339,0.6733764258649392,Surv-VAE
0.04213069990328213,0.7927259887005649,0.043658187308504404,0.9541949600120718,0.058123076935167536,5.0,0.2966101694915254,0.6929180635699252,Surv-VAE
0.042649530208111165,0.7824858757062146,0.03846265807717082,0.9382865550022637,0.06142293679186357,1.0,0.3008474576271186,0.6762055878804343,Surv-VAE
0.04329781308684973,0.7870762711864406,0.030640771447812413,0.9509261355062624,0.0567770908018998,5.0,0.2966101694915254,0.6510087033420571,Surv-VAE
0.048025052347400864,0.7648305084745762,0.04733197801006004,0.9631384864946432,0.06062597786141738,1.0,0.2796610169491525,0.6734015530015668,Surv-VAE
0.042495780594739845,0.7838983050847458,0.04049111398276178,0.9585200694130073,0.05972392269320616,2.0,0.3135593220338983,0.7211119556492681,Surv-VAE
0.044816462027538646,0.7817796610169491,0.04050037702343883,0.9559227403048137,0.05967701524071997,1.0,0.2966101694915254,0.6810221520958373,Surv-VAE
0.04682779400449033,0.7722457627118643,0.05385188615265412,0.9527765202957598,0.05885138474119805,1.0,0.2669491525423729,0.6761295806979268,Surv-VAE
0.04546966329747628,0.7740112994350282,0.034793005379156326,0.9449336049494492,0.05707092190406398,1.0,0.2796610169491525,0.6980418221076442,Surv-VAE
0.04217832186235403,0.7853107344632768,0.02419971655441063,0.9372717670137318,0.05676514868355903,1.0,0.3220338983050847,0.6768934474705636,Surv-VAE
0.049190854380866116,0.7655367231638418,0.04650799053563448,0.9577203108495549,0.05681430179802817,1.0,0.3516949152542373,0.6838433864675556,Surv-VAE
0.043287945749963724,0.7846045197740112,0.035118082209279367,0.9375952542628643,0.060821373361217894,1.0,0.3432203389830508,0.6779832546241609,Surv-VAE
0.04523514090756916,0.7793079096045198,0.0598657951127016,0.955962350988381,0.05699906319850463,5.0,0.2923728813559322,0.6900364568771604,Surv-VAE
0.04619934380718305,0.7694209039548023,0.039723002624813875,0.9519861928474423,0.06821562429168655,1.0,0.3093220338983051,0.6764442895372966,Surv-VAE
0.046121217427594875,0.7711864406779662,0.029182882038797445,0.9525313113022484,0.08579221720476118,1.0,0.3050847457627119,0.7014996279702639,Surv-VAE
0.047302711343751296,0.7701271186440679,0.051246160098874116,0.9437169910970274,0.05636451595962245,5.0,0.3008474576271186,0.6908175724884793,Surv-VAE
0.0434161388880883,0.7853107344632768,0.032065846402697634,0.9626641014033499,0.05530027910172283,1.0,0.2838983050847458,0.6950327299767223,Surv-VAE
0.04688624636918687,0.7704802259887007,0.04647539882466846,0.9421740606609325,0.059193597401049396,1.0,0.3432203389830508,0.67475229613953,Surv-VAE
0.046714883656967,0.7740112994350282,0.06436816928994661,0.9518352950052815,0.05630391213745421,2.0,0.2966101694915254,0.6918366844745931,Surv-VAE
0.04224540496170929,0.7920197740112994,0.0447804368097761,0.9434340576429758,0.06305238571250246,1.0,0.3220338983050847,0.67984848876264,Surv-VAE
0.0433840894540826,0.7842514124293786,0.030606097157557997,0.9484665006790405,0.05961748698469381,3.0,0.2584745762711864,0.6749249668511625,Surv-VAE
0.04434101376539176,0.7824858757062146,0.050269765845309934,0.96123811679493,0.05879143222395929,5.0,0.2966101694915254,0.6988533266682141,Surv-VAE
0.04673030403815046,0.7754237288135594,0.04471658330837847,0.9541063075298023,0.07847691244348833,1.0,0.3008474576271186,0.6883358311957237,Surv-VAE
0.04459090330103924,0.784957627118644,0.06044547674150895,0.9358684170816357,0.05954341918769194,1.0,0.326271186440678,0.6879502476013147,Surv-VAE
0.04705855341988902,0.7711864406779659,0.05547510751405981,0.954591066847744,0.06096264161729545,1.0,0.2754237288135593,0.6543088158858055,Surv-VAE
0.0453419792555587,0.7796610169491526,0.043369867111462436,0.9489776671193603,0.05844812124200903,2.0,0.2711864406779661,0.668223420011026,Surv-VAE
0.045844937947914666,0.7754237288135594,0.051671243129799156,0.9653444243247321,0.07262314165769979,1.0,0.2754237288135593,0.662215739129259,Surv-VAE
0.044901233668579205,0.777542372881356,0.03603192420367181,0.9474422815753734,0.0616923078932538,2.0,0.2838983050847458,0.6752864483351418,Surv-VAE
0.04417524713153068,0.7828389830508474,0.05325018847109496,0.9583427644484683,0.05752353695238011,3.0,0.326271186440678,0.6923501018687185,Surv-VAE
0.04157725071646295,0.7966101694915255,0.03909637476154642,0.9393013429907953,0.056334298433305924,3.0,0.3093220338983051,0.6991498243650622,Surv-VAE
0.04712483449233703,0.7687146892655367,0.07873172265498517,0.9620888033801116,0.05577677958271895,4.0,0.326271186440678,0.6886931939146805,Surv-VAE
0.04342552167400108,0.7860169491525424,0.06169014294909454,0.957043156782858,0.06075724100492576,2.0,0.3135593220338983,0.6861973025504616,Surv-VAE
0.0473534848361924,0.7673022598870056,0.058841734593345914,0.9652029575977064,0.06043810415234096,3.0,0.3008474576271186,0.6822942011355156,Surv-VAE
0.045194820621981824,0.7810734463276837,0.043445163533266114,0.9533461596499169,0.06093967453811082,1.0,0.3135593220338983,0.702296609539735,Surv-VAE
0.043838099736652404,0.7831920903954802,0.04739983959523813,0.9524558623811681,0.06746203517757704,1.0,0.288135593220339,0.6906068000580291,Surv-VAE
0.045506403847008985,0.7680084745762712,0.03941978349556085,0.9519616719480911,0.05936304225479161,1.0,0.2542372881355932,0.6729403611619456,Surv-VAE
0.04310334041981351,0.7913135593220338,0.07653546922096224,0.9542251395805039,0.07219838606010189,1.0,0.2966101694915254,0.6880795906037199,Surv-VAE
0.045065518909070255,0.7803672316384181,0.034931970549348705,0.9438169609174588,0.059482003564357365,3.0,0.3220338983050847,0.6595569739119929,Surv-VAE
0.04379354542583546,0.7793079096045198,0.03824315878699366,0.9484910215783915,0.05724167293153923,2.0,0.2923728813559322,0.6551873844194722,Surv-VAE
0.04341629606429248,0.7913135593220338,0.05782165840608666,0.9539987928172629,0.061497615199078204,1.0,0.2923728813559322,0.6787118527126014,Surv-VAE
0.0421773569379442,0.7895480225988701,0.05959369713090264,0.9546702882148785,0.05608798059717136,2.0,0.326271186440678,0.6744425411984337,Surv-VAE
0.046157467156332115,0.76659604519774,0.03888550715901933,0.9415685830692622,0.056032994474620165,1.0,0.2966101694915254,0.6765337038515589,Surv-VAE
0.04713915160729779,0.7715395480225989,0.054233962715615425,0.9607231779085559,0.056836919457145606,2.0,0.2584745762711864,0.6484147345376688,Surv-VAE
0.04324343999794666,0.7877824858757062,0.05051630928461752,0.9451505205975554,0.07280504126208315,1.0,0.3347457627118644,0.6797950045205738,Surv-VAE
0.04382405951251705,0.7821327683615819,0.029748407318955047,0.9575052814244757,0.05494879138946962,2.0,0.2627118644067797,0.687472415942369,Surv-VAE
0.04380580294616193,0.7863700564971752,0.035785239180286615,0.9509883808661537,0.057026462636715264,2.0,0.3432203389830508,0.6677701825809632,Surv-VAE
0.04497750233870427,0.7778954802259888,0.04585392775739993,0.9529425079221368,0.06030360541302488,2.0,0.3177966101694915,0.687669447269371,Surv-VAE
0.04072971594019947,0.7962570621468927,0.04200345560046312,0.9494322468688697,0.05830223534933999,4.0,0.3474576271186441,0.6787678077270792,Surv-VAE
0.042459850735055975,0.7891949152542374,0.03889013160316592,0.9518107741059303,0.06532579033929438,1.0,0.3177966101694915,0.6878971780697228,Surv-VAE
0.04814082180097936,0.7673022598870056,0.040610203223346505,0.9657292138222424,0.055953712855441935,1.0,0.3474576271186441,0.6692767287341314,Surv-VAE
0.04252534627007254,0.7948446327683616,0.03984278412305203,0.9465255771842462,0.06028396983353534,1.0,0.326271186440678,0.6689632621570428,Surv-VAE
0.04104788381180601,0.7902542372881357,0.040680767398097346,0.9459238720386297,0.059540389692001636,2.0,0.3008474576271186,0.705268918605779,Surv-VAE
0.04742080163714524,0.7725988700564971,0.03544845761869259,0.960061113626075,0.06289212125797848,1.0,0.3050847457627119,0.6687659740560516,Surv-VAE
0.04134745366080588,0.7916666666666666,0.040539024552010604,0.9429775916704392,0.06261400126044211,1.0,0.288135593220339,0.6586998878579022,Surv-VAE
0.045660289284753,0.7757768361581922,0.04948542593539803,0.9528821487852724,0.05927412411119958,1.0,0.3305084745762712,0.6907175445001767,Surv-VAE
0.0423653654279262,0.7920197740112994,0.04355160649840319,0.9545891806247171,0.05832238402686785,2.0,0.3474576271186441,0.6899320787415454,Surv-VAE
0.04307546477803039,0.7874293785310735,0.05722363602082995,0.9557397766711937,0.057662247760953876,1.0,0.326271186440678,0.6663595379911618,Surv-VAE
0.04293445286439768,0.7817796610169491,0.033154769153970136,0.9417949298325035,0.0919979199546887,1.0,0.3135593220338983,0.6851524589029783,Surv-VAE
0.043426056997090484,0.788135593220339,0.05744138349526957,0.9506601780594537,0.05589223659919647,1.0,0.3220338983050847,0.6606928346399568,Surv-VAE
0.0421904008949937,0.7906073446327685,0.039142477739748105,0.9481797947789345,0.0747699244434644,1.0,0.3220338983050847,0.6767661322741855,Surv-VAE
0.04426312105941264,0.7846045197740112,0.08118559832118663,0.9462332126150598,0.09452772763855545,1.0,0.3135593220338983,0.67959763186078,Surv-VAE
0.04519729718883372,0.7807203389830509,0.04075575341418454,0.952306850762034,0.0641105456470353,1.0,0.2838983050847458,0.6856465279366636,Surv-VAE
0.04406329676838077,0.7838983050847458,0.037755768203149985,0.9637939489965295,0.06403968390228261,1.0,0.3516949152542373,0.6769949670737159,Surv-VAE
0.04451106220129524,0.7810734463276837,0.029623863083997126,0.958786026859816,0.06015500995303898,1.0,0.2966101694915254,0.6649139063753783,Surv-VAE
0.04546018526996575,0.7747175141242938,0.03528403266475204,0.954419420552286,0.05775734793450733,2.0,0.3177966101694915,0.6739574450651025,Surv-VAE
0.04327251670798111,0.7895480225988701,0.05741501365951743,0.9631337709370756,0.05592005749814009,2.0,0.3347457627118644,0.679094193864731,Surv-VAE
0.04667251541635803,0.7711864406779659,0.05008592590629598,0.958280519088577,0.05417406508761103,2.0,0.3516949152542373,0.6688485304109382,Surv-VAE
0.038599323864945585,0.8086158192090397,0.04926836014826396,0.9471310547759166,0.06947164821643172,2.0,0.2966101694915254,0.6877351878935984,Surv-VAE
0.043371560876339234,0.7842514124293786,0.03799684952613237,0.9457427946280369,0.06084731389491999,1.0,0.3305084745762712,0.6506114975297075,Surv-VAE
0.04438224004571988,0.7824858757062146,0.04967847056411518,0.9502810472310246,0.060089434842876335,1.0,0.3093220338983051,0.6655419660041776,Surv-VAE
0.04250228403283577,0.7930790960451977,0.04077722414390134,0.948053417836125,0.06320572445549563,1.0,0.3559322033898305,0.6723983093306402,Surv-VAE
0.043825432611191595,0.7824858757062146,0.04198382585980936,0.9536573864493739,0.06267480757569112,1.0,0.3432203389830508,0.6780505541926652,Surv-VAE
0.04468321204477104,0.7786016949152542,0.04086108674046475,0.9630620944620493,0.06509755372901031,1.0,0.2966101694915254,0.6959529965301338,Surv-VAE
0.04365026395455749,0.786723163841808,0.040465495579163936,0.9585936321110606,0.08840192328442528,1.0,0.3093220338983051,0.669055848607674,Surv-VAE
0.04820917390946255,0.7662429378531074,0.024428046367618663,0.9532329862682964,0.05685837457686737,1.0,0.3008474576271186,0.6589052387641036,Surv-VAE
0.04708362774123629,0.7761299435028248,0.08613686449440977,0.9631469744982647,0.06372168809029924,1.0,0.3093220338983051,0.677517290305951,Surv-VAE
0.04513637343539498,0.777542372881356,0.043757724837333756,0.9537969669533725,0.05801776874496978,2.0,0.3135593220338983,0.6821023484503216,Surv-VAE
0.045758486350538606,0.7754237288135594,0.04013908616488078,0.9390429304360948,0.08337154477903301,1.0,0.2838983050847458,0.6879138519464869,Surv-VAE
0.04192332788353529,0.8012005649717514,0.05956914977158081,0.9485249735928776,0.05822146798401173,1.0,0.3432203389830508,0.6535134011656579,Surv-VAE
0.046504035709213305,0.7701271186440678,0.027633698158021937,0.959170816357326,0.07388445195933716,1.0,0.2669491525423729,0.6732350642489792,Surv-VAE
0.045581068353115574,0.7722457627118643,0.04203936388946758,0.9566583672853477,0.05734203376887251,2.0,0.2838983050847458,0.6710299160005493,Surv-VAE
0.046203198825075086,0.7733050847457626,0.04593420353755431,0.9478327297419646,0.07047253143566802,1.0,0.326271186440678,0.6719410250099773,Surv-VAE
0.04641610501242165,0.765183615819209,0.059963360780518005,0.9553191489361703,0.064473947408519,4.0,0.3008474576271186,0.6766573484664877,Surv-VAE
0.040560514483536,0.7990819209039549,0.04178090273999152,0.9534517881394295,0.057252912549221345,3.0,0.2838983050847458,0.6865303295771952,Surv-VAE
0.0439454691379689,0.7824858757062146,0.03793561815380762,0.9626075147125397,0.05777902207341723,4.0,0.2923728813559322,0.683299270363847,Surv-VAE
0.047934389882138724,0.7620056497175142,0.03321820272429736,0.9581654594839295,0.065087862541736,1.0,0.288135593220339,0.682237773598257,Surv-VAE
0.0431346408448726,0.7895480225988699,0.038714990385270466,0.9538101705145616,0.05767639156900889,1.0,0.2966101694915254,0.6967540008841416,Surv-VAE
0.04842465419789719,0.7630649717514125,0.042762768529044926,0.9709898898445752,0.06359968103598397,1.0,0.2754237288135593,0.6604767952829325,Surv-VAE
0.04440762278982175,0.7817796610169491,0.03825637880467172,0.9464520144861929,0.056843842662905146,1.0,0.3559322033898305,0.6918911090150305,Surv-VAE
0.043607839089817864,0.7842514124293785,0.053658183116750295,0.9581598008148482,0.05695853000716358,2.0,0.2627118644067797,0.6695594796165039,Surv-VAE
0.0441771970553765,0.7821327683615819,0.05804255513654695,0.9486023087369851,0.05867747733156821,1.0,0.2838983050847458,0.6753216662411471,Surv-VAE
0.04354036522055063,0.7831920903954802,0.04388122687149977,0.9513675116945827,0.05806707467232733,1.0,0.2838983050847458,0.6815546748012858,Surv-VAE
0.04491206569557846,0.7807203389830509,0.0661270513325052,0.9537931945073186,0.05662068488593917,1.0,0.3474576271186441,0.6750955552629178,Surv-VAE
0.04421329915226383,0.7831920903954802,0.035771057655735614,0.9393447261204164,0.06211322475289875,2.0,0.2923728813559322,0.6829915367041234,Surv-VAE
0.04506094673937011,0.7796610169491526,0.04377270682560565,0.9425003772446054,0.07734931592157478,1.0,0.3220338983050847,0.6663837121895891,Surv-VAE
0.04446258514135795,0.7800141242937854,0.049828798725179556,0.9544533725667723,0.06332417717518395,1.0,0.3305084745762712,0.682189795320548,Surv-VAE
0.04198899028537101,0.794138418079096,0.06575738551015883,0.9501546702882149,0.0562718172136723,4.0,0.3220338983050847,0.6982957365170874,Surv-VAE
0.04327977417450967,0.7877824858757062,0.049079834402898294,0.9586539912479249,0.057614217194093445,1.0,0.3220338983050847,0.6764398903214817,Surv-VAE
0.04233088718724958,0.7948446327683616,0.061753572385493304,0.9567017504149691,0.059661706144479146,1.0,0.2923728813559322,0.6967681173008565,Surv-VAE
0.045307084614955744,0.778954802259887,0.03804754016683541,0.942423042100498,0.0597592371697523,1.0,0.3008474576271186,0.6694509570009609,Surv-VAE
0.0491066150455619,0.7620056497175142,0.03542902404211301,0.9648445752225744,0.05990608762284219,3.0,0.3008474576271186,0.6720996750231866,Surv-VAE
0.04447021661484146,0.7807203389830509,0.09072009682151891,0.9508148483476686,0.06209037537085145,2.0,0.2966101694915254,0.6920971162770739,Surv-VAE
0.04338378019183054,0.7870762711864407,0.0894374182937933,0.9557756149087069,0.05627367526820863,1.0,0.3050847457627119,0.6731031720634144,Surv-VAE
0.04534658609843532,0.7725988700564971,0.033004059393275165,0.9612701825863891,0.055418598543543605,1.0,0.3177966101694915,0.669279861076157,Surv-VAE
0.04385290883816038,0.783545197740113,0.026569842426710302,0.9545533423872039,0.062338693940253084,1.0,0.3093220338983051,0.6667934258605649,Surv-VAE
0.04366266523524178,0.7846045197740112,0.034777515006820664,0.966002716161159,0.0572075212025837,2.0,0.3220338983050847,0.6568164726928671,Surv-VAE
0.039648350430002234,0.806497175141243,0.03564867355183584,0.9495435340274636,0.06305679851026344,2.0,0.3220338983050847,0.6796184394033037,Surv-VAE
0.044347275546534726,0.7842514124293785,0.04193974793883988,0.9674551078919572,0.05811803716126057,1.0,0.2796610169491525,0.6639159729405544,Surv-VAE
0.044106794392053034,0.784957627118644,0.03508133850684857,0.9486381469744982,0.05920123361216268,1.0,0.3305084745762712,0.6951498811741861,Surv-VAE
0.044395873887264826,0.7831920903954802,0.04971355070776825,0.9515410442130678,0.057124012329018405,2.0,0.3177966101694915,0.6731702557436166,Surv-VAE
0.045247288216235554,0.7747175141242938,0.039343415034741244,0.9400482873094914,0.06276677370303732,1.0,0.3305084745762712,0.6570445608664309,Surv-VAE
0.04169883269518904,0.7937853107344632,0.038144733785509685,0.959497132940999,0.06180134161411112,1.0,0.2966101694915254,0.6856075213982025,Surv-VAE
0.04725491859137687,0.7722457627118645,0.05734144405975688,0.9529198732458124,0.06012652269171053,5.0,0.2796610169491525,0.6741649066571438,Surv-VAE
0.04418949501575237,0.7782485875706214,0.029388965902855578,0.9458050399879282,0.05740453472809576,1.0,0.326271186440678,0.6866233152783255,Surv-VAE
0.045392295721451655,0.7842514124293786,0.07394031870405007,0.9430247472461144,0.05679453304904499,2.0,0.3135593220338983,0.6827883045312263,Surv-VAE
0.042970805397417496,0.7863700564971752,0.04157822251148507,0.9680398370303305,0.06306562234028042,1.0,0.2627118644067797,0.6862620135425683,Surv-VAE
0.04344470422674799,0.7906073446327683,0.037615590500115564,0.9490040742417383,0.05647536062136543,1.0,0.3008474576271186,0.6831226174022437,Surv-VAE
0.043931225222905844,0.7846045197740112,0.056079885951395604,0.9562905537950808,0.05606636191610326,1.0,0.3093220338983051,0.6952285240748487,Surv-VAE
0.04139995492212673,0.7955508474576272,0.02887356655815538,0.9310491172476233,0.07944111148440527,1.0,0.2923728813559322,0.6446695590875394,Surv-VAE
0.04860742622629662,0.7687146892655367,0.040670028718982225,0.9562151048740002,0.05872952090274895,1.0,0.3559322033898305,0.67493354635878,Surv-VAE
0.04238460285686238,0.7899011299435027,0.043321849660739604,0.9632129923042101,0.05922159337875027,1.0,0.3093220338983051,0.6913742123433992,Surv-VAE
0.04423931965645287,0.7856638418079096,0.04328407375489087,0.9459672551682511,0.057507491284534,1.0,0.3008474576271186,0.6700180977142237,Surv-VAE
0.04095786740991754,0.7948446327683616,0.02800731128096072,0.9557944771389769,0.056584662411879455,3.0,0.3177966101694915,0.6767006647578087,Surv-VAE
0.04444012351790332,0.7782485875706214,0.0735098611569115,0.9569658216387505,0.060987261609720095,2.0,0.3008474576271186,0.6789326895370786,Surv-VAE
0.04465585027632649,0.7810734463276837,0.03305596205552538,0.9388241285649614,0.056296389679217164,1.0,0.3516949152542373,0.6741123744219802,Surv-VAE
0.04323410527968757,0.7877824858757063,0.040831396960676655,0.9513146974498264,0.059733192111109334,1.0,0.2966101694915254,0.6766934203072541,Surv-VAE
0.04370040764508442,0.7786016949152542,0.04127958731621695,0.9492530556813037,0.059299766457193336,1.0,0.288135593220339,0.6697169760331049,Surv-VAE
0.04313245853327092,0.7916666666666666,0.04250216514321702,0.9543005885015845,0.06389179707350497,1.0,0.3305084745762712,0.6701266413435836,Surv-VAE
0.04796952256324183,0.769774011299435,0.0523712816989191,0.9488984457522257,0.05809456779851426,1.0,0.2838983050847458,0.6759693371341113,Surv-VAE
0.045068844260763234,0.7831920903954802,0.03885003991420812,0.9516579900407424,0.05375036842992259,1.0,0.3389830508474576,0.6961617371570487,Surv-VAE
0.04219118307748956,0.7930790960451977,0.03958013956172888,0.9414120265580201,0.057715226468490644,2.0,0.2754237288135593,0.6947897953181237,Surv-VAE
0.044192898920213185,0.7853107344632768,0.02884692888668107,0.9570073185453447,0.09079022271028074,1.0,0.3347457627118644,0.6646945070133458,Surv-VAE
0.038175000013568834,0.8100282485875706,0.0572475086502013,0.9456277350233891,0.06858424522046304,3.0,0.3559322033898305,0.6966672145979945,Surv-VAE
0.045480522620091314,0.7796610169491526,0.03477984588387328,0.938556284895126,0.0685376159401695,1.0,0.3177966101694915,0.6986415782496058,Surv-VAE
0.042888290685168425,0.784957627118644,0.035646573708833326,0.9403161309793271,0.05761580054906571,1.0,0.2796610169491525,0.6970328006305332,Surv-VAE
0.043305148423714544,0.7853107344632768,0.03700257552878446,0.9397936472008451,0.05648356928536066,2.0,0.3008474576271186,0.6879253048582418,Surv-VAE
0.04232826932400594,0.7870762711864407,0.04172777637368448,0.9569620491926966,0.05682258856271841,2.0,0.3389830508474576,0.67853724543973,Surv-VAE
0.047268319712194716,0.7673022598870056,0.03523952136346263,0.9559378300890298,0.0608460698098611,2.0,0.3305084745762712,0.6686474970563115,Surv-VAE
0.04418991092261426,0.7920197740112993,0.079262174975693,0.9545420250490417,0.06196971675612274,1.0,0.3389830508474576,0.6816780584649725,Surv-VAE
0.042091938619861206,0.7906073446327683,0.03690893555033153,0.9542873849403953,0.05848373091011421,1.0,0.3008474576271186,0.6712845756739942,Surv-VAE
0.04392473644246664,0.7867231638418078,0.058856146562365416,0.9593481213218652,0.059299756500464984,1.0,0.3050847457627119,0.6834108616397603,Surv-VAE
0.04607889482468145,0.7736581920903954,0.027853054399208106,0.9578372566772295,0.05550273157403149,3.0,0.3177966101694915,0.670189108392782,Surv-VAE
0.045086167206564644,0.7754237288135593,0.040082774379378815,0.9502584125547004,0.06288890418319595,1.0,0.2966101694915254,0.6871350330705537,Surv-VAE
0.04737587465785562,0.7687146892655368,0.06672373460882038,0.9564471103063227,0.057864784646014314,1.0,0.3135593220338983,0.6716793909486524,Surv-VAE
0.042710457834250426,0.7902542372881355,0.053000388331216945,0.9318545344801569,0.07246885144532988,1.0,0.3177966101694915,0.6570918931468985,Surv-VAE
0.04498057435072695,0.7754237288135594,0.046736363671241746,0.9504413761883205,0.0598657419583274,1.0,0.3008474576271186,0.6844311607955598,Surv-VAE
0.04432073851860286,0.7796610169491526,0.06704022049980574,0.9547645993662291,0.05775306654751168,3.0,0.3177966101694915,0.6588552638106716,Surv-VAE
0.04454717512421024,0.7821327683615821,0.027335597163959675,0.9594292289120266,0.05679148295096115,2.0,0.3474576271186441,0.6868334539276691,Surv-VAE
0.04404807762169224,0.7860169491525424,0.03540415302729917,0.9443884864946431,0.05890024091416331,1.0,0.326271186440678,0.6714350722795244,Surv-VAE
0.04354585816971917,0.7814265536723165,0.03081464322284294,0.9387562245359892,0.05993501821023682,1.0,0.3135593220338983,0.6799661852255542,Surv-VAE
0.04277333515514459,0.7863700564971752,0.02992268647550184,0.957571299230421,0.05800925188348232,1.0,0.3305084745762712,0.6648339081969866,Surv-VAE
0.04920960358351353,0.7630649717514123,0.04537376305962883,0.959840425531915,0.058575346938872105,1.0,0.2796610169491525,0.6840150466846073,Surv-VAE
0.0432604957750338,0.7920197740112993,0.04584540316786214,0.9487230270107136,0.06173757849564751,1.0,0.2966101694915254,0.675790655135252,Surv-VAE
0.04412578542406916,0.7800141242937854,0.047387962682800516,0.9587124641617624,0.0661836661035077,1.0,0.2711864406779661,0.6827981123613797,Surv-VAE
0.04631996549814463,0.774364406779661,0.03957351330998801,0.9565301041195111,0.054542056068252014,1.0,0.2838983050847458,0.6916626655102651,Surv-VAE
0.046112133693563095,0.7711864406779662,0.03778813613534258,0.9508412554700468,0.05995716625814188,2.0,0.3177966101694915,0.6839810229885166,Surv-VAE
0.046315166124750805,0.768361581920904,0.06595246918109426,0.9380394597857251,0.0596065416725626,2.0,0.2966101694915254,0.6952714271294456,Surv-VAE
0.044449622940510615,0.7793079096045198,0.04895369220404094,0.9501339218349178,0.06635387228007043,1.0,0.2966101694915254,0.6782756556363927,Surv-VAE
0.04275578078788677,0.7860169491525424,0.038371659206970346,0.9576354308133392,0.06421483177136526,1.0,0.3050847457627119,0.6910493448014149,Surv-VAE
0.04531030359577021,0.7831920903954802,0.059480983992711185,0.957228006639505,0.061865612323244216,2.0,0.2838983050847458,0.67747439231801,Surv-VAE
0.04493049087088292,0.7810734463276837,0.03066375560608849,0.9513014938886375,0.06909480122705587,1.0,0.3220338983050847,0.6984802599038915,Surv-VAE
0.042775987727137636,0.7948446327683616,0.04563102905141493,0.9510185604345859,0.06430778378027015,1.0,0.326271186440678,0.6939916397366295,Surv-VAE
0.04488186598473132,0.7782485875706215,0.043126311190348654,0.9575920476837181,0.06242513103023074,1.0,0.2754237288135593,0.6718003199352621,Surv-VAE
0.044307361652887144,0.784957627118644,0.04296906865591769,0.946433152255923,0.06567118391416782,1.0,0.3305084745762712,0.6743061638633759,Surv-VAE
0.04285828029777917,0.7863700564971752,0.043132617262377715,0.9527067300437604,0.05822259796959045,4.0,0.3008474576271186,0.6902751098811636,Surv-VAE
0.03944401140826213,0.8029661016949152,0.051010791424996184,0.9621925456465974,0.10328471672407394,1.0,0.2838983050847458,0.6812353846659237,Surv-VAE
0.04244411509765161,0.7916666666666666,0.054079269458317494,0.9518202052210654,0.06998505724496322,1.0,0.2923728813559322,0.6845556280513823,Surv-VAE
0.04397764065574194,0.7831920903954802,0.03753774831195368,0.9535743926361853,0.0629339232505313,1.0,0.3093220338983051,0.6901679858804259,Surv-VAE
0.045487611665056105,0.7754237288135594,0.03951167468629438,0.9462558472913838,0.057819294673179915,1.0,0.288135593220339,0.6772219486820449,Surv-VAE
0.04454618992289958,0.7761299435028247,0.031411399585426825,0.9668439716312058,0.0601767760477945,1.0,0.3093220338983051,0.694762687811341,Surv-VAE
0.045308237901049014,0.7761299435028249,0.05841771747573074,0.9648445752225744,0.07608854802687548,1.0,0.2966101694915254,0.6992555587908343,Surv-VAE
0.04650834928365826,0.7722457627118643,0.03519831185402064,0.9604911724762337,0.060449566562004224,1.0,0.2966101694915254,0.6696092409399648,Surv-VAE
0.04533054071636702,0.7793079096045198,0.044794770462193774,0.9516089482420401,0.05896153998339336,4.0,0.3050847457627119,0.656190416375808,Surv-VAE
0.04041586001021292,0.797316384180791,0.03151599922797505,0.9556096272823298,0.05971367028594093,1.0,0.2754237288135593,0.6639576498101937,Surv-VAE
0.04598914391317121,0.7704802259887006,0.025755579960888245,0.9500716764750265,0.058245767853039525,1.0,0.3177966101694915,0.6915029483300865,Surv-VAE
0.04129293285690539,0.7934322033898306,0.06050473109986935,0.9477195563603441,0.058559269604048496,1.0,0.3305084745762712,0.6427887688033792,Surv-VAE
0.043261660649405044,0.7920197740112996,0.038422555888860045,0.9495567375886524,0.05594589802853072,1.0,0.3474576271186441,0.6884361741773685,Surv-VAE
0.04233666050256496,0.797316384180791,0.04013137480823753,0.9458559680096575,0.053962879949004915,4.0,0.3177966101694915,0.6724826150961417,Surv-VAE
0.0442231546409245,0.7842514124293786,0.04141170381904935,0.9454070469292288,0.057663886925727555,2.0,0.3008474576271186,0.6733025266314422,Surv-VAE
0.04520625669131023,0.7736581920903954,0.06254554708862113,0.9625339520144862,0.05888519803754457,1.0,0.3177966101694915,0.6767877394285119,Surv-VAE
0.04283660921153798,0.7927259887005649,0.029392984164006083,0.9592009959257582,0.11448292250683376,1.0,0.2966101694915254,0.6595680965679351,Surv-VAE
0.04729116308337774,0.7704802259887006,0.043798507943959585,0.9562264222121624,0.058327759104039326,5.0,0.3008474576271186,0.656249152025501,Surv-VAE
0.04229082719055449,0.792725988700565,0.02700850356089223,0.9500603591368645,0.0626469532109141,1.0,0.2838983050847458,0.6487123941455343,Surv-VAE
0.042841403931613876,0.7870762711864407,0.03406104590637939,0.9467556963935415,0.05809413660196017,2.0,0.2966101694915254,0.6840537136876663,Surv-VAE
0.0461013551671112,0.7764830508474576,0.08193670440002182,0.9528576278859212,0.05530533818245307,3.0,0.3177966101694915,0.6662614113620893,Surv-VAE
0.043473469994415787,0.7891949152542374,0.03153175472094498,0.9514863437452844,0.06699249007329902,1.0,0.3135593220338983,0.6695757160230446,Surv-VAE
0.04651643810829089,0.7680084745762712,0.03919278670237802,0.953168854685378,0.06105317759342565,1.0,0.3516949152542373,0.6473647509826711,Surv-VAE
0.04246062770853259,0.7860169491525424,0.06012120727724218,0.9483882224234194,0.059523147510111576,2.0,0.3050847457627119,0.6926871007492454,Surv-VAE
0.04686561356993855,0.7778954802259888,0.059300155748372094,0.9562056737588651,0.05908488696417096,1.0,0.2966101694915254,0.6961446350387959,Surv-VAE
0.04513280563853264,0.7793079096045198,0.05114508859055056,0.962332126150596,0.05950943850944223,3.0,0.3135593220338983,0.6727507308410068,Surv-VAE
0.046059239898108624,0.7683615819209039,0.05816717759915327,0.9504621246416176,0.06229059465058204,1.0,0.3008474576271186,0.6883993828311948,Surv-VAE
0.04492413776957865,0.7793079096045198,0.06320839742865485,0.9488343141693074,0.06280011251527134,1.0,0.3220338983050847,0.6920647353701421,Surv-VAE
0.04439998821487697,0.7860169491525424,0.04796294578091237,0.9424004074241739,0.05863577159591927,3.0,0.3008474576271186,0.6943228796340829,Surv-VAE
0.040715927816980364,0.8008474576271186,0.02529657165934175,0.9480986871887733,0.07006969988650874,1.0,0.3050847457627119,0.6970628210088219,Surv-VAE
0.042308654093277276,0.7916666666666669,0.02806753406353677,0.9629432624113475,0.06788873804927097,1.0,0.2838983050847458,0.6819549095182807,Surv-VAE
0.04637466541450885,0.7761299435028247,0.043249974364893334,0.9476195865399125,0.06279136290330621,2.0,0.3135593220338983,0.6788262755098602,Surv-VAE
0.04576323043641841,0.775776836158192,0.047447243423907305,0.9616493134148183,0.05737665239168738,2.0,0.2711864406779661,0.6640180265480355,Surv-VAE
0.0414139736361503,0.7923728813559322,0.04207132237097884,0.9579617473970122,0.05909682259167895,1.0,0.3050847457627119,0.7051161711159281,Surv-VAE
0.047228378299043784,0.7718926553672315,0.0432792426151797,0.9554360947638448,0.06087514894122468,1.0,0.2923728813559322,0.6767087232228511,Surv-VAE
