J-S distance,KS test,Survival curves distance,Detection XGB,NSND,K-map score,Identifiability score,NNDR,generator
0.0066602724388910624,0.9513155821648024,0.01320214123009511,0.926963040219021,0.10332292313872074,4.0,0.4506065857885615,0.8236790685460735,HI-VAE_weibull
0.0060620194446146325,0.9550968961714197,0.018585697610267935,0.9116212763183625,0.12844771849021613,3.0,0.4852686308492201,0.8432118977697236,HI-VAE_weibull
0.004702028359442553,0.9628170789349301,0.011864538323522114,0.9165217391304348,0.09493085404999711,1.0,0.47660311958405543,0.8248129445588354,HI-VAE_weibull
0.006560894273616381,0.9489522609106665,0.011797800519544405,0.9183937161853855,0.09423351303338656,3.0,0.42287694974003465,0.8276037212286042,HI-VAE_weibull
0.0057075245606860595,0.9565148889239009,0.02457773711299724,0.9086797470829804,0.1189352185960161,2.0,0.4488734835355286,0.8309994933484622,HI-VAE_weibull
0.006044411659575921,0.9558846699227982,0.012794732164297818,0.9243405253894792,0.06427260619535642,4.0,0.4748700173310225,0.8184344502463876,HI-VAE_weibull
0.0059455518912157465,0.9560422246730739,0.014609165228192491,0.9310752884427353,0.15123163223573072,2.0,0.4679376083188908,0.8202787993422239,HI-VAE_weibull
0.006002301204793183,0.953678903418938,0.01795493556291534,0.9225087021706537,0.10628268322732183,2.0,0.4540727902946274,0.8324108967897732,HI-VAE_weibull
0.006548069418019147,0.9487947061603907,0.01635031129264191,0.9199023531712405,0.10910639904780883,2.0,0.44540727902946275,0.829088280964503,HI-VAE_weibull
0.0055207212057980515,0.9574602174255553,0.02366927575816296,0.910928622645199,0.11191490752544339,2.0,0.464471403812825,0.8157861793632464,HI-VAE_weibull
0.006509592610885306,0.9535213486686623,0.020258817868487374,0.9182902027247246,0.08047910651894369,1.0,0.4662045060658579,0.8227808221383536,HI-VAE_weibull
0.005308294606455665,0.9620293051835513,0.012727276536591229,0.9341570953653608,0.13404952147745347,2.0,0.464471403812825,0.8286754222198329,HI-VAE_weibull
0.006678392203220282,0.954151567669765,0.012182585060650038,0.9135713447624013,0.12676768844023886,3.0,0.4610051993067591,0.8199895634625343,HI-VAE_weibull
0.006388799937689093,0.9555695604222468,0.016060349409940826,0.916108988983769,0.12109296320077548,3.0,0.45233968804159447,0.8316326513113657,HI-VAE_weibull
0.0054110328503085845,0.9584055459272097,0.014383340486897689,0.9100336353562349,0.08272417147696784,1.0,0.512998266897747,0.8068116942406218,HI-VAE_weibull
0.0059881222223260875,0.9510004726642509,0.010844902546796048,0.9165435108532689,0.10983617329563275,2.0,0.4731369150779896,0.815481429935082,HI-VAE_weibull
0.005784181098565757,0.9546242319205923,0.010872563255027458,0.9226068704778048,0.0915947180176528,1.0,0.48700173310225303,0.8214665843007386,HI-VAE_weibull
0.005203336194742703,0.9610839766818969,0.01904224949896692,0.9185564174434522,0.08647991537046025,1.0,0.42634315424610053,0.8185746848880727,HI-VAE_weibull
0.005495691091647742,0.9560422246730739,0.012405113268635337,0.9163874584446907,0.08189494778510714,1.0,0.4488734835355286,0.8202411467932627,HI-VAE_weibull
0.0059757555383982116,0.954309122420041,0.010285529600051545,0.922140538426439,0.07215166351447763,2.0,0.43327556325823224,0.81949389489896,HI-VAE_weibull
0.006312344112358138,0.9566724436741768,0.019573615020592322,0.9039161723486082,0.15521037188771386,1.0,0.44194107452339687,0.8227293722189369,HI-VAE_weibull
0.005616259669279714,0.9544666771703166,0.018312024158614677,0.9299653216869824,0.08432503193356297,1.0,0.43327556325823224,0.8223043290711298,HI-VAE_weibull
0.006184410452969019,0.9535213486686623,0.017100228596785096,0.9033549312300373,0.0993246052086294,3.0,0.4488734835355286,0.8266522739421508,HI-VAE_weibull
0.006694676356784199,0.9527335749172837,0.01884049281065706,0.9041672641939901,0.0969555507630871,2.0,0.4714038128249567,0.8267237928617458,HI-VAE_weibull
0.006414763455069961,0.9558846699227981,0.014992503274882532,0.9271909262759925,0.10038278514657674,1.0,0.43154246100519933,0.82512143948496,HI-VAE_weibull
0.006682612701552911,0.9519458011659053,0.013202849769011513,0.9060010429567825,0.09037221277029316,5.0,0.44020797227036396,0.8199378014671754,HI-VAE_weibull
0.005881380367615593,0.9514731369150781,0.01611037599734249,0.9171194837363927,0.09885582688533509,1.0,0.44194107452339687,0.8194356388989578,HI-VAE_weibull
0.006780068267652378,0.9503702536631479,0.019544097143837317,0.9162570888468808,0.08283413816627272,4.0,0.45233968804159447,0.8195119227605879,HI-VAE_weibull
0.004932095703873847,0.9595084291791397,0.013721349009579092,0.9175932468548336,0.0900450210994877,7.0,0.42980935875216636,0.8271937356588823,HI-VAE_weibull
0.005615802477242598,0.957145107925004,0.01819702339754756,0.9366657975360146,0.08426310623845551,4.0,0.4558058925476603,0.8190837118930531,HI-VAE_weibull
0.006716279785705364,0.9519458011659053,0.021240122030721686,0.9072203898050974,0.0988733796005608,1.0,0.4540727902946274,0.8199402106007526,HI-VAE_weibull
0.005730812013195397,0.9568299984244526,0.011219999785536942,0.9189493514112508,0.09426127334306394,1.0,0.43500866551126516,0.8260369454560712,HI-VAE_weibull
0.005256721662777585,0.9536789034189379,0.009640986363637702,0.9003102796427873,0.14108810813658487,6.0,0.4610051993067591,0.8289422556807906,HI-VAE_weibull
0.005938054805919305,0.9569875531747283,0.011087346299256336,0.9220908676096734,0.11466760553207624,3.0,0.4662045060658579,0.8230257353853976,HI-VAE_weibull
0.005586967864809518,0.9591933196785883,0.01066943635814074,0.9076194511439931,0.1404867755452659,5.0,0.43674176776429807,0.8230697269987896,HI-VAE_weibull
0.0054699373888023334,0.9601386481802426,0.015419216277531185,0.9204136627338505,0.10093674980380447,2.0,0.4592720970537262,0.8230901721106314,HI-VAE_weibull
0.006930992563620227,0.9533637939183865,0.01701113289247778,0.919891011016231,0.15798383662040272,3.0,0.45753899480069327,0.8241735816600004,HI-VAE_weibull
0.006956118455509352,0.952576020167008,0.021204002154999395,0.9313134736979336,0.12251981202734034,2.0,0.4696707105719237,0.82224636879819,HI-VAE_weibull
0.004952721769788142,0.961556640932724,0.013057493883055,0.9161598331269148,0.1114993071479835,2.0,0.45753899480069327,0.8181425721029161,HI-VAE_weibull
0.006680828639495262,0.9492673704112179,0.018124668273249683,0.903564695912913,0.12463193243498119,5.0,0.42287694974003465,0.8329066510388474,HI-VAE_weibull
0.007379875455368937,0.9443831731526706,0.013165129791489144,0.91770119288182,0.13836901885790773,2.0,0.43154246100519933,0.8282878644674994,HI-VAE_weibull
0.005034104558818821,0.9587206554277613,0.013635901558600363,0.9186717945375138,0.13241397131840363,5.0,0.4038128249566724,0.8299883992513452,HI-VAE_weibull
0.006293387606388278,0.9547817866708681,0.01476736444508684,0.9144791082719509,0.15212216139914406,2.0,0.44194107452339687,0.8284692274394772,HI-VAE_weibull
0.006266557626331151,0.9536789034189379,0.01597308415210425,0.9022008995502249,0.09619790343047638,2.0,0.4662045060658579,0.8211725439041431,HI-VAE_weibull
0.004216299421470855,0.9607688671813456,0.012155037754739329,0.9233261195489213,0.1768573479987172,4.0,0.4540727902946274,0.8128335654790556,HI-VAE_weibull
0.006194389760962943,0.9522609106664567,0.011762674161912704,0.9254541424939704,0.12547124553492725,2.0,0.48180242634315423,0.8117122637916724,HI-VAE_weibull
0.005001951059051082,0.9617141956829998,0.010322766138524515,0.9173966495013364,0.12557517924792777,6.0,0.4783362218370884,0.8165411773601577,HI-VAE_weibull
0.005990033862662162,0.9574602174255553,0.01808010492135452,0.9164010168828629,0.13060256084703492,2.0,0.464471403812825,0.8287415427715964,HI-VAE_weibull
0.0054893778115968125,0.9560422246730739,0.018075881606310556,0.9142019425070075,0.10703641364584283,4.0,0.4592720970537262,0.8229965621911687,HI-VAE_weibull
0.005980923024339045,0.9511580274145266,0.01811583755630844,0.9302274949481781,0.18279920669111285,2.0,0.44714038128249567,0.8255106623083533,HI-VAE_weibull
0.004230499291266642,0.9639199621868599,0.018668040170756458,0.9175164591617235,0.09791399435823056,2.0,0.4662045060658579,0.8202615950773741,HI-VAE_weibull
0.005090829004906054,0.960926421931621,0.0160556996607734,0.9207020402842059,0.13092659914538365,4.0,0.4436741767764298,0.8067713041923549,HI-VAE_weibull
0.006164398409997324,0.9514731369150781,0.014873391778758693,0.9229333159507203,0.12121526368053047,2.0,0.48180242634315423,0.8234497896611876,HI-VAE_weibull
0.005614994761714689,0.958878210178037,0.015398353625628438,0.9164693305521151,0.093333719632028,1.0,0.4488734835355286,0.8244359779621871,HI-VAE_weibull
0.006508533106336866,0.9538364581692137,0.02131531179401662,0.9114360211198749,0.11837731631550931,2.0,0.43847487001733104,0.814624006200096,HI-VAE_weibull
0.006712674185783152,0.9546242319205923,0.026278192815258568,0.9268996805944856,0.10299637485622615,1.0,0.4592720970537262,0.8137264119582767,HI-VAE_weibull
0.006765680059471959,0.9555695604222467,0.01574145715186855,0.9212410533863503,0.10187988875196395,1.0,0.4488734835355286,0.826413026436607,HI-VAE_weibull
0.006513371986547432,0.9502126989128722,0.012661687998149793,0.918039110879343,0.06448963700513448,1.0,0.4488734835355286,0.8181211648345027,HI-VAE_weibull
0.00645250828549235,0.9535213486686623,0.017575036993293096,0.9125651522065054,0.10795532984680689,2.0,0.464471403812825,0.815264405922537,HI-VAE_weibull
0.006397432284709414,0.9538364581692137,0.02153356846723696,0.9286485887491038,0.1130248287851878,3.0,0.43500866551126516,0.8349581131122532,HI-VAE_weibull
0.006148308711587621,0.9535213486686623,0.011386028986054588,0.9141208526171699,0.1034555688942109,5.0,0.4662045060658579,0.828367292321514,HI-VAE_weibull
0.006698409476337985,0.9549393414211438,0.01841547553842761,0.9119661039045696,0.10111936845183879,1.0,0.43327556325823224,0.8285277464254966,HI-VAE_weibull
0.006337549709675371,0.9539940129194894,0.017162701753986175,0.9078260869565217,0.13568694865942058,4.0,0.43674176776429807,0.8253177454923234,HI-VAE_weibull
0.004572161692007567,0.9568299984244525,0.00910002396020351,0.9156164526432435,0.0949233810162026,4.0,0.47660311958405543,0.8145391675541194,HI-VAE_weibull
0.005883243191204452,0.9561997794233495,0.026245561969582484,0.9150364383025877,0.10385147740589509,5.0,0.4436741767764298,0.822822165503637,HI-VAE_weibull
0.005920565583571055,0.954939341421144,0.011991410293856504,0.9111173978228277,0.09792375838566712,1.0,0.48180242634315423,0.8200430191150729,HI-VAE_weibull
0.006539852007761668,0.9530486844178353,0.015570271255739275,0.9103939769245812,0.11438971147588622,2.0,0.4540727902946274,0.816267533025211,HI-VAE_weibull
0.00553210331184454,0.9558846699227982,0.01563645484868303,0.919727918649371,0.12027773710391876,2.0,0.45753899480069327,0.8191414560006282,HI-VAE_weibull
0.005339716637991005,0.9590357649283127,0.015714161250414988,0.9156330095821655,0.15868183789403406,3.0,0.4696707105719237,0.8300321329132724,HI-VAE_weibull
0.005239871331995017,0.962186859933827,0.011890086698705407,0.9166285118310409,0.10092583728290135,4.0,0.4714038128249567,0.8276800794178873,HI-VAE_weibull
0.006022662015055766,0.9571451079250038,0.014948386365481342,0.9070421745648914,0.13796980147328172,2.0,0.44540727902946275,0.8153116478176913,HI-VAE_weibull
0.006552074535131385,0.9552544509216954,0.015541329633927582,0.9108055537448667,0.07417115992738109,1.0,0.464471403812825,0.8180014832931849,HI-VAE_weibull
0.005612453774888019,0.9602962029305183,0.014319990955854907,0.9305165243465223,0.07255138961294519,2.0,0.464471403812825,0.822056159664603,HI-VAE_weibull
0.005470283000942449,0.9585631006774854,0.01675488447467312,0.933667557525585,0.11380698945523651,2.0,0.43847487001733104,0.8336875565425967,HI-VAE_weibull
0.007102497948850753,0.9498975894123208,0.02156563069748275,0.9121114660061274,0.08274217877385204,1.0,0.4506065857885615,0.8143262901554267,HI-VAE_weibull
0.005350756194582761,0.9577753269261067,0.01226543847501983,0.9148973339417248,0.09033733743047329,1.0,0.4731369150779896,0.827164186314947,HI-VAE_weibull
0.006479618672401314,0.9538364581692139,0.013754773767151928,0.9273225995697804,0.14062400718855428,6.0,0.45753899480069327,0.818945926651137,HI-VAE_weibull
0.0053926360278355534,0.9607688671813456,0.020210131904514872,0.9222065054429308,0.09918572751869206,1.0,0.49740034662045063,0.8318177219858883,HI-VAE_weibull
0.006087987002351767,0.9585631006774854,0.01967805352560045,0.9238416009386612,0.10664551593347359,3.0,0.43154246100519933,0.8184752375805046,HI-VAE_weibull
0.006090145155612497,0.9579328816763826,0.01868065880062237,0.9186343784629425,0.08702458089579866,1.0,0.44194107452339687,0.8192645439942778,HI-VAE_weibull
0.006275115296436328,0.9533637939183865,0.010565194072816756,0.9143436542598264,0.0785954269726464,1.0,0.4610051993067591,0.8058419146104873,HI-VAE_weibull
0.006795447480774638,0.9459587206554279,0.014378660620236978,0.8943775503552572,0.194269083956179,5.0,0.42114384748700173,0.8141426533850592,HI-VAE_weibull
0.006541651085974993,0.9538364581692139,0.017403661135221,0.9177668991591161,0.0803462535613811,3.0,0.4679376083188908,0.820726938377062,HI-VAE_weibull
0.007101150583507099,0.9535213486686623,0.019097562278347732,0.917886969558699,0.0910482730036362,2.0,0.4436741767764298,0.8148205226005975,HI-VAE_weibull
0.0060302108408651625,0.9535213486686623,0.013596030013800928,0.9296027638354735,0.08563899023086476,1.0,0.4696707105719237,0.8397608411144366,HI-VAE_weibull
0.005123573288361068,0.962186859933827,0.022808732309014774,0.9092804901896876,0.08682505700545677,2.0,0.45233968804159447,0.8225269238322829,HI-VAE_weibull
0.0065402336758372545,0.9506853631636993,0.020099802762238096,0.9273753992568933,0.12167888105467832,2.0,0.4436741767764298,0.8233517928091354,HI-VAE_weibull
0.00541501862631879,0.9557271151725224,0.013190021621391169,0.9245501597027573,0.12597378725165648,2.0,0.44194107452339687,0.8289496776993015,HI-VAE_weibull
0.006276817661490856,0.9532062391681109,0.011860116161645574,0.9203327032136105,0.10164891408263252,1.0,0.4592720970537262,0.8230719369468782,HI-VAE_weibull
0.005947934991605585,0.9598235386796913,0.018563212778667036,0.9335558307802619,0.0787549997205496,5.0,0.4558058925476603,0.8187974870008016,HI-VAE_weibull
0.005217615719553505,0.9557271151725225,0.01563057543131245,0.9188582230623819,0.10215243107049797,1.0,0.44020797227036396,0.8237304775464759,HI-VAE_weibull
0.00671402423811665,0.9489522609106665,0.01756928569903605,0.9125126132585881,0.0896048801788248,1.0,0.44714038128249567,0.8315630947615275,HI-VAE_weibull
0.005503713393204942,0.958878210178037,0.022706563553834276,0.9080062577406949,0.16945574585707002,5.0,0.44714038128249567,0.8122769671433762,HI-VAE_weibull
0.006478278223505101,0.9546242319205923,0.014699571106092586,0.923618929665602,0.1001392890862889,4.0,0.4488734835355286,0.8216879891880253,HI-VAE_weibull
0.0054239972789288235,0.9591933196785883,0.020140195610899348,0.929984225278665,0.10706636880672638,1.0,0.4731369150779896,0.8253032204703571,HI-VAE_weibull
0.006252660597134672,0.9516306916653537,0.014240926850255778,0.9123805488560068,0.14950341120813104,2.0,0.43847487001733104,0.8241218682473369,HI-VAE_weibull
0.005814709020661563,0.9561997794233498,0.01543389718775937,0.9210090606870477,0.10483652504420324,2.0,0.464471403812825,0.8204706579426855,HI-VAE_weibull
0.005813540458621744,0.9558846699227982,0.011322691508036579,0.9229120657062774,0.0854541587678376,2.0,0.4540727902946274,0.828441794233665,HI-VAE_weibull
0.006323977147918347,0.9521033559161808,0.01921397249160547,0.8987618799296004,0.08892631233267498,3.0,0.4488734835355286,0.834020628392954,HI-VAE_weibull
0.006733599819702618,0.952103355916181,0.034410172407188605,0.9264811941855161,0.09134356738441557,3.0,0.4488734835355286,0.8141582245245866,HI-VAE_weibull
0.005431789030500773,0.958878210178037,0.020293252618592834,0.9304780653151685,0.11696473099805754,2.0,0.4506065857885615,0.8217470123241062,HI-VAE_weibull
0.004673561403928552,0.9612415314321726,0.015351223597583105,0.9029837689850728,0.10875818959054984,5.0,0.48180242634315423,0.8289398446136017,HI-VAE_weibull
0.006223874933756788,0.9533637939183867,0.014163665476365193,0.9209510462160224,0.07738723139753316,1.0,0.42807625649913345,0.8210595540323657,HI-VAE_weibull
0.0056407222006768995,0.9557271151725224,0.02236145413876091,0.9208716511309565,0.08539564359013227,1.0,0.4731369150779896,0.8209495436954996,HI-VAE_weibull
0.006404759029479029,0.9502126989128722,0.014556929382945017,0.9243533016100646,0.13087464820266195,1.0,0.4662045060658579,0.828002854807331,HI-VAE_weibull
0.005377322658457789,0.9595084291791398,0.012002625373105301,0.9201134215500947,0.09745202947528461,1.0,0.4540727902946274,0.8212029200715563,HI-VAE_weibull
0.005031322456229777,0.9588782101780368,0.013887617973671816,0.9289713838732808,0.16704021183005954,2.0,0.44540727902946275,0.8192607872161539,HI-VAE_weibull
0.005856904656797086,0.9561997794233495,0.012036653263641395,0.9153671859722314,0.08978412992639932,3.0,0.4610051993067591,0.8199258962521416,HI-VAE_weibull
0.005122132854865558,0.9576177721758312,0.01850390294766993,0.9189965452056581,0.09979876559077545,2.0,0.44714038128249567,0.8226861852388073,HI-VAE_weibull
0.006581165005403075,0.9547817866708681,0.013923657930112207,0.9132308193729223,0.07892596716837928,3.0,0.4592720970537262,0.8294590116898607,HI-VAE_weibull
0.0061640147062025225,0.9519458011659051,0.013705966546576194,0.9249101101623101,0.10115730713819387,2.0,0.42634315424610053,0.8217812697567686,HI-VAE_weibull
0.0048296921574033196,0.9602962029305185,0.01400995087612188,0.9213031744997068,0.10098413778986198,3.0,0.4506065857885615,0.826589767348423,HI-VAE_weibull
0.006356102333432057,0.9492673704112181,0.021625262422940886,0.9053039567172935,0.10134813785445812,5.0,0.48353552859618715,0.8143406193032942,HI-VAE_weibull
0.006982341901997735,0.9533637939183865,0.01693596277656583,0.9337150120591879,0.08990174266735575,3.0,0.43500866551126516,0.8247210734521325,HI-VAE_weibull
0.005157590706343539,0.9569875531747282,0.019559195808166445,0.9145419464180954,0.08915348985904133,5.0,0.48180242634315423,0.8232311354804713,HI-VAE_weibull
0.005682258099103333,0.9571451079250038,0.028334334105979832,0.9178208721726093,0.11868362956273724,3.0,0.4506065857885615,0.8170992740163375,HI-VAE_weibull
0.005086014351138654,0.9585631006774854,0.0113598949644304,0.9115889446581058,0.08132570353362231,11.0,0.4506065857885615,0.8212875535133282,HI-VAE_weibull
0.005849010737369335,0.9584055459272097,0.012371896063916008,0.9233293787888665,0.08755218212971322,2.0,0.4662045060658579,0.8114195900473706,HI-VAE_weibull
0.0054205751825519895,0.9595084291791397,0.011661861349577267,0.9291433413727919,0.1669572823091148,4.0,0.4488734835355286,0.8159542653739484,HI-VAE_weibull
0.00618714397424513,0.9543091224200411,0.018600605097874954,0.9005866631901442,0.08449508858756868,3.0,0.42807625649913345,0.8094976363556339,HI-VAE_weibull
0.006466375860862559,0.9519458011659051,0.015158909054329563,0.9095966364643765,0.09320568098038157,4.0,0.464471403812825,0.8132049283185252,HI-VAE_weibull
0.005740479125257217,0.9565148889239011,0.02070021217006977,0.9213661430154488,0.13037782498664252,6.0,0.44540727902946275,0.8247266191313308,HI-VAE_weibull
0.005576941105045291,0.9555695604222467,0.011344179504015962,0.9248856006779219,0.13227852228139464,3.0,0.44020797227036396,0.8166472844392266,HI-VAE_weibull
0.0061064578983994365,0.9550968961714197,0.009847291043166641,0.914230232709732,0.09960480424721029,2.0,0.4679376083188908,0.829990390256164,HI-VAE_weibull
0.006166086734883833,0.9573026626752799,0.011129455654547444,0.9178475979401604,0.13637422354556789,4.0,0.4506065857885615,0.8301985016372618,HI-VAE_weibull
0.005131755736582272,0.9596659839294154,0.01935241987070889,0.8987071246985202,0.1296225840231779,2.0,0.43674176776429807,0.8300139283924072,HI-VAE_weibull
0.005730440889189811,0.9558846699227982,0.010931908609516705,0.9163903265758426,0.08845502457278541,5.0,0.4783362218370884,0.8165268400275512,HI-VAE_weibull
0.005443721993485672,0.9576177721758312,0.020025433416749918,0.9189891141385831,0.09239421458291178,3.0,0.4540727902946274,0.8259271987088179,HI-VAE_weibull
0.0065585914410393265,0.9513155821648023,0.03169891134437245,0.9119002672576755,0.11211130893876779,2.0,0.464471403812825,0.8154294849748565,HI-VAE_weibull
0.0049906099748801116,0.9561997794233495,0.014674366998458178,0.9148702170653804,0.14060624501033522,1.0,0.48180242634315423,0.8051133494697866,HI-VAE_weibull
0.006039611971914887,0.950842917913975,0.011029070253714092,0.9180207287660519,0.13041729902102853,2.0,0.42980935875216636,0.8196861722489432,HI-VAE_weibull
0.006402999949387486,0.952103355916181,0.012017312967445428,0.9204985333420245,0.10748316102143948,3.0,0.4662045060658579,0.8274743614332072,HI-VAE_weibull
0.005981015046057262,0.9591933196785883,0.01950949136702705,0.9219104360863046,0.07980423008358409,2.0,0.47660311958405543,0.8287804428743385,HI-VAE_weibull
0.006654457742662239,0.950842917913975,0.0150390634535401,0.9091134867348935,0.09871390007361569,1.0,0.4540727902946274,0.8344916846241376,HI-VAE_weibull
0.0051862772788046204,0.9628170789349298,0.012514697495900754,0.9155563522586533,0.08920879734347946,2.0,0.4436741767764298,0.8233890759533365,HI-VAE_weibull
0.006033577211511056,0.9510004726642509,0.016680784574350474,0.9135334072094388,0.15072996456520663,2.0,0.42980935875216636,0.8214033947055803,HI-VAE_weibull
0.0067541853454137464,0.9491098156609421,0.009483368522282026,0.8903053255980705,0.09336527897008455,3.0,0.4436741767764298,0.8128639509159432,HI-VAE_weibull
0.00612422810105967,0.9568299984244525,0.010334522056027994,0.9278973991265236,0.09810938092130299,2.0,0.4748700173310225,0.8299943041808656,HI-VAE_weibull
0.005926656234964718,0.9568299984244526,0.017188944069276187,0.9154457988397106,0.16010813173197336,1.0,0.4506065857885615,0.8099992854880166,HI-VAE_weibull
0.005366840475443524,0.9561997794233498,0.014108386320438569,0.9126638419920475,0.1060608555941626,3.0,0.4506065857885615,0.839771251276974,HI-VAE_weibull
0.007433983739039075,0.950370253663148,0.025796285152713788,0.9168015122873348,0.08157834342459551,1.0,0.44020797227036396,0.8153316496438545,HI-VAE_weibull
0.0056952386624299495,0.955412005671971,0.024662791585918213,0.9218213936510005,0.06752044219095191,1.0,0.4506065857885615,0.822961910406501,HI-VAE_weibull
0.006028385789632556,0.952576020167008,0.01655578672356905,0.915293396779871,0.10529226465109666,2.0,0.462738301559792,0.8251562205156663,HI-VAE_weibull
0.0061723594156249196,0.9560422246730739,0.008749062339523812,0.9243615148947267,0.12446369848652722,3.0,0.4679376083188908,0.8256995725787317,HI-VAE_weibull
0.0050211246798531565,0.9587206554277613,0.011591458409294167,0.9116017208786911,0.08834229790226528,4.0,0.4714038128249567,0.8241297175997172,HI-VAE_weibull
0.005503584753294517,0.9591933196785883,0.01195707689416358,0.914760054755231,0.09018423736905923,1.0,0.4696707105719237,0.8127177730826203,HI-VAE_weibull
0.0053766230553158175,0.9565148889239011,0.020402347564792957,0.920473632748843,0.09735025452716019,1.0,0.4506065857885615,0.8297966115008997,HI-VAE_weibull
0.006142774689973109,0.950370253663148,0.011288886599525665,0.919616191904048,0.0791179409284351,7.0,0.4731369150779896,0.8249909436838431,HI-VAE_weibull
0.005368969873800875,0.9569875531747283,0.01551619208173296,0.8952176520435435,0.09164953482107227,6.0,0.45233968804159447,0.8195990403454573,HI-VAE_weibull
0.006269136812593313,0.9547817866708681,0.014690615793781937,0.9266538035330161,0.12554172934125024,4.0,0.464471403812825,0.8219684512860257,HI-VAE_weibull
0.005582461808002443,0.9576177721758312,0.025819621553718565,0.9318298676748583,0.10187692233288027,1.0,0.4852686308492201,0.821441997128299,HI-VAE_weibull
0.006316387155448044,0.9532062391681109,0.01897371568325964,0.905598983117137,0.10349386290499968,3.0,0.4731369150779896,0.8251950604955782,HI-VAE_weibull
0.005262483651089526,0.9573026626752796,0.012364595305878795,0.9209677335245422,0.11026643800931786,3.0,0.4662045060658579,0.8240509794519464,HI-VAE_weibull
0.005932064373870636,0.9532062391681109,0.013904843977193602,0.9161183755948112,0.13250787962849447,3.0,0.464471403812825,0.8156884086673056,HI-VAE_weibull
0.004941439109557419,0.9569875531747282,0.012424301511724132,0.9264836712078743,0.1032364514220192,1.0,0.464471403812825,0.8147327452536219,HI-VAE_weibull
0.004755453608079876,0.9593508744288641,0.010559665621775289,0.9083453490645981,0.10527438048101297,2.0,0.4436741767764298,0.8145286188879983,HI-VAE_weibull
0.00594731535103476,0.9584055459272096,0.014949916488657577,0.9244424744149665,0.08957600887234415,1.0,0.4800693240901213,0.8299941318969974,HI-VAE_weibull
0.006533185274394632,0.953678903418938,0.01894980408676523,0.9225236946744019,0.1341651639636129,2.0,0.4679376083188908,0.8305688426887416,HI-VAE_weibull
0.005676324624020687,0.952576020167008,0.026767520598841833,0.9212621080763966,0.10279626651656376,4.0,0.4540727902946274,0.8291681074149432,HI-VAE_weibull
0.006404132749937172,0.9527335749172837,0.02701590736191048,0.9201299784890165,0.12159684459886624,3.0,0.4436741767764298,0.8250251980614378,HI-VAE_weibull
0.005912030949534322,0.9505278084134237,0.01746417629150145,0.921381135519197,0.12422974537582546,2.0,0.4662045060658579,0.8208304862363945,HI-VAE_weibull
0.00512002042789145,0.9601386481802425,0.011174144066285488,0.9126080438041848,0.1282841181643227,6.0,0.44714038128249567,0.8172451771600366,HI-VAE_weibull
0.005887549993086564,0.9580904364266583,0.0133545719579611,0.917150120591878,0.1292745675591606,2.0,0.4540727902946274,0.8289517315992554,HI-VAE_weibull
0.005572112203082395,0.9555695604222468,0.013451224549439228,0.9248034678313017,0.10367340206576617,1.0,0.4800693240901213,0.8188004777784621,HI-VAE_weibull
0.006697801783525578,0.9557271151725225,0.03281258940708312,0.9210962779479825,0.11796104464021584,4.0,0.45233968804159447,0.8166871818251771,HI-VAE_weibull
0.006280448706671647,0.9535213486686626,0.010687414019567127,0.9223423505638486,0.12115129906289944,4.0,0.42287694974003465,0.8279586429896063,HI-VAE_weibull
0.005678912179920933,0.9584055459272097,0.01149057943541817,0.9238526823544749,0.10565415902987972,1.0,0.45233968804159447,0.8252846462975645,HI-VAE_weibull
0.0055282954060855765,0.9552544509216951,0.023587894418457763,0.9195285835343198,0.08397303921746911,1.0,0.44540727902946275,0.8245652171960388,HI-VAE_weibull
0.007053703675788759,0.9498975894123208,0.010983922699300049,0.9148966820937356,0.09890305992984881,1.0,0.45753899480069327,0.8135321004258229,HI-VAE_weibull
0.0060269924231460235,0.957145107925004,0.020073670975833378,0.9205723225343849,0.13718117159564877,3.0,0.4488734835355286,0.8281888174409966,HI-VAE_weibull
0.005488609398702929,0.9610839766818969,0.01050406803182763,0.9278069226256438,0.16321822251778031,1.0,0.462738301559792,0.8067474903986762,HI-VAE_weibull
0.006469336061058742,0.9557271151725225,0.020581329093746686,0.922436607783065,0.10827935059812141,1.0,0.4506065857885615,0.8315059159783755,HI-VAE_weibull
0.0062048604673541645,0.954781786670868,0.013733016736012306,0.9168962909849423,0.07650348585687142,1.0,0.4714038128249567,0.8269176530480663,HI-VAE_weibull
0.005949686684708383,0.9541515676697653,0.01128511586745212,0.9224452121765203,0.09322390332326315,1.0,0.42634315424610053,0.8312974506816829,HI-VAE_weibull
0.006000768852006033,0.9584055459272097,0.01774822512508178,0.9159788801251547,0.08880232919121422,2.0,0.4436741767764298,0.8154512894467444,HI-VAE_weibull
0.006605710702666572,0.9552544509216954,0.013158594514977485,0.9193721400169481,0.16178169670898407,3.0,0.48353552859618715,0.8197859114817825,HI-VAE_weibull
0.005541259394616611,0.9612415314321727,0.013134274540969798,0.9159631054038199,0.08993877548900327,2.0,0.4540727902946274,0.818168493757348,HI-VAE_weibull
0.006578405387095394,0.9547817866708681,0.009110353609909007,0.9129193664037547,0.08790945787309895,2.0,0.4783362218370884,0.8346749598540382,HI-VAE_weibull
0.005886642680606011,0.9522609106664567,0.014151049675419306,0.9212567629228865,0.11144427233954055,1.0,0.4558058925476603,0.815174930556659,HI-VAE_weibull
0.005751583368991512,0.9555695604222468,0.017372222405831663,0.923424939704061,0.09727598898685777,1.0,0.4662045060658579,0.8178503550865974,HI-VAE_weibull
0.005484304610390952,0.9558846699227982,0.02178076801527321,0.9319174760445865,0.10112963964362497,3.0,0.4558058925476603,0.8067902392594863,HI-VAE_weibull
0.005430714909388074,0.9582479911769339,0.015615858520308164,0.9191266540642722,0.10271183072786895,4.0,0.4540727902946274,0.8208853292304727,HI-VAE_weibull
0.005611605037931043,0.9579328816763826,0.008131398304095535,0.912879994785216,0.1293362811718834,2.0,0.4592720970537262,0.8245706544404864,HI-VAE_weibull
0.005901511990632506,0.9561997794233495,0.030066545963570793,0.9198900984290462,0.12270805077816904,3.0,0.464471403812825,0.8262042370615528,HI-VAE_weibull
0.006235003293267364,0.9492673704112179,0.015914577692002874,0.9096171044912327,0.12072011984388019,3.0,0.4540727902946274,0.8286832969849242,HI-VAE_weibull
0.004860746546098343,0.957617772175831,0.008729811995259268,0.9213772244312626,0.09351410349764591,3.0,0.49913344887348354,0.813981373602199,HI-VAE_weibull
0.005971890273508643,0.9552544509216954,0.017532684073490398,0.9129706016556938,0.11775039499220287,2.0,0.43674176776429807,0.8085770260779349,HI-VAE_weibull
0.005579862726992447,0.954781786670868,0.013107975355381496,0.9078722377941464,0.1276586192353308,2.0,0.42114384748700173,0.8159717690680985,HI-VAE_weibull
0.005466889195087788,0.9544666771703167,0.011689252598891184,0.9094782608695653,0.11216451526053538,2.0,0.4558058925476603,0.8204462908967958,HI-VAE_weibull
0.005723726861023912,0.9574602174255553,0.020141922816332054,0.9218618082263216,0.08090312091376506,2.0,0.45233968804159447,0.8194333732960586,HI-VAE_weibull
0.005327070565409684,0.9612415314321727,0.01766985858105905,0.9226863959324685,0.10219656675500886,2.0,0.462738301559792,0.8212097233072815,HI-VAE_weibull
0.004778037863559571,0.9612415314321727,0.017715865981916063,0.9327756991069684,0.08264347237426041,5.0,0.4696707105719237,0.8145955182323724,HI-VAE_weibull
0.005880253585127735,0.9547817866708681,0.015667005203958147,0.9136025030962779,0.08924114431073218,2.0,0.45753899480069327,0.8220205942972632,HI-VAE_weibull
0.005962663187602221,0.9560422246730739,0.012407608413289306,0.9120488885991787,0.11654302019263121,2.0,0.4679376083188908,0.8083126313555894,HI-VAE_weibull
0.006715229440141188,0.9535213486686623,0.016125217567576792,0.9143463920213806,0.08567197719966622,2.0,0.43500866551126516,0.8234112617316787,HI-VAE_weibull
0.006362093713695821,0.9530486844178352,0.010798549297283381,0.9189412684961867,0.12238304263966526,2.0,0.44540727902946275,0.8238838292003466,HI-VAE_weibull
0.006294214574340682,0.9514731369150781,0.015524372237698777,0.9111194837363925,0.11897293464070591,5.0,0.42634315424610053,0.8127112724749351,HI-VAE_weibull
0.006758863680934839,0.9514731369150781,0.017975575970700746,0.9156859396388762,0.11419821778428807,4.0,0.44714038128249567,0.8329056370158459,HI-VAE_weibull
0.004942218471713178,0.9585631006774854,0.013873886567067352,0.9322325793624927,0.10531337336460382,1.0,0.4540727902946274,0.8167898749862991,HI-VAE_weibull
0.006098921714195177,0.9538364581692139,0.011994345072221876,0.9167571866240793,0.10348582408539893,1.0,0.4436741767764298,0.8334911156117908,HI-VAE_weibull
0.004701444145720459,0.9642350716874113,0.012280304611404337,0.918004693305521,0.11692526281161206,3.0,0.4904679376083189,0.816103504309752,HI-VAE_piecewise
0.005087060978801037,0.9550968961714197,0.02049971477626741,0.9028600482367513,0.07304454515697424,4.0,0.462738301559792,0.8221326610530308,HI-VAE_piecewise
0.00507753051035021,0.9582479911769339,0.01213766653500061,0.9133585815787757,0.07747782492590467,1.0,0.4852686308492201,0.819096957449116,HI-VAE_piecewise
0.004047997021701105,0.9607688671813454,0.00717898911019994,0.9294507528844272,0.10149221284997666,3.0,0.4783362218370884,0.8098945403694094,HI-VAE_piecewise
0.004543275052649966,0.9595084291791398,0.01598409960216068,0.9308905547226386,0.1392528520372264,2.0,0.43847487001733104,0.8265919747761404,HI-VAE_piecewise
0.005243271706631791,0.9549393414211438,0.007179135253088252,0.9276472198683268,0.1754476778004981,4.0,0.464471403812825,0.8184098793305928,HI-VAE_piecewise
0.00610363094305792,0.9550968961714195,0.011080545570453305,0.931673163418291,0.11715618403262938,2.0,0.4592720970537262,0.8223689540176036,HI-VAE_piecewise
0.004454218830782163,0.9607688671813454,0.006129874748635949,0.9113232514177694,0.08706174745251605,6.0,0.43154246100519933,0.8255203744115888,HI-VAE_piecewise
0.005080274013430479,0.9573026626752796,0.007172705845924803,0.9234377159246465,0.10576990160245697,2.0,0.45233968804159447,0.8236856076711568,HI-VAE_piecewise
0.005796198219100768,0.9569875531747283,0.02791073664287621,0.9274765660647939,0.08604400924362449,1.0,0.48353552859618715,0.8246345303761967,HI-VAE_piecewise
0.004600287249236963,0.9617141956829998,0.022529267231014227,0.9204525128739979,0.11416038464627055,2.0,0.462738301559792,0.818242541364875,HI-VAE_piecewise
0.004993818631979651,0.9550968961714195,0.010304273680442698,0.9153637963626883,0.07684921395984406,2.0,0.44540727902946275,0.8255197232822762,HI-VAE_piecewise
0.004421577260299559,0.9584055459272097,0.010133356507225815,0.9189941985528975,0.11240578223188048,3.0,0.49566724436741766,0.8218157892712625,HI-VAE_piecewise
0.004532663133111742,0.9555695604222467,0.014263341236605687,0.9213091715012061,0.08724327017572071,1.0,0.4610051993067591,0.8274700617716675,HI-VAE_piecewise
0.004763543892199235,0.9598235386796912,0.010714773153017665,0.9226226451991396,0.11535541420053755,5.0,0.4662045060658579,0.8190832982157188,HI-VAE_piecewise
0.004375103223243588,0.9569875531747283,0.01574664928097548,0.9222609999348151,0.08035869638968864,1.0,0.44714038128249567,0.819738088604966,HI-VAE_piecewise
0.0038524438793871157,0.9629746336852055,0.014240916568887742,0.9289579558047063,0.09127612520765778,3.0,0.464471403812825,0.8126940059875235,HI-VAE_piecewise
0.005745043477538115,0.9560422246730739,0.01769343650624699,0.9167743954109902,0.10259541461743289,4.0,0.4731369150779896,0.8173837792136222,HI-VAE_piecewise
0.005097854808610926,0.957617772175831,0.014587031166243276,0.9272855746040023,0.10674906519042456,1.0,0.43847487001733104,0.8174709608954279,HI-VAE_piecewise
0.00406681944678108,0.9629746336852055,0.0047901025023869455,0.9243559090020208,0.15424031649961675,1.0,0.4696707105719237,0.813702135843529,HI-VAE_piecewise
0.004852476071461561,0.9558846699227982,0.019990014208301758,0.9329128479238642,0.0873813841201735,1.0,0.4731369150779896,0.8229703380078606,HI-VAE_piecewise
0.004737589412751196,0.958878210178037,0.014258730302946868,0.9272613258588098,0.09776620164755277,3.0,0.43500866551126516,0.8340013444752932,HI-VAE_piecewise
0.0047303985861851285,0.958878210178037,0.015522930761391208,0.9168706081741739,0.12099235030116387,3.0,0.4800693240901213,0.8247400659247976,HI-VAE_piecewise
0.00529171965307644,0.9547817866708681,0.017213239882379112,0.9371519457662473,0.0746978721932771,1.0,0.4714038128249567,0.8250300967738793,HI-VAE_piecewise
0.00476435252928284,0.9612415314321727,0.014667802639515505,0.9256993677074506,0.08402580510651746,3.0,0.42634315424610053,0.8226281193714812,HI-VAE_piecewise
0.004717307834766659,0.9626595241846541,0.011990800141794706,0.9297543836777263,0.11311085959663943,4.0,0.48873483535528595,0.8223799561018991,HI-VAE_piecewise
0.004847189327062151,0.9565148889239011,0.012449506364983725,0.9203402646502836,0.10449680809460057,2.0,0.44540727902946275,0.825591137495488,HI-VAE_piecewise
0.004085996047091772,0.9620293051835513,0.018809028465306035,0.9210012385111792,0.10763922007338186,3.0,0.4540727902946274,0.8149935325332154,HI-VAE_piecewise
0.004879552272622905,0.9577753269261069,0.011540446363888984,0.9163839384655498,0.10391740224372349,1.0,0.48873483535528595,0.8371455796067606,HI-VAE_piecewise
0.004612728005144358,0.962186859933827,0.014178512979554596,0.923154944266997,0.15369089778979847,2.0,0.4800693240901213,0.8265704975470687,HI-VAE_piecewise
0.005543507137979834,0.9538364581692137,0.03215663031721813,0.9232576755100709,0.09188330881509593,3.0,0.4679376083188908,0.8130863483097889,HI-VAE_piecewise
0.004574550172100948,0.9587206554277611,0.011499847984258115,0.9196457858027509,0.1631532779623009,2.0,0.4852686308492201,0.8139079466791573,HI-VAE_piecewise
0.004964927389729,0.9577753269261069,0.009618524880324912,0.9214519262108076,0.12303576037773928,4.0,0.4610051993067591,0.8025896307502776,HI-VAE_piecewise
0.004773983075038114,0.9577753269261069,0.01917780462483294,0.9168198944006258,0.10055446222764683,3.0,0.48353552859618715,0.8290110090053767,HI-VAE_piecewise
0.00519255986873421,0.960453757680794,0.02743533962394276,0.9274836060230754,0.09236134598196381,2.0,0.4662045060658579,0.8148616232068318,HI-VAE_piecewise
0.0047885789599588545,0.9606113124310699,0.013031044125798188,0.9208333224692001,0.10102321020705848,4.0,0.4696707105719237,0.8171603911321901,HI-VAE_piecewise
0.004447514750997364,0.9647077359382386,0.006963964440625285,0.9347947330682486,0.1117580812396871,3.0,0.48700173310225303,0.8079167407540058,HI-VAE_piecewise
0.005511036711188313,0.9550968961714195,0.008525263262122728,0.9200169480477154,0.09000888367021401,4.0,0.4800693240901213,0.8229083570563168,HI-VAE_piecewise
0.005689887748220237,0.9585631006774854,0.011681941516916131,0.9173471090541685,0.10275462150560105,1.0,0.45233968804159447,0.8202745286704964,HI-VAE_piecewise
0.004339257797971056,0.965653064439893,0.00876747057919258,0.9309226256436999,0.1259887228201746,2.0,0.48353552859618715,0.8176777840019788,HI-VAE_piecewise
0.004460545412430342,0.9669135024420986,0.007625111394738388,0.9347266801381918,0.07912823260342554,4.0,0.4662045060658579,0.8271222584821828,HI-VAE_piecewise
0.005172423559485995,0.9639199621868599,0.009647175682272866,0.9185372531125742,0.08988076242797575,3.0,0.4592720970537262,0.8184221145733007,HI-VAE_piecewise
0.005132229898421129,0.9584055459272097,0.02375707947413888,0.9199133042174564,0.08769602625686305,1.0,0.4731369150779896,0.8133276847062859,HI-VAE_piecewise
0.005304105022053981,0.9615566409327241,0.012005250665969455,0.9194791734567499,0.09328686163934533,2.0,0.4731369150779896,0.8248551301816028,HI-VAE_piecewise
0.004193467175880239,0.9639199621868599,0.004223447957324107,0.9381604849749039,0.16670959143817327,3.0,0.4592720970537262,0.8277561823389326,HI-VAE_piecewise
0.004271768817264141,0.9568299984244526,0.019627248815183202,0.9167135128088131,0.1307491817039715,3.0,0.4558058925476603,0.8259480341997171,HI-VAE_piecewise
0.004838859553828784,0.9566724436741768,0.008423138578555742,0.9120225539404212,0.09288295718087693,1.0,0.4679376083188908,0.8177771685739106,HI-VAE_piecewise
0.004188005368860236,0.9620293051835513,0.012792583753707685,0.9109056775959846,0.0855365513223443,1.0,0.48700173310225303,0.8144498629762696,HI-VAE_piecewise
0.005892497957266252,0.9544666771703166,0.0109078356515093,0.9238597223127567,0.10754970672439673,1.0,0.45753899480069327,0.8187131747265219,HI-VAE_piecewise
0.004036059360301611,0.9626595241846542,0.02939598061330552,0.9295193272928752,0.10585877218621506,1.0,0.4800693240901213,0.822158485458636,HI-VAE_piecewise
0.004602020911745944,0.959350874428864,0.012484391364322205,0.9323085848380158,0.11186047160762816,1.0,0.4540727902946274,0.8239695271156209,HI-VAE_piecewise
0.0053369124998189025,0.958878210178037,0.019160991341962304,0.9114056450035852,0.11245049971968682,1.0,0.464471403812825,0.8170548239483488,HI-VAE_piecewise
0.004929923484423038,0.9579328816763826,0.01656929869034873,0.9437812398148753,0.08696288420637611,1.0,0.4610051993067591,0.8297264669359086,HI-VAE_piecewise
0.004083408193695084,0.958247991176934,0.015077673330991187,0.9263594289811616,0.09794912095606235,3.0,0.44714038128249567,0.8274161024380099,HI-VAE_piecewise
0.005324780755194469,0.9547817866708681,0.01485658296166841,0.9222417052343393,0.10430992139741155,1.0,0.44714038128249567,0.8189785628251823,HI-VAE_piecewise
0.005355530571374356,0.9510004726642509,0.015584176424781791,0.9218404276122808,0.12208301819728969,3.0,0.43327556325823224,0.8189803839775218,HI-VAE_piecewise
0.0046004498703361785,0.9610839766818969,0.012574688407303162,0.9223836777263543,0.09504447679643672,1.0,0.44540727902946275,0.8114679878279625,HI-VAE_piecewise
0.004894994877488554,0.960453757680794,0.013186892035041916,0.9235919431588553,0.107961982989201,3.0,0.4540727902946274,0.813874827662206,HI-VAE_piecewise
0.005551223483127394,0.9539940129194894,0.016611521220664432,0.9077820220324622,0.07647476905207161,3.0,0.4679376083188908,0.8151396104278006,HI-VAE_piecewise
0.00407362146101938,0.962186859933827,0.006592602222763522,0.9312480281598331,0.14638073212313282,3.0,0.49740034662045063,0.8163478307551336,HI-VAE_piecewise
0.0047874203742882876,0.9587206554277611,0.011582954302177923,0.9296863307476697,0.11882388155341027,2.0,0.464471403812825,0.8141677093103225,HI-VAE_piecewise
0.005487678051448866,0.958247991176934,0.012888473371805775,0.9348996805944854,0.13892679827131563,4.0,0.44714038128249567,0.8257832284236268,HI-VAE_piecewise
0.004626958154187214,0.9639199621868599,0.01656887825561121,0.9207961671338243,0.09609858433437708,1.0,0.4748700173310225,0.8212252860644697,HI-VAE_piecewise
0.0051305392861058004,0.9625019694343785,0.01565531731142418,0.9302900723551268,0.08097238062527294,2.0,0.47660311958405543,0.8092952624851968,HI-VAE_piecewise
0.0042346481900194235,0.9631321884354814,0.02184390603322305,0.9098045759728832,0.11443516858819876,4.0,0.464471403812825,0.8120880991592705,HI-VAE_piecewise
0.004939349249934389,0.961714195683,0.013608244355644913,0.9171038393846555,0.10724891839477786,2.0,0.45753899480069327,0.8286010013120956,HI-VAE_piecewise
0.00432838336753429,0.9615566409327241,0.005877014272697211,0.9234116420050842,0.15492706777469903,1.0,0.4714038128249567,0.8138702533340896,HI-VAE_piecewise
0.005248234433765895,0.954939341421144,0.031068874040098247,0.9092407274623557,0.09803019410168047,2.0,0.4540727902946274,0.8192713407992727,HI-VAE_piecewise
0.006270799993178455,0.953206239168111,0.014845611352073785,0.9307377615540056,0.09002962717997966,5.0,0.42807625649913345,0.8216334369399286,HI-VAE_piecewise
0.005073866699753666,0.9590357649283128,0.01758945457709065,0.9301993351150513,0.10711750320335983,2.0,0.4662045060658579,0.838029149309845,HI-VAE_piecewise
0.005844800407501019,0.9555695604222468,0.023008626791564957,0.9211349977185319,0.10161347747820063,1.0,0.4592720970537262,0.8353032574423008,HI-VAE_piecewise
0.004259793728364169,0.9634472979360329,0.016551494664482087,0.9228368424483412,0.08323081645625299,3.0,0.48180242634315423,0.8266389857342019,HI-VAE_piecewise
0.004637316081879331,0.9629746336852055,0.008858306607637239,0.9131649827260283,0.0704499332215315,2.0,0.4662045060658579,0.8108667702733061,HI-VAE_piecewise
0.005283151866803873,0.9613990861824484,0.015237948560019912,0.9256783782022033,0.08038443019641411,1.0,0.4852686308492201,0.8093041870784998,HI-VAE_piecewise
0.005507326038381332,0.9565148889239009,0.0093643920738925,0.9287715272798384,0.08366224329785152,1.0,0.43847487001733104,0.8147415464741998,HI-VAE_piecewise
0.005436190624430865,0.9557271151725225,0.011162554867870657,0.9239043087152077,0.09744463540625359,3.0,0.4731369150779896,0.8171287261769331,HI-VAE_piecewise
0.005039965993894411,0.9569875531747282,0.018333313640239997,0.9224551202659541,0.12308412219451048,4.0,0.4783362218370884,0.8176078366538366,HI-VAE_piecewise
0.003934397595061128,0.9642350716874115,0.01243005269496741,0.9275863372661494,0.10035819741974787,1.0,0.4800693240901213,0.8199921916728087,HI-VAE_piecewise
0.003792497359303268,0.964392626437687,0.011096701357232275,0.924660061273711,0.11487897545281009,4.0,0.4904679376083189,0.8300032411445882,HI-VAE_piecewise
0.004319884145902627,0.9640775169371356,0.020454109124631165,0.9401121178541164,0.08223376583182072,3.0,0.48873483535528595,0.8226158966838156,HI-VAE_piecewise
0.004824852772227905,0.9599810934299668,0.01643471722784654,0.9154978163092367,0.1171897733188297,2.0,0.44020797227036396,0.8168290423455276,HI-VAE_piecewise
0.005925150323238885,0.9550968961714197,0.012628102996745811,0.9303049344892772,0.09965937609453152,1.0,0.4904679376083189,0.8137991193550523,HI-VAE_piecewise
0.0050491530683648665,0.9560422246730739,0.011391720293216407,0.9238037937552963,0.09445110850981919,1.0,0.45753899480069327,0.8216672291356243,HI-VAE_piecewise
0.00450948621929302,0.9612415314321726,0.012725402406640055,0.9207759598461639,0.1061568646649686,4.0,0.464471403812825,0.8306985622743626,HI-VAE_piecewise
0.005396950092323148,0.9613990861824484,0.007479003863600264,0.9116417443452187,0.09245534302357096,2.0,0.462738301559792,0.82633669820887,HI-VAE_piecewise
0.0046754397051852895,0.9577753269261069,0.01883024552468027,0.911262629554788,0.10286035223630975,2.0,0.4558058925476603,0.8189502750993269,HI-VAE_piecewise
0.004461197912466937,0.9651804001890657,0.006643339389473055,0.9194232448992896,0.08539013704834557,3.0,0.5008665511265165,0.8192040134922247,HI-VAE_piecewise
0.004358295523106465,0.9595084291791397,0.011301264087938273,0.9182243660778306,0.08353211893394144,3.0,0.47660311958405543,0.8221401973460054,HI-VAE_piecewise
0.004490621881608716,0.9623444146841027,0.020178154826725695,0.9285810572974382,0.11097836284678014,3.0,0.45753899480069327,0.8208131417939635,HI-VAE_piecewise
0.005630483929492194,0.9565148889239011,0.016813904465729283,0.9066307281142038,0.11069668686435513,6.0,0.4800693240901213,0.8237578630095119,HI-VAE_piecewise
0.0051658362350086315,0.957617772175831,0.008279903221734879,0.9278717163157552,0.1555449120276085,2.0,0.4852686308492201,0.8330740130828489,HI-VAE_piecewise
0.004545751034615965,0.961083976681897,0.013901029889821514,0.9246638419920474,0.10569329011720617,1.0,0.4610051993067591,0.8030122463799835,HI-VAE_piecewise
0.006034254796023168,0.9524184654167324,0.009744915499751039,0.933826738804511,0.11033124047464783,1.0,0.4506065857885615,0.8253955066702287,HI-VAE_piecewise
0.005379115915200547,0.9565148889239011,0.015894564461144654,0.9213030441301088,0.07876878862068191,2.0,0.4592720970537262,0.820594678817585,HI-VAE_piecewise
0.005806509702293698,0.9560422246730739,0.01075374145450527,0.9179949155856854,0.10367764870213203,2.0,0.48353552859618715,0.8100128775766001,HI-VAE_piecewise
0.00552617872648977,0.9552544509216951,0.009026900313174192,0.9212915716055015,0.07710829660874778,5.0,0.4783362218370884,0.8233906168264633,HI-VAE_piecewise
0.004506264571764965,0.9643926264376872,0.013244881577781859,0.9158056189296657,0.09286100502634782,1.0,0.4783362218370884,0.8299901966833652,HI-VAE_piecewise
0.004054318751352565,0.9628170789349298,0.005931301459965806,0.9173785281272409,0.1121104411075008,4.0,0.4714038128249567,0.8238090552754482,HI-VAE_piecewise
0.00546227885290842,0.9535213486686623,0.014024553599828958,0.9226302066358125,0.10320493547520718,2.0,0.4714038128249567,0.818305418416424,HI-VAE_piecewise
0.0035212093771654876,0.9677012761934772,0.012460313032772065,0.9298298676748582,0.11349977751202044,2.0,0.4679376083188908,0.8099507716056243,HI-VAE_piecewise
0.0044432768193031266,0.9601386481802425,0.008661621595146456,0.9295199791408644,0.09696572050390957,1.0,0.4714038128249567,0.8228805432828226,HI-VAE_piecewise
0.006521973574017811,0.9484795966598394,0.024247340205772773,0.9182617821524021,0.11142990859354264,2.0,0.48180242634315423,0.8282746000886799,HI-VAE_piecewise
0.0044050823357404635,0.9601386481802425,0.0202131554956462,0.9206981291962715,0.09347945050008165,1.0,0.47660311958405543,0.824694541344161,HI-VAE_piecewise
0.004858442756374224,0.9632897431857571,0.023693844330831777,0.9208179388566586,0.17307562286855066,4.0,0.5164644714038128,0.8204812043577778,HI-VAE_piecewise
0.005429088930518377,0.9569875531747283,0.00711283356346112,0.9105491167459748,0.10284178509985022,2.0,0.45233968804159447,0.8102371549342617,HI-VAE_piecewise
0.00460031988590452,0.9637624074365841,0.0070095154773168866,0.9208593963887621,0.10956803390600005,1.0,0.44540727902946275,0.8302362125430882,HI-VAE_piecewise
0.0045488392493483,0.9658106191901686,0.016584258730977474,0.923707972100906,0.1485141213513812,5.0,0.4558058925476603,0.82158745385141,HI-VAE_piecewise
0.004401092722621374,0.9601386481802425,0.014449409799609734,0.9306832670621212,0.09099562033947438,2.0,0.4696707105719237,0.824514616260388,HI-VAE_piecewise
0.00498490841329786,0.9607688671813456,0.011393820467308842,0.9306510657714622,0.08865919178962042,2.0,0.45753899480069327,0.8136925801116619,HI-VAE_piecewise
0.00567529966561105,0.9587206554277611,0.01942126344296312,0.9096689915911609,0.11828068138837476,2.0,0.4662045060658579,0.8129047655455308,HI-VAE_piecewise
0.004024195497552999,0.9609264219316214,0.013957450913897627,0.9197659865719313,0.1021587037905286,2.0,0.4506065857885615,0.8195159835581591,HI-VAE_piecewise
0.004939372515201544,0.9607688671813456,0.019801549243898087,0.9163048041196792,0.07976782743472435,1.0,0.4610051993067591,0.826332744799304,HI-VAE_piecewise
0.004683782177205494,0.9596659839294155,0.015133383885338306,0.920995893357669,0.08625622923363338,1.0,0.462738301559792,0.824601613034557,HI-VAE_piecewise
0.00515527659028888,0.9590357649283127,0.013450551612356488,0.9092787953849163,0.08062154785906858,2.0,0.42980935875216636,0.8297360664674203,HI-VAE_piecewise
0.00447314898377062,0.9590357649283127,0.016531773703576905,0.9249011146600614,0.14467362515113644,4.0,0.4592720970537262,0.8078948149831328,HI-VAE_piecewise
0.005816916675828628,0.9561997794233498,0.020374728805493663,0.9213443712926146,0.07832292523062863,3.0,0.44020797227036396,0.812651524455794,HI-VAE_piecewise
0.005603424124857346,0.9550968961714197,0.02328607551422199,0.9364204419529367,0.09549836193956551,1.0,0.4610051993067591,0.8135363973316174,HI-VAE_piecewise
0.00455229836186433,0.9617141956829997,0.011640718483711466,0.9275340590574277,0.09689010318122762,3.0,0.4662045060658579,0.8168106693668615,HI-VAE_piecewise
0.005064428422337013,0.9585631006774856,0.015050596714981634,0.9237178801903397,0.12731546813294872,2.0,0.4731369150779896,0.8116124114648773,HI-VAE_piecewise
0.005300265918911408,0.9588782101780368,0.013455824532985631,0.9195524411707192,0.08942997097535005,5.0,0.49566724436741766,0.8129638450914641,HI-VAE_piecewise
0.005279513786182079,0.9623444146841028,0.0128880614220329,0.9348524868000782,0.08458858108706893,2.0,0.4558058925476603,0.8209072836354508,HI-VAE_piecewise
0.004116826922438956,0.9606113124310699,0.009828502544973337,0.9357466918714555,0.07874348271226331,4.0,0.4748700173310225,0.8196920858981209,HI-VAE_piecewise
0.004942561204658138,0.9595084291791397,0.016343313655341345,0.932199465484649,0.0859902639165921,2.0,0.49566724436741766,0.8161378725805506,HI-VAE_piecewise
0.004781165962794074,0.9585631006774854,0.010316040238236974,0.9190090606870479,0.07755779574267686,1.0,0.47660311958405543,0.8044309320096403,HI-VAE_piecewise
0.00494592332303374,0.958878210178037,0.005248848763153646,0.9168253699237339,0.10245117980115553,3.0,0.49566724436741766,0.8167697748896553,HI-VAE_piecewise
0.005075470216870542,0.957617772175831,0.009146362337346173,0.9179999999999999,0.12709729069748307,1.0,0.4488734835355286,0.820619684869408,HI-VAE_piecewise
0.005042909412768945,0.9629746336852057,0.02269112277979806,0.9266466332051365,0.07827950465186828,1.0,0.4714038128249567,0.8202653304877272,HI-VAE_piecewise
0.004853866539890997,0.9629746336852055,0.013196104015110673,0.9152999152597614,0.09013736813194488,2.0,0.4714038128249567,0.8179970876712898,HI-VAE_piecewise
0.005566104139583777,0.9577753269261069,0.008864875514811745,0.9254364122286682,0.16840105840444292,2.0,0.4610051993067591,0.825131902855055,HI-VAE_piecewise
0.004647567092674451,0.9601386481802426,0.01638352810892427,0.930775177628577,0.091641470630934,1.0,0.49220103986135183,0.8259020737287378,HI-VAE_piecewise
0.004912556756000754,0.9573026626752796,0.01511262783547378,0.9210964083175803,0.07905425140955752,3.0,0.47660311958405543,0.8170977015620352,HI-VAE_piecewise
0.004649652472996784,0.9598235386796912,0.012558106660486382,0.9351477739391175,0.09036282574303965,1.0,0.4714038128249567,0.8120229616919009,HI-VAE_piecewise
0.00472790128701394,0.958878210178037,0.017219034525867476,0.9246192555895965,0.12843180647016525,3.0,0.464471403812825,0.8067253475444465,HI-VAE_piecewise
0.0038695095487932332,0.9643926264376872,0.008018888426089985,0.9229264063620363,0.09427199431934549,1.0,0.4731369150779896,0.8070560279344683,HI-VAE_piecewise
0.005488563906054402,0.9596659839294155,0.01626134327627269,0.9226298155270192,0.1108672903115893,3.0,0.4506065857885615,0.8200940106575112,HI-VAE_piecewise
0.005264209171502968,0.9555695604222467,0.009611508288136323,0.9083638615474872,0.10828411495568302,3.0,0.4558058925476603,0.8220427300835269,HI-VAE_piecewise
0.004942811098660967,0.9591933196785883,0.008789117550401517,0.92528987680073,0.12064090924398434,3.0,0.4592720970537262,0.8232031643048137,HI-VAE_piecewise
0.00542055305846475,0.955412005671971,0.02327641224759558,0.9257001499250375,0.08144401450652496,4.0,0.4852686308492201,0.8211791223360482,HI-VAE_piecewise
0.004719718263470562,0.9590357649283124,0.017558263427996882,0.9179894400625775,0.13458676085730129,6.0,0.4748700173310225,0.8130998150207498,HI-VAE_piecewise
0.004343688057370607,0.9599810934299668,0.012137706129501217,0.9200765269539144,0.09272405192455152,2.0,0.4731369150779896,0.8234043986569182,HI-VAE_piecewise
0.004617430682974783,0.9579328816763826,0.012057022046891294,0.92240297242683,0.12206894605900072,2.0,0.4558058925476603,0.8074826997768187,HI-VAE_piecewise
0.005344844109902249,0.9587206554277611,0.021443900412733318,0.9178078352128283,0.09644305199644158,2.0,0.4731369150779896,0.8164636258066524,HI-VAE_piecewise
0.004491250283752876,0.9628170789349298,0.029856563125082752,0.9340883905873151,0.11384884002179338,3.0,0.47660311958405543,0.8345141072093643,HI-VAE_piecewise
0.004279744760971615,0.9636048526863085,0.02038576554464751,0.9334845186102602,0.15025855457186396,2.0,0.4800693240901213,0.810120233113825,HI-VAE_piecewise
0.004378884000343036,0.9634472979360328,0.01579422605487897,0.9265884883645134,0.10003625570540325,2.0,0.4748700173310225,0.8126231895945437,HI-VAE_piecewise
0.004629593137342321,0.9598235386796912,0.008276148122827587,0.9283896747278536,0.09798883432707586,1.0,0.44714038128249567,0.8172724770224264,HI-VAE_piecewise
0.006141763303728212,0.9550968961714195,0.017030758680874024,0.9253082589140211,0.08855030462907568,4.0,0.4714038128249567,0.8243733930056504,HI-VAE_piecewise
0.005034041064051851,0.9587206554277613,0.02323481532413335,0.9246510657714622,0.13363685122521032,3.0,0.4696707105719237,0.8158757350903435,HI-VAE_piecewise
0.005301447643965746,0.9539940129194894,0.01743570049090924,0.9150151880581447,0.08439660286502434,2.0,0.4696707105719237,0.8141338847144423,HI-VAE_piecewise
0.0042306049734754,0.9640775169371356,0.008529111992990106,0.9314606609738609,0.11863989772923357,1.0,0.4540727902946274,0.8218851802977443,HI-VAE_piecewise
0.0056315974905092,0.9577753269261069,0.009474615741457778,0.9187021706538034,0.09778428024741748,1.0,0.4610051993067591,0.8263151882576827,HI-VAE_piecewise
0.004727415564407054,0.9607688671813456,0.014847722288960448,0.9176886774004303,0.14375486111843278,3.0,0.4714038128249567,0.8138796655461743,HI-VAE_piecewise
0.0054664054493429185,0.9587206554277613,0.014085616284815895,0.9161250244442994,0.08216591798774373,1.0,0.47660311958405543,0.8288904571721941,HI-VAE_piecewise
0.005052040237697977,0.9569875531747282,0.013283758369550886,0.9082085913564957,0.09839924807432472,5.0,0.4696707105719237,0.8089929355978034,HI-VAE_piecewise
0.005193106670945831,0.9550968961714195,0.012048309027142752,0.92255237598592,0.11365240388413671,3.0,0.4558058925476603,0.8247195888968678,HI-VAE_piecewise
0.004616355209576684,0.9613990861824484,0.012280632071777414,0.9276167133824392,0.08665593486021662,3.0,0.4679376083188908,0.8121850250556801,HI-VAE_piecewise
0.0041250499372855985,0.9636048526863086,0.008760644906104117,0.9275676944136627,0.07805406908338032,3.0,0.47660311958405543,0.8171923975733925,HI-VAE_piecewise
0.004503933076445405,0.9634472979360328,0.008058408215076416,0.9205848380157746,0.09671327407045117,2.0,0.43154246100519933,0.8151158022016345,HI-VAE_piecewise
0.004549374695196704,0.9591933196785883,0.012369119083771571,0.913965712795776,0.11671689111291683,3.0,0.4488734835355286,0.8272039179161826,HI-VAE_piecewise
0.003691943205143876,0.9631321884354812,0.009529124468738482,0.9198831888403625,0.12063581622257112,9.0,0.462738301559792,0.829727307207719,HI-VAE_piecewise
0.005965809302142413,0.9588782101780368,0.020242226192496063,0.9273039567172935,0.07728717923369477,3.0,0.4610051993067591,0.821046451218372,HI-VAE_piecewise
0.005770245604664949,0.9560422246730738,0.00630164793034677,0.9234871260022164,0.09590348798153567,1.0,0.4714038128249567,0.8126608157543959,HI-VAE_piecewise
0.004616106388416071,0.9613990861824484,0.012779690690006378,0.9335989831171372,0.09048749863794378,3.0,0.4714038128249567,0.8188038606991387,HI-VAE_piecewise
0.005196612700594599,0.9595084291791397,0.011242822339435087,0.9319371618538556,0.17731894844624785,4.0,0.5008665511265165,0.8323248308515037,HI-VAE_piecewise
0.004660365362226829,0.9598235386796912,0.022638292575043836,0.9214544032331661,0.12020075521318829,2.0,0.48180242634315423,0.8124252819329971,HI-VAE_piecewise
0.004962303273801533,0.9596659839294155,0.020665491527962248,0.9123341372791864,0.080397457176815,1.0,0.44020797227036396,0.8144225664752502,HI-VAE_piecewise
0.004477900660661927,0.9625019694343784,0.018823128457866274,0.9230327879538491,0.16128116730389067,2.0,0.44540727902946275,0.8266722374803065,HI-VAE_piecewise
0.005221819038912614,0.958878210178037,0.006582166259041762,0.9161132911804966,0.10405921882484233,3.0,0.45753899480069327,0.8240090951122473,HI-VAE_piecewise
0.005469382251889093,0.9585631006774854,0.017013853045996296,0.9271913173847859,0.1075308185706394,3.0,0.49566724436741766,0.8187691319122457,HI-VAE_piecewise
0.005422802590858145,0.9601386481802426,0.009217985869421122,0.935607326771397,0.09542347616033629,2.0,0.4679376083188908,0.8235825621443046,HI-VAE_piecewise
0.004992685429810247,0.961083976681897,0.014073630079034215,0.9198565934424092,0.0894997323936903,2.0,0.4714038128249567,0.8298417748196447,HI-VAE_piecewise
0.004516834420660324,0.9591933196785885,0.004901092210633313,0.9082321882536993,0.08780203594870002,2.0,0.4506065857885615,0.8160088899760751,HI-VAE_piecewise
0.004167825461086619,0.9636048526863086,0.010004786003826583,0.9422394889511766,0.11982954128523815,2.0,0.4679376083188908,0.8136628566002645,HI-VAE_piecewise
0.003683472554970636,0.9640775169371358,0.007043612989355438,0.9259856593442409,0.08527829251506967,11.0,0.4540727902946274,0.8308599577413049,HI-VAE_piecewise
0.004201929390532931,0.9629746336852055,0.009619884208207974,0.9302972426830063,0.1157512712445394,2.0,0.49393414211438474,0.8204328929326479,HI-VAE_piecewise
0.005304645132160868,0.9588782101780368,0.014577160116734688,0.9138456423961931,0.09345794335253224,1.0,0.4679376083188908,0.8112460648339784,HI-VAE_piecewise
0.005376831322474334,0.9579328816763826,0.00822324015182194,0.9252677139691023,0.13773259696231793,2.0,0.47660311958405543,0.8339732666580485,HI-VAE_piecewise
0.00553754047826819,0.9561997794233495,0.021510033212032105,0.9331279577602503,0.08194709091699884,3.0,0.4488734835355286,0.8221289193855111,HI-VAE_piecewise
0.005170454302089383,0.9510004726642507,0.011409746995994799,0.9236966299458966,0.08911393602878401,2.0,0.4679376083188908,0.8165783487618975,HI-VAE_piecewise
0.005305151106998471,0.9576177721758312,0.017557447981723383,0.9251286096082394,0.0848842099208988,1.0,0.4696707105719237,0.827339938208223,HI-VAE_piecewise
0.004915563746379675,0.958247991176934,0.010307202139048892,0.904383156247963,0.09615052395284991,3.0,0.4748700173310225,0.8320695910869518,HI-VAE_piecewise
0.005300137008611537,0.9609264219316213,0.011742573229192569,0.9246848314972949,0.10489701877372312,2.0,0.48700173310225303,0.8144716833804003,HI-VAE_piecewise
0.004310569006292234,0.9647077359382387,0.007589692938614039,0.93506785737566,0.10426017879511384,1.0,0.49740034662045063,0.815467229320278,HI-VAE_piecewise
0.004384925757618238,0.9587206554277613,0.013587151206018912,0.9155053777459099,0.08385778479974668,4.0,0.464471403812825,0.824592413073085,HI-VAE_piecewise
0.0047626894481948455,0.954309122420041,0.008405827482879227,0.9086217326119549,0.07266917421612308,1.0,0.48700173310225303,0.8199929623130999,HI-VAE_piecewise
0.0045115620968487905,0.9609264219316213,0.006816745002281428,0.9254272863568216,0.10283931794508364,1.0,0.4783362218370884,0.8237034949953745,HI-VAE_piecewise
0.004579864662887279,0.9606113124310699,0.009135968461870881,0.9274391499902223,0.08674180733468889,2.0,0.48700173310225303,0.8171135524090514,HI-VAE_piecewise
0.00505568589229172,0.9596659839294155,0.01586418290610375,0.93928035982009,0.08872251835680649,2.0,0.49220103986135183,0.8327577222599942,HI-VAE_piecewise
0.004480505470129237,0.9629746336852057,0.010892141170790091,0.9254055146339875,0.1447115689663638,4.0,0.4748700173310225,0.8163204421907428,HI-VAE_piecewise
0.005352552862428605,0.9579328816763826,0.011984035982078235,0.9275173717489082,0.09108538504339635,2.0,0.4506065857885615,0.81621567816865,HI-VAE_piecewise
0.004788079215691233,0.9555695604222467,0.02291836253734419,0.9174670490841536,0.07982673571318129,2.0,0.4558058925476603,0.827210668654176,HI-VAE_piecewise
0.0054198920542294195,0.9563573341736255,0.010636617068643155,0.9176253177758946,0.08063027355022578,3.0,0.4783362218370884,0.8059127835997222,HI-VAE_piecewise
0.00555155964291171,0.9574602174255555,0.027345568978549492,0.9270810247050388,0.0814060598463894,2.0,0.45233968804159447,0.8368761165587563,HI-VAE_piecewise
0.0061902647556955044,0.9576177721758312,0.016215913841802168,0.9289730786780522,0.07517891615813131,1.0,0.4662045060658579,0.8108366050425077,HI-VAE_piecewise
0.004543926851168519,0.9658106191901686,0.006891977179759034,0.9112473763118443,0.11688263214631656,2.0,0.464471403812825,0.8226054189720273,HI-VAE_piecewise
0.004235582785175767,0.9561997794233495,0.011453526566761187,0.9281235903787236,0.08206785565889121,2.0,0.4610051993067591,0.8139233110214794,HI-VAE_piecewise
0.004845328710420577,0.9590357649283128,0.015617018907463582,0.922675184147057,0.12102085956577929,1.0,0.43847487001733104,0.8170376066433251,HI-VAE_piecewise
0.004879328540144925,0.962186859933827,0.011291309213056891,0.9146656671664168,0.08040006868262725,2.0,0.4558058925476603,0.8213626761230597,HI-VAE_piecewise
0.004490137714977053,0.9612415314321727,0.015557977917790079,0.9193347239423767,0.0966509543116657,1.0,0.43674176776429807,0.8247752127544193,HI-VAE_piecewise
0.004513408640691505,0.9617141956829998,0.014216622370921275,0.9287515807313733,0.08701232240689932,5.0,0.4506065857885615,0.8237280059570737,HI-VAE_piecewise
0.049420220515107506,0.6609421774066488,0.019719204481677396,0.9982138061404081,0.20214823130065698,1.0,0.053726169844020795,0.6918615269525432,Surv-GAN
0.04930613565956335,0.6610997321569246,0.027667653949723682,0.9967359363796362,0.18356577788745268,1.0,0.058925476603119586,0.6990681655251121,Surv-GAN
0.048438688905109537,0.6645659366629905,0.016254259295200083,0.9967552310801121,0.23400515287645549,1.0,0.045060658578856154,0.7090820953814151,Surv-GAN
0.04904986913005045,0.661414841657476,0.02157364412778389,0.9983058470764619,0.18647359388200108,1.0,0.036395147313691506,0.7011528605275175,Surv-GAN
0.04945319794667846,0.6582637466519615,0.02323501257494056,0.9971927514503619,0.2279321039883538,1.0,0.03986135181975736,0.6946624182552685,Surv-GAN
0.04873741747975098,0.6648810461635418,0.019676927207809468,0.9975104621602242,0.22347690839742587,1.0,0.053726169844020795,0.7079671784778166,Surv-GAN
0.049582226022870886,0.6579486371514102,0.0258527204067008,0.9986356821589206,0.20331671689281453,2.0,0.043327556325823226,0.6949348198364759,Surv-GAN
0.05020344020503325,0.6565306443989287,0.01259958715168445,0.9971488168958998,0.22415064625150968,3.0,0.045060658578856154,0.6788155596710957,Surv-GAN
0.04987237915260648,0.6559004253978258,0.02633956848140089,0.9967309823349195,0.1820226861414205,1.0,0.05719237435008666,0.6970153128565848,Surv-GAN
0.049203204477582044,0.6620450606585788,0.019397746237629927,0.9947826086956522,0.18808121573576406,1.0,0.04679376083188908,0.6885112698397047,Surv-GAN
0.048922902166389164,0.6645659366629905,0.019237282839148096,0.9975532233883058,0.20597808258216344,1.0,0.05719237435008666,0.7072566369870151,Surv-GAN
0.048849780509376335,0.6647234914132661,0.030658510191342577,0.995853334202464,0.19165631288481028,1.0,0.07625649913344887,0.7022812788914118,Surv-GAN
0.04935674995211417,0.6637781629116118,0.021425775343268397,0.9976101949025488,0.19187166312149717,1.0,0.06759098786828423,0.6992315374551161,Surv-GAN
0.04791344629889984,0.6680321411690563,0.021619548445971654,0.9972100906068704,0.18923626911593877,1.0,0.06239168110918544,0.7149773312034641,Surv-GAN
0.049898856376679054,0.6603119584055459,0.024428251440142795,0.9966557590769833,0.1732880364266253,1.0,0.053726169844020795,0.703770065564499,Surv-GAN
0.049616042267672265,0.6626752796596818,0.021851917423975003,0.9981250244442996,0.22249969217239057,1.0,0.05025996533795494,0.700156437071411,Surv-GAN
0.04926989573475087,0.661414841657476,0.028393822215516822,0.9978521608760837,0.20906338983817474,1.0,0.05545927209705372,0.7116108259573343,Surv-GAN
0.049145927853283984,0.6588939656530644,0.03303567786262256,0.9983358320839582,0.2347532545489916,2.0,0.05199306759098787,0.7133232752689821,Surv-GAN
0.04958854230011516,0.660784622656373,0.02003133199200479,0.9979422462681704,0.18729500350284237,1.0,0.05545927209705372,0.6946528013911963,Surv-GAN
0.0495705340711992,0.6593666299038916,0.02140041870800084,0.9950910631640701,0.19853851402291314,1.0,0.045060658578856154,0.696999175934025,Surv-GAN
0.05052069361629763,0.6527493303923113,0.03043696447796239,0.9969234078612867,0.16254807368754023,1.0,0.060658578856152515,0.6980439334743092,Surv-GAN
0.04869134523080785,0.6653537104143691,0.013061206798366991,0.9960481063815918,0.17931637298736458,1.0,0.058925476603119586,0.7052748453411422,Surv-GAN
0.04830143595557437,0.6664565936662991,0.018368124351748085,0.9978847532755362,0.15135391103767115,1.0,0.05025996533795494,0.7080701739358228,Surv-GAN
0.04851348231200268,0.6639357176618875,0.017889436993942107,0.996851313473698,0.1679529878954881,1.0,0.053726169844020795,0.6983687504312706,Surv-GAN
0.04985313580961453,0.658578856152513,0.024443464532579118,0.9982896812463334,0.20632178538073387,1.0,0.043327556325823226,0.6919727080546246,Surv-GAN
0.04982072095042804,0.6587364109027888,0.018198767565763326,0.9968775177628576,0.17502507659140537,1.0,0.05545927209705372,0.6937384953795073,Surv-GAN
0.049369846909711884,0.6592090751536159,0.023694950442819725,0.9974512743628186,0.22159544940355036,1.0,0.06239168110918544,0.7040751865073511,Surv-GAN
0.04946050720995638,0.659681739404443,0.02185099910147717,0.9974207678769311,0.18931510812941704,1.0,0.04852686308492201,0.6950089839115953,Surv-GAN
0.04868754140908028,0.6612572869072003,0.02041943421657342,0.9985598070529953,0.18014325575187426,1.0,0.05719237435008666,0.6995296204159632,Surv-GAN
0.04896241493598383,0.6648810461635418,0.024698913873612824,0.9973137344371292,0.1537449234850644,1.0,0.045060658578856154,0.6987061160169686,Surv-GAN
0.048636763252917596,0.6655112651646448,0.021425805730549405,0.9953813962583926,0.1947824217758345,1.0,0.053726169844020795,0.7076121788210807,Surv-GAN
0.04923402749705022,0.6615723964077517,0.017446363601700085,0.9977639006583665,0.20380877639844847,2.0,0.05719237435008666,0.6989484286043646,Surv-GAN
0.04899097917973649,0.6634630534110604,0.013948173489816114,0.9980509745127435,0.19677170426239088,1.0,0.05719237435008666,0.6869141794408128,Surv-GAN
0.04884268323474122,0.6625177249094061,0.022351979870103792,0.9981856463072811,0.21672566378849412,1.0,0.05719237435008666,0.7123720354355684,Surv-GAN
0.04954428055793376,0.6571608634000315,0.02134462293401966,0.9976461769115442,0.17405851857483925,1.0,0.05719237435008666,0.6855663056991145,Surv-GAN
0.048551027821082664,0.6645659366629904,0.021902221684614354,0.9963978880125156,0.2174521158892402,1.0,0.05545927209705372,0.710249338818142,Surv-GAN
0.047934126610159056,0.6677170316685048,0.021444207000294147,0.9970164917541229,0.24339582227754974,1.0,0.05545927209705372,0.7190594460532636,Surv-GAN
0.04960683515380621,0.6571608634000315,0.021514475121118887,0.9962663450883253,0.17765307728300683,1.0,0.04852686308492201,0.7024357777328579,Surv-GAN
0.049477494399431395,0.6601544036552702,0.024169267658113475,0.9953808747800013,0.22420764371251464,1.0,0.0658578856152513,0.6899509954123625,Surv-GAN
0.049026186617115504,0.6628328344099574,0.022164675687216865,0.9974661364969689,0.1822425360079651,1.0,0.053726169844020795,0.6902874573192552,Surv-GAN
0.04851962376589229,0.6694501339215377,0.015274135093275243,0.9980359820089955,0.22736097318857768,1.0,0.053726169844020795,0.7154712396336178,Surv-GAN
0.04846096163052777,0.6667717031668506,0.020795853065377262,0.9972347304608565,0.21825092111913091,1.0,0.05545927209705372,0.7015188526947728,Surv-GAN
0.04971213911692698,0.6573184181503072,0.018569896204072883,0.9984394759142168,0.21261542341274745,1.0,0.04852686308492201,0.6927050006498215,Surv-GAN
0.04869272739956509,0.6629903891602332,0.017457151057032983,0.996874649631706,0.2189996443363279,1.0,0.04852686308492201,0.7120917273681019,Surv-GAN
0.048177952683208576,0.6648810461635418,0.017847612129706168,0.9959820089955022,0.22943082121534003,1.0,0.04852686308492201,0.7034157760063859,Surv-GAN
0.04800390051310593,0.667559476918229,0.014333656942075435,0.9961156378332573,0.2044729632552993,1.0,0.05719237435008666,0.7081500228062094,Surv-GAN
0.04899879370189249,0.6629903891602331,0.011710971323960026,0.997840427612281,0.18343305069660254,1.0,0.04679376083188908,0.7056904349924941,Surv-GAN
0.0495745749587379,0.6588939656530645,0.021843873147795005,0.9982435304087088,0.17007414191032258,1.0,0.05199306759098787,0.6871939207416198,Surv-GAN
0.04942863773036883,0.6593666299038916,0.020773885844993203,0.9975103317906264,0.24776475698375022,1.0,0.0415944540727903,0.700553603722186,Surv-GAN
0.04948897248040625,0.6584213014022372,0.024953374667760028,0.9970900202072877,0.19013942167799672,1.0,0.04679376083188908,0.6925343516353548,Surv-GAN
0.049320180458460934,0.6593666299038916,0.02262706301083145,0.9967150772439867,0.18560849282528447,1.0,0.04852686308492201,0.6849054449576062,Surv-GAN
0.05007988440236142,0.65794863715141,0.019030812458456694,0.9979235382308845,0.21949055231919407,1.0,0.04679376083188908,0.6884179874960494,Surv-GAN
0.049084075009200596,0.6620450606585789,0.019386986262091028,0.9974061664819764,0.19650324675521602,1.0,0.06239168110918544,0.6940910164176,Surv-GAN
0.048899929604619724,0.661414841657476,0.010931667594039712,0.9973730526041326,0.16832261951837726,1.0,0.05199306759098787,0.6892442060214503,Surv-GAN
0.04977140610136197,0.6582637466519616,0.023892098912442546,0.9982585229124569,0.16378730031705924,1.0,0.04679376083188908,0.6897009390856091,Surv-GAN
0.04862166633881659,0.6599968489049945,0.01805653552847041,0.995755296264911,0.18090481927772947,1.0,0.05199306759098787,0.6930891021328579,Surv-GAN
0.04974734952915615,0.6576335276508587,0.02893842856900626,0.9976605175673032,0.24027798739954315,1.0,0.04679376083188908,0.697007945504849,Surv-GAN
0.04819146174139566,0.6658263746651962,0.022385451209496608,0.9961907307215958,0.18855020804693107,1.0,0.06239168110918544,0.7042949208127823,Surv-GAN
0.04854559472557181,0.6639357176618875,0.01959372344048498,0.9975381005149598,0.16593856062211979,1.0,0.053726169844020795,0.7033477968326018,Surv-GAN
0.04889977712117832,0.664723491413266,0.015134452431891914,0.9978851443843295,0.24127311313296163,1.0,0.03466204506065858,0.689361815146021,Surv-GAN
0.04865832257879679,0.6659839294154719,0.018908089509226882,0.9978710644677662,0.14134936642198245,2.0,0.06759098786828423,0.7100085742107312,Surv-GAN
0.048214255051541643,0.6662990389160233,0.015073699871297355,0.9987681376702954,0.22082228213131802,1.0,0.05025996533795494,0.7083372159172309,Surv-GAN
0.0488189384937256,0.6626752796596818,0.020078465066585286,0.998259696238837,0.18902238214848052,1.0,0.0658578856152513,0.692113831941318,Surv-GAN
0.04847511362095087,0.6656688199149206,0.016539429270231585,0.9977788931621145,0.2191747557060901,1.0,0.05199306759098787,0.704983879659757,Surv-GAN
0.048428018660408335,0.6667717031668505,0.01349999551220785,0.9966684049279706,0.21406554656623017,1.0,0.053726169844020795,0.6964478011644145,Surv-GAN
0.04912203342169721,0.6631479439105088,0.022364962148074943,0.9975105925298221,0.20842172744534784,1.0,0.053726169844020795,0.6983539071137839,Surv-GAN
0.04872494985897515,0.6648810461635418,0.020876678664464455,0.9976158007952545,0.23184690445453832,1.0,0.05719237435008666,0.6940629763477899,Surv-GAN
0.048583839996216495,0.6662990389160234,0.014257049089892372,0.9978837103187537,0.31728136728253736,1.0,0.05025996533795494,0.6967947145314681,Surv-GAN
0.04888716555449988,0.6604695131558217,0.015433442224338866,0.9961400169480477,0.18708846612287472,1.0,0.05719237435008666,0.7005674647236955,Surv-GAN
0.049949342108366164,0.655112651646447,0.026719416198269612,0.9983505638485106,0.20038364550539617,3.0,0.05199306759098787,0.6850691670941661,Surv-GAN
0.04869053801188999,0.6640932724121633,0.01954431253796809,0.9969713838732808,0.158387683646663,1.0,0.04852686308492201,0.7028315076680759,Surv-GAN
0.04944909643694779,0.6610997321569245,0.02414913316700644,0.9957238771918389,0.22003307913837591,1.0,0.05025996533795494,0.6991533238055088,Surv-GAN
0.048802337905651985,0.6625177249094061,0.018175372727828352,0.9977646828759534,0.20035571733327384,1.0,0.04852686308492201,0.6972246222205725,Surv-GAN
0.049106782463106805,0.6610997321569245,0.01714180350472896,0.9982153705755816,0.21117786193700827,1.0,0.05719237435008666,0.6857103841675481,Surv-GAN
0.04940372089432649,0.6599968489049945,0.024747027952717767,0.9981407991656347,0.22426807835961834,1.0,0.0415944540727903,0.683608737886817,Surv-GAN
0.048677640716650934,0.6644083819127147,0.021215215953046478,0.9976214718727594,0.18890900612897973,1.0,0.045060658578856154,0.6966098936001094,Surv-GAN
0.0492916228867613,0.6596817394044431,0.02459238942162066,0.9963028485757122,0.1958992495695775,1.0,0.04852686308492201,0.6975562691624068,Surv-GAN
0.04820209995937746,0.6634630534110604,0.01983419836031717,0.9977210090606871,0.20077048686211832,1.0,0.053726169844020795,0.7133191231529408,Surv-GAN
0.048901148241825544,0.6610997321569246,0.01931603290067361,0.9980196858092694,0.22588682057865495,1.0,0.045060658578856154,0.6843702661393953,Surv-GAN
0.048935918991228726,0.6636206081613362,0.01808261048326741,0.9978968776481324,0.20599199877952082,2.0,0.043327556325823226,0.6845292803319325,Surv-GAN
0.04976398244819356,0.6582637466519615,0.020235459772021982,0.9972052669317515,0.256658992427659,1.0,0.060658578856152515,0.6855257247650726,Surv-GAN
0.04819169645285645,0.6659839294154719,0.022174377727232415,0.9960413271625057,0.1593610859842469,1.0,0.08145580589254767,0.7005133349826298,Surv-GAN
0.04920297436174403,0.6601544036552702,0.013837283416039327,0.9977356104556417,0.170083444769946,1.0,0.04852686308492201,0.7054494607265063,Surv-GAN
0.050387891439470006,0.6530644398928629,0.024068424459069555,0.9976901114660063,0.15347192866327178,1.0,0.04852686308492201,0.6934632842735933,Surv-GAN
0.04884026453360217,0.6636206081613361,0.017750912148142624,0.9956332703213612,0.15819601989135612,1.0,0.036395147313691506,0.6866632897279462,Surv-GAN
0.04900878284991982,0.660311958405546,0.023003035021671656,0.9973313343328336,0.20308380126082046,1.0,0.05025996533795494,0.7003171850368907,Surv-GAN
0.04948503273002161,0.660784622656373,0.026139866518149552,0.9975237598592008,0.22553323169431908,1.0,0.043327556325823226,0.6979042028016451,Surv-GAN
0.049012084888137686,0.6622026154088546,0.027699202242689593,0.9982307541881233,0.21783618810751215,1.0,0.060658578856152515,0.7000182352523475,Surv-GAN
0.04884041651032068,0.6645659366629904,0.019226799105815328,0.9976911544227886,0.20582611310001778,1.0,0.053726169844020795,0.7036848892905416,Surv-GAN
0.04871218052138713,0.6609421774066487,0.022855279624216258,0.9978410794602699,0.22046310566996896,1.0,0.058925476603119586,0.6993748812928254,Surv-GAN
0.04879955440265225,0.667086812667402,0.013927205753802343,0.9982280164265693,0.15061053328492888,1.0,0.04679376083188908,0.7137001158738051,Surv-GAN
0.049050571979325636,0.661414841657476,0.020526234071296272,0.9975847728309759,0.1640181897244616,1.0,0.04679376083188908,0.690352653001839,Surv-GAN
0.048926219219355055,0.6596817394044431,0.015013783728890713,0.9978096603871978,0.19775337441802476,1.0,0.045060658578856154,0.6856081343751685,Surv-GAN
0.049374824975280555,0.6571608634000315,0.02320289125809316,0.9982741672641939,0.234709160666305,2.0,0.038128249566724434,0.689841102947955,Surv-GAN
0.04815366266606798,0.6686623601701591,0.021583314515754955,0.9970609477869761,0.19847988188228505,1.0,0.0831889081455806,0.7142101778343869,Surv-GAN
0.04759331502256044,0.6699227981723649,0.021898817385827912,0.9968360602307541,0.15825524916825276,1.0,0.07105719237435008,0.7193587922933714,Surv-GAN
0.0487243770612789,0.664723491413266,0.021277184156229617,0.9982008995502248,0.14987044524648135,2.0,0.060658578856152515,0.7165425035096025,Surv-GAN
0.04955494508431815,0.6582637466519615,0.01752277062787482,0.9974633987354149,0.18994509484377578,1.0,0.04852686308492201,0.6906042809233716,Surv-GAN
0.04969799787443075,0.661414841657476,0.021172802954714683,0.9976296199726225,0.16772234373626146,1.0,0.053726169844020795,0.7039076790819002,Surv-GAN
0.04913874775876896,0.6610997321569245,0.01777050572346843,0.9981995958542468,0.19977193755486602,1.0,0.05025996533795494,0.7000955768328714,Surv-GAN
0.049062324074359,0.660784622656373,0.019138868914975224,0.9967150772439867,0.19670594813813072,1.0,0.058925476603119586,0.6862951851568759,Surv-GAN
0.04894746785580954,0.6612572869072003,0.028296210518399666,0.997296134541425,0.20802264309438528,1.0,0.05025996533795494,0.6977283139115621,Surv-GAN
0.047956271659743366,0.668189695919332,0.012192483238306896,0.9969560002607393,0.19008568827034644,1.0,0.04852686308492201,0.7091767360704081,Surv-GAN
0.049573177947851946,0.6612572869072002,0.026837768454968186,0.9975700410664233,0.225199470710707,3.0,0.0415944540727903,0.7089371065117906,Surv-GAN
0.049399580400429625,0.6596817394044431,0.022763616315137538,0.9980359820089955,0.22106696017980304,1.0,0.045060658578856154,0.694602650026808,Surv-GAN
0.04840931661285555,0.6645659366629904,0.019262647738481905,0.998079525454664,0.17720444538093857,1.0,0.03466204506065858,0.7119220090187927,Surv-GAN
0.04829767108328809,0.6674019221679534,0.017047129247522982,0.9985757121439282,0.19161789910400595,1.0,0.03986135181975736,0.7191500183303347,Surv-GAN
0.0495012737990106,0.6626752796596818,0.020094213640507706,0.9972859657127957,0.2184270585122733,1.0,0.04852686308492201,0.694070868851058,Surv-GAN
0.04843509998458535,0.6659839294154719,0.017327505241203002,0.996930187080373,0.16730026579424306,1.0,0.05545927209705372,0.7021029857813827,Surv-GAN
0.049173971333556145,0.6626752796596818,0.018227278999616587,0.9980659670164919,0.24987601189387576,1.0,0.043327556325823226,0.6966099238651782,Surv-GAN
0.049052682227945385,0.6634630534110604,0.014899908495059764,0.9982454859526758,0.21824130079335738,1.0,0.05025996533795494,0.7183050290047024,Surv-GAN
0.050394054054685326,0.6565306443989287,0.023516742277692907,0.9983354409751646,0.2277087464831105,1.0,0.05545927209705372,0.690391890918419,Surv-GAN
0.05003380176476706,0.6549550968961714,0.02274125698144689,0.9978258262173261,0.2203496096787767,1.0,0.05545927209705372,0.6799633772119297,Surv-GAN
0.049390748236828014,0.6603119584055459,0.025369502126897477,0.9972999152597615,0.18748959630982726,1.0,0.05719237435008666,0.7033511217280668,Surv-GAN
0.048849326665082134,0.6634630534110603,0.02185316154961929,0.9968965517241379,0.17136312403028983,1.0,0.053726169844020795,0.6997266361967983,Surv-GAN
0.04885120651127302,0.6626752796596818,0.022331489704303643,0.9973147773939118,0.18088280855691222,1.0,0.05025996533795494,0.6988618783882731,Surv-GAN
0.05017175686314041,0.6555853158972742,0.025571935565548577,0.9979010494752625,0.21769721008328582,1.0,0.043327556325823226,0.6847661340248364,Surv-GAN
0.04937134521920867,0.662517724909406,0.017613454165283066,0.9981853855680853,0.18099329296974667,1.0,0.045060658578856154,0.6972270065461038,Surv-GAN
0.04920717310674075,0.6604695131558217,0.026271736196605496,0.9978408187210743,0.2126273541310947,2.0,0.04679376083188908,0.707694268834712,Surv-GAN
0.04753273686700749,0.6722861194265007,0.018187380176246236,0.9959670164917542,0.19331919575876147,1.0,0.060658578856152515,0.7119118042640734,Surv-GAN
0.04952312295161594,0.6593666299038916,0.023155135496120978,0.9977811094452773,0.2094076671202537,2.0,0.05199306759098787,0.6940055099900321,Surv-GAN
0.05038023669094067,0.6540097683945171,0.018654992718215496,0.998363861547487,0.2211334752832729,1.0,0.038128249566724434,0.6958146378554866,Surv-GAN
0.049466949981182166,0.6618875059083031,0.03275255061645237,0.9981256762922885,0.18819108764042525,1.0,0.058925476603119586,0.7081717028878945,Surv-GAN
0.04888080069915828,0.6656688199149204,0.02261916722777519,0.9963851117919301,0.1968196457064755,1.0,0.05545927209705372,0.7007148307245185,Surv-GAN
0.049200278968931095,0.6623601701591304,0.013482691472315947,0.9973967146861351,0.18131961065382599,1.0,0.04679376083188908,0.6765842622494106,Surv-GAN
0.04996490194553365,0.6570033086497559,0.01451075995156853,0.9980659670164919,0.23393601711362652,1.0,0.05199306759098787,0.6941318180580598,Surv-GAN
0.04865289021922616,0.6634630534110604,0.014369468550698756,0.9970296590835017,0.17180669238082624,1.0,0.04679376083188908,0.6965019146133552,Surv-GAN
0.04907426373319623,0.664250827162439,0.022936430551263792,0.9951128348869045,0.20465835405372085,1.0,0.0658578856152513,0.7033556214114659,Surv-GAN
0.04937152947529538,0.6593666299038916,0.01572068302036391,0.9981409295352324,0.2317868977093069,1.0,0.05545927209705372,0.6980243066703278,Surv-GAN
0.049076700351404184,0.663147943910509,0.023022696596047335,0.9974465810572974,0.1715371483951548,1.0,0.05545927209705372,0.7037954570706986,Surv-GAN
0.04940290487400451,0.6620450606585789,0.026665038404585898,0.9978856658627209,0.20930763843582453,2.0,0.05025996533795494,0.701848454610914,Surv-GAN
0.04920696660673915,0.6593666299038916,0.01770339524626267,0.9973408513134737,0.18444110056929802,1.0,0.043327556325823226,0.6994047479571707,Surv-GAN
0.04946070369365586,0.6576335276508586,0.023368984284964135,0.9975662603480868,0.2018375146796754,1.0,0.043327556325823226,0.6808697318096831,Surv-GAN
0.049075938206237436,0.6595241846541673,0.011700811033907712,0.9972561110748973,0.2967698722442631,1.0,0.05199306759098787,0.6849217194704177,Surv-GAN
0.04975916431126119,0.6565306443989287,0.020409969278991826,0.9970911935336678,0.17827178290285445,1.0,0.038128249566724434,0.6838652905659125,Surv-GAN
0.0479826559158584,0.6691350244209864,0.015281385387537759,0.9978228277165764,0.19683620669736662,2.0,0.04852686308492201,0.706469409205351,Surv-GAN
0.04872505730646521,0.6628328344099574,0.02003145428796924,0.9961122482237142,0.17758289595445334,1.0,0.053726169844020795,0.7032827273296183,Surv-GAN
0.04912839147968229,0.6617299511580275,0.014819598682010207,0.9979608891206573,0.18030116493206347,1.0,0.060658578856152515,0.6976146526699925,Surv-GAN
0.04949154875099566,0.65794863715141,0.02177499894678831,0.9973530408708691,0.24840542193978007,1.0,0.053726169844020795,0.6876200532111841,Surv-GAN
0.04990642112919908,0.6573184181503072,0.025900070907368025,0.9978104426047846,0.17427288288742712,1.0,0.0415944540727903,0.6876459751622989,Surv-GAN
0.04858661447721484,0.6639357176618875,0.02679334663491854,0.9981095104621602,0.18444948790654936,1.0,0.05199306759098787,0.7178275625733326,Surv-GAN
0.048470815313047005,0.6615723964077517,0.019622789223668433,0.9976898507268105,0.19574529990130965,1.0,0.0415944540727903,0.6903208732952669,Surv-GAN
0.048985463317985374,0.6633054986607847,0.024176165026485435,0.9965659344240922,0.19962148056427628,1.0,0.05545927209705372,0.6946138968458977,Surv-GAN
0.04883377349647306,0.6642508271624389,0.01981396650157347,0.9982908545727136,0.16277697631681606,1.0,0.058925476603119586,0.7038374353832677,Surv-GAN
0.04895356739734917,0.661414841657476,0.021416347610066763,0.9972102209764684,0.21819803004965338,1.0,0.05199306759098787,0.6895225637534264,Surv-GAN
0.049012406030218746,0.6620450606585788,0.01926154801680289,0.9978259565869239,0.27090445223138504,1.0,0.045060658578856154,0.6887605772033886,Surv-GAN
0.04933520881358388,0.6599968489049944,0.0206844518788636,0.9977958412098298,0.2001557433567381,1.0,0.05199306759098787,0.6959389785185717,Surv-GAN
0.048793199290393365,0.6651961556640933,0.02304613894245486,0.9970301805618929,0.17530484829309695,1.0,0.053726169844020795,0.7021669250901781,Surv-GAN
0.04820838665555453,0.6677170316685047,0.0158563049499105,0.9971557916693827,0.1997016376459082,1.0,0.06759098786828423,0.6948872253015561,Surv-GAN
0.04921854479951551,0.6612572869072002,0.026037537500095798,0.9984397366534126,0.24700462811748908,1.0,0.045060658578856154,0.709970019564431,Surv-GAN
0.0501128766237045,0.6577910824011343,0.017799806532222406,0.9978380809595203,0.2123662843499469,1.0,0.045060658578856154,0.6862125441085406,Surv-GAN
0.049277149007436336,0.6595241846541673,0.018612848793969378,0.9961602242357083,0.13902757729483456,1.0,0.05719237435008666,0.7020405440464608,Surv-GAN
0.04893800141519989,0.6618875059083031,0.017033563932825152,0.9983808095952025,0.2070547027495705,1.0,0.0415944540727903,0.7010961306148287,Surv-GAN
0.04949355121370649,0.6598392941547188,0.027583948176680688,0.9972533733133433,0.20620450172100616,1.0,0.05719237435008666,0.6964504009031385,Surv-GAN
0.049554245927853735,0.661414841657476,0.0210861460987048,0.9980955609151947,0.21002291069742723,1.0,0.05199306759098787,0.706205250308543,Surv-GAN
0.049145841159209884,0.6595241846541673,0.025033213154480347,0.9973158203506942,0.22695909265952086,1.0,0.04852686308492201,0.6958741324152187,Surv-GAN
0.04893057241081506,0.6639357176618875,0.022788368195367916,0.9975832083958022,0.20180527702701848,1.0,0.058925476603119586,0.7018709122566501,Surv-GAN
0.048676891918591945,0.6634630534110604,0.016539515474310096,0.9982600873476306,0.19565536338177875,1.0,0.04852686308492201,0.6895421346337757,Surv-GAN
0.04916863195435157,0.6628328344099574,0.020636425345126823,0.9978254351085326,0.17093848107489962,1.0,0.060658578856152515,0.7015813717034299,Surv-GAN
0.05003013808084392,0.6555853158972743,0.018588286027137215,0.9988597874975553,0.22743467026296296,1.0,0.0415944540727903,0.6891048156958995,Surv-GAN
0.04874546679907165,0.6620450606585789,0.017036872932163754,0.9963383091063165,0.15232350481807616,1.0,0.05545927209705372,0.6950679432291554,Surv-GAN
0.04870778690721827,0.6633054986607847,0.021913960486438212,0.9978240010429568,0.18519554014317072,1.0,0.05719237435008666,0.6962365794384691,Surv-GAN
0.049071594935334306,0.6636206081613362,0.01722710579874829,0.9976151489472656,0.20747748906486374,2.0,0.05025996533795494,0.7044599400025245,Surv-GAN
0.049483407641809446,0.6563730896486528,0.028885310042537356,0.9971653738348218,0.2233309653680742,1.0,0.053726169844020795,0.6814481399825595,Surv-GAN
0.048850806959137814,0.664723491413266,0.014871005135094843,0.9965498989635616,0.15350536711607243,1.0,0.05199306759098787,0.6871546840390428,Surv-GAN
0.049114591803553244,0.6618875059083031,0.02194416401879443,0.9976453946939575,0.22755756590845094,1.0,0.053726169844020795,0.6850679527568567,Surv-GAN
0.0489386098046902,0.6647234914132661,0.02149962657029955,0.9984857571214393,0.3393910251938829,1.0,0.06759098786828423,0.7035804692817552,Surv-GAN
0.05022548729732794,0.6573184181503072,0.024328846379291346,0.9960078221758686,0.21013962488350482,1.0,0.04679376083188908,0.6750248842155758,Surv-GAN
0.04957286706472524,0.6609421774066488,0.02573085436007313,0.9970133628837756,0.21306743477126738,1.0,0.0415944540727903,0.6976673153589735,Surv-GAN
0.0500249348544213,0.6543248778950685,0.028108836207953236,0.9979447232905286,0.15741770844685157,1.0,0.04852686308492201,0.6907939048589425,Surv-GAN
0.04806068468296458,0.6662990389160233,0.0174630199602312,0.9971511635486605,0.21234350164429017,1.0,0.05545927209705372,0.702104771514087,Surv-GAN
0.04949906602100284,0.6603119584055459,0.02350192467639019,0.9972993937813701,0.1880686673649632,1.0,0.05025996533795494,0.7046210228477935,Surv-GAN
0.049337504258789994,0.6626752796596818,0.021015148449913944,0.9964313278143535,0.18722377348004796,1.0,0.053726169844020795,0.6924711249319403,Surv-GAN
0.04846202648879073,0.6659839294154719,0.02002478944592938,0.9963808095952025,0.2094613974464499,1.0,0.058925476603119586,0.6976210633684834,Surv-GAN
0.049008723552937485,0.660784622656373,0.020332326632392473,0.9975787106446777,0.18909215980050717,1.0,0.058925476603119586,0.6844620697827346,Surv-GAN
0.048813154210980376,0.6634630534110605,0.01366327467128065,0.9972562414444951,0.18712738546242474,1.0,0.060658578856152515,0.6919475910436065,Surv-GAN
0.049639180597841406,0.6615723964077517,0.023430455535144133,0.9980058666319014,0.18968454034457824,1.0,0.04852686308492201,0.6975042567965524,Surv-GAN
0.04949859779979703,0.6622026154088546,0.021052026865954688,0.9977361319340329,0.17111016568012774,1.0,0.04852686308492201,0.7005791453129876,Surv-GAN
0.048606196017943464,0.6640932724121632,0.015940811654495856,0.9975412293853072,0.16422911681439914,1.0,0.058925476603119586,0.6996916338851933,Surv-GAN
0.048643491973444856,0.6666141484165747,0.02120456102828915,0.9973209047650089,0.21916589920669252,1.0,0.05719237435008666,0.6977321012536775,Surv-GAN
0.04932150575879901,0.6603119584055459,0.024933919691101366,0.997508636985855,0.15835293460530359,1.0,0.0658578856152513,0.7067967260971103,Surv-GAN
0.05011774171169247,0.6559004253978258,0.023629923396622707,0.9978259565869241,0.19411590125407588,1.0,0.045060658578856154,0.6983140115111899,Surv-GAN
0.04906849823481614,0.6623601701591303,0.020089191927308146,0.9970314842578711,0.17907825907333572,1.0,0.045060658578856154,0.7001942044227554,Surv-GAN
0.049297161498950644,0.6609421774066487,0.015594840244460461,0.9971503813310736,0.16724570331203745,1.0,0.06239168110918544,0.7147891158671043,Surv-GAN
0.049760319927945496,0.6562155348983771,0.01980933079010915,0.9969560002607392,0.17215192178477232,1.0,0.053726169844020795,0.6814280126125981,Surv-GAN
0.05002007405714035,0.6576335276508586,0.0196802355144586,0.9981853855680856,0.2122577467451339,1.0,0.043327556325823226,0.6927564146530808,Surv-GAN
0.04793264055944077,0.6680321411690562,0.020219205318396223,0.9972545466397236,0.17545647938185466,1.0,0.05719237435008666,0.7243667885138187,Surv-GAN
0.049523744377130384,0.6609421774066487,0.015297620746230676,0.997374225930513,0.19306774773900737,1.0,0.053726169844020795,0.675951355788238,Surv-GAN
0.049882253225126,0.6562155348983773,0.021067740506893286,0.9979421158985724,0.18503702144946185,1.0,0.053726169844020795,0.6942324569108285,Surv-GAN
0.04951615538725143,0.6559004253978258,0.020622751882829353,0.9980357212697999,0.23263803286451745,1.0,0.04852686308492201,0.6872009238052678,Surv-GAN
0.04925703510163386,0.6639357176618875,0.025938423860914193,0.9968659148686527,0.17627945711007992,1.0,0.05025996533795494,0.709846331833374,Surv-GAN
0.04879072773919638,0.661887505908303,0.016712031599534147,0.9980809595202398,0.17702201082517252,1.0,0.036395147313691506,0.6992214722384418,Surv-GAN
0.04846527764137251,0.6648810461635418,0.02247319791441981,0.9966169089368359,0.17753959245473017,1.0,0.05025996533795494,0.7025411702407214,Surv-GAN
0.04886668725240413,0.663147943910509,0.018009644981867762,0.9971489472654976,0.18606397111333606,1.0,0.043327556325823226,0.6905902877360817,Surv-GAN
0.0495444696858443,0.6593666299038916,0.025176908277611723,0.9978696304021902,0.2132617650773798,1.0,0.0415944540727903,0.6910612439366249,Surv-GAN
0.049261073533285904,0.6595241846541673,0.014297667842215958,0.9970743758555504,0.21428344103179617,1.0,0.05025996533795494,0.6845847757074033,Surv-GAN
0.0496504891983306,0.6560579801481015,0.01999093626537702,0.9972256045890099,0.19802338562596028,1.0,0.04679376083188908,0.687678778385336,Surv-GAN
0.04969363369172872,0.6612572869072002,0.015956033450788394,0.9958296069356626,0.19307783193656025,1.0,0.06239168110918544,0.6939731069243826,Surv-GAN
0.04883505824886562,0.6672443674176777,0.02118170078419163,0.9972263868065967,0.17852159019661662,1.0,0.0658578856152513,0.7134515165806127,Surv-GAN
0.04870739510778432,0.6629903891602332,0.026317671565076743,0.996881428850792,0.1876147748248755,1.0,0.04852686308492201,0.7131637563429635,Surv-GAN
0.01885459970882594,0.8501654324877896,0.03644778037013989,0.9619374225930514,0.08042275760993013,1.0,0.3327556325823224,0.8030788896580372,Surv-VAE
0.018419120236394217,0.8512683157397195,0.03779588943869391,0.954081611368229,0.08233020020584587,3.0,0.3119584055459272,0.8161131149543033,Surv-VAE
0.018110520870639836,0.853316527493304,0.03512529578280938,0.9599448536601265,0.08356607485265928,1.0,0.3327556325823224,0.8089828954553308,Surv-VAE
0.017865456804967872,0.8460690089806208,0.03488647563773222,0.946865002281468,0.08565915155322064,2.0,0.32062391681109187,0.8101014775993037,Surv-VAE
0.019379278343627574,0.843705687726485,0.04760462561045411,0.9594850400886512,0.07813651087070644,1.0,0.3292894280762565,0.8065070751507095,Surv-VAE
0.01908272284777807,0.8444934614778635,0.037742138910399924,0.9565863372661495,0.09030195056000567,2.0,0.3050259965337955,0.8003983948693116,Surv-VAE
0.01969203946499082,0.8407121474712462,0.01719520075958829,0.9576300110814158,0.0849639522457101,2.0,0.317157712305026,0.8079632351399437,Surv-VAE
0.017677520851645485,0.8559949582479912,0.025412420466601415,0.9441799100449776,0.08127734716232521,6.0,0.35181975736568455,0.8168933718648412,Surv-VAE
0.018875507860844826,0.8533165274933038,0.0355170985173507,0.9489539143471741,0.0852457119603474,2.0,0.34488734835355284,0.7983933435951894,Surv-VAE
0.016897390292575695,0.855522293997164,0.02263000015445314,0.951267974708298,0.08442427808943592,5.0,0.3275563258232236,0.8108919964231738,Surv-VAE
0.018026433538643683,0.8478021112336538,0.028212233631386717,0.9460808291506421,0.08359059776507612,2.0,0.3379549393414211,0.8127131384049456,Surv-VAE
0.018222641358515222,0.8471718922325507,0.026092020116825432,0.9463665993090411,0.07882876739451469,5.0,0.3275563258232236,0.7977071114870827,Surv-VAE
0.018091114361614775,0.8449661257286908,0.04178902972937531,0.951257675510071,0.08360619758847689,1.0,0.3292894280762565,0.8083772224969192,Surv-VAE
0.018177182815907765,0.8511107609894438,0.03555503720223791,0.9517246594094259,0.083772432778685,1.0,0.30849220103986136,0.8052962223790381,Surv-VAE
0.017991390972219,0.8515834252402711,0.030071887786292502,0.959562088520957,0.0822195628238282,1.0,0.3379549393414211,0.7997816902128845,Surv-VAE
0.017745042521304297,0.8468567827319994,0.027384402517637636,0.9549462225409036,0.07907275264751068,2.0,0.3310225303292894,0.8073377290082152,Surv-VAE
0.01945960596004226,0.8440207972270364,0.0460964950395541,0.9542437911479043,0.09124096918654523,1.0,0.3483535528596187,0.8054915162779263,Surv-VAE
0.018525489980748565,0.8498503229872381,0.03237008329872034,0.9626952610651196,0.081264099182437,3.0,0.3327556325823224,0.8167260287504499,Surv-VAE
0.019453491891516236,0.8400819284701434,0.03572913060492734,0.9577032787953849,0.08318680106075067,1.0,0.3223570190641248,0.8033186552294632,Surv-VAE
0.018692870068482755,0.8463841184811721,0.025509699626493916,0.952599048301936,0.0899628547873807,3.0,0.3310225303292894,0.8131023381281959,Surv-VAE
0.01849047661690033,0.8490625492358596,0.03987126784885482,0.9508661756078481,0.08128123615837368,1.0,0.3379549393414211,0.8016520145958991,Surv-VAE
0.019252355870802748,0.8455963447297936,0.03891171874196669,0.95205892705821,0.09537955014162326,1.0,0.3431542461005199,0.8200043528075398,Surv-VAE
0.019974310656253866,0.8408697022215221,0.04809078003163904,0.9548678704126197,0.08242739310952814,1.0,0.31022530329289427,0.8123315674060503,Surv-VAE
0.01839648891488634,0.8511107609894438,0.040776758187708165,0.9534194641809529,0.08414892261957259,2.0,0.3119584055459272,0.8125785161974741,Surv-VAE
0.018443977918436938,0.8433905782259337,0.02941259882874664,0.9536289681246333,0.08198211833963523,1.0,0.3327556325823224,0.8086840885338951,Surv-VAE
0.019512584241548087,0.8451236804789665,0.03717532098883413,0.9539340329835083,0.08297573815860383,1.0,0.32582322357019067,0.8094566027364015,Surv-VAE
0.017621271063903942,0.8536316369938554,0.013734286493965383,0.959331725441627,0.08873612846106006,2.0,0.3223570190641248,0.8220911422861151,Surv-VAE
0.017626330294973784,0.8522136442413738,0.0162060346921497,0.9516431784107946,0.08067129097303065,1.0,0.34488734835355284,0.8053143926983165,Surv-VAE
0.01904098115257148,0.843705687726485,0.040241719651249105,0.9594378462942441,0.08172949840929691,5.0,0.317157712305026,0.8168555187823773,Surv-VAE
0.018391603703185967,0.8462265637308967,0.03671477498136078,0.9625877061469266,0.08201620408027627,3.0,0.32062391681109187,0.8123854822493823,Surv-VAE
0.018856585038335105,0.8462265637308964,0.041199815401710076,0.9511730656410926,0.08535007900278667,3.0,0.3379549393414211,0.8038236324357096,Surv-VAE
0.019148564182454978,0.8444934614778635,0.038887671068839356,0.9642724724594226,0.08119372780131123,2.0,0.3275563258232236,0.8167374572241494,Surv-VAE
0.0192500163852095,0.8392941547187648,0.05393071884024322,0.9489784238315625,0.08350338034267116,1.0,0.28942807625649913,0.8015614604301213,Surv-VAE
0.019178716072563218,0.8440207972270364,0.05023340334467093,0.9526096082393586,0.08234188432506266,1.0,0.32062391681109187,0.8057201888540683,Surv-VAE
0.018040773238541665,0.8481172207342051,0.03611539899016729,0.949987745257806,0.0788381273522924,4.0,0.3362218370883882,0.8025305913941433,Surv-VAE
0.01800344508436387,0.8509532062391681,0.036559923110505564,0.9530669447884753,0.08185383515176231,3.0,0.35181975736568455,0.8078995934847379,Surv-VAE
0.017738416385114922,0.8482747754844808,0.020931237225992633,0.9465320383286617,0.07539748743049962,1.0,0.31369150779896016,0.8240928020447594,Surv-VAE
0.018005135709440068,0.8506380967386167,0.03346444875329233,0.958441301088586,0.08869514962889789,4.0,0.317157712305026,0.8117188780692299,Surv-VAE
0.018079079473700393,0.8482747754844809,0.025245225947896115,0.9613868717815006,0.08300958626530075,1.0,0.3275563258232236,0.8158010815831706,Surv-VAE
0.01838600690849761,0.8509532062391681,0.039711438548277495,0.9498880125154813,0.08044234347225504,3.0,0.35008665511265163,0.7919483257404057,Surv-VAE
0.01847680913808556,0.8514258704899954,0.028496841137381334,0.9502862916367902,0.08379874475911142,1.0,0.341421143847487,0.8053852889549471,Surv-VAE
0.017665963305664608,0.8512683157397195,0.03533891919938962,0.9624136627338504,0.08643808478603998,1.0,0.3292894280762565,0.8102923598014365,Surv-VAE
0.018553651803087642,0.849377658736411,0.042466057130874625,0.9446348999413337,0.08559411006786843,3.0,0.3466204506065858,0.8076431325523892,Surv-VAE
0.016517672778571364,0.8580431700015757,0.028026596240690125,0.9448365817091455,0.07659011043229773,5.0,0.31542461005199307,0.8065939641246415,Surv-VAE
0.019624800089890634,0.8418150307231762,0.016983111516653188,0.9563282706472851,0.07707994879520717,1.0,0.317157712305026,0.8097530969828177,Surv-VAE
0.018735412119820636,0.8449661257286908,0.0287239499711514,0.9594641809530018,0.08277863467920936,1.0,0.31369150779896016,0.8145165231133769,Surv-VAE
0.017416997817974098,0.8522136442413739,0.025994487735714732,0.9681612671924906,0.07719353805628744,4.0,0.3483535528596187,0.8066137814322123,Surv-VAE
0.018645580353196137,0.8451236804789665,0.04272210547646871,0.95283214914282,0.07754437344205242,2.0,0.3327556325823224,0.8026610410110698,Surv-VAE
0.020865770224380156,0.8377186072160075,0.03514853599852688,0.9572033113877844,0.0816453929466907,4.0,0.3240901213171577,0.8153055350939978,Surv-VAE
0.01961937993747814,0.8446510162281392,0.04274389589067217,0.9605491167459748,0.07807201021496035,1.0,0.3310225303292894,0.8130965758367731,Surv-VAE
0.019407904049688448,0.8473294469828265,0.0337259849798227,0.9595640440649239,0.08056669561379368,4.0,0.3240901213171577,0.8091194644315017,Surv-VAE
0.018073934127359196,0.8495352134866867,0.04433954757288455,0.948284466462421,0.0838158327415832,2.0,0.3396880415944541,0.8013731572619366,Surv-VAE
0.019795561484826887,0.8410272569717976,0.034022703732459615,0.9538689785542012,0.0851703516322054,1.0,0.3223570190641248,0.804721123905794,Surv-VAE
0.01906443933070338,0.8487474397353082,0.047030978407738046,0.9538117463007627,0.08195033462453602,3.0,0.36221837088388215,0.8038704844798624,Surv-VAE
0.017772497910667765,0.845911454230345,0.024990699595188508,0.9544041457532103,0.08129312645147219,1.0,0.2876949740034662,0.8162193327373214,Surv-VAE
0.018963949361712532,0.8463841184811723,0.027776502413387475,0.96240297242683,0.0872736386248273,1.0,0.3362218370883882,0.8064435708857455,Surv-VAE
0.019983212414215114,0.8433905782259334,0.03837480960243035,0.9466530213154293,0.09106992882491913,1.0,0.3310225303292894,0.8069892361879532,Surv-VAE
0.017857432764118015,0.8474870017331022,0.03752765144629733,0.9572578058796688,0.08320476355495705,1.0,0.32582322357019067,0.7976627818848566,Surv-VAE
0.018075586102814404,0.843705687726485,0.01751909272851549,0.954065054429307,0.08196788088837284,1.0,0.3379549393414211,0.8161546450973163,Surv-VAE
0.019088445798249004,0.8455963447297936,0.03396270472433364,0.9541998565934424,0.07849089251990658,1.0,0.3362218370883882,0.7977230783422212,Surv-VAE
0.01809923710122591,0.8552071844966125,0.034290587120747965,0.9559363796362689,0.08336604324007213,2.0,0.3396880415944541,0.8122468525610888,Surv-VAE
0.01794606123727743,0.849220103986135,0.026806048527008335,0.9488144188775178,0.08565401132721404,4.0,0.3223570190641248,0.7972967848062629,Surv-VAE
0.0180433218475004,0.8496927682369623,0.04619696904782277,0.9660505834039501,0.08767290935813932,1.0,0.3119584055459272,0.7991598677160547,Surv-VAE
0.017955381569604103,0.8481172207342051,0.02441617461183235,0.955529105012711,0.08390844634455923,2.0,0.31022530329289427,0.8061508590349029,Surv-VAE
0.020026931675328933,0.8372459429651804,0.03241729914165486,0.9531555961149861,0.07775108336389283,2.0,0.3275563258232236,0.8156549064653832,Surv-VAE
0.019211704395162496,0.8383488262171105,0.02781089248646225,0.9601780848706083,0.07626395278708233,1.0,0.3292894280762565,0.8006501419864869,Surv-VAE
0.017172144218303684,0.8530014179927524,0.02960977558698983,0.9556560850009778,0.07879064947859021,1.0,0.3310225303292894,0.8029707506219957,Surv-VAE
0.01821784108553599,0.8474870017331022,0.04584907169928749,0.9547657910175346,0.087062211056368,5.0,0.3327556325823224,0.809303008088557,Surv-VAE
0.01886630201009113,0.8512683157397195,0.041431619738236385,0.9489034613128219,0.07799780457302474,4.0,0.32582322357019067,0.8200793373798221,Surv-VAE
0.019142077864143712,0.8435481329762093,0.03520448799827489,0.9574807378919236,0.08525931816744706,4.0,0.31369150779896016,0.813231421685804,Surv-VAE
0.01834801932329976,0.8470143374822751,0.032144532625031995,0.9535198487712666,0.08263956963805472,1.0,0.3188908145580589,0.8112026049125011,Surv-VAE
0.017710133086438415,0.8489049944855837,0.028547719094582518,0.9509065901831694,0.08340061929606268,2.0,0.3310225303292894,0.7999713655525287,Surv-VAE
0.01775848672911121,0.8489049944855837,0.03533667029494799,0.9499353366794864,0.07782310190231288,2.0,0.3310225303292894,0.8065468707207015,Surv-VAE
0.018420635127820665,0.8451236804789665,0.018267002644864454,0.9565478130499969,0.09169591398055678,1.0,0.30329289428076256,0.8194296440808679,Surv-VAE
0.01954952236698151,0.8435481329762093,0.044720978534698995,0.9481520109510463,0.08454345069617696,1.0,0.32582322357019067,0.8088282332873551,Surv-VAE
0.019357024638599382,0.8454387899795179,0.024509585866569844,0.9596292288638291,0.07927836445746725,2.0,0.36221837088388215,0.8031715197943445,Surv-VAE
0.017509416583953236,0.8507956514888924,0.02316067983630408,0.9483942376637767,0.08036223219112511,3.0,0.341421143847487,0.8115540131608919,Surv-VAE
0.0190166629115375,0.8441783519773121,0.03024640759427513,0.9521033830910632,0.08010491487714527,2.0,0.34488734835355284,0.8002619008990232,Surv-VAE
0.0193699654682647,0.8433905782259334,0.03136601175418113,0.9528475327553615,0.07908858592258804,3.0,0.36395147313691506,0.8034598894355569,Surv-VAE
0.01854022962720656,0.8459114542303451,0.03902054904652196,0.9511552050061927,0.08613147045891825,2.0,0.29116117850953205,0.7997261576936741,Surv-VAE
0.019332999856465388,0.8411848117220735,0.03029688551657668,0.9611400821328466,0.0780951227542862,3.0,0.31022530329289427,0.805072459026638,Surv-VAE
0.018520569237091885,0.8474870017331022,0.03182626249969546,0.9526630597744606,0.07862647934573867,2.0,0.35701906412478335,0.815736839423975,Surv-VAE
0.01772219415267805,0.8511107609894438,0.031360320565769324,0.9564474284596832,0.08032644923764679,1.0,0.3292894280762565,0.8103627895591142,Surv-VAE
0.017295812394751073,0.8517409799905468,0.03080550809293463,0.954161006453295,0.07840572986280393,2.0,0.3431542461005199,0.7965309525919896,Surv-VAE
0.018867641644372067,0.8468567827319994,0.036989500970643796,0.9561743041522718,0.08982367854780794,1.0,0.31369150779896016,0.8052535089856211,Surv-VAE
0.01695569526317686,0.8534740822435797,0.0245809055224575,0.954240531907959,0.08110726344809141,1.0,0.34488734835355284,0.801028269086111,Surv-VAE
0.019513924592348388,0.8452812352292421,0.029001228786528454,0.9459628446646242,0.07794960175003993,4.0,0.3310225303292894,0.8151198559135011,Surv-VAE
0.018092004739438963,0.8559949582479912,0.035941231277430936,0.9568145492471156,0.08488205591593632,2.0,0.34488734835355284,0.8033105597576825,Surv-VAE
0.01887925397506871,0.8460690089806208,0.0364279163146342,0.9574322404015383,0.08033692312599229,1.0,0.32582322357019067,0.8034062436469637,Surv-VAE
0.018120440229717354,0.853789191744131,0.04335586635302817,0.9523019359885275,0.088291061026451,3.0,0.32062391681109187,0.8185825717884959,Surv-VAE
0.01902775711018189,0.8429179139751064,0.03727836534939813,0.959007626621472,0.08789481655837215,3.0,0.317157712305026,0.7994328831059337,Surv-VAE
0.020693852166023975,0.8408697022215219,0.035948441046082295,0.9567445407730919,0.08448877035365551,2.0,0.341421143847487,0.8001144210808788,Surv-VAE
0.017100120804513712,0.8514258704899952,0.018313109242759,0.9543667296786389,0.08458321591519748,2.0,0.30155979202772965,0.8152420422904284,Surv-VAE
0.018908950591292908,0.8468567827319994,0.03948901789414763,0.9597760250309628,0.08489571001389129,1.0,0.3292894280762565,0.8079578003466863,Surv-VAE
0.019624731600889588,0.8413423664723492,0.02357582065261399,0.9556901114660061,0.0770196618189582,2.0,0.3310225303292894,0.8086995312691151,Surv-VAE
0.018031417325196558,0.8482747754844808,0.048679321120333754,0.953793755296265,0.08297345053294408,1.0,0.317157712305026,0.8075906696389216,Surv-VAE
0.01993940163430166,0.8471718922325508,0.05720377688150371,0.9588386676227104,0.087106604913823,1.0,0.32582322357019067,0.8058520292391095,Surv-VAE
0.01787116271681383,0.853316527493304,0.0332342446183123,0.9543622971123135,0.07621112650647331,3.0,0.3362218370883882,0.8040542926966062,Surv-VAE
0.017468419723979025,0.8561525129982669,0.037109634020394085,0.9578818851443843,0.08085705372631952,2.0,0.31369150779896016,0.8177025244914334,Surv-VAE
0.018314170207031407,0.8512683157397195,0.042373418699998736,0.9491784107946029,0.08454312174067888,1.0,0.3466204506065858,0.8028920033042619,Surv-VAE
0.018247750231794323,0.8506380967386167,0.041922062846322196,0.9574444951437325,0.08167339080401873,2.0,0.32062391681109187,0.800447414989624,Surv-VAE
0.018512725562974962,0.8517409799905468,0.031037584158715242,0.9479923081937291,0.07945025457165643,3.0,0.3240901213171577,0.8217056616804043,Surv-VAE
0.018721488954012277,0.8454387899795179,0.03565821995005764,0.9577283097581644,0.07970824502630088,4.0,0.29636048526863085,0.8147133803547429,Surv-VAE
0.01831715085121285,0.8493776587364109,0.046101451991192616,0.9568517045824911,0.09177200048470836,6.0,0.32582322357019067,0.7994018901022554,Surv-VAE
0.018107250534656432,0.8490625492358596,0.037560277842246394,0.9514119027442799,0.07871823044589524,1.0,0.3223570190641248,0.8065342024442498,Surv-VAE
0.017652627267223494,0.8490625492358596,0.03897574692471592,0.9543761162896812,0.08338808488623857,1.0,0.30675909878682844,0.8133568943943644,Surv-VAE
0.01865633027234131,0.8462265637308964,0.04741639162302434,0.9508561371488169,0.0810427083415679,1.0,0.3292894280762565,0.8145032506633443,Surv-VAE
0.017466540753843598,0.8485898849850323,0.04309593102923431,0.959366794863438,0.08522086167106295,1.0,0.3344887348353553,0.7952918476255396,Surv-VAE
0.017889253526933494,0.8474870017331022,0.021287945357419617,0.9577255719966103,0.0800084994455074,1.0,0.32062391681109187,0.7969973349106995,Surv-VAE
0.01846372697966384,0.8411848117220735,0.024811740181702204,0.9594721334984682,0.08857086715139499,8.0,0.31542461005199307,0.8102407992474805,Surv-VAE
0.018871047202031976,0.8474870017331021,0.03032516897104042,0.9579810964083176,0.07769472531852817,1.0,0.32582322357019067,0.81522896047936,Surv-VAE
0.02022826478995327,0.8413423664723492,0.0380928947404964,0.9536378332572845,0.08649228729390519,3.0,0.3240901213171577,0.7985876134040829,Surv-VAE
0.018643023631374437,0.8413423664723492,0.021453818470980938,0.9576032853138647,0.08160220304846268,9.0,0.3188908145580589,0.8145577219592973,Surv-VAE
0.018118088431496294,0.8511107609894438,0.02333819901080936,0.9576890685092236,0.08617438372697839,2.0,0.32062391681109187,0.8064639446139783,Surv-VAE
0.0184620301644409,0.8471718922325507,0.05085548061693033,0.9557232253438499,0.08323571470902388,1.0,0.317157712305026,0.8085206346838497,Surv-VAE
0.01935993639821469,0.8426028044745547,0.03517307461407745,0.950431132259957,0.07666650046922822,3.0,0.3483535528596187,0.7960264530173448,Surv-VAE
0.018110649114044978,0.8501654324877896,0.028778236730333334,0.9511643308780393,0.08320638715191409,2.0,0.3188908145580589,0.7973164307963317,Surv-VAE
0.01754625837044906,0.8517409799905468,0.04380317194447349,0.9570270516915456,0.08925949220039998,1.0,0.3223570190641248,0.8069069123123628,Surv-VAE
0.018930762554718414,0.8454387899795179,0.033182747272382906,0.9639215175021185,0.08683029975313734,5.0,0.3379549393414211,0.8074431981109003,Surv-VAE
0.018560261953250466,0.8492201039861352,0.038281041006492045,0.9504905807965583,0.0807774534707933,5.0,0.35181975736568455,0.8059128574969708,Surv-VAE
0.01861514484743352,0.8451236804789665,0.031093146619117003,0.9520744410403494,0.0779245692038283,2.0,0.32582322357019067,0.7988760394286453,Surv-VAE
0.016922529038737824,0.8567827319993699,0.03478280665173178,0.9506906981291963,0.07314367628882804,3.0,0.3483535528596187,0.7973538578344481,Surv-VAE
0.018712642736726234,0.848747439735308,0.02145257099685992,0.9528479238641548,0.08166082332322439,3.0,0.31542461005199307,0.8149696819747518,Surv-VAE
0.018093787060118254,0.8518985347408224,0.04583309126026828,0.9580702692132196,0.08291016528054569,1.0,0.31369150779896016,0.8063342460272631,Surv-VAE
0.01794699734209964,0.8523711989916496,0.04016941644104807,0.9538105729743822,0.09071031155662798,4.0,0.3379549393414211,0.805291583360474,Surv-VAE
0.018192165037299476,0.8460690089806208,0.03297189230848226,0.9610048888599177,0.0867767192948735,1.0,0.30675909878682844,0.8117232357995612,Surv-VAE
0.018888486467940092,0.8463841184811721,0.04180651325734802,0.9555367968189816,0.08599917102369176,1.0,0.3431542461005199,0.8019656175263998,Surv-VAE
0.01828692211349129,0.8492201039861352,0.041108591230993814,0.9589206700997327,0.08445482668996693,2.0,0.3327556325823224,0.8099776665205771,Surv-VAE
0.019102233289492877,0.843705687726485,0.027752721611275764,0.9557125350368294,0.08141645627591454,1.0,0.3587521663778163,0.8048356683500381,Surv-VAE
0.01946738994098422,0.8392941547187648,0.026669295508617137,0.9594549247115574,0.08132055571090792,3.0,0.3223570190641248,0.7955464488675821,Surv-VAE
0.01869848690458512,0.8500078777375137,0.024599435639400917,0.9515648262825109,0.08423581143158487,1.0,0.3275563258232236,0.8085955190941025,Surv-VAE
0.018662519164582513,0.8490625492358593,0.030075487181868546,0.9549270582100252,0.08162418210367456,3.0,0.3396880415944541,0.8069825975990468,Surv-VAE
0.018059568633465896,0.8490625492358596,0.03391479711419304,0.9522900723551269,0.07582193806852448,1.0,0.30329289428076256,0.8005107771408192,Surv-VAE
0.017881871837715942,0.8451236804789665,0.0316630957188692,0.950502314060361,0.0773456072701447,3.0,0.3466204506065858,0.7990324351294967,Surv-VAE
0.018931430349727312,0.8429179139751063,0.044440767596316766,0.9606698389935466,0.0756948006859738,7.0,0.3275563258232236,0.8097875034016816,Surv-VAE
0.018372753286548606,0.8454387899795179,0.03817298385653488,0.956273515416205,0.09298055867041317,3.0,0.31369150779896016,0.820562714705419,Surv-VAE
0.018996080166358238,0.8440207972270365,0.031745465543507545,0.9477700280294636,0.08435389367365209,1.0,0.3431542461005199,0.8027602355828544,Surv-VAE
0.017922560101089523,0.8498503229872381,0.03322419943015998,0.9539358581578776,0.08300080454316595,2.0,0.30675909878682844,0.8027876285540607,Surv-VAE
0.019319732438133258,0.8438632424767607,0.03333024615007283,0.9543977576429177,0.08302764040490579,3.0,0.34488734835355284,0.8092429823045131,Surv-VAE
0.017413684675935747,0.850953206239168,0.02106916980080327,0.9554937096669056,0.08371765614909793,1.0,0.3275563258232236,0.8027048147510584,Surv-VAE
0.017936282484993578,0.8536316369938554,0.03492157090909422,0.9556005475523108,0.08272967876448538,2.0,0.3275563258232236,0.8123421209263725,Surv-VAE
0.018374692817329508,0.8482747754844809,0.03609672776788364,0.9603035004237013,0.08231935608996564,1.0,0.3535528596187175,0.8253406964156521,Surv-VAE
0.018719387909088857,0.8457538994800693,0.036608023599914684,0.9560496708167655,0.08720148601453032,1.0,0.32582322357019067,0.826188080896562,Surv-VAE
0.018491226609629274,0.8466992279817237,0.03429662475414168,0.9554025161332378,0.08078468192004322,3.0,0.32582322357019067,0.8147072507138419,Surv-VAE
0.019733021754650363,0.8403970379706949,0.034765021390160626,0.9510275731699369,0.0852621576783367,2.0,0.3119584055459272,0.8188523709392767,Surv-VAE
0.018356316229054565,0.8496927682369623,0.053326602033860984,0.953227429763379,0.07879229906947316,3.0,0.34488734835355284,0.8106659702728972,Surv-VAE
0.018131644472588422,0.8463841184811723,0.035139447982337264,0.9576869825956587,0.08090392521419906,3.0,0.3362218370883882,0.8008783493075048,Surv-VAE
0.017598527927287975,0.8493776587364109,0.023034011551572434,0.9477894530995371,0.0815857687446937,1.0,0.34488734835355284,0.8033921289070677,Surv-VAE
0.01772301817464896,0.8514258704899954,0.034590236801972415,0.9577014536210158,0.08528176692895816,2.0,0.3275563258232236,0.8187692851725114,Surv-VAE
0.017205170574832715,0.8541043012446824,0.013219264462688911,0.956806727071247,0.07355035586633375,2.0,0.34488734835355284,0.8134373203924652,Surv-VAE
0.018867515932784715,0.8441783519773122,0.025440193245070766,0.9543280099080894,0.08232301188642474,2.0,0.29982668977469673,0.8017767118627569,Surv-VAE
0.018796359723445618,0.8468567827319994,0.038586433726176664,0.9534789127175543,0.08127870994308661,1.0,0.30329289428076256,0.7997575294299496,Surv-VAE
0.01845380333508083,0.8484323302347566,0.03244708498906803,0.9570091910566456,0.08561965708078279,6.0,0.3310225303292894,0.8162988516762753,Surv-VAE
0.01822188230199667,0.8509532062391681,0.03450477687688928,0.9548747800013035,0.08375185909757077,3.0,0.32062391681109187,0.7993206532628659,Surv-VAE
0.018053169191750585,0.8489049944855837,0.036610882456739886,0.9536460465419465,0.07852609161978912,5.0,0.3240901213171577,0.8000421434822136,Surv-VAE
0.018598780341922146,0.8495352134866866,0.026376391211638393,0.9475064207026922,0.08237791298688348,3.0,0.3362218370883882,0.8046535898175057,Surv-VAE
0.018610901806392004,0.8452812352292423,0.028066290346253464,0.9565884883645135,0.08251738118913411,1.0,0.3310225303292894,0.7987969405619633,Surv-VAE
0.018039490686359114,0.8534740822435797,0.037480054591934805,0.9516807248549639,0.08213758634034583,3.0,0.3188908145580589,0.8164377387428041,Surv-VAE
0.01818885035609723,0.8511107609894438,0.03935955444949096,0.952897203572127,0.08336488605624413,3.0,0.3396880415944541,0.8014622003849429,Surv-VAE
0.017727515567298888,0.8463841184811721,0.03896156250704115,0.9588517045824915,0.08015792950087773,1.0,0.31542461005199307,0.814796869937986,Surv-VAE
0.018365738842817315,0.8471718922325507,0.04555087935908991,0.9581684375203702,0.07899511726657772,2.0,0.3362218370883882,0.8181554663800302,Surv-VAE
0.019684440952274063,0.8361430597132503,0.027969863601443688,0.956679225604589,0.08401995931887903,3.0,0.3275563258232236,0.8133825232016013,Surv-VAE
0.01831048028148301,0.8481172207342051,0.03861455699874515,0.9655401864285249,0.09062865577649415,3.0,0.3050259965337955,0.8091809122052416,Surv-VAE
0.017887432049269927,0.8517409799905468,0.02974006311535641,0.9542525259109574,0.08125701563822543,1.0,0.3396880415944541,0.8018713822094868,Surv-VAE
0.018681561976528583,0.8454387899795179,0.022833888172885262,0.9574454077309171,0.07683389298575678,3.0,0.3327556325823224,0.8024810341453121,Surv-VAE
0.01702011684965655,0.8523711989916496,0.01773964979191881,0.9536026334658757,0.08176691938054786,3.0,0.3362218370883882,0.8211915956330477,Surv-VAE
0.017771615799706642,0.8507956514888924,0.0318543187781377,0.9554856919366402,0.08267977297392241,2.0,0.341421143847487,0.8151158366792962,Surv-VAE
0.01786760821018344,0.8547345202457854,0.03738151634738074,0.9503675118962258,0.08120374801410311,3.0,0.3483535528596187,0.8017240108626892,Surv-VAE
0.018307060620388504,0.8511107609894438,0.023158838324480853,0.9568433609282316,0.08488367782777528,3.0,0.30675909878682844,0.809942714871429,Surv-VAE
0.01982137724393045,0.8374034977154562,0.03068810257452161,0.9520975164591619,0.0823923296733105,2.0,0.31022530329289427,0.8160108969280329,Surv-VAE
0.018815223423431317,0.8448085709784151,0.04259697772345957,0.9527982530473894,0.09242114142421105,2.0,0.3240901213171577,0.7964109061173916,Surv-VAE
0.018701965555851612,0.8421301402237277,0.031109525618943142,0.9583568215892054,0.09088884426764211,1.0,0.30155979202772965,0.7969133210861955,Surv-VAE
0.018595907474440752,0.8440207972270364,0.02989770178338164,0.9517869760771788,0.08614360908130635,2.0,0.3344887348353553,0.8120053515634592,Surv-VAE
0.018588821196724198,0.8449661257286906,0.028856703168015557,0.9561175933772244,0.08305417534271374,1.0,0.3188908145580589,0.8101252663156118,Surv-VAE
0.0187500778718689,0.8455963447297936,0.03840725026432048,0.9528326706212111,0.0832492456022723,1.0,0.3240901213171577,0.8092740803658939,Surv-VAE
0.017822124408181216,0.8539467464944067,0.043391109835394084,0.9529116745974839,0.07897128422840691,1.0,0.3275563258232236,0.8103215382467907,Surv-VAE
0.018066987735936582,0.8534740822435797,0.026439887451483204,0.949667687895183,0.08109331540703209,1.0,0.31369150779896016,0.8037155172755291,Surv-VAE
0.018400768934690368,0.8424452497242793,0.02421118108873838,0.9588530082784695,0.08016826161016097,2.0,0.341421143847487,0.8127817300380872,Surv-VAE
0.01945717989625556,0.8444934614778635,0.04410282533851895,0.9595408382765139,0.08978955016341221,2.0,0.32062391681109187,0.8127140955687403,Surv-VAE
0.01852749895758848,0.8492201039861352,0.0350536044833259,0.9528179388566587,0.08154446300297986,1.0,0.30849220103986136,0.803041532836044,Surv-VAE
0.018141172468733792,0.8498503229872381,0.046928045474389106,0.9549333159507203,0.08564071143893189,2.0,0.32062391681109187,0.8037389472412253,Surv-VAE
0.018911484311551704,0.8460690089806208,0.046818826664433516,0.9546197770679878,0.0856975500705055,3.0,0.3240901213171577,0.807363144433649,Surv-VAE
0.01753899213895618,0.8539467464944067,0.03990538977676695,0.959450361775634,0.08127586612833522,3.0,0.3362218370883882,0.8109634217233321,Surv-VAE
0.017292724086369594,0.8522136442413739,0.048586144762509026,0.9510790691610715,0.08644523814556825,2.0,0.317157712305026,0.8090328844350516,Surv-VAE
0.017365468251820934,0.8466992279817237,0.018937788390227594,0.9559169545661952,0.0876140706348021,2.0,0.3050259965337955,0.8175584075996972,Surv-VAE
0.01884706950721314,0.8452812352292421,0.04980252609249918,0.9535555700410665,0.08552984115518651,6.0,0.29116117850953205,0.7989443596465164,Surv-VAE
0.019009205262687404,0.8484323302347566,0.03035128334521479,0.9582376637768071,0.07772009369484334,2.0,0.32062391681109187,0.8166840511478076,Surv-VAE
0.018413658729126956,0.8504805419883408,0.04569807258479105,0.9543366143015449,0.08972121261295078,3.0,0.3275563258232236,0.8071520122240508,Surv-VAE
0.018625161637425496,0.8473294469828265,0.032316834278841376,0.9487318949221042,0.08191391264432052,1.0,0.34488734835355284,0.8005657890263578,Surv-VAE
0.018947823611533462,0.8430754687253821,0.03187374446102533,0.9614125545922689,0.0772438590325845,4.0,0.3431542461005199,0.8177583042299903,Surv-VAE
0.01772486814597337,0.8495352134866867,0.03510048855036535,0.9564061012971775,0.0770368546176476,2.0,0.3431542461005199,0.822972756066403,Surv-VAE
0.018225674819613454,0.8490625492358593,0.03964213785048843,0.9559432892249526,0.07958237801220301,2.0,0.3188908145580589,0.8139736387028326,Surv-VAE
0.01672721637909184,0.8566251772490943,0.03760560576324398,0.9572750146665797,0.08572110561632999,2.0,0.3431542461005199,0.8069532133421018,Surv-VAE
0.018631453323857558,0.8500078777375137,0.03186209931990119,0.9482978945309954,0.07774659759124637,2.0,0.3362218370883882,0.8093755570373529,Surv-VAE
0.0193461905822356,0.841499921222625,0.031131467840796685,0.9543963235773418,0.08771675409473212,6.0,0.317157712305026,0.8194526450864473,Surv-VAE
0.017520115203204803,0.8489049944855839,0.025515606143781056,0.9608196336614301,0.08447112865163901,3.0,0.3396880415944541,0.8131565318040318,Surv-VAE
0.018610142994338094,0.8478021112336538,0.04243665577340584,0.9562016817678117,0.08370873860039313,1.0,0.3292894280762565,0.8173291885222489,Surv-VAE
0.018103099956116663,0.8476445564833781,0.024970834301521923,0.9498380809595203,0.08386117793962547,1.0,0.32582322357019067,0.809526582627104,Surv-VAE
0.018576631865638578,0.8474870017331022,0.02791872451695375,0.9515517893227299,0.09094039044760502,2.0,0.3327556325823224,0.8111933051623602,Surv-VAE
0.019302434765919505,0.8476445564833779,0.040615879727540154,0.9520997327423245,0.08454327513908402,1.0,0.3344887348353553,0.8107181484254139,Surv-VAE
