J-S distance,KS test,Survival curves distance,Detection XGB,NSND,K-map score,Identifiability score,NNDR,generator
0.006949631394291531,0.9441287878787878,0.012120710900619367,0.8594211325243452,0.08301290712417161,3.0,0.4401041666666667,0.8267987952014123,HI-VAE_weibull
0.006004808150148514,0.9500473484848484,0.008801617926355901,0.8513124606084279,0.13505409760349588,4.0,0.4401041666666667,0.8262196257596549,HI-VAE_weibull
0.007189266919009049,0.9431818181818182,0.022756816068806023,0.847076368607469,0.12004804684043945,4.0,0.4583333333333333,0.8269863957922495,HI-VAE_weibull
0.006468048724508471,0.9491003787878789,0.004209110648497035,0.8332291768381994,0.09429769928767855,5.0,0.4713541666666667,0.8316484482284072,HI-VAE_weibull
0.007365167838032483,0.9393939393939393,0.016289819509329753,0.8806415389122154,0.1365491222703442,3.0,0.4088541666666667,0.8211453482765708,HI-VAE_weibull
0.006764831244899216,0.9479166666666667,0.011569200737304618,0.8657268910173901,0.1363282675172455,8.0,0.4453125,0.8296236734157185,HI-VAE_weibull
0.005633952712548765,0.9514678030303031,0.01666093917705726,0.8485579355709225,0.11062767428810712,6.0,0.4114583333333333,0.8171234647022803,HI-VAE_weibull
0.0069578018791237595,0.9467329545454547,0.013834825867192242,0.8442477208369212,0.11082827422127607,2.0,0.4322916666666667,0.826211495445859,HI-VAE_weibull
0.005943853911421607,0.9526515151515151,0.010490034023971839,0.866368696238826,0.17995105790968166,4.0,0.4791666666666667,0.8291366694673783,HI-VAE_weibull
0.0064645324349849485,0.9514678030303031,0.02051868773768362,0.8748843774134272,0.1796606146091503,6.0,0.4583333333333333,0.8269557740077592,HI-VAE_weibull
0.007458658136097657,0.9446022727272726,0.006912708966977514,0.8598121632297981,0.2011312289839916,3.0,0.4817708333333333,0.8277709485856084,HI-VAE_weibull
0.006579333358623593,0.9446022727272727,0.010071222034959694,0.8731245173145379,0.15295736986457117,5.0,0.4348958333333333,0.8346378214163506,HI-VAE_weibull
0.006652052727848068,0.9491003787878788,0.007688468717539116,0.8696052409654597,0.1605602961051738,3.0,0.4270833333333333,0.8252342239372413,HI-VAE_weibull
0.007459303853230651,0.9427083333333333,0.02560126523248741,0.8429130677934505,0.16100867305558775,5.0,0.4088541666666667,0.8181179313649265,HI-VAE_weibull
0.007286819880627645,0.9448390151515151,0.010029541914134153,0.8434829695253482,0.15078350141754904,7.0,0.4609375,0.8227331488684101,HI-VAE_weibull
0.007272327175526813,0.9448390151515151,0.013060999839533996,0.8509453977328209,0.12637031040152727,3.0,0.40625,0.8184945973306909,HI-VAE_weibull
0.005897276319865946,0.9491003787878788,0.016773589823787367,0.8653438495885523,0.12472639451915102,1.0,0.4401041666666667,0.816188787351288,HI-VAE_weibull
0.006290396566924318,0.9481534090909091,0.009856194381941727,0.8490568215106833,0.16742544980108168,2.0,0.4427083333333333,0.825722536413225,HI-VAE_weibull
0.006097799757862144,0.9509943181818182,0.013388682819653932,0.853920515574651,0.20413987425289748,6.0,0.4661458333333333,0.8302480007588485,HI-VAE_weibull
0.0070426450024981095,0.9429450757575758,0.005353962016374413,0.8649066586182101,0.12405003492881232,6.0,0.4583333333333333,0.8240100149701652,HI-VAE_weibull
0.007326617586001241,0.9450757575757577,0.02479888494730068,0.8532600687077789,0.20459291356107964,4.0,0.4661458333333333,0.8374863676789974,HI-VAE_weibull
0.007270286573237686,0.941998106060606,0.018675514671797,0.8567988743996946,0.14031820803259537,2.0,0.4583333333333333,0.8252420075157868,HI-VAE_weibull
0.007334818204733875,0.9448390151515152,0.020190513964741162,0.8635560270215089,0.2064815796185758,2.0,0.4609375,0.826753280833399,HI-VAE_weibull
0.006402680687036566,0.948153409090909,0.015454987037679042,0.8543834497696425,0.14302316338764245,3.0,0.4348958333333333,0.8369018183995955,HI-VAE_weibull
0.007034259183950786,0.9450757575757577,0.029658122469029102,0.8322469396632076,0.19755141847991498,5.0,0.4322916666666667,0.8317899588581175,HI-VAE_weibull
0.0068248560368662226,0.9438920454545456,0.01412140925883413,0.8626705488633034,0.23394117372615905,2.0,0.453125,0.825130895069718,HI-VAE_weibull
0.00784568057061394,0.940340909090909,0.018363435024325234,0.8430027252310233,0.13539601227018885,4.0,0.4505208333333333,0.8173775405559021,HI-VAE_weibull
0.006829293870670378,0.9448390151515151,0.01471021058330914,0.8778319766358044,0.09133499109853387,4.0,0.4036458333333333,0.823269152033135,HI-VAE_weibull
0.006372264673015627,0.9512310606060607,0.008558354676376959,0.8778843507825052,0.0840683234259584,4.0,0.4921875,0.8321654797448476,HI-VAE_weibull
0.006168541718744785,0.9493371212121212,0.008357618521578163,0.8601028841288582,0.1450394783645205,5.0,0.3984375,0.8303230930650309,HI-VAE_weibull
0.007269087580208222,0.9436553030303031,0.014974240562469265,0.8421598565480999,0.1811855543950288,5.0,0.4635416666666667,0.8217174610802416,HI-VAE_weibull
0.007272900954107367,0.9469696969696969,0.025605849038197785,0.836055605365243,0.090597994866729,3.0,0.4375,0.8311703155381867,HI-VAE_weibull
0.006044319353878786,0.9488636363636364,0.0153666810592831,0.8744099031522135,0.10007724741808999,4.0,0.4583333333333333,0.8158737097702383,HI-VAE_weibull
0.006727129011908076,0.9427083333333335,0.012318565002423175,0.8301990217574634,0.20184738633747526,3.0,0.4765625,0.8233681301687664,HI-VAE_weibull
0.007234841281189445,0.9446022727272727,0.007561200996826369,0.8568765479223442,0.13191876977440323,5.0,0.4401041666666667,0.8145359955466556,HI-VAE_weibull
0.007253721094236226,0.9427083333333335,0.012424309859388617,0.8490164312789057,0.13162002710458412,3.0,0.3880208333333333,0.8343762064569253,HI-VAE_weibull
0.006252409004995044,0.9512310606060606,0.014645039360470385,0.8614126816450808,0.18324479235494573,1.0,0.4140625,0.825772564605499,HI-VAE_weibull
0.005748731182495939,0.9543087121212122,0.018774492701848274,0.8640762176989109,0.1275578902092144,6.0,0.4296875,0.8262579913162149,HI-VAE_weibull
0.006843713313353841,0.9398674242424243,0.008475149167307223,0.8596874417448579,0.12965501380153288,2.0,0.4479166666666667,0.8259081376228222,HI-VAE_weibull
0.006524975518769676,0.9462594696969696,0.02373440035695937,0.856372779646874,0.13344445095161855,2.0,0.4505208333333333,0.8282062651918373,HI-VAE_weibull
0.008415771480912777,0.9403409090909091,0.01933956918142502,0.840933058738937,0.12340405678520021,3.0,0.4036458333333333,0.8320376484482169,HI-VAE_weibull
0.00838452680541571,0.9405776515151515,0.01352628613626031,0.8438384923347328,0.13769151505158428,4.0,0.421875,0.8290085679823206,HI-VAE_weibull
0.007534165255660586,0.9417613636363636,0.018373361070246032,0.8625786721822266,0.21607155630837696,3.0,0.4505208333333333,0.8190435920578292,HI-VAE_weibull
0.006446778892500451,0.9474431818181817,0.0068828971759145605,0.8535494580607363,0.10891741200337612,4.0,0.4583333333333333,0.8296979099667193,HI-VAE_weibull
0.005660683292926491,0.9514678030303029,0.011308329852232266,0.8582649066586182,0.16535247559681227,4.0,0.4479166666666667,0.8348819085535915,HI-VAE_weibull
0.006212777208603026,0.9488636363636364,0.010937030921580002,0.8661241356046551,0.2027183160124902,3.0,0.4088541666666667,0.8210022137882459,HI-VAE_weibull
0.0064364639941383054,0.949810606060606,0.017792816542288373,0.8666279038801253,0.21006426293869776,2.0,0.4479166666666667,0.8338351312443385,HI-VAE_weibull
0.006436252665826736,0.9495738636363636,0.019593562754862584,0.8478167082404952,0.17787053840893688,3.0,0.3932291666666667,0.8207905589658,HI-VAE_weibull
0.005940216482793955,0.9467329545454546,0.01527436896158526,0.8696332034336134,0.1463382198706005,4.0,0.4713541666666667,0.8296715232318183,HI-VAE_weibull
0.007246779708825923,0.9434185606060606,0.03259500137789364,0.8357404727876363,0.12092598162103306,5.0,0.4661458333333333,0.8189451996103218,HI-VAE_weibull
0.007010800063933928,0.9441287878787878,0.009698152377092725,0.8729216784582471,0.15439154391817086,3.0,0.4348958333333333,0.8204507254605247,HI-VAE_weibull
0.0070603519342286565,0.9446022727272729,0.00427390242121734,0.8842686704956014,0.21648072511672378,4.0,0.4401041666666667,0.8249695657573748,HI-VAE_weibull
0.0054723777729044805,0.9512310606060606,0.015260471246363339,0.856556533009028,0.13640708299969106,4.0,0.4479166666666667,0.8238631914798937,HI-VAE_weibull
0.007639496418594327,0.9410511363636364,0.01681007689387583,0.8915650992889544,0.15907045041283174,5.0,0.4348958333333333,0.8261040218328785,HI-VAE_weibull
0.006037132324427949,0.9481534090909093,0.01811241565927615,0.8512405571188892,0.1343634277669147,4.0,0.46875,0.8267167984851518,HI-VAE_weibull
0.005904692708196405,0.9502840909090909,0.026740664453712894,0.8339118161401142,0.13432006313393108,4.0,0.484375,0.8216824944344632,HI-VAE_weibull
0.007111365711046394,0.9441287878787878,0.005493080935150534,0.8583931789331652,0.16927671467314132,2.0,0.4583333333333333,0.8179326433980131,HI-VAE_weibull
0.007686616130756594,0.9429450757575758,0.015764596440225768,0.8639692501620049,0.23349951351339163,5.0,0.421875,0.8358332121697138,HI-VAE_weibull
0.006560212719425939,0.9412878787878788,0.03462357781770015,0.8476422757010591,0.16758623575601037,4.0,0.4479166666666667,0.8183344775595903,HI-VAE_weibull
0.0067398531794446055,0.9436553030303031,0.01159566798662726,0.8594087047607211,0.09610079411677501,4.0,0.4244791666666667,0.823187701391752,HI-VAE_weibull
0.005976833351947331,0.9500473484848484,0.007825671144386035,0.8793690246868648,0.09419193337569254,4.0,0.4427083333333333,0.8250773365654758,HI-VAE_weibull
0.0071595569053878655,0.9412878787878789,0.023085587516022157,0.8653047909028772,0.1193844394464695,4.0,0.4296875,0.8245341065958279,HI-VAE_weibull
0.008053509012155083,0.9429450757575758,0.006715698074371043,0.8531380103150438,0.18860742316289056,3.0,0.4427083333333333,0.8309509491910979,HI-VAE_weibull
0.006461761329437518,0.9460227272727274,0.006039196818605998,0.8437155462445961,0.1619015849826797,5.0,0.4192708333333333,0.8182565679519154,HI-VAE_weibull
0.006169655742050645,0.9486268939393938,0.007881740575893746,0.8738306805975979,0.13277153634503677,3.0,0.4505208333333333,0.832038808046569,HI-VAE_weibull
0.007231428993696929,0.9495738636363636,0.008673414782145995,0.8351066568428154,0.13165339928912714,4.0,0.4244791666666667,0.822302040387778,HI-VAE_weibull
0.007135574451335455,0.9500473484848484,0.01083762348663342,0.8648516213793043,0.19612026530318638,4.0,0.4375,0.8173726842483293,HI-VAE_weibull
0.007439002543519955,0.9448390151515151,0.008142178272281812,0.8636545614330988,0.16031166427364751,5.0,0.4375,0.8254044939938946,HI-VAE_weibull
0.005583986905436747,0.9455492424242423,0.01975133766247422,0.8708462419330498,0.10404423536257197,2.0,0.4427083333333333,0.8240795195923665,HI-VAE_weibull
0.0068335250090065195,0.9495738636363636,0.013113723089148462,0.8626878589626369,0.11217863345380678,4.0,0.4505208333333333,0.8357553813993374,HI-VAE_weibull
0.007209958526092513,0.9415246212121212,0.009535180221702574,0.8555414510301727,0.10153976682093456,1.0,0.4453125,0.8244497023978412,HI-VAE_weibull
0.00954641698122253,0.9367897727272727,0.03929594462140272,0.8345527336641485,0.11257639344976215,4.0,0.4609375,0.8172421456100235,HI-VAE_weibull
0.006910034342982432,0.9453125,0.023332737219505663,0.8779060993688471,0.09021102713337108,4.0,0.4348958333333333,0.8137691441959938,HI-VAE_weibull
0.006973569820506747,0.9403409090909091,0.009146576133151152,0.8643549546830476,0.09475176121229804,4.0,0.4088541666666667,0.8272460252680682,HI-VAE_weibull
0.006508911371266333,0.9455492424242423,0.009852874420443568,0.8262714046035988,0.1615119426821287,6.0,0.4479166666666667,0.8318461594587064,HI-VAE_weibull
0.006335249067741374,0.9524147727272726,0.009371738678862157,0.8559151716362926,0.08805865140044374,2.0,0.4635416666666667,0.8157695139705228,HI-VAE_weibull
0.007217044628932917,0.9417613636363636,0.019840750813255703,0.8575272301177975,0.14281407551467104,4.0,0.4453125,0.8218368720454765,HI-VAE_weibull
0.006656875259734443,0.9455492424242425,0.014600903989739778,0.832074282518575,0.11603754072220675,4.0,0.4765625,0.8157787893918833,HI-VAE_weibull
0.00683443559704181,0.9453125,0.017423639659008817,0.8658986604646209,0.1657700917888481,5.0,0.4114583333333333,0.8346358782167637,HI-VAE_weibull
0.0062188200827113845,0.9507575757575758,0.007747344092924043,0.8481700118063756,0.12042941762904426,4.0,0.4296875,0.8222188473956317,HI-VAE_weibull
0.0062337473689943156,0.9457859848484849,0.015209555243812138,0.8557354129124464,0.09597860300624687,5.0,0.4583333333333333,0.834323717980697,HI-VAE_weibull
0.006068853134689838,0.9479166666666665,0.007980692325319675,0.8510483706314191,0.09840789924279227,4.0,0.46875,0.8313029299590607,HI-VAE_weibull
0.006245538462407187,0.9507575757575758,0.00920617854141006,0.8753388784831027,0.11813051298553552,6.0,0.4375,0.836578410540015,HI-VAE_weibull
0.005924273186650644,0.9491003787878788,0.006493075929221938,0.8661423334013902,0.17860953837632196,5.0,0.4869791666666667,0.826417590089841,HI-VAE_weibull
0.007587158354688211,0.9415246212121212,0.023625709548818076,0.8559742035135063,0.15367410717033633,6.0,0.4401041666666667,0.8296742839691295,HI-VAE_weibull
0.006893713642346294,0.9472064393939394,0.012362707829993713,0.843434590016955,0.17284466450947136,6.0,0.4583333333333333,0.8251540727727165,HI-VAE_weibull
0.0072344443019115665,0.941998106060606,0.010744156489118565,0.8569369113456604,0.10321338361740758,6.0,0.4479166666666667,0.8259766780726607,HI-VAE_weibull
0.006726299355732776,0.9467329545454546,0.01720518553534474,0.8659914248430995,0.08944009550818505,1.0,0.421875,0.8267375750484651,HI-VAE_weibull
0.006007436893291901,0.9519412878787878,0.019364342629395414,0.8621197326255426,0.1081516933380603,3.0,0.4348958333333333,0.8237175028605304,HI-VAE_weibull
0.006815511847873595,0.9469696969696969,0.008071076568755622,0.8575791604157974,0.1089144503282028,5.0,0.4609375,0.837437730663539,HI-VAE_weibull
0.007858615036343726,0.9382102272727273,0.024341683194999724,0.8774675768524025,0.14841999384931537,1.0,0.4296875,0.8240551870601464,HI-VAE_weibull
0.007959651154623111,0.9398674242424243,0.03493377188519785,0.8681920267019377,0.10730732989279797,1.0,0.4635416666666667,0.8207982797689932,HI-VAE_weibull
0.006593054905888307,0.9469696969696969,0.005595520891761909,0.8456045663154343,0.2244396568216236,3.0,0.4270833333333333,0.8248689555282351,HI-VAE_weibull
0.0077243435988032134,0.9448390151515152,0.02565141918253697,0.8494882424479144,0.12910897121843237,5.0,0.4557291666666667,0.8270646769101715,HI-VAE_weibull
0.005914127862027636,0.9495738636363636,0.029347787334729116,0.8949907235621521,0.147345971157365,5.0,0.4895833333333333,0.8153584909246184,HI-VAE_weibull
0.007702285157637989,0.9446022727272729,0.005281379765094221,0.853966231990839,0.12351881881263121,5.0,0.46875,0.8291031498671806,HI-VAE_weibull
0.007696258047925141,0.9358428030303029,0.016151192241538083,0.8793685808381639,0.11952275426888637,5.0,0.4505208333333333,0.8268418791414169,HI-VAE_weibull
0.006685446789626332,0.9502840909090909,0.008082033194032048,0.8724565250197512,0.11392592246007811,4.0,0.4479166666666667,0.8204469463172496,HI-VAE_weibull
0.005832491894689564,0.9519412878787878,0.012722537943854558,0.8330676159110881,0.09697814904081936,5.0,0.4713541666666667,0.8221036408776221,HI-VAE_weibull
0.006591048134840002,0.9460227272727273,0.01570226156396856,0.8723424559036317,0.11680269504933978,4.0,0.4453125,0.8346958945268953,HI-VAE_weibull
0.006372383459529213,0.948626893939394,0.008648833754327833,0.8676611836557153,0.15876157904808705,5.0,0.4479166666666667,0.8190277896407732,HI-VAE_weibull
0.006961844685624181,0.9434185606060606,0.012616651251346282,0.845936121294973,0.14215110770697206,2.0,0.4270833333333333,0.8248297190040176,HI-VAE_weibull
0.006006567895624705,0.9495738636363636,0.013805931083304843,0.839593967208458,0.1006897876177051,5.0,0.4739583333333333,0.8224576484085846,HI-VAE_weibull
0.007155401800804392,0.9493371212121211,0.007754493725482556,0.8654206354138001,0.2092298765770091,5.0,0.4244791666666667,0.8333087222617465,HI-VAE_weibull
0.006231425683333488,0.9528882575757577,0.011868147641629577,0.8601019964314564,0.17779708295601604,4.0,0.4401041666666667,0.8310912105066949,HI-VAE_weibull
0.0057102371759689095,0.9514678030303031,0.010495607309921244,0.8625897683997479,0.20234713532903914,5.0,0.4583333333333333,0.8203983424271839,HI-VAE_weibull
0.005709305331567858,0.9517045454545456,0.00879934483489105,0.8607495716860036,0.1648585814305028,3.0,0.4296875,0.8251191742531544,HI-VAE_weibull
0.0061430120782389455,0.9564393939393938,0.015658140705702976,0.8496697765665638,0.10304613020150594,6.0,0.4635416666666667,0.8225118310223258,HI-VAE_weibull
0.005969700957167163,0.9557291666666665,0.010369296995326604,0.8514167650531286,0.0844800365754923,4.0,0.4557291666666667,0.8290601228030701,HI-VAE_weibull
0.006254503494386501,0.9408143939393938,0.017162507886047205,0.8846810059386956,0.09933756045465568,1.0,0.4322916666666667,0.8277930014108189,HI-VAE_weibull
0.006628030567549254,0.9434185606060606,0.016817844825488735,0.8435934878518611,0.15396550228944136,4.0,0.4401041666666667,0.8366581589709349,HI-VAE_weibull
0.006996072878262213,0.9488636363636364,0.020636232372001358,0.8546857107349247,0.09366242702555781,4.0,0.4453125,0.8319479847662649,HI-VAE_weibull
0.0070978227547492,0.9469696969696969,0.023833884512666482,0.8624876831985514,0.12077324243934746,5.0,0.4453125,0.8249051857607319,HI-VAE_weibull
0.007007538469164238,0.9412878787878788,0.006293043224501614,0.8540621033102237,0.21137368938082357,5.0,0.4192708333333333,0.8310601930988638,HI-VAE_weibull
0.007385639147388115,0.9429450757575758,0.01155696585105055,0.8343627664201827,0.09972683489584677,5.0,0.4192708333333333,0.831328900667517,HI-VAE_weibull
0.007317092089082655,0.9479166666666665,0.010357578601029111,0.8473897257902726,0.17868018603427818,3.0,0.453125,0.8242231698584974,HI-VAE_weibull
0.006158760139986188,0.9519412878787878,0.01379792124129403,0.8820405500173101,0.12723231709181465,4.0,0.46875,0.8230515472289728,HI-VAE_weibull
0.006878986707244539,0.9476799242424242,0.012241471001800217,0.8571970066843614,0.14743791778841273,2.0,0.4609375,0.8173093067441476,HI-VAE_weibull
0.007343919186641468,0.9462594696969696,0.017879570718086567,0.8547935659692323,0.12630721962124264,5.0,0.4322916666666667,0.8264334887513136,HI-VAE_weibull
0.006824682673029348,0.944128787878788,0.00845999889760701,0.8703260512556479,0.17851151683897584,4.0,0.4296875,0.8241963897201421,HI-VAE_weibull
0.008032949543340603,0.9382102272727273,0.010133357666259927,0.8489875811133502,0.14628638873924013,5.0,0.4583333333333333,0.8234811900252592,HI-VAE_weibull
0.0064383316513597875,0.9450757575757577,0.02655928848565453,0.8561246682230962,0.13988644243979043,5.0,0.4401041666666667,0.8253244809961863,HI-VAE_weibull
0.006023960491636934,0.9450757575757577,0.013632810355723807,0.875925202616932,0.11974786850426346,3.0,0.4427083333333333,0.8345984602956515,HI-VAE_weibull
0.005799512187946956,0.9500473484848485,0.013021436429636392,0.8444723082795538,0.11827528724560776,4.0,0.4947916666666667,0.8217672786393346,HI-VAE_weibull
0.0072537134887512835,0.9457859848484849,0.017871163287171105,0.8625462712270642,0.13193036169826097,5.0,0.4322916666666667,0.8158807118122006,HI-VAE_weibull
0.0063695577059465,0.9495738636363638,0.010316041863261608,0.8571144508260025,0.16518050632639797,4.0,0.4505208333333333,0.8252853964281008,HI-VAE_weibull
0.005538464375159692,0.9521780303030304,0.009169379872928778,0.8425122724165787,0.1237304041080388,2.0,0.4583333333333333,0.8124133589381844,HI-VAE_weibull
0.006796101346691461,0.9491003787878788,0.011248602360074298,0.8688524735688098,0.09342915092770489,5.0,0.4479166666666667,0.8183526579991551,HI-VAE_weibull
0.006823145813922552,0.9453125,0.011701125216856543,0.8610576026843969,0.13132304018404317,4.0,0.453125,0.8289498407768652,HI-VAE_weibull
0.0054265599422077555,0.9509943181818182,0.02039755585119474,0.8539542480759158,0.13132639491959625,5.0,0.4401041666666667,0.8267226608695352,HI-VAE_weibull
0.007150479003858121,0.9453125,0.02039964970334567,0.8638183416037142,0.13399638930785526,4.0,0.4296875,0.8273994578909053,HI-VAE_weibull
0.005839395309074135,0.9493371212121211,0.02259982693014015,0.8651112728693043,0.17550695426825333,6.0,0.4192708333333333,0.8175355544553664,HI-VAE_weibull
0.00810358089491952,0.940814393939394,0.010089372238886403,0.860760667903525,0.11871595947912661,2.0,0.4375,0.8188381137525528,HI-VAE_weibull
0.006797010549072386,0.9438920454545454,0.012232788365899272,0.8652963577775609,0.19870646886348473,4.0,0.421875,0.814161989575577,HI-VAE_weibull
0.006226102289486424,0.950994318181818,0.01403458980796583,0.8888758200104748,0.2111953027205408,2.0,0.4375,0.8268366545088202,HI-VAE_weibull
0.006800568189259376,0.9443655303030304,0.009900056290964833,0.8740557118889314,0.15489478580969074,4.0,0.4322916666666667,0.8308102997838958,HI-VAE_weibull
0.0059106422579004855,0.953125,0.014727584527629454,0.8729873680659737,0.19291716282548307,7.0,0.4322916666666667,0.8236954987052296,HI-VAE_weibull
0.005886689050708468,0.9450757575757577,0.008472800811870636,0.8438549147366645,0.09366954904691506,3.0,0.421875,0.8043360479143508,HI-VAE_weibull
0.006921098649584162,0.946496212121212,0.014684485623806804,0.8546932561628392,0.16839359746782856,3.0,0.4010416666666667,0.8195253561378505,HI-VAE_weibull
0.005743822316317159,0.9502840909090909,0.007943228422779771,0.8520039768843597,0.141813101671544,5.0,0.4244791666666667,0.8193400937713647,HI-VAE_weibull
0.006568112209496111,0.9460227272727273,0.017165044453511098,0.8511926214591969,0.21242216016496207,3.0,0.4765625,0.8302318949789342,HI-VAE_weibull
0.005776048581302909,0.9524147727272727,0.017257594764346473,0.8360826801359952,0.14896158627262904,5.0,0.4505208333333333,0.8423573101189373,HI-VAE_weibull
0.006851959133294339,0.9457859848484848,0.00910360375314553,0.8475672652706144,0.19278668477658997,2.0,0.4088541666666667,0.822814031418888,HI-VAE_weibull
0.006630967506073501,0.9479166666666667,0.02307651075801124,0.8583647726163106,0.1002344477615656,5.0,0.4479166666666667,0.8321707456021145,HI-VAE_weibull
0.006600372804553745,0.9464962121212122,0.00795293752106884,0.8508641734205643,0.18265730819620243,5.0,0.4973958333333333,0.8146037996008304,HI-VAE_weibull
0.006869226506773932,0.9462594696969696,0.016823955299332918,0.8562329673061047,0.11192064882372856,4.0,0.4348958333333333,0.8264670019019787,HI-VAE_weibull
0.005832701774200575,0.9491003787878788,0.011798844780160347,0.8548734587353863,0.13721295541924125,4.0,0.4765625,0.8265084216956915,HI-VAE_weibull
0.006906393817008772,0.9405776515151515,0.009485892687913323,0.8549626723242583,0.2385044344361975,5.0,0.4401041666666667,0.8272409756730498,HI-VAE_weibull
0.006743923734302951,0.9460227272727271,0.012772832974663586,0.8733286877169311,0.15936008860650622,3.0,0.4583333333333333,0.8245239206665305,HI-VAE_weibull
0.005825807313723872,0.9476799242424243,0.005395446822862616,0.839857169488065,0.10649375943638305,10.0,0.4609375,0.8168071322513859,HI-VAE_weibull
0.00653349061590578,0.9460227272727273,0.0065127530362640825,0.8443227312673656,0.14580279049136693,5.0,0.4453125,0.8240556137048869,HI-VAE_weibull
0.00723952716490455,0.9417613636363636,0.026465286029668307,0.8715759291972554,0.1445187843555031,5.0,0.4322916666666667,0.829523992059981,HI-VAE_weibull
0.007216892568036547,0.9422348484848485,0.020886522853374466,0.8522192435042741,0.12626914824398763,4.0,0.4348958333333333,0.8273730447375299,HI-VAE_weibull
0.0061723869078469055,0.9431818181818182,0.00751098982561493,0.8497993803872136,0.12569460770101817,3.0,0.4557291666666667,0.8306262494363605,HI-VAE_weibull
0.0068702703404982775,0.9448390151515152,0.01697062122758884,0.8609204534358327,0.09022274690806605,5.0,0.4609375,0.8320387079119816,HI-VAE_weibull
0.006908945965044241,0.9505208333333333,0.011615597911892542,0.8605525028628241,0.1386747546086744,3.0,0.46875,0.8245271522915578,HI-VAE_weibull
0.00897001060774462,0.9348958333333333,0.02336156904512077,0.8387484354333294,0.11587893849616558,3.0,0.4375,0.8335261411912334,HI-VAE_weibull
0.004956193724054739,0.9543087121212122,0.024764102595109867,0.857015028717011,0.1909430773096831,3.0,0.4583333333333333,0.8196725049090643,HI-VAE_weibull
0.00657305960816111,0.9507575757575758,0.016431308163802737,0.8681241178507071,0.16950379917241679,3.0,0.4583333333333333,0.8226615140848185,HI-VAE_weibull
0.0055817564206292825,0.9571496212121211,0.013661654442818647,0.8657197894381762,0.1476514388098614,7.0,0.4505208333333333,0.8162682008021335,HI-VAE_weibull
0.006027939316168992,0.9493371212121212,0.01152482041949113,0.8709021668693577,0.10012304810350851,4.0,0.421875,0.8156191062316285,HI-VAE_weibull
0.0070056286527606796,0.9446022727272727,0.020827519492373256,0.8756788665879576,0.1777855504171276,4.0,0.4192708333333333,0.8264573798633567,HI-VAE_weibull
0.00788568285018765,0.9462594696969696,0.006052928661381435,0.8471682452885461,0.0931453947113499,6.0,0.4817708333333333,0.8184084726902234,HI-VAE_weibull
0.00742488594559013,0.9455492424242423,0.006319407927010782,0.8715315443271697,0.19391569177554935,6.0,0.421875,0.8239236050550526,HI-VAE_weibull
0.0069073739478976584,0.9436553030303031,0.013329280522026048,0.8468016262616398,0.1214432828499148,4.0,0.4557291666666667,0.8254468548103395,HI-VAE_weibull
0.0069184484645078426,0.9427083333333333,0.01578250578051663,0.8406716318541336,0.1472477006448685,4.0,0.421875,0.8242020805845737,HI-VAE_weibull
0.005785608679007579,0.9538352272727271,0.0074824371166988205,0.8798918784564718,0.1321534746912478,4.0,0.4427083333333333,0.8191884823536244,HI-VAE_weibull
0.005746315802945009,0.9517045454545454,0.009517111378253233,0.8712053155320415,0.09366095572074178,3.0,0.40625,0.8186043079324471,HI-VAE_weibull
0.006705729669789432,0.9438920454545454,0.019629486455613618,0.8474230144428366,0.1491193501711169,5.0,0.4401041666666667,0.8231153346318357,HI-VAE_weibull
0.006474924881670327,0.9526515151515152,0.011509660784466908,0.8496431456445126,0.1152869465858082,6.0,0.4765625,0.8270419516664044,HI-VAE_weibull
0.006657644858164233,0.9467329545454546,0.016368251828017554,0.839908655937364,0.09500722822435052,6.0,0.4427083333333333,0.8190319959532657,HI-VAE_weibull
0.006568752618164301,0.9457859848484849,0.03135179970927517,0.8470705985743578,0.10994750384754692,3.0,0.4505208333333333,0.8192042847597539,HI-VAE_weibull
0.005958851019809288,0.9493371212121212,0.018628034623679394,0.8727392566421959,0.14404301144631929,3.0,0.5,0.8244106373665162,HI-VAE_weibull
0.007552133567641872,0.948153409090909,0.022565193834505087,0.8608174805372345,0.08747397646087408,4.0,0.4296875,0.8148859437097753,HI-VAE_weibull
0.006941095244700457,0.9429450757575758,0.009983814662386882,0.8632382313516969,0.21260070306195542,4.0,0.4453125,0.825280099774272,HI-VAE_weibull
0.007118574628412513,0.9540719696969696,0.015959209691535175,0.8586057824608748,0.169376598124276,4.0,0.4244791666666667,0.8310666159747274,HI-VAE_weibull
0.006004976226163317,0.9455492424242425,0.008338373285322857,0.8738218036235808,0.13927053297028166,4.0,0.4453125,0.8258141187646285,HI-VAE_weibull
0.007900825092651508,0.9391571969696969,0.009296871836841348,0.8626718804094059,0.1883943753135783,1.0,0.4557291666666667,0.8118975085010792,HI-VAE_weibull
0.007569271297485156,0.941998106060606,0.013022160087631641,0.85419525792048,0.17553976497961762,5.0,0.4270833333333333,0.8340007405085837,HI-VAE_weibull
0.00538849360073548,0.9493371212121212,0.007861939807389622,0.8480679266051787,0.10305424733365377,2.0,0.4270833333333333,0.8299401862753953,HI-VAE_weibull
0.005913723841738542,0.9538352272727273,0.01242025316390092,0.8406911611969712,0.10365446804889596,4.0,0.4583333333333333,0.8234170663776659,HI-VAE_weibull
0.0065998369295889375,0.9441287878787878,0.02399393077161783,0.8395788763526288,0.14684464706982947,3.0,0.4427083333333333,0.832906707833215,HI-VAE_weibull
0.006341485748369565,0.9467329545454546,0.01010751728574979,0.8286029418291893,0.1426122963952762,3.0,0.4192708333333333,0.8289812202832739,HI-VAE_weibull
0.00733153993095187,0.9386837121212122,0.02026659357372839,0.8426405446911256,0.09170444173813075,4.0,0.4791666666666667,0.8201245223644852,HI-VAE_weibull
0.005147804364800902,0.9557291666666667,0.010260721286290651,0.8643234414252869,0.1277795807639819,3.0,0.4140625,0.819247471748024,HI-VAE_weibull
0.006008405842529637,0.9479166666666667,0.013504645599671336,0.8769145413711374,0.19410202482912112,5.0,0.453125,0.8336523703370028,HI-VAE_weibull
0.007427487428243585,0.9446022727272727,0.004824215683991241,0.8439592191813654,0.08172810697258336,2.0,0.4609375,0.8333051077348969,HI-VAE_weibull
0.006279963175506651,0.948626893939394,0.014426326648849967,0.875344204667513,0.18809122656500868,4.0,0.4609375,0.8334504798513875,HI-VAE_weibull
0.0059751480337901985,0.9521780303030304,0.010368323534509893,0.849184206087829,0.21676265736383193,6.0,0.4869791666666667,0.822097439205787,HI-VAE_weibull
0.007854075813739545,0.9403409090909091,0.032794240772261916,0.8451070119217761,0.15303647203262452,2.0,0.4765625,0.8348512462220968,HI-VAE_weibull
0.0072599807500139495,0.9386837121212122,0.019378991629515747,0.8963599968042892,0.12731250760170043,5.0,0.4583333333333333,0.8237130010604087,HI-VAE_weibull
0.007215718557637957,0.9424715909090909,0.00933661510691326,0.8403298683544754,0.15945234250074414,6.0,0.4557291666666667,0.8420153759339988,HI-VAE_weibull
0.006189580836963005,0.9419981060606062,0.007433846703583695,0.8485495024456065,0.16300107473300796,4.0,0.4192708333333333,0.8337514082164061,HI-VAE_weibull
0.006668929175426194,0.9450757575757577,0.02134940422610557,0.8353809553399436,0.14907235971391652,6.0,0.4348958333333333,0.8153491269141728,HI-VAE_weibull
0.005932704024191619,0.9472064393939394,0.009646771957099553,0.8735927776939396,0.1224702673934296,4.0,0.4296875,0.8226095420153977,HI-VAE_weibull
0.006976310336593467,0.9453125,0.006559008058420903,0.8694889526058358,0.12345913625892062,3.0,0.4322916666666667,0.8137236860215298,HI-VAE_weibull
0.007158227888333194,0.9443655303030304,0.020160291892329114,0.8405344826055694,0.12815409982342985,4.0,0.4609375,0.8217308185972437,HI-VAE_weibull
0.006553540875132922,0.9486268939393938,0.010166445830450382,0.8567034469290109,0.14733625908715506,4.0,0.4244791666666667,0.8227547137887129,HI-VAE_weibull
0.006200723763635268,0.9495738636363636,0.010504531525912377,0.8577593629883445,0.1488063701753648,6.0,0.4713541666666667,0.8367739299859706,HI-VAE_weibull
0.005407568994407349,0.955255681818182,0.011736122788896143,0.8765279491526929,0.11451390180982512,3.0,0.4505208333333333,0.8163758471871015,HI-VAE_weibull
0.005802038541874316,0.9467329545454544,0.012858960310633091,0.8604881448012002,0.22249557974224757,5.0,0.4375,0.8316175844771775,HI-VAE_piecewise
0.004646178262049949,0.9592803030303031,0.010497740234459051,0.8494008042538461,0.10908182398027315,2.0,0.4583333333333333,0.8118486058007188,HI-VAE_piecewise
0.006459100558992164,0.9481534090909091,0.010652545924269218,0.8478362375833324,0.13957840498608215,8.0,0.4270833333333333,0.8301939850659253,HI-VAE_piecewise
0.006147416398614969,0.9467329545454546,0.01921141814692175,0.852736771089471,0.0979836647985076,5.0,0.4713541666666667,0.8191718400526304,HI-VAE_piecewise
0.005608983828555642,0.9507575757575758,0.022243327298949737,0.8291262394474972,0.17246147500668826,3.0,0.4921875,0.8289727048738186,HI-VAE_piecewise
0.005348273913327161,0.9491003787878788,0.008628353982662757,0.8543261932872322,0.09620912897116433,3.0,0.4661458333333333,0.8117479623723104,HI-VAE_piecewise
0.005712295971004518,0.9483901515151515,0.007942581619223475,0.8380737854080301,0.12315364085440746,3.0,0.4322916666666667,0.8159341554369153,HI-VAE_piecewise
0.006095055559104937,0.9491003787878788,0.008539999605441242,0.8710947972055285,0.12002204801476074,5.0,0.4713541666666667,0.8329052244360476,HI-VAE_piecewise
0.005709283499400336,0.9474431818181818,0.005920385155119396,0.8655888540714243,0.09701524335320637,3.0,0.4166666666666667,0.8128408661397144,HI-VAE_piecewise
0.0060136487435109775,0.9521780303030304,0.006020245010556345,0.846098126070785,0.1173054314860687,1.0,0.4192708333333333,0.8272717386720798,HI-VAE_piecewise
0.005715183671976137,0.9514678030303031,0.003245178725930674,0.8546257911603092,0.14094096472056705,4.0,0.4583333333333333,0.8299696426786218,HI-VAE_piecewise
0.004939820135745638,0.9554924242424242,0.0067533066388549955,0.835569591037807,0.1520854304873668,4.0,0.4453125,0.8163641910106487,HI-VAE_piecewise
0.006600605601772076,0.9427083333333333,0.022288170393524237,0.8362864066896876,0.12758250517592432,6.0,0.4817708333333333,0.8327350297577422,HI-VAE_piecewise
0.0050014936261545025,0.9552556818181818,0.008594264849151129,0.8613709598672005,0.21561617591063062,6.0,0.46875,0.8212739246229471,HI-VAE_piecewise
0.005130475643124661,0.951941287878788,0.0156870989820402,0.8639368492068424,0.1484972195571125,5.0,0.4453125,0.8218770586315892,HI-VAE_piecewise
0.00550360294210816,0.9509943181818182,0.008352704998373168,0.8498357759806836,0.11047649989937192,3.0,0.4453125,0.8228941592425313,HI-VAE_piecewise
0.004601201215728498,0.9559659090909091,0.006456431935135467,0.8573914124153358,0.11516847040453071,5.0,0.46875,0.8180432581555601,HI-VAE_piecewise
0.00587731940231217,0.9521780303030302,0.009372626911872102,0.8504904528144447,0.1982730832406676,3.0,0.4453125,0.8245224665628305,HI-VAE_piecewise
0.005510073801725075,0.9495738636363636,0.02042079034960287,0.8656589821661592,0.10586179471622649,6.0,0.4505208333333333,0.8352994412196315,HI-VAE_piecewise
0.005192007853725657,0.9491003787878789,0.01792410091009438,0.8470506253828194,0.10247333133412151,5.0,0.421875,0.8184242741729307,HI-VAE_piecewise
0.005874977877963178,0.9502840909090909,0.023733469882339167,0.845269016697588,0.08912218894319575,4.0,0.4244791666666667,0.823108420445263,HI-VAE_piecewise
0.007005917461248259,0.9441287878787878,0.027612928314829664,0.872423236367187,0.09221117365212199,3.0,0.4739583333333333,0.8300646454901087,HI-VAE_piecewise
0.005417138242288121,0.9481534090909091,0.0083230767063833,0.8613434412477474,0.18067376653363207,6.0,0.4921875,0.8309801939860008,HI-VAE_piecewise
0.006052443750352982,0.9505208333333335,0.007516898726262902,0.8638352078543466,0.1589721634826776,2.0,0.4088541666666667,0.8282446293297496,HI-VAE_piecewise
0.006325564229741093,0.9483901515151515,0.028461982483394592,0.8453964012747335,0.21781244477731088,6.0,0.4765625,0.8200329934280611,HI-VAE_piecewise
0.0054043561896170884,0.9467329545454546,0.008869438919077498,0.8366521380191919,0.07296082760322495,1.0,0.4609375,0.822953420942221,HI-VAE_piecewise
0.00586862892927913,0.9495738636363636,0.007609397067469082,0.8568459223619854,0.09679537931183717,6.0,0.4635416666666667,0.8322585682687708,HI-VAE_piecewise
0.0060868704466609585,0.954308712121212,0.011855945989982507,0.8621303849943631,0.11459043733510378,2.0,0.484375,0.8212295999773381,HI-VAE_piecewise
0.005457839760808033,0.9474431818181818,0.006907439364893839,0.8457949774081012,0.11414827016132445,1.0,0.46875,0.8328800330655258,HI-VAE_piecewise
0.006155353196097093,0.9524147727272729,0.024513154972045002,0.8616727769837818,0.10056185277011298,6.0,0.4713541666666667,0.8244014132865666,HI-VAE_piecewise
0.007971424841752244,0.9384469696969698,0.013318278220018305,0.8451527283379642,0.16614533719337718,6.0,0.4557291666666667,0.8267071966455227,HI-VAE_piecewise
0.005011691696224227,0.9557291666666667,0.009509240337432614,0.8505193029800002,0.13673150823873573,5.0,0.4322916666666667,0.817606190230764,HI-VAE_piecewise
0.005892479636708505,0.9500473484848485,0.012898358561573243,0.8478642000514863,0.20100642393103474,4.0,0.4661458333333333,0.8314492971221268,HI-VAE_piecewise
0.006248524271406827,0.9543087121212122,0.010454149878974953,0.8613026071672689,0.11015087715213594,6.0,0.4453125,0.8307881164505221,HI-VAE_piecewise
0.006962855097248632,0.9422348484848484,0.016974519578076074,0.8688538051149125,0.09327897289069771,7.0,0.5052083333333334,0.8261861479111422,HI-VAE_piecewise
0.006451854307246412,0.9448390151515151,0.024237080915249815,0.8601854399872171,0.19667616627984208,3.0,0.4244791666666667,0.8293476488602208,HI-VAE_piecewise
0.005519112868946601,0.9502840909090909,0.015887289617482613,0.8439592191813654,0.10502150676805527,5.0,0.4609375,0.8170078702490692,HI-VAE_piecewise
0.005824689268674715,0.9533617424242425,0.004867382635681368,0.836929987305927,0.13646737899810335,3.0,0.4661458333333333,0.8249449233198378,HI-VAE_piecewise
0.005698796696777638,0.9481534090909091,0.004633114258988428,0.8526857284888727,0.14255653471564275,6.0,0.453125,0.8289049351642213,HI-VAE_piecewise
0.0044144513839304905,0.9528882575757575,0.006311372090437192,0.8458011912899132,0.08236314025199197,1.0,0.4713541666666667,0.8225377550086997,HI-VAE_piecewise
0.004561161243280859,0.9578598484848485,0.009730539887416931,0.8643687139927743,0.09670055982441718,7.0,0.46875,0.8230700729968073,HI-VAE_piecewise
0.005990002011177813,0.9448390151515151,0.01317732235452516,0.8481580278914524,0.11040564095570571,6.0,0.4791666666666667,0.8221967042403543,HI-VAE_piecewise
0.005734005665416969,0.9450757575757577,0.028755772830553833,0.8541100389699159,0.11159134822061308,5.0,0.4765625,0.8082366549390123,HI-VAE_piecewise
0.006271439350595608,0.9488636363636366,0.02916296610990287,0.8536364524061039,0.16810299663362116,5.0,0.4192708333333333,0.831730362606623,HI-VAE_piecewise
0.004833974592988664,0.9538352272727274,0.020363374068855845,0.8593927262074903,0.11140911660683424,5.0,0.4869791666666667,0.8137759124643773,HI-VAE_piecewise
0.004833186663686538,0.9528882575757575,0.004729379145398759,0.8776016191600607,0.1923095546219796,3.0,0.4296875,0.8294329376023993,HI-VAE_piecewise
0.006206140434905575,0.9464962121212122,0.007174524592850156,0.8607668817853369,0.13770349065349013,2.0,0.4557291666666667,0.8297159333374228,HI-VAE_piecewise
0.00609215756585467,0.9500473484848485,0.007019626573564523,0.8470697108769562,0.10718446447847974,4.0,0.4427083333333333,0.8167823191018154,HI-VAE_piecewise
0.006119489572132911,0.9509943181818182,0.007762150246539011,0.8231680144872217,0.15227529395503187,4.0,0.4348958333333333,0.821564211900055,HI-VAE_piecewise
0.006079802066257586,0.9517045454545454,0.027430952624948466,0.861748675111628,0.08705069366665154,5.0,0.46875,0.8315739317284113,HI-VAE_piecewise
0.006115337219585607,0.9486268939393938,0.007688769554304466,0.8526209265785478,0.11636071905924045,5.0,0.4557291666666667,0.8220257984999041,HI-VAE_piecewise
0.0058995432316358235,0.9521780303030302,0.018779556907112062,0.8749580562977692,0.09147473871975087,2.0,0.4401041666666667,0.8297605728998823,HI-VAE_piecewise
0.005992012618837672,0.9453125,0.021253240775206978,0.8259615982104022,0.17095865578550917,4.0,0.4088541666666667,0.8245155106882518,HI-VAE_piecewise
0.005437238568656234,0.9535984848484849,0.00730053140266941,0.8673713504540572,0.11658556479814448,6.0,0.4401041666666667,0.8329688020763085,HI-VAE_piecewise
0.005178287215068793,0.9545454545454547,0.01406833723419548,0.840095072391723,0.18809265849392132,5.0,0.4322916666666667,0.8264410963911988,HI-VAE_piecewise
0.006103830979810873,0.9502840909090909,0.014136250857167744,0.8748786073803162,0.10382077296269247,3.0,0.4791666666666667,0.8286343690775155,HI-VAE_piecewise
0.006322407464581878,0.9481534090909091,0.016128137633604666,0.8568947457190792,0.08393118203898149,4.0,0.4713541666666667,0.820902653949894,HI-VAE_piecewise
0.004919023397124077,0.9592803030303029,0.016991073892683298,0.8482392522037088,0.10644217277695613,6.0,0.4583333333333333,0.827542317600776,HI-VAE_piecewise
0.0054454709814343106,0.9483901515151516,0.013285651466720607,0.8349925877266958,0.09617634287765127,5.0,0.4947916666666667,0.8391381501359749,HI-VAE_piecewise
0.005315058640428565,0.9521780303030302,0.011984781861808468,0.8474207951993324,0.10253600004643826,3.0,0.4296875,0.8262621530912484,HI-VAE_piecewise
0.006694971377220056,0.948626893939394,0.013828854131954558,0.8507319065077097,0.12428821808901869,4.0,0.46875,0.817146555376017,HI-VAE_piecewise
0.006343045190025565,0.953125,0.006146453084641214,0.857592919725524,0.13351627924135376,5.0,0.4739583333333333,0.8240200739846824,HI-VAE_piecewise
0.005064451700695912,0.9500473484848485,0.01304396158032175,0.8457767796113661,0.099045675523782,4.0,0.4609375,0.8281770614012766,HI-VAE_piecewise
0.0052431317448489575,0.9505208333333333,0.006053600031984516,0.8431953555671943,0.1496662324722281,8.0,0.4557291666666667,0.8127576093176208,HI-VAE_piecewise
0.006919868483505784,0.9455492424242423,0.029548560418332974,0.8369481851026622,0.09795672258278827,4.0,0.4557291666666667,0.8172971120978251,HI-VAE_piecewise
0.005618324919566023,0.9502840909090909,0.012301638585301799,0.8314919530230533,0.11562410560351226,5.0,0.4375,0.8130092698228673,HI-VAE_piecewise
0.0061429857126526774,0.9491003787878788,0.010300566788771648,0.8411141490088859,0.13569810032987473,4.0,0.4765625,0.8240920248075887,HI-VAE_piecewise
0.00625839357026528,0.9457859848484849,0.00992653947422961,0.8504824635378292,0.14451755281765857,3.0,0.4427083333333333,0.8265356166083065,HI-VAE_piecewise
0.005478759638421328,0.9483901515151516,0.008166447173301549,0.874331785780863,0.17483031707242044,6.0,0.4583333333333333,0.8255897153377498,HI-VAE_piecewise
0.0058420298715474855,0.9554924242424242,0.029543416733852204,0.8414820995818945,0.13424903375221292,5.0,0.4505208333333333,0.8322086125494546,HI-VAE_piecewise
0.005795664058357824,0.9464962121212122,0.013719276861658929,0.8464847182892296,0.12258163759263747,6.0,0.4583333333333333,0.8251120315781102,HI-VAE_piecewise
0.0062668557607752605,0.9460227272727273,0.03667828515566054,0.8397249025752102,0.09915848464471078,3.0,0.4270833333333333,0.8149478272227909,HI-VAE_piecewise
0.005490373881221294,0.9543087121212122,0.006633302540863554,0.8788541601938732,0.10915208084625538,4.0,0.4583333333333333,0.823035887120172,HI-VAE_piecewise
0.006635687992705458,0.9379734848484849,0.014174612351922225,0.8472885282864777,0.19690340220167657,8.0,0.4375,0.8333200520491464,HI-VAE_piecewise
0.0062702979383049105,0.9500473484848485,0.04578282849538757,0.8407572946533985,0.08315039973110827,1.0,0.46875,0.8213400500679028,HI-VAE_piecewise
0.005030661908662026,0.9611742424242423,0.009097605694680965,0.8455730530576737,0.10069617109097867,2.0,0.4739583333333333,0.8165598955216637,HI-VAE_piecewise
0.004255361567039847,0.9554924242424242,0.015992252857978173,0.8537278852384798,0.19904145444273938,3.0,0.4635416666666667,0.8224044179678183,HI-VAE_piecewise
0.005924952513302383,0.9462594696969696,0.004540443655413499,0.8471269673593665,0.09841980839138391,1.0,0.4817708333333333,0.819889394659047,HI-VAE_piecewise
0.005373737871369844,0.9505208333333333,0.016689681345199343,0.8632062742452351,0.09571299290241475,3.0,0.4401041666666667,0.8195715901114875,HI-VAE_piecewise
0.0046419947969117215,0.9585700757575758,0.013298964458135285,0.8280996174024198,0.165445496354329,6.0,0.4739583333333333,0.8145494574627452,HI-VAE_piecewise
0.005322598924272211,0.9521780303030304,0.012832587052753407,0.8497328030820854,0.09495218978365967,4.0,0.4453125,0.815900108802654,HI-VAE_piecewise
0.006747108574079909,0.9460227272727273,0.03343008680100557,0.8583505694578832,0.14995131104661985,2.0,0.4583333333333333,0.8209918373651113,HI-VAE_piecewise
0.005153928512497958,0.9524147727272727,0.008380820804159101,0.8306513035836345,0.18582599427594215,5.0,0.4114583333333333,0.8213701417877318,HI-VAE_piecewise
0.005300801265102042,0.9517045454545454,0.010193278711390428,0.8557540545578822,0.08752494155148416,6.0,0.453125,0.8175438768860341,HI-VAE_piecewise
0.005471065644079493,0.9521780303030302,0.015281624827726843,0.8636572245253038,0.19291469691419225,8.0,0.4479166666666667,0.8180508778930188,HI-VAE_piecewise
0.005497829793400562,0.948153409090909,0.005101138988254667,0.8415517838279287,0.14652944345215624,8.0,0.4244791666666667,0.8325383973580744,HI-VAE_piecewise
0.006544082515186317,0.950994318181818,0.008168356607860658,0.8376405890759957,0.18562958207016847,3.0,0.4505208333333333,0.821135598737772,HI-VAE_piecewise
0.005683755878534238,0.9557291666666665,0.02481229140894352,0.8840152328874133,0.10804329915536155,3.0,0.4609375,0.8264803952249368,HI-VAE_piecewise
0.005509269860231888,0.9552556818181818,0.011626950002967266,0.8766540021837356,0.18828899902035226,4.0,0.484375,0.8184644566670035,HI-VAE_piecewise
0.005622745589137653,0.9512310606060607,0.004966466737634251,0.8642266824085005,0.09256391391552232,3.0,0.4661458333333333,0.8269746481780839,HI-VAE_piecewise
0.0059038147367789446,0.9443655303030304,0.00472130583101162,0.833942441700473,0.09114126201294821,7.0,0.4609375,0.8301281953147144,HI-VAE_piecewise
0.005231766284917206,0.9528882575757577,0.008679268073784087,0.8483031664166318,0.09328699397481925,6.0,0.46875,0.8205666281270205,HI-VAE_piecewise
0.006170854702755826,0.9540719696969696,0.016234231571514025,0.8595964527611827,0.09708687686429542,2.0,0.4192708333333333,0.8262494322738793,HI-VAE_piecewise
0.006380290367176802,0.9488636363636364,0.006204410045794992,0.8386547833574491,0.1086359292711228,2.0,0.4192708333333333,0.820120722548245,HI-VAE_piecewise
0.006543944006633565,0.9500473484848485,0.014502483903662896,0.8346379526147126,0.13618636176558493,6.0,0.4244791666666667,0.8157209238090966,HI-VAE_piecewise
0.005200222841948417,0.9505208333333333,0.007211290364687346,0.8408713637695182,0.10418646928207796,2.0,0.4270833333333333,0.8190488807883632,HI-VAE_piecewise
0.007146535587511723,0.9403409090909093,0.03573451945740252,0.8698835341008957,0.1439246050473425,5.0,0.484375,0.8235295909507732,HI-VAE_piecewise
0.006921531441342475,0.9429450757575758,0.022727348504428375,0.8737823010892047,0.19116520442545046,1.0,0.4895833333333333,0.8083078577033774,HI-VAE_piecewise
0.005923199133380557,0.9521780303030304,0.008375882193352915,0.8260947528206584,0.1754500941803432,6.0,0.46875,0.8225201186208931,HI-VAE_piecewise
0.0045369932708990545,0.9573863636363636,0.006664225743194368,0.8524358416702913,0.19618902033792315,7.0,0.4244791666666667,0.8320423109723554,HI-VAE_piecewise
0.006345901062052891,0.9505208333333335,0.03343092866261869,0.8448584566492974,0.16542047020583775,5.0,0.4791666666666667,0.8285792551980905,HI-VAE_piecewise
0.005969385115856052,0.9533617424242423,0.01316624109592568,0.8608334590904653,0.15134041503959358,7.0,0.4921875,0.831994626965617,HI-VAE_piecewise
0.0063940691684482905,0.9483901515151516,0.013661761805649722,0.8583057407390967,0.0870527328911565,2.0,0.453125,0.8225635456951279,HI-VAE_piecewise
0.006197430906123471,0.9448390151515151,0.01734992756594998,0.8510479267827182,0.15011033863559145,5.0,0.4505208333333333,0.8253753583101636,HI-VAE_piecewise
0.0059701411119516485,0.9460227272727271,0.006779742130525943,0.8337258435344559,0.15651515598267543,6.0,0.4479166666666667,0.8202829389961567,HI-VAE_piecewise
0.0054494223701940896,0.9505208333333333,0.00694474097570508,0.8669554642213562,0.09766207828712571,4.0,0.4270833333333333,0.8223939953012511,HI-VAE_piecewise
0.005456185786252126,0.9562026515151515,0.0071552690627422885,0.8561921332256262,0.13878154764378267,5.0,0.4348958333333333,0.8288818260382748,HI-VAE_piecewise
0.005698514449014116,0.9524147727272727,0.0068516330714511455,0.8692386219385536,0.11467415307070988,6.0,0.5,0.8178164660961037,HI-VAE_piecewise
0.005360425844005308,0.9528882575757577,0.011693829131514786,0.857797090127917,0.2055381966793087,6.0,0.4661458333333333,0.8290918472169302,HI-VAE_piecewise
0.006389802366685896,0.9491003787878788,0.018863852645729533,0.8730601592529139,0.17988443836471468,5.0,0.4713541666666667,0.8141883270594654,HI-VAE_piecewise
0.006288947254732092,0.9457859848484849,0.009934190315941407,0.8493337831000168,0.10735409300055376,5.0,0.4661458333333333,0.8275002685547312,HI-VAE_piecewise
0.005919860931890294,0.9467329545454546,0.007668036894492706,0.85142786127065,0.1554955659916825,5.0,0.484375,0.8240940685997072,HI-VAE_piecewise
0.005166843242288136,0.9519412878787878,0.010011556834701141,0.8387919326060134,0.15558357294871047,7.0,0.4609375,0.8296844593107314,HI-VAE_piecewise
0.005644374970854629,0.9512310606060606,0.02241508192278261,0.8380116465899103,0.11254039512557756,4.0,0.484375,0.8281716843550743,HI-VAE_piecewise
0.006249804245786351,0.9472064393939394,0.019826802082692434,0.8280179492414625,0.09714217742389523,7.0,0.4609375,0.8178356300010634,HI-VAE_piecewise
0.006565078141569255,0.9457859848484849,0.02753016307361326,0.8491819868443246,0.19738646619064906,4.0,0.5078125,0.8296521667576621,HI-VAE_piecewise
0.005681104848534785,0.9493371212121211,0.008007036028870434,0.8503879237645471,0.09776142298344731,7.0,0.4296875,0.8206068593242143,HI-VAE_piecewise
0.005820469654528643,0.9512310606060606,0.019484580443788996,0.8450972472503573,0.1202558501935832,4.0,0.4375,0.8332686994637971,HI-VAE_piecewise
0.00625476551267283,0.9450757575757575,0.01357423097996611,0.8389752421194665,0.09469590807335565,3.0,0.4895833333333333,0.8223874544438826,HI-VAE_piecewise
0.005654971461264192,0.9479166666666667,0.015610905816783675,0.8445712865398443,0.11297242564295336,4.0,0.4505208333333333,0.8234004333437301,HI-VAE_piecewise
0.005759517703797338,0.9512310606060606,0.0064468753833671994,0.854357262696292,0.16150526344902225,4.0,0.4817708333333333,0.8402382101277841,HI-VAE_piecewise
0.0053208665638327345,0.9562026515151516,0.009805642433580734,0.8325278958908487,0.2261142460856749,4.0,0.4192708333333333,0.8230788884499858,HI-VAE_piecewise
0.005015474278794385,0.9557291666666667,0.005403889201761441,0.8595289877586527,0.17279713793026738,7.0,0.484375,0.819603428163955,HI-VAE_piecewise
0.005936409676009368,0.9483901515151515,0.01680157473989037,0.8617504505064314,0.1907092789771527,3.0,0.46875,0.8256597513147808,HI-VAE_piecewise
0.005571928455805137,0.9476799242424242,0.008960652912431099,0.8518202235222059,0.08653251915505061,2.0,0.4635416666666667,0.8120027230353896,HI-VAE_piecewise
0.006027565922514507,0.9483901515151515,0.014806493506767826,0.857036333454652,0.09056717641806666,1.0,0.4817708333333333,0.8199740964782026,HI-VAE_piecewise
0.005215223281456769,0.9566761363636364,0.01187966855191346,0.8596648054611145,0.15253216046693321,6.0,0.4713541666666667,0.8388729012430154,HI-VAE_piecewise
0.005033371266149201,0.9562026515151515,0.012656733754221635,0.8269038890023168,0.09897540643551565,5.0,0.4609375,0.8234216846614046,HI-VAE_piecewise
0.005709666238601465,0.9505208333333333,0.010885578821888292,0.8665062893360911,0.10102261756553103,3.0,0.4270833333333333,0.8280049102717041,HI-VAE_piecewise
0.006049465783157445,0.9462594696969696,0.013441266952045474,0.866845833592245,0.11608283427797846,2.0,0.4869791666666667,0.821725010736751,HI-VAE_piecewise
0.005384817061708788,0.9495738636363636,0.007259869071582156,0.8394617002956032,0.08749818849727992,2.0,0.4270833333333333,0.823815021961891,HI-VAE_piecewise
0.005547472292988383,0.9526515151515152,0.02921118408396824,0.8544921927013519,0.13337086212618163,4.0,0.3880208333333333,0.8312503084395391,HI-VAE_piecewise
0.006642560141011945,0.9431818181818182,0.011619003785048926,0.8679794231742284,0.10226084774628715,6.0,0.5026041666666666,0.8146652645553403,HI-VAE_piecewise
0.006223765292670814,0.9474431818181818,0.021367501666573405,0.8422162253331085,0.14438564739946994,7.0,0.4635416666666667,0.8162422235013087,HI-VAE_piecewise
0.004557536531476932,0.9588068181818183,0.008794978009230372,0.8536191423067706,0.12211581947013676,6.0,0.453125,0.8305548512860095,HI-VAE_piecewise
0.007127998798094582,0.9450757575757577,0.03500627688006186,0.8649324018428597,0.1255741918322554,3.0,0.4713541666666667,0.8305612954088227,HI-VAE_piecewise
0.0063974978441423075,0.9424715909090907,0.015627584180807935,0.8468384657038108,0.11411061226861406,6.0,0.40625,0.8242841833772191,HI-VAE_piecewise
0.0056225041908983696,0.9507575757575758,0.007302636233572205,0.8376756531233631,0.12459694149012261,3.0,0.4166666666666667,0.8125022790064875,HI-VAE_piecewise
0.007089939556935988,0.9389204545454546,0.03089729565826,0.8559857435797287,0.09532627143982036,5.0,0.4322916666666667,0.8290733930876611,HI-VAE_piecewise
0.005721342622713404,0.9493371212121212,0.01400376937446567,0.8625023302056796,0.11740462551568358,5.0,0.4453125,0.8148357829354621,HI-VAE_piecewise
0.0060839277014603085,0.9467329545454547,0.011379741442722914,0.8457355016821866,0.11680942971303859,8.0,0.4609375,0.8142299607054359,HI-VAE_piecewise
0.005816497764049523,0.9472064393939393,0.01094279301429061,0.8513768186700517,0.1070609615175921,3.0,0.4895833333333333,0.8232114116902305,HI-VAE_piecewise
0.006002561783094649,0.9467329545454546,0.02347848549448059,0.8600007989276615,0.12778364178306525,3.0,0.4479166666666667,0.8304316760617547,HI-VAE_piecewise
0.005223830973576748,0.953125,0.008900157734174055,0.8655742070642958,0.09238381229124193,5.0,0.4479166666666667,0.8311830758790535,HI-VAE_piecewise
0.005169277893150978,0.9479166666666665,0.0062012074023221455,0.8584420022902594,0.09891735042383931,5.0,0.4505208333333333,0.8251236767057569,HI-VAE_piecewise
0.005869539733235946,0.9476799242424243,0.015692493327988628,0.847752350178871,0.10695256088429994,4.0,0.4609375,0.8288760574449366,HI-VAE_piecewise
0.006467553657034311,0.9417613636363636,0.017376648298224787,0.8715910200530843,0.16747256427822846,1.0,0.4557291666666667,0.8279523822092326,HI-VAE_piecewise
0.004679023777158301,0.9562026515151516,0.010399828804464453,0.8614073554606705,0.15083589811915588,7.0,0.4270833333333333,0.8183974435829743,HI-VAE_piecewise
0.006040130377173466,0.9521780303030304,0.009103783127329727,0.8696318718875109,0.12518133925601685,6.0,0.4635416666666667,0.8231661376034651,HI-VAE_piecewise
0.006680047780442328,0.9427083333333333,0.017106437161476598,0.837649022201312,0.0964142664959385,6.0,0.4739583333333333,0.8223657634395907,HI-VAE_piecewise
0.005190410889039226,0.9524147727272726,0.006626859235419923,0.8429534580252284,0.16987371789711814,5.0,0.4583333333333333,0.8272853241454574,HI-VAE_piecewise
0.006843419043321708,0.9450757575757577,0.019746831775493474,0.8572129852375922,0.20730033740410814,3.0,0.4661458333333333,0.8212305202903526,HI-VAE_piecewise
0.004998481816191663,0.9566761363636366,0.015058763444936108,0.8096319606572511,0.21003046058606137,3.0,0.4244791666666667,0.8240948780486247,HI-VAE_piecewise
0.006230976109027036,0.9500473484848484,0.010494441839138304,0.8619674925211495,0.12925076618149775,5.0,0.4479166666666667,0.815168729144067,HI-VAE_piecewise
0.0053725219694110106,0.949810606060606,0.009991758230913132,0.8724130278470674,0.116711501048355,5.0,0.4921875,0.8260642187489261,HI-VAE_piecewise
0.005558683206824743,0.9481534090909091,0.024401204679825053,0.8647340014735777,0.12358908541145597,4.0,0.4401041666666667,0.825420547128613,HI-VAE_piecewise
0.0052354237297129675,0.9512310606060606,0.004075958712997007,0.8669767689589973,0.18451573536345342,4.0,0.4427083333333333,0.8324278825777417,HI-VAE_piecewise
0.0064789277640122595,0.9462594696969696,0.01935016311854461,0.8462672324258106,0.09441585336972376,2.0,0.453125,0.8153679881341336,HI-VAE_piecewise
0.007038839081400159,0.9455492424242423,0.030930359544927136,0.84998446529547,0.14658976985811653,4.0,0.421875,0.8248995138071398,HI-VAE_piecewise
0.00532796296054268,0.9550189393939393,0.007772174812219176,0.868690024944297,0.1317061606064391,2.0,0.4348958333333333,0.8292458094459012,HI-VAE_piecewise
0.005844529070034144,0.9547821969696969,0.008682582474834874,0.8555960444203781,0.10516000390198306,4.0,0.4296875,0.8271767805980346,HI-VAE_piecewise
0.004282298020277556,0.9597537878787878,0.006873190360159891,0.8539706704778475,0.08328627162291109,3.0,0.4505208333333333,0.8191554382756202,HI-VAE_piecewise
0.005926289130438197,0.9512310606060606,0.009542642005719117,0.8729398762549823,0.1803425176742056,1.0,0.4583333333333333,0.8106932015863642,HI-VAE_piecewise
0.005888022795939635,0.9507575757575757,0.017058695333049413,0.8742172728160424,0.20304074526377516,2.0,0.4713541666666667,0.8188460100503832,HI-VAE_piecewise
0.005492183728090807,0.9521780303030304,0.011493549289704585,0.829114255532574,0.10382383445235326,5.0,0.4192708333333333,0.8129864434154292,HI-VAE_piecewise
0.006344837379390814,0.950284090909091,0.006870691526741666,0.8600061251120718,0.17930649369654625,4.0,0.4583333333333333,0.8227669089222432,HI-VAE_piecewise
0.005017971477376609,0.9507575757575757,0.013609105090125905,0.8532165715350951,0.1171096955727363,3.0,0.4765625,0.8283022961141385,HI-VAE_piecewise
0.005443308169177884,0.948626893939394,0.009347583949711934,0.863723801830432,0.10724488663343723,5.0,0.4166666666666667,0.8196118097494819,HI-VAE_piecewise
0.005454567598966745,0.9483901515151516,0.01417934095048314,0.8434536755110917,0.126799140214507,6.0,0.4557291666666667,0.8242461141315445,HI-VAE_piecewise
0.006112876347274735,0.9476799242424243,0.005871730176677708,0.8606701227685507,0.1421617310180123,4.0,0.4140625,0.8228592294177496,HI-VAE_piecewise
0.005358427791267392,0.950994318181818,0.014281509035766886,0.8529076528393003,0.13358827174051865,4.0,0.4401041666666667,0.8161700969201848,HI-VAE_piecewise
0.007273572852972591,0.9403409090909091,0.010910902569156332,0.8347369308750034,0.1010686703670738,5.0,0.4765625,0.8121590583617816,HI-VAE_piecewise
0.007197167451252064,0.9457859848484848,0.0199206609692387,0.8515028717010946,0.14631475877536695,3.0,0.46875,0.845738687619839,HI-VAE_piecewise
0.005002226739113232,0.9545454545454546,0.02334994554685065,0.8709092684485711,0.201948205827627,7.0,0.4505208333333333,0.8211227324283616,HI-VAE_piecewise
0.005156301886433447,0.9493371212121211,0.026123104839180497,0.8355465109053626,0.1468567531129731,4.0,0.4583333333333333,0.8209358079038594,HI-VAE_piecewise
0.005460683610981032,0.9559659090909091,0.009412177797502554,0.8456005716771268,0.10576152162703223,5.0,0.5,0.8196289836143973,HI-VAE_piecewise
0.006724689895622071,0.9493371212121211,0.03702969807914204,0.8445140300574341,0.21457270395037398,6.0,0.4609375,0.8203872459486636,HI-VAE_piecewise
0.006064439734693398,0.9557291666666667,0.01724744191545266,0.8470990048912126,0.12627709307366275,5.0,0.4375,0.8216999839718777,HI-VAE_piecewise
0.005861615892563996,0.9434185606060607,0.014867689822402753,0.8641405757605348,0.1823596160490276,6.0,0.4505208333333333,0.819019785584916,HI-VAE_piecewise
0.006189263412471441,0.9474431818181818,0.010722097048128178,0.8270525783171033,0.0997865291601076,3.0,0.421875,0.8274926386449521,HI-VAE_piecewise
0.006452245293886544,0.9481534090909091,0.016956528945559705,0.8482219421043755,0.19277804381506,2.0,0.4192708333333333,0.8354646794418571,HI-VAE_piecewise
0.006945116597399273,0.9446022727272727,0.005599239942553533,0.8866574642036023,0.09238444832437687,2.0,0.4583333333333333,0.8215349768036354,HI-VAE_piecewise
0.006653492397617466,0.9460227272727273,0.014558608865139261,0.8773504007953769,0.1823348388041337,2.0,0.4270833333333333,0.8202028830876044,HI-VAE_piecewise
0.006835147380127774,0.9429450757575757,0.027378918491518908,0.8357977292700465,0.19226316388372153,5.0,0.4479166666666667,0.8194648016950169,HI-VAE_piecewise
0.005460625739253238,0.9500473484848484,0.0083623721882354,0.8539666758395399,0.11435012968478649,4.0,0.4557291666666667,0.8156957774544129,HI-VAE_piecewise
0.00559811416640552,0.9502840909090907,0.009159446227254632,0.8410781972641166,0.17872585442119213,7.0,0.4479166666666667,0.8204675900995352,HI-VAE_piecewise
0.0057982793263468835,0.9491003787878788,0.013612431259877737,0.8738897124748115,0.11339167623864144,4.0,0.4895833333333333,0.8245933096387058,HI-VAE_piecewise
0.004738158926459323,0.9562026515151516,0.013012858647632117,0.8796792749287622,0.16054746965101072,5.0,0.4661458333333333,0.8135195397002509,HI-VAE_piecewise
0.005951061741647842,0.9493371212121212,0.02774400153455816,0.8549338221587025,0.13443819218933367,5.0,0.4661458333333333,0.8229937952513204,HI-VAE_piecewise
0.005508289915125009,0.9538352272727273,0.004360561498527632,0.8628059227170641,0.13593622977405564,7.0,0.4765625,0.8279016001352599,HI-VAE_piecewise
0.005321027920865491,0.9507575757575758,0.010020563100746923,0.8479822638059138,0.23189367811699815,5.0,0.4375,0.829965926398336,HI-VAE_piecewise
0.005175441818513844,0.953125,0.006544703349441696,0.8673012223593222,0.12925091404025943,8.0,0.4791666666666667,0.8264933682995645,HI-VAE_piecewise
0.004966238491331026,0.9566761363636364,0.01037392590632826,0.8601224134716958,0.10223031738817,3.0,0.4661458333333333,0.8275872749356552,HI-VAE_piecewise
0.0053316504207056165,0.9476799242424243,0.011071504819365516,0.8703549014212035,0.10529459081088083,6.0,0.4479166666666667,0.8244628375150661,HI-VAE_piecewise
0.005775476256639329,0.9509943181818182,0.014984758589216465,0.8436312149914336,0.22192249166329234,2.0,0.4661458333333333,0.8217330651142993,HI-VAE_piecewise
0.00663466984923786,0.9448390151515152,0.027922762987475987,0.85928353942708,0.09601292368426025,7.0,0.4947916666666667,0.8186055980381234,HI-VAE_piecewise
0.006432748061933874,0.946496212121212,0.019851122851320683,0.8726092089728453,0.16163214251175376,3.0,0.4322916666666667,0.8065874858578612,HI-VAE_piecewise
0.006348791071506446,0.9455492424242423,0.006423752070152483,0.8482006373667345,0.12346068917784718,5.0,0.453125,0.8314585874448491,HI-VAE_piecewise
0.005076279127881154,0.951941287878788,0.003228138641694852,0.8541659639062236,0.09512354533550604,5.0,0.4427083333333333,0.8220480223915347,HI-VAE_piecewise
0.00579525281937657,0.9500473484848485,0.00785029221784961,0.8622919459214744,0.11403289076530003,7.0,0.4609375,0.8334263460613681,HI-VAE_piecewise
0.0391709515636287,0.6240530303030303,0.03371601197236619,0.9998482037443075,0.24058205556988663,1.0,0.015625,0.9091042872223701,Surv-GAN
0.04170036519762546,0.6115056818181819,0.12100692789621031,0.99993253499747,0.34073140838621924,1.0,0.015625,0.9064468296971803,Surv-GAN
0.03968461517229182,0.6197916666666666,0.1696397589844029,0.9998646261462392,0.21285068084977501,1.0,0.0234375,0.9058756139690008,Surv-GAN
0.03942327786232875,0.6223958333333334,0.16492574756047781,0.9998650699949401,0.20618494761368375,1.0,0.028645833333333332,0.9064205265219416,Surv-GAN
0.04126820244759456,0.6190814393939394,0.10285397296941093,0.9997638724911452,0.19313013373118806,1.0,0.018229166666666668,0.9090282777441093,Surv-GAN
0.040133651691997,0.618371212121212,0.08318099756095447,0.9998819362455726,0.21073713021402107,1.0,0.018229166666666668,0.9091348120197814,Surv-GAN
0.041276572344917516,0.6164772727272726,0.07237733249306366,0.99993253499747,0.3750253782255178,2.0,0.026041666666666668,0.9030727220617336,Surv-GAN
0.039826074458987476,0.621685606060606,0.08880455879728856,0.9999662674987351,0.343827723568184,1.0,0.018229166666666668,0.9033313573460827,Surv-GAN
0.04174012700842363,0.611032196969697,0.03901253813228736,0.9998988024962051,0.26562427339486955,1.0,0.020833333333333332,0.9061962858525043,Surv-GAN
0.040258044871115506,0.6207386363636364,0.05246821903609766,0.9997971611437093,0.1792109754398404,1.0,0.018229166666666668,0.9099876157445207,Surv-GAN
0.04076082060623648,0.6195549242424243,0.07115253884376607,0.9998650699949401,0.20235253772652637,1.0,0.0234375,0.9074928621518724,Surv-GAN
0.04150263277464406,0.6115056818181818,0.11616623229930187,0.9998988024962051,0.22898078990038054,1.0,0.015625,0.908523654377071,Surv-GAN
0.04148692160032798,0.6124526515151515,0.037489925498144366,1.0,0.17547784762720475,1.0,0.013020833333333334,0.9060948366014829,Surv-GAN
0.04071438540264264,0.6219223484848484,0.06961774807690713,0.9996928566990084,0.20557158162200814,1.0,0.020833333333333332,0.9054287098434031,Surv-GAN
0.039884873126215165,0.6228693181818182,0.15215056778496522,0.9998641822975385,0.3049759669372083,1.0,0.020833333333333332,0.908513496002769,Surv-GAN
0.039303124985565756,0.6259469696969696,0.11941356597238117,0.9999320911487691,0.2561828190045543,1.0,0.020833333333333332,0.9055583192145774,Surv-GAN
0.040724587523894816,0.6143465909090909,0.10499487564044431,0.9996933005477093,0.2203647265027965,1.0,0.0234375,0.910580467365891,Surv-GAN
0.04007658058058268,0.6200284090909092,0.035874521706224766,0.9996626749873503,0.2150739583586209,1.0,0.0234375,0.9054125560688173,Surv-GAN
0.04014975307264316,0.6214488636363636,0.1196972374314942,0.9998308936449742,0.34235422667648896,1.0,0.020833333333333332,0.9124114103113633,Surv-GAN
0.04083138425916652,0.6174242424242424,0.15492832613498236,0.9998988024962051,0.3013888845351335,1.0,0.0234375,0.9086316084554072,Surv-GAN
0.04069400440196564,0.6150568181818181,0.10626609273142737,0.9998988024962051,0.37806559645386173,7.0,0.018229166666666668,0.9079664346044295,Surv-GAN
0.04083363585468556,0.6171875000000001,0.11978776397774335,0.9998988024962051,0.368907477781842,2.0,0.018229166666666668,0.9068285453528266,Surv-GAN
0.0407519305369916,0.6176609848484849,0.06580976595228973,0.9998313374936751,0.17078683893193106,1.0,0.015625,0.9061351288721867,Surv-GAN
0.04231451840654875,0.6115056818181819,0.04615648037037692,0.9998988024962051,0.3590968132048995,1.0,0.0234375,0.9078389000174804,Surv-GAN
0.04146741392427619,0.607717803030303,0.08023003785349729,0.9999494012481026,0.20379844471332761,1.0,0.013020833333333334,0.9067096083156715,Surv-GAN
0.04105457409297374,0.6131628787878788,0.17042532562150828,1.0,0.3105113794122057,1.0,0.0234375,0.909688364123421,Surv-GAN
0.041699642683993135,0.6155303030303031,0.05860558236882327,0.9997976049924102,0.20213777690964463,1.0,0.018229166666666668,0.9054305030700558,Surv-GAN
0.039941359929595334,0.6223958333333334,0.08203101029012015,0.9997638724911452,0.20680707480181995,2.0,0.018229166666666668,0.9071977047088652,Surv-GAN
0.04170558681655537,0.6145833333333333,0.019427109140883653,0.9998988024962051,0.41038021997066565,5.0,0.020833333333333332,0.9070347865070668,Surv-GAN
0.040109635636113646,0.6223958333333333,0.04624653930855298,0.9995446112329229,0.2071228666757273,1.0,0.018229166666666668,0.9089269957989129,Surv-GAN
0.040973431655203445,0.6181344696969696,0.06488073166869014,0.9998650699949401,0.2820113080221636,2.0,0.0234375,0.9062582683901866,Surv-GAN
0.040697984809484944,0.6143465909090909,0.11093196781524298,0.99993253499747,0.20403846267689682,1.0,0.026041666666666668,0.9123291464300944,Surv-GAN
0.04025010619853341,0.6181344696969697,0.11270634981681125,0.9998650699949401,0.2163558266422129,1.0,0.018229166666666668,0.9060544455240409,Surv-GAN
0.04127576689557564,0.6143465909090908,0.14284200363986901,0.9996964074886152,0.2371604163151809,1.0,0.018229166666666668,0.9107459179984358,Surv-GAN
0.04194296217746255,0.6107954545454545,0.11396093780069493,0.9997967172950084,0.3111653789688795,1.0,0.020833333333333332,0.9028761224092053,Surv-GAN
0.04070420872177,0.6209753787878789,0.12061677293885452,0.99993253499747,0.17515780988404608,1.0,0.018229166666666668,0.9123279069944606,Surv-GAN
0.04056534197372901,0.621685606060606,0.050085781509879086,0.9998819362455726,0.37968674135337804,1.0,0.015625,0.9054705237900903,Surv-GAN
0.04016031361611932,0.6200284090909091,0.14780552828519883,0.9997301399898803,0.21244282134975348,1.0,0.015625,0.9099813986802365,Surv-GAN
0.040250205201102056,0.6219223484848485,0.11244174884727501,0.9998988024962051,0.2043386284686728,1.0,0.026041666666666668,0.906775937119597,Surv-GAN
0.04093954076787269,0.6162405303030304,0.14829389410853447,0.9999662674987351,0.35854667498762677,2.0,0.020833333333333332,0.9054926470771719,Surv-GAN
0.04113733593961134,0.6141098484848485,0.09230187301753104,0.9998641822975385,0.35135178861873967,3.0,0.0234375,0.9139883290561003,Surv-GAN
0.04092367535901326,0.6160037878787878,0.08883448558871078,0.9997301399898803,0.20657263522600466,1.0,0.015625,0.9111432570171255,Surv-GAN
0.03999815678816108,0.6212121212121212,0.09749183486859134,0.999492237086222,0.17940052767014014,1.0,0.0234375,0.9047927107347085,Surv-GAN
0.04111750526691026,0.6169507575757577,0.03280700775097794,0.9998650699949401,0.20959676911306857,1.0,0.015625,0.9096108265815646,Surv-GAN
0.04110732087938746,0.6124526515151516,0.03656100014417185,0.9998650699949401,0.23631868403028192,1.0,0.015625,0.9118305823961877,Surv-GAN
0.04028616268924759,0.6202651515151515,0.0662155969822894,0.9997638724911452,0.20631188506657006,1.0,0.026041666666666668,0.9068726331046569,Surv-GAN
0.04065811139502802,0.6200284090909091,0.048446334880242976,0.9998313374936751,0.36759729936506486,1.0,0.020833333333333332,0.9128832004484989,Surv-GAN
0.04158276894130954,0.6155303030303031,0.08305412557481377,0.9997976049924102,0.1994025097020662,1.0,0.026041666666666668,0.9091311351552214,Surv-GAN
0.039781364320367024,0.6228693181818182,0.19733574650082364,0.9998308936449742,0.2068740584375921,1.0,0.020833333333333332,0.9076439419286471,Surv-GAN
0.04092899717332139,0.615530303030303,0.08282746054661547,0.9998650699949401,0.21620214450497074,1.0,0.013020833333333334,0.9117358158099081,Surv-GAN
0.04169674119864831,0.6136363636363635,0.09569144657296719,0.9997301399898803,0.3249540329187021,1.0,0.010416666666666666,0.9110038855405107,Surv-GAN
0.041311115126799976,0.6150568181818182,0.05959450622517494,0.9998650699949401,0.21276363804000634,1.0,0.018229166666666668,0.909052481755997,Surv-GAN
0.03985443685501101,0.6186079545454546,0.05015438795966471,0.9998650699949401,0.15587377571428274,1.0,0.010416666666666666,0.906626421935382,Surv-GAN
0.04148258809856847,0.6150568181818182,0.07115083071572996,0.9997967172950085,0.28959625362678404,2.0,0.026041666666666668,0.9048062989058582,Surv-GAN
0.04100405672126692,0.6186079545454546,0.06113590770784699,0.9997638724911452,0.16720944371963875,1.0,0.015625,0.9094542977008049,Surv-GAN
0.04084110314836958,0.6162405303030304,0.020876277549088745,0.9998650699949401,0.39258628309263255,1.0,0.0078125,0.9094131806901092,Surv-GAN
0.040179534848858695,0.6186079545454546,0.14451632020094768,0.9998313374936751,0.24782290064854662,1.0,0.020833333333333332,0.904864480831095,Surv-GAN
0.04044969687318832,0.6202651515151515,0.01887163418847058,0.9999662674987351,0.3890035966427372,2.0,0.0234375,0.906615362252173,Surv-GAN
0.03966481138072328,0.6226325757575758,0.04438688526258657,0.99993253499747,0.21465015659862452,1.0,0.018229166666666668,0.9077458720009677,Surv-GAN
0.04003601248721193,0.6219223484848485,0.05697226333171586,0.9995579266939485,0.32659500381227474,1.0,0.015625,0.9069238669719467,Surv-GAN
0.04003893535962472,0.6202651515151515,0.028450085023040056,0.99993253499747,0.39612721651196425,1.0,0.020833333333333332,0.9053592475434,Surv-GAN
0.041368099333040954,0.6145833333333334,0.12183697380172404,0.9997470062405128,0.2069682485349129,1.0,0.013020833333333334,0.909485237630267,Surv-GAN
0.04135386106070438,0.6150568181818182,0.0667375837284708,0.99993253499747,0.27037494074451157,1.0,0.015625,0.9041483661261956,Surv-GAN
0.0413396368588836,0.6164772727272727,0.025256651503295553,0.99993253499747,0.2151350700374108,1.0,0.018229166666666668,0.909838181570463,Surv-GAN
0.04062566547985934,0.6221590909090909,0.08128602671463207,0.9997638724911452,0.272532411529662,1.0,0.026041666666666668,0.9062927657323594,Surv-GAN
0.041187187178486837,0.6143465909090909,0.037610613490618484,0.9998308936449742,0.20664726808759326,1.0,0.015625,0.9079923474459498,Surv-GAN
0.040868382596284905,0.6126893939393939,0.11365319885264287,0.9997638724911452,0.21024710177548753,1.0,0.013020833333333334,0.9112743269312301,Surv-GAN
0.04058651224626283,0.6157670454545455,0.09857087583332799,0.9995277449822904,0.2322852382004277,1.0,0.0234375,0.9058438362963993,Surv-GAN
0.04081634375037127,0.6164772727272727,0.04674207652341268,0.9998988024962051,0.37146083705756716,2.0,0.020833333333333332,0.9092821124002655,Surv-GAN
0.04181430582178171,0.6150568181818182,0.0177493320786528,0.9998313374936751,0.22696728139941735,1.0,0.0234375,0.9066260040643481,Surv-GAN
0.04042170315223044,0.616003787878788,0.03960063566488573,0.99993253499747,0.3898290665742567,8.0,0.020833333333333332,0.9084322483016868,Surv-GAN
0.04069502695477196,0.6160037878787878,0.09047868975245217,0.9998313374936751,0.19957272947881635,1.0,0.020833333333333332,0.9119885196391435,Surv-GAN
0.040854959916549236,0.6155303030303031,0.021188131535332284,0.9998979147988034,0.3613691523206411,1.0,0.020833333333333332,0.9049355406847446,Surv-GAN
0.04136560312576479,0.6115056818181818,0.041697004875361245,0.9997612093989401,0.36064387470352205,1.0,0.018229166666666668,0.9060456140021648,Surv-GAN
0.04147746674902542,0.6136363636363636,0.10212386035136344,0.9999662674987351,0.3444236939417367,2.0,0.020833333333333332,0.9075130745303507,Surv-GAN
0.040931737568999954,0.6176609848484849,0.055121080390858744,0.9998983586475042,0.30125318511838445,1.0,0.020833333333333332,0.9100931619715766,Surv-GAN
0.040985062508384455,0.6129261363636364,0.16794746313439116,1.0,0.25708385343246637,1.0,0.020833333333333332,0.9063652468756057,Surv-GAN
0.04038722437691415,0.616003787878788,0.10740540387868149,0.9998819362455726,0.3367686218968682,1.0,0.026041666666666668,0.9119998428774039,Surv-GAN
0.04016727774559519,0.6226325757575757,0.03531652392210378,0.9998650699949401,0.3751418683086462,1.0,0.015625,0.9074601368392081,Surv-GAN
0.042238171492012255,0.6098484848484849,0.05365984131095605,0.9998988024962051,0.3007779960738486,1.0,0.018229166666666668,0.9096531616596243,Surv-GAN
0.041151233569038465,0.6164772727272727,0.023034087293633633,0.9997638724911452,0.4100265451706857,11.0,0.020833333333333332,0.9053491050202577,Surv-GAN
0.04072804775497782,0.6169507575757577,0.24753149849939973,0.9998819362455726,0.3288825253936446,2.0,0.015625,0.9075760451342707,Surv-GAN
0.040036945299320184,0.620501893939394,0.07933949710976371,0.9999156687468375,0.2192409937995016,1.0,0.020833333333333332,0.9044032144887948,Surv-GAN
0.040741226025116185,0.6176609848484848,0.11166198752153988,0.9997976049924102,0.19185728861736492,1.0,0.018229166666666668,0.9058491005979963,Surv-GAN
0.040854901972776546,0.6112689393939393,0.14996978728328222,0.9998988024962051,0.36086525568624644,1.0,0.015625,0.9080431115535766,Surv-GAN
0.04109116874812632,0.6171875,0.0662698538411255,0.9997292522924786,0.359306733040272,5.0,0.015625,0.9098759835387341,Surv-GAN
0.0404284680829952,0.6209753787878788,0.20248848815933468,0.9998313374936751,0.2079398247771307,1.0,0.020833333333333332,0.910903151815599,Surv-GAN
0.04102696177751269,0.6160037878787878,0.12551989528602595,0.9998988024962051,0.32868638574185643,2.0,0.018229166666666668,0.9090596957705606,Surv-GAN
0.039821899812906875,0.6276041666666665,0.09269428656682613,0.9999662674987351,0.25711107712749276,1.0,0.0234375,0.9079630132484537,Surv-GAN
0.04229351517261773,0.6164772727272727,0.0168480985376485,0.9999494012481026,0.24232774632428086,1.0,0.018229166666666668,0.9074265657435667,Surv-GAN
0.041399632578959025,0.615530303030303,0.042967944074664914,0.9996964074886152,0.2175286798772489,1.0,0.026041666666666668,0.9066338374694426,Surv-GAN
0.03985932208366198,0.6178977272727273,0.1291649378918002,0.9998304497962736,0.3250512863194436,1.0,0.020833333333333332,0.9098575073211118,Surv-GAN
0.03941004931774308,0.6207386363636362,0.17701931487953973,0.9998313374936751,0.25334717997570216,1.0,0.015625,0.9052968333929199,Surv-GAN
0.040332755949673026,0.616003787878788,0.1866687911335598,0.9998988024962051,0.22081578686170014,1.0,0.018229166666666668,0.9086345170361905,Surv-GAN
0.0408928601460765,0.6150568181818182,0.08186391627839727,0.9999494012481026,0.3510073155416828,1.0,0.013020833333333334,0.9113824102384165,Surv-GAN
0.04164159483733113,0.6117424242424243,0.09080044246261536,0.9995233064952819,0.27226966906214894,1.0,0.028645833333333332,0.9119172401444363,Surv-GAN
0.041151090395186676,0.6171875000000001,0.06655195944128672,0.9998313374936751,0.41142730697848817,4.0,0.0234375,0.9040765895385828,Surv-GAN
0.04151435795909697,0.6133996212121212,0.0664108217681277,0.9997976049924102,0.21506533300248667,1.0,0.0234375,0.9086874500680543,Surv-GAN
0.042313013326310725,0.6131628787878788,0.07492921880457752,0.9997976049924102,0.2041556412395998,1.0,0.015625,0.9103127068669521,Surv-GAN
0.0414704921150142,0.6136363636363636,0.025673684396270876,0.9996458087367177,0.20919370844275384,1.0,0.018229166666666668,0.9097235549060688,Surv-GAN
0.041149657564404134,0.6145833333333334,0.21761306085774199,0.99993253499747,0.21426928085632216,1.0,0.026041666666666668,0.9141804343416406,Surv-GAN
0.04007288622946375,0.6207386363636364,0.06839233704913908,0.9997976049924102,0.26208203213922326,1.0,0.0234375,0.9089642592817126,Surv-GAN
0.04211123823015847,0.6081912878787878,0.05069223204950826,0.9999662674987351,0.35798349169826665,2.0,0.015625,0.906717037564919,Surv-GAN
0.04064064790410518,0.6171875000000001,0.04978027162556381,0.9996280547886837,0.3983592754648056,5.0,0.013020833333333334,0.9046265168071624,Surv-GAN
0.03919050133337521,0.6212121212121212,0.0930255429725712,1.0,0.3414497052477372,1.0,0.015625,0.9082984911424746,Surv-GAN
0.04102195852886697,0.6152935606060607,0.0926995894454118,0.9998988024962051,0.22343131193460222,1.0,0.0234375,0.9087129453681448,Surv-GAN
0.040179120014391806,0.6152935606060606,0.10312534666521918,0.9998814923968717,0.3567954486071396,1.0,0.026041666666666668,0.9077248908836234,Surv-GAN
0.03920154060012291,0.6247632575757576,0.1644324685613915,0.9998650699949401,0.22002352132329248,1.0,0.020833333333333332,0.9071781554783978,Surv-GAN
0.042285444355311626,0.6107954545454546,0.13456881936885998,0.9998144712430426,0.2495844354174991,1.0,0.018229166666666668,0.9061829590050123,Surv-GAN
0.04077377631053651,0.6174242424242423,0.11073866055439413,0.9999831337493674,0.3750220018959773,2.0,0.013020833333333334,0.90902663174891,Surv-GAN
0.041341293755946,0.618371212121212,0.06646046263349153,0.99993253499747,0.43006536468543216,3.0,0.026041666666666668,0.9070580878658352,Surv-GAN
0.03976364027686649,0.6252367424242423,0.046022584116481774,0.9998650699949401,0.331642509278419,1.0,0.020833333333333332,0.9099079467327837,Surv-GAN
0.04016235667113053,0.6181344696969697,0.1282451057388295,0.9998983586475042,0.3648718310453165,2.0,0.015625,0.9114466608038404,Surv-GAN
0.040370863918837735,0.6200284090909092,0.06251277537052954,0.9998650699949401,0.20534397587963926,1.0,0.018229166666666668,0.9071099866940429,Surv-GAN
0.04074722216178925,0.6181344696969697,0.04163026258140956,0.9999156687468375,0.26085478009735835,1.0,0.015625,0.9093268108061056,Surv-GAN
0.04118853130471924,0.6200284090909091,0.09638241751312825,0.9996964074886152,0.20938669301323784,1.0,0.015625,0.9115026809916817,Surv-GAN
0.04130779996020657,0.6167140151515151,0.025877393480147556,0.9995952099848203,0.2998749409820039,1.0,0.020833333333333332,0.9047414268640378,Surv-GAN
0.04092874172423517,0.6131628787878788,0.022711025319176646,0.99993253499747,0.2921869693102605,1.0,0.018229166666666668,0.909324288041953,Surv-GAN
0.04143504038907914,0.6126893939393939,0.2294705656806003,0.9998988024962051,0.2831388926789475,1.0,0.020833333333333332,0.9117691765413866,Surv-GAN
0.0406756097203116,0.615530303030303,0.061300954092771885,0.9997301399898803,0.18708702087641207,1.0,0.018229166666666668,0.9112476035283321,Surv-GAN
0.04123767800722418,0.6133996212121212,0.06214364366971344,0.9997301399898803,0.21836676345097775,1.0,0.013020833333333334,0.9104528577157197,Surv-GAN
0.04073196637373668,0.6197916666666666,0.02019504315027516,0.9997976049924102,0.2858757756092701,1.0,0.018229166666666668,0.9069427399143536,Surv-GAN
0.04104374338061614,0.616003787878788,0.08038896844087633,0.9995273011335895,0.22482435157937664,1.0,0.03125,0.9066138105396737,Surv-GAN
0.04067322960176158,0.6181344696969696,0.06622340950901896,0.9998650699949401,0.18944210563761363,2.0,0.026041666666666668,0.9083555805688179,Surv-GAN
0.040562246122182816,0.6143465909090909,0.10521039273763128,0.9999156687468375,0.34504219631952254,2.0,0.026041666666666668,0.9101441181149661,Surv-GAN
0.03987988594918227,0.6221590909090909,0.14815476370278852,0.9998988024962051,0.22341540427100814,1.0,0.026041666666666668,0.9071807389098371,Surv-GAN
0.04062936895071256,0.6167140151515151,0.0673986849675949,0.9998313374936751,0.21834480085051258,1.0,0.010416666666666666,0.9063201773593168,Surv-GAN
0.039770225348604665,0.6174242424242423,0.15703011157435895,0.9997638724911452,0.36187724224246304,1.0,0.018229166666666668,0.9079470242178825,Surv-GAN
0.0398965300567696,0.6188446969696969,0.03909219059760297,0.99993253499747,0.24402813642026752,1.0,0.03125,0.9070220238761183,Surv-GAN
0.04033320730356844,0.6186079545454546,0.11972850581771032,0.9998988024962051,0.34923797631167725,1.0,0.018229166666666668,0.9091340870244834,Surv-GAN
0.040237592374185234,0.6178977272727273,0.04496691515530211,0.9998988024962051,0.1968629620658191,1.0,0.015625,0.9074841094987393,Surv-GAN
0.041546190067001755,0.6103219696969697,0.07967700622248622,0.9999662674987351,0.2894814387069036,1.0,0.020833333333333332,0.9051556408162469,Surv-GAN
0.04149724827382693,0.6178977272727273,0.04761671904193524,0.99993253499747,0.2145068521317187,1.0,0.013020833333333334,0.9059371395850796,Surv-GAN
0.041159024287007906,0.6150568181818182,0.051541189495005905,0.9998988024962051,0.2298626906217799,1.0,0.020833333333333332,0.9057304008713747,Surv-GAN
0.03975885974866174,0.6169507575757577,0.14174553691871952,0.9998482037443075,0.4078930664298217,3.0,0.018229166666666668,0.9109543148717375,Surv-GAN
0.04046536329845922,0.6188446969696969,0.13568194305043044,0.9999662674987351,0.3645502590090339,2.0,0.013020833333333334,0.9093555047292914,Surv-GAN
0.04076331206239125,0.6138731060606061,0.15110289161486307,0.9999320911487691,0.3112895545234065,1.0,0.020833333333333332,0.910372685302113,Surv-GAN
0.040594917206149474,0.618844696969697,0.1176587707066506,0.9998308936449742,0.21074107686586774,1.0,0.015625,0.9063637129593962,Surv-GAN
0.040384926955501534,0.6190814393939394,0.045981791502514476,0.9997301399898803,0.2219229962429654,1.0,0.020833333333333332,0.9066663232438567,Surv-GAN
0.0417222426252682,0.6115056818181818,0.0350231124212363,0.99993253499747,0.3310692398319863,1.0,0.0234375,0.9100368031681678,Surv-GAN
0.04009742416555188,0.6228693181818182,0.03938410642919159,0.9996626749873503,0.3114563170911467,1.0,0.020833333333333332,0.9104249218424497,Surv-GAN
0.041511664563249145,0.6150568181818182,0.11100171208495686,0.9996289424860854,0.35605009212972866,1.0,0.018229166666666668,0.910692825623966,Surv-GAN
0.04027763361833787,0.6195549242424243,0.14053227769095436,0.9997976049924102,0.19554998089690803,1.0,0.018229166666666668,0.9148978682756072,Surv-GAN
0.03973468607986762,0.6214488636363638,0.140779027159001,0.9995952099848203,0.1951027550016442,1.0,0.0234375,0.9087095195026283,Surv-GAN
0.040929706152665606,0.6176609848484849,0.040029262107564446,1.0,0.2485364728053474,1.0,0.020833333333333332,0.9063454220528491,Surv-GAN
0.04225964268072677,0.616003787878788,0.023243747418308272,0.9997807387417776,0.38638691477679826,1.0,0.018229166666666668,0.9109573646624097,Surv-GAN
0.03961712734140375,0.6209753787878788,0.24481203570152688,0.99993253499747,0.201568291962116,1.0,0.018229166666666668,0.9105613325287257,Surv-GAN
0.04081034966638422,0.6150568181818182,0.08362333989861542,0.9997976049924102,0.328156607676814,2.0,0.0234375,0.9092818519897258,Surv-GAN
0.04114593825829285,0.6162405303030303,0.1718734690446189,0.99993253499747,0.3727103489406569,1.0,0.0234375,0.9099505124934283,Surv-GAN
0.040800113850003907,0.6186079545454546,0.09713381798142126,1.0,0.3288034482135951,2.0,0.028645833333333332,0.9086264786078037,Surv-GAN
0.040787507263379125,0.6171874999999999,0.10518317163081667,0.9999156687468375,0.2858268734196369,1.0,0.020833333333333332,0.9079495241236281,Surv-GAN
0.04101429515694293,0.6152935606060607,0.10739576884022282,0.9997976049924102,0.29508723671094783,1.0,0.018229166666666668,0.9090851503969338,Surv-GAN
0.04037744918066908,0.618371212121212,0.056372728622963365,0.9998650699949401,0.22479281472818133,1.0,0.020833333333333332,0.9053245923543262,Surv-GAN
0.04146145502678883,0.6119791666666666,0.038039146932755376,0.9999494012481026,0.2133359726943996,1.0,0.018229166666666668,0.9072707641758925,Surv-GAN
0.04124421616151441,0.6152935606060607,0.08998186909940661,0.9998650699949401,0.3526528892975233,1.0,0.015625,0.9075436866404415,Surv-GAN
0.040295500883141495,0.6216856060606061,0.11132874415003857,0.9997638724911452,0.24215960962983799,1.0,0.026041666666666668,0.906100831976687,Surv-GAN
0.03995286806315671,0.6193181818181818,0.1673900739614104,0.9998482037443075,0.32745388847302553,1.0,0.015625,0.9061270871137722,Surv-GAN
0.03963967752806871,0.6223958333333334,0.05160286283259468,0.9997976049924102,0.22900140116217407,1.0,0.0234375,0.909884273243537,Surv-GAN
0.040381368903262556,0.6186079545454545,0.030415588001896945,0.9998988024962051,0.19720649910457896,1.0,0.013020833333333334,0.906939230999955,Surv-GAN
0.040529722859502425,0.6188446969696969,0.1658462691176455,0.9997976049924102,0.22576882478663993,2.0,0.026041666666666668,0.9082447392220628,Surv-GAN
0.04110225856739217,0.6119791666666665,0.0957542888546755,0.9998650699949401,0.22390503487835134,1.0,0.020833333333333332,0.9088391801345493,Surv-GAN
0.04140186786857034,0.6133996212121212,0.11195327841381933,0.9997976049924102,0.24923743088457792,1.0,0.0234375,0.9064765154294927,Surv-GAN
0.0404373221100399,0.6136363636363636,0.09220282566283136,0.99993253499747,0.25815612847911695,1.0,0.018229166666666668,0.904634170868262,Surv-GAN
0.04050554482356821,0.6209753787878788,0.05223550254469405,0.9998650699949401,0.3055420578683858,2.0,0.0234375,0.9073450804580602,Surv-GAN
0.041906638062215014,0.611032196969697,0.08869157183448081,0.9996964074886152,0.24388075868837447,1.0,0.018229166666666668,0.9049830644038694,Surv-GAN
0.041495814379316515,0.611032196969697,0.14827997228267262,0.9998632946001367,0.3621660311555461,3.0,0.013020833333333334,0.9133467198025602,Surv-GAN
0.041016037379404374,0.6186079545454546,0.023302820223965296,0.9997132737392477,0.19962231884090653,1.0,0.036458333333333336,0.9061287097094095,Surv-GAN
0.041039015583297436,0.6141098484848485,0.0295376651782422,0.9998650699949401,0.3388694348923525,1.0,0.0234375,0.9102950922509778,Surv-GAN
0.03993554762613384,0.6228693181818181,0.07887466639720463,0.9998482037443075,0.1896716065986571,1.0,0.015625,0.9075050382683794,Surv-GAN
0.040483679079613,0.6176609848484849,0.0411018869826647,0.9998313374936751,0.3457061993684334,1.0,0.020833333333333332,0.9067131934307118,Surv-GAN
0.04044917904962072,0.615530303030303,0.13004874830978638,0.9998988024962051,0.32404239524799694,1.0,0.020833333333333332,0.9146032826085145,Surv-GAN
0.04105683520928765,0.6143465909090909,0.02963351049491855,0.9998988024962051,0.3592929261018714,1.0,0.020833333333333332,0.9060013675598206,Surv-GAN
0.04243797068862003,0.6055871212121212,0.08464758567402689,0.9998650699949401,0.2236515091638813,1.0,0.018229166666666668,0.9098538749431108,Surv-GAN
0.040954531971434345,0.6124526515151515,0.10765414070765039,0.9996964074886152,0.3190075335014772,3.0,0.0234375,0.904597670844839,Surv-GAN
0.03973407852470365,0.6268939393939394,0.02396789826123837,0.9998308936449742,0.31423362522824283,1.0,0.020833333333333332,0.9068489980713582,Surv-GAN
0.04163953527780994,0.6124526515151515,0.025679627540192613,0.9997638724911452,0.3590482023372597,1.0,0.020833333333333332,0.9051345812704275,Surv-GAN
0.04069539414707995,0.6150568181818182,0.07711699543015847,0.9997638724911452,0.39532950664707805,1.0,0.015625,0.9123643919413749,Surv-GAN
0.0410094882974621,0.6103219696969697,0.03539785828385008,0.9998650699949401,0.33884417508230796,2.0,0.018229166666666668,0.9107393305051412,Surv-GAN
0.039889706075592696,0.6193181818181818,0.0884009471037121,0.9997638724911452,0.20893608337680145,1.0,0.020833333333333332,0.9083097484064052,Surv-GAN
0.039312448493282866,0.6226325757575757,0.021659380088199225,0.9996617872899487,0.37360219852635773,1.0,0.020833333333333332,0.9050793593172066,Surv-GAN
0.040290114177849536,0.6181344696969696,0.12775503367159158,0.9998988024962051,0.22158184934615233,1.0,0.020833333333333332,0.9075267475345782,Surv-GAN
0.04055259624406753,0.6178977272727273,0.083264950626358,0.9998988024962051,0.37105742955827753,1.0,0.013020833333333334,0.9031873546631193,Surv-GAN
0.040492155823428265,0.6195549242424242,0.0241026725479804,0.9997976049924102,0.3768279627979842,2.0,0.020833333333333332,0.9051524770647543,Surv-GAN
0.0411644545124901,0.6112689393939393,0.11474305582735136,0.9997967172950085,0.20547140014964885,1.0,0.026041666666666668,0.9066868425318646,Surv-GAN
0.04129181110973043,0.6167140151515151,0.08858905789755679,0.9998988024962051,0.22576067877389608,1.0,0.018229166666666668,0.9054176970555983,Surv-GAN
0.04028121802072943,0.618371212121212,0.14593293198675847,0.9999662674987351,0.23258682793648386,1.0,0.018229166666666668,0.9083787725558083,Surv-GAN
0.04073007179970788,0.6171875,0.10927367147727596,0.9998313374936751,0.2657726218008596,1.0,0.020833333333333332,0.9074286179970072,Surv-GAN
0.04109065006798889,0.616003787878788,0.0755078763764481,0.99993253499747,0.3428720127615927,2.0,0.026041666666666668,0.9075023723377865,Surv-GAN
0.04072330990089083,0.6193181818181818,0.0406292045407068,0.9998988024962051,0.22480497580877676,2.0,0.0234375,0.9036405915075322,Surv-GAN
0.04051236631547959,0.6164772727272728,0.14396457089883577,0.9997470062405128,0.3512973786115324,3.0,0.0234375,0.9049672288612459,Surv-GAN
0.040034783173451244,0.6223958333333335,0.08204272729104418,0.9998988024962051,0.33956722452672655,2.0,0.018229166666666668,0.9073560911349834,Surv-GAN
0.04092659624467684,0.618371212121212,0.04795260098818055,0.9998650699949401,0.2695759871414343,1.0,0.028645833333333332,0.9034095681728079,Surv-GAN
0.04065145030269965,0.6200284090909091,0.08059989191149668,0.9997638724911452,0.34826613015909036,1.0,0.0234375,0.9032863554584043,Surv-GAN
0.0401643264352358,0.6216856060606061,0.023064014599221267,0.9998650699949401,0.3425451162832613,1.0,0.020833333333333332,0.9078446975522765,Surv-GAN
0.04231085313186553,0.6103219696969696,0.05364024619060972,0.9998646261462392,0.378918746518029,2.0,0.018229166666666668,0.9067933443357082,Surv-GAN
0.04006658323665999,0.6197916666666666,0.15115851440893543,0.9996964074886152,0.3424647408611838,3.0,0.033854166666666664,0.9055355562052663,Surv-GAN
0.040516210816330014,0.6186079545454546,0.03017672011183256,0.9997976049924102,0.21431676336951655,2.0,0.020833333333333332,0.9045132316998992,Surv-GAN
0.04045468079041958,0.6197916666666666,0.07297457189709028,1.0,0.19314171298640356,1.0,0.026041666666666668,0.9094716780264782,Surv-GAN
0.03994719000340094,0.623816287878788,0.12132911656595954,0.9998650699949401,0.2132745561130742,2.0,0.018229166666666668,0.9072076314241805,Surv-GAN
0.04116576843600453,0.6110321969696969,0.2100589562758674,0.9998979147988034,0.2773052488292769,2.0,0.026041666666666668,0.9110668861788261,Surv-GAN
0.01590447444732485,0.8771306818181818,0.065588569684564,0.9520319393525135,0.0921005435890863,2.0,0.4010416666666667,0.7721705168424656,Surv-VAE
0.015611660184720827,0.8778409090909091,0.07546933959522782,0.9611721156492173,0.1036155102754257,1.0,0.3541666666666667,0.7893514671255516,Surv-VAE
0.015813124827106353,0.8740530303030302,0.06981808027054705,0.9575099200184642,0.08917916730276831,2.0,0.3619791666666667,0.7782434757163408,Surv-VAE
0.01660223350547567,0.8728693181818182,0.0730251602810311,0.9432175480022369,0.09936035669666493,1.0,0.4010416666666667,0.7895364308907291,Surv-VAE
0.014396635323988577,0.8811553030303029,0.0625269195507164,0.943275692182049,0.08289807415416912,1.0,0.4010416666666667,0.7872105210446434,Surv-VAE
0.01788737664431229,0.8652935606060606,0.06959709391099483,0.9559267117025149,0.09769408665605328,1.0,0.3802083333333333,0.7813418249417007,Surv-VAE
0.015304921689887951,0.8790246212121212,0.05890735500282424,0.9432313073119634,0.0829632174462134,2.0,0.4010416666666667,0.7797908918475941,Surv-VAE
0.01612696425841397,0.8768939393939393,0.06872545114269347,0.9435104881448012,0.09370874707135994,1.0,0.375,0.7830073395931529,Surv-VAE
0.015581290765265434,0.881628787878788,0.07608698261088429,0.9461318585720498,0.09771212794135335,2.0,0.3854166666666667,0.7786766674977399,Surv-VAE
0.016086410369560978,0.8813920454545454,0.07107546391495163,0.9553723446751471,0.10155141409359277,3.0,0.3802083333333333,0.7788738234251659,Surv-VAE
0.014796596900489052,0.8797348484848484,0.06340703714622092,0.9556302207703439,0.09688451392886338,1.0,0.3802083333333333,0.7917056572787939,Surv-VAE
0.015450234782371562,0.8787878787878788,0.07387136938829438,0.9544881980630444,0.085438234433732,1.0,0.3489583333333333,0.7708091692249113,Surv-VAE
0.01668315678279578,0.873816287878788,0.06798407303364233,0.9574770752146009,0.08661351877487693,2.0,0.390625,0.7915270012476435,Surv-VAE
0.015837980296648787,0.8731060606060606,0.07020093344208453,0.960393605027918,0.09329958787981368,1.0,0.3307291666666667,0.7814757953227459,Surv-VAE
0.01730927850588692,0.8712121212121212,0.06836503070609108,0.9469401070563066,0.09508009806806751,2.0,0.3619791666666667,0.7918438618635026,Surv-VAE
0.015056649628848895,0.8821022727272727,0.06942656473675865,0.9520701103407869,0.0849477385627538,2.0,0.3958333333333333,0.7898679152111742,Surv-VAE
0.016520060226337455,0.8745265151515151,0.062379164035867185,0.9498588561131281,0.09391215762499039,1.0,0.375,0.7904349889294626,Surv-VAE
0.01646436217598424,0.8667140151515151,0.06817333004817648,0.9591894435024988,0.10075631962352789,2.0,0.3515625,0.7647839385202255,Surv-VAE
0.014535922929663948,0.8825757575757577,0.06752514748971722,0.9470528446263238,0.0929256154190584,2.0,0.3619791666666667,0.790286102419342,Surv-VAE
0.016888978952044865,0.8695549242424242,0.0696957826893546,0.9568064198276092,0.10422235714279239,2.0,0.3645833333333333,0.7909216928045455,Surv-VAE
0.01698081095820023,0.8707386363636364,0.07174828502111014,0.9512836104428721,0.09605273307695422,1.0,0.3567708333333333,0.7855515330843397,Surv-VAE
0.014497055306025209,0.8818655303030304,0.06270263297147358,0.9489378700588544,0.08911394882471373,2.0,0.3854166666666667,0.7906092577707549,Surv-VAE
0.016739976931456957,0.8707386363636364,0.07175437141055409,0.9515658982166159,0.0945906372518877,3.0,0.3802083333333333,0.7780487041473412,Surv-VAE
0.01730082017299864,0.8655303030303029,0.07534956484447354,0.9448873068148529,0.09578332049533227,1.0,0.3645833333333333,0.7847585836490812,Surv-VAE
0.01779473401922921,0.8669507575757575,0.07574140525642853,0.9527673966498298,0.10500652546822413,1.0,0.3489583333333333,0.7889182276899934,Surv-VAE
0.01694954787625428,0.8723958333333333,0.07173548646154301,0.9540430178160868,0.09937208815362164,1.0,0.3776041666666667,0.7776381724623909,Surv-VAE
0.016627711961726622,0.873816287878788,0.07597199526554944,0.9397395495823382,0.10374055362240715,3.0,0.3619791666666667,0.7750817261611027,Surv-VAE
0.016636869943420667,0.8728693181818182,0.06491440942830883,0.9509547185555387,0.09858562388528398,1.0,0.3697916666666667,0.7830979392944355,Surv-VAE
0.017118183239015174,0.8705018939393938,0.06681364279009236,0.9412677206593816,0.08780183553944981,2.0,0.3541666666666667,0.7993072225198123,Surv-VAE
0.018281188591903395,0.8669507575757575,0.07440615901060613,0.941575307809074,0.11197758281002917,1.0,0.359375,0.7813887536332961,Surv-VAE
0.015898151468207885,0.8759469696969698,0.07321173885537142,0.9568840933502587,0.0920814838705269,1.0,0.3619791666666667,0.7838300552873152,Surv-VAE
0.017092366828259275,0.8693181818181818,0.07359999149167189,0.9414763295487834,0.09981877308794562,1.0,0.3515625,0.7833046457609465,Surv-VAE
0.015451107029057998,0.8752367424242425,0.07330723326702157,0.9591135453746528,0.0836483546468386,1.0,0.4140625,0.7845833134247784,Surv-VAE
0.017813109483278466,0.8697916666666665,0.07578218558838484,0.944889969907058,0.08976324019491037,1.0,0.4036458333333333,0.7762903754351262,Surv-VAE
0.016318383760519344,0.8723958333333333,0.059113782939352176,0.9443688915322547,0.10481963419790608,3.0,0.4010416666666667,0.786793400982847,Surv-VAE
0.0174095543899003,0.8735795454545454,0.06231294874292517,0.9585445313401568,0.0903811342992578,1.0,0.3802083333333333,0.785361806437603,Surv-VAE
0.016241414436194992,0.870501893939394,0.06608717237070981,0.9566284364985662,0.09530466770271288,2.0,0.3489583333333333,0.7914047974959233,Surv-VAE
0.014626433005863587,0.8773674242424242,0.06602338734122222,0.9519689128369923,0.0886317208208805,2.0,0.375,0.7865261452537068,Surv-VAE
0.01577380443446577,0.8790246212121212,0.073820801875535,0.9470843578840844,0.08241476735550037,2.0,0.390625,0.7847333592077753,Surv-VAE
0.013844542960999297,0.8837594696969698,0.07308196476004314,0.9521970510692315,0.0843475133239258,1.0,0.3645833333333333,0.7842246911022506,Surv-VAE
0.015953719147630746,0.8802083333333333,0.06775112923061669,0.9498979147988033,0.08446011796496111,1.0,0.3828125,0.7958272185189181,Surv-VAE
0.016365939026086587,0.8802083333333335,0.06919658757318628,0.9419658946658263,0.0945232486327847,1.0,0.3776041666666667,0.7973013642974777,Surv-VAE
0.016201423477440004,0.8773674242424243,0.06845668304952592,0.9520949658680349,0.08648571450637432,2.0,0.3828125,0.7896986665441335,Surv-VAE
0.016093403032030232,0.8776041666666665,0.06595554028978651,0.949525525738786,0.08350809097624123,2.0,0.3776041666666667,0.7784111507596483,Surv-VAE
0.014966033983135412,0.8802083333333333,0.0694867264135821,0.9527980222101892,0.08675353296802214,1.0,0.40625,0.7935709349251993,Surv-VAE
0.01648210696561091,0.876183712121212,0.07409608105887652,0.9417936813698947,0.10563199031758534,1.0,0.3828125,0.7893349972039811,Surv-VAE
0.0168403906425062,0.8726325757575758,0.06956451315118395,0.9517580847040861,0.09310104324161676,1.0,0.3671875,0.7770954870844078,Surv-VAE
0.014232505035596749,0.879498106060606,0.07213252806200779,0.9610034531428926,0.09717181779295259,2.0,0.3828125,0.7761476752130569,Surv-VAE
0.01677095969219872,0.8700284090909091,0.07362830758952608,0.9508486387160344,0.09348765965409621,1.0,0.3697916666666667,0.7977967128221863,Surv-VAE
0.016218278869684664,0.8738162878787878,0.0710000882261694,0.9533772447648043,0.08827900055444104,1.0,0.375,0.7783088580902779,Surv-VAE
0.016374294257889267,0.8700284090909091,0.0659562083616975,0.953082529227437,0.08625490709939813,2.0,0.3958333333333333,0.7822556489344195,Surv-VAE
0.017708618178531126,0.8652935606060606,0.07611009319081584,0.9581104473107207,0.0967996186317029,1.0,0.3411458333333333,0.7798392233676543,Surv-VAE
0.017258917600049273,0.8671875,0.06969015932962787,0.9446831364124597,0.10626062713815176,1.0,0.3645833333333333,0.7820233311937519,Surv-VAE
0.015527939643360533,0.8792613636363636,0.06958928534483176,0.9572032205661735,0.09885886731790665,1.0,0.3619791666666667,0.7927673314358038,Surv-VAE
0.01589223481582453,0.876183712121212,0.06954583872748042,0.9447168689137246,0.08931725715469956,2.0,0.3880208333333333,0.7844405533386697,Surv-VAE
0.015424531161443518,0.8802083333333333,0.07110836179398757,0.9512849419889748,0.10684625664690654,1.0,0.3802083333333333,0.7791918721536804,Surv-VAE
0.01615156221946815,0.875,0.0645844527479669,0.9569293659177459,0.08814715994013696,2.0,0.3828125,0.785904193224437,Surv-VAE
0.01677660415994913,0.870501893939394,0.0667896450639086,0.9575516417963443,0.087328628253231,2.0,0.4114583333333333,0.7739932131909106,Surv-VAE
0.017517979011695394,0.8683712121212122,0.06473887305875531,0.9460439765292806,0.09383618259647715,1.0,0.40625,0.7817126190113578,Surv-VAE
0.01609066337269294,0.8778409090909091,0.07568891050671968,0.9640300574340218,0.09775372941937331,1.0,0.3489583333333333,0.7936710873887626,Surv-VAE
0.01634729456369163,0.8757102272727273,0.07328489539312513,0.9459245812287506,0.09889954012497826,1.0,0.4010416666666667,0.771288371507471,Surv-VAE
0.014954795303310854,0.8802083333333333,0.06525354879965921,0.9584189221578148,0.09364793958366131,2.0,0.359375,0.7881107979770349,Surv-VAE
0.015835563636697858,0.8757102272727273,0.07422499739062334,0.944174929649981,0.08754491118607137,1.0,0.3880208333333333,0.7870593100085209,Surv-VAE
0.016373717484858566,0.8752367424242425,0.07748280252994416,0.9604069204889438,0.09939439915032065,1.0,0.3802083333333333,0.7854027393022847,Surv-VAE
0.016532052422130628,0.8723958333333335,0.07755256869976256,0.9525920764129923,0.10759159865313235,2.0,0.3723958333333333,0.7765453851744085,Surv-VAE
0.016876253922812886,0.8764204545454546,0.07294441906678804,0.9578445819389086,0.10018243792128068,1.0,0.3515625,0.796410352665076,Surv-VAE
0.015417476002290655,0.8780776515151515,0.06488714633350025,0.9592986302829092,0.09085146737847809,1.0,0.3854166666666667,0.7721778058286277,Surv-VAE
0.01524553684419046,0.8768939393939393,0.06525301970165738,0.933389406219208,0.08741495249701892,1.0,0.4296875,0.7904523376020168,Surv-VAE
0.014733654658992679,0.8851799242424243,0.07510011094558772,0.9403831301985779,0.08620928652878224,1.0,0.3697916666666667,0.7910368669625973,Surv-VAE
0.01553240815814323,0.875,0.060728369459948126,0.9495903276491109,0.08977377478011038,2.0,0.3697916666666667,0.7995643072364121,Surv-VAE
0.016276333881476215,0.8821022727272727,0.0738462289116297,0.9519400626714365,0.08386944906213567,2.0,0.3880208333333333,0.7835465319567113,Surv-VAE
0.0183185380363335,0.8686079545454546,0.07563521115909808,0.938866055339056,0.08798469909721938,1.0,0.3723958333333333,0.776016445458048,Surv-VAE
0.014955782228323266,0.8821022727272727,0.07367925374514199,0.9541877124925655,0.09696535356452775,1.0,0.3776041666666667,0.7992242727260064,Surv-VAE
0.017361127863518813,0.8690814393939393,0.06008019672494023,0.9412641698697748,0.09737834489597885,1.0,0.4010416666666667,0.781116072170079,Surv-VAE
0.015505459760136774,0.8752367424242423,0.06443080527908988,0.9557385198533523,0.08916912658439195,1.0,0.4114583333333333,0.7856184550184642,Surv-VAE
0.016286233204102503,0.8764204545454546,0.06731390521764691,0.9544091929942923,0.08975359645189152,1.0,0.3697916666666667,0.7806793020420045,Surv-VAE
0.015817889299081848,0.8752367424242425,0.07143212916145088,0.9458979503066995,0.08641956425676557,2.0,0.390625,0.7833443465155994,Surv-VAE
0.017468061302373508,0.8674242424242423,0.0730240888993044,0.9503821537314361,0.08965889213810989,1.0,0.3723958333333333,0.7957486456120428,Surv-VAE
0.015502868838878777,0.8823390151515152,0.07303844894957631,0.9587522525321568,0.09162298202277824,2.0,0.3854166666666667,0.782519971984791,Surv-VAE
0.016284676755779673,0.8745265151515151,0.0709448573255987,0.9492925051708374,0.08620811575948144,1.0,0.3645833333333333,0.7929649260579845,Surv-VAE
0.01524617386119228,0.8799715909090909,0.06466107091949753,0.9543403964456596,0.09271403982586891,1.0,0.3932291666666667,0.774740765196618,Surv-VAE
0.016138985240773007,0.8776041666666665,0.06929078635786567,0.9547518441913521,0.08943423507063958,1.0,0.3880208333333333,0.7822947569175278,Surv-VAE
0.015650922091579644,0.8768939393939394,0.07590703420461292,0.9509729163522739,0.10095541871737523,1.0,0.34375,0.775473201409531,Surv-VAE
0.016092849827383356,0.8780776515151515,0.06573653288098116,0.9451984447541519,0.09186373750540495,1.0,0.375,0.7756264558615364,Surv-VAE
0.015078699504727589,0.8754734848484848,0.07548633477822818,0.952430515485881,0.10418025917813349,1.0,0.3645833333333333,0.7847870888369631,Surv-VAE
0.016926681508442332,0.8702651515151515,0.06898318250323526,0.9423897701751427,0.08999012600416217,2.0,0.3880208333333333,0.7833386051144765,Surv-VAE
0.016067485715827147,0.8733428030303031,0.07716800474399023,0.9583820827156438,0.1023974477589882,1.0,0.3776041666666667,0.8017537575498657,Surv-VAE
0.014697413751806663,0.8811553030303031,0.05847545372546365,0.9475193296109221,0.09520080376036816,3.0,0.34375,0.7882226824764227,Surv-VAE
0.017135717625427233,0.8716856060606062,0.06707610241451002,0.9519369557305305,0.09820219684742881,1.0,0.3463541666666667,0.773085481556773,Surv-VAE
0.015643588926639775,0.8813920454545454,0.07148210832423356,0.9567518264374041,0.08769533450645484,1.0,0.3854166666666667,0.7937871039885109,Surv-VAE
0.016574236720180616,0.8714488636363636,0.07172556912700367,0.9548139830094717,0.0900985385155464,1.0,0.3932291666666667,0.7808028298150185,Surv-VAE
0.015674947174685934,0.8797348484848485,0.0734922729894717,0.9484625081002388,0.09714935488811906,1.0,0.3697916666666667,0.7778748547196453,Surv-VAE
0.01658375469277593,0.8702651515151515,0.06933132836950223,0.949908123318923,0.09355351337868738,1.0,0.3723958333333333,0.7817714869190217,Surv-VAE
0.01684348343757508,0.871685606060606,0.06757326486766362,0.94438220699328,0.08627614691711268,2.0,0.3958333333333333,0.7836916070457082,Surv-VAE
0.015858819189042073,0.8768939393939393,0.0696409502903324,0.9469210215621698,0.09571002885964064,1.0,0.3802083333333333,0.7796364469104159,Surv-VAE
0.015853134156570196,0.879498106060606,0.06735250355295803,0.9526253650655565,0.09063286465938492,1.0,0.3515625,0.7654730119888584,Surv-VAE
0.01608487452544943,0.8776041666666665,0.06678248844127273,0.9468935029427168,0.09996022430219591,2.0,0.3567708333333333,0.7884124975582952,Surv-VAE
0.016111364734280174,0.8780776515151516,0.07121241051092139,0.9603838403564993,0.09170273770287922,1.0,0.3697916666666667,0.7866653845908922,Surv-VAE
0.016762390108525087,0.8757102272727273,0.06550623827403863,0.9524762319020692,0.09559583036029225,1.0,0.4088541666666667,0.7849185556669972,Surv-VAE
0.0154208093672917,0.8790246212121212,0.07311152203009531,0.9521366876459154,0.08684634003167707,1.0,0.3671875,0.7791671134531587,Surv-VAE
0.015779336445486885,0.8802083333333333,0.06938673053051658,0.9437430648640491,0.09424363142596481,1.0,0.3776041666666667,0.787547044588607,Surv-VAE
0.016699821319528914,0.8768939393939394,0.07526599455180887,0.9579222554615583,0.08475464019082106,1.0,0.3723958333333333,0.7954844002053322,Surv-VAE
0.01706048209152492,0.8726325757575758,0.0645587714400729,0.9423888824777409,0.09554040493847367,3.0,0.4010416666666667,0.7963576074647646,Surv-VAE
0.01770484326868626,0.8641098484848484,0.07122322983737182,0.9599528632679692,0.09668683711255395,3.0,0.3776041666666667,0.7954028020064521,Surv-VAE
0.015768058590475243,0.8778409090909091,0.05685037236157661,0.9630624672661583,0.09524031153306715,1.0,0.3567708333333333,0.791768396594283,Surv-VAE
0.017003713436413947,0.8771306818181818,0.06441540400108682,0.9488424425881707,0.08847962822770489,3.0,0.4088541666666667,0.783712191482036,Surv-VAE
0.0168732986586799,0.8674242424242425,0.06955744362958162,0.9608796193553542,0.10675565996315889,1.0,0.359375,0.7670557078933552,Surv-VAE
0.014920082163295085,0.8799715909090909,0.06872075773732919,0.9569338044047544,0.0980397293486377,1.0,0.3515625,0.7824472500939087,Surv-VAE
0.015089081601004377,0.8813920454545454,0.06960003241642265,0.9505548108760685,0.0880293220371175,2.0,0.3854166666666667,0.7834883684145387,Surv-VAE
0.016684748040713338,0.8700284090909091,0.07171220982867203,0.9641268164508082,0.09504742683384261,1.0,0.359375,0.7752479207542369,Surv-VAE
0.016597900374587558,0.8759469696969696,0.07578464549682404,0.9474940302349735,0.09975011646035059,1.0,0.3463541666666667,0.7859652744172327,Surv-VAE
0.016336263829004292,0.8731060606060607,0.06511813365020559,0.9571601672421904,0.08985850912048006,1.0,0.3880208333333333,0.7847544007864993,Surv-VAE
0.017045488445542392,0.8712121212121212,0.07031535229846755,0.9446014682515024,0.0988544739048196,1.0,0.3463541666666667,0.7843639180870169,Surv-VAE
0.01721140309933044,0.8697916666666665,0.07352245536465522,0.9559302624921218,0.1004791352377762,2.0,0.3880208333333333,0.7814511328105025,Surv-VAE
0.015638469676686452,0.8787878787878788,0.07577261564874987,0.9490874470710423,0.09854262794178713,5.0,0.3645833333333333,0.7898392986847993,Surv-VAE
0.01641297246895174,0.873816287878788,0.06899537458412988,0.9540061783739159,0.08756983395607663,2.0,0.3645833333333333,0.7854469808139475,Surv-VAE
0.015723409560393375,0.8785511363636364,0.06942514481727503,0.955626669980737,0.0986844234909402,1.0,0.3984375,0.7954716218218449,Surv-VAE
0.014715239601806868,0.8858901515151515,0.07767859770737774,0.9520838696505136,0.09116619126051206,3.0,0.3463541666666667,0.7934491569486144,Surv-VAE
0.01764903660530515,0.8671875,0.07136774256411413,0.9534713406893859,0.10203828846712065,1.0,0.3671875,0.7831368995402026,Surv-VAE
0.01582108360915413,0.8721590909090909,0.06377973099149302,0.9499707059857435,0.10095538216448063,3.0,0.3776041666666667,0.7723999237050371,Surv-VAE
0.014171516162326809,0.8861268939393938,0.06937121607120945,0.9554699913893352,0.09515165367139981,2.0,0.4010416666666667,0.7800831506413427,Surv-VAE
0.017338160096771773,0.8719223484848484,0.06835776538677713,0.9439450160229381,0.09601121730426791,1.0,0.3385416666666667,0.7909080995647708,Surv-VAE
0.016972064920772415,0.8740530303030302,0.06660397709282727,0.9565196935668568,0.08288385882257342,2.0,0.390625,0.7718578576475709,Surv-VAE
0.015174251318171496,0.8828125,0.07161943344870973,0.9578414749980027,0.09263675113574021,1.0,0.375,0.7827270746369696,Surv-VAE
0.017180175119762393,0.8714488636363636,0.06909781699401908,0.9553652430959334,0.08090342542614479,1.0,0.4088541666666667,0.7925557488859115,Surv-VAE
0.01590552281448859,0.8797348484848485,0.07584311018896915,0.9424749891257068,0.09482539906303487,1.0,0.3619791666666667,0.7849810945730648,Surv-VAE
0.015835730611999443,0.8766571969696969,0.0752737353151755,0.9511859637286841,0.09627690129670914,2.0,0.375,0.7857292577988852,Surv-VAE
0.01606970774617887,0.8771306818181818,0.0718657251837451,0.9474345545090591,0.08147130510350624,1.0,0.3645833333333333,0.7862050656294668,Surv-VAE
0.016434913630826543,0.8735795454545454,0.07374457146578527,0.949073687761316,0.09345980084075152,1.0,0.3697916666666667,0.7696159431160454,Surv-VAE
0.018019738232228813,0.8674242424242425,0.06730324942485512,0.9497549955171282,0.09076021842617797,1.0,0.3932291666666667,0.795627532418937,Surv-VAE
0.015793459827312797,0.8745265151515151,0.06477415446848493,0.9512844981402739,0.10344734407290325,1.0,0.3880208333333333,0.7893690563347022,Surv-VAE
0.016557537512980586,0.8745265151515151,0.06743965454055423,0.9474358860551615,0.09527090504301709,2.0,0.3776041666666667,0.7901785805598467,Surv-VAE
0.016050144910496562,0.8780776515151515,0.06400447657487601,0.9484514118827174,0.08117887754641077,3.0,0.4088541666666667,0.7827469280317328,Surv-VAE
0.01669051821315892,0.8768939393939394,0.07179596423963065,0.9445082600243229,0.11702525416913691,1.0,0.3776041666666667,0.77092160417931,Surv-VAE
0.015761333089858266,0.8745265151515152,0.066248734166986,0.9481331723642045,0.08737525976742595,3.0,0.3854166666666667,0.7867312554411137,Surv-VAE
0.015906937417115134,0.8735795454545454,0.0638815864467159,0.9327347293854471,0.09702595642763212,2.0,0.4114583333333333,0.784487785086791,Surv-VAE
0.016214861145597753,0.8771306818181818,0.07433478049747519,0.9395331599364409,0.10199944862237,1.0,0.4140625,0.7836821614432474,Surv-VAE
0.018050011428631545,0.8683712121212122,0.0756612957351187,0.957345252150447,0.10099111043073239,1.0,0.3984375,0.795827868518278,Surv-VAE
0.0168502211157037,0.8709753787878788,0.07510145230820497,0.9452330649528189,0.09857481862698576,2.0,0.3619791666666667,0.7666208404068623,Surv-VAE
0.01645056088105994,0.8728693181818182,0.07374364715963885,0.9482006373667344,0.08862715262922921,2.0,0.3802083333333333,0.7761212610699858,Surv-VAE
0.017659660916742148,0.8688446969696971,0.07323198691462486,0.9539724458726511,0.10000562247638818,1.0,0.3723958333333333,0.7700933138117729,Surv-VAE
0.015601529348710412,0.875,0.07553438404451851,0.9404062103310225,0.09457610059849948,1.0,0.3671875,0.7917245614131848,Surv-VAE
0.015076565756145422,0.8799715909090909,0.06300463721063791,0.9537793716877792,0.08508974332544937,1.0,0.4010416666666667,0.7831910250219983,Surv-VAE
0.015050769177549711,0.8818655303030304,0.06594939844931887,0.947846889952153,0.09458347841206616,1.0,0.3880208333333333,0.7865589628294876,Surv-VAE
0.016132830834257532,0.8776041666666667,0.06674893436243182,0.9517030474651801,0.09895251873789239,3.0,0.375,0.7846590996744442,Surv-VAE
0.016824048247973653,0.8728693181818182,0.06652227142989903,0.9353032818172942,0.10402392654000325,3.0,0.4088541666666667,0.7830066049804385,Surv-VAE
0.01771510169785501,0.8688446969696969,0.06509206313322626,0.9524052161099323,0.09254906528809104,5.0,0.3723958333333333,0.8074515764900289,Surv-VAE
0.016578848098462887,0.8731060606060606,0.07580407813656341,0.9537278852384798,0.10853337261286439,1.0,0.3697916666666667,0.7726364392657785,Surv-VAE
0.017163644046270275,0.8759469696969696,0.06860053380235502,0.9492081739176749,0.0993973374301415,1.0,0.3958333333333333,0.7937919881929921,Surv-VAE
0.015924709804158273,0.8757102272727273,0.05888533205107279,0.947972499134495,0.1448336306413098,1.0,0.3880208333333333,0.7875021175681506,Surv-VAE
0.015168722792518076,0.8818655303030302,0.0695224091007965,0.9569786331235408,0.09964137299937777,1.0,0.3828125,0.7763197689923597,Surv-VAE
0.016017956671370393,0.8773674242424242,0.0716419000599518,0.95728977106284,0.09616681506670331,1.0,0.3619791666666667,0.7917317901809082,Surv-VAE
0.016472689691613543,0.8740530303030304,0.07132642058334254,0.9365052240992091,0.10479387235661936,1.0,0.3645833333333333,0.7798719834078743,Surv-VAE
0.01726389333606743,0.8712121212121212,0.07333957840176132,0.9388230020150731,0.09208227568201473,1.0,0.3671875,0.7834451686940733,Surv-VAE
0.014282449457966155,0.8847064393939394,0.07141473061964808,0.9467505836610417,0.08477196221375083,1.0,0.3932291666666667,0.7843631510571557,Surv-VAE
0.01714157339648339,0.8712121212121212,0.06477115835448005,0.938281950448731,0.09154415660484287,3.0,0.3723958333333333,0.7751091808875078,Surv-VAE
0.01564743135715299,0.8766571969696971,0.06585228582327368,0.9490022281204782,0.09915526779447488,1.0,0.3697916666666667,0.7905027057047878,Surv-VAE
0.016682995135187242,0.8747632575757577,0.06948758583700095,0.9474096989818112,0.09223101584049458,1.0,0.3697916666666667,0.7910767376282366,Surv-VAE
0.01612288064716425,0.8780776515151515,0.07163732316007797,0.9496600118951454,0.09474963027966306,1.0,0.359375,0.7759881182576978,Surv-VAE
0.01797385650591778,0.8660037878787878,0.07124952942044381,0.9526462259544968,0.08836075211123219,2.0,0.3828125,0.7868375664025534,Surv-VAE
0.015321021995446564,0.8792613636363636,0.07112414266360521,0.9529174175107189,0.10326799592402158,1.0,0.3671875,0.7655850143442522,Surv-VAE
0.0168174573275551,0.8752367424242423,0.0695848799267116,0.9491131902956921,0.09839132472146254,2.0,0.3984375,0.7734973563238546,Surv-VAE
0.016360029459726085,0.8766571969696971,0.07095967927269262,0.9457971966516053,0.09896082746842035,2.0,0.3723958333333333,0.7771989679609271,Surv-VAE
0.015300559355185494,0.876183712121212,0.07049489579842114,0.9521349122511118,0.09773931402848217,1.0,0.3802083333333333,0.7815533748233605,Surv-VAE
0.015819864671729012,0.8776041666666665,0.0679244087098044,0.9467346051078108,0.08948468812866171,2.0,0.3723958333333333,0.8007232725745618,Surv-VAE
0.01737339165937201,0.8690814393939394,0.06953707326281372,0.9530758714969242,0.08701901155583837,2.0,0.3671875,0.7919920553455644,Surv-VAE
0.01587798228001756,0.8780776515151516,0.06645120531661113,0.9383689447940986,0.09252037314849548,1.0,0.3671875,0.7838054811818499,Surv-VAE
0.016084002559870487,0.8771306818181818,0.07218323219816397,0.9417652750530399,0.09351975449078365,1.0,0.3671875,0.7726371560838536,Surv-VAE
0.016955918138925583,0.8754734848484849,0.06948674975510423,0.9371306069187135,0.09387255167793086,1.0,0.4036458333333333,0.7728242872985884,Surv-VAE
0.015568646860078549,0.8799715909090909,0.056519441442266845,0.9481740064446831,0.08729929520651863,1.0,0.3776041666666667,0.7809981565018727,Surv-VAE
0.01670363021038568,0.8714488636363636,0.07531488936645914,0.9493892641876236,0.10366444703532955,1.0,0.3567708333333333,0.7810556675472703,Surv-VAE
0.014317445307131695,0.8825757575757575,0.06918964074116693,0.9488127047252132,0.0978773113742627,1.0,0.4010416666666667,0.784011340672538,Surv-VAE
0.016601919979561286,0.8759469696969696,0.07199709511602771,0.9475175542161189,0.09812193700849066,1.0,0.3489583333333333,0.7956372206519364,Surv-VAE
0.015195748592276376,0.876183712121212,0.06919750085256708,0.9368669607904057,0.09895431922286733,1.0,0.3776041666666667,0.7706346168009471,Surv-VAE
0.015203140534675547,0.8849431818181818,0.05815968980659187,0.9427998863747327,0.1007281651178223,1.0,0.3958333333333333,0.7862184214010177,Surv-VAE
0.014659921748734726,0.887310606060606,0.07123566753128584,0.9499644921039316,0.08853179696107687,1.0,0.3645833333333333,0.7924304930333952,Surv-VAE
0.0167571462905689,0.8766571969696969,0.06935473821071597,0.9425247001802026,0.08509620190907129,1.0,0.3958333333333333,0.7764877721138788,Surv-VAE
0.016156189787087438,0.8764204545454546,0.06840202698567777,0.9555964882690787,0.09503656871865518,4.0,0.3567708333333333,0.7991955816894547,Surv-VAE
0.01581854809518965,0.8768939393939393,0.06385609103818836,0.9584886064038491,0.09151266716268525,1.0,0.3802083333333333,0.7844706820123001,Surv-VAE
0.016748915462742663,0.8733428030303031,0.06743485498381088,0.9571184454643102,0.09339631665849336,2.0,0.4036458333333333,0.7910134191669357,Surv-VAE
0.016125320564378407,0.8742897727272727,0.06700305602051083,0.9397741697810049,0.10610949165131774,2.0,0.3541666666666667,0.7822793653377024,Surv-VAE
0.01631975831819922,0.870501893939394,0.06920905104261037,0.9495028894550426,0.09246895953414346,2.0,0.3359375,0.7865065232970982,Surv-VAE
0.015586474775603388,0.8785511363636364,0.06673977881346073,0.9524571464079326,0.0932442384653216,1.0,0.4036458333333333,0.7807550307182819,Surv-VAE
0.01746698941786953,0.8638731060606062,0.06807618832776191,0.9530714330099155,0.09948111946900189,1.0,0.4010416666666667,0.7845655038342719,Surv-VAE
0.017452718696099635,0.8678977272727273,0.07116056492117576,0.956627104952464,0.10380621227898645,1.0,0.3385416666666667,0.7950407791773818,Surv-VAE
0.015175685534200378,0.8804450757575758,0.07507376274698675,0.9523217725541716,0.09027838824031754,1.0,0.3880208333333333,0.7782173931679194,Surv-VAE
0.014905089788928289,0.8811553030303031,0.07095224101923213,0.9500128716123248,0.0940714512484107,2.0,0.3463541666666667,0.7874637183971045,Surv-VAE
0.016283257647916556,0.875,0.06350969350077437,0.9562631490177628,0.10531925363804122,1.0,0.3697916666666667,0.7863150274745703,Surv-VAE
0.015936939288324046,0.881628787878788,0.07554717384494816,0.9470133420919478,0.08472707472294298,1.0,0.3802083333333333,0.7850589087343123,Surv-VAE
0.01515297189733427,0.8804450757575758,0.06892093920725853,0.9439317005619126,0.08316666620538417,2.0,0.4088541666666667,0.7851287091689633,Surv-VAE
0.016992802217558483,0.8726325757575757,0.07013118583309122,0.9425810689652112,0.09335801095658858,1.0,0.3567708333333333,0.7979559752550411,Surv-VAE
0.015112977510978494,0.8830492424242425,0.06354376704635256,0.942303219678476,0.08506603477722931,1.0,0.4114583333333333,0.7788835516756206,Surv-VAE
0.014942657611138494,0.8821022727272727,0.07300310869017591,0.9515938606847698,0.09294890088538747,2.0,0.4114583333333333,0.7736626576664215,Surv-VAE
0.014298424678590372,0.8877840909090909,0.0734707039089933,0.941462570239057,0.09075143649752186,1.0,0.3828125,0.7683755866814301,Surv-VAE
0.016920465237690877,0.8712121212121212,0.06946907415071397,0.9438123052613825,0.08442031834080903,1.0,0.390625,0.7827294795391336,Surv-VAE
0.015065198596735479,0.8778409090909091,0.06595269539085671,0.9544304977319331,0.11984813771746455,1.0,0.4010416666666667,0.783654685779633,Surv-VAE
0.01902977499095868,0.8657670454545454,0.07400373562368402,0.950370169816513,0.08890039823767497,2.0,0.3541666666666667,0.7833841882672355,Surv-VAE
0.013403780796239868,0.8844696969696969,0.061833076107816465,0.9502365713575556,0.08629831502178008,1.0,0.3802083333333333,0.7942904276690353,Surv-VAE
0.014655080490105417,0.878314393939394,0.06593422267589727,0.9459849446520672,0.08972666891405988,1.0,0.3932291666666667,0.7745950913937893,Surv-VAE
0.014889439411972462,0.8818655303030302,0.0734863518043043,0.9502516622133846,0.09964865095796653,2.0,0.3463541666666667,0.782132592945722,Surv-VAE
