J-S distance,KS test,Survival curves distance,Detection XGB,NSND,K-map score,Identifiability score,NNDR,generator
0.006691383266436927,0.9607594936708862,0.0417862768170486,0.5614352318548386,0.17890009189973097,5.0,0.4810126582278481,0.8083619987127497,HI-VAE_weibull
0.0076406306114703134,0.9535864978902955,0.01967798597437,0.6261655745967742,0.14791499998349505,2.0,0.5063291139240507,0.7975616295059473,HI-VAE_weibull
0.008209613853823254,0.9531645569620253,0.01725128041278642,0.61953125,0.3078594975039902,5.0,0.5443037974683544,0.8106223612232512,HI-VAE_weibull
0.005421559318746543,0.9649789029535866,0.030661004139682785,0.6076675907258065,0.18711991380279666,4.0,0.5,0.8180865903228169,HI-VAE_weibull
0.008053307011313283,0.9531645569620254,0.02652401653279703,0.6215599798387097,0.11190667060796551,4.0,0.4620253164556962,0.8169361094791242,HI-VAE_weibull
0.005876479060847302,0.9586497890295359,0.030734723454521353,0.6656628024193548,0.17777212745222387,1.0,0.47468354430379744,0.8155194045714855,HI-VAE_weibull
0.008128701768070819,0.950632911392405,0.021328755301634517,0.6039755544354838,0.1590742699134802,2.0,0.5063291139240507,0.8082631405742106,HI-VAE_weibull
0.004696942560504043,0.9687763713080171,0.027083099733788463,0.6180569556451613,0.12487006291204168,2.0,0.5253164556962026,0.8031129058769408,HI-VAE_weibull
0.0050220496775862785,0.968776371308017,0.017001543167789096,0.5990108366935484,0.1294266771208285,4.0,0.47468354430379744,0.807833570888379,HI-VAE_weibull
0.008224077300244315,0.9523206751054852,0.015713067517296394,0.565171370967742,0.14162428443398278,2.0,0.4936708860759494,0.8081064650478642,HI-VAE_weibull
0.00595016345073779,0.9662447257383968,0.03541728203402198,0.6203125,0.2458286573099288,3.0,0.5063291139240507,0.8067484869187211,HI-VAE_weibull
0.0071837433531636114,0.9518987341772152,0.037397937049120665,0.6069619455645161,0.18557035864849375,1.0,0.4936708860759494,0.8026204038264702,HI-VAE_weibull
0.007476970890658025,0.9569620253164557,0.03092022913473547,0.6551852318548387,0.13730148808312723,1.0,0.4873417721518987,0.8017910293066933,HI-VAE_weibull
0.007972093282621873,0.9518987341772153,0.021677025532416443,0.6064768145161291,0.24499735836569553,3.0,0.5189873417721519,0.7971724151987793,HI-VAE_weibull
0.008193679586258211,0.9514767932489452,0.016327535478063888,0.5882245463709678,0.16702694565643394,3.0,0.5189873417721519,0.8206150050060828,HI-VAE_weibull
0.00750745229090384,0.9535864978902954,0.039554135575390094,0.6556829637096774,0.25458069840492575,3.0,0.5443037974683544,0.8021602040654102,HI-VAE_weibull
0.005860133189903597,0.960337552742616,0.024677369017584647,0.634992439516129,0.21915693254127272,3.0,0.47468354430379744,0.8180686269023832,HI-VAE_weibull
0.008851282226226413,0.949367088607595,0.025914842427433464,0.6482421875,0.2962986213886303,3.0,0.5063291139240507,0.8110401928423769,HI-VAE_weibull
0.00785895937880242,0.9518987341772152,0.04416661874347455,0.6001071068548388,0.1860583215822032,3.0,0.4810126582278481,0.7981690733831748,HI-VAE_weibull
0.007551774392665883,0.9569620253164557,0.012742810959770222,0.5624936995967742,0.21525588658885328,4.0,0.46835443037974683,0.8063912761988734,HI-VAE_weibull
0.007226315530276683,0.9556962025316456,0.02717608764003087,0.7076360887096774,0.11873511041563765,4.0,0.46835443037974683,0.8200848039240081,HI-VAE_weibull
0.007960194141210295,0.9535864978902954,0.025829391446339566,0.5981854838709678,0.2050765987124145,4.0,0.5316455696202531,0.8212495578533495,HI-VAE_weibull
0.0066495149553148555,0.9624472573839663,0.016782826765340784,0.6319934475806452,0.18446669541703664,3.0,0.5379746835443038,0.8172685603734958,HI-VAE_weibull
0.006350244170599987,0.9616033755274263,0.02147908671091492,0.651108870967742,0.21523012301676425,2.0,0.5126582278481012,0.8171992221431429,HI-VAE_weibull
0.006144389171703153,0.9641350210970465,0.04040793907384435,0.5534589213709677,0.20093305069097156,3.0,0.5316455696202531,0.80678627660901,HI-VAE_weibull
0.0074400376106495405,0.9552742616033757,0.03570024106109566,0.5924962197580645,0.1949823223391606,3.0,0.44936708860759494,0.813986504845136,HI-VAE_weibull
0.0073832725654565685,0.9531645569620253,0.026108306207285503,0.6244833669354838,0.22180437457360905,4.0,0.4810126582278481,0.8072087388674802,HI-VAE_weibull
0.007877216281632704,0.9523206751054853,0.032246625692300884,0.6727192540322581,0.26796888768094634,4.0,0.44936708860759494,0.8136161760701112,HI-VAE_weibull
0.007433556479041973,0.9523206751054852,0.02033466154520394,0.5984501008064516,0.2488107637243269,3.0,0.5379746835443038,0.8011164874098716,HI-VAE_weibull
0.007133373896807143,0.9624472573839662,0.02521765883879653,0.5680380544354839,0.15431520844013222,2.0,0.5443037974683544,0.8163542035516654,HI-VAE_weibull
0.006322314175721327,0.9590717299578059,0.014605129120845946,0.6416141633064516,0.23956287351156574,5.0,0.4810126582278481,0.8160433014790555,HI-VAE_weibull
0.006514190678070912,0.9582278481012659,0.01396361633632476,0.5997164818548388,0.25348796109465893,4.0,0.46835443037974683,0.7962732642081916,HI-VAE_weibull
0.007848216946543052,0.9502109704641349,0.04614740080669597,0.5711504536290322,0.22690294947466524,4.0,0.5,0.8139412015651708,HI-VAE_weibull
0.007383878991995443,0.958649789029536,0.021635853233607557,0.5678805443548387,0.17339133688734226,3.0,0.4810126582278481,0.8099447577959927,HI-VAE_weibull
0.008983637374045016,0.9472573839662448,0.02155821110329081,0.6036542338709678,0.15435583147366091,2.0,0.5316455696202531,0.8230585261915101,HI-VAE_weibull
0.006557475963275367,0.9573839662447259,0.04054315813992553,0.6089780745967742,0.13476603717796862,4.0,0.5253164556962026,0.8026275524416818,HI-VAE_weibull
0.007285936993436937,0.9569620253164557,0.044658679936181674,0.6196194556451612,0.19730759446731536,2.0,0.5822784810126582,0.8130267606314433,HI-VAE_weibull
0.006561047739806162,0.9569620253164557,0.012018919268590007,0.6005733366935484,0.2526594703097814,4.0,0.4620253164556962,0.8002701047416629,HI-VAE_weibull
0.008248605828363707,0.9531645569620253,0.035918552975173275,0.6388734879032258,0.1669618320769949,2.0,0.47468354430379744,0.8167397540956075,HI-VAE_weibull
0.007367881404233227,0.9573839662447257,0.026629749239588735,0.6129032258064516,0.1903525790164693,4.0,0.45569620253164556,0.8195746675387356,HI-VAE_weibull
0.0063722590905707045,0.959915611814346,0.026540234174563106,0.6369518649193548,0.23338686315854934,3.0,0.4240506329113924,0.8215222110589239,HI-VAE_weibull
0.0061040204723957926,0.9662447257383967,0.02536604511274978,0.5335118447580645,0.23403066473914727,4.0,0.4873417721518987,0.8179212324721477,HI-VAE_weibull
0.007896589677170348,0.9552742616033754,0.028127258059095248,0.6059349798387098,0.15417407100908892,2.0,0.4873417721518987,0.8300901492682154,HI-VAE_weibull
0.007416874366337586,0.9556962025316457,0.018394195395668948,0.6467804939516129,0.22630199409211713,4.0,0.4873417721518987,0.8105037940040475,HI-VAE_weibull
0.008344493600978982,0.9472573839662448,0.04862325156054231,0.6028666834677419,0.18875941837176913,3.0,0.4430379746835443,0.8056563987358477,HI-VAE_weibull
0.008775245214637501,0.9455696202531645,0.03493754298027418,0.6086000504032257,0.17424723782205895,3.0,0.5126582278481012,0.8089057701728152,HI-VAE_weibull
0.00715950538431558,0.9535864978902954,0.04064363706823605,0.6041393649193548,0.1234722880483815,4.0,0.4810126582278481,0.8111894054684947,HI-VAE_weibull
0.008057725093715103,0.9523206751054852,0.035757316080101714,0.6006111391129032,0.14110364071735007,1.0,0.4873417721518987,0.7932635745044991,HI-VAE_weibull
0.006069187587793057,0.9662447257383966,0.021097350193669075,0.5789881552419354,0.12819124045017774,5.0,0.5,0.7970166014405057,HI-VAE_weibull
0.007625791948591502,0.957805907172996,0.027720370055185344,0.6727129536290323,0.16927148614661197,1.0,0.4936708860759494,0.8132301794844393,HI-VAE_weibull
0.007911524949085981,0.9527426160337554,0.02338193381879695,0.6359501008064516,0.16910106717676246,2.0,0.569620253164557,0.8060354843973063,HI-VAE_weibull
0.005994596718601512,0.9637130801687765,0.0197211304405501,0.6431451612903226,0.33456926089043837,6.0,0.5506329113924051,0.805652711889509,HI-VAE_weibull
0.006409679719839092,0.9637130801687763,0.020738512131696304,0.6070186491935484,0.22928440350192425,3.0,0.4177215189873418,0.8018430290398397,HI-VAE_weibull
0.00698770757935113,0.959493670886076,0.01948430860334583,0.5829952116935484,0.22570847531574284,3.0,0.5189873417721519,0.7913561210106376,HI-VAE_weibull
0.005422898375825368,0.969198312236287,0.01399208285709292,0.5784526209677419,0.1139069812435974,1.0,0.5949367088607594,0.8072093766114794,HI-VAE_weibull
0.007275071617693079,0.9573839662447258,0.02416446790433174,0.5982799899193548,0.1837116056576034,3.0,0.5063291139240507,0.7919956275459825,HI-VAE_weibull
0.005498902974075742,0.9670886075949366,0.017342478051469316,0.6433404737903226,0.23305444114746143,1.0,0.5253164556962026,0.8043887986555498,HI-VAE_weibull
0.005567936630881084,0.9611814345991563,0.04019807710885248,0.6241053427419355,0.17047840572076592,4.0,0.43037974683544306,0.7991025504982701,HI-VAE_weibull
0.006802188073658755,0.959915611814346,0.02823175860361721,0.6333858366935484,0.2617184811559373,4.0,0.4936708860759494,0.8155627140245413,HI-VAE_weibull
0.006479927575217628,0.9628691983122363,0.020870676015325645,0.6207850302419355,0.2097224480384001,2.0,0.5126582278481012,0.80714872354209,HI-VAE_weibull
0.007034050602188507,0.9573839662447258,0.027013450692143365,0.6659463205645162,0.2785916827169288,1.0,0.4810126582278481,0.812782856466826,HI-VAE_weibull
0.007774238489233489,0.9607594936708862,0.01401171961533615,0.5514868951612903,0.1911065702727537,3.0,0.5,0.8203152245284149,HI-VAE_weibull
0.006789882181019279,0.959071729957806,0.035319062870510634,0.6198021673387097,0.28231652627744536,4.0,0.46835443037974683,0.8103033149312016,HI-VAE_weibull
0.007857761354518109,0.9535864978902954,0.02411045933134911,0.6350806451612903,0.27183120806613975,2.0,0.5316455696202531,0.80191886219523,HI-VAE_weibull
0.006012264421566885,0.960337552742616,0.02666091403698917,0.596648185483871,0.13103124642689745,1.0,0.4873417721518987,0.8179936060916142,HI-VAE_weibull
0.0064642955232066006,0.9565400843881857,0.01422457312505591,0.5606161794354839,0.2591937580198565,4.0,0.5063291139240507,0.809658347473437,HI-VAE_weibull
0.008395784280483343,0.9497890295358649,0.02829899841221884,0.6139427923387097,0.19780393070151656,1.0,0.4936708860759494,0.8133300681392789,HI-VAE_weibull
0.007886880711322295,0.9535864978902954,0.021672498521286138,0.6424836189516129,0.13559408455283783,2.0,0.4936708860759494,0.8018810927512325,HI-VAE_weibull
0.0076823986681791145,0.959915611814346,0.020917525621811442,0.662663810483871,0.2024158504430318,3.0,0.5189873417721519,0.7900984786266632,HI-VAE_weibull
0.006852891664969355,0.9582278481012659,0.04172120850416129,0.6089717741935484,0.2393680415917065,4.0,0.4936708860759494,0.8151535571517745,HI-VAE_weibull
0.00660745222919189,0.9632911392405065,0.025591868308992554,0.5375252016129032,0.3021596830043188,3.0,0.4810126582278481,0.8047133822052526,HI-VAE_weibull
0.005781808034463406,0.9645569620253166,0.01693576032790725,0.5326171874999999,0.2418660804894269,3.0,0.5379746835443038,0.8034334652022166,HI-VAE_weibull
0.007257226451816806,0.9552742616033757,0.04820105165494254,0.6623550907258065,0.2525952430230151,3.0,0.43670886075949367,0.7962397048312168,HI-VAE_weibull
0.00653789647752352,0.959071729957806,0.03786203735289432,0.6291015625,0.2632952564601528,4.0,0.5379746835443038,0.8065338495717844,HI-VAE_weibull
0.0056020417615097705,0.9578059071729957,0.03847870453094197,0.6042590725806452,0.2443101259744268,4.0,0.4810126582278481,0.8103662508620065,HI-VAE_weibull
0.006521913512535342,0.9628691983122362,0.026949764582266444,0.6389427923387097,0.2639093381907944,4.0,0.47468354430379744,0.8147913260912748,HI-VAE_weibull
0.007905266094002028,0.9565400843881858,0.02030648925458749,0.6389931955645161,0.14630136592249113,4.0,0.5379746835443038,0.8121952924056774,HI-VAE_weibull
0.006738398258158315,0.9578059071729957,0.037621584420679616,0.5876512096774194,0.16489602297194117,3.0,0.5063291139240507,0.8103753228578602,HI-VAE_weibull
0.005866905716565096,0.9603375527426159,0.02416485586304122,0.5906439012096775,0.20459710379740864,3.0,0.4873417721518987,0.8038829693267773,HI-VAE_weibull
0.007267726992072733,0.9535864978902955,0.023080038161567392,0.6264238911290323,0.1859351179035054,5.0,0.5189873417721519,0.8166307620459745,HI-VAE_weibull
0.00906868198476579,0.9464135021097048,0.06554679269514786,0.6276776713709677,0.20549408539805636,6.0,0.5443037974683544,0.8030056307237016,HI-VAE_weibull
0.005807316983633315,0.9569620253164559,0.03544664831596962,0.6742250504032258,0.2293352299477581,2.0,0.4240506329113924,0.7959173966912293,HI-VAE_weibull
0.005709096435875887,0.9637130801687763,0.01601239718473203,0.6280178931451613,0.1807227557130894,3.0,0.46835443037974683,0.8105127270175561,HI-VAE_weibull
0.007501832720472867,0.9514767932489452,0.018693020087783615,0.556413810483871,0.11982623516178272,2.0,0.5189873417721519,0.8079132349730628,HI-VAE_weibull
0.006877602914293423,0.9569620253164557,0.015317088903308592,0.5916897681451613,0.11737910018125623,1.0,0.44936708860759494,0.8026642784228369,HI-VAE_weibull
0.006455076109240039,0.959493670886076,0.02428841115408338,0.6392767137096774,0.21839380600052857,2.0,0.5379746835443038,0.7997953209593122,HI-VAE_weibull
0.006605937550746606,0.9565400843881857,0.027310973903715497,0.5284463205645161,0.23246004400878054,1.0,0.5506329113924051,0.8160321255745338,HI-VAE_weibull
0.007779564397648259,0.9594936708860761,0.02319924644746654,0.5585874495967742,0.1604422674662212,2.0,0.5949367088607594,0.8111665874953055,HI-VAE_weibull
0.007505468676871071,0.9518987341772152,0.04709329396388839,0.6696824596774194,0.3113471331121613,3.0,0.5189873417721519,0.8113920307406753,HI-VAE_weibull
0.006557020513545332,0.9569620253164557,0.01597820396196457,0.6627898185483871,0.2310517823274387,2.0,0.5126582278481012,0.8120439242046632,HI-VAE_weibull
0.008668309521737878,0.9497890295358651,0.0410566688362576,0.6664566532258064,0.11192230546567968,1.0,0.43670886075949367,0.7950386429108454,HI-VAE_weibull
0.006855875505485009,0.9594936708860761,0.020199837886813746,0.593813004032258,0.2090557311248127,4.0,0.47468354430379744,0.8261913658359981,HI-VAE_weibull
0.006441251131556175,0.9620253164556961,0.0364651731537101,0.6104901713709678,0.2536492190828216,3.0,0.46835443037974683,0.8158708994702276,HI-VAE_weibull
0.005448612349702472,0.9675105485232066,0.01734231770679872,0.5303427419354839,0.2746720736849901,4.0,0.5253164556962026,0.8062775780580796,HI-VAE_weibull
0.008711689850771864,0.9510548523206752,0.017731126200759645,0.655109627016129,0.15291685692755555,3.0,0.4873417721518987,0.8194789913749796,HI-VAE_weibull
0.008151538365818993,0.9527426160337554,0.04062152536447389,0.5578314012096774,0.2411223607083716,3.0,0.5316455696202531,0.8031821188721913,HI-VAE_weibull
0.006095387323577993,0.9628691983122365,0.013369233705284927,0.6055443548387097,0.189948331975066,3.0,0.4620253164556962,0.8162550472286916,HI-VAE_weibull
0.006635805492623183,0.9586497890295359,0.024936529363245537,0.6072139616935484,0.23435084571702267,4.0,0.45569620253164556,0.794094912477878,HI-VAE_weibull
0.008576358485085074,0.9455696202531646,0.04073066841435217,0.6698399697580646,0.13621605924137176,1.0,0.4810126582278481,0.820985837955238,HI-VAE_weibull
0.006611858113132352,0.9569620253164559,0.022283443871449867,0.5722215221774194,0.23763527624082548,3.0,0.5759493670886076,0.8114579799377809,HI-VAE_weibull
0.007500458703897049,0.9556962025316457,0.025331816343609943,0.611000504032258,0.1801935021747446,3.0,0.4873417721518987,0.8125804489397584,HI-VAE_weibull
0.005567769492330465,0.9611814345991561,0.014607979943443355,0.6603074596774193,0.2983260305352029,2.0,0.5126582278481012,0.8150613309679169,HI-VAE_weibull
0.007766610472772152,0.9518987341772154,0.06381205190014051,0.5728578629032259,0.14772136232971209,2.0,0.46835443037974683,0.8213628736123828,HI-VAE_weibull
0.007020315659099917,0.9620253164556961,0.018867201116706506,0.617445816532258,0.1899183959429636,2.0,0.5,0.804551392861986,HI-VAE_weibull
0.006310629953474938,0.9632911392405064,0.04427306958371178,0.6092741935483872,0.22435207981087185,3.0,0.5253164556962026,0.8101910219632732,HI-VAE_weibull
0.00610203612275474,0.9611814345991562,0.017843485221073548,0.604265372983871,0.11850320643511209,3.0,0.4873417721518987,0.797047442891911,HI-VAE_weibull
0.006324462352286866,0.9624472573839663,0.02824903201235437,0.6018523185483872,0.3305580083162572,4.0,0.5506329113924051,0.8263256638027408,HI-VAE_weibull
0.008343600016362918,0.9502109704641349,0.028693631389809317,0.5993195564516128,0.19495669895795895,2.0,0.5253164556962026,0.8100416190862356,HI-VAE_weibull
0.006900788549619938,0.9573839662447257,0.02364536069581681,0.6464780745967742,0.19733924554699758,2.0,0.5316455696202531,0.8132058066854547,HI-VAE_weibull
0.00805404962447951,0.9523206751054852,0.015973078528947682,0.5843813004032258,0.11540848958020716,2.0,0.5126582278481012,0.8215568807789784,HI-VAE_weibull
0.007174207750795049,0.9506329113924051,0.035154856838774944,0.6120904737903226,0.1974100172615027,4.0,0.4810126582278481,0.8014884980881366,HI-VAE_weibull
0.00717631742123256,0.9527426160337555,0.039642586308223954,0.5398248487903226,0.14118024788863495,1.0,0.4050632911392405,0.8061198280107678,HI-VAE_weibull
0.005508135323503182,0.9628691983122363,0.030481973319198767,0.602702872983871,0.22271382928650946,5.0,0.5063291139240507,0.8049313556765246,HI-VAE_weibull
0.005957015358427207,0.9670886075949369,0.024633858004942482,0.6073021673387097,0.22453010727789677,4.0,0.5189873417721519,0.8107796967619982,HI-VAE_weibull
0.00625379551466779,0.9654008438818568,0.0256300334613789,0.595344002016129,0.22449588279183588,5.0,0.5126582278481012,0.8200030827640828,HI-VAE_weibull
0.00528799598390344,0.9679324894514768,0.029105015824389523,0.6206464213709676,0.2634547339125075,2.0,0.5189873417721519,0.7953902888327143,HI-VAE_weibull
0.005998828423398602,0.9628691983122362,0.033386302387519884,0.6184097782258065,0.20302242484518626,2.0,0.5126582278481012,0.8122078670271714,HI-VAE_weibull
0.006867810933627387,0.9607594936708862,0.017264225377919433,0.606313004032258,0.16419600663990197,4.0,0.5379746835443038,0.8164354445243551,HI-VAE_weibull
0.005499470402805599,0.9616033755274263,0.02220522697647994,0.6427608366935484,0.2714482206218951,4.0,0.5443037974683544,0.797134375051248,HI-VAE_weibull
0.005073557972351947,0.9679324894514768,0.023658934892556122,0.6340851814516129,0.19367527427436707,3.0,0.5063291139240507,0.8128123444515563,HI-VAE_weibull
0.006375248529064921,0.9628691983122365,0.03856257148587947,0.6368069556451613,0.25326102464419853,5.0,0.4873417721518987,0.8111183572399473,HI-VAE_weibull
0.005486965590959593,0.9645569620253164,0.023199700074955996,0.5904422883064516,0.19714410224032655,3.0,0.4810126582278481,0.8149775797476531,HI-VAE_weibull
0.007965417746290053,0.9540084388185653,0.03825560060484196,0.6279989919354839,0.1552648444900507,2.0,0.5316455696202531,0.8026398462606131,HI-VAE_weibull
0.007435215844794883,0.950632911392405,0.020968667821362533,0.5959110383064516,0.18521434264602055,4.0,0.5126582278481012,0.7884034548074588,HI-VAE_weibull
0.008227279544648282,0.9540084388185656,0.03776825157695074,0.6351184475806451,0.15727235034534606,5.0,0.5126582278481012,0.8115601198860001,HI-VAE_weibull
0.005979181085968007,0.9599156118143459,0.017865423648920718,0.6843560987903226,0.23331999323861458,2.0,0.47468354430379744,0.8014344563156637,HI-VAE_weibull
0.008542103962227822,0.9523206751054852,0.02924929888751533,0.5657636088709678,0.25805936444742084,4.0,0.44936708860759494,0.7991005893382808,HI-VAE_weibull
0.00827522126961596,0.9502109704641349,0.04639362194853689,0.6569115423387097,0.3121668181765465,2.0,0.4810126582278481,0.8156485133519412,HI-VAE_weibull
0.007946752031418348,0.9518987341772152,0.03657382761782451,0.6445186491935484,0.17717082390084993,3.0,0.4873417721518987,0.8211047856535264,HI-VAE_weibull
0.007398080186247303,0.9565400843881858,0.05065470552371112,0.5897933467741935,0.18205810168888856,6.0,0.5443037974683544,0.7943977828338323,HI-VAE_weibull
0.006476663879663997,0.960337552742616,0.013306771684515878,0.6266507056451612,0.16310503056308703,2.0,0.569620253164557,0.8128769763633846,HI-VAE_weibull
0.006325448434325119,0.9599156118143459,0.020091612899977497,0.5462134576612904,0.20592411340689482,4.0,0.5253164556962026,0.8081921377950256,HI-VAE_weibull
0.006201224640600535,0.9590717299578059,0.02422094617440178,0.600289818548387,0.2207896920756932,2.0,0.4936708860759494,0.8151869312624601,HI-VAE_weibull
0.008684203536809116,0.950632911392405,0.02147542096934723,0.6464906754032258,0.1645826890099834,2.0,0.44936708860759494,0.8140794099619411,HI-VAE_weibull
0.006908246550136004,0.9586497890295359,0.026631058692622035,0.6062941028225806,0.1735931855795405,1.0,0.46835443037974683,0.7968409735594341,HI-VAE_weibull
0.005699592668479904,0.9616033755274261,0.026127578643007694,0.5598349294354839,0.20908224755560906,4.0,0.5063291139240507,0.8076265994795054,HI-VAE_weibull
0.006651424888386665,0.9573839662447258,0.03639133971571606,0.6092615927419354,0.2404750436388726,3.0,0.5063291139240507,0.8003973109967033,HI-VAE_weibull
0.006198092399764143,0.9632911392405062,0.011458428054181777,0.5549080141129032,0.18594273596005245,4.0,0.569620253164557,0.8103451778204003,HI-VAE_weibull
0.0053799938904355495,0.9637130801687763,0.028043349420648622,0.6129536290322581,0.1912645874416206,5.0,0.4936708860759494,0.8151459218814119,HI-VAE_weibull
0.006944341951228329,0.958227848101266,0.02884133044087526,0.6024319556451613,0.21502221042593814,5.0,0.5189873417721519,0.802458048627878,HI-VAE_weibull
0.007846737949977898,0.9514767932489452,0.03283121311058574,0.6313067036290323,0.2801495888305053,5.0,0.5379746835443038,0.8141974954495705,HI-VAE_weibull
0.006943690534805798,0.959493670886076,0.028735885015982197,0.5973853326612903,0.1331785862022535,3.0,0.5063291139240507,0.8171311250337486,HI-VAE_weibull
0.005476707026221578,0.9662447257383966,0.03281377362620928,0.5755229334677419,0.2121186870367809,2.0,0.5379746835443038,0.794606247521115,HI-VAE_weibull
0.007290360858876469,0.9578059071729957,0.022673781964151214,0.5585433467741936,0.2616489260160758,3.0,0.5,0.8143040721143235,HI-VAE_weibull
0.006796426738868554,0.9582278481012659,0.04140893690487208,0.6098412298387097,0.21090822022739145,3.0,0.5253164556962026,0.808938056517151,HI-VAE_weibull
0.005156379359907943,0.9683544303797469,0.03393048161851715,0.6057144657258065,0.17845609651980357,4.0,0.5316455696202531,0.8090141608330346,HI-VAE_weibull
0.0072260931457413516,0.9578059071729957,0.028731108605858632,0.5565902217741935,0.2469161074357161,3.0,0.5569620253164557,0.8060702465791976,HI-VAE_weibull
0.0077853337948776335,0.9561181434599157,0.015790511568624287,0.6018334173387098,0.2553299505860383,4.0,0.4873417721518987,0.8163107465437129,HI-VAE_weibull
0.006401271195409667,0.9569620253164558,0.02842082522548773,0.6775390625,0.20610022684717708,3.0,0.5189873417721519,0.8236501300768558,HI-VAE_weibull
0.007088681272965458,0.9590717299578059,0.02688276257539977,0.6291582661290323,0.1735698497831862,1.0,0.47468354430379744,0.8052778089405779,HI-VAE_weibull
0.007396711350697636,0.9594936708860761,0.046050905546714684,0.6080141129032258,0.15583102693692724,5.0,0.5,0.8040562446993539,HI-VAE_weibull
0.0062374189569170254,0.9611814345991562,0.03483589424653246,0.6443107358870968,0.1930292027169876,3.0,0.46835443037974683,0.8185526715584441,HI-VAE_weibull
0.007498560356613684,0.9582278481012658,0.017525839631820674,0.6407510080645161,0.10598460694670685,1.0,0.5316455696202531,0.8141504856757809,HI-VAE_weibull
0.00727433436782863,0.958649789029536,0.024100529868829254,0.6153099798387096,0.1937067795684786,3.0,0.5316455696202531,0.8111053509032045,HI-VAE_weibull
0.006659156712082081,0.9611814345991561,0.02681655502424338,0.621352066532258,0.26040553147119805,2.0,0.4936708860759494,0.8073310019179376,HI-VAE_weibull
0.006729173731349654,0.958649789029536,0.029735136846636128,0.6454700100806452,0.14499784535583052,3.0,0.5379746835443038,0.8044310421019495,HI-VAE_weibull
0.006773166802493896,0.9552742616033755,0.03700700384544612,0.6823399697580645,0.2533218105995438,1.0,0.5126582278481012,0.8042963586396806,HI-VAE_weibull
0.00740475359989995,0.9611814345991563,0.012107096301268426,0.5829259072580645,0.1933869608060238,4.0,0.45569620253164556,0.8013866927974229,HI-VAE_weibull
0.007554621968039985,0.9540084388185656,0.03223358762424808,0.5709551411290322,0.23490853504441103,2.0,0.46835443037974683,0.8109697215686243,HI-VAE_weibull
0.006531115640224223,0.9632911392405065,0.01917057497827362,0.5641381048387097,0.22453116067536172,4.0,0.5443037974683544,0.7928805671683865,HI-VAE_weibull
0.008190706634732942,0.9489451476793249,0.028701250800127854,0.6595199092741936,0.2880159820970397,3.0,0.5379746835443038,0.8179582172324709,HI-VAE_weibull
0.006517927694692195,0.9569620253164557,0.033971103132180575,0.6181010584677419,0.1023385865068585,2.0,0.46835443037974683,0.8099111528817549,HI-VAE_weibull
0.0073392715575981895,0.9489451476793249,0.05980718343617378,0.681898941532258,0.21304801162821593,5.0,0.5189873417721519,0.8200066967119932,HI-VAE_weibull
0.007854951929805669,0.9544303797468355,0.0351865399916837,0.6412361391129032,0.17663440971603567,2.0,0.5316455696202531,0.8002180109107934,HI-VAE_weibull
0.006749643692545171,0.958649789029536,0.022900623013725176,0.6218371975806452,0.15797147136453515,4.0,0.5189873417721519,0.807954021131028,HI-VAE_weibull
0.006518485552546197,0.9569620253164557,0.045389648929797854,0.543227066532258,0.20845932070774212,3.0,0.5253164556962026,0.8118780150552288,HI-VAE_weibull
0.007106161564751337,0.9540084388185656,0.04151872021140774,0.6649886592741936,0.176951118237787,1.0,0.47468354430379744,0.7941806006381548,HI-VAE_weibull
0.006065334793548671,0.959493670886076,0.04313755352648783,0.5294984879032258,0.21607671258605005,6.0,0.5253164556962026,0.8063640887899558,HI-VAE_weibull
0.005908915463419133,0.9611814345991562,0.015266169294869092,0.6456527217741936,0.3372961961225922,4.0,0.5316455696202531,0.8127601419495604,HI-VAE_weibull
0.00642030401277997,0.9628691983122363,0.0188439238776985,0.5382245463709677,0.18581183922031708,2.0,0.5253164556962026,0.8231974526854078,HI-VAE_weibull
0.005665869413468882,0.9662447257383966,0.029432139319013596,0.6404233870967742,0.22427211937635141,2.0,0.5253164556962026,0.8224599106662627,HI-VAE_weibull
0.008060180845400914,0.9506329113924052,0.0271428970934851,0.6402469758064516,0.14703295126376079,2.0,0.46835443037974683,0.815382334993028,HI-VAE_weibull
0.00669073823503887,0.9556962025316456,0.02283449310943241,0.5961630544354838,0.21466667821947522,1.0,0.46835443037974683,0.8064601265226969,HI-VAE_weibull
0.007648413493290903,0.9510548523206751,0.05526194417109886,0.5957535282258065,0.22564434483912113,3.0,0.4873417721518987,0.8153289205511943,HI-VAE_weibull
0.006207889018017437,0.9540084388185656,0.015664291964632863,0.5997794858870968,0.25342295200449105,4.0,0.46835443037974683,0.8111451846090556,HI-VAE_weibull
0.007217800415656391,0.9527426160337554,0.04493464781184209,0.6485509072580646,0.2070897761626087,4.0,0.4620253164556962,0.8143603093970784,HI-VAE_weibull
0.007240906606341928,0.9527426160337554,0.02412882339962953,0.6231035786290323,0.1709913662101094,2.0,0.4936708860759494,0.8078615996113776,HI-VAE_weibull
0.006174797019334242,0.959915611814346,0.02476684184089894,0.6198147681451613,0.21803382537933033,4.0,0.45569620253164556,0.815450821464049,HI-VAE_weibull
0.00663903764238148,0.9594936708860762,0.029777995669410015,0.590593497983871,0.19772429519440007,3.0,0.4810126582278481,0.8214368183303385,HI-VAE_weibull
0.007168463759851862,0.960337552742616,0.021439511490281348,0.6222152217741936,0.20396344848697207,3.0,0.5253164556962026,0.8063630774868513,HI-VAE_weibull
0.008053584655973028,0.9514767932489452,0.03594938101522739,0.6597845262096774,0.2278027505034224,4.0,0.5316455696202531,0.8219837772706283,HI-VAE_weibull
0.005206701477554474,0.9637130801687764,0.033319921330753996,0.6345766129032258,0.23494172665332244,3.0,0.5189873417721519,0.802790174877747,HI-VAE_weibull
0.006298982276382582,0.9607594936708861,0.014799156941097727,0.5553490423387097,0.29751720922444524,2.0,0.5316455696202531,0.7925376499326747,HI-VAE_weibull
0.007018710424068595,0.9569620253164557,0.02874016433812305,0.6769657258064516,0.24514830913576238,4.0,0.5379746835443038,0.803582653001807,HI-VAE_weibull
0.005902220885274685,0.9645569620253165,0.014344395536523924,0.600812752016129,0.23556858606623657,2.0,0.5379746835443038,0.7859071403287664,HI-VAE_weibull
0.006620882930378935,0.9578059071729956,0.02329697526910983,0.6235635080645161,0.1740389579661204,5.0,0.5189873417721519,0.8089132437407459,HI-VAE_weibull
0.0045315199209544155,0.968776371308017,0.014144467714665767,0.6487714213709678,0.27410028074837445,4.0,0.47468354430379744,0.8237223156022434,HI-VAE_weibull
0.007018968687878168,0.9569620253164557,0.03989849476866265,0.614976058467742,0.26639633698071286,5.0,0.4936708860759494,0.8036048693034207,HI-VAE_weibull
0.007371868820463617,0.9561181434599156,0.0158608232210335,0.5918409778225806,0.2910558177927618,5.0,0.5506329113924051,0.8049395762955998,HI-VAE_weibull
0.005879244436899628,0.9607594936708862,0.04293391503348686,0.5342930947580646,0.24286585095080776,4.0,0.5632911392405063,0.8031789522709373,HI-VAE_weibull
0.00828254049414264,0.9527426160337552,0.026483171136633253,0.6096774193548387,0.12266548353501934,2.0,0.4873417721518987,0.8015195430704284,HI-VAE_weibull
0.006458254340894335,0.9611814345991561,0.021678070942755062,0.5631489415322581,0.18499737457495116,4.0,0.5,0.818707099397096,HI-VAE_weibull
0.006752379243320547,0.959493670886076,0.024805591269756646,0.6228641633064516,0.1664836537475603,2.0,0.46835443037974683,0.8120991655129324,HI-VAE_weibull
0.006026406531443331,0.9603375527426162,0.05162734884785974,0.5822202620967742,0.19946303868701953,4.0,0.43670886075949367,0.8111479384724547,HI-VAE_weibull
0.007152766597334519,0.960759493670886,0.028005379742611098,0.5175025201612903,0.20071618185948115,3.0,0.41139240506329117,0.8125570828227642,HI-VAE_weibull
0.007463756622686403,0.9561181434599157,0.03532738668793444,0.6251386088709677,0.16339035720494638,4.0,0.4936708860759494,0.82288495345715,HI-VAE_weibull
0.007934869909598059,0.9573839662447258,0.024828852225141633,0.6456590221774194,0.21076589128032633,5.0,0.5316455696202531,0.8088440165856653,HI-VAE_weibull
0.006705797314887031,0.9624472573839663,0.017721275154608786,0.6047442036290323,0.28862450070706314,4.0,0.4177215189873418,0.8003213704252091,HI-VAE_weibull
0.0072081101498530495,0.959071729957806,0.01675647045764895,0.648210685483871,0.24925308216601233,3.0,0.5189873417721519,0.81668199963333,HI-VAE_weibull
0.008308213583663761,0.9510548523206751,0.02083701402458689,0.6154044858870967,0.239939958993852,4.0,0.5822784810126582,0.8018475401645124,HI-VAE_weibull
0.007091285110248517,0.958649789029536,0.01789718170518345,0.5918031754032258,0.18530862046972552,3.0,0.4873417721518987,0.810388065070787,HI-VAE_piecewise
0.006561212997042234,0.9561181434599157,0.01786773640482405,0.6419921875,0.22976565367004564,4.0,0.5379746835443038,0.7969106109769457,HI-VAE_piecewise
0.008834166123389449,0.9451476793248946,0.03705499815260387,0.6450289818548388,0.1394310834559469,1.0,0.4430379746835443,0.7968688794087128,HI-VAE_piecewise
0.007471224276974519,0.957805907172996,0.025194250443927264,0.6106917842741935,0.16607990848405757,3.0,0.4936708860759494,0.8030440374052981,HI-VAE_piecewise
0.005550762037664894,0.9616033755274261,0.04438096665628453,0.6029422883064516,0.23314704102717645,1.0,0.4810126582278481,0.794385840758462,HI-VAE_piecewise
0.005799057527900902,0.9654008438818568,0.019075117680348152,0.6156123991935484,0.25977115187035194,4.0,0.5126582278481012,0.803419585846529,HI-VAE_piecewise
0.006684584491496666,0.9632911392405064,0.02539527541676606,0.5824911794354838,0.09900705421494278,1.0,0.5063291139240507,0.8040707513208344,HI-VAE_piecewise
0.0065553122589688765,0.9628691983122363,0.026293177184385973,0.5538936491935484,0.14088774429086726,4.0,0.5063291139240507,0.8165262681817385,HI-VAE_piecewise
0.00904325258378056,0.9506329113924051,0.03327331509521637,0.552438256048387,0.16944848690998884,5.0,0.5126582278481012,0.7943635095869735,HI-VAE_piecewise
0.007769324822095496,0.9544303797468354,0.02529708318941297,0.5754284274193548,0.09824148898188222,1.0,0.43037974683544306,0.7900934607641854,HI-VAE_piecewise
0.006321878942176717,0.960337552742616,0.015084430904597664,0.6160534274193549,0.22155050785639188,3.0,0.5126582278481012,0.7990851799997168,HI-VAE_piecewise
0.007987926149145572,0.9527426160337554,0.02434155332711281,0.5922568044354838,0.25174644033445726,4.0,0.5063291139240507,0.8034995628307586,HI-VAE_piecewise
0.007446656176255799,0.9535864978902955,0.026543981899640218,0.5759702620967742,0.19645514253252988,5.0,0.5063291139240507,0.8255423832874007,HI-VAE_piecewise
0.005917368743762325,0.957805907172996,0.033344850863161475,0.6224861391129032,0.15684574743382668,1.0,0.4936708860759494,0.8038252057961566,HI-VAE_piecewise
0.007025140031842436,0.9607594936708863,0.025691200283484397,0.5901839717741935,0.13267254646523122,3.0,0.5126582278481012,0.7961133224355519,HI-VAE_piecewise
0.005649436238102952,0.9649789029535867,0.01804851945144163,0.5961378528225806,0.1360531071262392,3.0,0.4873417721518987,0.8039523656604675,HI-VAE_piecewise
0.007159869712832247,0.9573839662447257,0.015862824965998053,0.5919228830645162,0.2767538362787464,4.0,0.47468354430379744,0.8012574401616843,HI-VAE_piecewise
0.006524232489142307,0.9616033755274264,0.039780093314531174,0.6287046370967742,0.2401381505670909,4.0,0.47468354430379744,0.795879015485494,HI-VAE_piecewise
0.007669101002059464,0.9497890295358651,0.029192311504138476,0.6137726814516129,0.16025101676294706,4.0,0.5,0.8008553074255538,HI-VAE_piecewise
0.007012946617602271,0.9569620253164557,0.02202544620203292,0.6400642641129032,0.15377189412137024,1.0,0.45569620253164556,0.8055411123796473,HI-VAE_piecewise
0.007941491640940162,0.9531645569620254,0.031030844717624427,0.6472530241935485,0.1126231188137588,1.0,0.4620253164556962,0.8000806590825775,HI-VAE_piecewise
0.006415912641238766,0.959493670886076,0.027271003732326868,0.5747920866935484,0.3557041494675082,3.0,0.5379746835443038,0.8092605154393958,HI-VAE_piecewise
0.008783910547283114,0.9540084388185656,0.03970663442694779,0.6221522177419356,0.3002478727775808,4.0,0.44936708860759494,0.8044811983318014,HI-VAE_piecewise
0.00599437238151266,0.9594936708860761,0.03249394729377223,0.5790763608870968,0.1040007938475072,2.0,0.5063291139240507,0.8014149157891143,HI-VAE_piecewise
0.006143012379315038,0.9616033755274261,0.02649695238176706,0.6499306955645162,0.20086274128154188,1.0,0.569620253164557,0.7972846183123925,HI-VAE_piecewise
0.008942975056244116,0.9497890295358651,0.017624158578484816,0.6231539818548387,0.29095752914283857,2.0,0.4936708860759494,0.8063684579045463,HI-VAE_piecewise
0.00906832016583199,0.9493670886075949,0.026684986764093966,0.6392200100806452,0.24540492758237784,5.0,0.4810126582278481,0.7978825440899925,HI-VAE_piecewise
0.007199529549113436,0.9548523206751054,0.03079944664288888,0.6371345766129032,0.18448424037016534,4.0,0.5189873417721519,0.7993534852161812,HI-VAE_piecewise
0.005447658938086772,0.9616033755274263,0.024496576655268894,0.6212638608870968,0.16120079250498537,4.0,0.5506329113924051,0.8224555158488394,HI-VAE_piecewise
0.007909384755006183,0.9569620253164558,0.022717416618247076,0.609047379032258,0.1846813158480982,3.0,0.5126582278481012,0.806806221245587,HI-VAE_piecewise
0.006267739661742027,0.9662447257383966,0.04131363016947675,0.5803994455645161,0.269651704753544,4.0,0.43670886075949367,0.7959231734692878,HI-VAE_piecewise
0.007613875731657396,0.9607594936708861,0.015747130236191426,0.5958606350806451,0.15313143711946636,4.0,0.5379746835443038,0.7918715379244651,HI-VAE_piecewise
0.006293517303580676,0.9641350210970465,0.02008371105510142,0.5913621471774194,0.11273110534547619,3.0,0.5,0.7946543916608483,HI-VAE_piecewise
0.0068870335080405,0.9544303797468355,0.03634457318686926,0.5591607862903226,0.1979147588571615,2.0,0.45569620253164556,0.815244842983915,HI-VAE_piecewise
0.006612231657532277,0.9620253164556962,0.021776938874261596,0.6629851310483872,0.19525455340921252,3.0,0.5316455696202531,0.8062929067495536,HI-VAE_piecewise
0.006260427238502742,0.9632911392405064,0.024745061758307957,0.6550970262096774,0.1641574078813433,5.0,0.5126582278481012,0.8143253566856167,HI-VAE_piecewise
0.0067109189858153544,0.9552742616033755,0.04002016664822209,0.6484753024193549,0.11851828025832932,2.0,0.44936708860759494,0.7984980721235355,HI-VAE_piecewise
0.0071224990168544475,0.9527426160337552,0.054438241607052344,0.5814327116935484,0.1129688171016497,2.0,0.4810126582278481,0.7982211691514554,HI-VAE_piecewise
0.006861969291745692,0.959915611814346,0.028299588073216447,0.6015561995967741,0.21460390817877925,4.0,0.5126582278481012,0.8060076100864236,HI-VAE_piecewise
0.0062879741634897365,0.9607594936708861,0.03385601113041157,0.6068485383064516,0.22955378505929486,4.0,0.5189873417721519,0.8112996153649432,HI-VAE_piecewise
0.007068959300748566,0.9565400843881856,0.025835264459317237,0.5927734375,0.17583740566905426,2.0,0.5063291139240507,0.800735595049539,HI-VAE_piecewise
0.006571403047183822,0.9561181434599155,0.022342067467912133,0.5801600302419354,0.11462660611087237,1.0,0.5126582278481012,0.8134283738837913,HI-VAE_piecewise
0.008650069409606637,0.949367088607595,0.032407342606875514,0.66328125,0.26459763529551333,5.0,0.4810126582278481,0.7947212208589945,HI-VAE_piecewise
0.007304216705509212,0.9540084388185653,0.022193865958944806,0.5776461693548388,0.1559785344645798,3.0,0.5443037974683544,0.7986238421721691,HI-VAE_piecewise
0.006413659782316955,0.959915611814346,0.02956250634471611,0.6592678931451613,0.14974691332233273,4.0,0.4810126582278481,0.8048883791066135,HI-VAE_piecewise
0.007542451008232334,0.957805907172996,0.028927469010364165,0.5551096270161291,0.25417185960069566,5.0,0.47468354430379744,0.8085116540765912,HI-VAE_piecewise
0.0063023334194444065,0.957805907172996,0.01747364030531398,0.596906502016129,0.16612886574608446,3.0,0.5316455696202531,0.802565342288378,HI-VAE_piecewise
0.004518161500650858,0.9713080168776371,0.014234365100091169,0.5151146673387097,0.27142425947887555,4.0,0.5189873417721519,0.81311100340343,HI-VAE_piecewise
0.00906784363289676,0.9472573839662447,0.027126226092708136,0.5833102318548387,0.10206829776013937,1.0,0.5316455696202531,0.8021482273706881,HI-VAE_piecewise
0.006318970130077579,0.960337552742616,0.022043591777674832,0.5747857862903226,0.11896358726861106,1.0,0.4873417721518987,0.8017090650884314,HI-VAE_piecewise
0.006160512260321002,0.9637130801687764,0.04281664134984084,0.5955960181451613,0.2734168540859004,2.0,0.4936708860759494,0.7950774158447922,HI-VAE_piecewise
0.006374693144944108,0.9632911392405064,0.04015529298314165,0.5586441532258065,0.1272513634478892,1.0,0.5063291139240507,0.8114540964216383,HI-VAE_piecewise
0.007502118646344173,0.9518987341772152,0.02383931263386398,0.6305254536290323,0.1969034195198255,2.0,0.4620253164556962,0.8083667651350201,HI-VAE_piecewise
0.006639390168363126,0.9569620253164557,0.036684107298057045,0.6458228326612903,0.1484147224709405,2.0,0.4873417721518987,0.7967817165264062,HI-VAE_piecewise
0.007328869547666751,0.9561181434599157,0.030556957860918058,0.631804435483871,0.11642210317840875,4.0,0.5443037974683544,0.7951293606748745,HI-VAE_piecewise
0.005611387149559957,0.9658227848101265,0.039338445999320897,0.5863029233870968,0.3016644720797941,4.0,0.5443037974683544,0.7946441224642536,HI-VAE_piecewise
0.007735523285654926,0.9586497890295359,0.017710845757843336,0.630367943548387,0.1733341616060226,3.0,0.5443037974683544,0.8158894318130553,HI-VAE_piecewise
0.007654220903575165,0.9540084388185655,0.03601072361458078,0.6356539818548387,0.10305989725049436,1.0,0.569620253164557,0.8007954171924513,HI-VAE_piecewise
0.0051760304467706525,0.9679324894514767,0.022778764015347053,0.5694178427419355,0.21928812371252943,3.0,0.5189873417721519,0.7923715309094597,HI-VAE_piecewise
0.0065972045606401235,0.9611814345991561,0.01779880929229671,0.6210496471774193,0.20067350536453932,4.0,0.4873417721518987,0.8197146886077766,HI-VAE_piecewise
0.006932751864575804,0.9569620253164559,0.03298909939009512,0.5792527721774193,0.23779991817990248,2.0,0.4873417721518987,0.7975978968908488,HI-VAE_piecewise
0.007260644722099963,0.9561181434599156,0.028938378864553273,0.6090725806451612,0.27428011367094474,3.0,0.4873417721518987,0.8096314035155407,HI-VAE_piecewise
0.007227099763235866,0.958227848101266,0.027547958765861087,0.5857421875,0.21688434838721893,5.0,0.4936708860759494,0.8006447814121989,HI-VAE_piecewise
0.007361406516095645,0.9578059071729957,0.032401197563970176,0.5813760080645161,0.2099813269638338,3.0,0.5759493670886076,0.8006805813172437,HI-VAE_piecewise
0.006091515032912427,0.9632911392405065,0.02459269669442648,0.5925655241935484,0.16923252441410983,6.0,0.5506329113924051,0.8076941235506786,HI-VAE_piecewise
0.007458055259026248,0.9573839662447258,0.02407512882342006,0.5802860383064516,0.2716886551519378,2.0,0.5316455696202531,0.8144436296988196,HI-VAE_piecewise
0.0058717410190271165,0.9637130801687763,0.01947250101222949,0.6243447580645162,0.12513560193635437,3.0,0.5063291139240507,0.7863657489615147,HI-VAE_piecewise
0.006545185560867761,0.9586497890295359,0.04237926896945322,0.5831590221774194,0.20008039303769987,5.0,0.46835443037974683,0.8053418120243635,HI-VAE_piecewise
0.008415104941464097,0.9548523206751055,0.01538077286081501,0.6415889616935484,0.11210869121063283,3.0,0.5316455696202531,0.8159112151107671,HI-VAE_piecewise
0.006912720332161591,0.9620253164556962,0.022483910840269877,0.6107610887096775,0.18498510722569617,3.0,0.46835443037974683,0.8127826501488472,HI-VAE_piecewise
0.006556903361322231,0.959915611814346,0.03204994814217438,0.5204196068548386,0.17456998979779742,3.0,0.4873417721518987,0.814133231668828,HI-VAE_piecewise
0.006934731341248096,0.9573839662447258,0.024483914573350075,0.572820060483871,0.3263877635394254,2.0,0.5189873417721519,0.7939101830580308,HI-VAE_piecewise
0.00807587063637152,0.9523206751054851,0.02621404256549378,0.6310357862903226,0.18705489356569516,1.0,0.4936708860759494,0.808248668111739,HI-VAE_piecewise
0.0073894527912225045,0.9548523206751056,0.047669148848878365,0.6004599294354839,0.22862159723193304,3.0,0.5253164556962026,0.8081180187649151,HI-VAE_piecewise
0.0061316951928671835,0.959915611814346,0.023200206406239914,0.6411542338709677,0.17919268715910217,2.0,0.5063291139240507,0.807113930256175,HI-VAE_piecewise
0.007292801340241844,0.9535864978902955,0.025381152883126167,0.6174710181451613,0.1574787476011756,2.0,0.5253164556962026,0.7865993135792525,HI-VAE_piecewise
0.008670323222641938,0.9518987341772152,0.02504221496434047,0.6038180443548387,0.11869191962307855,6.0,0.5189873417721519,0.8169816824765892,HI-VAE_piecewise
0.006059654114847838,0.9578059071729957,0.053508224883856974,0.6295110887096774,0.25490920109390636,2.0,0.5316455696202531,0.8079903838584496,HI-VAE_piecewise
0.005431782783131924,0.9624472573839663,0.027033014546483946,0.5770665322580645,0.1845323029073561,4.0,0.5126582278481012,0.7874281021409181,HI-VAE_piecewise
0.008446731932984506,0.9523206751054852,0.029790129823784005,0.6318674395161291,0.14227699380819067,4.0,0.4936708860759494,0.7973679399716473,HI-VAE_piecewise
0.006600817084513418,0.959071729957806,0.025763572001945716,0.6653477822580645,0.1368495813594657,2.0,0.4240506329113924,0.805053009167892,HI-VAE_piecewise
0.006206688881515612,0.959493670886076,0.019585696735552924,0.6613029233870968,0.20343207398931212,6.0,0.47468354430379744,0.8054557433630417,HI-VAE_piecewise
0.006801190837602719,0.9594936708860761,0.03031815044839903,0.6327998991935484,0.14237873013640845,3.0,0.43670886075949367,0.8088202852987261,HI-VAE_piecewise
0.005328463168930498,0.9675105485232068,0.019155340952407035,0.6243762600806451,0.13279127321442383,2.0,0.4810126582278481,0.8002519785617282,HI-VAE_piecewise
0.007568485458311125,0.9578059071729957,0.024927112295888933,0.6359627016129032,0.15824548257628587,3.0,0.5126582278481012,0.799585530725809,HI-VAE_piecewise
0.006265773931435713,0.9616033755274263,0.03397945047902457,0.6390940020161291,0.3362947263302885,6.0,0.47468354430379744,0.7939821640753749,HI-VAE_piecewise
0.007134720165946669,0.9573839662447258,0.022239232887743897,0.6076675907258065,0.12031222460404876,2.0,0.5253164556962026,0.8050227128178231,HI-VAE_piecewise
0.008093158723875291,0.9510548523206752,0.0426557764986532,0.6111517137096774,0.16264982962206517,5.0,0.5253164556962026,0.8120142664329558,HI-VAE_piecewise
0.0064463892608994135,0.959915611814346,0.02937869021740126,0.5645602318548387,0.29814513857308617,5.0,0.5063291139240507,0.7976273616320578,HI-VAE_piecewise
0.008716995734896808,0.9459915611814347,0.028689188002764453,0.6001449092741936,0.18333285576826266,5.0,0.4936708860759494,0.8156680581494876,HI-VAE_piecewise
0.006230195019875581,0.9611814345991562,0.021763697014800156,0.6398626512096774,0.15825893487051867,1.0,0.4873417721518987,0.8114111211181805,HI-VAE_piecewise
0.0061991755977512915,0.9662447257383967,0.02799750508299476,0.611788054435484,0.1938260922081474,2.0,0.5759493670886076,0.7965513807081577,HI-VAE_piecewise
0.00844316078232988,0.9552742616033755,0.026484278593186115,0.5927356350806452,0.14425401141546074,2.0,0.44936708860759494,0.8188782052376316,HI-VAE_piecewise
0.006648182952463216,0.9637130801687764,0.02312187052842731,0.5435735887096774,0.2600043910739582,4.0,0.4810126582278481,0.8027511566448546,HI-VAE_piecewise
0.007067388530143883,0.9578059071729957,0.027800370037916213,0.5710118447580644,0.258843703857538,4.0,0.5822784810126582,0.7933490847898675,HI-VAE_piecewise
0.006240814442948942,0.9556962025316458,0.023161780895936956,0.6578314012096774,0.157306167600615,3.0,0.5,0.7944697009640571,HI-VAE_piecewise
0.005933166514854887,0.960337552742616,0.034539959757367296,0.6327053931451613,0.2948067172195042,4.0,0.4430379746835443,0.8069389486545075,HI-VAE_piecewise
0.0075892669243872125,0.9556962025316458,0.023315240184183208,0.6463016633064516,0.19197557355324069,3.0,0.4620253164556962,0.7908324215019533,HI-VAE_piecewise
0.005738823033963965,0.9679324894514767,0.021369153656444564,0.6172694052419355,0.22649118925737247,4.0,0.5316455696202531,0.809865495864223,HI-VAE_piecewise
0.007273687780310356,0.9548523206751055,0.04737023595644912,0.6422127016129033,0.16980714147931297,2.0,0.5253164556962026,0.7980631740336656,HI-VAE_piecewise
0.007771483035060755,0.9556962025316457,0.024835043769715008,0.6500630040322581,0.1999726407566127,2.0,0.4810126582278481,0.8118604825996985,HI-VAE_piecewise
0.0058641564881035165,0.9628691983122363,0.038938804993795754,0.5937247983870967,0.14953835561503676,3.0,0.4936708860759494,0.7984684247780217,HI-VAE_piecewise
0.007835652013504269,0.9514767932489452,0.03826782959629416,0.6520602318548387,0.2977015111154973,4.0,0.4620253164556962,0.8088258347656657,HI-VAE_piecewise
0.006871861048348236,0.9573839662447258,0.026229853680551515,0.6821761592741936,0.14258246975731553,4.0,0.5189873417721519,0.8073131844632111,HI-VAE_piecewise
0.006395613184765656,0.9552742616033757,0.026806590719116622,0.6393397177419355,0.21068375313131632,1.0,0.4873417721518987,0.7933492939506883,HI-VAE_piecewise
0.006865861267798025,0.9599156118143459,0.03123411241508189,0.6218371975806452,0.11990978141075774,5.0,0.46835443037974683,0.8084544683073662,HI-VAE_piecewise
0.007467695673283024,0.9548523206751054,0.03978462191154061,0.5995211693548386,0.2146141312419532,4.0,0.5063291139240507,0.8034594783001718,HI-VAE_piecewise
0.005330359567953572,0.9632911392405065,0.021297550135141587,0.5972089213709677,0.16538627055849678,2.0,0.5379746835443038,0.8087907690410999,HI-VAE_piecewise
0.007348197960502076,0.959071729957806,0.019385926265933627,0.601820816532258,0.24459157207818397,5.0,0.5569620253164557,0.7904327920263654,HI-VAE_piecewise
0.007060907808978652,0.9548523206751055,0.02506213130801452,0.5754914314516129,0.24381830479164904,3.0,0.5,0.8005746036863483,HI-VAE_piecewise
0.006716592135371083,0.9620253164556963,0.02235671707189809,0.5698966733870967,0.11688336428300175,1.0,0.5316455696202531,0.8046053754847522,HI-VAE_piecewise
0.0076397441122260015,0.9556962025316456,0.027334950501779136,0.6492376512096774,0.3097201341577759,4.0,0.5,0.8067747056233071,HI-VAE_piecewise
0.005979587586320246,0.958649789029536,0.033351039249213565,0.5572643649193548,0.24207859722555203,3.0,0.4936708860759494,0.7942530712662332,HI-VAE_piecewise
0.0059033121963347505,0.9607594936708863,0.024211496469789224,0.5970010080645162,0.11396858078124712,1.0,0.45569620253164556,0.7953764085208425,HI-VAE_piecewise
0.007847658207078554,0.9552742616033755,0.03356135802105487,0.6561365927419355,0.14311640157599573,4.0,0.5189873417721519,0.8020341388453283,HI-VAE_piecewise
0.00643687909392006,0.9578059071729957,0.027245235234159823,0.5808215725806452,0.19105717714530082,3.0,0.5379746835443038,0.819839961000724,HI-VAE_piecewise
0.006466776835818882,0.959493670886076,0.026341207812923116,0.5930569556451613,0.2676226911578858,3.0,0.47468354430379744,0.7994990785627084,HI-VAE_piecewise
0.00725405960480734,0.9540084388185655,0.040886731933631335,0.6239604334677418,0.2626687016536861,4.0,0.45569620253164556,0.8199272159428835,HI-VAE_piecewise
0.006772296096233568,0.9514767932489452,0.018240158872395336,0.6043724798387096,0.28903328283623797,3.0,0.47468354430379744,0.8014504978105889,HI-VAE_piecewise
0.0073121846568136835,0.9556962025316456,0.02115445373197253,0.578188004032258,0.19703119094240504,3.0,0.5189873417721519,0.7941222292088327,HI-VAE_piecewise
0.005113598833315578,0.9620253164556963,0.02576339980033879,0.6242124495967742,0.15187580724199576,3.0,0.5,0.7930806539121553,HI-VAE_piecewise
0.007833571048618452,0.9569620253164558,0.01953085748001404,0.6330645161290323,0.19576572118158336,2.0,0.5126582278481012,0.8203527814238994,HI-VAE_piecewise
0.00885446179937156,0.9497890295358649,0.04280987488496113,0.605304939516129,0.12914256009065703,2.0,0.4620253164556962,0.8153350537916221,HI-VAE_piecewise
0.005154767332605622,0.9717299578059072,0.021690174221028688,0.6071509576612903,0.19928919768096745,5.0,0.5,0.8147142171979005,HI-VAE_piecewise
0.004966818432702792,0.9683544303797468,0.024404588773478,0.5268271169354839,0.1287937889927159,1.0,0.45569620253164556,0.8134811078775074,HI-VAE_piecewise
0.007325492062882854,0.9544303797468355,0.029614187907150966,0.6221018145161291,0.16457987256245102,2.0,0.44936708860759494,0.819019061851848,HI-VAE_piecewise
0.007140305054493435,0.9565400843881857,0.038352437049594984,0.600812752016129,0.13934339078339217,4.0,0.4936708860759494,0.8139516341658092,HI-VAE_piecewise
0.007991146441695013,0.9531645569620254,0.020960321454310118,0.6130796370967743,0.18179399613916736,3.0,0.4873417721518987,0.7999972888207567,HI-VAE_piecewise
0.007612208288737613,0.9518987341772153,0.030527982519301715,0.5874810987903226,0.19941680359854647,4.0,0.5253164556962026,0.7898941582217535,HI-VAE_piecewise
0.00775243343769515,0.9497890295358649,0.04359083816885277,0.6357925907258065,0.3898507293921185,3.0,0.4810126582278481,0.8156871616625166,HI-VAE_piecewise
0.00581271616037258,0.9691983122362872,0.01838812790081963,0.6011907762096774,0.17322201109507582,3.0,0.5,0.8059477579945203,HI-VAE_piecewise
0.009056983961589016,0.9468354430379746,0.02473685721192349,0.5947328629032258,0.1591531568070874,5.0,0.5063291139240507,0.8014601287303174,HI-VAE_piecewise
0.007698239157636124,0.9586497890295359,0.04128364338210188,0.6021547379032258,0.11791978090828915,1.0,0.4936708860759494,0.8041075332259732,HI-VAE_piecewise
0.006740248359754082,0.961603375527426,0.028496862393927798,0.6105720766129032,0.12187152439294678,3.0,0.46835443037974683,0.8183532659050732,HI-VAE_piecewise
0.006337840553328891,0.9578059071729961,0.04030792365831271,0.6094506048387096,0.1437164844298732,3.0,0.4810126582278481,0.8077669621864749,HI-VAE_piecewise
0.007621627706442221,0.9514767932489452,0.03123257831846114,0.6371975806451613,0.1518867191508233,2.0,0.43670886075949367,0.8078935396784346,HI-VAE_piecewise
0.006103051428711594,0.9662447257383967,0.01596351774529239,0.5441343245967742,0.14177290915293247,4.0,0.47468354430379744,0.8152485605841895,HI-VAE_piecewise
0.007962786029212559,0.9502109704641352,0.02301896622858611,0.6216607862903226,0.14529886597226463,4.0,0.5253164556962026,0.7902922009758941,HI-VAE_piecewise
0.010539200385089771,0.9409282700421943,0.017116196178703618,0.6039629536290323,0.22394819914443265,4.0,0.5379746835443038,0.8041721764168798,HI-VAE_piecewise
0.007103954559329595,0.957805907172996,0.02711337187471282,0.6581338205645161,0.14994679638898314,2.0,0.5379746835443038,0.7989474472728596,HI-VAE_piecewise
0.007083809402778629,0.9556962025316457,0.01855728431194871,0.621906502016129,0.30497489375474846,2.0,0.5126582278481012,0.8082887728658402,HI-VAE_piecewise
0.006152574166078632,0.9607594936708862,0.03164324814821056,0.6044669858870968,0.20097301487777303,2.0,0.5316455696202531,0.8124266652705182,HI-VAE_piecewise
0.006586365855860606,0.9611814345991562,0.02692839023204057,0.5944556451612903,0.12792511851923344,4.0,0.5063291139240507,0.8057739882542805,HI-VAE_piecewise
0.007486932643387629,0.9531645569620255,0.047919316706388645,0.601304183467742,0.11461110926815474,1.0,0.5253164556962026,0.800832039842694,HI-VAE_piecewise
0.006237004848,0.9586497890295359,0.027239415515921964,0.6419480846774194,0.24288928632333245,2.0,0.5443037974683544,0.7998744565949605,HI-VAE_piecewise
0.008466644399170237,0.9502109704641349,0.042862546392207386,0.5641822076612903,0.1912407419601431,2.0,0.47468354430379744,0.7799559024497392,HI-VAE_piecewise
0.007207476433163527,0.958227848101266,0.04103149214114535,0.617710433467742,0.22396778420723054,2.0,0.47468354430379744,0.8192899884978804,HI-VAE_piecewise
0.006336525389143048,0.9607594936708861,0.021998618034072603,0.6301600302419355,0.27926212584613014,4.0,0.5063291139240507,0.800068881118754,HI-VAE_piecewise
0.0058602992461396315,0.9662447257383967,0.021466800296290847,0.6364037298387097,0.34800594481584013,3.0,0.4430379746835443,0.8043205284628715,HI-VAE_piecewise
0.005680889330264092,0.9594936708860761,0.025791954543682095,0.5593245967741935,0.25413156728901937,2.0,0.5506329113924051,0.807221788123809,HI-VAE_piecewise
0.008212324608874253,0.9527426160337552,0.041262609907743726,0.6293346774193548,0.3007594549646931,4.0,0.4810126582278481,0.7975418848399651,HI-VAE_piecewise
0.007218276271006804,0.9544303797468355,0.016454265383765838,0.5606476814516128,0.2569160524274512,5.0,0.4430379746835443,0.798322768494085,HI-VAE_piecewise
0.00763688501087884,0.9523206751054852,0.027250508866851646,0.6107610887096774,0.21295488398149204,5.0,0.46835443037974683,0.8114641932496107,HI-VAE_piecewise
0.006592865625891372,0.9624472573839663,0.019553718970868935,0.5994518649193548,0.12906773879282596,2.0,0.4936708860759494,0.8037145748815079,HI-VAE_piecewise
0.006444188899248956,0.957805907172996,0.041039358697457506,0.6118069556451613,0.2618410654799955,5.0,0.5189873417721519,0.8144797462363241,HI-VAE_piecewise
0.004975014702057328,0.9637130801687765,0.03759054421556819,0.5936176915322581,0.26527715004687835,2.0,0.5379746835443038,0.8071751680065553,HI-VAE_piecewise
0.00635481529356265,0.9578059071729957,0.01691215665278444,0.6037676411290323,0.11634849244720469,2.0,0.46835443037974683,0.7986868442186403,HI-VAE_piecewise
0.00690079968396551,0.9607594936708862,0.024492580346508256,0.5737399193548388,0.2053666230145348,2.0,0.4936708860759494,0.7947338307094144,HI-VAE_piecewise
0.005582076778082387,0.9611814345991563,0.01405651975146546,0.5902028729838709,0.20765736541094557,2.0,0.5189873417721519,0.7919750266046258,HI-VAE_piecewise
0.008083456363567446,0.9527426160337551,0.04146144507751384,0.573765120967742,0.27434054811109815,3.0,0.5063291139240507,0.7931891759723797,HI-VAE_piecewise
0.007158753783950029,0.9531645569620255,0.03392432629308419,0.5562436995967742,0.17128157402211783,7.0,0.5443037974683544,0.8003169464952881,HI-VAE_piecewise
0.006768966742195021,0.9586497890295358,0.028211581350929084,0.6420992943548387,0.1783510474479053,4.0,0.43670886075949367,0.8085793298732373,HI-VAE_piecewise
0.008228038448682267,0.9569620253164558,0.04706803505006088,0.6170173891129032,0.22975348181207522,5.0,0.5443037974683544,0.8040299441262871,HI-VAE_piecewise
0.007237512462156751,0.9514767932489453,0.027573224984307868,0.5526776713709678,0.2159633361200762,3.0,0.4936708860759494,0.8051897823515406,HI-VAE_piecewise
0.006498678328399481,0.9637130801687764,0.01743998704046561,0.5603074596774194,0.20578678970593714,2.0,0.5,0.7940296183154643,HI-VAE_piecewise
0.008388484243311907,0.9497890295358649,0.018335621553079207,0.5842930947580645,0.2384193546609252,5.0,0.5126582278481012,0.8000009143120771,HI-VAE_piecewise
0.008580183082286587,0.9497890295358649,0.04245645317489668,0.6235131048387098,0.26816713163503425,5.0,0.44936708860759494,0.817948580859238,HI-VAE_piecewise
0.006696144642024911,0.9573839662447255,0.04125234201935047,0.6388482862903226,0.1557608963857761,3.0,0.4620253164556962,0.8009402295216801,HI-VAE_piecewise
0.0061221280600972155,0.9658227848101266,0.025838392239322765,0.6099231350806452,0.26013818174639414,2.0,0.47468354430379744,0.8073164740204376,HI-VAE_piecewise
0.007884029945742681,0.9556962025316456,0.030020956669972818,0.6195690524193548,0.20015389803497785,3.0,0.4620253164556962,0.7898875380268534,HI-VAE_piecewise
0.008423747449741835,0.9468354430379748,0.03067621628785153,0.6488974294354838,0.2868370538674864,4.0,0.47468354430379744,0.8055843939709918,HI-VAE_piecewise
0.007264335059448509,0.9573839662447259,0.01753641954031948,0.5695123487903226,0.20673769132999897,3.0,0.5,0.8125626024192802,HI-VAE_piecewise
0.006741672544218244,0.9641350210970465,0.02471502061765451,0.6511592741935484,0.21707063193567164,2.0,0.5189873417721519,0.8078162417976399,HI-VAE_piecewise
0.005311475464223007,0.9641350210970465,0.03204270114077715,0.6419543850806452,0.22994677246334444,5.0,0.5506329113924051,0.79638187804526,HI-VAE_piecewise
0.005789582743758296,0.9654008438818565,0.037718039927821946,0.6426159274193548,0.352993036642291,3.0,0.5,0.8121504430307325,HI-VAE_piecewise
0.00532980120354725,0.9637130801687764,0.028127179187569122,0.581609122983871,0.18837132293178463,5.0,0.5379746835443038,0.8041766849888659,HI-VAE_piecewise
0.0056543648112530554,0.9645569620253165,0.02441377102557565,0.561951864919355,0.10119780077918826,1.0,0.5506329113924051,0.7879856483816906,HI-VAE_piecewise
0.0074998326995256975,0.9548523206751056,0.028040450411705917,0.5897996471774193,0.24542617022613497,2.0,0.5126582278481012,0.7957813470356256,HI-VAE_piecewise
0.0069359880451591365,0.9607594936708862,0.02351855320163093,0.5923324092741935,0.1854771135763807,5.0,0.4936708860759494,0.8079814058849055,HI-VAE_piecewise
0.006456285855847868,0.9662447257383968,0.02688020592474533,0.5652721774193548,0.1565852040665785,2.0,0.47468354430379744,0.792659934074774,HI-VAE_piecewise
0.0073635884898172405,0.9569620253164558,0.02613935829888561,0.6594947076612904,0.26751399898624073,3.0,0.4430379746835443,0.7838503824605698,HI-VAE_piecewise
0.006786042912096433,0.9616033755274263,0.029557092032676445,0.5846963205645161,0.2019044041537528,2.0,0.5189873417721519,0.8100278774594163,HI-VAE_piecewise
0.008091745480047999,0.9510548523206751,0.03090663800502135,0.6872542842741935,0.21066219479155263,3.0,0.5126582278481012,0.7922149646291334,HI-VAE_piecewise
0.0077324846448734875,0.9573839662447258,0.05649632485909032,0.5889994959677419,0.1838806578439896,2.0,0.4936708860759494,0.8107856188667907,HI-VAE_piecewise
0.007661764403320325,0.9586497890295359,0.038733129924468535,0.6298072076612904,0.1968186177573342,3.0,0.5063291139240507,0.7988649245711084,HI-VAE_piecewise
0.007512913163297565,0.9561181434599156,0.036322839133498264,0.6183782762096774,0.2598982357919701,2.0,0.45569620253164556,0.7975911590889295,HI-VAE_piecewise
0.009209194203087545,0.9447257383966244,0.029668319822879725,0.5992250504032258,0.3173421235162124,2.0,0.5443037974683544,0.8107783604769777,HI-VAE_piecewise
0.007101424840686763,0.9531645569620255,0.042219518333785795,0.6222467237903226,0.31679763881946127,4.0,0.5063291139240507,0.8096095520109007,HI-VAE_piecewise
0.006111001094753917,0.9637130801687765,0.018348916562640396,0.5856665826612903,0.21760117766982906,4.0,0.5253164556962026,0.8030357573089042,HI-VAE_piecewise
0.00740881788041271,0.9527426160337554,0.030053016517613464,0.6415196572580645,0.13466378071505852,4.0,0.5316455696202531,0.8033902725037527,HI-VAE_piecewise
0.006884878130215762,0.9556962025316457,0.021625131899609875,0.6103452620967742,0.10940668754634479,2.0,0.4936708860759494,0.806630604194892,HI-VAE_piecewise
0.00490409564872308,0.9658227848101266,0.01997576512025317,0.5913621471774194,0.1511127288969065,2.0,0.5189873417721519,0.8043082609734497,HI-VAE_piecewise
0.006688600962975142,0.960759493670886,0.03706979897140727,0.540757308467742,0.14276034862590337,3.0,0.5063291139240507,0.8001585124640147,HI-VAE_piecewise
0.006586464732716706,0.9620253164556962,0.024061746998323866,0.5768082157258064,0.24264299210909399,2.0,0.4240506329113924,0.7968891459400433,HI-VAE_piecewise
0.0071962819973018346,0.959071729957806,0.017412456881375223,0.5362777217741936,0.17543502069127628,4.0,0.5189873417721519,0.8099051691588135,HI-VAE_piecewise
0.0060634353717663745,0.9620253164556961,0.023680904272469192,0.5820375504032258,0.25285903973155643,4.0,0.4873417721518987,0.8163220455257841,HI-VAE_piecewise
0.00829840270901855,0.9523206751054851,0.03833012444546163,0.6067792338709678,0.26028011424145125,5.0,0.5189873417721519,0.8050889597535704,HI-VAE_piecewise
0.005275435311026966,0.9649789029535865,0.0399276523396445,0.6142578125,0.15216164209470587,3.0,0.5189873417721519,0.7987811262571781,HI-VAE_piecewise
0.007061466012361445,0.9578059071729957,0.02201721134735483,0.6538621471774194,0.15360913750225494,2.0,0.4936708860759494,0.8119553358149509,HI-VAE_piecewise
0.00596985019675896,0.961181434599156,0.020649351821588616,0.5680506552419355,0.19124480395345955,3.0,0.5126582278481012,0.8024759720843783,HI-VAE_piecewise
0.031227196384189134,0.7995780590717299,0.1167097605628169,0.9914314516129032,0.2535173025806291,1.0,0.0759493670886076,0.8491954141670515,Surv-GAN
0.026417648543317747,0.8286919831223629,0.09316991003866774,0.9964717741935484,0.22804277365126122,1.0,0.08227848101265822,0.8589613990971477,Surv-GAN
0.02912791901088376,0.808438818565401,0.12262291875548166,0.9904107862903226,0.25125916856499786,1.0,0.08227848101265822,0.8662017653967458,Surv-GAN
0.027145376404734956,0.8198312236286919,0.10660298080036743,0.9912298387096774,0.22630065583915143,1.0,0.13924050632911392,0.8569332748119681,Surv-GAN
0.030505672572842455,0.7966244725738396,0.13462151732624972,0.9930443548387096,0.2820774547014754,2.0,0.06329113924050633,0.8579458966388716,Surv-GAN
0.02958549249181623,0.80042194092827,0.11282503377813974,0.9925403225806452,0.21255387418827526,1.0,0.0949367088607595,0.858345396609479,Surv-GAN
0.030392344923194647,0.8092827004219408,0.09986579163988307,0.993850806451613,0.18705236765812577,1.0,0.10126582278481013,0.8462783714267033,Surv-GAN
0.030636937516390093,0.7970464135021099,0.12287172046718514,0.9939516129032258,0.2834013561949026,1.0,0.08227848101265822,0.8600536023112122,Surv-GAN
0.03245531228222228,0.7886075949367088,0.13338036375386275,0.9935483870967742,0.21894006456265433,1.0,0.0949367088607595,0.8499527637926765,Surv-GAN
0.027840746813366613,0.8143459915611815,0.10370591921080433,0.9919417842741935,0.21916328855463044,1.0,0.10759493670886076,0.8620822339374488,Surv-GAN
0.03149210051406151,0.7936708860759494,0.11811413156597171,0.99375,0.2714205302621146,5.0,0.0759493670886076,0.8579534389698935,Surv-GAN
0.028182542370193724,0.8139240506329115,0.12256887234999851,0.9921370967741936,0.36730159141816376,3.0,0.06329113924050633,0.8624640056882213,Surv-GAN
0.029037218163888736,0.807594936708861,0.11099681713573735,0.9915322580645161,0.19581695547709416,1.0,0.10126582278481013,0.8546294960057452,Surv-GAN
0.02874228557296628,0.8092827004219411,0.10585995167302982,0.9906123991935484,0.2054201705592579,1.0,0.10126582278481013,0.853776357580106,Surv-GAN
0.029213703554247926,0.8059071729957806,0.1157371048139185,0.9925655241935484,0.2251429370322704,1.0,0.0759493670886076,0.8407431689180214,Surv-GAN
0.029928285711260612,0.8050632911392406,0.1205555846262699,0.9936491935483872,0.2690077166184195,1.0,0.06962025316455696,0.8601755645982307,Surv-GAN
0.029986682694620945,0.8025316455696204,0.12539319555858855,0.9947580645161291,0.2685757548654701,1.0,0.0759493670886076,0.8596353670165912,Surv-GAN
0.030435643639103557,0.8004219409282702,0.11741004504256912,0.9941532258064516,0.24669083762236502,1.0,0.0759493670886076,0.8682005150841381,Surv-GAN
0.028735696716437605,0.8097046413502109,0.12395053507319391,0.9943548387096774,0.22518814820697894,1.0,0.0759493670886076,0.8653577477782696,Surv-GAN
0.029587601992762995,0.8063291139240507,0.11445654479745523,0.9933467741935484,0.25064017734304705,1.0,0.08860759493670886,0.8612176237173426,Surv-GAN
0.030780228632275516,0.8004219409282701,0.11715072562555913,0.9947643649193548,0.22211771819163975,1.0,0.0759493670886076,0.8608351740735318,Surv-GAN
0.028551308464389864,0.808860759493671,0.1097112559770146,0.9960118447580644,0.2345871015584504,1.0,0.0759493670886076,0.8554834065303569,Surv-GAN
0.029683829310083672,0.8050632911392406,0.12967489829517018,0.9972782258064516,0.2463579537646118,1.0,0.0759493670886076,0.8583546345475884,Surv-GAN
0.028478078475275767,0.8130801687763713,0.10802980894228925,0.9935546875,0.24484560769073258,1.0,0.056962025316455694,0.853831449011076,Surv-GAN
0.02996383822139368,0.8021097046413502,0.1153477943394885,0.992641129032258,0.2560690148696817,1.0,0.05063291139240506,0.8602208564834765,Surv-GAN
0.027955417682765295,0.8135021097046414,0.10919224312515481,0.9929435483870968,0.2271035497407052,1.0,0.08227848101265822,0.8531031607569991,Surv-GAN
0.02972446305695093,0.8025316455696204,0.10834972621715362,0.9898626512096774,0.22787442102472916,1.0,0.06329113924050633,0.8641731040740943,Surv-GAN
0.02699693656872872,0.8215189873417722,0.10381473972873906,0.9908266129032258,0.23151522871345548,2.0,0.08860759493670886,0.8582769125822289,Surv-GAN
0.02844072056495293,0.8147679324894515,0.10561314489948102,0.9935483870967742,0.23435752210019462,1.0,0.08227848101265822,0.856172862291099,Surv-GAN
0.030214411925034317,0.8025316455696203,0.12407866278865884,0.9905304939516129,0.1892868583204697,1.0,0.0949367088607595,0.860485310248992,Surv-GAN
0.028347249785118527,0.8084388185654009,0.12405305961274005,0.98125,0.21142642688278473,1.0,0.08227848101265822,0.8592632702656158,Surv-GAN
0.029598936210605928,0.8050632911392407,0.11922042328186373,0.993359375,0.20848027193548305,1.0,0.10126582278481013,0.8650093298668473,Surv-GAN
0.027612121847207714,0.8139240506329114,0.10655023382635559,0.9962701612903226,0.24434481542661313,1.0,0.06962025316455696,0.8534176820785309,Surv-GAN
0.03183040752550123,0.7898734177215191,0.14116495239361812,0.992641129032258,0.23556067747905846,1.0,0.08860759493670886,0.8558363146197749,Surv-GAN
0.029656848315370767,0.8063291139240507,0.12058558928275792,0.9966796875,0.2391523964686477,1.0,0.10126582278481013,0.8569919167865925,Surv-GAN
0.030011155271516245,0.8021097046413501,0.1261458966007867,0.9936617943548388,0.23288184199802733,1.0,0.06329113924050633,0.8632103958700709,Surv-GAN
0.02727900745408518,0.8248945147679325,0.09869602791756821,0.994858870967742,0.2205115916688164,1.0,0.08227848101265822,0.8594933549825683,Surv-GAN
0.02834629697528378,0.8185654008438819,0.10046217192371078,0.9922379032258064,0.30757235782756925,1.0,0.08860759493670886,0.8647011054404069,Surv-GAN
0.02888979219625255,0.8071729957805908,0.11170144008334441,0.9929435483870968,0.23849495630128584,1.0,0.11392405063291139,0.8583572043710748,Surv-GAN
0.029290318801197868,0.8084388185654008,0.11962529493312274,0.9951612903225806,0.29846766802761165,2.0,0.0759493670886076,0.8524256330617673,Surv-GAN
0.02995770889115013,0.8088607594936711,0.11482164334342329,0.993359375,0.23866872731913802,1.0,0.06962025316455696,0.8613812694239541,Surv-GAN
0.029021000672644796,0.8105485232067512,0.11853834936597073,0.9933467741935484,0.26404651315470407,1.0,0.06962025316455696,0.8583868072814603,Surv-GAN
0.030021386102683057,0.8042194092827005,0.11405592649723041,0.9935609879032258,0.24826250906343958,1.0,0.0759493670886076,0.8495009291365505,Surv-GAN
0.03010625251286301,0.8012658227848102,0.11487423918402676,0.9911290322580646,0.2662617476084981,1.0,0.0949367088607595,0.8610651377910158,Surv-GAN
0.03118357128168979,0.7902953586497891,0.13004476095767326,0.9949596774193548,0.2140337213467652,1.0,0.056962025316455694,0.8637472294690193,Surv-GAN
0.02843390256537027,0.8059071729957806,0.12471610954879415,0.9932459677419356,0.2227377844393673,1.0,0.11392405063291139,0.8532507766176521,Surv-GAN
0.029841261108236504,0.8037974683544306,0.11608546101653064,0.992741935483871,0.2527882865529992,1.0,0.06329113924050633,0.8616041809649277,Surv-GAN
0.027955528393514298,0.8113924050632911,0.11673793072695844,0.994758064516129,0.24438055446086004,1.0,0.0949367088607595,0.854637679007511,Surv-GAN
0.028706427943938354,0.8151898734177215,0.11672957408026914,0.9934475806451613,0.2574316690123298,1.0,0.08227848101265822,0.8565796762098801,Surv-GAN
0.028427354113362634,0.8160337552742616,0.11483691070858919,0.9910345262096774,0.26069945188466925,1.0,0.10759493670886076,0.8519697862408699,Surv-GAN
0.03139357307979213,0.7953586497890295,0.12423272825131279,0.9929435483870968,0.24327434541355172,1.0,0.10759493670886076,0.8465676793605044,Surv-GAN
0.03173581372531395,0.7957805907172997,0.12926873173099732,0.9935483870967742,0.22235916963342411,1.0,0.10759493670886076,0.861306911611771,Surv-GAN
0.031997921908008174,0.7890295358649788,0.13447489573221041,0.991733870967742,0.24909570962430155,1.0,0.0759493670886076,0.8682399744128635,Surv-GAN
0.028343383850116102,0.8113924050632911,0.11979407306140792,0.99296875,0.20835802040595028,1.0,0.08227848101265822,0.8574147404508532,Surv-GAN
0.02859278588433628,0.8122362869198311,0.10194596652715174,0.987436995967742,0.2569141654300484,1.0,0.06329113924050633,0.861935457179963,Surv-GAN
0.029500986039028114,0.8071729957805908,0.1249135065109773,0.9935546875,0.2715977275496301,1.0,0.11392405063291139,0.8628847333773586,Surv-GAN
0.028404697086006195,0.8122362869198312,0.10399803302893831,0.9943548387096774,0.27671202051947486,1.0,0.0759493670886076,0.8525378928172216,Surv-GAN
0.030087289640346362,0.8033755274261605,0.11915256529390035,0.9935672883064516,0.2414487756840356,1.0,0.06962025316455696,0.8684722305399508,Surv-GAN
0.029569434289988736,0.8067510548523208,0.11751148897030288,0.9934475806451613,0.2486393195692163,1.0,0.0949367088607595,0.8647376176888663,Surv-GAN
0.02881528563018247,0.810970464135021,0.10132825913203274,0.9952620967741936,0.3080478855203938,4.0,0.06329113924050633,0.8703992034914436,Surv-GAN
0.029689440708775452,0.8037974683544304,0.10874433709393985,0.9922379032258064,0.21069661215516122,1.0,0.10126582278481013,0.8521089171758581,Surv-GAN
0.028246941205713583,0.8105485232067511,0.12109854795710898,0.9911290322580644,0.2795065109929681,2.0,0.06329113924050633,0.8637434402029507,Surv-GAN
0.029719355316987623,0.8042194092827005,0.12402740380336981,0.9942540322580646,0.29569856299287595,3.0,0.05063291139240506,0.8582349404673106,Surv-GAN
0.03009049657266549,0.80084388185654,0.12069284641828316,0.9920740927419356,0.2509048157956225,1.0,0.056962025316455694,0.8601161349878282,Surv-GAN
0.027058582846299414,0.8147679324894515,0.1109269453961866,0.9945564516129032,0.27232432698503517,1.0,0.08227848101265822,0.8690459953792464,Surv-GAN
0.02806673373813588,0.8101265822784811,0.13185261429720133,0.990725806451613,0.22632042537578062,1.0,0.08227848101265822,0.8703037946693369,Surv-GAN
0.02940644545141913,0.8033755274261603,0.12517786884236978,0.9901209677419356,0.21668159237335965,1.0,0.0759493670886076,0.8543349176492259,Surv-GAN
0.027403728654147787,0.8215189873417722,0.1067314861328329,0.994367439516129,0.21796080065883808,1.0,0.12025316455696203,0.8511240649426149,Surv-GAN
0.029742299701204625,0.8075949367088607,0.10625741322172409,0.9942540322580644,0.2219029093534774,1.0,0.0949367088607595,0.8606648191839803,Surv-GAN
0.03525832806790611,0.7793248945147682,0.12854809022087058,0.9878402217741936,0.1972598469050084,1.0,0.10126582278481013,0.8672241597794255,Surv-GAN
0.029794052452280884,0.8033755274261605,0.1061978132926401,0.9918346774193548,0.2418147112956143,1.0,0.06329113924050633,0.8588422397065223,Surv-GAN
0.029875416664083332,0.8092827004219408,0.09804690101419289,0.9923387096774194,0.2826430691727165,1.0,0.06962025316455696,0.8618418146567792,Surv-GAN
0.02861807343246301,0.8147679324894515,0.10863585576857608,0.9932522681451614,0.20278125546807532,1.0,0.0759493670886076,0.8623860373162654,Surv-GAN
0.029072716339883706,0.809282700421941,0.10021046096766356,0.9911290322580646,0.2636398376655238,1.0,0.0759493670886076,0.8635100144162664,Surv-GAN
0.02939157584450461,0.8122362869198313,0.10677753133048755,0.9915322580645162,0.21276142312037918,1.0,0.1518987341772152,0.8517684287007026,Surv-GAN
0.029309313983774343,0.8042194092827005,0.12373370133061097,0.994758064516129,0.26135134798270954,1.0,0.0759493670886076,0.8534151941982184,Surv-GAN
0.0325104725420728,0.7894514767932491,0.1272752691312184,0.9921370967741936,0.272630541428147,1.0,0.06329113924050633,0.878287386584219,Surv-GAN
0.02883973668551169,0.8109704641350213,0.11804836777225172,0.9895350302419356,0.2556543949109488,1.0,0.06962025316455696,0.8562246958902763,Surv-GAN
0.02974106608982356,0.8075949367088608,0.10634044549605814,0.9929435483870966,0.24213610550605216,1.0,0.10126582278481013,0.8625509083716851,Surv-GAN
0.03044988461585809,0.8084388185654008,0.08597168852265559,0.9954637096774194,0.21474320620093607,1.0,0.10126582278481013,0.8623167394080098,Surv-GAN
0.027161695373099638,0.8189873417721518,0.09556038344083384,0.9904863911290323,0.2177600761912041,1.0,0.0759493670886076,0.8528813183027735,Surv-GAN
0.031749391713871415,0.7915611814345992,0.12602628375309272,0.9918598790322581,0.2629415754099527,1.0,0.0759493670886076,0.8662493699905975,Surv-GAN
0.032166353942857724,0.790717299578059,0.13757864844233994,0.9911290322580646,0.21833421510301917,1.0,0.12658227848101267,0.8507653973286267,Surv-GAN
0.030404602349827014,0.8025316455696203,0.11924386793077939,0.9907258064516128,0.25568709623676994,1.0,0.056962025316455694,0.8584327043203015,Surv-GAN
0.028465291723666894,0.8143459915611814,0.10174632612093659,0.9931451612903226,0.27580948833453683,3.0,0.06962025316455696,0.8613517804952587,Surv-GAN
0.02887444255933683,0.8160337552742617,0.10463272032127066,0.9912298387096774,0.22029211740142587,1.0,0.10126582278481013,0.8599351905084677,Surv-GAN
0.026769115962374437,0.8181434599156119,0.11193066380680126,0.995766129032258,0.2398429999569434,1.0,0.08860759493670886,0.860410755336727,Surv-GAN
0.029954237879372018,0.8135021097046414,0.10537466666785221,0.9937563004032258,0.24088444178019586,1.0,0.06962025316455696,0.8600207601958411,Surv-GAN
0.02947522688231857,0.8113924050632911,0.10313548221320812,0.9954637096774194,0.2820951366546084,1.0,0.06962025316455696,0.8548761774117251,Surv-GAN
0.02810946461631476,0.8105485232067511,0.10653522704489513,0.9925403225806452,0.3021991844767753,1.0,0.08860759493670886,0.8589251098208749,Surv-GAN
0.03319001227228057,0.7894514767932489,0.12410479965130679,0.994657258064516,0.2530239941388462,1.0,0.056962025316455694,0.8591938774385932,Surv-GAN
0.02831986378086342,0.8160337552742616,0.09460280069514002,0.989616935483871,0.2097221466003082,1.0,0.12025316455696203,0.8611763259946316,Surv-GAN
0.030907162292113446,0.7970464135021097,0.13010603839132012,0.9929561491935484,0.2068119424590537,1.0,0.06329113924050633,0.8680240504359199,Surv-GAN
0.02972934016601927,0.8071729957805907,0.11615701259121568,0.9946572580645162,0.28469215001821463,1.0,0.08860759493670886,0.8595273858140627,Surv-GAN
0.03169510490709184,0.7945147679324894,0.11994781204532708,0.9942540322580646,0.28823215882412634,1.0,0.08227848101265822,0.8662797058962677,Surv-GAN
0.029755883337108744,0.79957805907173,0.11641735892457014,0.9949659778225808,0.23465988003676594,1.0,0.06962025316455696,0.8620888470541354,Surv-GAN
0.029350145570587478,0.8097046413502109,0.09933585626043905,0.9955645161290324,0.29827290499970643,1.0,0.056962025316455694,0.8579227465828425,Surv-GAN
0.02889517166243407,0.8147679324894515,0.0942204216341245,0.9945564516129032,0.25010730576010337,3.0,0.11392405063291139,0.8527062355942874,Surv-GAN
0.02933658954742198,0.8025316455696203,0.11583394602305973,0.9939516129032258,0.2813296340368295,1.0,0.0759493670886076,0.8444393879719371,Surv-GAN
0.030535626262375982,0.7970464135021097,0.12267199400607134,0.99375,0.23034342748057995,1.0,0.06962025316455696,0.8744904340186691,Surv-GAN
0.029961709427583732,0.8021097046413502,0.11518470900653154,0.9919354838709676,0.2116967323542754,1.0,0.10759493670886076,0.8655800477953491,Surv-GAN
0.030906677829138304,0.7970464135021097,0.11457226470640422,0.9910282258064516,0.22505631155399294,1.0,0.06962025316455696,0.8587365125608039,Surv-GAN
0.02881316329218225,0.8105485232067512,0.10426218193049115,0.9951612903225808,0.22485278120335242,1.0,0.06962025316455696,0.8502590384595705,Surv-GAN
0.03045491983364752,0.8008438818565401,0.1010283695265391,0.9923387096774194,0.2312714807221105,1.0,0.08860759493670886,0.8682671912834738,Surv-GAN
0.029370954029174525,0.8101265822784812,0.10515647268201711,0.9936491935483872,0.2355100991119027,1.0,0.0759493670886076,0.8546359113697964,Surv-GAN
0.02889055256640501,0.8105485232067511,0.10280667267284363,0.9919354838709677,0.27995715338799926,3.0,0.08227848101265822,0.8582558621541025,Surv-GAN
0.030242781358537897,0.8016877637130801,0.1361725869501468,0.992641129032258,0.23955883533206523,1.0,0.10126582278481013,0.8561433492629894,Surv-GAN
0.030559950872357425,0.8012658227848102,0.12219710655513097,0.9931451612903226,0.2807339341276331,1.0,0.0759493670886076,0.854685761110809,Surv-GAN
0.028362027399839333,0.8118143459915612,0.10642118287106023,0.9776209677419356,0.25329871603936543,1.0,0.06329113924050633,0.859593217547608,Surv-GAN
0.028677818833598923,0.8156118143459916,0.10474966405470691,0.9932459677419356,0.2832741745643469,4.0,0.06962025316455696,0.8641194415197037,Surv-GAN
0.029373643517232203,0.8042194092827005,0.1282749885240634,0.9872227822580646,0.20012909460147307,1.0,0.13291139240506328,0.8614786727732022,Surv-GAN
0.03074826125540188,0.7995780590717299,0.10731296384161544,0.9932459677419356,0.2855804467634119,3.0,0.06962025316455696,0.8617194268918729,Surv-GAN
0.02992767019724142,0.8080168776371309,0.11236041828650063,0.9935483870967742,0.2607028638552275,1.0,0.08227848101265822,0.8581656181020725,Surv-GAN
0.02882343027319991,0.8122362869198312,0.10709604412057276,0.9912298387096774,0.2324932820823857,1.0,0.0949367088607595,0.8576764002863959,Surv-GAN
0.031620090378027904,0.7945147679324894,0.11131903187866043,0.9942540322580646,0.31860641095358994,1.0,0.04430379746835443,0.8601781820740806,Surv-GAN
0.03144083683145641,0.7907172995780591,0.126432487132579,0.9923387096774194,0.250290251452055,1.0,0.06962025316455696,0.8650353901263799,Surv-GAN
0.02956290327689529,0.8037974683544303,0.11317468165837216,0.990139868951613,0.2580910240644926,1.0,0.10126582278481013,0.8696882464106929,Surv-GAN
0.03211727551059416,0.7924050632911394,0.12701110189089426,0.994758064516129,0.22449710221739583,1.0,0.0759493670886076,0.8578816167727935,Surv-GAN
0.03122383629656468,0.8029535864978903,0.118573173753946,0.9935483870967742,0.2979106942843362,1.0,0.06962025316455696,0.8475998864434495,Surv-GAN
0.03017915546662886,0.8,0.12202450598785657,0.994858870967742,0.18761423359947185,1.0,0.0949367088607595,0.8638183810204955,Surv-GAN
0.031090845358270194,0.7987341772151899,0.11516552664251185,0.9914314516129032,0.20537815109451638,1.0,0.0759493670886076,0.8554463408452595,Surv-GAN
0.030270562142206206,0.8054852320675107,0.10685037022628914,0.9929435483870968,0.17776070105041358,1.0,0.08860759493670886,0.8661773220844741,Surv-GAN
0.03196573166833138,0.7928270042194092,0.12009375540542284,0.9949596774193548,0.24979301311285726,1.0,0.08860759493670886,0.863203138568991,Surv-GAN
0.028916233241662325,0.8080168776371309,0.11073594685362864,0.9925403225806452,0.24622746040194907,1.0,0.08227848101265822,0.8529000627868886,Surv-GAN
0.02971655447657162,0.8088607594936709,0.10799819009795306,0.9952620967741936,0.192264287150648,1.0,0.12025316455696203,0.8649464762954033,Surv-GAN
0.031074356575862206,0.7915611814345992,0.14163722174119964,0.9933467741935484,0.21202891818135985,1.0,0.0949367088607595,0.8538648017005364,Surv-GAN
0.030182853456448184,0.8004219409282701,0.12960918669186536,0.9955645161290324,0.24278234040672983,1.0,0.0759493670886076,0.8648262973989328,Surv-GAN
0.02952244083157209,0.8084388185654009,0.10984653377924587,0.9924647177419355,0.217438608823582,1.0,0.10126582278481013,0.861415333674856,Surv-GAN
0.03078335467263645,0.79873417721519,0.12618662342048725,0.9928427419354838,0.22652804317073127,1.0,0.06329113924050633,0.8552712657752275,Surv-GAN
0.031754783393673186,0.7940928270042193,0.1257778271151734,0.9925403225806452,0.22333735228293788,1.0,0.0759493670886076,0.8604068797880229,Surv-GAN
0.0298069497442676,0.8008438818565401,0.11846676499665532,0.9942666330645162,0.24994014051339317,1.0,0.05063291139240506,0.8650805515799522,Surv-GAN
0.03280525104470978,0.7873417721518988,0.12835450518546956,0.9944556451612904,0.24365148042037585,1.0,0.08860759493670886,0.8529861928513566,Surv-GAN
0.028518557142236816,0.8059071729957807,0.11966387088891392,0.993876008064516,0.2632353528380649,1.0,0.06329113924050633,0.8654230489702224,Surv-GAN
0.028245269723109596,0.8147679324894513,0.11118005855480959,0.9925403225806452,0.22374287919541397,1.0,0.10759493670886076,0.84590662146793,Surv-GAN
0.029881095661304414,0.8037974683544303,0.11492780666035043,0.989616935483871,0.20698666491716136,1.0,0.10759493670886076,0.861715628083936,Surv-GAN
0.030937731118814645,0.7924050632911392,0.12079743718008104,0.992741935483871,0.24887184252506245,1.0,0.08227848101265822,0.8531512935145901,Surv-GAN
0.03220582578149829,0.7919831223628692,0.1280704519984519,0.9917401713709678,0.26000960094627945,1.0,0.06329113924050633,0.8656841070287973,Surv-GAN
0.030291708717772384,0.7983122362869198,0.12923662292133045,0.9934475806451613,0.3210548014787312,1.0,0.05063291139240506,0.854662360454458,Surv-GAN
0.03151096661591173,0.7974683544303798,0.11469754304884455,0.995085685483871,0.2265461584412978,1.0,0.0949367088607595,0.8661904550866711,Surv-GAN
0.03242402435019124,0.7902953586497892,0.1305688527135224,0.9953629032258065,0.28931524701315126,1.0,0.06329113924050633,0.8672473562130716,Surv-GAN
0.030217577138141875,0.8021097046413502,0.10710694451031459,0.9932459677419356,0.2134739306312192,1.0,0.0949367088607595,0.8490650809205623,Surv-GAN
0.03209202085245456,0.7915611814345992,0.13057856185761899,0.9945564516129032,0.2683786055799815,1.0,0.06962025316455696,0.8641780313658789,Surv-GAN
0.0289234402735845,0.8033755274261604,0.10922352972374867,0.9929435483870968,0.24007010135745166,1.0,0.08227848101265822,0.8611131727409963,Surv-GAN
0.029961042290951242,0.8037974683544303,0.1324849485065814,0.9905241935483872,0.23468253747355453,1.0,0.06962025316455696,0.860479296092203,Surv-GAN
0.028466267046716915,0.8118143459915612,0.10598928066194056,0.9969758064516128,0.29858885825750353,5.0,0.06329113924050633,0.8635378184331486,Surv-GAN
0.03058919676792683,0.8037974683544304,0.09732327884807439,0.9961693548387096,0.2633956587392848,1.0,0.0759493670886076,0.8517402744390352,Surv-GAN
0.03022168415144082,0.8042194092827004,0.11287869159306091,0.9915322580645162,0.22629451668453784,1.0,0.0949367088607595,0.8643031681526738,Surv-GAN
0.031050671337079134,0.7983122362869199,0.10757206719082497,0.9954637096774194,0.2546254106155972,1.0,0.10126582278481013,0.8562417613820354,Surv-GAN
0.028717095679838902,0.807594936708861,0.13436468507414734,0.9905241935483872,0.2435381099754696,1.0,0.06962025316455696,0.8604846852046573,Surv-GAN
0.02696799275615405,0.8181434599156119,0.09787554392943844,0.9905304939516129,0.24725427261996644,1.0,0.10126582278481013,0.8568381421944824,Surv-GAN
0.030530753752129634,0.7995780590717302,0.11513497015697712,0.9943548387096774,0.24908083265845887,2.0,0.06962025316455696,0.858710363704585,Surv-GAN
0.02648925485002975,0.8248945147679325,0.08520590251765067,0.9870211693548386,0.261894268448298,1.0,0.08227848101265822,0.8642389714720894,Surv-GAN
0.03047533582775206,0.79789029535865,0.10339617960088392,0.995476310483871,0.24433793751761393,1.0,0.08860759493670886,0.8628741043071088,Surv-GAN
0.03208795956251717,0.7886075949367088,0.14068960918515108,0.9907258064516128,0.23869144718623642,1.0,0.0949367088607595,0.8686105915057882,Surv-GAN
0.02897395782578789,0.808438818565401,0.10548571717071853,0.980241935483871,0.20498259118290688,1.0,0.08227848101265822,0.8641905492798875,Surv-GAN
0.02934087640652739,0.8075949367088608,0.1010308695906953,0.9912298387096774,0.19369087292362494,1.0,0.12025316455696203,0.8644169320080661,Surv-GAN
0.029028020777558332,0.8109704641350212,0.1124912431407666,0.99375,0.18815375145640778,1.0,0.10759493670886076,0.8591336757551254,Surv-GAN
0.028378048445808213,0.809704641350211,0.09480303800172733,0.9944556451612904,0.2221439938155921,1.0,0.0949367088607595,0.8748864354718329,Surv-GAN
0.030860610369782732,0.8000000000000002,0.11502124498296631,0.9930443548387096,0.26918724860363785,1.0,0.08227848101265822,0.8629101715978399,Surv-GAN
0.030382098852008505,0.7991561181434599,0.13166631561454692,0.9950604838709678,0.23688998587458374,1.0,0.0949367088607595,0.863228407242488,Surv-GAN
0.030537856438687148,0.8012658227848102,0.1076043343594721,0.9924395161290323,0.29025003607285094,2.0,0.08227848101265822,0.8597965710543877,Surv-GAN
0.028354959856601643,0.8118143459915613,0.12647391226220603,0.9924395161290323,0.2867067888924067,1.0,0.08227848101265822,0.8637143062927979,Surv-GAN
0.028334828827608582,0.8164556962025314,0.09649030162945392,0.9945564516129032,0.24424673179268036,1.0,0.06329113924050633,0.8595991053436334,Surv-GAN
0.02833616804940996,0.8151898734177216,0.10756869580718312,0.9861895161290324,0.22826187745566512,1.0,0.10759493670886076,0.850176101044296,Surv-GAN
0.029125347308223287,0.811392405063291,0.10843605845179079,0.9908707157258064,0.26733365828109146,1.0,0.08860759493670886,0.86128007365452,Surv-GAN
0.0308314924250057,0.7991561181434599,0.11274408557768452,0.9912298387096776,0.21908888338925886,1.0,0.0759493670886076,0.8643555355382772,Surv-GAN
0.031211728778269682,0.7962025316455696,0.12216556360508207,0.9942603326612904,0.2971621591737956,1.0,0.08860759493670886,0.8614907203894291,Surv-GAN
0.02803977512551595,0.8130801687763715,0.10588322083198622,0.9914314516129032,0.21229029958569404,1.0,0.08227848101265822,0.8526909630843091,Surv-GAN
0.027263913588055053,0.8198312236286921,0.09999523720662648,0.9837701612903226,0.21135651171604278,1.0,0.08860759493670886,0.8600352911400538,Surv-GAN
0.030444666358689473,0.8016877637130801,0.11113948561191696,0.9931451612903224,0.256799692744922,1.0,0.08227848101265822,0.8515680851643739,Surv-GAN
0.02773570638290796,0.8164556962025317,0.10351187779141478,0.9918346774193548,0.25435474850897266,1.0,0.11392405063291139,0.8556304560681925,Surv-GAN
0.02573354369298556,0.8265822784810126,0.09516336869029646,0.9937626008064516,0.20756613307942443,1.0,0.10759493670886076,0.8510641236492823,Surv-GAN
0.02792617964262679,0.8156118143459916,0.104723936508345,0.9786290322580644,0.18727854689452572,1.0,0.11392405063291139,0.8594430214532849,Surv-GAN
0.02949434091233538,0.8059071729957806,0.10419667686968577,0.9913369455645162,0.2969977409856542,2.0,0.06329113924050633,0.8464646152722538,Surv-GAN
0.0297686435106508,0.7991561181434599,0.13243875963097806,0.9895602318548387,0.22335084766820668,1.0,0.0759493670886076,0.8593288954155488,Surv-GAN
0.0286841172905132,0.8118143459915612,0.10847694109066566,0.9868951612903226,0.36183722928617024,1.0,0.08860759493670886,0.852249762977047,Surv-GAN
0.02970188735316786,0.8008438818565402,0.1257396933887145,0.9940524193548388,0.27497568582669624,1.0,0.06962025316455696,0.8639494579228383,Surv-GAN
0.03203995014924822,0.7945147679324897,0.11387043028041079,0.9938697076612903,0.2637921473215185,1.0,0.06962025316455696,0.8583169717973645,Surv-GAN
0.028998122634772798,0.8054852320675105,0.12307605863171973,0.9940524193548386,0.28986845317601584,2.0,0.06329113924050633,0.8658411327755083,Surv-GAN
0.029831966343023344,0.8071729957805908,0.11915139728743014,0.992641129032258,0.29856718457561493,1.0,0.06329113924050633,0.8536727926766345,Surv-GAN
0.029513856480276084,0.8046413502109705,0.11360317236957986,0.995375504032258,0.2769519053324016,3.0,0.08227848101265822,0.8537821363956956,Surv-GAN
0.02826371980654252,0.8101265822784811,0.10567703491013537,0.9947580645161291,0.2918780286488107,1.0,0.08860759493670886,0.862960028287414,Surv-GAN
0.031040031291608098,0.8,0.11992683547230104,0.9931577620967742,0.2193639012803064,1.0,0.08860759493670886,0.8655733377151014,Surv-GAN
0.030318148784946864,0.8021097046413505,0.11859755072716727,0.9945564516129032,0.25275552466843676,1.0,0.06329113924050633,0.8604363435202385,Surv-GAN
0.030495485533679315,0.8063291139240507,0.12388385563681198,0.9899193548387096,0.25781625307770506,1.0,0.10759493670886076,0.8535575448511549,Surv-GAN
0.028033972995190712,0.8126582278481015,0.10906114652019062,0.9898185483870968,0.21382492646648715,1.0,0.08860759493670886,0.8671573582269275,Surv-GAN
0.031526111731372215,0.8004219409282701,0.1093614696804968,0.9905682963709678,0.217425987085792,1.0,0.08227848101265822,0.8549287946703654,Surv-GAN
0.02826873388548025,0.8105485232067512,0.11007926577929947,0.9911353326612904,0.2336936545100223,1.0,0.08227848101265822,0.8434385318649554,Surv-GAN
0.028106755624325366,0.8172995780590717,0.0882900368494406,0.9953629032258065,0.25025535027474616,1.0,0.06962025316455696,0.8581140404109724,Surv-GAN
0.028543035187291788,0.8143459915611814,0.11194190353061594,0.9929435483870968,0.18879527578433164,1.0,0.11392405063291139,0.8687692803712765,Surv-GAN
0.029697060245783904,0.8046413502109705,0.1222215149924392,0.9924395161290324,0.21055232837618076,1.0,0.12025316455696203,0.8600296918890005,Surv-GAN
0.027430465592141802,0.8215189873417722,0.09241270836115188,0.9935546875,0.1800992186554774,1.0,0.08860759493670886,0.8631843445347801,Surv-GAN
0.029796306413403483,0.8054852320675107,0.11010271259407055,0.9922379032258064,0.21608571746127125,1.0,0.08227848101265822,0.8330038126459565,Surv-GAN
0.028700587526549037,0.8050632911392406,0.11804670375494515,0.9945564516129032,0.22023790692011902,1.0,0.08227848101265822,0.8496368030971029,Surv-GAN
0.028916703564967224,0.8118143459915612,0.10523810132405818,0.9945564516129032,0.24172546310175985,1.0,0.08227848101265822,0.8624379741993085,Surv-GAN
0.02911859212963956,0.809704641350211,0.10849231103259027,0.9941532258064516,0.24581789510217106,1.0,0.06962025316455696,0.8455496554527284,Surv-GAN
0.02843078566307361,0.8135021097046414,0.115251615523108,0.9937626008064516,0.24062178911410745,1.0,0.06329113924050633,0.8679289065355156,Surv-GAN
0.0297152137219852,0.8050632911392406,0.13389494359632487,0.9898500504032258,0.2614914729021518,1.0,0.11392405063291139,0.8489351458132737,Surv-GAN
0.029105810745859977,0.8042194092827004,0.13301446022008043,0.9935042842741936,0.29754407357859153,2.0,0.06329113924050633,0.8579085050105741,Surv-GAN
0.03020167093407323,0.8054852320675107,0.11341651831610301,0.9945564516129032,0.25364663842219176,1.0,0.0759493670886076,0.8630603949258597,Surv-GAN
0.011299936346796402,0.9345991561181435,0.10935929834220583,0.8194871471774194,0.11549587639129485,1.0,0.3227848101265823,0.7626072727105135,Surv-VAE
0.01225876253050458,0.9270042194092827,0.11530331405931317,0.8712638608870968,0.1320831676369416,1.0,0.26582278481012656,0.7746517907910111,Surv-VAE
0.014088306840558448,0.9210970464135022,0.10484895743930131,0.851726310483871,0.11977164969047888,1.0,0.36075949367088606,0.7667300663622648,Surv-VAE
0.011587224422703903,0.9295358649789028,0.10789531015949139,0.9032132056451612,0.11994804486066656,1.0,0.33544303797468356,0.7680000333116677,Surv-VAE
0.010991381013350291,0.9316455696202532,0.11461089841384231,0.8431136592741936,0.12267862952163541,1.0,0.379746835443038,0.7653551836551037,Surv-VAE
0.013508325499532164,0.9198312236286921,0.12152494896360452,0.8389301915322582,0.11148334470617957,1.0,0.3291139240506329,0.756328069529207,Surv-VAE
0.013812689310062168,0.9172995780590718,0.11190988818133064,0.8695501512096774,0.12449119473412774,1.0,0.3291139240506329,0.7639357281533778,Surv-VAE
0.012933354845821489,0.9160337552742617,0.11524429846229604,0.8666393649193548,0.12148424131765848,1.0,0.3227848101265823,0.7614416358563831,Surv-VAE
0.011086688280635122,0.930379746835443,0.10849652839544918,0.8523689516129032,0.11791645941642334,1.0,0.33544303797468356,0.7480293239543396,Surv-VAE
0.012106540261166452,0.9236286919831224,0.12036795052876596,0.885257056451613,0.12037162988423933,1.0,0.35443037974683544,0.7744277640690612,Surv-VAE
0.01332303247837835,0.9202531645569622,0.11466816909676954,0.8902091733870968,0.10918465993329891,2.0,0.36075949367088606,0.7565883950017821,Surv-VAE
0.011170982273042291,0.9291139240506331,0.11106407474460563,0.8685483870967741,0.1276286035276206,2.0,0.33544303797468356,0.781914476419818,Surv-VAE
0.011359685661760073,0.9312236286919833,0.10081928523023097,0.8315398185483872,0.12055590574381361,1.0,0.3987341772151899,0.7741910815817113,Surv-VAE
0.014981481211573843,0.9151898734177215,0.11714819432145118,0.8644279233870968,0.11773602288144006,1.0,0.34810126582278483,0.7555528885532479,Surv-VAE
0.014199386928973741,0.9160337552742617,0.11301606425851123,0.8443548387096774,0.12478411251557665,1.0,0.33544303797468356,0.7588856004304884,Surv-VAE
0.01123321341585234,0.9392405063291139,0.10955950514577625,0.8478326612903226,0.12354394886903358,1.0,0.2911392405063291,0.7718021728599821,Surv-VAE
0.01317197888228521,0.928691983122363,0.11336458444087617,0.8498109879032258,0.13535118982840297,1.0,0.3227848101265823,0.7607603212493711,Surv-VAE
0.012239160023521075,0.9232067510548524,0.11952359862986793,0.856508316532258,0.11026550588993209,1.0,0.31645569620253167,0.7836908913808764,Surv-VAE
0.013614263400051948,0.9308016877637131,0.10428841398646764,0.8612147177419356,0.1216639647059649,1.0,0.3860759493670886,0.7538603209027488,Surv-VAE
0.015714901811921735,0.9105485232067512,0.11429298722215107,0.8764931955645162,0.1141138585954588,1.0,0.2974683544303797,0.7530899049657697,Surv-VAE
0.01221805227812806,0.9253164556962027,0.11273854288007151,0.8513923891129032,0.10938534850298809,1.0,0.3987341772151899,0.7630234463482747,Surv-VAE
0.012969948969068652,0.9265822784810126,0.11244029455142593,0.8515372983870968,0.10894597478390014,1.0,0.4050632911392405,0.7801654622445503,Surv-VAE
0.012120905665639451,0.9248945147679326,0.10843039909899223,0.864742943548387,0.11294931266826037,1.0,0.3860759493670886,0.7676431026309952,Surv-VAE
0.01266101806398077,0.9240506329113926,0.0994395540648755,0.8781376008064516,0.11633084724119094,1.0,0.33544303797468356,0.7564330761025936,Surv-VAE
0.011518801601544674,0.9320675105485233,0.11200664088712796,0.8675214213709677,0.11750845481215137,2.0,0.34177215189873417,0.7518476890043148,Surv-VAE
0.013031536565553456,0.9286919831223629,0.09754392202148218,0.8696131552419354,0.11786002848724755,1.0,0.2911392405063291,0.7546962267844269,Surv-VAE
0.010102590246096627,0.9405063291139241,0.1015954521720731,0.8546875,0.11170617741364133,1.0,0.31645569620253167,0.7570346439727151,Surv-VAE
0.01064214201271865,0.9345991561181435,0.1123558402582511,0.798765120967742,0.11640377161393606,1.0,0.4050632911392405,0.7695665269169937,Surv-VAE
0.01116815613908707,0.9354430379746838,0.1086707008334215,0.8455330141129032,0.10887798165983394,1.0,0.3291139240506329,0.747097950888315,Surv-VAE
0.012648302537163373,0.9257383966244727,0.1031795003605205,0.8310924899193548,0.1226685753304644,1.0,0.36075949367088606,0.7584741703235061,Surv-VAE
0.011855565974246704,0.9261603375527426,0.1057702528360613,0.8723223286290323,0.13575302339751502,1.0,0.35443037974683544,0.7846871039311152,Surv-VAE
0.01319246785637187,0.9189873417721519,0.12127434471554416,0.8579259072580646,0.12879789370056705,1.0,0.310126582278481,0.7535923270649596,Surv-VAE
0.015248241349438574,0.9151898734177216,0.1010008857743699,0.880178931451613,0.11876899154458782,1.0,0.33544303797468356,0.7762164295895584,Surv-VAE
0.013471359600726056,0.9198312236286921,0.10621060382261982,0.8456464213709676,0.17089428662952094,1.0,0.33544303797468356,0.7693926928417393,Surv-VAE
0.010617270515721837,0.9375527426160338,0.10199756742964738,0.8532951108870968,0.11029433069084896,1.0,0.34810126582278483,0.768582335417081,Surv-VAE
0.012825551127938845,0.9232067510548524,0.11191501804286239,0.860679183467742,0.1200802503442239,1.0,0.3291139240506329,0.780852701736363,Surv-VAE
0.01405521684313049,0.9189873417721519,0.1047338128373796,0.8467804939516128,0.12057996030784407,1.0,0.3291139240506329,0.7605884578584332,Surv-VAE
0.013726649404666062,0.9210970464135021,0.09546067725329709,0.8620148689516128,0.11950253298489127,2.0,0.33544303797468356,0.7635802492305337,Surv-VAE
0.013229447937990978,0.9265822784810126,0.10471732699235152,0.8305128528225806,0.10883231366545601,1.0,0.4050632911392405,0.7787378444807286,Surv-VAE
0.010205351306648664,0.9345991561181435,0.10692269539926241,0.844695060483871,0.11341839097883608,2.0,0.379746835443038,0.7527668459557718,Surv-VAE
0.012796502654591181,0.929535864978903,0.10510244346408203,0.8705834173387098,0.11159703635266159,1.0,0.3670886075949367,0.7873602206407048,Surv-VAE
0.011682908497009677,0.9337552742616033,0.10343574047376627,0.848859627016129,0.10970681481032692,1.0,0.3924050632911392,0.7696145752264782,Surv-VAE
0.01399818923703997,0.9210970464135021,0.10245360704771639,0.8750504032258064,0.11086363122546557,2.0,0.37341772151898733,0.7552279794666519,Surv-VAE
0.012852974611538183,0.9143459915611815,0.11413809356453851,0.8674206149193548,0.1166603672319648,2.0,0.35443037974683544,0.7675957233435222,Surv-VAE
0.012288546782984914,0.929113924050633,0.111998830253135,0.8582535282258064,0.11707415843503197,1.0,0.3227848101265823,0.7737867973500766,Surv-VAE
0.011193766950021536,0.9295358649789031,0.10257776323685389,0.8590410786290322,0.11452303406991482,1.0,0.41139240506329117,0.7562490494130023,Surv-VAE
0.014807011380082101,0.9181434599156119,0.10964736599170744,0.8506300403225806,0.11188202504238268,1.0,0.37341772151898733,0.7632159913300139,Surv-VAE
0.01308243827527396,0.9210970464135022,0.11806119356360835,0.8401650705645161,0.11780057087887201,1.0,0.31645569620253167,0.7599323092415408,Surv-VAE
0.012759670219782323,0.9185654008438817,0.11362074287106202,0.8846459173387096,0.12026353880747276,1.0,0.27848101265822783,0.7541729132680675,Surv-VAE
0.011685422982015053,0.930379746835443,0.1000128007511667,0.8453818044354838,0.11403517289757924,1.0,0.37341772151898733,0.7661887685782238,Surv-VAE
0.01160344296109874,0.9354430379746836,0.10002348567335931,0.8262411794354838,0.11212490112498026,1.0,0.41139240506329117,0.7656906021001714,Surv-VAE
0.011278426851476463,0.9282700421940928,0.11075986919507134,0.872397933467742,0.11474340082113793,1.0,0.35443037974683544,0.756089635053314,Surv-VAE
0.012060341987823466,0.9295358649789031,0.11041544142396126,0.8691154233870968,0.13087005184305325,1.0,0.33544303797468356,0.7659278019393136,Surv-VAE
0.011397489400665166,0.9345991561181436,0.10550587585681544,0.8146610383064516,0.11925720127741092,1.0,0.34810126582278483,0.7629267582890676,Surv-VAE
0.013223353078121534,0.9253164556962026,0.10045241844127462,0.8799584173387096,0.1317169142194984,1.0,0.310126582278481,0.766703122638082,Surv-VAE
0.01123048546643457,0.9316455696202531,0.10296803889611861,0.8441280241935484,0.10931679093076249,2.0,0.3924050632911392,0.7501640374067701,Surv-VAE
0.01036248821880367,0.9409282700421941,0.10187758997590644,0.8257875504032258,0.10671554329688838,1.0,0.33544303797468356,0.7649201854300979,Surv-VAE
0.010671194155706411,0.9354430379746838,0.09790227130843367,0.8620085685483871,0.12136186912930025,1.0,0.3291139240506329,0.7626024988511658,Surv-VAE
0.01506102510704909,0.9177215189873418,0.0967525986921386,0.8723538306451613,0.11162813000889095,1.0,0.37341772151898733,0.775758361685872,Surv-VAE
0.013918195551738103,0.9147679324894514,0.10811162657845876,0.8562121975806452,0.12828825265781107,1.0,0.3291139240506329,0.7610742690764148,Surv-VAE
0.010890519679127015,0.928691983122363,0.11304380953655759,0.8425529233870968,0.11705567839788267,1.0,0.33544303797468356,0.7668447312765398,Surv-VAE
0.009849225176611985,0.9421940928270042,0.08368014706806907,0.8527784778225806,0.11450311421402867,1.0,0.3670886075949367,0.7420715265954669,Surv-VAE
0.015061580108097057,0.9135021097046413,0.12310441520386611,0.8600806451612903,0.12758515929798495,1.0,0.34177215189873417,0.7701438100458927,Surv-VAE
0.013579343307288801,0.9206751054852322,0.11520516058554982,0.8806451612903226,0.10821501335179015,1.0,0.3670886075949367,0.7574084927821516,Surv-VAE
0.013727324614408527,0.918143459915612,0.11929701213445736,0.8446383568548386,0.10973679310168043,1.0,0.34177215189873417,0.7768560976154376,Surv-VAE
0.013276943703466056,0.9189873417721519,0.11036797194234434,0.8815146169354839,0.11674056239564272,2.0,0.379746835443038,0.7670450166739099,Surv-VAE
0.012011441669160005,0.9303797468354431,0.1197451305806365,0.8935546875,0.11435393101019692,2.0,0.3670886075949367,0.764237817370213,Surv-VAE
0.011445774291099324,0.929957805907173,0.10600583053363324,0.8685798891129032,0.1196640190485208,1.0,0.4050632911392405,0.7666300122669595,Surv-VAE
0.013177070677244185,0.9232067510548524,0.10828573571722361,0.8144720262096774,0.11312276533686758,1.0,0.36075949367088606,0.7473635342210392,Surv-VAE
0.01214809167977244,0.9215189873417722,0.11253611759042005,0.8408077116935484,0.12151311533150176,1.0,0.34177215189873417,0.7409149190113827,Surv-VAE
0.012568606761099674,0.9232067510548524,0.11940389650125158,0.8704637096774194,0.12876961220396352,1.0,0.33544303797468356,0.7426088216299523,Surv-VAE
0.012694512047443674,0.9206751054852321,0.10809323150230102,0.8501449092741934,0.1302834851964665,1.0,0.35443037974683544,0.7651086425739774,Surv-VAE
0.01292781349014362,0.9244725738396624,0.10812215043599058,0.857295866935484,0.10695034781726068,1.0,0.4050632911392405,0.7760829957504338,Surv-VAE
0.010625328173986063,0.9324894514767934,0.11749932794461912,0.8805695564516128,0.11372165392840712,1.0,0.36075949367088606,0.7697207442934761,Surv-VAE
0.012293544324915003,0.9223628691983123,0.09814366711185839,0.868680695564516,0.1255237981987179,1.0,0.31645569620253167,0.7583123210781282,Surv-VAE
0.012787335299078282,0.918987341772152,0.11701638809766929,0.8847845262096774,0.1229214071727902,1.0,0.3291139240506329,0.7827593580824779,Surv-VAE
0.012377162915284515,0.9257383966244727,0.11024674704959585,0.845608618951613,0.12049111322290065,1.0,0.3291139240506329,0.7523352910696434,Surv-VAE
0.012726047928547446,0.9236286919831225,0.10622229155776042,0.862563004032258,0.13977273462370482,1.0,0.3227848101265823,0.788829877839745,Surv-VAE
0.01137923175726965,0.9274261603375529,0.10513416317731185,0.8956275201612904,0.11997378202392207,1.0,0.3227848101265823,0.7711802815036948,Surv-VAE
0.011944657774176137,0.9265822784810126,0.10988098090648775,0.8194430443548386,0.11663737175560654,2.0,0.37341772151898733,0.7648484931752323,Surv-VAE
0.012638673951434217,0.9240506329113924,0.11072007421017588,0.8468119959677418,0.11149129150134597,1.0,0.34810126582278483,0.7619575417588325,Surv-VAE
0.01156340629409076,0.9299578059071731,0.109603567410543,0.8771358366935484,0.1232876021294253,1.0,0.310126582278481,0.7544908427948298,Surv-VAE
0.011708175319887569,0.9303797468354432,0.09987828100644189,0.8588205645161292,0.12339004839077301,2.0,0.3860759493670886,0.7635768987872373,Surv-VAE
0.011271433020097383,0.9375527426160338,0.1034165496649614,0.8767326108870968,0.1289195593285558,1.0,0.31645569620253167,0.766448026573129,Surv-VAE
0.009738290697373732,0.9379746835443039,0.1130607798547119,0.8732043850806452,0.10787319357273704,1.0,0.3924050632911392,0.7724712956492328,Surv-VAE
0.013717684359277083,0.9181434599156119,0.10461697128170085,0.8756741431451613,0.11604414524736197,1.0,0.35443037974683544,0.7634314064817985,Surv-VAE
0.012248000957640903,0.9232067510548523,0.11909821092159788,0.8678175403225806,0.12754409882964537,1.0,0.34177215189873417,0.7718580763390013,Surv-VAE
0.011666435685532753,0.9270042194092826,0.11854528218079351,0.8616494455645162,0.11978462468245255,1.0,0.3987341772151899,0.7619706862562129,Surv-VAE
0.012982634628051675,0.929113924050633,0.10513380527057883,0.8573021673387096,0.11658443963164696,1.0,0.379746835443038,0.762065316589125,Surv-VAE
0.01061732802918335,0.9367088607594938,0.10651442568384281,0.8747479838709676,0.11273939010388595,1.0,0.35443037974683544,0.7749368911331609,Surv-VAE
0.012635269195366755,0.9198312236286921,0.12111370980835284,0.8560735887096774,0.12432855933779349,1.0,0.2974683544303797,0.7541910050325266,Surv-VAE
0.014345515622066303,0.9215189873417722,0.10261597873206375,0.8825100806451612,0.12188301323302596,1.0,0.34177215189873417,0.7655403572327566,Surv-VAE
0.01282257408686966,0.9219409282700421,0.11417570293469623,0.8479082661290323,0.10691407187677952,1.0,0.33544303797468356,0.7630949172410944,Surv-VAE
0.010981217300462408,0.9299578059071728,0.09497422777737315,0.8742754536290323,0.10528485366853481,1.0,0.37341772151898733,0.7752180696213059,Surv-VAE
0.01271628957877708,0.928270042194093,0.1073852945454572,0.850945060483871,0.1185999375449786,2.0,0.3227848101265823,0.7598894789316205,Surv-VAE
0.012256167442854021,0.9278481012658228,0.1078975017729459,0.8512474798387096,0.12430243296069793,1.0,0.36075949367088606,0.7431203723885584,Surv-VAE
0.011920690471287621,0.9282700421940928,0.10028547954372331,0.8606161794354839,0.11205489853641515,2.0,0.33544303797468356,0.7800295230870345,Surv-VAE
0.010449148881586651,0.9396624472573839,0.10473763077184615,0.8908644153225806,0.11966771909681463,1.0,0.379746835443038,0.7703977098795988,Surv-VAE
0.013074048529919634,0.9223628691983123,0.12118822384775509,0.8386529737903226,0.11340220122482547,1.0,0.2974683544303797,0.7544314086136317,Surv-VAE
0.012631067539073977,0.9189873417721519,0.11177567297096751,0.8419984879032258,0.11541380053615129,1.0,0.3037974683544304,0.7650154030119318,Surv-VAE
0.014267765150280004,0.9223628691983122,0.1144847195954893,0.8743825604838709,0.1123177870063993,1.0,0.3670886075949367,0.7401388792671545,Surv-VAE
0.011894498725569634,0.9303797468354431,0.09865777723012259,0.834148185483871,0.11935695434182694,1.0,0.4240506329113924,0.7752982404867022,Surv-VAE
0.01309199474549056,0.9270042194092827,0.09339742388467168,0.8633001512096776,0.1169676669454204,1.0,0.3860759493670886,0.7646465514875727,Surv-VAE
0.011626698758359451,0.9333333333333335,0.09995864168416461,0.8436743951612904,0.11519172950564525,2.0,0.33544303797468356,0.7509058299482002,Surv-VAE
0.011747692573218225,0.9295358649789031,0.10983921159686959,0.8576045866935484,0.1097004537653394,2.0,0.35443037974683544,0.7668384705472284,Surv-VAE
0.012127803112675096,0.9261603375527426,0.11776390856145257,0.8643019153225806,0.12865819287571453,1.0,0.3291139240506329,0.7515451546470561,Surv-VAE
0.014763893559855695,0.9177215189873418,0.11868542975484386,0.8447643649193548,0.11990628747429315,1.0,0.36075949367088606,0.7566325209885063,Surv-VAE
0.011530576240540822,0.9299578059071731,0.10205618975852071,0.849678679435484,0.16509751100124642,1.0,0.35443037974683544,0.7579955473786224,Surv-VAE
0.012134140718387232,0.9270042194092827,0.11725147344997937,0.8564516129032258,0.1310730478850066,1.0,0.3037974683544304,0.7576042032356501,Surv-VAE
0.011374366672454776,0.9299578059071733,0.09995141197303892,0.8633379536290322,0.13766595461800563,1.0,0.36075949367088606,0.7614408681144116,Surv-VAE
0.01294081858385641,0.9189873417721519,0.11246057134941319,0.8497857862903226,0.12195275851206071,1.0,0.34177215189873417,0.7446457165644477,Surv-VAE
0.013471601119718317,0.9126582278481014,0.12578540437956637,0.8685420866935484,0.12815006518983138,1.0,0.31645569620253167,0.7776311323199621,Surv-VAE
0.013318856016277898,0.9181434599156117,0.118492273117511,0.8972782258064516,0.12133461068957177,1.0,0.3037974683544304,0.7773695201170454,Surv-VAE
0.010598231361364249,0.9333333333333335,0.10927930779211753,0.8388860887096776,0.11386272156034763,2.0,0.33544303797468356,0.7711893170997021,Surv-VAE
0.011790388717267054,0.9248945147679326,0.11670238956365074,0.9005607358870968,0.11441759686311137,1.0,0.3860759493670886,0.7521468098479486,Surv-VAE
0.013727508323528918,0.9219409282700423,0.1052791117124054,0.8737147177419354,0.12600163174170184,1.0,0.3670886075949367,0.7553346907008005,Surv-VAE
0.011060466328133883,0.9329113924050635,0.10503477056483815,0.8519342237903226,0.11637271721688687,1.0,0.379746835443038,0.7636080310630889,Surv-VAE
0.01304511256530745,0.9215189873417722,0.09919264616866891,0.8677734375,0.12413729599569667,1.0,0.3291139240506329,0.7585988481766185,Surv-VAE
0.013908231064751298,0.9189873417721519,0.10826374951514192,0.8490486391129032,0.11889223443193137,2.0,0.3860759493670886,0.7843640664136636,Surv-VAE
0.014437969045609721,0.9143459915611813,0.11636744414649147,0.8725050403225806,0.12343520071414771,1.0,0.3037974683544304,0.7630356039110794,Surv-VAE
0.01117183833198308,0.9329113924050634,0.09149421909971774,0.845608618951613,0.11616844020035412,1.0,0.37341772151898733,0.7649157411370594,Surv-VAE
0.0129097576463264,0.9274261603375529,0.10508242867648196,0.84453125,0.11346308401589353,1.0,0.4050632911392405,0.7593316804581324,Surv-VAE
0.0125743203211501,0.9261603375527426,0.0992260799839188,0.8573147681451614,0.12676084391285225,1.0,0.37341772151898733,0.7545574895705285,Surv-VAE
0.013136727527170199,0.9232067510548524,0.09806941410625551,0.8614667338709678,0.1234138358565348,1.0,0.3227848101265823,0.7672873371051235,Surv-VAE
0.010174283795544836,0.9367088607594939,0.11004150652283408,0.8762663810483872,0.11899006890016957,1.0,0.3227848101265823,0.7718672316673897,Surv-VAE
0.011311633562615086,0.9350210970464136,0.09126430387407093,0.8447769657258064,0.11308524501730584,1.0,0.41139240506329117,0.7678886461994437,Surv-VAE
0.011360535325762339,0.9303797468354431,0.11805548023834406,0.838344254032258,0.11521674414770407,1.0,0.379746835443038,0.7819573550091402,Surv-VAE
0.012567797959663592,0.918565400843882,0.11013399080459968,0.8774886592741936,0.14301140350719893,1.0,0.31645569620253167,0.7777397600699454,Surv-VAE
0.010284536877501128,0.9329113924050634,0.12340710501327623,0.8675340221774194,0.132321414021714,1.0,0.31645569620253167,0.7588944998083202,Surv-VAE
0.015799947831857692,0.9147679324894514,0.10603561078076805,0.8360887096774194,0.11269355507600415,2.0,0.3860759493670886,0.7594775905521969,Surv-VAE
0.011790707221339486,0.9232067510548523,0.11316818095758216,0.834601814516129,0.11942625541070646,1.0,0.37341772151898733,0.7690262524624462,Surv-VAE
0.012576680562941004,0.9286919831223629,0.11059960658009814,0.9032132056451614,0.12499638765265957,1.0,0.2848101265822785,0.7736793171114928,Surv-VAE
0.01209998669392948,0.9270042194092827,0.1102243423862777,0.8629347278225806,0.11965874382647788,1.0,0.2974683544303797,0.7672140731396871,Surv-VAE
0.011897604370867645,0.9185654008438818,0.11208748582801044,0.8707598286290323,0.11329054249247389,1.0,0.37341772151898733,0.7714379612668516,Surv-VAE
0.01417230704320421,0.9210970464135022,0.10582848568658146,0.8732484879032258,0.11971791107346935,1.0,0.3291139240506329,0.7748841958704922,Surv-VAE
0.014139358185559092,0.9194092827004219,0.10759747664973915,0.9080015120967742,0.11893985693160367,2.0,0.3670886075949367,0.7647689659523969,Surv-VAE
0.01155239561819111,0.9337552742616033,0.0904024506605889,0.8612273185483872,0.12170611415659012,1.0,0.36075949367088606,0.7628499939297905,Surv-VAE
0.01288253682915844,0.9265822784810127,0.10381195928829369,0.8862462197580646,0.14828555756643078,1.0,0.37341772151898733,0.7805050241244443,Surv-VAE
0.012205576151185775,0.9223628691983125,0.1137596335179192,0.8372920866935484,0.11288255126203668,1.0,0.33544303797468356,0.768657798901729,Surv-VAE
0.011072312701511265,0.9354430379746836,0.10185868814563896,0.8417779737903226,0.1133692176243762,4.0,0.34810126582278483,0.7417101042376941,Surv-VAE
0.011899224357995872,0.9308016877637132,0.09502561755656688,0.8481854838709676,0.11548670526193863,1.0,0.34177215189873417,0.7707034920359923,Surv-VAE
0.013741687041715774,0.9219409282700423,0.10080517620564418,0.873469002016129,0.11823634069363083,1.0,0.33544303797468356,0.7715917478104102,Surv-VAE
0.01349748290987656,0.9206751054852321,0.10436164494376166,0.8549395161290322,0.1250934208483751,1.0,0.35443037974683544,0.7744683918942759,Surv-VAE
0.012298404902304888,0.9244725738396623,0.11731994043819756,0.886624243951613,0.11623219299869875,1.0,0.35443037974683544,0.761425619988059,Surv-VAE
0.010789616191741758,0.9337552742616034,0.0987184287551787,0.8821824596774193,0.12503034296419394,1.0,0.4177215189873418,0.7544326962007476,Surv-VAE
0.012293422904724063,0.929535864978903,0.10768677307354044,0.8627142137096774,0.12132606233880094,1.0,0.3037974683544304,0.7693522869097816,Surv-VAE
0.014609582378067977,0.9130801687763711,0.1093765018174327,0.8345766129032258,0.1155342200620755,1.0,0.3227848101265823,0.7691265289056376,Surv-VAE
0.011146244554816075,0.9371308016877636,0.09163622466095016,0.8646232358870968,0.11300865124221329,1.0,0.36075949367088606,0.759628916432208,Surv-VAE
0.01316953458480796,0.9236286919831224,0.09881855661201781,0.8412802419354838,0.1120083797835272,1.0,0.3924050632911392,0.736871322006439,Surv-VAE
0.012498397349754897,0.9253164556962026,0.1069177668058864,0.8473097278225806,0.12422602202849484,2.0,0.310126582278481,0.7669003542585271,Surv-VAE
0.010362332570760358,0.9358649789029536,0.1069791831740977,0.8265625,0.12003883874888853,1.0,0.4177215189873418,0.7689667648762416,Surv-VAE
0.011478411833080326,0.9286919831223628,0.10952308221749595,0.898046875,0.13117937141361974,2.0,0.31645569620253167,0.7764870283828048,Surv-VAE
0.013216521326672627,0.9189873417721519,0.11544379428304646,0.8847782258064516,0.1366966751105057,1.0,0.3291139240506329,0.7564024941536981,Surv-VAE
0.013785200221319065,0.9206751054852321,0.11409275946889585,0.862077872983871,0.12257560103942522,1.0,0.2848101265822785,0.7398930699289624,Surv-VAE
0.014893142422152703,0.9147679324894515,0.10942420472030866,0.8657762096774192,0.12728815724591,1.0,0.379746835443038,0.7698293953397689,Surv-VAE
0.01569973359409835,0.9126582278481014,0.11344428149589122,0.8521421370967742,0.11931622402855825,1.0,0.3227848101265823,0.7593004288475087,Surv-VAE
0.015051018611731366,0.9147679324894517,0.11161958004152664,0.8649319556451612,0.12471869660099036,1.0,0.34177215189873417,0.7699361310114311,Surv-VAE
0.010782649925312764,0.9345991561181436,0.10808274181448808,0.8474798387096774,0.11097043775983007,1.0,0.36075949367088606,0.7580231780363477,Surv-VAE
0.011869307197418041,0.9282700421940929,0.10674380554770838,0.8780745967741936,0.12617498832783125,1.0,0.33544303797468356,0.7717004615282301,Surv-VAE
0.012603576594230866,0.9270042194092828,0.10138163668208491,0.8545299899193548,0.12136518934879842,1.0,0.35443037974683544,0.7326345374656148,Surv-VAE
0.013232497667409571,0.9265822784810126,0.10382789605790406,0.814522429435484,0.12902417844457875,1.0,0.36075949367088606,0.7607353110913331,Surv-VAE
0.011966788119443288,0.9248945147679325,0.11961207974810323,0.845444808467742,0.11384806744861152,1.0,0.33544303797468356,0.7550424141947386,Surv-VAE
0.013506838141243375,0.9286919831223629,0.1083886865287724,0.8554561491935484,0.1153089000921275,1.0,0.34177215189873417,0.7581092005533914,Surv-VAE
0.01343935203682869,0.9278481012658228,0.10431250316458261,0.873891129032258,0.12185882677346055,1.0,0.34810126582278483,0.7505247338832195,Surv-VAE
0.011540304419686035,0.9227848101265823,0.11545685570672248,0.8268586189516128,0.12255736917268582,1.0,0.34810126582278483,0.7609594618175334,Surv-VAE
0.011082806329684562,0.9261603375527427,0.11372248032596632,0.8680884576612902,0.1128050769285624,1.0,0.310126582278481,0.7777569235708642,Surv-VAE
0.013672981062712208,0.9232067510548524,0.09821755650448391,0.855071824596774,0.1250817575203367,1.0,0.31645569620253167,0.7638316871159269,Surv-VAE
0.012825427255912581,0.9206751054852321,0.1144093574318105,0.853773941532258,0.16304987117464828,1.0,0.4050632911392405,0.7712843008014801,Surv-VAE
0.01228149798850994,0.9324894514767934,0.09632053203994004,0.8255796370967742,0.1167187275040719,1.0,0.379746835443038,0.756866068012987,Surv-VAE
0.011817104160412959,0.9299578059071731,0.10429089556826161,0.8529863911290322,0.11852061285386126,1.0,0.3291139240506329,0.7465082630008426,Surv-VAE
0.012372154323225172,0.9270042194092828,0.10659037776178852,0.8090347782258064,0.11350634480021608,1.0,0.379746835443038,0.7657995658593714,Surv-VAE
0.011552707125059344,0.9312236286919832,0.10416000235754538,0.8640751008064516,0.13426049070654356,1.0,0.3291139240506329,0.7610208095382511,Surv-VAE
0.011227549902023218,0.9308016877637132,0.10131612866894399,0.852734375,0.11433932943220257,2.0,0.379746835443038,0.7729100279382519,Surv-VAE
0.012500406684679168,0.9236286919831225,0.10504533818133692,0.884538810483871,0.12321702529427037,2.0,0.33544303797468356,0.7579611444513861,Surv-VAE
0.01090317809297594,0.9312236286919833,0.11081261523998566,0.8692414314516128,0.11176164602739005,1.0,0.31645569620253167,0.7631436095630598,Surv-VAE
0.011045476573274102,0.9341772151898734,0.08979347843768447,0.8587008568548388,0.11580883270787894,1.0,0.31645569620253167,0.7497125561003668,Surv-VAE
0.012348937222967085,0.9265822784810127,0.11623340365568487,0.8473034274193548,0.1159240855423198,1.0,0.3987341772151899,0.7422773349259507,Surv-VAE
0.012623963275945551,0.931223628691983,0.1078894222970328,0.8521673387096772,0.12846160648744379,1.0,0.34810126582278483,0.7627231232854764,Surv-VAE
0.011845873454944382,0.9303797468354432,0.1003964918198569,0.8583228326612904,0.10889552072930539,2.0,0.36075949367088606,0.7554342474671749,Surv-VAE
0.01279166156119456,0.9240506329113924,0.10365555548987551,0.8613848286290322,0.12206806871400316,1.0,0.31645569620253167,0.7590459884278384,Surv-VAE
0.01509638564629714,0.9126582278481012,0.12464687278290468,0.8763608870967741,0.11658144605822511,1.0,0.36075949367088606,0.7868415109423914,Surv-VAE
0.012102040911586096,0.9286919831223629,0.09856758681051436,0.8454637096774194,0.11896108648287061,1.0,0.36075949367088606,0.7607684058422579,Surv-VAE
0.011228912103267487,0.9354430379746835,0.09874986080677105,0.8981854838709676,0.11942023592920833,1.0,0.3670886075949367,0.7737425221495129,Surv-VAE
0.012537573410523162,0.9265822784810126,0.10231575161307105,0.8580456149193548,0.12517764901742953,1.0,0.35443037974683544,0.7667032254536424,Surv-VAE
0.012801987074110822,0.9240506329113923,0.10665142537123637,0.8798261088709678,0.11934721154493029,1.0,0.34810126582278483,0.7614444918741686,Surv-VAE
0.01238137397719296,0.921518987341772,0.09200773758291893,0.8778792842741936,0.12446572006936554,1.0,0.310126582278481,0.7767355648862844,Surv-VAE
0.012906410494334119,0.9244725738396625,0.10575191582528824,0.8929183467741936,0.13040998427690306,1.0,0.3037974683544304,0.7532629927373483,Surv-VAE
0.013785999025993501,0.9219409282700421,0.10954881849966028,0.8873424899193549,0.11622423674933315,1.0,0.3670886075949367,0.7708305357796542,Surv-VAE
0.011946036625457622,0.9278481012658228,0.10646209945905868,0.859828629032258,0.12389028454619178,1.0,0.3291139240506329,0.7805699976306172,Surv-VAE
0.011490033237102603,0.929957805907173,0.11157962541473594,0.850132308467742,0.12071591185702381,1.0,0.3227848101265823,0.7576917562760584,Surv-VAE
0.01178180881124217,0.929957805907173,0.10081915042261243,0.8634513608870968,0.11184421769592481,1.0,0.35443037974683544,0.7689216537654064,Surv-VAE
0.014025001180282387,0.9147679324894515,0.11451309170841908,0.8592174899193548,0.1126307752811008,1.0,0.31645569620253167,0.7667493088290741,Surv-VAE
0.012719478157291705,0.9227848101265824,0.11236443310316094,0.851467993951613,0.12494690414225627,1.0,0.310126582278481,0.754114800803079,Surv-VAE
0.011969577619034036,0.9261603375527425,0.1066741559825487,0.8526524697580644,0.11027372651181008,1.0,0.3291139240506329,0.7716994910058086,Surv-VAE
0.014486598969462392,0.9210970464135021,0.11012468557697613,0.8599987399193548,0.1090233251912782,1.0,0.3670886075949367,0.7778966303110012,Surv-VAE
0.012052053464847457,0.9257383966244724,0.12446401946602526,0.8502394153225806,0.11258726106591815,1.0,0.34810126582278483,0.7692433567892806,Surv-VAE
0.014174668488163383,0.9189873417721519,0.10260275712096921,0.8486328125,0.12249757975267081,1.0,0.31645569620253167,0.7676857210442292,Surv-VAE
0.00968005831805211,0.9417721518987344,0.09096092281333962,0.8103074596774194,0.11998921772019842,1.0,0.37341772151898733,0.7747934362152582,Surv-VAE
0.014090417481289629,0.9177215189873419,0.1044495407869808,0.8695501512096774,0.13022955177930814,1.0,0.310126582278481,0.7608298806502801,Surv-VAE
0.014927337354968715,0.9126582278481014,0.10055187595175241,0.8842993951612904,0.12212027518182417,1.0,0.3227848101265823,0.726363629653074,Surv-VAE
