J-S distance,KS test,Survival curves distance,Detection XGB,NSND,K-map score,Identifiability score,NNDR,generator
0.005138701728929435,0.9664556962025318,0.017084897503488572,0.6485741055681532,0.1803494716827073,9.0,0.4810126582278481,0.802031975197786,HI-VAE_weibull
0.004989002734116551,0.970042194092827,0.015441369811070107,0.7286430776014109,0.14664863475281664,8.0,0.4620253164556962,0.8099329247738831,HI-VAE_weibull
0.0063406529236311295,0.9656118143459916,0.01117556483430587,0.697681248425296,0.17320381102692942,7.0,0.4873417721518987,0.8070243881401578,HI-VAE_weibull
0.006172070841965191,0.9635021097046415,0.02319701197368362,0.693694885361552,0.16436925682645379,8.0,0.43354430379746833,0.8188308685552123,HI-VAE_weibull
0.004294713064429847,0.9723628691983124,0.016241693657704746,0.6965844671201814,0.1289793646660925,9.0,0.5,0.8104660637181481,HI-VAE_weibull
0.0048354641766979334,0.9721518987341773,0.021422857315869855,0.6747913517258756,0.2020002814506689,5.0,0.509493670886076,0.8045470765232174,HI-VAE_weibull
0.005261952893773947,0.9696202531645569,0.009764501167160149,0.7014290438397582,0.179940299729757,8.0,0.47151898734177217,0.8157866934173945,HI-VAE_weibull
0.006531072677836124,0.9656118143459916,0.01922808391677951,0.691843820861678,0.10081510826909185,7.0,0.49683544303797467,0.8243259998861447,HI-VAE_weibull
0.0064531067049547666,0.9654008438818564,0.014613211776085475,0.6973064688838498,0.13689122489605748,9.0,0.46835443037974683,0.8136100411817633,HI-VAE_weibull
0.005462798941532613,0.9683544303797468,0.015302075791885805,0.6483150667674477,0.2425413020655069,9.0,0.4430379746835443,0.8283034863147772,HI-VAE_weibull
0.005209851267033851,0.9666666666666667,0.02250208545894477,0.6907958553791886,0.1691805797269388,10.0,0.48417721518987344,0.8092337035220524,HI-VAE_weibull
0.005178446244227289,0.9715189873417722,0.016397256356029222,0.6944436570924666,0.18079888402662783,7.0,0.49050632911392406,0.7933750509156227,HI-VAE_weibull
0.003841385421498202,0.9772151898734177,0.018185306870635867,0.6938397581254725,0.212468745391035,11.0,0.49050632911392406,0.8108667847370388,HI-VAE_weibull
0.006550162731577389,0.9632911392405064,0.014865164565072912,0.7270400289745527,0.21482572714377277,7.0,0.4525316455696203,0.7982927391779321,HI-VAE_weibull
0.005910331925030842,0.9643459915611813,0.011772101434448085,0.7311027651801462,0.21948113176583944,5.0,0.4651898734177215,0.7995670277327891,HI-VAE_weibull
0.0050452398285578,0.9683544303797469,0.024996727939016968,0.7079617031997985,0.1445202510896049,10.0,0.4525316455696203,0.8276935080852981,HI-VAE_weibull
0.004612902304454043,0.9713080168776371,0.020648180022687784,0.6573444192491812,0.2455067674451321,5.0,0.5031645569620253,0.7948961994570135,HI-VAE_weibull
0.004721345409391538,0.9742616033755274,0.018328141181604345,0.7174524439405393,0.14433382555705285,6.0,0.4651898734177215,0.8188476204357973,HI-VAE_weibull
0.0053779731068890144,0.9681434599156119,0.01951930499082316,0.667833522297808,0.2140575949981942,8.0,0.45569620253164556,0.8158008199674163,HI-VAE_weibull
0.005256352247775111,0.9679324894514768,0.019726070314543046,0.6675713340891912,0.18284210378419907,5.0,0.4936708860759494,0.8041752899875758,HI-VAE_weibull
0.006825617201258924,0.9632911392405062,0.016141037808880626,0.6923926051902243,0.16804472713520194,7.0,0.47151898734177217,0.8098871916619974,HI-VAE_weibull
0.00604853422077874,0.9649789029535865,0.01650387504937909,0.6892904383975813,0.15641967492802356,8.0,0.4936708860759494,0.8060334195337289,HI-VAE_weibull
0.005531834469529844,0.969831223628692,0.009955770779345908,0.7173500881834215,0.20988310733733345,8.0,0.47151898734177217,0.8148042611049359,HI-VAE_weibull
0.0048207972448946436,0.9736286919831223,0.013228952463636525,0.7117063492063492,0.22015932471677413,10.0,0.4873417721518987,0.8179704888031011,HI-VAE_weibull
0.005879613335447326,0.9666666666666666,0.01924708322525673,0.6932579050138574,0.21011316059270557,7.0,0.48417721518987344,0.8109426618978729,HI-VAE_weibull
0.006281344362190303,0.9651898734177213,0.013671647788154575,0.7007621567145377,0.1904031901861037,9.0,0.4462025316455696,0.8145745623564762,HI-VAE_weibull
0.005014936313662316,0.970675105485232,0.014809757172919316,0.6674815759637188,0.18874649044761047,10.0,0.5063291139240507,0.8145990193973632,HI-VAE_weibull
0.0066320719567192765,0.9618143459915611,0.01758099103497639,0.7168627173091459,0.17773815875799864,6.0,0.47468354430379744,0.8132837356444337,HI-VAE_weibull
0.004590962212029188,0.9710970464135021,0.01826057401015819,0.7063263731418493,0.19152141311781645,8.0,0.43037974683544306,0.8067675235600241,HI-VAE_weibull
0.005251630718820807,0.9702531645569619,0.017681098173292727,0.6845159360040312,0.21032692360132915,7.0,0.4873417721518987,0.8114339520807913,HI-VAE_weibull
0.004978844186667826,0.9679324894514768,0.028512616183124683,0.6680146132527085,0.2320389077568384,7.0,0.5158227848101266,0.8028869767972688,HI-VAE_weibull
0.005617132059442046,0.9685654008438819,0.020063321430289563,0.651860512723608,0.13778907614076316,5.0,0.48417721518987344,0.8242819557576769,HI-VAE_weibull
0.004010942458290243,0.9729957805907172,0.026493254420086196,0.6933256172839506,0.1942002616796043,7.0,0.4810126582278481,0.8194353087882418,HI-VAE_weibull
0.005047771117346932,0.9677215189873416,0.01336459621314051,0.7010558390022676,0.2052811821992006,9.0,0.48417721518987344,0.8103149458466634,HI-VAE_weibull
0.005574858897538912,0.9654008438818565,0.019038912945904922,0.7029116276140086,0.20581538526368753,6.0,0.47151898734177217,0.825972237527211,HI-VAE_weibull
0.005091912538758118,0.9666666666666668,0.02455459908485935,0.6935822940287226,0.19709765479980454,9.0,0.4778481012658228,0.8144235865411077,HI-VAE_weibull
0.005374182960462218,0.970253164556962,0.016787110608957368,0.6801894368858654,0.2487693406817074,8.0,0.439873417721519,0.7987246930396907,HI-VAE_weibull
0.005212034095305721,0.9713080168776372,0.017057399187701362,0.7611355190224238,0.21145051722145988,9.0,0.4651898734177215,0.8139602902590704,HI-VAE_weibull
0.006255257382144372,0.9654008438818565,0.02710941389956677,0.6898053665910808,0.1871955307434572,6.0,0.49683544303797467,0.8261862647113539,HI-VAE_weibull
0.005223760062286384,0.9696202531645569,0.012461351786234096,0.6968427185689091,0.21147792814013913,10.0,0.4936708860759494,0.8145099324261226,HI-VAE_weibull
0.00677402155714431,0.9622362869198313,0.019923322766774318,0.7203924162257496,0.19179611813930095,7.0,0.4936708860759494,0.8215267547793262,HI-VAE_weibull
0.004912569881909431,0.9702531645569621,0.020760367574149056,0.6992677626606199,0.13164456336095556,8.0,0.4651898734177215,0.8095886813841369,HI-VAE_weibull
0.006037549342998596,0.9681434599156117,0.018677084886651582,0.6971852166792644,0.18556487836746355,8.0,0.4651898734177215,0.8091616286711929,HI-VAE_weibull
0.005199725124291467,0.968987341772152,0.023207291319061733,0.709049036281179,0.18592803421849424,5.0,0.4620253164556962,0.8053578407813249,HI-VAE_weibull
0.004863298456838713,0.9717299578059073,0.014508981952153638,0.6418721655328798,0.20122376549688722,10.0,0.4620253164556962,0.8182573743999277,HI-VAE_weibull
0.005164148160421442,0.9681434599156119,0.019180374739359813,0.6951160556815318,0.16217939991563277,5.0,0.5189873417721519,0.8337166069983643,HI-VAE_weibull
0.00477362539299413,0.9668776371308018,0.016767387572490678,0.6829191861929956,0.12989522248515578,9.0,0.5031645569620253,0.8165324339929839,HI-VAE_weibull
0.0043660459802017226,0.9734177215189873,0.015318098592182583,0.7166524943310658,0.24769680985577291,8.0,0.4810126582278481,0.812694501945789,HI-VAE_weibull
0.004720482590601626,0.9683544303797471,0.022351120057996443,0.7225623582766441,0.11385850535237498,7.0,0.5126582278481012,0.8087227817192729,HI-VAE_weibull
0.005574498081377841,0.9672995780590717,0.019266971939387107,0.6908659297052154,0.20918152720241176,6.0,0.4588607594936709,0.8179552653709906,HI-VAE_weibull
0.005367071438193166,0.9658227848101266,0.024456211916265052,0.693974395313681,0.19186201472319533,8.0,0.5221518987341772,0.8093651719066575,HI-VAE_weibull
0.0048393566636831566,0.969620253164557,0.021788505180913582,0.6758408919123206,0.2203479697731541,8.0,0.4810126582278481,0.8051447647981751,HI-VAE_weibull
0.0049717700915385245,0.9710970464135021,0.01684696819721774,0.6792879188712522,0.14929610194456336,8.0,0.49050632911392406,0.8116628335506578,HI-VAE_weibull
0.005931804269428296,0.9645569620253165,0.023727218016210663,0.7000622008062484,0.17173331866441538,7.0,0.49683544303797467,0.8121559031089476,HI-VAE_weibull
0.004444008784791945,0.9738396624472576,0.02173809857890463,0.7028533635676493,0.27846516866777893,10.0,0.5,0.8168861008917762,HI-VAE_weibull
0.005117244743937764,0.9704641350210971,0.026034625373714974,0.6842915406903501,0.1836880943804497,3.0,0.5,0.8079117328984999,HI-VAE_weibull
0.0057205931863544,0.9677215189873418,0.025815950727442583,0.6804264298311917,0.2233332219723832,6.0,0.5031645569620253,0.8016088765093926,HI-VAE_weibull
0.0047907710153442164,0.9710970464135021,0.014357117415459891,0.7372606449987403,0.1465073121073116,6.0,0.46835443037974683,0.80858995173592,HI-VAE_weibull
0.0048164154513987145,0.9713080168776372,0.014417609279898434,0.7266061980347696,0.18797479589643198,9.0,0.439873417721519,0.8109175404550472,HI-VAE_weibull
0.006206324488676248,0.9664556962025316,0.025148012597368673,0.6866677689594356,0.17554640507555636,6.0,0.5443037974683544,0.8097503602705322,HI-VAE_weibull
0.006091515275579715,0.9630801687763714,0.030923144690918475,0.695097159234064,0.1745727888390029,10.0,0.5,0.8202762202811572,HI-VAE_weibull
0.004890459933033734,0.9706751054852322,0.0277556796591677,0.6893951562106323,0.21810977231537887,5.0,0.49050632911392406,0.8133695576470512,HI-VAE_weibull
0.005497477385540111,0.9689873417721518,0.014398190493153714,0.7052681720836482,0.16247835499028707,6.0,0.44936708860759494,0.809221235545752,HI-VAE_weibull
0.005211160637207701,0.968354430379747,0.02168462808749168,0.6858056185437138,0.232330424520916,8.0,0.4177215189873418,0.8174836449203121,HI-VAE_weibull
0.005878780035453386,0.9687763713080167,0.010645200843428128,0.6976332199546486,0.23370654877173716,8.0,0.5031645569620253,0.8074671037776681,HI-VAE_weibull
0.005939573992257142,0.9635021097046415,0.011373169850641855,0.6983615205341396,0.21574733705834712,7.0,0.43670886075949367,0.8246327697046302,HI-VAE_weibull
0.004654400085311,0.9715189873417722,0.024762365597325493,0.6936736268581507,0.16151206443161908,7.0,0.5031645569620253,0.8044364510359958,HI-VAE_weibull
0.006173189278788719,0.9637130801687763,0.02333697921468313,0.7237740929705215,0.16456299840994543,4.0,0.4525316455696203,0.8110980793194378,HI-VAE_weibull
0.00505158934728743,0.9660337552742615,0.01525918282896972,0.7126992000503904,0.15945898443843495,3.0,0.4936708860759494,0.8109600355440374,HI-VAE_weibull
0.004015638173374595,0.9759493670886076,0.01712135175723313,0.7010156840513984,0.18222694413599305,8.0,0.5158227848101266,0.8098823628951708,HI-VAE_weibull
0.004878408533169552,0.968565400843882,0.020954221701201394,0.7140416351725876,0.2707588048954396,8.0,0.4208860759493671,0.8157763351118207,HI-VAE_weibull
0.006615084636788498,0.9649789029535866,0.02075090165423851,0.7188334593096497,0.212496853199931,8.0,0.47151898734177217,0.8066489180571625,HI-VAE_weibull
0.006778442773630483,0.9632911392405064,0.023560890285453714,0.6981961766187956,0.19254176032975936,9.0,0.43037974683544306,0.8287862238745396,HI-VAE_weibull
0.0052698774186463624,0.9675105485232068,0.019037723730483715,0.7244575144872764,0.20796108790563098,6.0,0.4050632911392405,0.8165781987388224,HI-VAE_weibull
0.003797381133229507,0.9770042194092827,0.014237082672123745,0.6879046989166036,0.12077924271347361,8.0,0.48417721518987344,0.8006985797469743,HI-VAE_weibull
0.005264943995247462,0.9679324894514768,0.00907639668326433,0.6623472537163013,0.1659554364933195,8.0,0.4620253164556962,0.816561292837488,HI-VAE_weibull
0.005056305158572773,0.9681434599156117,0.03605362929622065,0.7171178193499622,0.18395856230283034,9.0,0.4873417721518987,0.8152239033431704,HI-VAE_weibull
0.005316910057663933,0.9679324894514768,0.015597105740260896,0.678789525069287,0.1357590016621782,5.0,0.46835443037974683,0.8290967631745852,HI-VAE_weibull
0.004658374431065301,0.9729957805907173,0.024242016152431486,0.6711561476442428,0.21032529716942097,9.0,0.4525316455696203,0.807778848875588,HI-VAE_weibull
0.005611848973721996,0.967932489451477,0.018739555989764674,0.716931216931217,0.167520801028007,6.0,0.4651898734177215,0.7989233456609198,HI-VAE_weibull
0.006028903750769094,0.9626582278481011,0.020904548813924544,0.6935232426303856,0.21976665350963404,7.0,0.47151898734177217,0.8215619453913122,HI-VAE_weibull
0.0061396824793435445,0.9679324894514768,0.015378479009986883,0.7239032186948853,0.2810169237280348,9.0,0.439873417721519,0.808871867389076,HI-VAE_weibull
0.004475350897843237,0.9742616033755274,0.01600167000562654,0.680320137314185,0.18381352228128656,5.0,0.4651898734177215,0.8137703692024985,HI-VAE_weibull
0.005607966963722026,0.9660337552742616,0.03313840160226775,0.7148549697656841,0.14779316781459156,5.0,0.4873417721518987,0.8169328799979856,HI-VAE_weibull
0.005381552363910678,0.9662447257383967,0.017481928484494907,0.6561358339632148,0.24697188192453812,9.0,0.5253164556962026,0.8096762073016229,HI-VAE_weibull
0.0055306057928429485,0.9656118143459914,0.028154996336186358,0.7232323948097757,0.12399313914028434,5.0,0.4778481012658228,0.8141350750443546,HI-VAE_weibull
0.00485669351589759,0.9708860759493672,0.012008795102299819,0.6617787855883094,0.25739370518942006,5.0,0.46835443037974683,0.8196067609192275,HI-VAE_weibull
0.006378275372434368,0.9649789029535866,0.022550093943858904,0.6992378432854623,0.14027539402933514,4.0,0.44936708860759494,0.8275986039024504,HI-VAE_weibull
0.0047382616228447225,0.968565400843882,0.02011690091802603,0.7135739480977575,0.19229160788031674,9.0,0.5063291139240507,0.8056528181519267,HI-VAE_weibull
0.005711119264291743,0.969198312236287,0.020050226308033756,0.7114536092214664,0.17903541737515968,7.0,0.5221518987341772,0.8192379957626953,HI-VAE_weibull
0.004658045655008639,0.9734177215189874,0.022408152486233443,0.7027100655076846,0.13743561816004954,6.0,0.46835443037974683,0.8167038063297036,HI-VAE_weibull
0.005578266576391224,0.9675105485232068,0.027041072794139937,0.7129015495086924,0.12468109425739433,3.0,0.5316455696202531,0.8178609010646261,HI-VAE_weibull
0.005189973060364531,0.9704641350210973,0.011877176291515539,0.6620527840765935,0.1489306547953829,9.0,0.4430379746835443,0.8033905862918472,HI-VAE_weibull
0.004343037586402688,0.9732067510548522,0.019446818821942855,0.7159281305114638,0.1830597309488477,6.0,0.47468354430379744,0.8172345421848591,HI-VAE_weibull
0.0050153498617180525,0.9698312236286919,0.02540629519824802,0.6623504031242128,0.1532315672327813,4.0,0.4778481012658228,0.8312786640014017,HI-VAE_weibull
0.004502367913010442,0.969409282700422,0.020897555521220315,0.7064114071554548,0.15356716566786593,5.0,0.47151898734177217,0.810365015733652,HI-VAE_weibull
0.006208288810463576,0.9668776371308017,0.012843321245414574,0.6958837238599143,0.2077113813716563,8.0,0.4810126582278481,0.8214578850216241,HI-VAE_weibull
0.0037113025277126983,0.9751054852320673,0.01267963216567324,0.7065956475182665,0.18979860100294202,7.0,0.5126582278481012,0.8221471362203053,HI-VAE_weibull
0.005375857221623954,0.9677215189873418,0.023704325958604413,0.6741969009826153,0.14853620014960825,8.0,0.4462025316455696,0.8177727836279695,HI-VAE_weibull
0.004516370395309237,0.9719409282700423,0.018563826456596613,0.6811523683547492,0.2342830248484881,8.0,0.47468354430379744,0.8106706986005953,HI-VAE_weibull
0.0046773127489183235,0.9713080168776371,0.01517183143337588,0.6985867031997985,0.16062168657253903,5.0,0.48417721518987344,0.8150059679571584,HI-VAE_weibull
0.004943202686824188,0.9734177215189874,0.017128050417165423,0.7027533698664652,0.133328626168763,5.0,0.4810126582278481,0.8096619374237078,HI-VAE_weibull
0.004244377806129508,0.9736286919831224,0.020039147212873788,0.7452727387251196,0.12155156260355453,3.0,0.48417721518987344,0.8128916976419048,HI-VAE_weibull
0.006109073792025949,0.9645569620253165,0.018917727137223974,0.6795036533131771,0.16148939618641336,6.0,0.5,0.8280062088285272,HI-VAE_weibull
0.004347547105847933,0.9721518987341772,0.016294610941565268,0.7080246913580247,0.19544498649495445,7.0,0.4873417721518987,0.8172708174293926,HI-VAE_weibull
0.006193952061882237,0.9658227848101266,0.020160814269183428,0.7037454333585286,0.18991309389780317,9.0,0.43037974683544306,0.8131575367986175,HI-VAE_weibull
0.005250962880211612,0.9702531645569622,0.012325058939806972,0.7161911060720585,0.16590626066867972,8.0,0.4620253164556962,0.8147341453827137,HI-VAE_weibull
0.005308316251319472,0.968143459915612,0.014877831708993665,0.6832262534643487,0.2099944845166866,4.0,0.48417721518987344,0.814503621669867,HI-VAE_weibull
0.006624745459789804,0.9618143459915612,0.011209357400395654,0.6655439027462837,0.1761448285045999,6.0,0.4810126582278481,0.8077238151657146,HI-VAE_weibull
0.005635010302081245,0.9685654008438819,0.01966730426293092,0.6657675107079868,0.22826777097749845,6.0,0.5379746835443038,0.8032986415928006,HI-VAE_weibull
0.005658898904261155,0.9641350210970465,0.015035452018650397,0.6905635865457295,0.15680731147570284,6.0,0.4588607594936709,0.8102484770657546,HI-VAE_weibull
0.004178563622836589,0.9744725738396625,0.016670386005612003,0.7200215734441925,0.2016268725780579,7.0,0.4810126582278481,0.8143308600467348,HI-VAE_weibull
0.006756277561538283,0.9618143459915612,0.01983209399849654,0.6951735323759133,0.20988169385922614,4.0,0.4525316455696203,0.8094085287686904,HI-VAE_weibull
0.005323807144640339,0.9677215189873417,0.028410317258951275,0.7037454333585286,0.2616479967628031,11.0,0.5253164556962026,0.8020525987216872,HI-VAE_weibull
0.005048359280002127,0.9706751054852322,0.014249066617790544,0.7034737969261778,0.1721803671029571,10.0,0.4873417721518987,0.8144064085128155,HI-VAE_weibull
0.005610395758093944,0.9645569620253163,0.014262460752278536,0.6687082703451751,0.21865751386871593,9.0,0.45569620253164556,0.8057168254061945,HI-VAE_weibull
0.0060338429132026725,0.9668776371308017,0.02498520459590836,0.7005007558578987,0.1615078398693002,5.0,0.4525316455696203,0.8143915112056811,HI-VAE_weibull
0.005340289997865919,0.9675105485232068,0.018442580803186514,0.6888928256487781,0.1836290619588799,6.0,0.44936708860759494,0.8098829245810647,HI-VAE_weibull
0.005292521215733799,0.969620253164557,0.01782553685035414,0.7113118858654572,0.26959180763250695,6.0,0.49683544303797467,0.8170150890992729,HI-VAE_weibull
0.005621577985483551,0.9702531645569619,0.02356725256738344,0.7139188082640462,0.17424566772622369,6.0,0.4778481012658228,0.8226972692216838,HI-VAE_weibull
0.005997385814176258,0.9656118143459916,0.020916128703196646,0.6950782627865961,0.19550822066143367,7.0,0.5031645569620253,0.8112490102810743,HI-VAE_weibull
0.006079110922562351,0.9666666666666667,0.025731697764799114,0.7081160241874527,0.23934804361539228,12.0,0.46835443037974683,0.8135485023878288,HI-VAE_weibull
0.005351311226701843,0.970253164556962,0.026000218531565412,0.7041391093474426,0.16343933990885112,4.0,0.4588607594936709,0.8210965941514435,HI-VAE_weibull
0.004910531340703708,0.9672995780590717,0.01946515059035312,0.691894211388259,0.1647421163774048,7.0,0.4620253164556962,0.8162842945945724,HI-VAE_weibull
0.006784736777014788,0.9616033755274261,0.02517970432999134,0.7251401486520535,0.09812617558101004,2.0,0.46835443037974683,0.8091803670142217,HI-VAE_weibull
0.005196218195184623,0.970675105485232,0.02223527778745633,0.7210152116402118,0.14246322640181863,3.0,0.43037974683544306,0.8093335549424803,HI-VAE_weibull
0.004879493809438445,0.9683544303797469,0.015030849357792893,0.6889904572940286,0.23457416815410048,6.0,0.5158227848101266,0.8026844271517094,HI-VAE_weibull
0.005289093754501169,0.9683544303797469,0.026086254118292657,0.7184956853111615,0.19375965784600033,8.0,0.5031645569620253,0.8251246952531662,HI-VAE_weibull
0.00535264378662644,0.9677215189873418,0.020732235246559528,0.7033202632905013,0.12354500524550985,8.0,0.46835443037974683,0.8065526681401982,HI-VAE_weibull
0.007428141882387804,0.9599156118143459,0.02074155570021524,0.7221088435374149,0.15758974615470145,5.0,0.4651898734177215,0.8253844080506997,HI-VAE_weibull
0.004650968856898943,0.9702531645569619,0.018118470482408264,0.7018022486772486,0.18045318605660568,7.0,0.5031645569620253,0.8105917682022385,HI-VAE_weibull
0.005651871975179396,0.9664556962025317,0.014437343101570145,0.6614906147644243,0.1915937497295209,4.0,0.439873417721519,0.8196158240194641,HI-VAE_weibull
0.004664752381849781,0.9713080168776372,0.025578593834404747,0.6623913454270597,0.14465668628599287,6.0,0.4936708860759494,0.8131713526517207,HI-VAE_weibull
0.005876459149730654,0.9670886075949368,0.012479127494824398,0.65130149281935,0.17284404302153736,8.0,0.46835443037974683,0.8199423203396635,HI-VAE_weibull
0.005634396266127184,0.9656118143459917,0.024935516436314562,0.6762574011085916,0.3052270509738832,6.0,0.46835443037974683,0.8096415228779034,HI-VAE_weibull
0.004870453896841455,0.968776371308017,0.02216518490501478,0.6701884920634921,0.20454607707941017,6.0,0.4778481012658228,0.8088269819569575,HI-VAE_weibull
0.005065915880187994,0.9706751054852323,0.023160428514542093,0.7422217498110355,0.2522155495220912,11.0,0.4873417721518987,0.815693714271349,HI-VAE_weibull
0.005350184842703735,0.9691983122362868,0.024221040731177052,0.7237386621315192,0.23232230678043933,10.0,0.47468354430379744,0.8122574325919343,HI-VAE_weibull
0.00484423437866322,0.969831223628692,0.016894891806173155,0.6982048374905518,0.20242385144052763,8.0,0.4810126582278481,0.7992771524778204,HI-VAE_weibull
0.004984324145190123,0.9713080168776371,0.023893382958253703,0.6853946208112875,0.2218155589885496,5.0,0.4810126582278481,0.7990729961414114,HI-VAE_weibull
0.0061400901495865575,0.960759493670886,0.022938024047434624,0.693483875031494,0.10389050639395317,6.0,0.5284810126582279,0.8102425838795618,HI-VAE_weibull
0.0049106291957117755,0.9708860759493672,0.016111658099846347,0.733921485260771,0.18692952653096634,7.0,0.46835443037974683,0.822810533213689,HI-VAE_weibull
0.005188857011259932,0.9683544303797469,0.025515756032177615,0.6483938019652307,0.19101459463054044,5.0,0.44936708860759494,0.8281451774315257,HI-VAE_weibull
0.006033858972341251,0.9656118143459914,0.023422559260315414,0.7397612748803225,0.20400100322011175,10.0,0.45569620253164556,0.8181478170305905,HI-VAE_weibull
0.005024974802810179,0.9677215189873417,0.016589425650915802,0.6761329994960947,0.1424717451322934,2.0,0.4620253164556962,0.8148211457377961,HI-VAE_weibull
0.005076056923784304,0.9706751054852322,0.01451319763672817,0.6799099269337365,0.1880744498996711,10.0,0.4810126582278481,0.8105099677430665,HI-VAE_weibull
0.004778952666346558,0.9713080168776372,0.016328386562840913,0.6664973859914336,0.1313512443402192,5.0,0.4810126582278481,0.8084563780560867,HI-VAE_weibull
0.005539153311281964,0.9641350210970464,0.04198576405334973,0.6621811224489795,0.20969459208665567,9.0,0.5126582278481012,0.8125126428570945,HI-VAE_weibull
0.004717302655876849,0.9721518987341773,0.011655512068192582,0.6567318594104308,0.23131955198787224,9.0,0.46835443037974683,0.8050000529476806,HI-VAE_weibull
0.005597714023418895,0.9662447257383968,0.012755197066330572,0.729715450995213,0.2384891531278109,7.0,0.43670886075949367,0.8139557691705204,HI-VAE_weibull
0.0051593331657108325,0.969409282700422,0.01650962501612484,0.682684555303603,0.24026690548406418,7.0,0.4778481012658228,0.8078654941834954,HI-VAE_weibull
0.005443918695636302,0.968143459915612,0.022895496550301445,0.702226631393298,0.20494261191597032,7.0,0.45569620253164556,0.8087188464968721,HI-VAE_weibull
0.00514819541340602,0.9685654008438819,0.01904279802794734,0.6557138133030991,0.1475754798648978,7.0,0.47151898734177217,0.8212538537839895,HI-VAE_weibull
0.00463207581850057,0.9719409282700422,0.01881852001304906,0.6921878936759889,0.2011165372269419,8.0,0.4810126582278481,0.8185825631607891,HI-VAE_weibull
0.006206550388031299,0.9658227848101267,0.020876581005204547,0.7137566137566138,0.22543762857854327,7.0,0.4778481012658228,0.8051413621400281,HI-VAE_weibull
0.004636390440276044,0.9721518987341773,0.01133902728641847,0.6886739417989418,0.19043017905056445,7.0,0.439873417721519,0.82508260191337,HI-VAE_weibull
0.004042029503669758,0.9719409282700423,0.02253356353808911,0.7481772801713278,0.18232226359348136,7.0,0.47151898734177217,0.8175088895698682,HI-VAE_weibull
0.004429196364817462,0.9757383966244725,0.016745078706411745,0.692224111866969,0.19117803290731208,5.0,0.4873417721518987,0.8131828434708114,HI-VAE_weibull
0.005110953091088044,0.968987341772152,0.016226311347896583,0.6770408163265306,0.1628271257826336,7.0,0.5,0.8175464075529335,HI-VAE_weibull
0.005388345220121527,0.9691983122362869,0.024227649209653878,0.6919367283950617,0.17371713969430883,8.0,0.48417721518987344,0.803383106783618,HI-VAE_weibull
0.005872328861235066,0.9632911392405064,0.016820415328396905,0.6971245905769715,0.15357071745807166,5.0,0.5189873417721519,0.8081673157013813,HI-VAE_weibull
0.006467462267312351,0.9620253164556962,0.017826102297814794,0.6902132149155958,0.16254147166538094,9.0,0.44936708860759494,0.8170297446501112,HI-VAE_weibull
0.005093435817001358,0.9645569620253164,0.020455760647218824,0.6724001637692114,0.1563945590991901,7.0,0.45569620253164556,0.7988054873656081,HI-VAE_weibull
0.004606470446984751,0.9715189873417721,0.02371899649430153,0.6935988284202569,0.1965089157142776,7.0,0.48417721518987344,0.8077006003673636,HI-VAE_weibull
0.005898880133103709,0.9670886075949368,0.018844515795488112,0.7051949483497102,0.1706847893603628,4.0,0.4778481012658228,0.817454422067466,HI-VAE_weibull
0.0057024489703532385,0.9675105485232067,0.03093174246701391,0.7058193184681281,0.2196215819761431,10.0,0.47151898734177217,0.817833978345165,HI-VAE_weibull
0.005474765799476467,0.9660337552742616,0.01576052293000273,0.6734764739229024,0.15785785673644054,8.0,0.4936708860759494,0.8078628584221776,HI-VAE_weibull
0.00551086099607081,0.968565400843882,0.022716614037819705,0.6883739606953893,0.2832907148904014,13.0,0.47151898734177217,0.8028379634397538,HI-VAE_weibull
0.0066228315878350714,0.959493670886076,0.02755262773232537,0.7271345112118921,0.22774738134917535,8.0,0.4873417721518987,0.8105611807110026,HI-VAE_weibull
0.0036918595017365868,0.9772151898734176,0.01678184016579188,0.6795666414714034,0.18602235468760395,3.0,0.4778481012658228,0.8017795885392693,HI-VAE_weibull
0.005956177535328727,0.9662447257383966,0.017272047431303738,0.6880353993449232,0.18286709777591367,10.0,0.5,0.8210282789477259,HI-VAE_weibull
0.005739440742930064,0.9635021097046415,0.022657209140472888,0.7314806941295037,0.1582551827447585,6.0,0.4462025316455696,0.8257101197673635,HI-VAE_weibull
0.0056575418994627815,0.9647679324894516,0.012861774789863188,0.7071420697908792,0.1874356484781552,7.0,0.46835443037974683,0.8129444016456334,HI-VAE_weibull
0.005911941169806611,0.9668776371308018,0.020633413675349068,0.6739977009322247,0.18955641867298864,8.0,0.43670886075949367,0.8278009469549404,HI-VAE_weibull
0.005630712736389102,0.9658227848101268,0.019653931622460125,0.6620023935500127,0.14413750939816306,8.0,0.4936708860759494,0.8065314927411574,HI-VAE_weibull
0.005941043211596386,0.9645569620253166,0.014617381978068097,0.7422012786596122,0.14062577024882442,7.0,0.4430379746835443,0.811270484239184,HI-VAE_weibull
0.005283708419903719,0.9685654008438821,0.01800220534509126,0.7270140463592843,0.16128453045090457,7.0,0.47151898734177217,0.8193320130580104,HI-VAE_weibull
0.007158439331564231,0.9611814345991563,0.018033040348407903,0.6773526077097506,0.11037459178100513,8.0,0.4810126582278481,0.8175810646827313,HI-VAE_weibull
0.006033471668950748,0.9651898734177216,0.019779546259361427,0.7163170823885109,0.16480451150838973,7.0,0.47151898734177217,0.8204851279196114,HI-VAE_weibull
0.00505739942486865,0.9672995780590715,0.04400848157327427,0.7259109662383472,0.33004872155106146,12.0,0.48417721518987344,0.8259190814147812,HI-VAE_weibull
0.0037424832340311608,0.9753164556962025,0.0200168074902469,0.6533179012345679,0.16526928084715173,2.0,0.44936708860759494,0.8070241154591058,HI-VAE_weibull
0.005777361403924119,0.9670886075949368,0.03494623896191118,0.6785541068279164,0.13879596085816678,4.0,0.4430379746835443,0.8113249674902562,HI-VAE_weibull
0.006125947121618303,0.9660337552742615,0.012157090114200398,0.667847694633409,0.15041552080960757,9.0,0.46835443037974683,0.815572026549507,HI-VAE_weibull
0.005644697005911917,0.9677215189873416,0.014885969592997227,0.7076349521289999,0.13462671350775932,9.0,0.47468354430379744,0.8206971059383765,HI-VAE_weibull
0.005195270679086094,0.9683544303797468,0.022613715996221594,0.7063547178130511,0.15313938026373583,6.0,0.5,0.8172488110531856,HI-VAE_weibull
0.005084006079563147,0.9691983122362869,0.020437093123810493,0.6715750188964476,0.17231437784697973,7.0,0.44936708860759494,0.7991777134803439,HI-VAE_weibull
0.004988068535128524,0.9721518987341772,0.013935598570193457,0.6746015998992189,0.18360093744439276,7.0,0.47468354430379744,0.804812098580281,HI-VAE_weibull
0.005570338210308958,0.9719409282700424,0.012024523965744487,0.7211553602922651,0.27465853498117676,8.0,0.48417721518987344,0.810451491586592,HI-VAE_weibull
0.00474378626075059,0.9672995780590717,0.023896443850511654,0.7224143361048122,0.1721581597781429,5.0,0.4525316455696203,0.8092765441693905,HI-VAE_weibull
0.004827562954480695,0.9729957805907172,0.01201919490654032,0.7070735701688082,0.1691496363162744,9.0,0.5189873417721519,0.8082750565148773,HI-VAE_weibull
0.005643642289105249,0.9639240506329114,0.022199759226614834,0.7326491244646006,0.11855644196982294,5.0,0.43670886075949367,0.8042324147517262,HI-VAE_weibull
0.005302858380617736,0.9656118143459916,0.02691237454886476,0.7188531431090955,0.20569674971581212,8.0,0.4778481012658228,0.8134782158574098,HI-VAE_weibull
0.00436905586864937,0.9738396624472574,0.02381346860658592,0.7118464978584026,0.22579302197825332,8.0,0.5063291139240507,0.8004485112823452,HI-VAE_weibull
0.006334251960902317,0.9649789029535865,0.012536088956908695,0.693053193499622,0.19395576532264563,10.0,0.5031645569620253,0.803714001178709,HI-VAE_weibull
0.004394897242010286,0.970675105485232,0.0174555172809463,0.6804925673973294,0.1437584619475657,4.0,0.47151898734177217,0.8020858791375515,HI-VAE_weibull
0.005915920676183063,0.9685654008438819,0.013664091115386991,0.6493732678256487,0.22556095917547545,12.0,0.4525316455696203,0.810308773813462,HI-VAE_weibull
0.006293414048346475,0.9660337552742617,0.028795293866155154,0.701040091962711,0.1321366428472557,10.0,0.47468354430379744,0.8068525090833,HI-VAE_weibull
0.004806476632574739,0.9698312236286921,0.020781782149357452,0.7242220962459058,0.18009971279110415,7.0,0.4588607594936709,0.8262855026215656,HI-VAE_weibull
0.00630710192023851,0.9645569620253164,0.0175485518780751,0.7072578105316201,0.19531971995254835,7.0,0.47151898734177217,0.8041274223123147,HI-VAE_weibull
0.0044648552479922285,0.9698312236286921,0.019933196283090364,0.6718734252960443,0.1487726299617226,7.0,0.5284810126582279,0.8234525628801406,HI-VAE_weibull
0.004576958890893089,0.9723628691983123,0.02689245354380085,0.6363795981355506,0.22038773826604768,2.0,0.45569620253164556,0.7885984582465441,HI-VAE_piecewise
0.005118187672864522,0.9727848101265824,0.00902078645419292,0.6969104308390023,0.10660120497564837,3.0,0.5,0.7970996478333694,HI-VAE_piecewise
0.004863524380227885,0.9706751054852322,0.011014001079424398,0.6859292328042328,0.14427706955379516,7.0,0.5348101265822784,0.8186078595423237,HI-VAE_piecewise
0.004426536521074008,0.9736286919831223,0.023796152955662533,0.6992945326278659,0.17855542302161395,9.0,0.48417721518987344,0.7919421924715742,HI-VAE_piecewise
0.004620489745628709,0.9736286919831223,0.03208710083960064,0.6793194129503654,0.1543899474589917,7.0,0.5221518987341772,0.7980550105481808,HI-VAE_piecewise
0.004705334636443821,0.9755274261603375,0.017941778475512128,0.6973915028974552,0.2024332926464961,8.0,0.5411392405063291,0.7977706187973741,HI-VAE_piecewise
0.004769910153308781,0.9742616033755275,0.021729819804205793,0.7398896132527086,0.15545005167540477,7.0,0.47468354430379744,0.7985967798742195,HI-VAE_piecewise
0.005216900846389065,0.9723628691983123,0.017393732690763313,0.7200774754346183,0.20316946553625417,10.0,0.5,0.7980510016051017,HI-VAE_piecewise
0.005632141247778553,0.9677215189873418,0.012531823044479248,0.6670697908793147,0.15898554196673356,6.0,0.5284810126582279,0.8018242721534532,HI-VAE_piecewise
0.0047183172530972746,0.9710970464135021,0.017519225626198155,0.7061673280423281,0.1588128628679253,5.0,0.509493670886076,0.7876837389284199,HI-VAE_piecewise
0.005851199129401411,0.9647679324894515,0.020858408920787882,0.6581231103552533,0.26796940876283104,7.0,0.5031645569620253,0.7848356760348656,HI-VAE_piecewise
0.0051191732233444405,0.9708860759493672,0.016299953146314033,0.693635046611237,0.14646962418234444,7.0,0.49683544303797467,0.8088151292059762,HI-VAE_piecewise
0.0044157800989798645,0.9748945147679325,0.016311726294729503,0.7264085726883347,0.23506733014632003,7.0,0.4936708860759494,0.7929425582317763,HI-VAE_piecewise
0.004634479416446289,0.9736286919831223,0.009897767853825075,0.6958097127739984,0.18175577997112624,9.0,0.4620253164556962,0.7901554369874156,HI-VAE_piecewise
0.004293512641971559,0.9753164556962026,0.010870186428737716,0.6905816956412194,0.11242838365019255,3.0,0.48417721518987344,0.7964198929846148,HI-VAE_piecewise
0.004338841918176944,0.9759493670886078,0.02311847092950064,0.688100749559083,0.17991836954027446,6.0,0.47151898734177217,0.7933076183387897,HI-VAE_piecewise
0.005973559364307774,0.9660337552742616,0.02852542590392428,0.6997149785840262,0.19921291227624038,7.0,0.4651898734177215,0.7748747110651153,HI-VAE_piecewise
0.004920564888610521,0.9734177215189874,0.010229590192498444,0.6421508881330309,0.1933805373904495,11.0,0.5474683544303798,0.7966919982376203,HI-VAE_piecewise
0.0058573943962159,0.970042194092827,0.01218675880115576,0.6758369551524314,0.21093281942606165,10.0,0.4778481012658228,0.804911931822007,HI-VAE_piecewise
0.004885643444013397,0.9713080168776371,0.01908120058418411,0.6779793398841019,0.11620339454237708,5.0,0.4810126582278481,0.8015708360333791,HI-VAE_piecewise
0.005360501107644768,0.971097046413502,0.012044135149062827,0.7383290816326531,0.18630206600385216,8.0,0.5284810126582279,0.7855413798737026,HI-VAE_piecewise
0.005498834239844782,0.9672995780590716,0.03117416675294895,0.6971576593600404,0.2098115314227064,6.0,0.48417721518987344,0.7983195375898626,HI-VAE_piecewise
0.0054902744632286575,0.9681434599156119,0.02318846996773427,0.6842261904761905,0.20210294879996024,8.0,0.439873417721519,0.8029912342050438,HI-VAE_piecewise
0.005408669404931566,0.9717299578059072,0.02313219361993442,0.6786706349206348,0.21963137344606656,9.0,0.4525316455696203,0.7763830914264772,HI-VAE_piecewise
0.005612056070586448,0.9708860759493673,0.011530308017924693,0.7102536848072563,0.13956117546903155,11.0,0.5253164556962026,0.7873344190099558,HI-VAE_piecewise
0.005714651254062638,0.9654008438818565,0.02139438917270683,0.7055295729402873,0.14963502461726513,5.0,0.48417721518987344,0.7774646533420183,HI-VAE_piecewise
0.004756430475330504,0.9713080168776371,0.022309834882617213,0.6831278344671202,0.10053028120659824,3.0,0.4873417721518987,0.797544138923968,HI-VAE_piecewise
0.0052388741614773065,0.9729957805907173,0.009766182597794658,0.6847615898211136,0.16336620997658124,9.0,0.48417721518987344,0.797796419887179,HI-VAE_piecewise
0.005490161229732314,0.969409282700422,0.019493501812817646,0.6814610103300579,0.19187021791994296,5.0,0.4430379746835443,0.7921069880908702,HI-VAE_piecewise
0.0054953618570538565,0.969620253164557,0.012010379183032138,0.6858544343663391,0.19016608406937793,9.0,0.4588607594936709,0.7948814236499603,HI-VAE_piecewise
0.006557592468975364,0.9641350210970465,0.01467916848328395,0.7172264739229025,0.1294084601206506,3.0,0.4778481012658228,0.8108975079476752,HI-VAE_piecewise
0.004257317613646792,0.9755274261603376,0.032661484410538705,0.712596056941295,0.13962219945646598,3.0,0.4810126582278481,0.7835544297118209,HI-VAE_piecewise
0.005448590740035857,0.9700421940928269,0.026063305221569022,0.6697365520282187,0.1926767139050123,5.0,0.509493670886076,0.793572088860746,HI-VAE_piecewise
0.0048331088855817364,0.9719409282700422,0.015789978952260485,0.7022620622323003,0.22391337077336643,12.0,0.4810126582278481,0.8052163764591543,HI-VAE_piecewise
0.005565091893318574,0.9698312236286919,0.022342063772643656,0.6776832955404385,0.16441549896784996,3.0,0.46835443037974683,0.799767754437478,HI-VAE_piecewise
0.005057420955636779,0.970675105485232,0.014539534589498516,0.6972836356764929,0.13457268108530135,6.0,0.4873417721518987,0.803507580463845,HI-VAE_piecewise
0.004327406933906794,0.9727848101265822,0.019217493535424457,0.6684256109851348,0.12467676184617964,7.0,0.48417721518987344,0.7839198109138881,HI-VAE_piecewise
0.005116826558049457,0.9719409282700423,0.020647092639376963,0.674207136558327,0.17367206605530627,8.0,0.4620253164556962,0.7756917744776718,HI-VAE_piecewise
0.00548378800753595,0.970464135021097,0.01814791355908742,0.6775699168556312,0.15278612567504585,8.0,0.5,0.7884559142050358,HI-VAE_piecewise
0.004841357165189385,0.9732067510548522,0.018698006875371195,0.7557799508692367,0.1424857035490316,9.0,0.47151898734177217,0.8034291370494838,HI-VAE_piecewise
0.003697749059020569,0.9789029535864978,0.01093945095633529,0.6817153250188964,0.2594625267853067,10.0,0.5063291139240507,0.7888767864169727,HI-VAE_piecewise
0.005135524475702552,0.9725738396624473,0.014850403564969007,0.7071546674225245,0.18555588132551828,4.0,0.5,0.7838188365777113,HI-VAE_piecewise
0.005091638927404841,0.9717299578059071,0.01728784790372901,0.6856788548752835,0.14869895478556122,8.0,0.4873417721518987,0.7812922016171103,HI-VAE_piecewise
0.006696134712352818,0.9664556962025318,0.011518480679405295,0.6918650793650795,0.1324439030812546,5.0,0.5189873417721519,0.7857560076444243,HI-VAE_piecewise
0.005624177291340504,0.9679324894514767,0.021199654319660376,0.71675248803225,0.23720170824328163,6.0,0.47151898734177217,0.7966835749872817,HI-VAE_piecewise
0.004976051717060496,0.9717299578059072,0.011558119804846782,0.6868087049634669,0.12547876390195545,8.0,0.4873417721518987,0.7882564155127632,HI-VAE_piecewise
0.005070736587966863,0.9706751054852323,0.014848497494298219,0.694231072058453,0.26160024883338395,9.0,0.5158227848101266,0.7821075713330679,HI-VAE_piecewise
0.004236086167394581,0.9751054852320674,0.015574398050829016,0.7180287855883094,0.14738412503844397,4.0,0.46835443037974683,0.8058273251897836,HI-VAE_piecewise
0.007246560998631768,0.959493670886076,0.012770796357078567,0.7050563744016125,0.2612730825740564,9.0,0.5031645569620253,0.8070172088298405,HI-VAE_piecewise
0.0034311672043198893,0.9767932489451477,0.008310001016638912,0.6928595049130764,0.24234768521965383,11.0,0.5031645569620253,0.7956332015192842,HI-VAE_piecewise
0.005265474876666859,0.970042194092827,0.018725295990724967,0.7213403880070548,0.15008575415432754,8.0,0.48417721518987344,0.7926232406781825,HI-VAE_piecewise
0.005466471340226818,0.9704641350210971,0.00986773184661231,0.7099600025195263,0.16477515494774791,10.0,0.5,0.7961864915448106,HI-VAE_piecewise
0.004562934488417366,0.9738396624472574,0.025141061688886152,0.7298595364071555,0.12983250269465188,4.0,0.49050632911392406,0.7818027714173915,HI-VAE_piecewise
0.0057012002936020776,0.968776371308017,0.022324540310755696,0.6505787037037037,0.18051020353592195,7.0,0.4873417721518987,0.791407745937091,HI-VAE_piecewise
0.004692014765956882,0.9734177215189875,0.016032007486807116,0.6753739921894685,0.2218961039457257,6.0,0.5031645569620253,0.7987151897949555,HI-VAE_piecewise
0.005429367535282941,0.968354430379747,0.027213708056563545,0.6863622763920383,0.15748049583409984,6.0,0.4620253164556962,0.7852395161123448,HI-VAE_piecewise
0.005682646267906174,0.9704641350210971,0.020660061050974624,0.7149234693877551,0.14508432505719443,8.0,0.47468354430379744,0.8052085348198681,HI-VAE_piecewise
0.005408839353256682,0.9706751054852318,0.01548993065159136,0.7114953388762913,0.13343349646093478,6.0,0.47151898734177217,0.7913723517186941,HI-VAE_piecewise
0.00469196763016189,0.9748945147679324,0.01202393419062776,0.724152021919879,0.17320167295861666,7.0,0.5031645569620253,0.7864961336080845,HI-VAE_piecewise
0.005917001276822083,0.9677215189873418,0.011814077570552878,0.6820664840010078,0.15465491712467244,7.0,0.4810126582278481,0.790684619524086,HI-VAE_piecewise
0.005034157055636642,0.9704641350210971,0.01110142637737406,0.7284934807256235,0.1394676559158402,9.0,0.5189873417721519,0.7872000991608387,HI-VAE_piecewise
0.0058610533695440835,0.9645569620253164,0.010341990082633389,0.7116284013605443,0.17106166267603845,7.0,0.4778481012658228,0.8012786557816893,HI-VAE_piecewise
0.004730787931661697,0.9736286919831224,0.024857572438286433,0.7079538296800202,0.14653559307833292,4.0,0.4778481012658228,0.7912403866625352,HI-VAE_piecewise
0.005255728929387867,0.970253164556962,0.02177692496166484,0.6908556941295035,0.13627721481064886,8.0,0.5,0.7896227776620747,HI-VAE_piecewise
0.004951298937269661,0.9732067510548522,0.020130085937619436,0.6539462081128746,0.14979156760684464,5.0,0.46835443037974683,0.7925513149180526,HI-VAE_piecewise
0.0046608066268403045,0.970464135021097,0.010495153152203727,0.6743189405391787,0.17361976985479913,8.0,0.43354430379746833,0.7926302699255102,HI-VAE_piecewise
0.0041369853599729015,0.9772151898734177,0.016968796186518958,0.7004417044595616,0.11037216474088625,4.0,0.48417721518987344,0.7869947986347537,HI-VAE_piecewise
0.005751826048887533,0.9681434599156117,0.025276792793345895,0.7060374149659865,0.18716308384400257,7.0,0.49683544303797467,0.7887303466192424,HI-VAE_piecewise
0.005318753149510225,0.9717299578059071,0.009974235579644986,0.7306067334341144,0.2060857759997608,8.0,0.4936708860759494,0.791979626157672,HI-VAE_piecewise
0.004134483011554466,0.9753164556962027,0.01359852144962472,0.6618339002267575,0.12439559549207814,4.0,0.45569620253164556,0.7919986969580028,HI-VAE_piecewise
0.005480436349483425,0.9704641350210971,0.01290066093161,0.7079916225749558,0.188950998339486,8.0,0.5126582278481012,0.7940111885127795,HI-VAE_piecewise
0.005592197096549427,0.9696202531645569,0.02099922123547887,0.736038674729151,0.124373966907739,9.0,0.5158227848101266,0.7986237987964584,HI-VAE_piecewise
0.005146755799771267,0.9706751054852322,0.014940772045991584,0.6576971529352482,0.2113765701010447,6.0,0.4651898734177215,0.7930957566381437,HI-VAE_piecewise
0.006528389328636263,0.9620253164556962,0.017790414815463708,0.737509448223734,0.17923284722543006,3.0,0.4620253164556962,0.7982959290551808,HI-VAE_piecewise
0.005210111098940057,0.9715189873417721,0.019127555703925436,0.7114268392542201,0.1712231481800909,7.0,0.4810126582278481,0.787707824260402,HI-VAE_piecewise
0.006535777000758329,0.9668776371308019,0.02160176121919236,0.6657848324514992,0.22133198284375374,7.0,0.4651898734177215,0.8019691128136135,HI-VAE_piecewise
0.005021130581344176,0.9727848101265824,0.012129099130147885,0.6860473356009071,0.15806206186452093,7.0,0.4810126582278481,0.7905188940956857,HI-VAE_piecewise
0.004115113546123167,0.9780590717299577,0.008580092794388853,0.6890093537414966,0.14838026977872357,9.0,0.5126582278481012,0.7822299176408195,HI-VAE_piecewise
0.004717009793256221,0.9719409282700423,0.02664148184423156,0.6834805681531873,0.17026858108282392,4.0,0.49683544303797467,0.7785237713917231,HI-VAE_piecewise
0.004489995842264823,0.9761603375527425,0.016014457051511947,0.6167328042328043,0.20013238710758388,7.0,0.49050632911392406,0.8196844398913903,HI-VAE_piecewise
0.0036987524848923086,0.9789029535864981,0.01256678276292903,0.6945656966490299,0.15828957612143726,9.0,0.4810126582278481,0.7854539287810343,HI-VAE_piecewise
0.0056223017065105095,0.9679324894514767,0.012353662811145938,0.7181146069538926,0.256288627206375,11.0,0.509493670886076,0.7944151026498373,HI-VAE_piecewise
0.005977414811067886,0.9668776371308017,0.016617169285310388,0.7181673595364072,0.17378451402671918,7.0,0.439873417721519,0.800071244844073,HI-VAE_piecewise
0.005196267302909441,0.9713080168776371,0.017574576584140553,0.6532777462836987,0.17637689245598367,5.0,0.49683544303797467,0.7942481970587332,HI-VAE_piecewise
0.005077199537069798,0.970253164556962,0.015535147020112987,0.725334624590577,0.19795386718747862,10.0,0.49050632911392406,0.7920372594408442,HI-VAE_piecewise
0.006341267645185939,0.9628691983122362,0.017498777345119898,0.6691184807256236,0.1839693039096441,9.0,0.4873417721518987,0.8023485159148025,HI-VAE_piecewise
0.006202631922650965,0.9647679324894515,0.025865882685034043,0.6618543713781808,0.1522904755617868,6.0,0.4873417721518987,0.7954804994580686,HI-VAE_piecewise
0.0052630451355913195,0.9677215189873417,0.01727528063141337,0.6591435185185185,0.13114753484217045,5.0,0.48417721518987344,0.7880171434994899,HI-VAE_piecewise
0.0053701951203011765,0.9675105485232067,0.029380790057473103,0.707345206601159,0.17030416754744707,9.0,0.4810126582278481,0.7928571860769659,HI-VAE_piecewise
0.005273146511642578,0.9670886075949369,0.020570918537571252,0.7041548563869993,0.24773964745760693,10.0,0.47468354430379744,0.8062216786155936,HI-VAE_piecewise
0.004789157661221238,0.971308016877637,0.0100963389618151,0.7176792013101536,0.21809305793486683,6.0,0.47151898734177217,0.8085189313457051,HI-VAE_piecewise
0.005397352202880438,0.970675105485232,0.012760745431669857,0.6943428760393047,0.19248207053350175,11.0,0.5316455696202531,0.7855257517567279,HI-VAE_piecewise
0.004834740567870968,0.9719409282700424,0.02697371329403005,0.6462844860166289,0.17054502269422664,5.0,0.5063291139240507,0.7901401697804582,HI-VAE_piecewise
0.005811350362407671,0.9679324894514768,0.022986533863612504,0.6790540753338372,0.12743293934208508,8.0,0.509493670886076,0.7849145009584663,HI-VAE_piecewise
0.005534788718878697,0.970675105485232,0.014771590493421532,0.678724962207105,0.26360243336639194,6.0,0.49683544303797467,0.7809765490322099,HI-VAE_piecewise
0.005749391998401103,0.9679324894514768,0.01695404198603653,0.6939066830435877,0.19444536269528356,9.0,0.4778481012658228,0.7832268076099387,HI-VAE_piecewise
0.004846786077092547,0.9721518987341772,0.01641771932497777,0.6602481733434115,0.14391622911584984,10.0,0.49050632911392406,0.7890396000981099,HI-VAE_piecewise
0.005317101070910735,0.9715189873417721,0.02531969848139004,0.719112181909801,0.14436501912589234,6.0,0.47468354430379744,0.7859648229756718,HI-VAE_piecewise
0.005884382411125492,0.9681434599156119,0.01319148044523439,0.6985142668178381,0.12838844766655233,8.0,0.49050632911392406,0.7921293256677518,HI-VAE_piecewise
0.005501303511993809,0.9696202531645569,0.029164608017561214,0.6863173973293021,0.14409756919056338,7.0,0.4778481012658228,0.8016672704830483,HI-VAE_piecewise
0.004803252858609261,0.9723628691983123,0.018732651192513078,0.6948483560090702,0.15848368683721356,9.0,0.46835443037974683,0.7947803459873184,HI-VAE_piecewise
0.004933918856754813,0.9725738396624473,0.008681329590888322,0.6794855442176871,0.13796422248681628,9.0,0.5,0.8061478616118067,HI-VAE_piecewise
0.005045965867530553,0.970886075949367,0.015536786229616652,0.6489488851095994,0.11601060795401802,7.0,0.48417721518987344,0.7902478792613559,HI-VAE_piecewise
0.005201127987184983,0.9679324894514767,0.018445750981922707,0.6657368039808516,0.21368256593915363,9.0,0.46835443037974683,0.7955949260912348,HI-VAE_piecewise
0.00507997628330126,0.9715189873417723,0.012970588696498829,0.6237614953388764,0.13065456013400717,5.0,0.4810126582278481,0.7828286082734193,HI-VAE_piecewise
0.005784016409144221,0.969831223628692,0.015567299671602893,0.7252369929453263,0.1598660276968268,7.0,0.5221518987341772,0.7981108511825479,HI-VAE_piecewise
0.004251493649355303,0.9727848101265821,0.027943765958495875,0.6577128999748048,0.1503415709334428,6.0,0.47151898734177217,0.7916863816676656,HI-VAE_piecewise
0.0037836243424554205,0.9795358649789029,0.014698769546036024,0.7084018329554044,0.17331391770415777,5.0,0.4810126582278481,0.7919868587901677,HI-VAE_piecewise
0.0054707821491280844,0.968987341772152,0.014697565168870174,0.7137282690854119,0.14850275779308889,8.0,0.4651898734177215,0.7831728845808715,HI-VAE_piecewise
0.005169801168085034,0.9706751054852322,0.01492787838109994,0.6767038296800202,0.14109734016122938,8.0,0.49050632911392406,0.7888968990909526,HI-VAE_piecewise
0.004882799375530111,0.9740506329113924,0.011192648196281983,0.7446987591332829,0.24492854262145317,10.0,0.49050632911392406,0.79478423169659,HI-VAE_piecewise
0.004030353428958255,0.9765822784810126,0.021071214419380525,0.6735646573444193,0.16098153504748497,6.0,0.48417721518987344,0.8049320955311478,HI-VAE_piecewise
0.005112852730114031,0.9683544303797469,0.016453720787246755,0.6795587679516252,0.20405925207247091,7.0,0.49050632911392406,0.7956092821966803,HI-VAE_piecewise
0.004606471733157561,0.9736286919831225,0.0154599461453081,0.6566594230284707,0.192569125621192,7.0,0.4936708860759494,0.7836098160529007,HI-VAE_piecewise
0.004889155165116577,0.9687763713080171,0.017274939902623906,0.6972584404132023,0.17094643878262017,5.0,0.48417721518987344,0.7896295951394371,HI-VAE_piecewise
0.005718311703062392,0.9662447257383968,0.027617426038242448,0.6860575711766188,0.15827250633807646,9.0,0.5221518987341772,0.7991106236158211,HI-VAE_piecewise
0.005650096455903437,0.9689873417721518,0.012939692010645529,0.6540989543965734,0.18246958072685335,11.0,0.49683544303797467,0.7740381913669147,HI-VAE_piecewise
0.005456819023825915,0.9679324894514766,0.03017525598013338,0.7081246850592089,0.11102505904755462,8.0,0.4778481012658228,0.7807099326004685,HI-VAE_piecewise
0.005351037228548047,0.9710970464135024,0.010877456911130281,0.646985229276896,0.1404327331964618,10.0,0.5031645569620253,0.8043259132698809,HI-VAE_piecewise
0.005851793133828985,0.9704641350210971,0.018810480094247718,0.731534234063996,0.13235899157764838,5.0,0.4873417721518987,0.7706057832428179,HI-VAE_piecewise
0.006059634785134926,0.9647679324894515,0.02364213812936228,0.7122031683043588,0.1299305992431938,3.0,0.49683544303797467,0.8065399970925197,HI-VAE_piecewise
0.006018695822348489,0.9672995780590716,0.01804321461650117,0.6520833333333333,0.19852704758501752,6.0,0.509493670886076,0.8040435053889421,HI-VAE_piecewise
0.005535881589129816,0.9687763713080169,0.018290164342736594,0.6919327916351726,0.10754366049972389,4.0,0.4430379746835443,0.7827517195432748,HI-VAE_piecewise
0.005845026814928864,0.9689873417721518,0.023460182470038907,0.6558027840765936,0.15394664253221635,5.0,0.49050632911392406,0.7883154651966342,HI-VAE_piecewise
0.005334976058952212,0.969409282700422,0.029317135229381626,0.6582223167044596,0.19806465133620554,4.0,0.47468354430379744,0.7920885920829344,HI-VAE_piecewise
0.004713345744291121,0.9751054852320674,0.021557485242503595,0.7168170508944318,0.15955384070731551,3.0,0.47468354430379744,0.7985989630673194,HI-VAE_piecewise
0.005373374490047669,0.9683544303797469,0.01905067093960139,0.7148463088939279,0.14141107264577943,4.0,0.5031645569620253,0.7904042575739979,HI-VAE_piecewise
0.004549961103858026,0.9708860759493672,0.011589043731173799,0.6830569727891157,0.1465403872825124,8.0,0.48417721518987344,0.789846654503226,HI-VAE_piecewise
0.00554259236812338,0.9683544303797468,0.010311012908814202,0.6863646384479717,0.19309378422578316,9.0,0.5031645569620253,0.8003971646926796,HI-VAE_piecewise
0.0045996304811426175,0.9738396624472573,0.015178482466826163,0.6838813303099018,0.1721247622525218,9.0,0.4873417721518987,0.7938067038691823,HI-VAE_piecewise
0.005427120202924669,0.9715189873417722,0.014293146843989126,0.6928878495842781,0.12885211323613513,4.0,0.4936708860759494,0.8029046520065989,HI-VAE_piecewise
0.0039221941921769735,0.9778481012658227,0.012933901767074011,0.7230213844797178,0.18537823662137434,9.0,0.48417721518987344,0.7881253803359124,HI-VAE_piecewise
0.003914526643533767,0.9770042194092826,0.013180611405307855,0.6546485260770976,0.24630495885742779,8.0,0.49683544303797467,0.8043315688771716,HI-VAE_piecewise
0.0038573890943214145,0.9759493670886077,0.03276945814420438,0.7144896384479719,0.19620742454028842,6.0,0.5,0.7995143809100628,HI-VAE_piecewise
0.004564197350466644,0.9736286919831224,0.011838567971629207,0.6955467372134039,0.208841447481145,9.0,0.5126582278481012,0.7849068248988279,HI-VAE_piecewise
0.005401384703738093,0.970042194092827,0.02061534281869027,0.7163391282438901,0.16150258676680154,7.0,0.48417721518987344,0.7852005658326633,HI-VAE_piecewise
0.004631133243833483,0.9757383966244724,0.014532325439505495,0.685341080876795,0.1585485166220969,8.0,0.5031645569620253,0.7903866612217776,HI-VAE_piecewise
0.0059820025691208435,0.9660337552742617,0.020651482156931963,0.677845490047871,0.18140344212574386,7.0,0.48417721518987344,0.7866434426900263,HI-VAE_piecewise
0.005221235201296164,0.9721518987341772,0.0130662618667866,0.7212994457042077,0.11968685762317896,6.0,0.47468354430379744,0.7761099544594101,HI-VAE_piecewise
0.005853026462972947,0.9672995780590717,0.029183774998814048,0.6742929579239103,0.15933922215950144,5.0,0.5031645569620253,0.7878214689205206,HI-VAE_piecewise
0.005323491763907099,0.970464135021097,0.017035607935735497,0.7568476001511715,0.16526036422794987,8.0,0.4588607594936709,0.7903362452039054,HI-VAE_piecewise
0.004612787939219365,0.9732067510548524,0.013276150157086677,0.6333451436130006,0.13088213038739166,8.0,0.43670886075949367,0.7832673718878378,HI-VAE_piecewise
0.005457682666980032,0.9675105485232067,0.01310159978181889,0.6705010707986899,0.14031747797995522,5.0,0.49050632911392406,0.7954088308101332,HI-VAE_piecewise
0.005284870169053348,0.970253164556962,0.02425575806014992,0.7352198286722096,0.20014860447980928,7.0,0.4620253164556962,0.8042447743530732,HI-VAE_piecewise
0.005849238064469976,0.9681434599156119,0.01632954703297259,0.7119157848324515,0.14750457681763413,9.0,0.5221518987341772,0.8024487544623874,HI-VAE_piecewise
0.006458552581993764,0.9658227848101266,0.022257624899202785,0.7042052469135802,0.2039424566453389,4.0,0.49050632911392406,0.7955698233967774,HI-VAE_piecewise
0.004993231836618105,0.9746835443037973,0.018971711628743886,0.7117638259007306,0.15218929861359062,6.0,0.4778481012658228,0.791173315920115,HI-VAE_piecewise
0.005175577456544732,0.9717299578059072,0.017054770808974794,0.7073034769463341,0.20877671666582873,5.0,0.47468354430379744,0.7902047451371008,HI-VAE_piecewise
0.005258085468769994,0.9713080168776372,0.019243052135222465,0.7313673154446965,0.14505211313091168,10.0,0.4620253164556962,0.7832334255370401,HI-VAE_piecewise
0.004962653805962726,0.9710970464135021,0.016948809187145857,0.7104875283446713,0.16174235267837803,8.0,0.5284810126582279,0.7755690064370844,HI-VAE_piecewise
0.004297776271343942,0.9723628691983123,0.013147476519225496,0.7042320168808264,0.1936353099173442,10.0,0.4873417721518987,0.7741255746363985,HI-VAE_piecewise
0.006108163685916588,0.9683544303797471,0.018624723445442946,0.7192027273872512,0.13216967919693084,10.0,0.49683544303797467,0.7962248191112902,HI-VAE_piecewise
0.00479495086741021,0.970253164556962,0.017045172821951393,0.7165154950869236,0.1517811244056827,6.0,0.49050632911392406,0.8075418412650728,HI-VAE_piecewise
0.0053981132464304225,0.9683544303797469,0.020638618874952826,0.6743441358024692,0.20915044694921522,8.0,0.5063291139240507,0.7952809527683726,HI-VAE_piecewise
0.005307193538322308,0.9698312236286919,0.01945031086263326,0.7315901360544217,0.24838912200933652,5.0,0.46835443037974683,0.7921836029026462,HI-VAE_piecewise
0.004928100685379542,0.970464135021097,0.02711318433239748,0.6763503086419753,0.20688794655778336,6.0,0.47468354430379744,0.802983675109759,HI-VAE_piecewise
0.005660366545216888,0.9666666666666667,0.023978124030513713,0.6876661312673218,0.2498061291612278,7.0,0.47151898734177217,0.7947465278934277,HI-VAE_piecewise
0.006277076469609153,0.9677215189873417,0.026827164904723463,0.6815232111363063,0.2019226740574896,6.0,0.4936708860759494,0.7954147976606128,HI-VAE_piecewise
0.005042485399172614,0.9719409282700421,0.021166543399718126,0.6835671768707482,0.13247540640741584,7.0,0.4778481012658228,0.7910573060757553,HI-VAE_piecewise
0.0051765076754649725,0.9719409282700422,0.01987543496448286,0.7235174162257496,0.19541806874833223,9.0,0.509493670886076,0.8005863242489469,HI-VAE_piecewise
0.004206336628385821,0.9759493670886074,0.013996782528342246,0.7146494708994708,0.11347613468780883,7.0,0.5189873417721519,0.8064843561734096,HI-VAE_piecewise
0.004870233776354143,0.9717299578059071,0.031389896109755594,0.6977072310405644,0.2070815566909604,8.0,0.47151898734177217,0.7978510966918028,HI-VAE_piecewise
0.004753031705552271,0.9723628691983122,0.023127684368961014,0.6973970143613,0.18986568816012106,9.0,0.4588607594936709,0.7810396576624825,HI-VAE_piecewise
0.0046292135585066455,0.9717299578059071,0.017276009059791816,0.6964427437641724,0.1356171881716525,7.0,0.4525316455696203,0.7990171863086778,HI-VAE_piecewise
0.005592189917076382,0.9700421940928272,0.016802539124378776,0.7215726568405139,0.22620305471445792,6.0,0.4620253164556962,0.7875612838386041,HI-VAE_piecewise
0.00486156443960418,0.9725738396624473,0.010868376318231331,0.7150880259511212,0.15042402359720494,10.0,0.5031645569620253,0.8100771470641408,HI-VAE_piecewise
0.006611308711260009,0.9628691983122365,0.018267904748579592,0.6975064562862181,0.14874964876667515,3.0,0.5253164556962026,0.8044399795248945,HI-VAE_piecewise
0.004721214762418582,0.9708860759493673,0.00801905739059129,0.6671831695641218,0.18372496779150857,8.0,0.46835443037974683,0.7808850120871262,HI-VAE_piecewise
0.005420839471774647,0.9734177215189874,0.014594416035969983,0.6587081128747796,0.2642722432503939,11.0,0.509493670886076,0.7907855893614005,HI-VAE_piecewise
0.005126711871238393,0.971518987341772,0.02175762470819767,0.6717246157722349,0.10660975270967807,5.0,0.4936708860759494,0.8077270904726558,HI-VAE_piecewise
0.004940887373768963,0.9717299578059072,0.016045376207486563,0.6816649344923154,0.1000593152214041,4.0,0.5158227848101266,0.7873376290637538,HI-VAE_piecewise
0.005042233167326924,0.9704641350210973,0.016101693543608582,0.6711388259007307,0.21179520256873136,10.0,0.5063291139240507,0.7970253926524271,HI-VAE_piecewise
0.004964321059350562,0.970675105485232,0.018473213458409434,0.6678571428571429,0.18167161154118056,9.0,0.5474683544303798,0.7912368021284036,HI-VAE_piecewise
0.006199801882766265,0.9645569620253165,0.015458918912453833,0.7213569223985891,0.15329263996575257,4.0,0.4430379746835443,0.7740032925304731,HI-VAE_piecewise
0.005892599915378854,0.9654008438818564,0.02171536178404902,0.6819531053162005,0.18224520942476274,8.0,0.4651898734177215,0.7965036446869157,HI-VAE_piecewise
0.004355757974394391,0.9759493670886076,0.008584555209162922,0.7296941924918114,0.1760487940651445,8.0,0.5063291139240507,0.7993218949550089,HI-VAE_piecewise
0.004961094723965275,0.970464135021097,0.011087517843755413,0.687243323255228,0.1698510723004635,8.0,0.4778481012658228,0.7846580014558951,HI-VAE_piecewise
0.005035341497489239,0.9717299578059071,0.014964441945208327,0.6788934555303603,0.18204335748795544,9.0,0.49050632911392406,0.7931253502669736,HI-VAE_piecewise
0.005277760997037503,0.9702531645569621,0.024129756715910992,0.7228040753338373,0.14085401855258303,4.0,0.4651898734177215,0.7947617960739054,HI-VAE_piecewise
0.006598547995181183,0.9656118143459914,0.01363403662230076,0.6998291446208114,0.12198862654974939,2.0,0.44936708860759494,0.7966736968179093,HI-VAE_piecewise
0.005197320901346506,0.9734177215189874,0.01648647725771819,0.7024738599143362,0.13402760665520166,5.0,0.4873417721518987,0.7822580425591786,HI-VAE_piecewise
0.005073912432161957,0.9675105485232066,0.024948342449122266,0.6943790942302848,0.17314460479840238,6.0,0.4651898734177215,0.7883843134486904,HI-VAE_piecewise
0.005160529907848005,0.9681434599156117,0.02865595729117478,0.6660643424036282,0.10021145243498616,6.0,0.5221518987341772,0.7792923249059522,HI-VAE_piecewise
0.004937922330541142,0.9746835443037974,0.014984493019020105,0.6787958238851095,0.17804984330163828,9.0,0.5031645569620253,0.7971368236261505,HI-VAE_piecewise
0.005490499239673084,0.9668776371308017,0.013162935480730198,0.7056319286974049,0.17462888767754356,7.0,0.4936708860759494,0.8052303654546124,HI-VAE_piecewise
0.003824371974007678,0.9740506329113925,0.022094887697132047,0.6741614701436129,0.10117296842915874,8.0,0.48417721518987344,0.7810923589465457,HI-VAE_piecewise
0.003978204885558696,0.9746835443037974,0.021170087856591382,0.6668367346938776,0.2056101634833943,7.0,0.49683544303797467,0.8023719302081566,HI-VAE_piecewise
0.004677529095595735,0.9742616033755275,0.011011762896813613,0.6975096056941295,0.2062734121929891,9.0,0.4810126582278481,0.7853185988821794,HI-VAE_piecewise
0.006217684027168888,0.9664556962025318,0.016353556492212297,0.7222348198538674,0.11488420136305824,8.0,0.4588607594936709,0.7950355758864861,HI-VAE_piecewise
0.00517291758150376,0.9694092827004218,0.012960344446726531,0.7034572625346434,0.16677462907109916,9.0,0.5158227848101266,0.8011603653487847,HI-VAE_piecewise
0.0058564190163429035,0.9700421940928269,0.01910631933802411,0.6927264424288234,0.18674344658212283,9.0,0.49050632911392406,0.7969212579970705,HI-VAE_piecewise
0.00535097669723594,0.9670886075949368,0.016065315233229124,0.6629629629629629,0.17016003186182369,9.0,0.5063291139240507,0.7903766529176545,HI-VAE_piecewise
0.005442986449056755,0.9675105485232066,0.027245372884277436,0.7004511526832955,0.14852752390435758,4.0,0.4462025316455696,0.7731347352140361,HI-VAE_piecewise
0.00474397222437648,0.9740506329113924,0.008535242349555362,0.6937720458553792,0.2185437335575248,8.0,0.4936708860759494,0.7995052005455033,HI-VAE_piecewise
0.005684015106149715,0.9696202531645571,0.028200250880345338,0.6900407848324515,0.19246781920403816,6.0,0.4778481012658228,0.7951358286091473,HI-VAE_piecewise
0.005170483608759007,0.9738396624472575,0.01476927869786282,0.7059043524817333,0.2838454644430971,8.0,0.47468354430379744,0.7942211969183253,HI-VAE_piecewise
0.005539417449616002,0.968565400843882,0.0280063716559648,0.6871921453766691,0.11926841333862885,8.0,0.47468354430379744,0.7998026472604239,HI-VAE_piecewise
0.0042760150935570755,0.9753164556962025,0.016244694024197585,0.6627141597379693,0.22400927955264816,7.0,0.4936708860759494,0.7958428326400635,HI-VAE_piecewise
0.0043456961843283464,0.9738396624472573,0.01867359531886393,0.6536855946082136,0.1989415960964583,9.0,0.5031645569620253,0.793481506260681,HI-VAE_piecewise
0.004572481509171251,0.9734177215189874,0.010416396534636585,0.7352151045603426,0.11414041593305854,7.0,0.5031645569620253,0.790010430515104,HI-VAE_piecewise
0.051041816050052514,0.7097046413502109,0.11207836943343186,0.999092970521542,0.21918538253513847,1.0,0.05379746835443038,0.8521474178741616,Surv-GAN
0.05023551229623778,0.7143459915611815,0.10677035916266618,0.9986646510456033,0.19973832420063153,1.0,0.056962025316455694,0.8482057066638701,Surv-GAN
0.05053992651606087,0.7160337552742616,0.08825962904248352,0.9986174099269338,0.21820850354839047,1.0,0.06329113924050633,0.8364198144089344,Surv-GAN
0.05129737647899345,0.7078059071729957,0.11736187345779947,0.9995228647014361,0.21350727684655652,1.0,0.06962025316455696,0.8568046073901768,Surv-GAN
0.050661783179092215,0.7158227848101267,0.07810311716180844,0.99909375787352,0.20609843169128353,1.0,0.06645569620253164,0.8564298747454345,Surv-GAN
0.04905128628801753,0.7206751054852322,0.11477013984992532,0.9974600025195264,0.19274326441857703,1.0,0.0759493670886076,0.8505504681360652,Surv-GAN
0.05138816468317149,0.7109704641350211,0.09420846500433766,0.9988418052406148,0.1968749706902566,1.0,0.06962025316455696,0.8493455942378808,Surv-GAN
0.05184351996344077,0.7092827004219411,0.08960307057647132,0.9986410304862685,0.2023017765917589,1.0,0.07278481012658228,0.8447150946654809,Surv-GAN
0.05026159212452292,0.7162447257383966,0.09181873858768244,0.9990441546989167,0.2673416164025225,1.0,0.0759493670886076,0.8564920894504485,Surv-GAN
0.05083252605796642,0.7130801687763714,0.10476600427327004,0.9976127488032251,0.24251256859320447,1.0,0.06329113924050633,0.8483663405030503,Surv-GAN
0.050417107632683575,0.7132911392405062,0.11522819199289769,0.9991961136306375,0.21913791675413324,1.0,0.07278481012658228,0.8459224266460674,Surv-GAN
0.05190971525977746,0.7107594936708861,0.09364192802788121,0.9996488410178888,0.2347206673528499,1.0,0.056962025316455694,0.8570975706221239,Surv-GAN
0.05118844674462972,0.7116033755274261,0.09734079575363244,0.9995464852607711,0.2337393345655563,1.0,0.06329113924050633,0.8519586326728564,Surv-GAN
0.05157409596376643,0.7124472573839662,0.10690679409985736,0.9988921957671957,0.1981782731391813,1.0,0.06962025316455696,0.8527597953213715,Surv-GAN
0.05044271532413105,0.7124472573839662,0.08130954153244169,0.9992000503905267,0.17899970093107015,1.0,0.06329113924050633,0.8478787154518901,Surv-GAN
0.052193230436254644,0.7084388185654009,0.09197345754392121,0.9981560216679265,0.22867045826917767,1.0,0.06645569620253164,0.8532250972147181,Surv-GAN
0.051758103667944075,0.7092827004219409,0.11530393355549959,0.9991945389266818,0.2136069999501439,1.0,0.060126582278481014,0.8499702580632645,Surv-GAN
0.050130768195230914,0.718565400843882,0.08353250207337723,0.9989945515243136,0.2243244794085032,1.0,0.06962025316455696,0.8581750342240859,Surv-GAN
0.0514341880808378,0.7122362869198313,0.09814897812523828,0.9983666383219955,0.21909776579454973,1.0,0.06329113924050633,0.8419945451224846,Surv-GAN
0.05068574196665466,0.7172995780590717,0.09754717195890232,0.9992953199798438,0.16786471614754295,1.0,0.0759493670886076,0.8616739752715723,Surv-GAN
0.05145340548325351,0.7137130801687763,0.06872653060760017,0.999193751574704,0.20485244583891868,1.0,0.06645569620253164,0.8455754410382834,Surv-GAN
0.05005225432346478,0.7181434599156117,0.08917725658224442,0.9987449609473419,0.1992338257829924,1.0,0.06645569620253164,0.8505911964256692,Surv-GAN
0.05128241469494405,0.7116033755274261,0.10881080301069392,0.9986914210128497,0.212092802626734,1.0,0.060126582278481014,0.8546439741641135,Surv-GAN
0.05006412411598839,0.7175105485232066,0.0972617165243878,0.998304831191736,0.20960059208136536,1.0,0.06329113924050633,0.8486401286041124,Surv-GAN
0.0502697857786366,0.7164556962025317,0.10443538377160534,0.9992945326278659,0.22638036321991642,1.0,0.05379746835443038,0.8445663566007007,Surv-GAN
0.05119531947816795,0.7126582278481012,0.09433167834124799,0.9992197341899722,0.20679014563865572,1.0,0.05379746835443038,0.8426479419617349,Surv-GAN
0.05073732781264093,0.7164556962025316,0.11329730943798819,0.9957183799445705,0.20169663690507794,1.0,0.08227848101265822,0.8495931479480257,Surv-GAN
0.050076217682650734,0.7141350210970464,0.09489139289316224,0.9993449231544471,0.19174452172080014,1.0,0.060126582278481014,0.8494005777899745,Surv-GAN
0.05041828817187159,0.720464135021097,0.12490569570536209,0.999097694633409,0.20363359784566828,1.0,0.056962025316455694,0.8545859169837979,Surv-GAN
0.05249772078279549,0.7105485232067509,0.09286193405307255,0.999193751574704,0.21375034531022422,1.0,0.060126582278481014,0.845612861463842,Surv-GAN
0.05061259458063043,0.7170886075949368,0.09327679949525061,0.9987449609473419,0.21876167574703284,1.0,0.06645569620253164,0.8447809789816064,Surv-GAN
0.05112157683230989,0.7162447257383967,0.07656825042584316,0.9990449420508944,0.21357945013723653,1.0,0.060126582278481014,0.8518311111307062,Surv-GAN
0.05103549008297783,0.7137130801687765,0.08132265988047614,0.999248078861174,0.2234086727542697,1.0,0.06329113924050633,0.8449667216328678,Surv-GAN
0.05058579834796157,0.7126582278481013,0.1221878405574865,0.9990465167548501,0.21609883694426085,1.0,0.05379746835443038,0.8577278103380054,Surv-GAN
0.050051539968824235,0.7172995780590717,0.11076377270964576,0.9992205215419501,0.22042941027988144,3.0,0.056962025316455694,0.847600099393778,Surv-GAN
0.05002735197105258,0.7179324894514768,0.11806231148103634,0.9986457545981355,0.2217471141227383,1.0,0.06645569620253164,0.8444274475301063,Surv-GAN
0.0494179277276782,0.7194092827004219,0.10060722706460111,0.9990449420508944,0.1961506427227287,1.0,0.06645569620253164,0.8524384927115138,Surv-GAN
0.04993396613738556,0.719831223628692,0.11483545942392696,0.9993472852103805,0.2024613678090552,1.0,0.07278481012658228,0.8447407751498789,Surv-GAN
0.051364111038416094,0.7120253164556962,0.08704216178460462,0.9988457420005037,0.2543621437405595,1.0,0.06329113924050633,0.8480649049335001,Surv-GAN
0.0494889748667801,0.7227848101265822,0.09295826129923562,0.9987914147140338,0.23039183704766558,1.0,0.06329113924050633,0.8564119288677253,Surv-GAN
0.05110662790148445,0.7130801687763714,0.12330429055844339,0.9992968946837995,0.22311392341199887,1.0,0.060126582278481014,0.8486498644940744,Surv-GAN
0.05112607400602329,0.7145569620253165,0.09179279769340538,0.999395313681028,0.21390059390923022,1.0,0.06962025316455696,0.8446132522021698,Surv-GAN
0.050420020957581045,0.7175105485232067,0.08929783093918724,0.9985040312421264,0.20701191502825989,1.0,0.06329113924050633,0.8614075895461696,Surv-GAN
0.05031542056685774,0.7147679324894515,0.09585954296933671,0.999395313681028,0.17850291279417574,1.0,0.08227848101265822,0.8500475900928383,Surv-GAN
0.05056389347840575,0.7151898734177216,0.07674816555516495,0.9996000251952634,0.22557903273705093,1.0,0.060126582278481014,0.8446502635667517,Surv-GAN
0.051130521397945924,0.7116033755274263,0.1033782327872797,0.9993464978584026,0.23103772940226633,1.0,0.06329113924050633,0.8584097711778526,Surv-GAN
0.05205049021776927,0.7056962025316457,0.09293811607715834,0.9978946208112875,0.2067587819565352,1.0,0.060126582278481014,0.8524937507765814,Surv-GAN
0.05175399608068362,0.7082278481012658,0.10372827688828845,0.9993205152431344,0.21769051072416026,1.0,0.056962025316455694,0.8626249029003655,Surv-GAN
0.04938056263050802,0.7196202531645569,0.09101699404133233,0.9988410178886369,0.23537361052171488,1.0,0.05063291139240506,0.8457880948971397,Surv-GAN
0.05114777929679755,0.7132911392405064,0.10083448081578003,0.9978544658604183,0.18786576177103903,1.0,0.08544303797468354,0.8456394268327517,Surv-GAN
0.051428348261432714,0.708016877637131,0.09653838789762181,0.9977347883597882,0.22586864310045332,2.0,0.056962025316455694,0.8488227332326879,Surv-GAN
0.05009877102440187,0.7156118143459914,0.0847125841207419,0.99909375787352,0.25873740587198363,1.0,0.06962025316455696,0.8467982914463822,Surv-GAN
0.04996653937346236,0.719620253164557,0.10726961161438786,0.9977312452758881,0.18256644144872775,1.0,0.09177215189873418,0.8489531720642497,Surv-GAN
0.05160279215926549,0.7086497890295359,0.10030755970271858,0.9988008629377678,0.20165970476487202,2.0,0.060126582278481014,0.8453880280047404,Surv-GAN
0.051764123560148284,0.7075949367088608,0.0960323546631991,0.9991496598639455,0.1913569400270813,1.0,0.06645569620253164,0.850909512081504,Surv-GAN
0.051216045482670794,0.7054852320675106,0.0993464863119082,0.999092970521542,0.21316650074106014,1.0,0.056962025316455694,0.8391448981204147,Surv-GAN
0.052343412494723476,0.7027426160337554,0.09600448305659362,0.9989945515243134,0.20635973134344296,1.0,0.060126582278481014,0.8525483364605402,Surv-GAN
0.05042925842200483,0.7185654008438819,0.08981778668813689,0.9993464978584026,0.20490601447871365,1.0,0.04746835443037975,0.8438526959872338,Surv-GAN
0.051619647006391454,0.7078059071729957,0.12288516997685155,0.9986929957168054,0.2076909593870615,1.0,0.056962025316455694,0.8431011571734927,Surv-GAN
0.05062325802162656,0.7168776371308017,0.09704831779088785,0.9994457042076089,0.21193717840664342,1.0,0.060126582278481014,0.8630201350800022,Surv-GAN
0.05012901740459379,0.7145569620253165,0.08692595732522135,0.9994480662635425,0.21432136539738508,1.0,0.056962025316455694,0.8398829209256514,Surv-GAN
0.05143433715917232,0.7126582278481012,0.09856206948016209,0.9993968883849836,0.22615572213645074,1.0,0.06329113924050633,0.8609624570462235,Surv-GAN
0.051250858582344884,0.7111814345991562,0.10098134276770485,0.9982906588561351,0.2005135794475368,1.0,0.06329113924050633,0.8596285674876211,Surv-GAN
0.052260620785776,0.7111814345991562,0.09807612113177258,0.999596875787352,0.18536835304011745,1.0,0.06329113924050633,0.8542512520327474,Surv-GAN
0.051522397299736865,0.7128691983122363,0.10221061102648779,0.9986426051902242,0.371782410706378,1.0,0.06962025316455696,0.8474276102823397,Surv-GAN
0.050227982201425034,0.7179324894514768,0.07401147216605847,0.9989465230536659,0.19484515104179354,1.0,0.06329113924050633,0.8415294335063785,Surv-GAN
0.05134343915479726,0.7130801687763714,0.0926602811385851,0.99909375787352,0.2084069369306183,1.0,0.04746835443037975,0.833275234971155,Surv-GAN
0.0511544792045653,0.7101265822784809,0.09460838994999295,0.9979922524565381,0.19353300781122776,1.0,0.07911392405063292,0.8559559813680905,Surv-GAN
0.05080677083551703,0.7135021097046415,0.08688155395761123,0.999193751574704,0.23206916964921845,1.0,0.06645569620253164,0.8439006837332902,Surv-GAN
0.05092272789003364,0.7111814345991562,0.12276207913419171,0.9991213151927438,0.1777530370681152,1.0,0.060126582278481014,0.8540935986363402,Surv-GAN
0.052245194054713236,0.7061181434599157,0.10090844399727059,0.9987945641219451,0.18757636962539254,1.0,0.07911392405063292,0.8507354868222383,Surv-GAN
0.05040280075418831,0.7172995780590715,0.086574982707927,0.9992457168052405,0.1789259617479704,1.0,0.0759493670886076,0.8530170247144762,Surv-GAN
0.05079252398091105,0.7179324894514768,0.08607029676854254,0.9993480725623585,0.23231542916541886,1.0,0.056962025316455694,0.8445660006275497,Surv-GAN
0.05085516862654545,0.7149789029535865,0.10764256840059967,0.9975473985890652,0.19848296584575584,1.0,0.06645569620253164,0.8465146025013893,Surv-GAN
0.051350468312708876,0.7105485232067511,0.09269727551426075,0.9966309208868733,0.18484000912130666,1.0,0.09177215189873418,0.8574469040858221,Surv-GAN
0.05204402146881242,0.7040084388185653,0.12185304270273774,0.9992441421012849,0.20807205058465927,1.0,0.056962025316455694,0.8479773862472759,Surv-GAN
0.05064393357253637,0.7154008438818564,0.08925401465452286,0.9989213277903755,0.20323274972385758,1.0,0.056962025316455694,0.8585744042583663,Surv-GAN
0.05082702739913698,0.7145569620253165,0.09667991925119955,0.9989449483497103,0.230779005412722,1.0,0.06645569620253164,0.8503631071412177,Surv-GAN
0.049666337829540705,0.7154008438818564,0.09799615657152927,0.9983906525573192,0.21779290670883414,1.0,0.06329113924050633,0.8453109087241749,Surv-GAN
0.04992868158427646,0.720042194092827,0.09159065207926477,0.9977324263038548,0.20582615414367206,1.0,0.07278481012658228,0.8418259073510109,Surv-GAN
0.05020502960866267,0.7139240506329113,0.13034970870587162,0.9988992819349963,0.20515480904884711,1.0,0.05379746835443038,0.8569433842340483,Surv-GAN
0.05052196279592554,0.7187763713080169,0.09443509744536893,0.9975371630133536,0.20288637676461405,1.0,0.08227848101265822,0.8508975251030763,Surv-GAN
0.051601230651491026,0.7037974683544305,0.08943269331976074,0.9988929831191736,0.2113399826441522,1.0,0.06645569620253164,0.8486609615558381,Surv-GAN
0.04994558324695408,0.7206751054852322,0.12402874923921264,0.9991441484001008,0.21743208157903404,1.0,0.07911392405063292,0.845581586607742,Surv-GAN
0.04925693225354251,0.720464135021097,0.0892510817349835,0.9985953640715545,0.23371574570727743,1.0,0.05063291139240506,0.8421210908561862,Surv-GAN
0.051275366737588896,0.7145569620253164,0.08880688379019276,0.9988418052406148,0.22518669189367835,1.0,0.07278481012658228,0.8563320450420673,Surv-GAN
0.04835668753286498,0.7240506329113924,0.1301273920403516,0.9989417989417989,0.19614766441630654,1.0,0.06645569620253164,0.8500568439489085,Surv-GAN
0.05119083923617727,0.7099156118143459,0.1196720461026597,0.9987725182665658,0.1876099469774001,1.0,0.056962025316455694,0.840657225122315,Surv-GAN
0.05093765798848624,0.7116033755274261,0.09658113882915653,0.9962372448979592,0.21848450049310109,1.0,0.08227848101265822,0.8574399431535125,Surv-GAN
0.051116508268380954,0.7149789029535865,0.1042685634970987,0.9991433610481231,0.24314982968404272,1.0,0.060126582278481014,0.8506366824573168,Surv-GAN
0.04981474810047508,0.7177215189873417,0.11067572630351602,0.9987945641219451,0.1882772258657305,1.0,0.06329113924050633,0.8454666639275793,Surv-GAN
0.04972657006283792,0.7191983122362869,0.10476354676301758,0.99899218946838,0.20857914522619006,1.0,0.06329113924050633,0.8551570879458485,Surv-GAN
0.04867717194468893,0.7217299578059072,0.09529921355960908,0.996329365079365,0.19114234903527613,1.0,0.0759493670886076,0.8520955001111832,Surv-GAN
0.05101613553640914,0.7126582278481012,0.10628078558657289,0.9991961136306375,0.20461728640574825,1.0,0.06329113924050633,0.8471029735281873,Surv-GAN
0.049194813150935025,0.7221518987341772,0.0978610568488605,0.9976859725371628,0.20357868703882886,1.0,0.0759493670886076,0.8565603271985478,Surv-GAN
0.051033928761281495,0.7149789029535865,0.12292890973573391,0.9993480725623582,0.20348302194465734,2.0,0.0759493670886076,0.847038846876761,Surv-GAN
0.05136530666285509,0.7116033755274261,0.09823902155775156,0.9987402368354749,0.2020068511418223,1.0,0.06329113924050633,0.8425806493462354,Surv-GAN
0.05024833824060284,0.720042194092827,0.09208716949264992,0.9977969891660369,0.2084870902474748,1.0,0.06962025316455696,0.8497557604976574,Surv-GAN
0.051350161086316924,0.7135021097046415,0.11444739303080334,0.9990433673469388,0.23615770120473512,1.0,0.056962025316455694,0.8542227401180481,Surv-GAN
0.05061847103339389,0.7181434599156119,0.0995170892420028,0.9986394557823128,0.24255039142276322,4.0,0.0759493670886076,0.8405906999007045,Surv-GAN
0.05168464142414599,0.7113924050632912,0.0788443253600831,0.995119992441421,0.24248434834120905,1.0,0.04746835443037975,0.8608289784503074,Surv-GAN
0.04990340375672515,0.7166666666666667,0.1120600820931298,0.9986961451247165,0.1930232968405494,1.0,0.07278481012658228,0.8488981322391931,Surv-GAN
0.05063851023217159,0.7198312236286919,0.08632109515445084,0.9986489040060469,0.2033184639551464,1.0,0.06962025316455696,0.854517631978074,Surv-GAN
0.05159361012328753,0.7109704641350213,0.08751206230211726,0.9991433610481231,0.1969555207336615,1.0,0.060126582278481014,0.8611494619493366,Surv-GAN
0.05093444218250301,0.7137130801687763,0.09572714358145783,0.9987929894179896,0.20077042853708543,2.0,0.06329113924050633,0.8472725202936892,Surv-GAN
0.050031258532063555,0.7208860759493672,0.1048840413313327,0.9981276769967244,0.20633281968281134,1.0,0.06962025316455696,0.8586436261792355,Surv-GAN
0.05169410691223532,0.7116033755274263,0.09653211356150213,0.9995480599647266,0.20438773105999117,1.0,0.06645569620253164,0.8680761554457984,Surv-GAN
0.04920936527029108,0.7240506329113924,0.10624969144859962,0.9991441484001008,0.20331177365171554,1.0,0.07278481012658228,0.8397929273035719,Surv-GAN
0.05086063651141794,0.7151898734177214,0.11557764314345303,0.9982867220962459,0.23891439227179045,2.0,0.05063291139240506,0.8455910422801445,Surv-GAN
0.050384666608656606,0.7164556962025317,0.11788220894308786,0.9990961199294531,0.19929977193792783,1.0,0.0759493670886076,0.8376959183562985,Surv-GAN
0.05087921614719993,0.7132911392405064,0.07684049595753992,0.9991449357520785,0.23459086733963977,1.0,0.056962025316455694,0.8480792103154169,Surv-GAN
0.05117758026163373,0.7124472573839662,0.09151924260003798,0.999170131015369,0.20070174969812868,1.0,0.0759493670886076,0.8535475274729013,Surv-GAN
0.05041449420204422,0.7185654008438819,0.09448489303611331,0.9991433610481231,0.3080398154886706,1.0,0.07911392405063292,0.8514867157937699,Surv-GAN
0.05191865346779245,0.7118143459915611,0.10383101785680017,0.9985402494331066,0.20371102280878528,1.0,0.060126582278481014,0.8491408864678677,Surv-GAN
0.049518083446519465,0.7170886075949368,0.11528544213929169,0.99753480095742,0.19344105820126198,1.0,0.0759493670886076,0.8516536003725818,Surv-GAN
0.05122065219782943,0.7139240506329114,0.08770942037063534,0.997841868228773,0.204713565347718,1.0,0.06645569620253164,0.8468484046483481,Surv-GAN
0.050937265239067345,0.7128691983122363,0.08899949857988448,0.9992472915091962,0.22199673125240563,1.0,0.0759493670886076,0.8494231968911766,Surv-GAN
0.050225552497618925,0.7177215189873417,0.08937971610398782,0.9989953388762913,0.20672381505077334,1.0,0.08227848101265822,0.8445491220158745,Surv-GAN
0.05077190533195486,0.7122362869198313,0.09386718972777079,0.9967065066767447,0.19783985854007807,1.0,0.06329113924050633,0.8557188622510731,Surv-GAN
0.051613227849607604,0.7082278481012658,0.11214714253116369,0.9986410304862687,0.19723167515666293,2.0,0.060126582278481014,0.8436952205685957,Surv-GAN
0.050153411840830726,0.7166666666666667,0.11278926366521043,0.998547335600907,0.20980279941707033,1.0,0.06329113924050633,0.8479105339918026,Surv-GAN
0.04925968266512149,0.7240506329113924,0.11959376794259174,0.9988189720332578,0.21146347185336764,1.0,0.06645569620253164,0.8568972595126442,Surv-GAN
0.05136151608953695,0.7132911392405064,0.08376084464972128,0.9974946460065507,0.1993894866740436,1.0,0.056962025316455694,0.8501703846029081,Surv-GAN
0.051894906371049515,0.7109704641350211,0.08892095894673831,0.9984426177878557,0.20140809674208943,1.0,0.06645569620253164,0.8532522067464403,Surv-GAN
0.0508806455071326,0.7118143459915612,0.10446673727648978,0.9989433736457546,0.2247342265120863,1.0,0.04430379746835443,0.8572761344912665,Surv-GAN
0.052865916214151744,0.7056962025316456,0.09869488515442996,0.9979875283446711,0.20424417464233766,1.0,0.08860759493670886,0.8488832499389427,Surv-GAN
0.05158673951097018,0.7130801687763714,0.10251618618034397,0.9984449798437893,0.23149149528689084,1.0,0.060126582278481014,0.8599979658134967,Surv-GAN
0.0504532081964791,0.7158227848101266,0.11872677503574247,0.9986678004535147,0.23656003127351002,1.0,0.060126582278481014,0.8593980773437284,Surv-GAN
0.05195721400696262,0.7084388185654008,0.08065990037392094,0.9988709372637944,0.2367498188662275,1.0,0.05379746835443038,0.8497575443904839,Surv-GAN
0.050691615612731104,0.7120253164556962,0.12748947537894875,0.9995480599647266,0.21287231422037714,1.0,0.060126582278481014,0.8384429417836218,Surv-GAN
0.050055624067185014,0.7202531645569621,0.10979576430553352,0.9984378936759889,0.22458698915462547,1.0,0.060126582278481014,0.8577202059984115,Surv-GAN
0.05140666526209779,0.7139240506329114,0.08163317092220691,0.9989685689090451,0.1996469246056206,1.0,0.06645569620253164,0.8452096391130439,Surv-GAN
0.05148406313569517,0.709493670886076,0.11158694071300258,0.9985945767195767,0.21147741944378287,1.0,0.07278481012658228,0.8452147066492888,Surv-GAN
0.05141888716286817,0.7109704641350212,0.08697436200792887,0.9986024502393551,0.224584590476536,1.0,0.060126582278481014,0.8467045471284258,Surv-GAN
0.050656592760793887,0.7175105485232067,0.08795322668060922,0.9981520849080372,0.19788759943026943,1.0,0.07278481012658228,0.8407277810601118,Surv-GAN
0.05008568113475467,0.7147679324894515,0.10534937716072339,0.9992441421012849,0.20923297146094655,1.0,0.07278481012658228,0.8492574817230747,Surv-GAN
0.05269328881756257,0.7050632911392405,0.07981004908522508,0.9976584152179392,0.2224039107582378,4.0,0.05379746835443038,0.8459302025045731,Surv-GAN
0.05079146441661548,0.7132911392405064,0.08543640214661594,0.9990961199294534,0.19073209075954503,1.0,0.06645569620253164,0.8424801407761684,Surv-GAN
0.051072072133830713,0.7143459915611814,0.11219246401338062,0.9977017195767196,0.1877670636614247,1.0,0.06329113924050633,0.8548075590971866,Surv-GAN
0.05110861305509616,0.7105485232067511,0.09070448828199906,0.998447341899723,0.1896599719431834,1.0,0.07278481012658228,0.8564899936079028,Surv-GAN
0.0517177149567275,0.7116033755274261,0.10610934045785647,0.9992449294532626,0.19677919274102731,1.0,0.06962025316455696,0.8240477980764993,Surv-GAN
0.049309145712135426,0.7229957805907172,0.07440089368415363,0.9984701751070798,0.23995602223115786,4.0,0.06962025316455696,0.8465636793481837,Surv-GAN
0.051251581875244576,0.7103375527426162,0.10835247355056454,0.9989425862937769,0.20414637477991632,1.0,0.06329113924050633,0.8427328235195343,Surv-GAN
0.05074379214247878,0.719831223628692,0.08203871576757243,0.998891408415218,0.2189545871608429,1.0,0.060126582278481014,0.8669731298624542,Surv-GAN
0.05113074551831463,0.7166666666666668,0.08740910334080872,0.9982402683295539,0.20069881549926627,1.0,0.06329113924050633,0.8635990118051845,Surv-GAN
0.052157215258763295,0.7082278481012659,0.10905544201331382,0.9993449231544471,0.216878925388064,1.0,0.06329113924050633,0.8505471571950051,Surv-GAN
0.050368306017407376,0.7156118143459914,0.11560765523597334,0.9989425862937769,0.3008959160383555,1.0,0.07278481012658228,0.8370534279701257,Surv-GAN
0.0506153692600729,0.7162447257383966,0.0915276896326491,0.99904651675485,0.1994285686930648,1.0,0.06329113924050633,0.8468561675859806,Surv-GAN
0.05060325744647366,0.7179324894514766,0.09301793196495228,0.9983024691358026,0.2356127656062652,1.0,0.07278481012658228,0.8521545196409198,Surv-GAN
0.04960685380554849,0.7170886075949366,0.10292678569661522,0.998492220962459,0.21544629955442166,1.0,0.06645569620253164,0.847330281618418,Surv-GAN
0.050019732666747606,0.7179324894514767,0.08683626491501016,0.998341049382716,0.17750914024865844,1.0,0.0759493670886076,0.8512471640913777,Surv-GAN
0.051196513738509634,0.7145569620253165,0.06769195047643936,0.9992220962459057,0.20260961720640683,1.0,0.06329113924050633,0.8507360864636287,Surv-GAN
0.05087552869560954,0.7107594936708862,0.08823759894352985,0.9990961199294534,0.20256985648555945,1.0,0.06962025316455696,0.8448678805859361,Surv-GAN
0.04948186185126146,0.7200421940928269,0.0840887132053124,0.9980371315192744,0.1932663182938599,1.0,0.060126582278481014,0.8382008364982794,Surv-GAN
0.0504572609483473,0.7158227848101266,0.0999358976928508,0.9986945704207608,0.20203167938940683,1.0,0.06962025316455696,0.8463814223774659,Surv-GAN
0.05072194670865774,0.7145569620253165,0.10563072005187533,0.9979418619299573,0.1939338435526041,1.0,0.07911392405063292,0.8446700249440633,Surv-GAN
0.04944415572414863,0.719620253164557,0.12417864265456939,0.9989937641723357,0.1862681763053291,1.0,0.06329113924050633,0.8434133724217554,Surv-GAN
0.050153374901870974,0.718776371308017,0.1121129968584787,0.9976316452506928,0.21681168744232698,1.0,0.08227848101265822,0.8511858922624939,Surv-GAN
0.051340356929429905,0.7116033755274263,0.08471111772273512,0.9990961199294534,0.20630924951977583,1.0,0.08227848101265822,0.8596817031962756,Surv-GAN
0.05067072965965675,0.7164556962025317,0.07930138097326614,0.9991969009826154,0.19250029194558704,1.0,0.07278481012658228,0.8494580569137391,Surv-GAN
0.05112617400620621,0.7130801687763714,0.09268281204267875,0.999193751574704,0.3153302327286133,1.0,0.06645569620253164,0.836381670291202,Surv-GAN
0.05022660732860019,0.7206751054852322,0.08691847772903666,0.9988780234315948,0.21636983532012063,4.0,0.06329113924050633,0.8503405749750117,Surv-GAN
0.05036752292947066,0.7179324894514768,0.11148323067289223,0.9992457168052408,0.23339723647049618,1.0,0.06329113924050633,0.853848810068007,Surv-GAN
0.04984143110181184,0.7162447257383967,0.12046828167045784,0.9979355631141346,0.21781665123553787,1.0,0.060126582278481014,0.8458409161628303,Surv-GAN
0.04952584958568424,0.7177215189873417,0.11191081055656563,0.9993976757369616,0.20164328244383234,1.0,0.06329113924050633,0.847236146841194,Surv-GAN
0.049539758444633805,0.7168776371308017,0.12321541437906879,0.9985638699924413,0.1968573568616425,1.0,0.05063291139240506,0.8256836191632221,Surv-GAN
0.05052838606581696,0.7126582278481013,0.09231199680597221,0.997759196271101,0.20521440089465,1.0,0.07278481012658228,0.8412925578286042,Surv-GAN
0.05083312169769274,0.7147679324894515,0.08134247947884035,0.9990441546989167,0.2389129776751751,1.0,0.056962025316455694,0.8493993151866063,Surv-GAN
0.050252172448839304,0.7168776371308018,0.0865648760478461,0.9981906651549508,0.21970549006747872,1.0,0.056962025316455694,0.851610625646685,Surv-GAN
0.05102069345288259,0.7109704641350211,0.10524136353850369,0.9994968820861679,0.19284176739316325,1.0,0.06329113924050633,0.8506517710236906,Surv-GAN
0.051800998042285676,0.7084388185654009,0.07918478514800827,0.9991976883345931,0.2218180021317209,1.0,0.05379746835443038,0.8598797514145334,Surv-GAN
0.05016197989790861,0.7191983122362869,0.09225574911758924,0.9988473167044596,0.1838162995761683,1.0,0.060126582278481014,0.8538397093328131,Surv-GAN
0.050852740063925116,0.7156118143459916,0.08598172935296132,0.9989984882842025,0.21216159620971894,1.0,0.06329113924050633,0.8364680250577039,Surv-GAN
0.05180736584103631,0.7080168776371308,0.0878566152089051,0.9993496472663139,0.2203635619120729,1.0,0.07278481012658228,0.8539557423233304,Surv-GAN
0.05091055613898409,0.7158227848101267,0.07581056800727522,0.9986496913580247,0.20085942777993876,1.0,0.06962025316455696,0.8536849565387705,Surv-GAN
0.04915851991030086,0.7236286919831224,0.09124995104072138,0.9987654320987656,0.2242399198761765,1.0,0.06962025316455696,0.8472578747941696,Surv-GAN
0.05015517954034888,0.7179324894514768,0.0938622350423026,0.9960955215419501,0.17122563664539892,1.0,0.0759493670886076,0.8431293780769652,Surv-GAN
0.04960506262261624,0.7196202531645569,0.11238842978337091,0.9989977009322247,0.23604065553161072,1.0,0.07911392405063292,0.8597765492429285,Surv-GAN
0.0494848774016662,0.7225738396624471,0.1127026098421348,0.9991449357520785,0.18314897169748426,1.0,0.05379746835443038,0.8522504621966094,Surv-GAN
0.050991251983535935,0.7118143459915611,0.10744782997734813,0.9970883723859915,0.20529650383787107,1.0,0.06645569620253164,0.8570105381274753,Surv-GAN
0.051851681288694204,0.7135021097046415,0.10152180475032113,0.9987465356512976,0.22172452001289253,1.0,0.060126582278481014,0.8386792866066684,Surv-GAN
0.051292151635084014,0.7147679324894515,0.07026310554502699,0.9992961073318216,0.22044501024412697,1.0,0.06329113924050633,0.8505894193840429,Surv-GAN
0.04976231333270995,0.7175105485232068,0.09093603660749575,0.9981505102040817,0.2124955116539685,1.0,0.056962025316455694,0.864095431746235,Surv-GAN
0.05035593291747071,0.7185654008438819,0.07601318698257378,0.9988929831191736,0.20059596659931303,1.0,0.06962025316455696,0.843764703377024,Surv-GAN
0.04956328706448606,0.7177215189873418,0.13096794975791837,0.9990228961955152,0.23804041504830126,1.0,0.056962025316455694,0.8487180651501364,Surv-GAN
0.05107821876507479,0.7170886075949366,0.08513376019486153,0.997544249181154,0.1942987255498927,1.0,0.08227848101265822,0.8516210219867064,Surv-GAN
0.05062753065972713,0.7156118143459914,0.11567299739858242,0.9991945389266818,0.18562759888646113,1.0,0.056962025316455694,0.8418620127820856,Surv-GAN
0.05075217517277156,0.7175105485232066,0.08487180156908876,0.9994464915595869,0.20058778476389444,1.0,0.06329113924050633,0.85065425316754,Surv-GAN
0.05165562197225012,0.7118143459915612,0.07596335195761364,0.9981072058453011,0.22862826171499442,1.0,0.06329113924050633,0.8501091462346791,Surv-GAN
0.04996993980999527,0.7213080168776371,0.10110133856654831,0.9992961073318216,0.19188403226118528,1.0,0.06329113924050633,0.8462184473582485,Surv-GAN
0.05027248749429987,0.7227848101265822,0.1045281006902947,0.997960758377425,0.24401324144927994,2.0,0.05063291139240506,0.8482954998575842,Surv-GAN
0.05127834396001958,0.7105485232067512,0.07565715666004624,0.9987969261778786,0.17844148045884126,1.0,0.07911392405063292,0.8414149339662275,Surv-GAN
0.04893826908471232,0.7232067510548522,0.11704766305998268,0.9981032690854119,0.20381610194394886,1.0,0.07278481012658228,0.8495429176143842,Surv-GAN
0.04923245462220307,0.7251054852320675,0.07124450022701823,0.9977725812547241,0.34380346887424007,1.0,0.06962025316455696,0.8409561947807155,Surv-GAN
0.05055724328628352,0.7158227848101266,0.11608281128425094,0.9992945326278659,0.23255410983525954,1.0,0.06962025316455696,0.8426589635136184,Surv-GAN
0.05094087731395695,0.7126582278481012,0.09115370947878708,0.999523258377425,0.19427661937646853,1.0,0.06645569620253164,0.8560973105652243,Surv-GAN
0.04992100853544661,0.7217299578059072,0.07417318047688184,0.9986701625094483,0.21674119256848096,1.0,0.07278481012658228,0.8474778817648454,Surv-GAN
0.05049610279710219,0.7162447257383966,0.09519412761550085,0.9983969513731419,0.20181653813347175,2.0,0.07911392405063292,0.8518117408182273,Surv-GAN
0.050819850275912556,0.7147679324894515,0.09567874710970715,0.9988473167044596,0.18870151242762473,1.0,0.06962025316455696,0.8460612166178687,Surv-GAN
0.05002803178184291,0.7236286919831223,0.07510836484361019,0.9970064877802972,0.2443473064420026,1.0,0.06962025316455696,0.854196368054519,Surv-GAN
0.010096815453123565,0.9453586497890295,0.08129332126746135,0.8854489480977576,0.10618280504597162,1.0,0.3829113924050633,0.7789218579640532,Surv-VAE
0.011349375336505289,0.9369198312236287,0.08115443120974035,0.8888274754346183,0.12300142767288091,2.0,0.3670886075949367,0.791660373942967,Surv-VAE
0.012009431434013526,0.9348101265822784,0.09019100988330388,0.872305681531872,0.1065280709044231,6.0,0.3987341772151899,0.7950044390610491,Surv-VAE
0.012674187165476625,0.9329113924050633,0.09148696131629054,0.8918611426051903,0.09736738355126179,1.0,0.3227848101265823,0.7934935588916054,Surv-VAE
0.01200186065896287,0.9352320675105484,0.08432699684060256,0.8971340388007054,0.11210768743344603,1.0,0.31962025316455694,0.7863877079616808,Surv-VAE
0.012030722855743031,0.9316455696202531,0.09379704685478839,0.8742591017888637,0.18046127015684654,1.0,0.37341772151898733,0.7728399422233889,Surv-VAE
0.01174588714141553,0.9354430379746835,0.09770105145500389,0.8707420005039053,0.1047959054511978,1.0,0.33544303797468356,0.7878732037964563,Surv-VAE
0.011885024304167794,0.9352320675105487,0.09179551254845843,0.8903494268077601,0.14715420559600922,1.0,0.34177215189873417,0.7990600210390898,Surv-VAE
0.012355352356307811,0.9301687763713081,0.08711490070744486,0.8708569538926682,0.10453724017898804,1.0,0.3987341772151899,0.7800165344489094,Surv-VAE
0.013107797973138668,0.929535864978903,0.09419121572851144,0.8967954774502394,0.10718518991279914,1.0,0.34810126582278483,0.7713381535149096,Surv-VAE
0.011023923376593732,0.939873417721519,0.09458267977182123,0.8900691295036534,0.10277813132160642,1.0,0.37341772151898733,0.7692081680649213,Surv-VAE
0.012264955787433982,0.9341772151898735,0.09688001754927221,0.9010408793146889,0.1625844647570353,1.0,0.34177215189873417,0.7745535390070036,Surv-VAE
0.012646503086677734,0.9331223628691984,0.09032611559746498,0.8854394998740236,0.1528779281173708,1.0,0.3575949367088608,0.7941982309501946,Surv-VAE
0.011460905834969278,0.9394514767932489,0.07610677028978487,0.8974749622071052,0.14649647208475242,1.0,0.37658227848101267,0.782372561789778,Surv-VAE
0.011668993707910897,0.9373417721518987,0.09032285213989608,0.8740315570672713,0.109065850890043,1.0,0.37341772151898733,0.779422453680082,Surv-VAE
0.011675257306514598,0.9377637130801688,0.09027698402756909,0.8876897518266567,0.10553924129757195,1.0,0.3670886075949367,0.7696195386951604,Surv-VAE
0.013057036611740153,0.9291139240506328,0.0923818894140143,0.8848891408415218,0.10758847688820415,1.0,0.31962025316455694,0.7919814328696729,Surv-VAE
0.012244286689153023,0.9312236286919832,0.10182115426956985,0.890221875787352,0.09879968112335986,2.0,0.3639240506329114,0.7842078047748562,Surv-VAE
0.012962678356449433,0.9257383966244727,0.0950799106657316,0.9016691861929956,0.11627184009279672,1.0,0.35443037974683544,0.7930676234134231,Surv-VAE
0.011248851364115936,0.9377637130801688,0.09624289880662648,0.8694901108591585,0.10415059880176925,1.0,0.35443037974683544,0.7895380161859165,Surv-VAE
0.011997834785504119,0.9364978902953587,0.08017934873560988,0.9073278848576468,0.15934353540156349,1.0,0.379746835443038,0.7819739697649086,Surv-VAE
0.011470289201061364,0.9358649789029537,0.08802764255237086,0.8657438901486522,0.09141006577285765,1.0,0.379746835443038,0.784052595942114,Surv-VAE
0.013609525723756963,0.9234177215189874,0.09238445539121809,0.8860189909297054,0.12997921046656688,1.0,0.31645569620253167,0.7826356056573651,Surv-VAE
0.0132068407460866,0.9259493670886076,0.08621512983562034,0.8731875157470397,0.11989968786129118,1.0,0.34810126582278483,0.7734380156766166,Surv-VAE
0.012823666691303559,0.9324894514767934,0.08767424341025742,0.8750212585034015,0.12387890041984648,1.0,0.4177215189873418,0.787882831141919,Surv-VAE
0.013845379392764643,0.9248945147679326,0.09399807306993005,0.8944885361552029,0.1056126603753529,1.0,0.3512658227848101,0.7818688868171823,Surv-VAE
0.014364405322160653,0.9215189873417721,0.09657109343253234,0.9121669501133788,0.11672496974209261,1.0,0.35443037974683544,0.7800041065253737,Surv-VAE
0.012290276310266296,0.9369198312236285,0.0886844755669468,0.8802988788107836,0.12534989180727668,1.0,0.37341772151898733,0.777661845626801,Surv-VAE
0.01246278689588543,0.9310126582278481,0.08711370455894846,0.8926107016880825,0.12621058126151977,1.0,0.3670886075949367,0.7821482018425473,Surv-VAE
0.010882348346286519,0.9373417721518986,0.09193694032422779,0.8916839884101788,0.10403668247518501,1.0,0.38924050632911394,0.7805528082364555,Surv-VAE
0.013071406018484376,0.9310126582278481,0.07958753354323793,0.8906108276643991,0.09700441118892558,1.0,0.3829113924050633,0.7783915675990639,Surv-VAE
0.012655844961684377,0.9301687763713081,0.09522120281018595,0.8987614953388764,0.10215090955925886,1.0,0.34810126582278483,0.760833108299887,Surv-VAE
0.010676513273555519,0.9415611814345992,0.08495250020926581,0.8664784895439656,0.11857401683083689,1.0,0.3860759493670886,0.7750374540947397,Surv-VAE
0.013694412408932046,0.9270042194092825,0.08711360713334539,0.8971978143109094,0.12461289347786689,1.0,0.34177215189873417,0.786768635389184,Surv-VAE
0.014191464250069527,0.9263713080168776,0.09165443273035408,0.9046752960443436,0.11902139621465616,1.0,0.370253164556962,0.7669129684941558,Surv-VAE
0.013097028663839641,0.9265822784810126,0.08979829950798357,0.8912792894935752,0.11488614329924923,1.0,0.37341772151898733,0.7994094508952793,Surv-VAE
0.01394187834332677,0.9265822784810126,0.08637738398981887,0.8962671642731166,0.11225775274364412,1.0,0.370253164556962,0.7828589829808884,Surv-VAE
0.011017471590293983,0.940717299578059,0.08731395621248805,0.8737221277399849,0.15635578835655975,1.0,0.370253164556962,0.770631175940635,Surv-VAE
0.011524928608561451,0.9377637130801688,0.09775470908034815,0.881836577223482,0.10614034180271625,1.0,0.35443037974683544,0.7689196663484653,Surv-VAE
0.012338331714910365,0.9364978902953588,0.08677514859895039,0.8822428508440414,0.10848149509792239,1.0,0.39556962025316456,0.7997469939432023,Surv-VAE
0.01224359863727942,0.9337552742616035,0.08815345568985068,0.8939988032249937,0.1289219337875529,2.0,0.34810126582278483,0.784274823171608,Surv-VAE
0.011004368753977273,0.9432489451476794,0.0752997098747685,0.8844844419249182,0.09894861289080308,2.0,0.35443037974683544,0.7859876262941929,Surv-VAE
0.012064732849053047,0.9337552742616033,0.08445963844943082,0.8897069475938523,0.10298506368252305,1.0,0.379746835443038,0.7974909047962175,Surv-VAE
0.011997420042283463,0.9348101265822784,0.08804079747207953,0.8884133282942808,0.10403692441121565,1.0,0.35443037974683544,0.7792294804166051,Surv-VAE
0.012036204489640889,0.9343881856540084,0.08712866492876417,0.8894258629377678,0.14315675272394615,1.0,0.33544303797468356,0.7726379610169978,Surv-VAE
0.012757887590282456,0.9284810126582279,0.09061822918346871,0.8749000062988157,0.09711174117494531,2.0,0.35443037974683544,0.7939568607406089,Surv-VAE
0.011037770770075391,0.9337552742616034,0.09063346171946024,0.8957813681027966,0.11093680225602993,1.0,0.36075949367088606,0.7845031917073136,Surv-VAE
0.012658747103615262,0.931012658227848,0.08790090192286393,0.895220773494583,0.1505434427742064,1.0,0.379746835443038,0.8003622604123024,Surv-VAE
0.011549785576681888,0.9386075949367089,0.08645447539110211,0.8825853489543967,0.11096708963154417,1.0,0.35443037974683544,0.7896305266561107,Surv-VAE
0.013101085937944245,0.9308016877637132,0.09581024173155088,0.8789021164021165,0.11137947619306353,1.0,0.3829113924050633,0.7922021507792383,Surv-VAE
0.013323515423125756,0.9310126582278481,0.08431754694934425,0.901186539430587,0.11667598971321318,1.0,0.379746835443038,0.779252623275182,Surv-VAE
0.011361349568159047,0.9360759493670887,0.08614692052970839,0.8723544973544973,0.12028342398851129,1.0,0.3670886075949367,0.7969517859834809,Surv-VAE
0.011899276420031035,0.9352320675105487,0.09709340652877116,0.8965797430083144,0.12089006412400813,1.0,0.3639240506329114,0.7890271504269877,Surv-VAE
0.012437059555386596,0.9291139240506329,0.08719231846006806,0.8900974741748552,0.12065258552738717,1.0,0.3670886075949367,0.7857185029736274,Surv-VAE
0.011214244570490636,0.9375527426160338,0.0845506661750565,0.8667871315192743,0.10977385930224542,1.0,0.3860759493670886,0.8025921555789884,Surv-VAE
0.011587656323071006,0.939240506329114,0.087531671446229,0.8969631834215168,0.10864978297244378,2.0,0.36075949367088606,0.7882796206522339,Surv-VAE
0.011190944354435173,0.9360759493670886,0.09610309325301138,0.8749377991937516,0.1240224630960396,1.0,0.3259493670886076,0.7635006257504388,Surv-VAE
0.01172546301248185,0.9392405063291138,0.08856376282307493,0.8743039808515999,0.11844409558315228,1.0,0.34177215189873417,0.7911489444979349,Surv-VAE
0.010142236360540445,0.9447257383966245,0.0892675803416677,0.867402840765936,0.09107387940009253,1.0,0.37341772151898733,0.8004709905793748,Surv-VAE
0.01158197964800017,0.9375527426160338,0.09244136541906106,0.8937177185689091,0.09877900191059212,1.0,0.370253164556962,0.7858649052547615,Surv-VAE
0.014205337575304974,0.9240506329113924,0.09202135944305133,0.8982284580498867,0.10920956594647716,1.0,0.36075949367088606,0.7796810963028105,Surv-VAE
0.011872107333056936,0.9333333333333333,0.08505592156550316,0.8649919690098262,0.10174216780368343,1.0,0.3449367088607595,0.787083294308757,Surv-VAE
0.011366059135104373,0.9367088607594938,0.0909411099833724,0.8762077979339884,0.13064444802917938,1.0,0.3449367088607595,0.7801264369399343,Surv-VAE
0.012367124858106445,0.9348101265822782,0.08955526873403045,0.8980276832955404,0.15713603978834761,2.0,0.34177215189873417,0.7778924993533562,Surv-VAE
0.011475326325792035,0.9373417721518986,0.08197351387365724,0.89373189090451,0.18542267695825354,1.0,0.3670886075949367,0.7807590298925671,Surv-VAE
0.012849615086824223,0.931223628691983,0.08923008982501753,0.9012613378684806,0.09758063995201116,1.0,0.3575949367088608,0.7761306045375611,Surv-VAE
0.013321791821148989,0.9284810126582278,0.08592673338952654,0.9002157344419249,0.12004448155272997,1.0,0.35443037974683544,0.7864963458417897,Surv-VAE
0.010439547558115147,0.9430379746835443,0.08712586777838771,0.89782848324515,0.10527877921020865,1.0,0.31962025316455694,0.7924371021818826,Surv-VAE
0.011050873712535962,0.9394514767932488,0.08666273131818678,0.8812468505920886,0.1125508375996741,1.0,0.370253164556962,0.7650627053300461,Surv-VAE
0.011806613488832548,0.9350210970464136,0.09007052067176137,0.8762888951877047,0.10928437055253946,1.0,0.3322784810126582,0.7831466659284868,Surv-VAE
0.011838450365992431,0.9318565400843881,0.08826036999232055,0.8753535210380446,0.15278016518435777,1.0,0.3670886075949367,0.78517822106728,Surv-VAE
0.011476909439014053,0.9350210970464136,0.09427132051593064,0.8883101851851853,0.11766549390217014,1.0,0.3259493670886076,0.7975494653731755,Surv-VAE
0.012032856258852547,0.9348101265822784,0.08590188839377187,0.8776313303099016,0.10805637954107213,1.0,0.3924050632911392,0.7796838761909427,Surv-VAE
0.013610968971383836,0.9278481012658228,0.09472284819467422,0.8664517195767196,0.10670830429709986,1.0,0.36075949367088606,0.78798293235664,Surv-VAE
0.012536505168949923,0.9339662447257384,0.08723754869672072,0.8781415343915343,0.11019669487027892,2.0,0.41139240506329117,0.7856999976943548,Surv-VAE
0.010937305112724628,0.9398734177215189,0.08565840935297966,0.8999889770723104,0.09269447073392836,2.0,0.3639240506329114,0.7831767495292087,Surv-VAE
0.012183622372443536,0.9367088607594936,0.08959922361320954,0.8915005353993448,0.10246067144963737,2.0,0.3449367088607595,0.7875901326699202,Surv-VAE
0.011548481661106676,0.9369198312236285,0.09087795189694133,0.8905746094734189,0.10672554119661042,1.0,0.40189873417721517,0.7897282944690671,Surv-VAE
0.012162166735446229,0.9364978902953587,0.09023063388786896,0.8799485071806501,0.09717861672966523,1.0,0.35443037974683544,0.7928566389488959,Surv-VAE
0.011389123179647936,0.9381856540084388,0.08785983524927068,0.879851662887377,0.09557935467573761,1.0,0.379746835443038,0.7853105013226963,Surv-VAE
0.012175575085665974,0.9352320675105487,0.0954949312585815,0.891587144116906,0.0966670842186874,1.0,0.34177215189873417,0.7813188390325388,Surv-VAE
0.012900916919977313,0.9295358649789028,0.08673438627913484,0.8896313618039808,0.10468362364331059,1.0,0.34810126582278483,0.7857700512575988,Surv-VAE
0.012168101997323396,0.9345991561181434,0.09153003009680338,0.8744622385991434,0.10283877527402412,1.0,0.3449367088607595,0.7796806082888622,Surv-VAE
0.011874594504434644,0.9356540084388186,0.0871701919552658,0.8801831380700428,0.10717470010081549,2.0,0.36075949367088606,0.7908435136230428,Surv-VAE
0.010260434445043322,0.9438818565400845,0.08841413029749025,0.9008621504157217,0.11448373540490041,1.0,0.3512658227848101,0.7845725950231602,Surv-VAE
0.011164956349454356,0.939451476793249,0.07830526498428521,0.8772691484001008,0.10780046488942871,1.0,0.36075949367088606,0.7830479000132693,Surv-VAE
0.011516197045904892,0.938607594936709,0.07498494624892625,0.8775722789115645,0.10440085435385549,2.0,0.3829113924050633,0.7765028362231554,Surv-VAE
0.011468593714473748,0.9377637130801688,0.08964971559612528,0.880466584782061,0.10628126781551969,1.0,0.3670886075949367,0.7858671392047086,Surv-VAE
0.011111198027413668,0.9388185654008439,0.08019562705345752,0.8918824011085915,0.1072994469437005,1.0,0.34177215189873417,0.7879209089429365,Surv-VAE
0.010759937973628255,0.9398734177215189,0.09184489885406438,0.8810822940287224,0.1165860532327799,2.0,0.35443037974683544,0.776334011518108,Surv-VAE
0.010370524795354165,0.9436708860759495,0.07426566375959599,0.8697515117157973,0.10958362651794497,3.0,0.37658227848101267,0.7771453716497004,Surv-VAE
0.011085889978971352,0.9390295358649791,0.09221216508513871,0.8818011463844797,0.10328703606467714,1.0,0.38924050632911394,0.7784285160139143,Surv-VAE
0.0117192446960106,0.9360759493670886,0.08222273604521,0.9112985008818342,0.17589438023639742,1.0,0.3670886075949367,0.7980825086404958,Surv-VAE
0.011477189580745733,0.9356540084388185,0.0949641770318207,0.8784808830939783,0.12558212334535357,2.0,0.379746835443038,0.7743948596347637,Surv-VAE
0.01274750539953161,0.9291139240506329,0.07602290400516945,0.8618283887629126,0.11200949073151387,1.0,0.3575949367088608,0.7787294028458926,Surv-VAE
0.010986588605004562,0.939029535864979,0.093584761940458,0.8719057067271354,0.10225125640268788,1.0,0.3575949367088608,0.7909208123140737,Surv-VAE
0.012921863514361727,0.9322784810126582,0.09200885238767123,0.8779383975812547,0.1060820939835579,1.0,0.36075949367088606,0.7770765083424891,Surv-VAE
0.012611696099326076,0.9339662447257384,0.09314196350149273,0.8836262282690853,0.10039738265627413,2.0,0.35443037974683544,0.7723773690587499,Surv-VAE
0.01218754583430568,0.9318565400843883,0.08961123776292623,0.8888266880826403,0.09633243625278372,1.0,0.36075949367088606,0.7623042896002883,Surv-VAE
0.011111993062782812,0.9400843881856541,0.08942128881848062,0.8809090765936005,0.09612358326374602,1.0,0.3512658227848101,0.7831199351974555,Surv-VAE
0.011175175623710887,0.9335443037974683,0.08652067186488463,0.869372795414462,0.09929732188802094,1.0,0.370253164556962,0.7794114107714901,Surv-VAE
0.011574797091024462,0.9362869198312237,0.08612045289591938,0.8797099395313681,0.11412325457724914,1.0,0.379746835443038,0.7978318551828407,Surv-VAE
0.011338970300984892,0.9388185654008439,0.09032593307436027,0.897397801713278,0.16027526338471684,1.0,0.35443037974683544,0.782172391059916,Surv-VAE
0.012639737346888676,0.9318565400843882,0.0899155193586528,0.8733630952380953,0.10061922282030382,1.0,0.3512658227848101,0.7769665839611121,Surv-VAE
0.013280270060830953,0.9327004219409283,0.0867162723015978,0.8905344545225496,0.10020197677910826,2.0,0.3860759493670886,0.7831095725607679,Surv-VAE
0.011617707082929977,0.9394514767932489,0.08908990340200354,0.8884952128999748,0.1055796310887657,2.0,0.3291139240506329,0.7729633486149314,Surv-VAE
0.012108812835065918,0.9350210970464132,0.07765607273792362,0.8932319223985891,0.10472891538044359,1.0,0.3291139240506329,0.7569866339095717,Surv-VAE
0.010900514522830059,0.940295358649789,0.09697175161464347,0.9012786596119928,0.1104522476093981,6.0,0.31645569620253167,0.7943449642456449,Surv-VAE
0.01254257251250393,0.9310126582278482,0.08567687133295127,0.9087144116906023,0.12206612217631914,1.0,0.3291139240506329,0.7717509467572822,Surv-VAE
0.012803424590863725,0.931645569620253,0.08984189260263906,0.9013550327538423,0.10858165597072508,1.0,0.35443037974683544,0.7815671780047576,Surv-VAE
0.01099391641570087,0.9394514767932488,0.0829926730899254,0.9049792139077854,0.11752124649110891,1.0,0.37658227848101267,0.7800035037349947,Surv-VAE
0.01158106162463329,0.9358649789029537,0.08463918301628767,0.8932925485008818,0.09558604697837701,1.0,0.34177215189873417,0.7758329435703032,Surv-VAE
0.013810724627448622,0.9270042194092827,0.09003944496527594,0.8777454963466867,0.09619245855461704,1.0,0.36075949367088606,0.7805836002146908,Surv-VAE
0.011789489473616221,0.9350210970464136,0.08725759984128557,0.8922138762912573,0.09864841692248973,1.0,0.370253164556962,0.767565993029135,Surv-VAE
0.012351176445971076,0.9352320675105485,0.09272534740454737,0.8761700050390526,0.10308600660298058,1.0,0.3670886075949367,0.791062209998977,Surv-VAE
0.01135918332803386,0.9373417721518986,0.09428697997136047,0.8807012156714537,0.10777278579430283,1.0,0.34177215189873417,0.782902349248943,Surv-VAE
0.012402973935894318,0.9350210970464136,0.0875799842071381,0.8915249433106578,0.13947052124641007,1.0,0.3449367088607595,0.786949007199273,Surv-VAE
0.013718848717477293,0.9274261603375529,0.09425525585842358,0.8929925673973292,0.10936339408069964,1.0,0.3575949367088608,0.7714358508916315,Surv-VAE
0.01286141910740739,0.9333333333333332,0.09192916700522634,0.9097686759889141,0.10924590992086963,1.0,0.33860759493670883,0.7814311906225287,Surv-VAE
0.011416338433636323,0.9369198312236287,0.08489957352542314,0.8697641093474427,0.1099918573475196,1.0,0.3322784810126582,0.771101414936406,Surv-VAE
0.012464263477019096,0.9341772151898734,0.09952251093916095,0.9012991307634165,0.17012629027730153,1.0,0.34810126582278483,0.790465355843091,Surv-VAE
0.011685581119825587,0.9367088607594937,0.07713867726408663,0.8891865079365079,0.13703179006061172,1.0,0.3575949367088608,0.7781388000785694,Surv-VAE
0.012971500433983079,0.9350210970464136,0.08245830100326859,0.8763227513227513,0.15974496885915132,1.0,0.370253164556962,0.7749465119558102,Surv-VAE
0.012179625455599046,0.9293248945147679,0.0872112687635992,0.8781265747039557,0.15384841131478352,2.0,0.3291139240506329,0.7785883402560391,Surv-VAE
0.01297293316025751,0.9305907172995781,0.08899298813541914,0.8775581065759637,0.12171531582887214,1.0,0.40822784810126583,0.7929998227166016,Surv-VAE
0.010975309188282852,0.9392405063291138,0.0893039290152475,0.8761479591836734,0.10011891118604632,1.0,0.3670886075949367,0.7779321562224917,Surv-VAE
0.013050357152482936,0.9303797468354431,0.09429459242061608,0.8885432413706222,0.1053691521884245,1.0,0.3449367088607595,0.7825495370177056,Surv-VAE
0.013468807744080777,0.9291139240506329,0.09245950753518754,0.8836640211640212,0.13001451679553552,1.0,0.37341772151898733,0.7905492692602725,Surv-VAE
0.012734898810307997,0.9341772151898733,0.09859446901164746,0.8821334089191233,0.11540895716720435,1.0,0.31645569620253167,0.770405659320669,Surv-VAE
0.012374259647753188,0.9341772151898734,0.08265804876632481,0.8501621945074325,0.09743823328204614,1.0,0.38924050632911394,0.7789668010493477,Surv-VAE
0.013393705892663973,0.9316455696202532,0.08400310955413517,0.8925799949609473,0.11323052233951174,1.0,0.3512658227848101,0.7863324251873153,Surv-VAE
0.01432776467068675,0.9240506329113924,0.09068080122864733,0.8822310405643738,0.10427762242657806,1.0,0.3575949367088608,0.7904047111028318,Surv-VAE
0.010218761914099353,0.940506329113924,0.09300935200991965,0.8854095804988663,0.12520417561157574,1.0,0.34177215189873417,0.7865929080865349,Surv-VAE
0.012497700560401103,0.9303797468354431,0.09275425009679633,0.8991953262786595,0.09929205645062922,1.0,0.379746835443038,0.7684328288772432,Surv-VAE
0.012484457894053207,0.9348101265822784,0.07855425103199834,0.8718883849836232,0.11923402172972075,1.0,0.3829113924050633,0.7726440375642629,Surv-VAE
0.014888136151418664,0.9238396624472573,0.08777206255915354,0.8869260204081633,0.13144043377729456,1.0,0.35443037974683544,0.7568415635322864,Surv-VAE
0.013406566234097134,0.9289029535864979,0.08531775254135551,0.8852796674225246,0.1249344405855496,1.0,0.3860759493670886,0.767450193401258,Surv-VAE
0.010957211197174022,0.939873417721519,0.09072182243451328,0.9060208805744521,0.1029810612434601,8.0,0.3670886075949367,0.7848432644242342,Surv-VAE
0.012057309138396265,0.9352320675105485,0.08261211768383978,0.8800012597631645,0.10123921082970823,1.0,0.37658227848101267,0.7811652807197963,Surv-VAE
0.0124055375489719,0.9358649789029536,0.08593097513123256,0.90875141723356,0.09531024950282345,2.0,0.3670886075949367,0.7659255212067912,Surv-VAE
0.013356033246723556,0.929535864978903,0.09380426765486935,0.8891069853867473,0.13003230770259025,1.0,0.31962025316455694,0.7696431568524345,Surv-VAE
0.011251049041918069,0.9352320675105485,0.082303778694741,0.886781147644243,0.09772784826951604,1.0,0.370253164556962,0.7776723234065345,Surv-VAE
0.01168585198191174,0.932067510548523,0.0914797536722516,0.8719238158226252,0.09567061583527571,1.0,0.3924050632911392,0.7828490848388359,Surv-VAE
0.012253074993260749,0.9324894514767934,0.09282485380968138,0.872795414462081,0.10981286093206437,2.0,0.3512658227848101,0.7687407625636551,Surv-VAE
0.011137382822611182,0.9407172995780592,0.08279612397560983,0.8854080057949106,0.11619464940883424,1.0,0.379746835443038,0.7837370702017009,Surv-VAE
0.012376803603260414,0.9305907172995781,0.09659441188905589,0.8829656399596877,0.10106872738746023,1.0,0.34810126582278483,0.7697467672223333,Surv-VAE
0.012744704464911254,0.9310126582278482,0.09785413588028943,0.8992835097001765,0.1130479324346526,1.0,0.3449367088607595,0.7782496671367723,Surv-VAE
0.012968787993431598,0.9310126582278482,0.08906289062893163,0.9052807697152936,0.11094114851083513,1.0,0.3670886075949367,0.7808538083972407,Surv-VAE
0.011015724404400538,0.9405063291139241,0.08163837492759742,0.8842757936507937,0.10590068784492125,1.0,0.3670886075949367,0.7811657730860153,Surv-VAE
0.01230902471799502,0.9348101265822784,0.08762251204688597,0.8969718442932729,0.11080949921644698,4.0,0.33544303797468356,0.7781611286087652,Surv-VAE
0.012754894708407311,0.9339662447257384,0.08984570753749094,0.885359977324263,0.13122834391313948,1.0,0.3322784810126582,0.7923756729909709,Surv-VAE
0.010909074961177852,0.9390295358649788,0.08662904606545825,0.8910037163013353,0.12481383655716087,1.0,0.34177215189873417,0.7852502184626093,Surv-VAE
0.012596562961707254,0.9331223628691983,0.09367395783552228,0.9074672461577225,0.10199403042573048,1.0,0.35443037974683544,0.7830113918999473,Surv-VAE
0.012410062723467704,0.9324894514767934,0.09930272754603699,0.8980694129503652,0.10892258613322467,5.0,0.3259493670886076,0.7705141141788737,Surv-VAE
0.011502260330543461,0.9371308016877636,0.0969501038666468,0.8797752897455278,0.09854072403126511,1.0,0.3259493670886076,0.7897677628369597,Surv-VAE
0.01171724579148259,0.9394514767932489,0.09320658963555634,0.8772022234819854,0.12920484436802132,1.0,0.37658227848101267,0.7731387222695475,Surv-VAE
0.013640390302920117,0.9284810126582279,0.0993050296302455,0.888118858654573,0.09427084798433129,1.0,0.3449367088607595,0.7816582480189475,Surv-VAE
0.01286493071174947,0.9318565400843882,0.08892829192787773,0.8899203199798438,0.10016155617621167,1.0,0.36075949367088606,0.7703482894825119,Surv-VAE
0.012050404462097621,0.9350210970464133,0.09526698044908244,0.9069688523557572,0.09546062165083848,2.0,0.37341772151898733,0.7796387748785788,Surv-VAE
0.0143137711009094,0.9263713080168778,0.084702749901829,0.8857969576719578,0.10136071719735176,1.0,0.34810126582278483,0.7632571588458531,Surv-VAE
0.012132272572258622,0.9343881856540084,0.08783520011757655,0.8777021919879063,0.11143346713470026,1.0,0.3291139240506329,0.7861131917638176,Surv-VAE
0.011945623952824624,0.9331223628691984,0.0932368920647018,0.886276455026455,0.10735037810724031,1.0,0.3449367088607595,0.7796809070280868,Surv-VAE
0.011450392147310638,0.9367088607594937,0.09024142118755933,0.9028596623834719,0.10333454547077517,1.0,0.3670886075949367,0.7875016886085072,Surv-VAE
0.013634246752502339,0.9301687763713081,0.08868799243261928,0.8940987969261778,0.09918799866795142,1.0,0.3575949367088608,0.7742100935147456,Surv-VAE
0.013696029783383351,0.9240506329113923,0.09137679933768561,0.8788162950365331,0.10993298722819228,1.0,0.3670886075949367,0.7984867811104067,Surv-VAE
0.010549698102976688,0.9379746835443038,0.09446774683073349,0.8786918934240362,0.12188230448773962,1.0,0.3512658227848101,0.7801286198016905,Surv-VAE
0.013854182691499165,0.9251054852320676,0.09296165178725237,0.9013140904509951,0.10988034247189835,1.0,0.36075949367088606,0.7780891900625501,Surv-VAE
0.012452619356351063,0.9360759493670887,0.09135824508557128,0.8773746535651299,0.10799693915136103,1.0,0.37341772151898733,0.7723793195464757,Surv-VAE
0.011790976168554507,0.9333333333333335,0.08377990830139698,0.9051973104056439,0.09811438851339505,2.0,0.3512658227848101,0.7700364459048897,Surv-VAE
0.013408534472247621,0.9265822784810125,0.09200633548544833,0.8980355568153188,0.11374830369283065,1.0,0.33860759493670883,0.7822657448544336,Surv-VAE
0.01174261451276066,0.9337552742616034,0.08541960217318814,0.8844301146384479,0.1308416762573282,1.0,0.37341772151898733,0.7751809707338045,Surv-VAE
0.011662778729932445,0.9322784810126581,0.09238418826937154,0.8797296233308138,0.09578207575584984,1.0,0.3512658227848101,0.7694576452849424,Surv-VAE
0.013923406928294461,0.9263713080168776,0.09811710045239277,0.8873236331569665,0.10389651963325083,1.0,0.31962025316455694,0.7832717497536879,Surv-VAE
0.010659778559835773,0.9396624472573839,0.08504363419412043,0.8793934240362813,0.109954606113887,1.0,0.37341772151898733,0.7886139733272047,Surv-VAE
0.013582152792745921,0.9293248945147679,0.08350408657563856,0.8894872763920383,0.1051584260865419,1.0,0.35443037974683544,0.7763851437715259,Surv-VAE
0.011844716690233606,0.9360759493670886,0.08998580016132644,0.8942657155454775,0.11703991000181632,1.0,0.3322784810126582,0.7891728525428636,Surv-VAE
0.012542164185577263,0.929535864978903,0.09188296103917659,0.8877338435374149,0.10965757220090327,1.0,0.35443037974683544,0.7717808248005337,Surv-VAE
0.011086547886952939,0.9400843881856539,0.09063022376607512,0.8972434807256235,0.10922078833310582,1.0,0.3639240506329114,0.795356322004461,Surv-VAE
0.011290447842086175,0.9364978902953586,0.09316334091137768,0.8923973293020913,0.11063423059618413,1.0,0.3575949367088608,0.7869809522926057,Surv-VAE
0.012575643243552896,0.9333333333333333,0.09501455295627892,0.88961718946838,0.1106894039034338,1.0,0.3670886075949367,0.7842880119258256,Surv-VAE
0.01195748149077603,0.9354430379746836,0.08967022407723015,0.8682531809019902,0.1004931451200906,2.0,0.34177215189873417,0.780360391207079,Surv-VAE
0.013655975911164487,0.9295358649789031,0.0913375270118501,0.8912792894935752,0.16658358308708962,1.0,0.3291139240506329,0.7882139197335384,Surv-VAE
0.010631124892039042,0.9419831223628691,0.08833331424956345,0.8917965797430082,0.1176900011999132,1.0,0.35443037974683544,0.7736657384419326,Surv-VAE
0.010966440533649754,0.939873417721519,0.08301267994370037,0.8823160745779793,0.10289046744897386,1.0,0.38924050632911394,0.7865077962545493,Surv-VAE
0.01095589636562644,0.9345991561181435,0.09259323219980266,0.8794548374905518,0.11956039094774844,1.0,0.39556962025316456,0.7816242333344364,Surv-VAE
0.01318915961333452,0.9310126582278482,0.08080183121127274,0.8729662698412699,0.11793999590297566,1.0,0.3449367088607595,0.7896860371048227,Surv-VAE
0.010159532454135978,0.9430379746835442,0.08329657138481936,0.8599686633912823,0.11099491015037435,1.0,0.3860759493670886,0.7768683968104281,Surv-VAE
0.01271719926968712,0.9341772151898734,0.09074412171493146,0.8904179264298312,0.10700474823711953,1.0,0.35443037974683544,0.7809201257029159,Surv-VAE
0.012704127925305042,0.928059071729958,0.0986557446911396,0.885956002771479,0.10801793480141313,1.0,0.3291139240506329,0.7858476831704395,Surv-VAE
0.01266093437149134,0.9320675105485233,0.10024822611821123,0.8843694885361553,0.10658123791559898,2.0,0.33544303797468356,0.7889027464834738,Surv-VAE
0.01089765778969884,0.9394514767932489,0.08311178555212617,0.890721056941295,0.09863425313615683,3.0,0.3575949367088608,0.7963439023908139,Surv-VAE
0.013076779946055833,0.9322784810126584,0.09356304524199054,0.8921540375409422,0.10861854178799844,2.0,0.33860759493670883,0.7796932132767145,Surv-VAE
0.012731039408712725,0.9308016877637131,0.08590237484895581,0.8898376480221719,0.10582631042929647,1.0,0.41455696202531644,0.7859659152565596,Surv-VAE
0.012492205954318535,0.9337552742616034,0.09169903152608272,0.8899384290753339,0.10898616105718893,2.0,0.3829113924050633,0.7836543210347907,Surv-VAE
0.01255337756955125,0.9318565400843882,0.08614189880965478,0.8890565948601662,0.10187346234642308,1.0,0.34177215189873417,0.7611379753302971,Surv-VAE
0.012233996897750092,0.9329113924050634,0.09483227170266312,0.8874685059208869,0.0998293258705076,1.0,0.3639240506329114,0.7853357527095965,Surv-VAE
0.01226428995031152,0.9343881856540084,0.09713096057586196,0.8989961262282691,0.09753754628391023,1.0,0.3037974683544304,0.7792897772171369,Surv-VAE
0.01215124451083732,0.931645569620253,0.09983295077158026,0.8817625661375661,0.10395193048369468,1.0,0.3227848101265823,0.7841432030948361,Surv-VAE
0.012236296795655738,0.9343881856540085,0.08633439520012201,0.889392794154699,0.1404579290148896,1.0,0.3512658227848101,0.7773914554907567,Surv-VAE
0.011391862735583479,0.9364978902953587,0.10185897237265068,0.8967891786344167,0.10034408740352774,6.0,0.35443037974683544,0.7666553873816565,Surv-VAE
