J-S distance,KS test,Survival curves distance,Detection XGB,NSND,K-map score,Identifiability score,NNDR,generator
0.0036073222805570095,0.98006993006993,0.02985455545120989,0.40987426035502955,0.07174434833679663,1.0,0.45,0.6945726887803717,HI-VAE_weibull
0.0030703430119801826,0.9811188811188812,0.020791803334437864,0.4596153846153846,0.10725664577519126,3.0,0.47307692307692306,0.6850966997851216,HI-VAE_weibull
0.0050352987912272275,0.972027972027972,0.026372237562314597,0.5023298816568047,0.09902463976115422,2.0,0.4653846153846154,0.6982611019143614,HI-VAE_weibull
0.00479986899342499,0.9758741258741259,0.026899038203026766,0.46538461538461534,0.1266559989071069,2.0,0.4269230769230769,0.6856103348686158,HI-VAE_weibull
0.005009332206250911,0.9706293706293706,0.028845090698721147,0.4837647928994083,0.20882345685513123,4.0,0.45,0.6975808324569639,HI-VAE_weibull
0.0033658362530838842,0.9807692307692307,0.031691559958093904,0.4603180473372781,0.0941485707753908,3.0,0.47307692307692306,0.7157997788319368,HI-VAE_weibull
0.0036876004035418615,0.9772727272727273,0.025866778951665666,0.4453402366863906,0.2028392280904897,3.0,0.4461538461538462,0.6906248664375361,HI-VAE_weibull
0.0046241443498819465,0.9765734265734264,0.02432055454870539,0.42699704142011824,0.12032364636408854,2.0,0.4846153846153846,0.6684634221019761,HI-VAE_weibull
0.0042846221777948,0.9688811188811187,0.029082376219455846,0.4881656804733727,0.16811757201724517,3.0,0.4807692307692308,0.6791259058601922,HI-VAE_weibull
0.0032690560113763176,0.975174825174825,0.024423153326934517,0.5056582840236687,0.11709413471558298,3.0,0.46923076923076923,0.7228849728591615,HI-VAE_weibull
0.005221607306818746,0.9713286713286714,0.026119909776749384,0.45266272189349105,0.11174182973340968,2.0,0.47307692307692306,0.6681727839864061,HI-VAE_weibull
0.004006063507029704,0.9762237762237761,0.027053715217601325,0.48043639053254444,0.09553496451434511,1.0,0.4,0.6745337985916953,HI-VAE_weibull
0.005505304418134394,0.9643356643356643,0.03653359348209308,0.4969674556213016,0.1411812281733129,2.0,0.4346153846153846,0.700602695182872,HI-VAE_weibull
0.005405886625913279,0.9706293706293706,0.05226916784076773,0.49541420118343205,0.18074133107208123,4.0,0.45,0.7249423686889257,HI-VAE_weibull
0.0036867023541816302,0.9776223776223777,0.025779661357218948,0.4503328402366864,0.11724065396751573,3.0,0.5076923076923077,0.7005018183697982,HI-VAE_weibull
0.004160644149689962,0.9758741258741257,0.03890336057816735,0.4664940828402367,0.15301747661542758,3.0,0.48846153846153845,0.6848726894577261,HI-VAE_weibull
0.004370351630407527,0.9734265734265733,0.02004941082746542,0.5270710059171597,0.19409140048977908,2.0,0.4346153846153846,0.7039669075998485,HI-VAE_weibull
0.0030844635984589555,0.9804195804195803,0.028767054758033723,0.45181213017751476,0.16537099047291243,2.0,0.45,0.7112200512570717,HI-VAE_weibull
0.003913768571180177,0.9783216783216783,0.02704521566896654,0.4864644970414201,0.09411389835809036,1.0,0.46153846153846156,0.7215241468495335,HI-VAE_weibull
0.005014514668857561,0.9720279720279721,0.025488074703509053,0.4724112426035504,0.07916307928178677,2.0,0.46153846153846156,0.6805547530914589,HI-VAE_weibull
0.004165759215008836,0.9755244755244756,0.04091835305604571,0.49149408284023666,0.13658209022211537,4.0,0.4461538461538462,0.7052313660372143,HI-VAE_weibull
0.0031022208081777215,0.9828671328671329,0.02598385264751936,0.42951183431952666,0.1002160016220718,3.0,0.5076923076923077,0.6634040029996796,HI-VAE_weibull
0.002560152550789162,0.9835664335664336,0.02853654530520001,0.4734097633136095,0.12725681037939096,2.0,0.46153846153846156,0.7110661793242264,HI-VAE_weibull
0.0038527323203646686,0.975174825174825,0.025108670199062006,0.47130177514792904,0.08865166922885105,2.0,0.47307692307692306,0.6906514556958372,HI-VAE_weibull
0.0054805395835008305,0.9667832167832168,0.043387245885369484,0.5366863905325444,0.06828225164898584,2.0,0.47692307692307695,0.6903008943559666,HI-VAE_weibull
0.0041726396948666665,0.9776223776223776,0.03526540209638871,0.49175295857988155,0.1969005568053656,4.0,0.4230769230769231,0.7091931528158631,HI-VAE_weibull
0.00457901803206082,0.9727272727272727,0.0167621059135799,0.4396449704142012,0.07684750361730722,3.0,0.49615384615384617,0.7023244635383536,HI-VAE_weibull
0.005254527526167147,0.9706293706293706,0.023589117407050532,0.4359097633136094,0.10807246054831234,3.0,0.4653846153846154,0.6856742134971738,HI-VAE_weibull
0.003899077572141131,0.977972027972028,0.030803426585653184,0.4508875739644971,0.06254263895039645,2.0,0.5038461538461538,0.6928345270892522,HI-VAE_weibull
0.0034647533655020237,0.9797202797202796,0.03050668991039744,0.4634615384615385,0.04530823889411362,1.0,0.40384615384615385,0.6868636918197889,HI-VAE_weibull
0.0038340199733484233,0.9751748251748252,0.02985778668004022,0.4347633136094675,0.22980028818317372,2.0,0.47692307692307695,0.6981274109534067,HI-VAE_weibull
0.003980585137640696,0.9772727272727273,0.02096512278816169,0.4481878698224852,0.12442994944127263,2.0,0.5,0.7132461673816172,HI-VAE_weibull
0.004024000473441587,0.9755244755244754,0.03848953541933541,0.48920118343195274,0.10899299073721552,3.0,0.43846153846153846,0.7206835428190227,HI-VAE_weibull
0.004379763529441821,0.9695804195804196,0.022805831629722297,0.5274038461538462,0.07364064852728416,2.0,0.41923076923076924,0.7030099072916288,HI-VAE_weibull
0.005270611711310527,0.9695804195804196,0.04270777842729432,0.47732988165680473,0.12900960967828456,4.0,0.45384615384615384,0.6806329472845167,HI-VAE_weibull
0.004065702622365649,0.975174825174825,0.016710019854576024,0.43897928994082847,0.08804647690922666,3.0,0.43846153846153846,0.7118193055793763,HI-VAE_weibull
0.0054612854898462675,0.9699300699300699,0.028982516939392355,0.5010355029585798,0.09094312971519668,1.0,0.4153846153846154,0.6953810082924161,HI-VAE_weibull
0.0043882178218550985,0.9748251748251747,0.03169723354282672,0.48291420118343203,0.07391072629619069,2.0,0.47307692307692306,0.6853963784916146,HI-VAE_weibull
0.0037286342753818686,0.9755244755244754,0.03784515546069848,0.4370192307692308,0.12113962134440431,3.0,0.4423076923076923,0.6818958992837801,HI-VAE_weibull
0.0027925728901866957,0.9821678321678321,0.013847788376435776,0.43890532544378696,0.11926023422470415,2.0,0.49230769230769234,0.7002368149547402,HI-VAE_weibull
0.0023426785648711455,0.9828671328671329,0.023777059744060663,0.480621301775148,0.10436535272694827,1.0,0.46923076923076923,0.6739715109283002,HI-VAE_weibull
0.0045472501322750035,0.974125874125874,0.03952465693102294,0.4553994082840237,0.1685533103269387,2.0,0.5076923076923077,0.6863405405828171,HI-VAE_weibull
0.004418799886928477,0.9755244755244754,0.01953102733507531,0.4500739644970414,0.11736390728151724,2.0,0.47307692307692306,0.7107157825586344,HI-VAE_weibull
0.003593486396771696,0.9755244755244754,0.011652638342427503,0.45221893491124254,0.13387642176473993,2.0,0.46153846153846156,0.6769849061944473,HI-VAE_weibull
0.004491806771781015,0.974125874125874,0.037514884891529536,0.5056952662721893,0.09602867593164444,1.0,0.45,0.7084395106167191,HI-VAE_weibull
0.004660296641387383,0.9744755244755243,0.025898937649729566,0.42322485207100585,0.07335328702932296,1.0,0.46923076923076923,0.6878806931520273,HI-VAE_weibull
0.004430285170096168,0.9748251748251747,0.024922894749831722,0.4759615384615385,0.15862783940131112,3.0,0.45384615384615384,0.6842345831082147,HI-VAE_weibull
0.005479644746114593,0.9713286713286713,0.0338229331304625,0.4672337278106509,0.08234763619362229,1.0,0.46923076923076923,0.6747536836496804,HI-VAE_weibull
0.004320251787547875,0.9776223776223777,0.02873775375291735,0.4041050295857988,0.10227934813541954,2.0,0.49230769230769234,0.6790556185522156,HI-VAE_weibull
0.005426270107359133,0.9716783216783217,0.0219604602917685,0.47988165680473366,0.15753106223127308,4.0,0.4346153846153846,0.6918523830700803,HI-VAE_weibull
0.005493541223295753,0.9699300699300699,0.04280298534137998,0.5164940828402368,0.14349641270505537,2.0,0.4423076923076923,0.7022938471972218,HI-VAE_weibull
0.00411654531986593,0.9737762237762237,0.028834903456180328,0.4524778106508876,0.07333495650138838,3.0,0.4653846153846154,0.6953899282114356,HI-VAE_weibull
0.004572075174493825,0.9737762237762237,0.03223700725115477,0.4631656804733728,0.18646447299517757,2.0,0.4807692307692308,0.6847399371525783,HI-VAE_weibull
0.004320789959720961,0.9723776223776223,0.02797101801598516,0.5041420118343195,0.1939645753654712,2.0,0.4461538461538462,0.719085959726385,HI-VAE_weibull
0.004106200224010057,0.9744755244755244,0.03141712522321006,0.4859467455621302,0.1232857763885357,2.0,0.46153846153846156,0.6987856509204072,HI-VAE_weibull
0.004097835388956756,0.9776223776223776,0.01907907907165023,0.45739644970414195,0.13377864107962825,2.0,0.48846153846153845,0.7068741116813083,HI-VAE_weibull
0.0043012870712974775,0.974125874125874,0.024228444995334674,0.4718565088757397,0.07522899631175768,2.0,0.48846153846153845,0.6867527331085677,HI-VAE_weibull
0.0049848340753457145,0.9702797202797203,0.033565367476580434,0.5050295857988165,0.0847812517424875,1.0,0.43846153846153846,0.7051806621035286,HI-VAE_weibull
0.005732346855618941,0.9695804195804196,0.04975542681727519,0.5048076923076923,0.10934427706939825,2.0,0.46923076923076923,0.6961519117873771,HI-VAE_weibull
0.005024764679939758,0.9730769230769231,0.0321926091212812,0.4490754437869822,0.11182748018755272,2.0,0.5,0.6954797211814783,HI-VAE_weibull
0.004192921597281331,0.975174825174825,0.027692644794687016,0.5094674556213017,0.11989010266799956,3.0,0.4269230769230769,0.6843321745520431,HI-VAE_weibull
0.0038971039423078345,0.974825174825175,0.022322349633245062,0.499741124260355,0.10061591351617956,2.0,0.43846153846153846,0.6784608097979294,HI-VAE_weibull
0.004582581217916013,0.9737762237762236,0.02758276015707817,0.46142751479289934,0.12892156178642294,2.0,0.43846153846153846,0.7057868560813988,HI-VAE_weibull
0.004211615042987073,0.9758741258741257,0.029891669248748302,0.4543639053254438,0.11836981625593315,2.0,0.45384615384615384,0.7154534868519088,HI-VAE_weibull
0.005250799847201532,0.9716783216783216,0.013154280478658352,0.48853550295857984,0.09274629113266332,2.0,0.49615384615384617,0.691835003881581,HI-VAE_weibull
0.005064299241303582,0.9723776223776224,0.03512072798691993,0.47762573964497046,0.07040858977936923,2.0,0.4846153846153846,0.6725394140547085,HI-VAE_weibull
0.004402376500867864,0.9709790209790209,0.0421408277807237,0.4619082840236686,0.14039547041338157,4.0,0.5115384615384615,0.7007796328928643,HI-VAE_weibull
0.004165041399358472,0.973076923076923,0.04008934929259301,0.44519230769230766,0.10735587730107793,2.0,0.45,0.6871543377597137,HI-VAE_weibull
0.004457828508937479,0.973076923076923,0.025267967946434575,0.46738165680473376,0.11854764527196873,2.0,0.4576923076923077,0.6789760843428119,HI-VAE_weibull
0.004223139733892039,0.9776223776223776,0.02808856663921532,0.5168639053254438,0.20196554075460496,3.0,0.4230769230769231,0.69788604679784,HI-VAE_weibull
0.003865416626679491,0.9769230769230769,0.02614570638202381,0.4519230769230769,0.23684867504879228,2.0,0.43846153846153846,0.6896889952754746,HI-VAE_weibull
0.004012426182984277,0.9772727272727273,0.030487675472568646,0.5119082840236686,0.1648443330597362,2.0,0.45,0.673929790887073,HI-VAE_weibull
0.00380964936515719,0.9811188811188812,0.027081883937309523,0.4399408284023668,0.0724815797641171,2.0,0.4307692307692308,0.6866795452003241,HI-VAE_weibull
0.005000667137764463,0.972027972027972,0.03710687639666982,0.45170118343195265,0.11932783680089337,2.0,0.49615384615384617,0.7026515233737013,HI-VAE_weibull
0.0040249214140752505,0.9706293706293706,0.030221001534927242,0.4604289940828402,0.08365049197424326,2.0,0.4307692307692308,0.695892574344876,HI-VAE_weibull
0.004362988792058147,0.972027972027972,0.021123884250381943,0.5018121301775148,0.1261910720635855,3.0,0.4461538461538462,0.6682022067830986,HI-VAE_weibull
0.003096668217639508,0.9751748251748252,0.034785761833603664,0.42832840236686387,0.16471427082924806,3.0,0.49230769230769234,0.687504230486226,HI-VAE_weibull
0.004786944053546411,0.9748251748251747,0.03131364726987728,0.44659763313609463,0.141998670085198,2.0,0.45384615384615384,0.7096329926572876,HI-VAE_weibull
0.004577141966744544,0.9730769230769231,0.04980550998085926,0.47995562130177516,0.10724026611091332,1.0,0.45,0.6895231235924523,HI-VAE_weibull
0.004446175514890736,0.9737762237762237,0.028530669022945147,0.47130177514792904,0.14689532102685443,3.0,0.4846153846153846,0.704640255015481,HI-VAE_weibull
0.0037744170590442686,0.9797202797202798,0.014923891200084489,0.41460798816568045,0.07144364109958026,3.0,0.4653846153846154,0.6942756848004865,HI-VAE_weibull
0.004530635742374814,0.9762237762237761,0.02294903034248998,0.43664940828402365,0.11782406673916433,2.0,0.4461538461538462,0.6825886906800338,HI-VAE_weibull
0.0058992293128786255,0.9629370629370629,0.02855248901937773,0.4755547337278106,0.2237966615602781,3.0,0.46923076923076923,0.6858242711766271,HI-VAE_weibull
0.003291899735767066,0.9765734265734264,0.03206367118433807,0.5213757396449703,0.08285772031683655,1.0,0.4461538461538462,0.7133767159289701,HI-VAE_weibull
0.003936724653578563,0.9751748251748253,0.022382409352202277,0.4617603550295858,0.08842819348173066,2.0,0.45,0.7065569196585857,HI-VAE_weibull
0.004384916300273292,0.9706293706293706,0.024564086864830467,0.4957100591715976,0.19983638832718398,2.0,0.49615384615384617,0.7199208964281145,HI-VAE_weibull
0.004352106426917801,0.974125874125874,0.021439240699230835,0.47366863905325446,0.15791629782836622,4.0,0.4153846153846154,0.6724310576678074,HI-VAE_weibull
0.0031245644783752177,0.977972027972028,0.0239978991013665,0.47603550295857994,0.08405811022877596,1.0,0.45,0.6910452481994379,HI-VAE_weibull
0.0047314605884231946,0.974125874125874,0.023244152206209862,0.4618713017751479,0.11092942398778696,2.0,0.43846153846153846,0.6939482425035582,HI-VAE_weibull
0.004309767489050784,0.9727272727272727,0.027366929174009645,0.47892011834319526,0.10264564351187629,3.0,0.43846153846153846,0.7104216789779662,HI-VAE_weibull
0.004209411359016768,0.9776223776223776,0.03531611013247431,0.4803994082840237,0.0957718745477007,1.0,0.48846153846153845,0.6998134862780677,HI-VAE_weibull
0.004535259162145402,0.9758741258741259,0.0415700146957841,0.4326183431952663,0.09831141138008315,4.0,0.4576923076923077,0.6956104893286524,HI-VAE_weibull
0.005606582126304466,0.9688811188811189,0.033646699452163295,0.4408284023668639,0.12357687944340878,2.0,0.5,0.7138025950016588,HI-VAE_weibull
0.005871768158146672,0.9699300699300699,0.028297682072438598,0.5154955621301776,0.13451557428035135,1.0,0.43846153846153846,0.673122294394299,HI-VAE_weibull
0.0063889183675156,0.9657342657342657,0.03846038998521044,0.5138683431952663,0.06313251828666198,4.0,0.4346153846153846,0.6915073605000589,HI-VAE_weibull
0.00344731399942045,0.9786713286713286,0.042681710596472244,0.4893121301775148,0.1397840125815611,2.0,0.49230769230769234,0.7040932303786734,HI-VAE_weibull
0.004248806660827806,0.9751748251748252,0.0166998065995928,0.4519970414201183,0.14002258490784866,3.0,0.49615384615384617,0.6819920875398107,HI-VAE_weibull
0.00437613267022619,0.9748251748251747,0.04155143435647587,0.4849112426035503,0.18674207502462942,3.0,0.4307692307692308,0.6977817793490306,HI-VAE_weibull
0.005013377347344296,0.9685314685314684,0.05159637339043183,0.4880917159763314,0.05755151809457886,4.0,0.4576923076923077,0.7154883171050106,HI-VAE_weibull
0.0037998272063597027,0.9776223776223776,0.019923886194141007,0.49434171597633136,0.11556866405379126,1.0,0.47692307692307695,0.6893950783070094,HI-VAE_weibull
0.0034567854550530937,0.9769230769230769,0.03014917967832356,0.4533284023668639,0.10472475582213822,2.0,0.46153846153846156,0.7027556922266193,HI-VAE_weibull
0.0031844684862057295,0.9779720279720281,0.034130142029859194,0.4598372781065089,0.11340436757818359,3.0,0.45384615384615384,0.6896042341113087,HI-VAE_weibull
0.005468788338835657,0.9702797202797203,0.026824900115777067,0.5202662721893491,0.10405223660411339,2.0,0.4653846153846154,0.6952891812072056,HI-VAE_weibull
0.003679906766210231,0.9772727272727271,0.025792966120906858,0.46642011834319524,0.11873765312682413,1.0,0.45,0.7212371253862833,HI-VAE_weibull
0.004379500232065673,0.9695804195804194,0.04553343446479026,0.4934171597633136,0.10591341722644033,1.0,0.4807692307692308,0.6851590773871494,HI-VAE_weibull
0.004515654411794657,0.9755244755244754,0.023673702005891455,0.4509615384615384,0.11382627332745347,2.0,0.4576923076923077,0.699305171121984,HI-VAE_weibull
0.004587457658896968,0.973076923076923,0.01678925795299165,0.48021449704142005,0.14463842492398846,2.0,0.5,0.6854305598687337,HI-VAE_weibull
0.0038452024795759612,0.9762237762237761,0.021615167215805413,0.474112426035503,0.1019235561786553,1.0,0.4423076923076923,0.7202526861567068,HI-VAE_weibull
0.005350935885479893,0.9706293706293706,0.024762393746292126,0.48491124260355034,0.13035638300142932,1.0,0.4653846153846154,0.6983362510774588,HI-VAE_weibull
0.004014816356852899,0.9744755244755244,0.03212829601018878,0.4316568047337278,0.09310606064692992,3.0,0.45384615384615384,0.7174646844410986,HI-VAE_weibull
0.005329065299000652,0.9716783216783216,0.024485224558875734,0.4977810650887574,0.08531359672719124,5.0,0.48846153846153845,0.7131957932319614,HI-VAE_weibull
0.004399624371991515,0.9772727272727273,0.018207926167227946,0.4167159763313609,0.07035546135483264,1.0,0.4653846153846154,0.6815003813071486,HI-VAE_weibull
0.003746116731593811,0.9793706293706294,0.017759247966078875,0.46453402366863905,0.14397611121680876,3.0,0.41923076923076924,0.6792717808946511,HI-VAE_weibull
0.004000806552069586,0.9769230769230769,0.025845223075868697,0.45517751479289936,0.15304466960183316,3.0,0.45,0.705197943993602,HI-VAE_weibull
0.005247005453069834,0.9713286713286713,0.025083737565288124,0.4802884615384616,0.13964470355781,4.0,0.5115384615384615,0.6890604060457455,HI-VAE_weibull
0.0037375100058147513,0.9783216783216783,0.026649686601432278,0.4656804733727811,0.07119663098657442,1.0,0.45,0.7096831478539322,HI-VAE_weibull
0.004654707140442956,0.9727272727272727,0.02285524450416329,0.46298076923076925,0.08797941523862465,1.0,0.4807692307692308,0.7107352658796897,HI-VAE_weibull
0.004760094191318649,0.9730769230769231,0.03396348421254001,0.4590606508875739,0.11783112730598466,3.0,0.46153846153846156,0.7157759580724624,HI-VAE_weibull
0.004457118160141922,0.9727272727272727,0.023361591058297257,0.421819526627219,0.13214447740861648,3.0,0.46153846153846156,0.6806010343195228,HI-VAE_weibull
0.005999089917973313,0.9674825174825176,0.034839975815629295,0.4788461538461538,0.09710051605178571,2.0,0.4576923076923077,0.6933605586497513,HI-VAE_weibull
0.005293164685817494,0.9692307692307692,0.02102259122009846,0.4556582840236687,0.14770299113086993,3.0,0.49615384615384617,0.6826600047106988,HI-VAE_weibull
0.006226898412559115,0.9674825174825173,0.03630877148182792,0.4695636094674557,0.12714438531417352,3.0,0.47307692307692306,0.6854420911515554,HI-VAE_weibull
0.005363888569247174,0.9723776223776223,0.02397071226039761,0.492603550295858,0.068796961476837,1.0,0.46923076923076923,0.6790593858516215,HI-VAE_weibull
0.003413785514308111,0.9765734265734264,0.03629741887084892,0.4681952662721893,0.1036073223270155,2.0,0.49230769230769234,0.7008783734234977,HI-VAE_weibull
0.003785243398883535,0.975174825174825,0.03122409567424733,0.5465976331360947,0.11764394804354025,1.0,0.45,0.696832816865229,HI-VAE_weibull
0.003598454392875719,0.9772727272727273,0.025714989095831725,0.43550295857988164,0.12140952540075765,3.0,0.46923076923076923,0.6773399595213072,HI-VAE_weibull
0.004163175472633934,0.9734265734265733,0.03675020632138943,0.49208579881656805,0.09744183072591407,3.0,0.4153846153846154,0.7001061514861557,HI-VAE_weibull
0.0043073980459151515,0.9762237762237763,0.02422219095695669,0.47928994082840226,0.08442826053191696,2.0,0.4307692307692308,0.7134249241834657,HI-VAE_weibull
0.003666974806640619,0.9762237762237761,0.01520873998409157,0.430621301775148,0.08970008511425988,2.0,0.47692307692307695,0.69021003223083,HI-VAE_weibull
0.004532407916759426,0.9716783216783217,0.028728722606817213,0.4901257396449704,0.14153463208234338,1.0,0.43846153846153846,0.7068040032863009,HI-VAE_weibull
0.004593907922845746,0.9758741258741259,0.01748671618611139,0.46272189349112425,0.12850425274292443,2.0,0.4423076923076923,0.6900973371255411,HI-VAE_weibull
0.004492574626452603,0.9744755244755244,0.022883479344873364,0.4887204142011835,0.07369811359981711,3.0,0.49615384615384617,0.6978363680787074,HI-VAE_weibull
0.004730977556089411,0.9737762237762237,0.016744801790853813,0.4096893491124261,0.16229650642747628,3.0,0.4807692307692308,0.6860200203199306,HI-VAE_weibull
0.005058782242773155,0.9674825174825176,0.03667755621761598,0.49567307692307694,0.19935750595845056,3.0,0.4423076923076923,0.7029294791361239,HI-VAE_weibull
0.003982908075982246,0.9776223776223776,0.015571757260775858,0.4772189349112426,0.1132189451628211,1.0,0.46923076923076923,0.6854998179477868,HI-VAE_weibull
0.003967741493798021,0.9783216783216783,0.02653727503526035,0.4743343195266272,0.10730109117830067,2.0,0.46153846153846156,0.6986886746422987,HI-VAE_weibull
0.004453899078735903,0.972027972027972,0.035773619608102755,0.4737426035502958,0.05923556836923875,1.0,0.4576923076923077,0.7190436886565984,HI-VAE_weibull
0.0038261130224446337,0.9758741258741257,0.03524989387961499,0.4509615384615385,0.17546728002383852,3.0,0.4807692307692308,0.7006547597772154,HI-VAE_weibull
0.005506299481500904,0.9646853146853146,0.02372484201077263,0.5253698224852071,0.06237207009475837,4.0,0.45384615384615384,0.6983889445123835,HI-VAE_weibull
0.0037996381301401263,0.9751748251748252,0.0377994808016388,0.49101331360946743,0.11847674445939903,2.0,0.4653846153846154,0.6862759128645147,HI-VAE_weibull
0.00412275367361805,0.9706293706293706,0.030357224357530414,0.5113905325443787,0.14000257071287542,2.0,0.47307692307692306,0.688594154529905,HI-VAE_weibull
0.004173936257480423,0.9706293706293706,0.02420931369212686,0.4441568047337278,0.14452337666071566,2.0,0.46153846153846156,0.6939675481786237,HI-VAE_weibull
0.005731990357734304,0.9685314685314684,0.025123267277256254,0.47011834319526624,0.06354115583758133,1.0,0.4653846153846154,0.7037394955780542,HI-VAE_weibull
0.004547072700421612,0.9685314685314684,0.021496829353479616,0.492603550295858,0.1554502149889705,2.0,0.47692307692307695,0.701602921132996,HI-VAE_weibull
0.0035348835865572762,0.981118881118881,0.024073920507700224,0.46390532544378704,0.07590375157312623,3.0,0.41923076923076924,0.6856223044442028,HI-VAE_weibull
0.0034688456504446546,0.9800699300699299,0.02780630894239185,0.4888313609467455,0.08597667404216616,1.0,0.4653846153846154,0.7024947918359208,HI-VAE_weibull
0.00458562106688287,0.9737762237762237,0.015885580721965872,0.44378698224852065,0.10877400968409223,1.0,0.4653846153846154,0.6811830281987667,HI-VAE_weibull
0.004171882921208207,0.9723776223776224,0.05163595761724728,0.46738165680473376,0.14487248022572605,3.0,0.46923076923076923,0.7028502687623808,HI-VAE_weibull
0.0048379758542093495,0.974125874125874,0.03101316746833783,0.46357248520710054,0.18888176004450058,3.0,0.4846153846153846,0.685597648297537,HI-VAE_weibull
0.005210309868669863,0.9723776223776223,0.019388420945297323,0.4687869822485207,0.07279244034975443,2.0,0.45,0.657683723166114,HI-VAE_weibull
0.0033378396274744617,0.9765734265734266,0.02356844612868313,0.4831360946745561,0.17918685269188048,2.0,0.4423076923076923,0.7028417027439197,HI-VAE_weibull
0.0044621204491117825,0.9751748251748252,0.025560391101784676,0.48210059171597636,0.10524693746711444,2.0,0.4423076923076923,0.6864820511237987,HI-VAE_weibull
0.004757230736057554,0.9758741258741259,0.03704466233241214,0.46072485207100594,0.14177989518180825,3.0,0.4653846153846154,0.6799681841624173,HI-VAE_weibull
0.003961666311938765,0.9737762237762237,0.022385119721343303,0.47551775147929,0.08433190134467555,2.0,0.47307692307692306,0.6827261778711374,HI-VAE_weibull
0.0042585767174872025,0.9737762237762237,0.02677604099750099,0.46464497041420116,0.11650998627915586,1.0,0.4307692307692308,0.6948678568461568,HI-VAE_weibull
0.004940433751668658,0.9727272727272727,0.029154650346851295,0.47581360946745554,0.13320454355623873,1.0,0.47692307692307695,0.6964563913385421,HI-VAE_weibull
0.004938120893522479,0.9709790209790209,0.026695382409130653,0.45584319526627215,0.06720948150403229,2.0,0.46923076923076923,0.7048930751749228,HI-VAE_weibull
0.004161684907324223,0.9765734265734266,0.024901247417562195,0.44230769230769235,0.14640588696210807,3.0,0.46153846153846156,0.6822378624184412,HI-VAE_weibull
0.003166813839269504,0.9765734265734266,0.021992832385000577,0.5303994082840237,0.07396977320520975,1.0,0.4653846153846154,0.7009924240171682,HI-VAE_weibull
0.0028985949451800844,0.98006993006993,0.012068629665663359,0.45451183431952663,0.09696620195109061,1.0,0.45,0.7146017377171535,HI-VAE_weibull
0.0032372864961083604,0.979020979020979,0.027666298655729043,0.4977810650887574,0.2293983675193042,3.0,0.41923076923076924,0.6923054198815747,HI-VAE_weibull
0.003888933216392486,0.9769230769230769,0.028841399515676748,0.48975591715976324,0.07375927353756301,2.0,0.46923076923076923,0.680867673845101,HI-VAE_weibull
0.003950312198431419,0.9776223776223776,0.028844713219241314,0.4793639053254438,0.1406415978146721,1.0,0.47307692307692306,0.6851111868902383,HI-VAE_weibull
0.00470708642960614,0.9695804195804196,0.04768665499598652,0.46764053254437865,0.13842124861114044,4.0,0.46153846153846156,0.7107012813994633,HI-VAE_weibull
0.004402244030019347,0.9730769230769231,0.027001864865261554,0.4821375739644971,0.15585885373113031,3.0,0.45,0.6862695469588934,HI-VAE_weibull
0.004497283985691882,0.9786713286713287,0.028788308968491664,0.4634615384615384,0.07031374625130662,1.0,0.4269230769230769,0.710410227883936,HI-VAE_weibull
0.005067791677483604,0.9667832167832168,0.04990403468566589,0.48439349112426033,0.08345199985623197,2.0,0.4423076923076923,0.7076815789036135,HI-VAE_weibull
0.0035037859004123065,0.9769230769230769,0.023706907619975147,0.459948224852071,0.11235130404230598,2.0,0.47692307692307695,0.6871516996278634,HI-VAE_weibull
0.0024883338449027156,0.9846153846153847,0.019548630123894205,0.406878698224852,0.08390821817676801,2.0,0.45,0.7030414996102575,HI-VAE_weibull
0.004232847098041447,0.9723776223776223,0.03531339500735486,0.4393491124260356,0.11381493547306001,3.0,0.4230769230769231,0.6866234617784669,HI-VAE_weibull
0.004864938649447843,0.9716783216783216,0.044349740436635435,0.5087278106508876,0.05578674062476709,1.0,0.4153846153846154,0.6885108402494741,HI-VAE_weibull
0.00356849065876593,0.9762237762237763,0.02531265639118438,0.4280325443786982,0.13753783217771792,2.0,0.46923076923076923,0.7000300881008177,HI-VAE_weibull
0.004765113618757554,0.9706293706293706,0.03383385553501085,0.45917159763313614,0.09348185576185723,3.0,0.47307692307692306,0.6822150895101574,HI-VAE_weibull
0.003448737208717435,0.9748251748251747,0.02476550640316075,0.471819526627219,0.1164614578510658,1.0,0.46923076923076923,0.717416132610373,HI-VAE_weibull
0.004168909841059439,0.9765734265734267,0.031949333440692916,0.4599482248520711,0.10951781334087539,3.0,0.46923076923076923,0.6940139602071497,HI-VAE_weibull
0.0025478746872928102,0.9804195804195803,0.026917175658665346,0.47821745562130175,0.09401882947532965,2.0,0.4346153846153846,0.6972780246930012,HI-VAE_weibull
0.004583740428261878,0.9744755244755243,0.031688082999640564,0.5076183431952662,0.11336452664682423,2.0,0.47307692307692306,0.6982266306275042,HI-VAE_weibull
0.003400651876813642,0.9814685314685314,0.030407473793549057,0.4831360946745562,0.10459406081357131,3.0,0.4346153846153846,0.7047719788991011,HI-VAE_weibull
0.005421355075843643,0.9702797202797203,0.031756866626110776,0.5025147928994083,0.19024086123388026,3.0,0.45384615384615384,0.6838007707180986,HI-VAE_weibull
0.0033518461330717436,0.9769230769230769,0.021563156815233638,0.48676035502958576,0.07243660215430481,2.0,0.45,0.6933230221993452,HI-VAE_weibull
0.004528502633413139,0.9744755244755243,0.026885705203924602,0.5018491124260356,0.15333889637985212,2.0,0.4269230769230769,0.6874093882628096,HI-VAE_weibull
0.003965844042785456,0.9744755244755243,0.019238073265664235,0.4584319526627219,0.09478552804998268,1.0,0.4269230769230769,0.6907984340557787,HI-VAE_weibull
0.0033194596061687414,0.9807692307692307,0.028857268234805732,0.44482248520710066,0.0948025454843167,2.0,0.46923076923076923,0.7082942969792284,HI-VAE_weibull
0.004921502223399689,0.9716783216783217,0.03321456803866979,0.49127218934911243,0.10114764170116122,1.0,0.4461538461538462,0.7132274918685274,HI-VAE_weibull
0.0030180078058058596,0.9821678321678321,0.022758061756819076,0.4318786982248521,0.1451998009497737,3.0,0.46153846153846156,0.7188233788637244,HI-VAE_weibull
0.0038959355505512206,0.9758741258741259,0.043762188175704826,0.4708949704142012,0.11842578913729536,4.0,0.5384615384615384,0.7107987049404637,HI-VAE_weibull
0.0028079111439428244,0.9807692307692307,0.02200935588226746,0.44763313609467453,0.12931941912480477,2.0,0.4846153846153846,0.70471992127928,HI-VAE_weibull
0.004382316054242156,0.976923076923077,0.024691271591959253,0.49637573964497034,0.07781079799147862,1.0,0.49615384615384617,0.6904566593655487,HI-VAE_weibull
0.004898534004127484,0.972027972027972,0.024936215845415697,0.46227810650887574,0.10253162365166639,2.0,0.45,0.699801644306465,HI-VAE_weibull
0.004124180392813764,0.9758741258741257,0.0429766731367964,0.4821745562130178,0.1880225257319333,2.0,0.4346153846153846,0.7080198638152039,HI-VAE_weibull
0.004366483388720775,0.973076923076923,0.030264256152411767,0.4493713017751479,0.13610390496426825,3.0,0.46923076923076923,0.6801836886132284,HI-VAE_weibull
0.0037779275742015907,0.9769230769230769,0.024535690047992748,0.45232988165680477,0.12778505440200602,1.0,0.47692307692307695,0.68481000182882,HI-VAE_weibull
0.0033966244339336104,0.9776223776223776,0.033808159059718006,0.49926035502958577,0.12589276310933456,2.0,0.4807692307692308,0.6677569270828743,HI-VAE_weibull
0.004191195113626676,0.9762237762237763,0.0301523032662295,0.49733727810650885,0.06724953197469642,3.0,0.47692307692307695,0.7194036472260872,HI-VAE_weibull
0.00421013912948975,0.9702797202797201,0.035023620402353295,0.46050295857988166,0.14537831737067108,2.0,0.4423076923076923,0.7081285440787732,HI-VAE_weibull
0.0044011341088791974,0.9727272727272727,0.021115227074983298,0.45073964497041424,0.1352855158194912,2.0,0.40384615384615385,0.7239285537053002,HI-VAE_weibull
0.0034862146741410902,0.9772727272727271,0.029851167169890957,0.4647189349112426,0.08053045000028254,1.0,0.4461538461538462,0.7014738526358544,HI-VAE_weibull
0.00624151228841384,0.9657342657342657,0.05472746157755702,0.5036612426035504,0.16273310554698664,4.0,0.46153846153846156,0.7106070154415498,HI-VAE_weibull
0.0032631068010048085,0.9800699300699299,0.027416567265809537,0.4437869822485207,0.06620585741230689,4.0,0.47692307692307695,0.6892586350519545,HI-VAE_weibull
0.004779611764058876,0.9709790209790209,0.04242441612253989,0.4534763313609467,0.08175142071380365,1.0,0.46923076923076923,0.6875913328911067,HI-VAE_weibull
0.00407536036184082,0.9755244755244754,0.012670825746671879,0.4724852071005917,0.12899137686481776,3.0,0.43846153846153846,0.7077572285977405,HI-VAE_piecewise
0.0026731177553244116,0.9786713286713287,0.023660327982979595,0.3847633136094674,0.0897883614852394,3.0,0.46153846153846156,0.6732085647406767,HI-VAE_piecewise
0.003996939799180512,0.9765734265734266,0.014471578995056831,0.46841715976331366,0.11647441535587719,2.0,0.45384615384615384,0.7122403481563598,HI-VAE_piecewise
0.0047898450000974984,0.9688811188811187,0.025059155404639277,0.5014053254437869,0.12937678857103982,2.0,0.46923076923076923,0.6893485549805505,HI-VAE_piecewise
0.004065904771582632,0.9783216783216783,0.0157899630835642,0.4329511834319527,0.1304660872147757,2.0,0.4807692307692308,0.7051488115430707,HI-VAE_piecewise
0.003525191170495613,0.9776223776223776,0.025345911208012203,0.39981508875739646,0.13917537918967185,2.0,0.49615384615384617,0.7077434868094846,HI-VAE_piecewise
0.0031136934386148158,0.9832167832167833,0.016316179541096244,0.4193786982248521,0.15380547420317017,3.0,0.49230769230769234,0.7013664291158939,HI-VAE_piecewise
0.004676306013495802,0.9716783216783216,0.030496434718777242,0.49711538461538457,0.11934300524243285,2.0,0.49230769230769234,0.6912427000900511,HI-VAE_piecewise
0.004176294034412051,0.977972027972028,0.017151593672682833,0.41738165680473377,0.10028597993917523,4.0,0.4653846153846154,0.6991404201020935,HI-VAE_piecewise
0.0040599630355779405,0.977972027972028,0.02598293406072885,0.4838387573964497,0.14497653766179144,4.0,0.46923076923076923,0.7059443707877752,HI-VAE_piecewise
0.004670602934318902,0.9713286713286713,0.03484831063247546,0.45669378698224855,0.14594435481024687,3.0,0.4807692307692308,0.6623318110319184,HI-VAE_piecewise
0.003277546256530618,0.9758741258741259,0.011155420276726708,0.4634615384615384,0.192482801772292,3.0,0.5153846153846153,0.6951795082754253,HI-VAE_piecewise
0.004741523843644633,0.9723776223776223,0.03767613545762315,0.47762573964497046,0.1001997592155945,2.0,0.5,0.7013527432750888,HI-VAE_piecewise
0.0033340139838948513,0.9762237762237761,0.03180783509136779,0.41057692307692306,0.1146971431038649,1.0,0.4653846153846154,0.7133827951917827,HI-VAE_piecewise
0.0035394098916705463,0.9744755244755244,0.02137864588198607,0.4708949704142012,0.11437774362398433,2.0,0.4461538461538462,0.6879259392656905,HI-VAE_piecewise
0.004760730150884485,0.9692307692307692,0.02432363004375832,0.4429733727810651,0.09345845536849459,3.0,0.45384615384615384,0.6982966578647165,HI-VAE_piecewise
0.005039601470790189,0.9727272727272728,0.01249097307442443,0.48664940828402364,0.12352313351598514,3.0,0.47307692307692306,0.6945852645309484,HI-VAE_piecewise
0.003339024293042049,0.9769230769230769,0.015178189609665107,0.4382026627218935,0.10565796506544173,1.0,0.4653846153846154,0.7214856647337347,HI-VAE_piecewise
0.004243533300979447,0.9720279720279721,0.03910633981298987,0.4574704142011834,0.08523383154245907,2.0,0.4461538461538462,0.6916098332542521,HI-VAE_piecewise
0.003339588570483512,0.9797202797202796,0.024949381819589896,0.5242603550295858,0.1178718957238449,2.0,0.4115384615384615,0.7139341965218834,HI-VAE_piecewise
0.0042144384503126206,0.9755244755244754,0.013760927469240031,0.5203772189349112,0.13634170323036748,4.0,0.45384615384615384,0.6853898891298829,HI-VAE_piecewise
0.004555216617876244,0.9737762237762237,0.014702267880315895,0.38291420118343195,0.1772276758327371,3.0,0.47692307692307695,0.6968935331928168,HI-VAE_piecewise
0.0034795155969785537,0.9811188811188812,0.022029692449817905,0.41116863905325446,0.08442602295669518,2.0,0.43846153846153846,0.7089627626000606,HI-VAE_piecewise
0.0035112467040529973,0.9779720279720278,0.012226856167362158,0.5153476331360947,0.1023895249524935,1.0,0.46153846153846156,0.712298717716084,HI-VAE_piecewise
0.003029427631540795,0.9832167832167833,0.00934822423380488,0.4724112426035504,0.11723360903951532,2.0,0.47307692307692306,0.7121338780384562,HI-VAE_piecewise
0.0037118502914368205,0.979020979020979,0.011584773454129971,0.4286982248520711,0.10574757058785494,2.0,0.4846153846153846,0.6952673014139822,HI-VAE_piecewise
0.0034795816283149468,0.9786713286713286,0.04377156823017517,0.4208579881656805,0.08465766448904843,1.0,0.47692307692307695,0.6991512144265412,HI-VAE_piecewise
0.004057044512513008,0.9741258741258743,0.02890076705233721,0.4216715976331361,0.17396054032187683,3.0,0.4576923076923077,0.7121123418181892,HI-VAE_piecewise
0.004913200409611765,0.9727272727272727,0.027593507712163113,0.4414201183431953,0.1506958814519901,4.0,0.45,0.6847375148227035,HI-VAE_piecewise
0.004168075719446582,0.9744755244755244,0.012029429094171127,0.4667899408284023,0.14571980334735096,3.0,0.4653846153846154,0.667013410236062,HI-VAE_piecewise
0.003890616254659471,0.9776223776223776,0.0066965098078148565,0.42795857988165675,0.13553597473560908,3.0,0.47692307692307695,0.6822607489950085,HI-VAE_piecewise
0.004169084974938495,0.9748251748251747,0.0078101713183483705,0.44445266272189343,0.11142986243514837,2.0,0.4576923076923077,0.6771369270731208,HI-VAE_piecewise
0.004731585506879279,0.9755244755244756,0.018502417499699542,0.46982248520710057,0.12283088271625187,3.0,0.4461538461538462,0.6924586601336886,HI-VAE_piecewise
0.0034509461172207547,0.9748251748251747,0.034071072998638555,0.4355769230769231,0.09571034128938552,2.0,0.4653846153846154,0.6851994227109436,HI-VAE_piecewise
0.004249711455917924,0.975174825174825,0.015172513055685764,0.41893491124260357,0.2229669231134778,2.0,0.4423076923076923,0.6920069961035237,HI-VAE_piecewise
0.004046358521643759,0.9741258741258743,0.009476133445068077,0.4933431952662722,0.09324014927720115,4.0,0.4423076923076923,0.698322609993351,HI-VAE_piecewise
0.00444888623170191,0.9737762237762236,0.010158271959696956,0.4481508875739645,0.15747489164805004,3.0,0.4269230769230769,0.6842425178100829,HI-VAE_piecewise
0.0038995556363372067,0.9751748251748252,0.02366783516943109,0.422448224852071,0.08850308771789715,1.0,0.45384615384615384,0.705307591755739,HI-VAE_piecewise
0.005224206253142323,0.9667832167832167,0.03585428860340937,0.47389053254437863,0.15784015420944722,2.0,0.46923076923076923,0.6787684170122216,HI-VAE_piecewise
0.002990009395913136,0.9744755244755244,0.03880098666484542,0.43043639053254434,0.05990265815171431,1.0,0.4461538461538462,0.6690241135635447,HI-VAE_piecewise
0.003301283059519702,0.9776223776223776,0.011784235350346376,0.47233727810650894,0.13070876861562297,2.0,0.4423076923076923,0.6993632137180116,HI-VAE_piecewise
0.004126061305036828,0.9762237762237761,0.01461224510960185,0.432396449704142,0.06551775485656401,2.0,0.47692307692307695,0.6816121395313061,HI-VAE_piecewise
0.0041403455108091096,0.9762237762237761,0.015773364634834912,0.4771819526627219,0.1138167791101105,1.0,0.4576923076923077,0.6979605617337984,HI-VAE_piecewise
0.004562299776876441,0.9727272727272727,0.053165768405613704,0.4625739644970414,0.11820281594781322,2.0,0.46153846153846156,0.7026339679634626,HI-VAE_piecewise
0.0057774785952102595,0.9653846153846154,0.03441967869997626,0.46712278106508875,0.18393637451575984,5.0,0.47307692307692306,0.6966114903699218,HI-VAE_piecewise
0.004383702718659787,0.973076923076923,0.039587549365634876,0.4635355029585799,0.09415806793094,1.0,0.5,0.7059561568757432,HI-VAE_piecewise
0.0031449870207098667,0.9790209790209791,0.013157611479269802,0.477292899408284,0.13650290838440055,1.0,0.4653846153846154,0.7126420356033936,HI-VAE_piecewise
0.00477929356262594,0.9716783216783217,0.028319981712023448,0.4565828402366863,0.11088184659050988,1.0,0.5038461538461538,0.6872049350697985,HI-VAE_piecewise
0.004660585708311899,0.9776223776223776,0.019088762964853956,0.4627958579881657,0.14547879343322068,1.0,0.4307692307692308,0.7044166830713556,HI-VAE_piecewise
0.004416725300377792,0.9685314685314684,0.02356017817431618,0.4505917159763314,0.11275048740726117,1.0,0.4653846153846154,0.6592015152373978,HI-VAE_piecewise
0.004055247321646809,0.9769230769230769,0.026146665432831576,0.4712278106508876,0.11696279508315525,2.0,0.4461538461538462,0.7028053189913998,HI-VAE_piecewise
0.005088817219639268,0.972027972027972,0.034561698003861725,0.46904585798816567,0.0782135092100642,1.0,0.4230769230769231,0.6909372829312985,HI-VAE_piecewise
0.003540531247136988,0.9769230769230769,0.011614189736653553,0.45118343195266275,0.15098422927737604,3.0,0.5,0.7052851121641021,HI-VAE_piecewise
0.0028035669810156454,0.9797202797202796,0.03150009695325577,0.4140532544378698,0.2071736519405638,4.0,0.4576923076923077,0.6981718378748324,HI-VAE_piecewise
0.00346889882953246,0.979020979020979,0.02381427661252791,0.4582840236686391,0.11344101463974679,1.0,0.40384615384615385,0.7261819290006825,HI-VAE_piecewise
0.0029593400084927486,0.9846153846153847,0.020525243800006126,0.4497041420118343,0.1812885706233445,2.0,0.45384615384615384,0.7082109938660328,HI-VAE_piecewise
0.003972120242418525,0.9762237762237761,0.01585298834193563,0.4690088757396449,0.09485509851657427,3.0,0.5,0.7175595888224884,HI-VAE_piecewise
0.00395434367339991,0.972027972027972,0.020813813470495542,0.40857988165680476,0.1498297809726685,2.0,0.45,0.6820519913751746,HI-VAE_piecewise
0.004554019132166231,0.9744755244755244,0.025112834978289384,0.4611686390532544,0.11895958300602041,2.0,0.4653846153846154,0.6974984299364317,HI-VAE_piecewise
0.005330205327570725,0.968181818181818,0.041207562967463675,0.5241863905325443,0.1671245468393732,1.0,0.4230769230769231,0.6703060089629685,HI-VAE_piecewise
0.0030779980876087655,0.9797202797202798,0.014068060428094664,0.49171597633136094,0.13821858011010812,3.0,0.4423076923076923,0.682558082908143,HI-VAE_piecewise
0.005278484424163622,0.9713286713286713,0.03146188946107984,0.4617603550295858,0.13712638536149113,2.0,0.4307692307692308,0.679623192695706,HI-VAE_piecewise
0.00452102942274939,0.9737762237762236,0.012351396475984908,0.46312869822485203,0.10862328152088623,1.0,0.4461538461538462,0.6983040508921505,HI-VAE_piecewise
0.004301557694665743,0.974125874125874,0.021789870233429712,0.40606508875739644,0.1925956744920366,4.0,0.4807692307692308,0.6961218821457237,HI-VAE_piecewise
0.004389204019657978,0.973076923076923,0.014283465839344953,0.4803994082840237,0.10612483127631223,3.0,0.4461538461538462,0.6847944791744385,HI-VAE_piecewise
0.002487526581626873,0.984965034965035,0.012566569879506688,0.49326923076923074,0.10846296209042469,2.0,0.5038461538461538,0.7158189714397712,HI-VAE_piecewise
0.004687202182203803,0.9716783216783217,0.03245586635805108,0.49770710059171597,0.10443821059850297,1.0,0.4846153846153846,0.6897518746211917,HI-VAE_piecewise
0.004457761110935804,0.9765734265734266,0.020324972989944255,0.46893491124260345,0.1854034639488257,1.0,0.46153846153846156,0.6974058652507947,HI-VAE_piecewise
0.004123572752415464,0.973076923076923,0.028767856333470274,0.47296597633136095,0.14316184073519936,3.0,0.4576923076923077,0.69962837969608,HI-VAE_piecewise
0.0036590147137007117,0.98006993006993,0.024268629318311526,0.4347633136094674,0.14537565956504292,5.0,0.4807692307692308,0.706860653406559,HI-VAE_piecewise
0.003446313003247209,0.9772727272727271,0.014444719589179355,0.45232988165680477,0.13688485146343063,5.0,0.45,0.6933154343862229,HI-VAE_piecewise
0.004216337174061156,0.972027972027972,0.021859427617184474,0.4686390532544379,0.2214578084188072,2.0,0.4423076923076923,0.7154649852683468,HI-VAE_piecewise
0.0031936672146530964,0.9807692307692307,0.028257099049713578,0.4322115384615384,0.12300530436937329,2.0,0.5115384615384615,0.6924759363792264,HI-VAE_piecewise
0.005636230967396482,0.9695804195804194,0.01264916054634251,0.44803994082840237,0.19557478183766758,3.0,0.45,0.7011939797106866,HI-VAE_piecewise
0.004247409246749072,0.9783216783216783,0.010798941596346555,0.4710059171597633,0.11646605174364409,3.0,0.4846153846153846,0.7172334310056727,HI-VAE_piecewise
0.004003579320688963,0.9772727272727273,0.016293059652004185,0.4672337278106508,0.12445689585887272,2.0,0.46153846153846156,0.700657826533527,HI-VAE_piecewise
0.0035228899864261603,0.9769230769230769,0.01814442881608881,0.4340606508875739,0.20215586236422273,3.0,0.5,0.6677750583407245,HI-VAE_piecewise
0.003798215829719204,0.9797202797202796,0.011678711688959426,0.46286982248520714,0.1799821755204863,4.0,0.46923076923076923,0.6925839382690269,HI-VAE_piecewise
0.003890140705722374,0.9786713286713287,0.015970990478662045,0.4508505917159763,0.17244408666715844,1.0,0.47307692307692306,0.7397594243093821,HI-VAE_piecewise
0.003975117617188282,0.9758741258741257,0.021036409711752323,0.4869822485207099,0.08623596981461285,2.0,0.4653846153846154,0.7096249851858716,HI-VAE_piecewise
0.0040714123975102365,0.973076923076923,0.03896933320464441,0.3813239644970414,0.09637173132850274,2.0,0.45384615384615384,0.6932160421325041,HI-VAE_piecewise
0.00431756678832505,0.976923076923077,0.026068260369359424,0.4308431952662722,0.18492256340089847,2.0,0.46153846153846156,0.6838555012258715,HI-VAE_piecewise
0.003900320766738599,0.9744755244755244,0.01788686549798304,0.4491494082840236,0.15988694293234976,3.0,0.43846153846153846,0.6882211709313236,HI-VAE_piecewise
0.005059559013068034,0.972027972027972,0.027862733231457076,0.47329881656804734,0.10623490252002946,2.0,0.5,0.6957288734157068,HI-VAE_piecewise
0.004707470731590582,0.9737762237762236,0.023113238011703393,0.46198224852071,0.051098378865951775,4.0,0.4846153846153846,0.7081686844453748,HI-VAE_piecewise
0.0039821853063288695,0.9772727272727273,0.010911747982404798,0.4555843195266272,0.11078660875704174,3.0,0.46923076923076923,0.6548579372077877,HI-VAE_piecewise
0.003977206975096848,0.9751748251748252,0.029509044242765653,0.46331360946745564,0.11596343190598116,1.0,0.45384615384615384,0.7081943558511,HI-VAE_piecewise
0.0050273291175018595,0.970979020979021,0.01708698862900837,0.461353550295858,0.14006815476364123,3.0,0.46923076923076923,0.6956024499764956,HI-VAE_piecewise
0.004266931831708142,0.9730769230769231,0.035070588826683,0.4164940828402367,0.15628719138470343,2.0,0.4653846153846154,0.6913637686857287,HI-VAE_piecewise
0.0037485595499490362,0.9737762237762237,0.014799489966418984,0.5074704142011834,0.13801000120911247,3.0,0.47692307692307695,0.6923427505299358,HI-VAE_piecewise
0.0045898276852644965,0.9734265734265733,0.011845933969883643,0.4679363905325443,0.13293569042475928,4.0,0.4346153846153846,0.7078766320982615,HI-VAE_piecewise
0.0044449491235899604,0.9744755244755243,0.008800475659593134,0.5032174556213018,0.16899259402023603,3.0,0.46923076923076923,0.6631876002530822,HI-VAE_piecewise
0.0026356229744740832,0.9832167832167831,0.02055273273892209,0.43857248520710057,0.13122356676412666,4.0,0.47692307692307695,0.6994204266591293,HI-VAE_piecewise
0.0038934750999984713,0.9783216783216783,0.013900930572985791,0.4625739644970414,0.14280234592794805,3.0,0.43846153846153846,0.6798583359187554,HI-VAE_piecewise
0.005894029747424075,0.965034965034965,0.014143166000276427,0.4849852071005917,0.08403920398126018,2.0,0.46923076923076923,0.7064224011118101,HI-VAE_piecewise
0.0036783218536847084,0.977972027972028,0.022351417325203477,0.4884245562130178,0.12996207010764838,3.0,0.4461538461538462,0.6969163283085725,HI-VAE_piecewise
0.005779488810303431,0.9671328671328673,0.03748407735598648,0.48672337278106514,0.1364360266801692,1.0,0.45,0.6838999241531063,HI-VAE_piecewise
0.0032019872066325642,0.9828671328671329,0.011153555442248048,0.4455991124260355,0.11784748438240014,1.0,0.49615384615384617,0.7049298562892956,HI-VAE_piecewise
0.004326537897121675,0.9769230769230769,0.02391935766907861,0.5051035502958581,0.10730367505073649,1.0,0.4461538461538462,0.7083967584335418,HI-VAE_piecewise
0.0039900823919311245,0.9762237762237763,0.021051055197949104,0.45821005917159774,0.05769808250898743,2.0,0.4576923076923077,0.7105049145343838,HI-VAE_piecewise
0.00400538407078829,0.9783216783216783,0.018955471830039778,0.4740384615384615,0.06153663517763179,1.0,0.4846153846153846,0.675332705744904,HI-VAE_piecewise
0.0030563546511013086,0.9797202797202796,0.019238009938343216,0.4417899408284024,0.17662160584678452,3.0,0.4230769230769231,0.6904404792697022,HI-VAE_piecewise
0.0051428364348553865,0.972027972027972,0.011204983212307965,0.42329881656804735,0.14186782363542244,3.0,0.43846153846153846,0.6808370556901994,HI-VAE_piecewise
0.004193746112894606,0.9737762237762236,0.014596548579130245,0.4108727810650888,0.18253287828145287,3.0,0.48846153846153845,0.694852175569793,HI-VAE_piecewise
0.004250588448450609,0.9758741258741259,0.012507365530190483,0.44948224852071006,0.08370969422626134,2.0,0.47307692307692306,0.7049669330902615,HI-VAE_piecewise
0.00486432360562365,0.9716783216783217,0.010403465112501082,0.4583949704142012,0.21267915729768722,3.0,0.4076923076923077,0.6965342514909781,HI-VAE_piecewise
0.004836715704023094,0.9723776223776223,0.02919453218879101,0.48365384615384616,0.09915789383733035,2.0,0.4076923076923077,0.6765785158878471,HI-VAE_piecewise
0.0048653698021695856,0.9681818181818183,0.05184116732582766,0.44230769230769235,0.11170229005136247,2.0,0.45384615384615384,0.6937102065474112,HI-VAE_piecewise
0.0032623534604808466,0.980769230769231,0.01538446603089556,0.45754437869822484,0.12872567979239785,2.0,0.4346153846153846,0.6841127677333654,HI-VAE_piecewise
0.0030880614325130566,0.977972027972028,0.023930746544770867,0.4500739644970414,0.08497642530495639,4.0,0.4576923076923077,0.712487506354977,HI-VAE_piecewise
0.0031131024198038162,0.98006993006993,0.02900403409090864,0.492603550295858,0.12397835183465024,3.0,0.4307692307692308,0.6764216593134761,HI-VAE_piecewise
0.003756220867164905,0.9765734265734266,0.019920122581497515,0.4989275147928994,0.1305759532401394,2.0,0.47692307692307695,0.7306798832701497,HI-VAE_piecewise
0.005146490628078367,0.9716783216783217,0.015616948734705666,0.4459319526627219,0.09357204228431416,1.0,0.4846153846153846,0.696016011077262,HI-VAE_piecewise
0.0038860091608005826,0.9769230769230769,0.009922599596245632,0.44186390532544373,0.16829313512989533,3.0,0.4846153846153846,0.6806320353809758,HI-VAE_piecewise
0.003988188887652297,0.9730769230769231,0.03166140762522093,0.4696745562130178,0.08231551910045563,1.0,0.4576923076923077,0.6996362374514733,HI-VAE_piecewise
0.004433398613284446,0.9734265734265733,0.020754414751558665,0.42958579881656805,0.1903054954250343,3.0,0.46923076923076923,0.7061519433409181,HI-VAE_piecewise
0.002720339835220242,0.9804195804195804,0.01221013280417865,0.4237056213017751,0.1428868861361491,3.0,0.4307692307692308,0.6595025221247309,HI-VAE_piecewise
0.0041064871967390485,0.9751748251748252,0.020420916955109256,0.48528106508875746,0.10539673972111702,2.0,0.4307692307692308,0.6832679602032993,HI-VAE_piecewise
0.004216457290392155,0.9688811188811189,0.025393901622082826,0.5054733727810651,0.12110593454730492,2.0,0.47307692307692306,0.6841673384126612,HI-VAE_piecewise
0.0025115286750015593,0.9825174825174824,0.010093678990291623,0.41434911242603556,0.15734261183231527,3.0,0.5038461538461538,0.7038334022808972,HI-VAE_piecewise
0.0042564417412552825,0.9667832167832168,0.028763785650217664,0.46575443786982246,0.12291016664244571,2.0,0.47692307692307695,0.6953030577359939,HI-VAE_piecewise
0.0032142741887099674,0.9828671328671329,0.013932001021548892,0.4653846153846154,0.09816194009023937,3.0,0.4346153846153846,0.7123987653465736,HI-VAE_piecewise
0.004514668724837868,0.9769230769230769,0.012893487296776073,0.428328402366864,0.12821549895260173,2.0,0.47307692307692306,0.6872620831991854,HI-VAE_piecewise
0.0033652078953611744,0.977972027972028,0.02673200543314742,0.41301775147929,0.1257846063457036,3.0,0.4153846153846154,0.7003252885696659,HI-VAE_piecewise
0.004096362974073137,0.9723776223776224,0.013570836939801705,0.4584319526627219,0.16099293163202646,1.0,0.5076923076923077,0.6898695624834206,HI-VAE_piecewise
0.004055786399953325,0.9755244755244754,0.027518931016691745,0.44363905325443787,0.21169385919585973,4.0,0.4461538461538462,0.7087880221068903,HI-VAE_piecewise
0.004296642024206471,0.9758741258741259,0.012144402802653801,0.4707470414201184,0.16955500007403188,3.0,0.4423076923076923,0.7079800433422451,HI-VAE_piecewise
0.004685519418350687,0.9730769230769231,0.011726224868655396,0.47226331360946744,0.13731488028086197,4.0,0.4307692307692308,0.7005401115732796,HI-VAE_piecewise
0.005001342863974947,0.9695804195804196,0.026259680187870355,0.3989644970414202,0.08798549186034169,1.0,0.48846153846153845,0.6986939413570932,HI-VAE_piecewise
0.004125892423692528,0.9786713286713287,0.00829168066036742,0.4394600591715977,0.09654602221701411,3.0,0.46923076923076923,0.7002020723704266,HI-VAE_piecewise
0.003800125227743029,0.9786713286713287,0.011927172113314139,0.4298816568047338,0.14119670121474223,2.0,0.45384615384615384,0.6876774622515515,HI-VAE_piecewise
0.003998721349564082,0.979020979020979,0.011778085908414466,0.48491124260355034,0.09500510252550935,3.0,0.45384615384615384,0.6901729078640741,HI-VAE_piecewise
0.0049232791082678634,0.9678321678321677,0.015173377408325719,0.48731508875739643,0.10665964876418099,3.0,0.41923076923076924,0.7124156432545657,HI-VAE_piecewise
0.0032994075742763724,0.9758741258741259,0.027895491791733024,0.4544748520710059,0.1390330179402615,2.0,0.46923076923076923,0.6957949113914266,HI-VAE_piecewise
0.005126688817622311,0.9727272727272727,0.02760515844138624,0.4803994082840237,0.13511661413413026,2.0,0.5038461538461538,0.6623911940022637,HI-VAE_piecewise
0.003804134436030575,0.9804195804195804,0.009208542355094723,0.4071745562130177,0.1626159176912784,4.0,0.46923076923076923,0.6946611054943262,HI-VAE_piecewise
0.00422022202401809,0.9744755244755244,0.021240143832448002,0.4675295857988166,0.11074706706215494,2.0,0.41923076923076924,0.6961957256167985,HI-VAE_piecewise
0.005189613599012711,0.9716783216783217,0.013822411487907698,0.44859467455621294,0.1547546539359499,2.0,0.47692307692307695,0.6793653289204781,HI-VAE_piecewise
0.004314441119829593,0.9730769230769231,0.018257712239035596,0.4187130177514793,0.12770447029288418,4.0,0.47307692307692306,0.705885029213616,HI-VAE_piecewise
0.004554579643338725,0.9737762237762236,0.010673390599709384,0.44031065088757393,0.2042879337058885,3.0,0.4346153846153846,0.7061966311079381,HI-VAE_piecewise
0.0033468736881543354,0.9783216783216784,0.011600837863251343,0.465680473372781,0.14038618696934033,1.0,0.4576923076923077,0.7050128911680184,HI-VAE_piecewise
0.004596967494198082,0.9734265734265733,0.015795151686091472,0.5174186390532545,0.19732982038434527,4.0,0.4346153846153846,0.6921996515836442,HI-VAE_piecewise
0.004881611042915789,0.9737762237762237,0.024470663669312408,0.43235946745562126,0.15441153773851168,1.0,0.4653846153846154,0.6752096392100632,HI-VAE_piecewise
0.004422891665327908,0.9716783216783217,0.011639086199880265,0.46272189349112425,0.13407058110691342,2.0,0.4461538461538462,0.6719093375481706,HI-VAE_piecewise
0.0032528367263978727,0.9814685314685316,0.013020517953640464,0.45621301775147927,0.13705090502948789,3.0,0.46923076923076923,0.699207638426129,HI-VAE_piecewise
0.004264809737049102,0.9734265734265733,0.02163073870890065,0.4860207100591715,0.1404800943649177,3.0,0.45384615384615384,0.6839773150265351,HI-VAE_piecewise
0.005155835117854626,0.9748251748251747,0.01340972570756739,0.47548076923076926,0.16597478239115576,2.0,0.45,0.6831821376213046,HI-VAE_piecewise
0.003602588411605699,0.977972027972028,0.028629132990633008,0.42204142011834317,0.07253711864109329,3.0,0.46923076923076923,0.6770953258687974,HI-VAE_piecewise
0.004588166483658344,0.9727272727272727,0.03164716823740788,0.4865384615384616,0.11264696214169914,1.0,0.46923076923076923,0.6805234144949671,HI-VAE_piecewise
0.004072044348751469,0.9755244755244754,0.03215928378589433,0.45170118343195265,0.07218486303452357,1.0,0.46153846153846156,0.6952790019545828,HI-VAE_piecewise
0.004031732228730574,0.9730769230769231,0.017107252999128176,0.45976331360946754,0.176793191155629,3.0,0.4230769230769231,0.6993187209202856,HI-VAE_piecewise
0.0032427624509085966,0.9814685314685314,0.010004677166527644,0.4068047337278107,0.16418749387335702,4.0,0.4807692307692308,0.6830884028505118,HI-VAE_piecewise
0.005229579556322039,0.9716783216783217,0.024283894244374882,0.4974852071005917,0.11206586608337234,2.0,0.45,0.6755241012994911,HI-VAE_piecewise
0.0038960421564111173,0.9727272727272727,0.024966537902937052,0.4456360946745562,0.15622088729652203,1.0,0.48846153846153845,0.7100061863188704,HI-VAE_piecewise
0.003100211892360923,0.9804195804195804,0.013427198765180445,0.38990384615384616,0.1573731954745416,2.0,0.45,0.7081745382759222,HI-VAE_piecewise
0.0031035811858746913,0.9821678321678321,0.017750787181251913,0.4247041420118343,0.19435269669068533,3.0,0.5076923076923077,0.6704360585404019,HI-VAE_piecewise
0.003971506700608462,0.9762237762237763,0.02249049600106276,0.41675295857988165,0.16000690250655858,2.0,0.5076923076923077,0.6921794884060907,HI-VAE_piecewise
0.0027338176329520327,0.9751748251748252,0.027497964385246286,0.4259985207100592,0.1301433320703006,3.0,0.4846153846153846,0.6773948115320133,HI-VAE_piecewise
0.0037454259181760557,0.9727272727272727,0.018814039242556063,0.3965976331360947,0.09546215956550293,2.0,0.48846153846153845,0.6963891945475257,HI-VAE_piecewise
0.00476581174396627,0.9723776223776224,0.013561565195343614,0.4748150887573964,0.1259471098744303,1.0,0.49615384615384617,0.7014299133849141,HI-VAE_piecewise
0.004675258761912718,0.9737762237762236,0.024102139719346563,0.5064349112426035,0.10455116689577675,1.0,0.45,0.6973929904008819,HI-VAE_piecewise
0.003691701169739914,0.9772727272727271,0.011103067835633976,0.4808431952662723,0.11809282893397073,3.0,0.4576923076923077,0.699965242700422,HI-VAE_piecewise
0.002860318523532769,0.9797202797202798,0.014757443541137508,0.47329881656804734,0.15166258074706487,3.0,0.4461538461538462,0.6932233351135476,HI-VAE_piecewise
0.0041066066407962854,0.9744755244755244,0.030897582915854174,0.42673816568047335,0.12592602951651705,1.0,0.45384615384615384,0.691760175597024,HI-VAE_piecewise
0.0035024376026865714,0.977972027972028,0.008050789217287035,0.45088757396449697,0.09641584982101216,3.0,0.46153846153846156,0.716556952385035,HI-VAE_piecewise
0.004421696911711152,0.9734265734265732,0.021893871608395215,0.40366124260355035,0.13751221366388092,2.0,0.4653846153846154,0.6772094550619084,HI-VAE_piecewise
0.004206229619358341,0.9751748251748252,0.018928775300079786,0.4594674556213018,0.08608566162417687,3.0,0.4807692307692308,0.670363266689691,HI-VAE_piecewise
0.004461730829490565,0.9737762237762237,0.009964776456710485,0.4614644970414202,0.1314058051358675,3.0,0.4346153846153846,0.7198382883937422,HI-VAE_piecewise
0.0034892799243524068,0.9751748251748252,0.017362674749946887,0.465680473372781,0.14769688714832796,3.0,0.4153846153846154,0.673890661127014,HI-VAE_piecewise
0.002882438947012944,0.9821678321678321,0.013465709744152454,0.4502958579881657,0.057591290940021855,2.0,0.49230769230769234,0.6965460066963288,HI-VAE_piecewise
0.0044876468732337445,0.974125874125874,0.01912515886635956,0.4247041420118343,0.15553830200059462,4.0,0.4230769230769231,0.6912976449803018,HI-VAE_piecewise
0.0035690968875001327,0.9804195804195803,0.0186948458826637,0.4452662721893491,0.13140023131348402,1.0,0.40384615384615385,0.6719939338949421,HI-VAE_piecewise
0.0030704067610588417,0.9751748251748252,0.010826755897556647,0.44574704142011823,0.13967486635925191,2.0,0.5192307692307693,0.6961964941536484,HI-VAE_piecewise
0.004267433295121774,0.9755244755244754,0.014463745686574865,0.46556952662721895,0.11540224124729641,4.0,0.5615384615384615,0.6989669358858169,HI-VAE_piecewise
0.0030282857588761394,0.9790209790209791,0.022325166883944318,0.4480769230769231,0.14668308609951777,2.0,0.46923076923076923,0.6831310194055529,HI-VAE_piecewise
0.003412537449739199,0.9793706293706294,0.010076198617975925,0.40273668639053256,0.12869416865057662,4.0,0.4576923076923077,0.679429485352477,HI-VAE_piecewise
0.0034275157644197544,0.98006993006993,0.010046815447411855,0.43639053254437876,0.14869773839153655,4.0,0.43846153846153846,0.6745381614399045,HI-VAE_piecewise
0.0039423674772009745,0.9797202797202796,0.028843970890216925,0.3903846153846154,0.15175339382629988,1.0,0.4346153846153846,0.6842625812971201,HI-VAE_piecewise
0.004530549565811998,0.9776223776223776,0.015914787125091243,0.4515532544378698,0.19128557663653906,2.0,0.47692307692307695,0.6949888788492081,HI-VAE_piecewise
0.004486761921329326,0.9765734265734266,0.025024295716650678,0.48080621301775145,0.13808260843663447,4.0,0.4653846153846154,0.6689901528034808,HI-VAE_piecewise
0.005102344572684555,0.9702797202797203,0.017855213323396586,0.36856508875739646,0.12763507438852026,3.0,0.5153846153846153,0.6986334424449624,HI-VAE_piecewise
0.004001250051690392,0.9751748251748252,0.025691744167866223,0.47766272189349107,0.08100502738978302,1.0,0.47307692307692306,0.6607769103935578,HI-VAE_piecewise
0.005028461706735484,0.9737762237762236,0.02248752353009848,0.44326923076923075,0.11790644557570214,3.0,0.46923076923076923,0.6995238461121794,HI-VAE_piecewise
0.005098342195557059,0.9702797202797203,0.015677358395790174,0.44456360946745566,0.131458196150306,3.0,0.47692307692307695,0.6827505865092691,HI-VAE_piecewise
0.0034903651554125574,0.981118881118881,0.017291549944895398,0.4615014792899408,0.11159411668020415,3.0,0.4269230769230769,0.7041812624512837,HI-VAE_piecewise
0.004303761965627527,0.9776223776223776,0.023986876888812105,0.4081360946745562,0.1007685359169725,3.0,0.4807692307692308,0.6772853841365971,HI-VAE_piecewise
0.0045631394843198845,0.9737762237762236,0.03412147267878448,0.4329881656804734,0.11281789260576319,2.0,0.41923076923076924,0.7110173135939348,HI-VAE_piecewise
0.0034788699639017404,0.9804195804195804,0.024025138306178157,0.3737795857988166,0.1690782591654435,3.0,0.46153846153846156,0.6814200613065594,HI-VAE_piecewise
0.003686271196444182,0.9765734265734264,0.022845229687133796,0.4274408284023668,0.12784179662944525,2.0,0.45384615384615384,0.6943283488687533,HI-VAE_piecewise
0.004313166749556789,0.9758741258741259,0.016782544404047105,0.44959319526627217,0.1715368105534281,4.0,0.49615384615384617,0.6907833983867986,HI-VAE_piecewise
0.004139887705645905,0.96993006993007,0.017065538193220948,0.47011834319526624,0.1273328158661887,4.0,0.4423076923076923,0.6763731178902217,HI-VAE_piecewise
0.004262355701110695,0.9709790209790209,0.023476465706949536,0.46383136094674554,0.1277257391225555,2.0,0.45384615384615384,0.6841059644629996,HI-VAE_piecewise
0.004531063866334158,0.9713286713286713,0.015689597912275467,0.4343934911242603,0.15956533936127126,3.0,0.4307692307692308,0.6838311553919696,HI-VAE_piecewise
0.004015086369316824,0.9737762237762237,0.012597575536313972,0.44352810650887575,0.0918301243864741,1.0,0.45,0.6872327176666971,HI-VAE_piecewise
0.003951349655059644,0.9755244755244756,0.019872209679578156,0.39837278106508867,0.15253628421304727,3.0,0.49230769230769234,0.6943702376704083,HI-VAE_piecewise
0.004287259555526433,0.974125874125874,0.012742562015878804,0.44859467455621294,0.12208123855913829,2.0,0.4846153846153846,0.6919032159957684,HI-VAE_piecewise
0.003078557103305711,0.9734265734265733,0.02032157570600961,0.4159763313609467,0.10594793738601871,1.0,0.46923076923076923,0.6983773297935283,HI-VAE_piecewise
0.0033192381491549917,0.9765734265734266,0.012986584874908337,0.4538091715976331,0.17780266715490678,3.0,0.45,0.6909485959140497,HI-VAE_piecewise
0.00303690511839326,0.98006993006993,0.01854885537950775,0.47973372781065093,0.16790367848512522,4.0,0.47307692307692306,0.7075171663422075,HI-VAE_piecewise
0.002882770611392635,0.977972027972028,0.020425875916612338,0.45488165680473375,0.11275491319815127,1.0,0.5076923076923077,0.7069486369048008,HI-VAE_piecewise
0.007393208905605323,0.9583916083916083,0.0817911755085612,0.5566568047337278,0.0672023135702344,1.0,0.39615384615384613,0.6576607423786114,Surv-GAN
0.007500155470303083,0.952097902097902,0.06358045764368618,0.5799926035502958,0.051218136734937116,2.0,0.4423076923076923,0.6329624908120353,Surv-GAN
0.007460487196431651,0.9517482517482517,0.08784943799288968,0.6242973372781065,0.07840112639024796,1.0,0.41923076923076924,0.6590341240852344,Surv-GAN
0.007303418232956099,0.956993006993007,0.07034612581998266,0.522448224852071,0.08909761116935776,1.0,0.4423076923076923,0.6245223576300137,Surv-GAN
0.007538919539155969,0.9548951048951048,0.0857631614156837,0.581619822485207,0.0961252088046123,1.0,0.4153846153846154,0.6609039720695475,Surv-GAN
0.008402225230089398,0.952097902097902,0.08503797960771724,0.6299926035502958,0.07015647064009337,1.0,0.4076923076923077,0.6552577387552541,Surv-GAN
0.0064811722711179956,0.9594405594405593,0.08483495174580762,0.529326923076923,0.04804476360412488,2.0,0.39615384615384613,0.6658980081034495,Surv-GAN
0.008488355038091765,0.95,0.08246484020822314,0.5565458579881657,0.07016532419730016,1.0,0.4423076923076923,0.6375611887155377,Surv-GAN
0.007866021835599946,0.9534965034965034,0.08113642630168369,0.5474852071005918,0.05756032087822756,1.0,0.4269230769230769,0.6802693880150218,Surv-GAN
0.007572894440832059,0.953146853146853,0.08138328369246434,0.5714127218934911,0.05013031331756999,1.0,0.40384615384615385,0.6612329285519093,Surv-GAN
0.008739858957934775,0.9520979020979022,0.08833087408325332,0.5855029585798815,0.054960405012592486,2.0,0.41923076923076924,0.6432217961837241,Surv-GAN
0.007841395594316946,0.955944055944056,0.06764258091897875,0.6029215976331361,0.058731856196889,1.0,0.4115384615384615,0.6495877686658855,Surv-GAN
0.006469713794620254,0.9590909090909091,0.06317565230501072,0.6151997041420119,0.05457047300723542,1.0,0.3923076923076923,0.6477122595788656,Surv-GAN
0.007101173785760228,0.9482517482517481,0.09065628575569563,0.5691937869822487,0.08516037888497341,1.0,0.4115384615384615,0.621626827376037,Surv-GAN
0.007931759130242029,0.9496503496503497,0.08793103196934227,0.6070636094674555,0.07137726944305514,1.0,0.3730769230769231,0.6695542495037357,Surv-GAN
0.007092586904452772,0.9562937062937062,0.06832981858018203,0.537758875739645,0.04728404792854935,1.0,0.41923076923076924,0.6532899527757923,Surv-GAN
0.008593841737223724,0.9444055944055944,0.08306031283771302,0.5980029585798816,0.05115422884822064,1.0,0.40384615384615385,0.6515508732543083,Surv-GAN
0.007146641315820626,0.9527972027972027,0.06582184665827685,0.6206730769230768,0.051980770319935116,1.0,0.4,0.6397719860160097,Surv-GAN
0.0074704438217405526,0.958041958041958,0.07572297047689963,0.5860207100591716,0.04795734989326218,2.0,0.4307692307692308,0.6558673630961587,Surv-GAN
0.00683251708520722,0.9552447552447553,0.10027479597162987,0.5810281065088758,0.05685636552242363,1.0,0.43846153846153846,0.6370846030951365,Surv-GAN
0.00775785513113779,0.9541958041958041,0.06943586444283535,0.60051775147929,0.06245484379161255,1.0,0.4230769230769231,0.6311397985814453,Surv-GAN
0.007739719857516233,0.9534965034965034,0.08698305121857802,0.6301405325443786,0.07381255436983679,1.0,0.38846153846153847,0.6752132832396571,Surv-GAN
0.006690369160756265,0.9541958041958043,0.07573427977211943,0.5714866863905325,0.04767984718800768,1.0,0.4230769230769231,0.6343731825307583,Surv-GAN
0.007541243535029693,0.9552447552447553,0.08630752222915827,0.6268491124260356,0.05572486744352128,1.0,0.38461538461538464,0.6519726117500358,Surv-GAN
0.009957060422076343,0.9468531468531469,0.06643392273680129,0.6454881656804734,0.06318949502362345,1.0,0.4269230769230769,0.6150193586582672,Surv-GAN
0.006850445793704036,0.9608391608391608,0.05671586575259849,0.5865014792899409,0.060057713364303586,2.0,0.47307692307692306,0.64971948890811,Surv-GAN
0.00789790040903405,0.9541958041958041,0.07602715888432804,0.5915310650887574,0.052879993575039266,1.0,0.3346153846153846,0.6399684537459528,Surv-GAN
0.007154955344494058,0.9541958041958043,0.05605512403304012,0.6139792899408285,0.046732957493242244,1.0,0.4269230769230769,0.6525772701045341,Surv-GAN
0.007019423322740263,0.954895104895105,0.08425110464468911,0.5748520710059172,0.05310624033798265,1.0,0.40384615384615385,0.6488813796149653,Surv-GAN
0.008054407133240677,0.9513986013986013,0.0845564997161,0.5724852071005917,0.05508489160013573,1.0,0.41923076923076924,0.6373401639072748,Surv-GAN
0.005383488173654973,0.965034965034965,0.0770905828245433,0.6016272189349112,0.06588210931419328,1.0,0.40384615384615385,0.6837859071421034,Surv-GAN
0.006698578812485207,0.9548951048951048,0.07734510918777396,0.5882766272189349,0.05556013654766116,1.0,0.4269230769230769,0.6324812938429116,Surv-GAN
0.008318246317201043,0.9475524475524474,0.08918115482629244,0.5940458579881657,0.057517418732057846,1.0,0.4269230769230769,0.6628682077508542,Surv-GAN
0.007922615977685767,0.9493006993006993,0.08542794967182074,0.6277736686390533,0.07920271604892504,1.0,0.39615384615384613,0.638836412212179,Surv-GAN
0.007412785303812511,0.9573426573426572,0.08101856123630383,0.6034023668639052,0.0628590347488075,1.0,0.4346153846153846,0.6303668226348321,Surv-GAN
0.006356958444304257,0.9643356643356641,0.037470937109882155,0.5567307692307691,0.047377639750044775,1.0,0.39615384615384613,0.6447250818818577,Surv-GAN
0.00826465222983014,0.9454545454545454,0.09723237492544388,0.6319526627218934,0.050773467447259815,1.0,0.4115384615384615,0.6459929236102253,Surv-GAN
0.007502254460719307,0.9576923076923077,0.06465764402045655,0.6045118343195266,0.09121485708717451,1.0,0.41923076923076924,0.6205059702687403,Surv-GAN
0.007476421097964444,0.9583916083916083,0.07366312755938752,0.5990754437869823,0.04776840326695784,1.0,0.4230769230769231,0.6835228868755275,Surv-GAN
0.006890442950907507,0.9573426573426573,0.05732975371723276,0.6112426035502958,0.06517596582131331,1.0,0.43846153846153846,0.6259321304410238,Surv-GAN
0.00753701960646758,0.951048951048951,0.07861738429894795,0.5598742603550295,0.06500137737559722,1.0,0.4115384615384615,0.6258729356393858,Surv-GAN
0.008125940621105736,0.9472027972027971,0.08357231447492568,0.5696375739644971,0.05055063107249886,1.0,0.39615384615384613,0.6211060389428608,Surv-GAN
0.007417665940890597,0.9555944055944056,0.06817813141175832,0.6165310650887574,0.056895423349507736,1.0,0.43846153846153846,0.6664855556718265,Surv-GAN
0.007226556359414366,0.9562937062937062,0.06615904349399801,0.5933801775147929,0.06361063343982463,1.0,0.4115384615384615,0.6393292907179281,Surv-GAN
0.007489542007611345,0.9513986013986014,0.06229262518031361,0.586723372781065,0.06004291384450005,2.0,0.4307692307692308,0.6666775813205207,Surv-GAN
0.007574793855219326,0.9552447552447553,0.05656232868599263,0.5485576923076922,0.06907192813748443,1.0,0.4346153846153846,0.6620258127526024,Surv-GAN
0.007933089522881888,0.9486013986013986,0.07651441895914449,0.6409023668639053,0.0742914385933831,1.0,0.4153846153846154,0.6882821925340289,Surv-GAN
0.007552716789864975,0.9517482517482517,0.09029480511187726,0.6115384615384615,0.060523609935096145,1.0,0.39615384615384613,0.6206477595684369,Surv-GAN
0.0073169300005600174,0.9531468531468531,0.08464191955000905,0.5901627218934911,0.05249734745339076,2.0,0.4307692307692308,0.6171304345293865,Surv-GAN
0.0075779630442113135,0.9520979020979022,0.04705341796760312,0.595931952662722,0.04963473465413117,1.0,0.4307692307692308,0.6393258560966393,Surv-GAN
0.006936246671516,0.9601398601398601,0.05664479692586537,0.5974852071005918,0.0583441212417738,1.0,0.4653846153846154,0.6379458948334138,Surv-GAN
0.008118021681855683,0.9541958041958043,0.07317011118022346,0.5847263313609468,0.0641434225538044,1.0,0.4461538461538462,0.6380471530670314,Surv-GAN
0.007546789109388522,0.9555944055944057,0.08378439094622962,0.6345784023668639,0.0606439965437696,1.0,0.3769230769230769,0.6564668461010676,Surv-GAN
0.008915855289957014,0.9458041958041957,0.0834268316106812,0.6096153846153846,0.0855002236438115,1.0,0.4269230769230769,0.6411393821809961,Surv-GAN
0.007691656245513032,0.954895104895105,0.06632619344307206,0.5766272189349113,0.05341434557972626,1.0,0.4307692307692308,0.622188382428539,Surv-GAN
0.004806140873950302,0.9636363636363636,0.07980233904567374,0.6149038461538462,0.050229906289461154,1.0,0.3923076923076923,0.6445852519807999,Surv-GAN
0.008391330623229868,0.9520979020979022,0.09277405545380893,0.5951183431952662,0.049962346444606565,2.0,0.38461538461538464,0.6554285863234021,Surv-GAN
0.0070703957378913385,0.9587412587412587,0.06942140023223092,0.571671597633136,0.0653509025102549,1.0,0.4153846153846154,0.6167096420283619,Surv-GAN
0.00627333237778116,0.9597902097902097,0.08016713135873219,0.594119822485207,0.04968948998095571,2.0,0.38846153846153847,0.6228070949765973,Surv-GAN
0.007533310214624359,0.9608391608391608,0.05852204749924029,0.5744082840236686,0.045714824211697806,1.0,0.4307692307692308,0.6400824252092321,Surv-GAN
0.0060084239446223184,0.963986013986014,0.06669689546539674,0.5190828402366864,0.07927349304914279,1.0,0.4230769230769231,0.6571791057468421,Surv-GAN
0.008031686045224123,0.9524475524475524,0.0860272138960539,0.6211168639053255,0.0512468067267995,1.0,0.38461538461538464,0.6640422885882539,Surv-GAN
0.006738650389363243,0.9545454545454546,0.06907571034136502,0.6285502958579883,0.07255521178533672,1.0,0.4346153846153846,0.6503229735622011,Surv-GAN
0.006835717051170154,0.9594405594405594,0.06369149905541217,0.5127218934911243,0.09817305584264824,1.0,0.4423076923076923,0.6679939221375841,Surv-GAN
0.007550560579055143,0.9545454545454546,0.08464335837382116,0.6112795857988166,0.05652511363252688,2.0,0.38461538461538464,0.6553322167382837,Surv-GAN
0.00694924121040221,0.9538461538461539,0.10221795022376319,0.6277366863905325,0.08319195018003366,1.0,0.4269230769230769,0.6165954214899023,Surv-GAN
0.007710213394052448,0.9513986013986013,0.07026179450784117,0.5699704142011834,0.06063987520973428,1.0,0.4461538461538462,0.6474064081906741,Surv-GAN
0.008814417323006817,0.9493006993006993,0.09825996921493062,0.5785502958579881,0.08843539596342058,1.0,0.40384615384615385,0.6206504994729132,Surv-GAN
0.007756010357317725,0.9562937062937064,0.07297589050361782,0.5887943786982248,0.053528333152229386,1.0,0.3923076923076923,0.6503933821274142,Surv-GAN
0.008539716344558485,0.955944055944056,0.0699818323655549,0.5934541420118343,0.07286478573965853,1.0,0.43846153846153846,0.6301161028639389,Surv-GAN
0.007279929453218496,0.951048951048951,0.08190872491430981,0.5602440828402366,0.057139725709369434,1.0,0.38076923076923075,0.6502986818263462,Surv-GAN
0.007941109029273037,0.952097902097902,0.06216019969096851,0.594119822485207,0.046302399641794285,1.0,0.45,0.6198635938550752,Surv-GAN
0.0062849337852787564,0.9594405594405594,0.07251550494678895,0.6162352071005917,0.08275572933670615,1.0,0.3730769230769231,0.6345743444617675,Surv-GAN
0.008932066494996978,0.9489510489510488,0.07978473603714806,0.5752218934911243,0.08108606963318789,1.0,0.38461538461538464,0.6515665380072949,Surv-GAN
0.009370219207271456,0.9472027972027971,0.09365911181625645,0.6105769230769231,0.05789857232002677,1.0,0.39615384615384613,0.6208087745139996,Surv-GAN
0.008058593477554716,0.95,0.08469775557601208,0.5739275147928995,0.06296285534175274,1.0,0.41923076923076924,0.6424578698525749,Surv-GAN
0.007322575324903497,0.9500000000000001,0.09157114808739958,0.564275147928994,0.06068903732701924,1.0,0.4153846153846154,0.6503664715243935,Surv-GAN
0.005757964209497868,0.961188811188811,0.06734246639718594,0.5700073964497042,0.06321604896919207,1.0,0.4153846153846154,0.6488311857445944,Surv-GAN
0.008025063658298475,0.9482517482517483,0.07979323610519162,0.5796597633136095,0.128704353621992,1.0,0.40384615384615385,0.6589451698348194,Surv-GAN
0.006665165603433227,0.9566433566433566,0.07686410784070746,0.5423816568047337,0.05181911587343419,1.0,0.46153846153846156,0.6660754379470007,Surv-GAN
0.009242256601840824,0.9458041958041957,0.09248322860520052,0.6011094674556213,0.060852866542795286,1.0,0.4,0.5970662221879274,Surv-GAN
0.006761352499214065,0.960839160839161,0.052031230793834225,0.6078402366863905,0.05391703636668709,1.0,0.40384615384615385,0.633685522212651,Surv-GAN
0.006855637119973833,0.9576923076923077,0.06196677854385177,0.5905325443786983,0.048163716347677146,3.0,0.4423076923076923,0.6288084028622724,Surv-GAN
0.009271725245487252,0.945104895104895,0.08475341243631168,0.5740384615384615,0.053667073939664175,1.0,0.4423076923076923,0.6432303302586189,Surv-GAN
0.008021067893349967,0.9482517482517483,0.07620228890319512,0.6228180473372781,0.04757113262295958,1.0,0.4115384615384615,0.6520517218314466,Surv-GAN
0.00859383120439645,0.9475524475524474,0.08576671686362991,0.5663461538461537,0.08054104756302256,1.0,0.40384615384615385,0.6273305710107954,Surv-GAN
0.00815199626763388,0.9465034965034964,0.09585854399708744,0.5882396449704143,0.04947569091987547,1.0,0.4346153846153846,0.6796138748281014,Surv-GAN
0.006934680208945895,0.9566433566433564,0.07492542690632212,0.6374630177514793,0.04824103820372909,1.0,0.4115384615384615,0.6572741545641253,Surv-GAN
0.00698627977304278,0.9527972027972027,0.07815239431042961,0.562869822485207,0.10915096536247958,1.0,0.41923076923076924,0.6236179160697464,Surv-GAN
0.008110506406943606,0.9461538461538462,0.09131672423819039,0.6178254437869822,0.11424628742623989,1.0,0.4115384615384615,0.632122427730037,Surv-GAN
0.006075337414469474,0.9629370629370629,0.07700301510766501,0.5344674556213018,0.049098824134206624,1.0,0.40384615384615385,0.6383000389052215,Surv-GAN
0.007654458808610328,0.952097902097902,0.07820022639988815,0.5872041420118342,0.061909002947414735,1.0,0.4230769230769231,0.6767346026391964,Surv-GAN
0.005341466723869038,0.9629370629370629,0.08828549152984749,0.6016642011834319,0.048833948172021885,1.0,0.40384615384615385,0.6552858435195262,Surv-GAN
0.006270328727836636,0.9576923076923076,0.07292049049929805,0.5143491124260355,0.06957723217010119,1.0,0.40384615384615385,0.6246588857892067,Surv-GAN
0.007927396196783268,0.9566433566433566,0.0810440953496952,0.6061020710059172,0.0497135866173395,1.0,0.3769230769230769,0.6528217354377909,Surv-GAN
0.00744912363454328,0.9527972027972029,0.07745511103314387,0.6196745562130178,0.04984631728288451,1.0,0.4115384615384615,0.6330084360426855,Surv-GAN
0.007587049963021125,0.9548951048951048,0.07294059520441151,0.5474482248520711,0.07383210215221943,1.0,0.4153846153846154,0.6458065941653256,Surv-GAN
0.006197980699568221,0.9583916083916084,0.061289259622252706,0.5996671597633136,0.06057116731493714,2.0,0.4269230769230769,0.5941314640176363,Surv-GAN
0.0050746245231588424,0.961888111888112,0.0604197663835029,0.5694896449704142,0.051357283014851915,1.0,0.4230769230769231,0.6545712836320527,Surv-GAN
0.0068013119846289695,0.958041958041958,0.07617572639758222,0.585576923076923,0.07362420849480647,1.0,0.4346153846153846,0.6582999669782815,Surv-GAN
0.006898719493782553,0.9576923076923077,0.06252588340727314,0.595155325443787,0.05630816623913525,1.0,0.4115384615384615,0.6167305268786467,Surv-GAN
0.007146870316517032,0.9573426573426573,0.057086110311012433,0.6013313609467457,0.10433407983614706,1.0,0.4269230769230769,0.6571449558108629,Surv-GAN
0.00909406667165172,0.9423076923076923,0.10040521430596516,0.5854659763313609,0.05185400272119048,1.0,0.41923076923076924,0.6299964737015744,Surv-GAN
0.007737340307964937,0.9517482517482517,0.07519551733541228,0.5914201183431953,0.08910143338340833,1.0,0.4307692307692308,0.6750315892807718,Surv-GAN
0.008347327106081723,0.946153846153846,0.08719693935696571,0.6105769230769231,0.10658150540636387,1.0,0.4076923076923077,0.6282578066462335,Surv-GAN
0.006735868847019694,0.953146853146853,0.0904717140341878,0.5834319526627219,0.04991567868576461,1.0,0.4307692307692308,0.6671515965133649,Surv-GAN
0.008742199477613202,0.9465034965034966,0.08614639080975768,0.6161612426035503,0.04991643536071515,1.0,0.40384615384615385,0.6623213409819473,Surv-GAN
0.007588490852788927,0.9545454545454546,0.06403956243213377,0.5666050295857988,0.047901101499740514,1.0,0.40384615384615385,0.6388575208054291,Surv-GAN
0.009125364231755596,0.9437062937062937,0.08656864967165487,0.6017751479289941,0.053188475396367896,1.0,0.4230769230769231,0.6314580145801253,Surv-GAN
0.006754772637991141,0.9573426573426573,0.07015242340525642,0.5913091715976331,0.09842261445162269,1.0,0.4,0.6397864521843997,Surv-GAN
0.006802058048511711,0.9608391608391608,0.0664676774157112,0.6034763313609467,0.04783041737002027,2.0,0.39615384615384613,0.6378028841472266,Surv-GAN
0.007505543970141424,0.9552447552447553,0.07064282850816331,0.5377588757396451,0.046446879059682054,1.0,0.4576923076923077,0.6554429580200563,Surv-GAN
0.008145671477424577,0.9493006993006993,0.09594152476418695,0.6062130177514794,0.08949487611390143,1.0,0.3730769230769231,0.6652875210273259,Surv-GAN
0.00841324879697236,0.9527972027972027,0.07191894624692297,0.5963387573964496,0.07324716756472693,1.0,0.45,0.6104777819617107,Surv-GAN
0.008133344215125148,0.9503496503496504,0.06898783484922788,0.590939349112426,0.08473884897655624,1.0,0.4,0.6606625621272284,Surv-GAN
0.004767756785459022,0.9653846153846154,0.04966175330286531,0.6183431952662721,0.06241066486053481,1.0,0.4423076923076923,0.634310909600869,Surv-GAN
0.006038406769558944,0.9611888111888113,0.05569567651878076,0.5720414201183431,0.0577213862086869,1.0,0.3923076923076923,0.624191073778866,Surv-GAN
0.009269478148851158,0.9447552447552447,0.0909867519876282,0.6620562130177514,0.05225961849735521,2.0,0.40384615384615385,0.6481312115534307,Surv-GAN
0.006629730213383409,0.9534965034965034,0.07261931716390145,0.5619452662721894,0.10750244789631927,1.0,0.38846153846153847,0.630790157892341,Surv-GAN
0.006697201023695326,0.959090909090909,0.0775612575202633,0.6243713017751479,0.0470527657581056,1.0,0.39615384615384613,0.652821217747978,Surv-GAN
0.007167799959516486,0.9524475524475524,0.07681224211490162,0.6346153846153846,0.059231259918058735,1.0,0.38461538461538464,0.6469706123567784,Surv-GAN
0.00792778239530692,0.9479020979020979,0.07063660980926599,0.5691198224852071,0.05462314121560898,1.0,0.4269230769230769,0.6167516044441816,Surv-GAN
0.008187169716631715,0.9503496503496504,0.0753946895569858,0.6151627218934912,0.05379021505546923,1.0,0.3923076923076923,0.6520674791848492,Surv-GAN
0.0075174671025919956,0.9538461538461539,0.08711783777428606,0.5696005917159763,0.08804081264738337,1.0,0.43846153846153846,0.6358453777803115,Surv-GAN
0.008161370327175486,0.9524475524475523,0.08519397658472834,0.6044378698224853,0.052124938220215,1.0,0.4115384615384615,0.627505403946968,Surv-GAN
0.00782131189148644,0.951048951048951,0.09284858355905275,0.6045488165680474,0.051741231250120895,1.0,0.40384615384615385,0.6462877169802942,Surv-GAN
0.007026967153593481,0.9552447552447553,0.08160049351079354,0.5653476331360946,0.046512225925161896,1.0,0.4307692307692308,0.6328769039510694,Surv-GAN
0.006654676516639382,0.958041958041958,0.06732204167621934,0.6061390532544378,0.04760520111110557,1.0,0.4,0.6582329347706788,Surv-GAN
0.008786301929405051,0.9506993006993006,0.07967248802255988,0.6327662721893491,0.06465425469809409,1.0,0.4153846153846154,0.6230355696019529,Surv-GAN
0.0065781800510272825,0.955944055944056,0.08721530190164295,0.5831360946745563,0.0572517681641925,1.0,0.3384615384615385,0.6490105260333018,Surv-GAN
0.007353440215652157,0.9566433566433566,0.06340141146937817,0.5677144970414202,0.11884229081075683,1.0,0.41923076923076924,0.6659653287217432,Surv-GAN
0.006903098776122155,0.9524475524475524,0.07896957818068402,0.6057692307692308,0.04888976325059591,1.0,0.39615384615384613,0.6626002122782705,Surv-GAN
0.007004465617476654,0.9566433566433566,0.07689466567710201,0.6403476331360947,0.05184466757663724,1.0,0.3730769230769231,0.6503169172515345,Surv-GAN
0.007492934290583162,0.952097902097902,0.08198467048542607,0.5959319526627218,0.05613444682386699,1.0,0.4,0.6575215992340286,Surv-GAN
0.007167147726929657,0.9566433566433566,0.07724621615097353,0.5578402366863905,0.10483902159217598,1.0,0.4,0.6062406301689326,Surv-GAN
0.007151382046169836,0.9538461538461537,0.08204555340410323,0.5400147928994082,0.0995305627645535,1.0,0.4346153846153846,0.6478182899160301,Surv-GAN
0.008572970097765696,0.9461538461538462,0.0884254366586092,0.562130177514793,0.04798908842817204,1.0,0.41923076923076924,0.6350083568018918,Surv-GAN
0.008421645908490483,0.9465034965034966,0.0975977393607654,0.5954142011834319,0.07724674053430095,1.0,0.40384615384615385,0.6123351608669606,Surv-GAN
0.008353949246539972,0.9486013986013986,0.07106859118180422,0.6289201183431953,0.05452491805569138,1.0,0.40384615384615385,0.6395325990334494,Surv-GAN
0.007511772640665823,0.9545454545454546,0.07247827780386688,0.5653846153846154,0.04816751353093408,2.0,0.41923076923076924,0.6412559102508252,Surv-GAN
0.007944109934681505,0.9486013986013986,0.08359028965803392,0.5620562130177515,0.05762042956838788,1.0,0.43846153846153846,0.6403456546228582,Surv-GAN
0.006327542777048848,0.9622377622377623,0.062181545282785494,0.5830251479289942,0.04782386291287917,1.0,0.4346153846153846,0.6187716443546816,Surv-GAN
0.005835814229500352,0.9622377622377623,0.0715566775824289,0.5326553254437869,0.11470340750612222,1.0,0.43846153846153846,0.6248109742805207,Surv-GAN
0.007461630630261365,0.9527972027972027,0.08112228961729492,0.5737795857988165,0.0481267060107054,1.0,0.4423076923076923,0.6243223426547474,Surv-GAN
0.008215955365413538,0.9503496503496504,0.07686182488104157,0.580473372781065,0.056870370980664886,1.0,0.4461538461538462,0.6410270708305964,Surv-GAN
0.007944245857736364,0.948951048951049,0.06900864551180735,0.6382396449704142,0.09022550814247278,1.0,0.3769230769230769,0.6449131030679276,Surv-GAN
0.007699834019395579,0.9545454545454546,0.07674649021901045,0.5773298816568047,0.05717096553920579,1.0,0.4269230769230769,0.638650158664647,Surv-GAN
0.007778759758421443,0.9493006993006994,0.07137063812173507,0.5654215976331362,0.048617705137191235,2.0,0.4269230769230769,0.6324638799174228,Surv-GAN
0.007513900845354148,0.9545454545454546,0.08052474781186855,0.6019970414201185,0.04916405021875208,1.0,0.41923076923076924,0.6087570395586068,Surv-GAN
0.0058784092553466815,0.958041958041958,0.06846493502371602,0.5925295857988165,0.13729856038549812,1.0,0.4,0.629798246713101,Surv-GAN
0.00829825985721399,0.9538461538461539,0.06732442664627403,0.6333949704142012,0.053192980159953634,1.0,0.43846153846153846,0.6461557246913391,Surv-GAN
0.007726683318606381,0.9524475524475524,0.07467312144889984,0.6203772189349112,0.05396734295703269,1.0,0.4,0.6494317651797107,Surv-GAN
0.007336475059628778,0.9545454545454546,0.07803043050924728,0.6058431952662721,0.06157587764178495,1.0,0.40384615384615385,0.6281064328588977,Surv-GAN
0.006557073616718798,0.958041958041958,0.06315855181778626,0.568491124260355,0.04485240658605326,1.0,0.46153846153846156,0.6378258329241862,Surv-GAN
0.00676722308132314,0.9604895104895106,0.08437507884186948,0.5944896449704141,0.04881728088150586,1.0,0.4076923076923077,0.6325570787610522,Surv-GAN
0.008352499635680589,0.948951048951049,0.08388163902294506,0.571930473372781,0.05352865864952679,3.0,0.41923076923076924,0.6580565772952518,Surv-GAN
0.00899432830864076,0.9444055944055944,0.07672932980366824,0.5766272189349112,0.055604867516742706,1.0,0.40384615384615385,0.6396500105403875,Surv-GAN
0.007523503055303929,0.9538461538461537,0.08620580377979133,0.5575073964497042,0.09969951824246705,1.0,0.3769230769230769,0.6314077487104676,Surv-GAN
0.0069773759516738735,0.9545454545454546,0.07793539913900323,0.6275147928994083,0.054878972181200365,1.0,0.38461538461538464,0.6386769939695555,Surv-GAN
0.004329975004404429,0.9702797202797203,0.06311340465748146,0.5828032544378698,0.08137663760800672,1.0,0.4153846153846154,0.6303346333933085,Surv-GAN
0.006695647114512859,0.9611888111888113,0.06433392975847232,0.590310650887574,0.0641143841066884,1.0,0.4153846153846154,0.6147497052696633,Surv-GAN
0.007221770427542765,0.9562937062937064,0.07160943987985884,0.5405325443786981,0.04957717671895105,1.0,0.41923076923076924,0.6335709210616032,Surv-GAN
0.008863708094451282,0.95,0.08946838854231633,0.6027366863905325,0.05353327876025595,1.0,0.40384615384615385,0.6415660807862646,Surv-GAN
0.007827314696088418,0.9524475524475524,0.08522139360182872,0.5904585798816567,0.08644713076464886,1.0,0.4,0.6411650752606936,Surv-GAN
0.0072031855465893,0.9517482517482516,0.08890320640826466,0.5370192307692307,0.05318492551599226,2.0,0.39615384615384613,0.6287458952496087,Surv-GAN
0.007792301759715356,0.951048951048951,0.08790067367249182,0.5927884615384615,0.08004169336873637,1.0,0.39615384615384613,0.6190472564280336,Surv-GAN
0.00744736728677916,0.9555944055944056,0.07675380208219386,0.5985576923076923,0.09778701946579176,1.0,0.45,0.6646616865859574,Surv-GAN
0.008368754169339583,0.9465034965034964,0.10553101910879167,0.6770710059171597,0.05379092202118615,3.0,0.4,0.6459080016339971,Surv-GAN
0.00793276364079214,0.9472027972027973,0.07273036564138799,0.6071745562130177,0.05107127644459716,1.0,0.4,0.6496913802861528,Surv-GAN
0.006804529263933907,0.958041958041958,0.08590961702862546,0.5602810650887575,0.05491338383948038,1.0,0.43846153846153846,0.6354954329568314,Surv-GAN
0.00855415187892793,0.9458041958041957,0.09245755509574168,0.5900147928994082,0.10225309047512966,1.0,0.45,0.6356903750922461,Surv-GAN
0.007594525896190924,0.9482517482517483,0.09214116843945354,0.5934541420118344,0.06778861870670161,1.0,0.4115384615384615,0.6516469048188008,Surv-GAN
0.005623167536636827,0.9629370629370629,0.08208468942127109,0.5878328402366864,0.05482685064842962,1.0,0.40384615384615385,0.6375636300215597,Surv-GAN
0.007701016230328254,0.9538461538461539,0.06351046557233213,0.546301775147929,0.06710929981286425,1.0,0.41923076923076924,0.6622139323359123,Surv-GAN
0.0073394088764918404,0.95,0.07711730533718117,0.5930473372781065,0.09406348767369374,1.0,0.4,0.6538472296139828,Surv-GAN
0.007813607622861474,0.9524475524475523,0.0786993701414394,0.5550295857988166,0.06183771376355519,1.0,0.4115384615384615,0.6278407268584422,Surv-GAN
0.006651510186934751,0.9622377622377623,0.06159100380861961,0.5738905325443786,0.11502768265748875,1.0,0.41923076923076924,0.6178989163436046,Surv-GAN
0.00724246855055757,0.9541958041958041,0.07679059606963297,0.5988165680473372,0.06508359961784618,1.0,0.43846153846153846,0.6558821434061897,Surv-GAN
0.008816690233351436,0.9447552447552447,0.08159709084971602,0.6181213017751479,0.04762593450746222,2.0,0.4346153846153846,0.6392716550250631,Surv-GAN
0.005892043766041618,0.9601398601398601,0.06452044705259843,0.6343565088757396,0.07371055468577728,1.0,0.38846153846153847,0.6339239832287084,Surv-GAN
0.0076683540773986765,0.9468531468531469,0.10343069563434563,0.5762943786982249,0.06556240958318282,1.0,0.4230769230769231,0.6401257822830497,Surv-GAN
0.006713350861796052,0.9545454545454546,0.07692565373534475,0.525,0.06442614263113207,1.0,0.4307692307692308,0.6293769816822559,Surv-GAN
0.0076150303748966225,0.9506993006993006,0.08829830876937352,0.6030325443786981,0.06312747592085638,1.0,0.45,0.6381033078546312,Surv-GAN
0.008272021518841786,0.9531468531468531,0.0864982881389537,0.6518121301775148,0.09319632670894619,1.0,0.38076923076923075,0.6232752253932327,Surv-GAN
0.007289409245177614,0.9534965034965034,0.09321287500024188,0.5659763313609468,0.09881775928896534,1.0,0.4153846153846154,0.6845705272499403,Surv-GAN
0.007470895725951871,0.9548951048951048,0.08759390560433052,0.6008875739644971,0.050082064605143695,1.0,0.38076923076923075,0.6378454925850822,Surv-GAN
0.006112392154108348,0.961188811188811,0.05514361833856061,0.5598742603550295,0.04802036469967808,1.0,0.4423076923076923,0.6276274104419989,Surv-GAN
0.008355321598833999,0.9493006993006994,0.09550942553171984,0.6243343195266273,0.05646385700362408,1.0,0.38076923076923075,0.6386499894964106,Surv-GAN
0.006643924042750565,0.9615384615384616,0.06786809701721755,0.558542899408284,0.10879561884382347,1.0,0.38461538461538464,0.6140650201072587,Surv-GAN
0.007414517545683086,0.952097902097902,0.07549194466711324,0.6154215976331361,0.05942751737637622,1.0,0.40384615384615385,0.620244529816428,Surv-GAN
0.006467719278828051,0.9615384615384616,0.07407579330669677,0.5675295857988166,0.050914774183701106,1.0,0.4076923076923077,0.6590431329875198,Surv-GAN
0.007877805210701395,0.9489510489510488,0.09563343328147886,0.5669748520710058,0.07110313471442427,1.0,0.4076923076923077,0.6178754989034149,Surv-GAN
0.007080597170029846,0.9524475524475524,0.07851365488763563,0.627403846153846,0.048332093142400966,1.0,0.39615384615384613,0.6238204840591555,Surv-GAN
0.007784841229850015,0.952097902097902,0.10479440768806218,0.587352071005917,0.05002704194897694,1.0,0.4076923076923077,0.6536345204360867,Surv-GAN
0.0060851755664518385,0.9608391608391608,0.06349048190096193,0.580473372781065,0.09036648818397179,1.0,0.4230769230769231,0.6243704183636024,Surv-GAN
0.008195018988082885,0.9510489510489509,0.09096865479038474,0.5904215976331362,0.08126929281199148,1.0,0.4153846153846154,0.6654581272429443,Surv-GAN
0.0072997944838812745,0.9545454545454546,0.06925560090450185,0.5740384615384615,0.04891556519276627,2.0,0.38846153846153847,0.6543594913447677,Surv-GAN
0.008115851824751545,0.9510489510489509,0.07543943516162464,0.6316568047337279,0.06433348441509819,1.0,0.4,0.6685013820207706,Surv-GAN
0.005517714568309026,0.9632867132867133,0.06680425406629523,0.5640162721893491,0.062328484290684744,2.0,0.41923076923076924,0.6469120777808954,Surv-GAN
0.007006644613975408,0.9573426573426573,0.08273088343151225,0.610207100591716,0.07406860966591297,1.0,0.38076923076923075,0.6168228795325811,Surv-GAN
0.006475572030603632,0.9569930069930069,0.07388989467896458,0.6184171597633136,0.055290544844426706,1.0,0.4076923076923077,0.674784966096886,Surv-VAE
0.008358925648617004,0.9493006993006993,0.06597426693043,0.6208579881656805,0.04878636443462882,1.0,0.4230769230769231,0.6411463214697211,Surv-VAE
0.0060392516503352724,0.9608391608391608,0.036111690425291186,0.5873520710059171,0.10576443019820235,1.0,0.4269230769230769,0.6649228796388595,Surv-VAE
0.010020290726862101,0.9388111888111887,0.05654259182810809,0.624371301775148,0.1509012427754739,1.0,0.4346153846153846,0.6264877337555723,Surv-VAE
0.0059525421076577715,0.9611888111888113,0.036576801850857016,0.5502588757396449,0.14309284442536452,1.0,0.46923076923076923,0.6239870976198937,Surv-VAE
0.00822900205435602,0.9461538461538462,0.05336187410698795,0.6435281065088757,0.12378395514653633,1.0,0.40384615384615385,0.6577431655317602,Surv-VAE
0.009226387186902017,0.9465034965034966,0.059418299721862265,0.6610576923076923,0.09506325746315519,1.0,0.41923076923076924,0.6515066806410913,Surv-VAE
0.007931212912896864,0.9531468531468531,0.060862609722339533,0.6313239644970413,0.06548212924477592,1.0,0.4,0.6285596298945093,Surv-VAE
0.009991091015638786,0.9405594405594406,0.07849466367756114,0.6310650887573963,0.05042982159374107,2.0,0.4230769230769231,0.6472012690762136,Surv-VAE
0.007819238335452618,0.952097902097902,0.05719596578583833,0.6577662721893491,0.04651924592673584,2.0,0.4461538461538462,0.6151881382433896,Surv-VAE
0.00787274195367318,0.9479020979020979,0.07082064771565896,0.6380547337278106,0.053388333121091265,2.0,0.3769230769230769,0.658221877199938,Surv-VAE
0.008751344496035603,0.9461538461538462,0.05716796350194859,0.6486686390532543,0.0591197100686943,1.0,0.40384615384615385,0.6545167282412866,Surv-VAE
0.008117672004923695,0.9461538461538462,0.05983074206930619,0.6363905325443786,0.05383623647374796,1.0,0.4307692307692308,0.5949653287120211,Surv-VAE
0.0074729324216914255,0.9493006993006994,0.04710983679641985,0.6056952662721893,0.08039001629021625,1.0,0.4576923076923077,0.6310682015522665,Surv-VAE
0.007534154224154954,0.9531468531468531,0.06250534274124867,0.6516642011834319,0.049186817180861556,2.0,0.4230769230769231,0.6265330636900975,Surv-VAE
0.009347654632411183,0.936013986013986,0.09595012156463745,0.6880177514792899,0.051187812193243566,1.0,0.4,0.6742492149752564,Surv-VAE
0.007211894436375137,0.9566433566433566,0.05853114475718293,0.5791050295857989,0.04786116708768984,1.0,0.4423076923076923,0.6230283546028,Surv-VAE
0.008833327041470334,0.9482517482517481,0.0722859677240287,0.6364644970414202,0.04900842423656654,1.0,0.4461538461538462,0.6238300484485042,Surv-VAE
0.009831182006123866,0.9416083916083916,0.06933410481234768,0.6247041420118344,0.04946883091635313,2.0,0.4115384615384615,0.6572141285396049,Surv-VAE
0.011852502730056731,0.9325174825174826,0.08186389753795054,0.660355029585799,0.049400598654667616,1.0,0.4307692307692308,0.6822109185320633,Surv-VAE
0.00713343178875436,0.9569930069930069,0.047576780731963156,0.6195636094674557,0.07476648657675912,1.0,0.4461538461538462,0.626835235086848,Surv-VAE
0.005866989846493483,0.9629370629370629,0.04910470686466616,0.6251849112426036,0.04799843619707698,1.0,0.4115384615384615,0.6284158272984849,Surv-VAE
0.00750699727394748,0.9524475524475524,0.03921637098317832,0.6475591715976331,0.06701808288088673,2.0,0.39615384615384613,0.620642657122404,Surv-VAE
0.006537294316662795,0.9590909090909091,0.06008337662336259,0.6062130177514794,0.0618035932212635,1.0,0.41923076923076924,0.6654289666209722,Surv-VAE
0.007411473047607495,0.9534965034965034,0.056816026557200444,0.5940458579881657,0.08112978647866,1.0,0.4153846153846154,0.6274412798336101,Surv-VAE
0.008370309134780658,0.9503496503496504,0.061741978474623385,0.6041789940828403,0.04711562228073332,1.0,0.4346153846153846,0.6556260640219101,Surv-VAE
0.006590886531322253,0.9611888111888113,0.0656457311313633,0.5818047337278106,0.08928526417024285,1.0,0.3769230769230769,0.6438922228487264,Surv-VAE
0.009409094912512423,0.9458041958041957,0.0757429862022806,0.6268491124260355,0.04898181806848051,2.0,0.38076923076923075,0.6721137882585175,Surv-VAE
0.00773099709335826,0.9513986013986014,0.06588652082170131,0.5855029585798818,0.051162543735875005,1.0,0.43846153846153846,0.6463585669379343,Surv-VAE
0.00915153898907749,0.9454545454545453,0.07030184717858906,0.6697115384615384,0.05024018239280471,1.0,0.4269230769230769,0.6753490049906425,Surv-VAE
0.008422823463753165,0.948951048951049,0.08745129874678748,0.6262943786982248,0.07168446620525766,1.0,0.38461538461538464,0.6568124040579748,Surv-VAE
0.009119049400880756,0.9472027972027971,0.08349217447209528,0.670414201183432,0.05302444245144507,1.0,0.4153846153846154,0.6256855608546179,Surv-VAE
0.00855800778027529,0.9461538461538462,0.06043124710245271,0.6631656804733729,0.1251383782933229,1.0,0.4,0.6647022253594745,Surv-VAE
0.0073176535299401095,0.9527972027972027,0.05439272554634036,0.6103180473372781,0.07141213196237524,1.0,0.4423076923076923,0.6451529766214014,Surv-VAE
0.007049582005081472,0.955944055944056,0.032766487154834566,0.6447115384615384,0.04561585466792877,2.0,0.43846153846153846,0.6557913884885491,Surv-VAE
0.009008231197971674,0.9454545454545453,0.07946018924089002,0.6779955621301775,0.05145347067594021,1.0,0.4115384615384615,0.6300361918329529,Surv-VAE
0.00886604082973451,0.9447552447552446,0.08506422475566887,0.6058062130177515,0.08795564845791567,1.0,0.4115384615384615,0.6602615042304625,Surv-VAE
0.007702975953939328,0.955944055944056,0.03475747439843154,0.635059171597633,0.0867892837597057,1.0,0.4461538461538462,0.6754989677046482,Surv-VAE
0.008431473826770291,0.9486013986013986,0.08468413233950584,0.6288461538461539,0.05259948043887558,1.0,0.40384615384615385,0.6235648145361672,Surv-VAE
0.009261966648382703,0.9416083916083916,0.09133684355451961,0.6377958579881657,0.08537793838313008,1.0,0.4230769230769231,0.6008847313044188,Surv-VAE
0.0064803434263684175,0.9625874125874124,0.03761804775477905,0.6595044378698225,0.0601924945057448,1.0,0.41923076923076924,0.6744755723453376,Surv-VAE
0.007877464438741367,0.9503496503496504,0.04439909894482428,0.6600221893491125,0.055230042840064296,1.0,0.36923076923076925,0.697311170193899,Surv-VAE
0.00971129686951479,0.9381118881118881,0.07449958959407844,0.6271079881656805,0.04651194015783245,1.0,0.4,0.6383069203456656,Surv-VAE
0.006333889012169174,0.958041958041958,0.048352188670363186,0.6249630177514793,0.08741363603095147,1.0,0.4153846153846154,0.6489312332895332,Surv-VAE
0.010001397908718289,0.943006993006993,0.06233450741228231,0.6447855029585798,0.06351187356114979,2.0,0.4269230769230769,0.6725444006520876,Surv-VAE
0.007341529521571963,0.9562937062937062,0.06210460816581074,0.6619452662721894,0.06808347848790379,2.0,0.36153846153846153,0.6631596544094815,Surv-VAE
0.008093244396445319,0.95,0.052170589632229404,0.6532544378698225,0.04942422483774324,1.0,0.4115384615384615,0.6335013253453967,Surv-VAE
0.00857660234837546,0.945104895104895,0.054895877723147316,0.6330251479289941,0.10196302139937388,1.0,0.4230769230769231,0.6564049656821396,Surv-VAE
0.0069200105475090805,0.9576923076923077,0.031999327950524785,0.5923816568047335,0.08119532431270314,1.0,0.4461538461538462,0.6383710290501925,Surv-VAE
0.008820944634171008,0.9433566433566433,0.05567282447172291,0.6142011834319526,0.047548212579267,2.0,0.4269230769230769,0.6355676887305576,Surv-VAE
0.008761822071757337,0.9458041958041957,0.05823402190433156,0.6370192307692308,0.08735001589044658,1.0,0.36923076923076925,0.6581032762697799,Surv-VAE
0.007628844128573912,0.9513986013986013,0.0589988949273086,0.6300295857988166,0.062273887266916336,1.0,0.39615384615384613,0.6071659175405562,Surv-VAE
0.008366621088452535,0.9465034965034966,0.06675590665565283,0.6180473372781065,0.05187587997274172,1.0,0.4346153846153846,0.6580498236249095,Surv-VAE
0.008408827729299233,0.951048951048951,0.065897929540495,0.6263683431952662,0.049237856507313195,1.0,0.4076923076923077,0.6468758266898778,Surv-VAE
0.006938568702787962,0.9573426573426573,0.04329507094254264,0.6190828402366865,0.0916583750548385,1.0,0.4461538461538462,0.6681017322918146,Surv-VAE
0.009616312887841427,0.9433566433566434,0.09668925567294458,0.6285502958579883,0.058024904617771926,1.0,0.4115384615384615,0.6150024486668809,Surv-VAE
0.007198488349152499,0.9555944055944057,0.04796694710286741,0.6238905325443788,0.0699090460440773,1.0,0.41923076923076924,0.6568844299228136,Surv-VAE
0.008299895394199857,0.945104895104895,0.04599675172549644,0.6537352071005917,0.04698725139370634,1.0,0.4153846153846154,0.683752856502702,Surv-VAE
0.009100890413582696,0.943006993006993,0.08602655147914877,0.6222263313609468,0.07206045534162947,1.0,0.4076923076923077,0.6757314958075405,Surv-VAE
0.009269284457686162,0.9423076923076923,0.07009809195147139,0.6588757396449704,0.06842832580167428,1.0,0.43846153846153846,0.6555814618355083,Surv-VAE
0.0073975474539393045,0.9531468531468531,0.049786334895877866,0.6206360946745562,0.051972001496032885,1.0,0.4269230769230769,0.6253988470323448,Surv-VAE
0.010089498804247322,0.9409090909090909,0.06353007599232922,0.6703772189349113,0.0922329327881162,1.0,0.4230769230769231,0.6437514328074346,Surv-VAE
0.009731497889798007,0.9416083916083916,0.05444141833612509,0.6849852071005917,0.07247278622967528,1.0,0.4423076923076923,0.6549783698074745,Surv-VAE
0.009834841118722397,0.9426573426573427,0.038873733423355525,0.6454142011834318,0.05774836303582132,2.0,0.38461538461538464,0.6842826821531254,Surv-VAE
0.008889920211085787,0.944055944055944,0.05642526001063287,0.6210059171597633,0.04796719126179159,1.0,0.4076923076923077,0.6152399833194708,Surv-VAE
0.007615991604080946,0.9534965034965036,0.04933648035649818,0.6026257396449703,0.08178488940815681,1.0,0.4230769230769231,0.6486950892282884,Surv-VAE
0.007768038211161867,0.9506993006993006,0.05322427793609507,0.6453772189349112,0.05104218262783313,1.0,0.4115384615384615,0.6436391096592775,Surv-VAE
0.008791337568812051,0.9472027972027973,0.07295913779892937,0.593860946745562,0.07288164516061334,1.0,0.46153846153846156,0.6674696595334699,Surv-VAE
0.008554335196938274,0.9503496503496504,0.06680094922763047,0.6164201183431953,0.08103589274304651,1.0,0.4,0.6852602380941439,Surv-VAE
0.007327136038272555,0.9538461538461537,0.05085155360069132,0.585207100591716,0.057571596638827716,1.0,0.46153846153846156,0.6440672820312263,Surv-VAE
0.008811954117282424,0.947902097902098,0.05571847298505255,0.6060650887573964,0.06547344756542252,2.0,0.4153846153846154,0.6290964019791706,Surv-VAE
0.010184715393018988,0.9388111888111887,0.05564368549687833,0.68073224852071,0.06880407459873149,1.0,0.41923076923076924,0.6394121804520908,Surv-VAE
0.008410230138464363,0.9486013986013986,0.06500165802513078,0.6525517751479291,0.05508405247144671,1.0,0.38076923076923075,0.6309921230687608,Surv-VAE
0.009225503571697803,0.9419580419580419,0.07796522371555578,0.6162721893491125,0.06722679426202835,1.0,0.40384615384615385,0.6733307122909349,Surv-VAE
0.008751944583476707,0.9437062937062937,0.06804911325434285,0.6154585798816569,0.09018866014471336,1.0,0.4269230769230769,0.6467136630580541,Surv-VAE
0.009420190619418857,0.9440559440559441,0.053818745370611175,0.6290680473372781,0.1190378210192808,1.0,0.4115384615384615,0.6518010951362818,Surv-VAE
0.00773662609499742,0.9506993006993006,0.0539348554499842,0.6316937869822484,0.0539015525731065,1.0,0.41923076923076924,0.6449729101604996,Surv-VAE
0.009001104567322993,0.943006993006993,0.06729243073462883,0.5984097633136095,0.04948390395519669,1.0,0.4,0.629220746296314,Surv-VAE
0.007807116198559203,0.9506993006993006,0.04732643447111156,0.6316568047337278,0.13264409554482867,1.0,0.4115384615384615,0.6691311452843599,Surv-VAE
0.006795451094817408,0.9555944055944056,0.05692930120946124,0.654844674556213,0.060732088279534406,1.0,0.3769230769230769,0.6549985883427677,Surv-VAE
0.006817466625793369,0.954895104895105,0.058857319501396464,0.6436390532544379,0.05196836770500454,1.0,0.39615384615384613,0.6551190001231912,Surv-VAE
0.008510646161700296,0.9500000000000001,0.06751185332828756,0.6129807692307693,0.047527988492071085,1.0,0.4423076923076923,0.6530010327136364,Surv-VAE
0.00956870996203519,0.9412587412587413,0.0638819986042343,0.6167529585798817,0.09789177318484572,1.0,0.4307692307692308,0.6456476196127476,Surv-VAE
0.00972602682907352,0.9468531468531469,0.06400424589235394,0.6022928994082841,0.04775754897577076,1.0,0.4269230769230769,0.6140306450184383,Surv-VAE
0.008557769131314652,0.9461538461538462,0.07393556707201067,0.6512573964497042,0.05475146110482806,1.0,0.4,0.6566630051624754,Surv-VAE
0.007558577584661993,0.9500000000000001,0.06066729958982889,0.6336168639053255,0.07851661992892223,1.0,0.4269230769230769,0.6336344463130583,Surv-VAE
0.007551368276481806,0.9531468531468531,0.05660382071648845,0.5971153846153846,0.05167937652629056,1.0,0.4153846153846154,0.628189004284099,Surv-VAE
0.008151401722795286,0.9465034965034966,0.054007773702598724,0.599741124260355,0.04926923845255219,1.0,0.4423076923076923,0.6444744808597854,Surv-VAE
0.006434688466692073,0.9594405594405594,0.03838970868183711,0.6455991124260355,0.06662969636037408,1.0,0.4153846153846154,0.6318991172885224,Surv-VAE
0.00759742804780307,0.9517482517482517,0.053459717289992575,0.6280325443786983,0.04983572665851737,1.0,0.41923076923076924,0.633007706189369,Surv-VAE
0.006729538876187085,0.959090909090909,0.06687605952466313,0.5998150887573964,0.05164248758279594,1.0,0.46153846153846156,0.6567759683809751,Surv-VAE
0.007504064941522655,0.9527972027972029,0.049657688872876526,0.6446745562130177,0.07419414183819746,1.0,0.4153846153846154,0.6412978045313489,Surv-VAE
0.007698795014533766,0.9500000000000001,0.04883445041157475,0.6312130177514793,0.04640561427574703,2.0,0.4346153846153846,0.653765219116711,Surv-VAE
0.007107769998110439,0.9562937062937064,0.04288870824137298,0.5896079881656805,0.052508142998450975,2.0,0.45,0.631484530472057,Surv-VAE
0.00762170388910702,0.9513986013986013,0.058462904385450945,0.5920488165680473,0.09843852737629026,1.0,0.4153846153846154,0.635673759820448,Surv-VAE
0.00803065209355683,0.951048951048951,0.0728046864623969,0.5866863905325443,0.0717136793959593,2.0,0.41923076923076924,0.617897189152076,Surv-VAE
0.00788187549512024,0.9531468531468531,0.06459376322667723,0.5775147928994083,0.062409815568135844,1.0,0.49230769230769234,0.6366268240866335,Surv-VAE
0.008080160459533078,0.9524475524475524,0.07335238943684456,0.6708210059171599,0.0779978632277594,1.0,0.35384615384615387,0.6502032486354226,Surv-VAE
0.006059766508568601,0.9573426573426573,0.05285773585200486,0.577292899408284,0.047466780270979995,1.0,0.47307692307692306,0.637761006135985,Surv-VAE
0.008051005805322848,0.9493006993006994,0.0672525312226034,0.6282914201183432,0.10279382349510582,1.0,0.41923076923076924,0.6699534461209276,Surv-VAE
0.00749212376639519,0.9527972027972029,0.0585862132541844,0.6291420118343195,0.07813609122511676,1.0,0.43846153846153846,0.6506904077306112,Surv-VAE
0.006883946041300292,0.9583916083916083,0.05562715767442238,0.611242603550296,0.11166468686831386,1.0,0.4346153846153846,0.6602746175787263,Surv-VAE
0.008697255739710235,0.9493006993006993,0.056410371781819645,0.6384245562130177,0.07286669366115506,1.0,0.40384615384615385,0.6598061393720251,Surv-VAE
0.008785062289707336,0.9465034965034964,0.07191533466971822,0.5962278106508876,0.1756253813064685,1.0,0.4423076923076923,0.6266760691000433,Surv-VAE
0.007978957810242757,0.9503496503496504,0.05945481924212723,0.6321745562130177,0.051383657468282565,2.0,0.40384615384615385,0.6438774623824988,Surv-VAE
0.008228504211662406,0.95,0.060588234131511105,0.658801775147929,0.05356124070751592,1.0,0.4076923076923077,0.6769404651062368,Surv-VAE
0.009820903106019022,0.9454545454545454,0.054558754350042996,0.6312869822485208,0.048390679420349296,1.0,0.4115384615384615,0.6114876363334106,Surv-VAE
0.009751227270878649,0.9437062937062937,0.03935011765438491,0.6269600591715976,0.052229549453852324,1.0,0.4307692307692308,0.642848659806036,Surv-VAE
0.007565074737284624,0.9475524475524474,0.06761050058257537,0.6612795857988165,0.052116929782728194,1.0,0.45384615384615384,0.6814908185208078,Surv-VAE
0.00698843839753458,0.9527972027972029,0.056453332578551535,0.6390902366863905,0.0944406618245484,1.0,0.4653846153846154,0.6908697280120819,Surv-VAE
0.008002776751844855,0.9517482517482516,0.05777723835212231,0.5867603550295857,0.048374496597701724,2.0,0.4461538461538462,0.6696217416087861,Surv-VAE
0.008968130923689059,0.9447552447552447,0.055065541317671614,0.6513683431952662,0.04983357518286264,1.0,0.4307692307692308,0.6432483828007292,Surv-VAE
0.006950050167611756,0.9562937062937062,0.057220527852524336,0.6250369822485208,0.048416088430351924,1.0,0.4346153846153846,0.6497362913672324,Surv-VAE
0.008813271196138416,0.9451048951048953,0.056366913322762155,0.6187869822485207,0.05661932364617239,1.0,0.4230769230769231,0.6476529331315817,Surv-VAE
0.009054983352399812,0.9454545454545454,0.05418409214162121,0.6572115384615383,0.05005995824908429,1.0,0.4153846153846154,0.6641280128407625,Surv-VAE
0.009254652596514696,0.9423076923076921,0.0697893532072708,0.6130547337278106,0.049938990147750995,1.0,0.4307692307692308,0.6707354215521723,Surv-VAE
0.009636824223448543,0.9363636363636363,0.06765265482490221,0.6251109467455622,0.052238479609587024,1.0,0.4461538461538462,0.660228114131372,Surv-VAE
0.008618126050581694,0.9458041958041957,0.08157124808471741,0.6546597633136095,0.052028893308021275,1.0,0.4153846153846154,0.6522514828176418,Surv-VAE
0.006630952643876003,0.9597902097902099,0.07645764056645699,0.6453772189349112,0.055158442529361265,1.0,0.38076923076923075,0.6660785563320171,Surv-VAE
0.008721371375338073,0.9468531468531469,0.07813925571161842,0.6510355029585799,0.1078203574009227,1.0,0.3923076923076923,0.6503633406897764,Surv-VAE
0.007707279640810819,0.9513986013986013,0.06802300194668881,0.6137943786982248,0.120944500991854,1.0,0.40384615384615385,0.6437932083228654,Surv-VAE
0.007474974889430919,0.9517482517482517,0.046488140204821414,0.6559171597633136,0.04853186250298425,1.0,0.4153846153846154,0.6564967627095317,Surv-VAE
0.008040728059459318,0.9482517482517483,0.05745959225784866,0.6271449704142011,0.10669253923750437,1.0,0.4076923076923077,0.6303195097910451,Surv-VAE
0.007766393813497738,0.9534965034965036,0.040248316316513114,0.6633875739644971,0.050590318135653074,1.0,0.4,0.6906851727526251,Surv-VAE
0.007623059171879115,0.9534965034965034,0.07174247647543551,0.5981139053254438,0.049054184420045686,1.0,0.4423076923076923,0.6323111282114762,Surv-VAE
0.007962565699890138,0.9486013986013987,0.06379563559620399,0.6409393491124261,0.07219143445843432,1.0,0.41923076923076924,0.6460271090445486,Surv-VAE
0.006619927342185635,0.955944055944056,0.06746653267098336,0.568380177514793,0.08561709229164205,1.0,0.4461538461538462,0.6345981276305247,Surv-VAE
0.009451018661857267,0.941958041958042,0.08035930299214161,0.6318047337278107,0.05041670050924397,1.0,0.4076923076923077,0.6235267506671313,Surv-VAE
0.010784151173958886,0.9367132867132867,0.06196193073334168,0.6416789940828402,0.0726772181655027,1.0,0.4230769230769231,0.6549988688574558,Surv-VAE
0.007790003200224601,0.9517482517482517,0.05796484367482655,0.6416420118343196,0.04958330279300668,2.0,0.4115384615384615,0.6451284768381865,Surv-VAE
0.00833512671887026,0.9472027972027971,0.07801637164775796,0.6017011834319527,0.06991070432938694,2.0,0.4346153846153846,0.672132581083806,Surv-VAE
0.009150565002084346,0.9454545454545454,0.06355809585071556,0.6209319526627218,0.08609580884351173,1.0,0.4346153846153846,0.6467118800372502,Surv-VAE
0.007109889924331248,0.955944055944056,0.053127210289873335,0.621819526627219,0.0502013869614085,2.0,0.4230769230769231,0.6620197187255337,Surv-VAE
0.008446173600884661,0.9468531468531469,0.05317915691525029,0.6338757396449705,0.06933123087127997,2.0,0.4076923076923077,0.6788001460972359,Surv-VAE
0.01012943082735022,0.9388111888111887,0.07809392684197541,0.65573224852071,0.07429634827923058,1.0,0.4,0.6666955248697934,Surv-VAE
0.008526936918239547,0.9465034965034966,0.08431925586998125,0.6433431952662721,0.07907320814044048,1.0,0.4,0.6608399837622517,Surv-VAE
0.008063439288499346,0.9465034965034964,0.06584119951067392,0.6301405325443786,0.06845953707098772,1.0,0.4153846153846154,0.6438427768465801,Surv-VAE
0.01119322030577697,0.9353146853146853,0.08784880552972923,0.6054733727810652,0.05098742832532082,1.0,0.4269230769230769,0.6552567336358536,Surv-VAE
0.009423329946401144,0.9426573426573426,0.07821198621851268,0.6697485207100592,0.0753541172933143,1.0,0.4076923076923077,0.6442728488181475,Surv-VAE
0.008259072194501709,0.9454545454545453,0.07428504077204295,0.6433431952662721,0.0560029231257854,3.0,0.45,0.6432177435840669,Surv-VAE
0.009411165290770521,0.9426573426573427,0.0500287589763796,0.6501479289940828,0.051765887361598026,1.0,0.38846153846153847,0.6762261366183564,Surv-VAE
0.006831895692087314,0.958041958041958,0.04944449908680836,0.5943047337278106,0.063895260122998,1.0,0.43846153846153846,0.6439311642945416,Surv-VAE
0.00968422021709717,0.9416083916083917,0.0613962293228036,0.6433801775147929,0.05107271227653526,1.0,0.38846153846153847,0.6541265333292615,Surv-VAE
0.009028216648588806,0.9447552447552446,0.07324754378208168,0.6403476331360947,0.11269862562364104,1.0,0.40384615384615385,0.6453208579312594,Surv-VAE
0.007940913574638575,0.9534965034965034,0.05882068535381316,0.6315458579881656,0.044865637143866974,1.0,0.4115384615384615,0.6567009590925691,Surv-VAE
0.008955595391335777,0.945804195804196,0.04882716630317462,0.6703402366863905,0.05938002963038399,1.0,0.39615384615384613,0.6472451580891551,Surv-VAE
0.007108946476256746,0.9552447552447553,0.05637693128990007,0.6640162721893491,0.0511731664366914,1.0,0.4307692307692308,0.6478889123350904,Surv-VAE
0.007862458815622548,0.9538461538461539,0.04419012785491787,0.6186760355029586,0.0574362352651292,2.0,0.41923076923076924,0.6510421985334709,Surv-VAE
0.006177971458858746,0.9615384615384617,0.062470098757231834,0.5662721893491124,0.08998384159101323,1.0,0.4115384615384615,0.6471279098935802,Surv-VAE
0.007349636699901973,0.9510489510489509,0.060350780155228795,0.6239275147928994,0.058140354461208174,2.0,0.40384615384615385,0.6664788344627272,Surv-VAE
0.01005886805331901,0.9405594405594404,0.07337174814416914,0.6242973372781064,0.06373922618677799,1.0,0.4269230769230769,0.6454874206593939,Surv-VAE
0.009879546452006687,0.9412587412587413,0.08391645450198268,0.6450073964497042,0.06611482887166667,1.0,0.3923076923076923,0.6475673502367165,Surv-VAE
0.006557556569056774,0.9552447552447553,0.04977443719264531,0.5919378698224852,0.061689856976811716,2.0,0.4307692307692308,0.6303707039351177,Surv-VAE
0.008608552592207356,0.9458041958041957,0.06479233297511108,0.659171597633136,0.0497038068855994,2.0,0.40384615384615385,0.6763507117848433,Surv-VAE
0.007706200699884721,0.952097902097902,0.0649582050873835,0.6353550295857988,0.05138164732595441,1.0,0.4153846153846154,0.6874892486008939,Surv-VAE
0.009577699134686682,0.9426573426573427,0.07994110898159369,0.6721523668639053,0.05136576475082214,2.0,0.39615384615384613,0.6525073856087756,Surv-VAE
0.008835911094512601,0.947902097902098,0.07292113593141715,0.6755177514792899,0.061320470580115916,1.0,0.4076923076923077,0.6287891847665471,Surv-VAE
0.007614164750213952,0.9489510489510488,0.04424674586165213,0.6230029585798815,0.05935273332996159,1.0,0.4153846153846154,0.6456583923771422,Surv-VAE
0.008768864431766788,0.9475524475524476,0.05589865529835251,0.6431213017751478,0.08059319149996158,1.0,0.40384615384615385,0.6474420792251177,Surv-VAE
0.007044503423034193,0.9538461538461539,0.07062978843281678,0.5998520710059172,0.05773094969816709,2.0,0.4153846153846154,0.6526513341946303,Surv-VAE
0.008474504402987483,0.947902097902098,0.07572276575098388,0.6152366863905326,0.04955943399776375,1.0,0.39615384615384613,0.6511880675252179,Surv-VAE
0.009056904648264827,0.9482517482517481,0.0690371569121919,0.6203402366863906,0.052111738929594385,1.0,0.4269230769230769,0.6489148951005951,Surv-VAE
0.008243292460591902,0.9545454545454546,0.05920222984632775,0.6526627218934911,0.047853014517678316,1.0,0.4076923076923077,0.616283883577713,Surv-VAE
0.007339869029419274,0.9548951048951048,0.048544961750928095,0.6402366863905324,0.06551074249168164,1.0,0.4346153846153846,0.669846539771872,Surv-VAE
0.0077833801553550165,0.9555944055944057,0.05391145332240712,0.6196745562130178,0.0525036190323423,1.0,0.4153846153846154,0.6771184335827759,Surv-VAE
0.006399292108701765,0.959090909090909,0.05533138459717396,0.5836908284023669,0.05542126980362967,1.0,0.4423076923076923,0.6284133026718547,Surv-VAE
0.009585097763733945,0.9437062937062937,0.07089153800589326,0.6020710059171598,0.05160456900955764,2.0,0.4230769230769231,0.6159936025645666,Surv-VAE
0.00795717295206745,0.947902097902098,0.06194363287338349,0.6091346153846153,0.05026048907229023,1.0,0.45384615384615384,0.6532722522994568,Surv-VAE
0.007144807118391639,0.9534965034965036,0.06496638183756462,0.6512943786982248,0.07516551376961841,1.0,0.4346153846153846,0.6391003845784367,Surv-VAE
0.00879021508930335,0.9447552447552447,0.06378596360222892,0.6380547337278106,0.09190887278283848,1.0,0.4076923076923077,0.6561156847534331,Surv-VAE
0.007219917459677234,0.9573426573426573,0.053645692885879656,0.5978920118343195,0.05173955204100665,1.0,0.4307692307692308,0.6353860525009241,Surv-VAE
0.009727253449573557,0.9395104895104894,0.0562853204318149,0.6546227810650886,0.07586187817869815,1.0,0.4576923076923077,0.6341503328457492,Surv-VAE
0.006143029969053241,0.9524475524475524,0.0496402172919379,0.6388683431952662,0.06722604618171646,1.0,0.40384615384615385,0.6312539273073315,Surv-VAE
0.00921132868721309,0.9472027972027971,0.05393204450541104,0.6245192307692308,0.04847863332607087,1.0,0.38846153846153847,0.6608164592927406,Surv-VAE
0.008528273147966921,0.9465034965034964,0.07221233562384365,0.6613905325443786,0.059655426418103605,1.0,0.39615384615384613,0.6274657580785957,Surv-VAE
0.007981747713397647,0.9472027972027971,0.0747385529913883,0.6154215976331361,0.10108395570222155,1.0,0.4346153846153846,0.6661323053922268,Surv-VAE
0.008336088699946882,0.9486013986013986,0.09316467893949956,0.6056582840236686,0.05382514194333592,1.0,0.4346153846153846,0.6279563963537085,Surv-VAE
0.008081816920991676,0.9496503496503496,0.05676270370387602,0.6400517751479289,0.12285655364309823,1.0,0.4,0.664415895816503,Surv-VAE
0.008250491127261244,0.9465034965034964,0.05168846378620438,0.5892381656804733,0.049786032282977004,1.0,0.4230769230769231,0.6573039276816501,Surv-VAE
0.007425689346387818,0.9541958041958043,0.06251971011082758,0.5802884615384615,0.047954691551104864,1.0,0.47692307692307695,0.6164607256684199,Surv-VAE
0.006532073504908106,0.954895104895105,0.06354551215845747,0.6271079881656805,0.06398197309283203,1.0,0.41923076923076924,0.6279581096773406,Surv-VAE
0.007759972481701697,0.9531468531468531,0.0667082941016344,0.6221153846153846,0.05583414372166377,1.0,0.4076923076923077,0.6468598748029596,Surv-VAE
0.008420337745108626,0.9513986013986014,0.061240535947042846,0.6483357988165681,0.06790904938036361,2.0,0.4,0.638585983790766,Surv-VAE
0.008769442670732824,0.9493006993006993,0.06399394759518678,0.6229289940828402,0.0658675428002476,1.0,0.41923076923076924,0.6266473895199195,Surv-VAE
0.00768179177204028,0.951048951048951,0.04795942651087483,0.6209319526627219,0.06646429129766315,1.0,0.4115384615384615,0.6618625424593924,Surv-VAE
0.007584722704605398,0.9520979020979022,0.04450029554859564,0.6356139053254438,0.06874984728776923,2.0,0.36538461538461536,0.6380301945787669,Surv-VAE
0.009687684757211676,0.9416083916083916,0.07219252658189951,0.6190828402366864,0.050084635885058786,1.0,0.40384615384615385,0.6460928920121535,Surv-VAE
0.00677788607540864,0.9527972027972027,0.05129715510976093,0.575258875739645,0.04974789712711551,1.0,0.4230769230769231,0.6141498016940964,Surv-VAE
0.007072502309413903,0.9573426573426572,0.05813675147950406,0.6,0.08934114603759243,1.0,0.4,0.6809018429311844,Surv-VAE
0.00798839380080594,0.9513986013986014,0.059600517181756095,0.6032914201183431,0.051822122596283465,1.0,0.4076923076923077,0.6474916565769184,Surv-VAE
0.005458825868444761,0.9611888111888113,0.04989228102351149,0.5999630177514793,0.05625599222402115,1.0,0.43846153846153846,0.6527918603664135,Surv-VAE
0.00788619352133922,0.9500000000000001,0.06758284747015494,0.6010724852071005,0.0476464900462957,1.0,0.39615384615384613,0.6650569418697131,Surv-VAE
0.0075238084768660335,0.9545454545454546,0.07762429753229844,0.6221153846153846,0.05717319056130603,1.0,0.4307692307692308,0.6651309716090732,Surv-VAE
0.008851750649793213,0.9433566433566434,0.06230988673092261,0.7298816568047337,0.06642593620635895,1.0,0.36538461538461536,0.6653530637274588,Surv-VAE
0.011424477511590285,0.9318181818181818,0.061435373997313705,0.6731878698224854,0.05617028024921321,1.0,0.38461538461538464,0.6461844716031145,Surv-VAE
0.006920665400548088,0.9538461538461539,0.046710796099005386,0.6484467455621301,0.04944158582589916,1.0,0.43846153846153846,0.6508046477103088,Surv-VAE
0.008578061688582647,0.9510489510489509,0.06960705747869154,0.5784763313609467,0.046189129760006664,1.0,0.39615384615384613,0.6450007477228916,Surv-VAE
0.007591840569596753,0.9541958041958043,0.07305054688562354,0.6089497041420117,0.06347962778762417,1.0,0.4230769230769231,0.6477529600433031,Surv-VAE
0.008054319259350923,0.95,0.05673955735169378,0.6568786982248521,0.04704202619381955,2.0,0.4,0.6720290501510968,Surv-VAE
0.009286177163719288,0.9475524475524474,0.05656094822565475,0.634319526627219,0.07119412804750942,1.0,0.4153846153846154,0.6553191353346286,Surv-VAE
0.014194369509956202,0.920979020979021,0.08137201478242578,0.5586168639053254,0.10717854414497771,2.0,0.45384615384615384,0.7041377192178844,HI-VAE_weibull_diffusion
0.01192078643105135,0.9353146853146854,0.03524257260772111,0.5764792899408284,0.17174099725969535,2.0,0.5115384615384615,0.7324730605049804,HI-VAE_weibull_diffusion
0.011478350685505635,0.936013986013986,0.04005948833782677,0.5674556213017752,0.1133613869856586,2.0,0.43846153846153846,0.7050332191557204,HI-VAE_weibull_diffusion
0.013021863202572098,0.9307692307692307,0.08103988046221924,0.5757396449704142,0.08221726095725813,5.0,0.4153846153846154,0.7333216872732411,HI-VAE_weibull_diffusion
0.012897645045435639,0.9283216783216783,0.05569773089206207,0.5789940828402366,0.06808224274502428,1.0,0.4423076923076923,0.7317795590402696,HI-VAE_weibull_diffusion
0.011247127594764381,0.9300699300699301,0.06659365776102029,0.5596893491124261,0.12995443940842133,2.0,0.4307692307692308,0.7034486977130309,HI-VAE_weibull_diffusion
0.01141490871751444,0.9335664335664334,0.04035376368529751,0.5664201183431953,0.13285469442268594,2.0,0.45,0.7571611470772734,HI-VAE_weibull_diffusion
0.011863571607036482,0.934965034965035,0.057669736967338736,0.5579881656804734,0.13314714198132843,2.0,0.3923076923076923,0.7458767771868425,HI-VAE_weibull_diffusion
0.014778918966252282,0.9195804195804196,0.051712060395734775,0.5697855029585799,0.09706727303943467,2.0,0.4346153846153846,0.7159672256076585,HI-VAE_weibull_diffusion
0.012384665071971324,0.9314685314685314,0.04074896453612912,0.582655325443787,0.09299617128264473,2.0,0.45384615384615384,0.7406926127142891,HI-VAE_weibull_diffusion
0.013279585825306318,0.9213286713286714,0.042806354230542513,0.5776997041420118,0.1370517938420561,3.0,0.4230769230769231,0.7333486860087246,HI-VAE_weibull_diffusion
0.011440418494917655,0.9314685314685314,0.06721352425991778,0.5017011834319527,0.08245943826949229,5.0,0.4307692307692308,0.730720061580464,HI-VAE_weibull_diffusion
0.011312642749197218,0.9374125874125874,0.03885984280706508,0.576923076923077,0.07478705939553848,2.0,0.4115384615384615,0.7297951953859894,HI-VAE_weibull_diffusion
0.011276996701225433,0.9377622377622377,0.04625362127090836,0.5012943786982248,0.1707770059841696,4.0,0.4076923076923077,0.7213375803471571,HI-VAE_weibull_diffusion
0.012732387264467014,0.93006993006993,0.08922727927489367,0.5746301775147928,0.10702164307908807,6.0,0.45,0.7145697187409623,HI-VAE_weibull_diffusion
0.011065034515517267,0.9342657342657342,0.05483341142607478,0.5016272189349112,0.20157466941592303,4.0,0.45,0.7202402568093228,HI-VAE_weibull_diffusion
0.010345279598158875,0.9412587412587411,0.04973460766441411,0.519896449704142,0.13173672271426365,3.0,0.4307692307692308,0.7204889523907407,HI-VAE_weibull_diffusion
0.011750569591190956,0.9409090909090909,0.026591754607773705,0.553328402366864,0.07462941913474297,1.0,0.46923076923076923,0.7172358895553557,HI-VAE_weibull_diffusion
0.014460938792933182,0.9178321678321679,0.05018724231525388,0.5665680473372781,0.07477550264539341,2.0,0.43846153846153846,0.7233504238316479,HI-VAE_weibull_diffusion
0.011279563356997344,0.9409090909090909,0.028977543383409545,0.5666420118343194,0.099140346257842,1.0,0.4461538461538462,0.7245514488705163,HI-VAE_weibull_diffusion
0.012123740815825956,0.9339160839160839,0.0447532510974349,0.5477440828402366,0.17934764541747109,4.0,0.4,0.7337468439421927,HI-VAE_weibull_diffusion
0.013279569076560667,0.9283216783216783,0.04880503288384158,0.607137573964497,0.1229922702203867,3.0,0.41923076923076924,0.7135591037720415,HI-VAE_weibull_diffusion
0.014285009620476095,0.922027972027972,0.060688708714338235,0.5653846153846154,0.12428475122076398,3.0,0.4807692307692308,0.7314826470135823,HI-VAE_weibull_diffusion
0.011604965871698146,0.9335664335664334,0.057655127802064166,0.5244082840236686,0.09274041995900947,2.0,0.45,0.7385507514654291,HI-VAE_weibull_diffusion
0.01371117736734752,0.9269230769230767,0.07123709394110975,0.594896449704142,0.17953751052249017,3.0,0.45,0.7403111450380994,HI-VAE_weibull_diffusion
0.012972657958966733,0.9255244755244756,0.0580146648436386,0.5472633136094676,0.13930021735780335,4.0,0.4230769230769231,0.7240298664792363,HI-VAE_weibull_diffusion
0.012231754749907571,0.9335664335664337,0.06280198259303825,0.5159763313609467,0.15242199436346626,5.0,0.4346153846153846,0.7361547767059059,HI-VAE_weibull_diffusion
0.011346630054295983,0.9318181818181818,0.05039647925830237,0.5244082840236687,0.17108841978997977,3.0,0.4461538461538462,0.730661006231146,HI-VAE_weibull_diffusion
0.012859288026718652,0.9297202797202797,0.06057886499996554,0.5189718934911243,0.06135579658815067,2.0,0.46153846153846156,0.7177020773814575,HI-VAE_weibull_diffusion
0.013411392841924958,0.9265734265734267,0.050976729299865506,0.6088017751479289,0.13046231246781742,3.0,0.4307692307692308,0.7584607477525234,HI-VAE_weibull_diffusion
0.01275672713657912,0.9325174825174826,0.06232085647908108,0.5623890532544379,0.1637127110152484,3.0,0.4653846153846154,0.7187130738029476,HI-VAE_weibull_diffusion
0.012427327156483288,0.9339160839160839,0.04493547329507345,0.5858357988165681,0.10078545278735712,2.0,0.4846153846153846,0.711696672606988,HI-VAE_weibull_diffusion
0.012620773529476327,0.9314685314685316,0.047954321536979955,0.5738165680473373,0.09665140749243381,3.0,0.46923076923076923,0.7538724834716699,HI-VAE_weibull_diffusion
0.01059097593609523,0.9416083916083916,0.05530396767465902,0.4978180473372782,0.1290337663882837,1.0,0.47307692307692306,0.7059824104430622,HI-VAE_weibull_diffusion
0.012874835788203613,0.9286713286713286,0.05313601410420593,0.6297337278106508,0.12369489264431217,3.0,0.4153846153846154,0.7319474766219802,HI-VAE_weibull_diffusion
0.01362760397020704,0.9237762237762237,0.05544131481975169,0.5733727810650888,0.1361848704296494,4.0,0.4307692307692308,0.7423677797403215,HI-VAE_weibull_diffusion
0.011681678397646215,0.9367132867132867,0.04890526940844262,0.5177144970414201,0.22834562645272435,4.0,0.47692307692307695,0.7124787628922178,HI-VAE_weibull_diffusion
0.012976403344117121,0.9290209790209789,0.04055350267566734,0.6115384615384615,0.14404888760979934,3.0,0.4346153846153846,0.7259552986604647,HI-VAE_weibull_diffusion
0.013091776042122893,0.9276223776223776,0.044472115876384416,0.5083579881656805,0.14922613346961264,4.0,0.4423076923076923,0.7243912205733694,HI-VAE_weibull_diffusion
0.013703592450123208,0.9227272727272727,0.06408002795463918,0.5614644970414201,0.1766253848949465,3.0,0.43846153846153846,0.7227156556023483,HI-VAE_weibull_diffusion
0.011224696025290927,0.9363636363636364,0.03951835945144378,0.5126849112426035,0.1253616990466081,2.0,0.4653846153846154,0.7187681255506185,HI-VAE_weibull_diffusion
0.011322124998816461,0.9398601398601397,0.050514882263284475,0.5539940828402367,0.10134710562558677,2.0,0.46153846153846156,0.7434515769900268,HI-VAE_weibull_diffusion
0.011709793339916728,0.9374125874125874,0.06390305913827107,0.555103550295858,0.16143140500028225,3.0,0.4346153846153846,0.6991470735889386,HI-VAE_weibull_diffusion
0.011830895756582584,0.936013986013986,0.028345975512202477,0.5508136094674556,0.09225805525666045,2.0,0.5461538461538461,0.7103464759871805,HI-VAE_weibull_diffusion
0.009963428504848536,0.941958041958042,0.05249469004008539,0.5557692307692308,0.11905143935150979,3.0,0.49615384615384617,0.7269873755974953,HI-VAE_weibull_diffusion
0.012095531317846185,0.9318181818181818,0.0652580602369929,0.5533653846153845,0.13289749058918326,3.0,0.4230769230769231,0.7040325020257556,HI-VAE_weibull_diffusion
0.01312992817483608,0.9307692307692307,0.021927498171839116,0.56198224852071,0.11638301475922593,2.0,0.4461538461538462,0.7183841993540788,HI-VAE_weibull_diffusion
0.014322831883140074,0.9227272727272727,0.05811582080233114,0.5446745562130177,0.08441019125336881,3.0,0.45,0.7153015468592566,HI-VAE_weibull_diffusion
0.013541307607095642,0.9286713286713286,0.04796396563728253,0.6247781065088758,0.10087675926609245,4.0,0.4153846153846154,0.7230697449102436,HI-VAE_weibull_diffusion
0.012574443092799575,0.927972027972028,0.06667995753951692,0.542603550295858,0.13901991314738518,5.0,0.43846153846153846,0.7171757077310708,HI-VAE_weibull_diffusion
0.010700957650436847,0.9409090909090909,0.04816575820990963,0.5282544378698224,0.10948445908964591,2.0,0.49615384615384617,0.7275824773168738,HI-VAE_weibull_diffusion
0.011820846892384756,0.932867132867133,0.043193368066398154,0.5121301775147928,0.11371842605679434,2.0,0.4807692307692308,0.7059303720733073,HI-VAE_weibull_diffusion
0.011784040963625887,0.9314685314685314,0.043035364674129564,0.5142751479289941,0.16894205853737473,4.0,0.4576923076923077,0.6936547433741638,HI-VAE_weibull_diffusion
0.010896436583891929,0.9395104895104894,0.055413794800203475,0.586094674556213,0.1123698477482695,3.0,0.4307692307692308,0.7163825094122466,HI-VAE_weibull_diffusion
0.011857438926264497,0.9328671328671327,0.04877298039787862,0.5331360946745562,0.14566738551755345,4.0,0.4346153846153846,0.714264311270857,HI-VAE_weibull_diffusion
0.012123618791721908,0.9356643356643357,0.04703358691069429,0.557396449704142,0.1511548848820241,4.0,0.45,0.7209278168796811,HI-VAE_weibull_diffusion
0.012955497358503763,0.93006993006993,0.07104513106966705,0.5546597633136094,0.08311776382108348,4.0,0.4423076923076923,0.7186898750271847,HI-VAE_weibull_diffusion
0.012807582541334307,0.9241258741258741,0.06656956513698245,0.5699704142011833,0.19666869897022224,4.0,0.4153846153846154,0.7635338729114051,HI-VAE_weibull_diffusion
0.013105609696123122,0.9213286713286714,0.07512059423260337,0.5434541420118343,0.14904225895554127,4.0,0.47307692307692306,0.7381744629572324,HI-VAE_weibull_diffusion
0.010654602609578236,0.943006993006993,0.054991049254173065,0.5562869822485207,0.08574668749584119,3.0,0.4230769230769231,0.6848968340204015,HI-VAE_weibull_diffusion
0.01201687651052064,0.9321678321678323,0.05862830087111956,0.5707100591715977,0.18153942875921045,1.0,0.4461538461538462,0.7220045003151054,HI-VAE_weibull_diffusion
0.011264386877179473,0.9332167832167833,0.04181317115312055,0.5332100591715976,0.09643866548556833,3.0,0.49230769230769234,0.7237173504089993,HI-VAE_weibull_diffusion
0.012149461546671821,0.9279720279720279,0.06450520703519576,0.5819526627218934,0.20263968082319464,2.0,0.4230769230769231,0.7307635792197688,HI-VAE_weibull_diffusion
0.011194563699287657,0.9353146853146853,0.05199691391350245,0.5010355029585799,0.12263919006742582,4.0,0.4269230769230769,0.7196485428011405,HI-VAE_weibull_diffusion
0.013606125907113674,0.9265734265734266,0.03412056936943729,0.5682692307692309,0.0905775260831221,2.0,0.4153846153846154,0.6993829282008991,HI-VAE_weibull_diffusion
0.014607994922918704,0.9181818181818181,0.07105982741435614,0.5860207100591717,0.15572820459740538,3.0,0.4,0.7065470953633791,HI-VAE_weibull_diffusion
0.01233777408198058,0.9297202797202797,0.05219635958099241,0.5527366863905325,0.20725852641121703,5.0,0.45384615384615384,0.7475734153328497,HI-VAE_weibull_diffusion
0.013608868731892569,0.931118881118881,0.052583494575018375,0.5359467455621303,0.07799880131582927,1.0,0.43846153846153846,0.7110760885323321,HI-VAE_weibull_diffusion
0.011089993338522675,0.9381118881118881,0.056308265433894944,0.5494082840236687,0.06832435701488251,1.0,0.41923076923076924,0.7119250026022117,HI-VAE_weibull_diffusion
0.011518720951037913,0.9381118881118881,0.02182996533022391,0.5550295857988166,0.14665261629139298,1.0,0.46923076923076923,0.7376412397534448,HI-VAE_weibull_diffusion
0.01355425005233238,0.925874125874126,0.04741808214620424,0.5428254437869823,0.13471746394271678,2.0,0.4423076923076923,0.6866362519303827,HI-VAE_weibull_diffusion
0.012403488483616824,0.9311188811188811,0.05664531511414753,0.5638683431952662,0.15339929038509054,4.0,0.4115384615384615,0.7604435173329716,HI-VAE_weibull_diffusion
0.012165948005874382,0.9367132867132867,0.03832580753323989,0.5304733727810651,0.08634126240379347,1.0,0.4307692307692308,0.7297870843061671,HI-VAE_weibull_diffusion
0.012759798537967371,0.9328671328671327,0.06197462419703127,0.5472633136094676,0.09548409198641318,1.0,0.4307692307692308,0.7249344540448859,HI-VAE_weibull_diffusion
0.011023559482701199,0.9384615384615386,0.04075175549292053,0.5507026627218935,0.09568653688185624,3.0,0.4423076923076923,0.7060289229488413,HI-VAE_weibull_diffusion
0.010496671847418915,0.9412587412587413,0.041025518714982376,0.570784023668639,0.1344573922659059,2.0,0.4269230769230769,0.7264101003727076,HI-VAE_weibull_diffusion
0.013314281521409755,0.9255244755244756,0.03468719818088499,0.5486686390532544,0.18342937280563,3.0,0.45384615384615384,0.7206882025312886,HI-VAE_weibull_diffusion
0.010084094007507845,0.9412587412587413,0.05213159081546496,0.5264423076923077,0.07508186765531169,1.0,0.45,0.7394751296626045,HI-VAE_weibull_diffusion
0.012558717152459415,0.9342657342657342,0.06296343952794509,0.5841715976331361,0.10569220571356246,1.0,0.4346153846153846,0.7324405269799349,HI-VAE_weibull_diffusion
0.011368124307140003,0.937062937062937,0.05589351188378382,0.5043639053254438,0.08516739588817214,2.0,0.45384615384615384,0.7395534445340443,HI-VAE_weibull_diffusion
0.01235618958738713,0.936013986013986,0.04739535908183262,0.5220414201183432,0.1574983237842637,2.0,0.45,0.718482784918597,HI-VAE_weibull_diffusion
0.012825763499328778,0.9255244755244756,0.057216489042562726,0.5725591715976331,0.1469766224475664,2.0,0.4653846153846154,0.7395464406070886,HI-VAE_weibull_diffusion
0.01180127164386306,0.9297202797202797,0.057272601024754954,0.5550295857988166,0.08622329117099198,1.0,0.47307692307692306,0.723844722074656,HI-VAE_weibull_diffusion
0.014046301174309354,0.9185314685314686,0.06902309872867655,0.6180473372781066,0.09750558974744357,1.0,0.4423076923076923,0.7353775996100038,HI-VAE_weibull_diffusion
0.01005216641056953,0.9423076923076923,0.05036609491676724,0.5062130177514794,0.12455029430908299,2.0,0.47307692307692306,0.7062381498752623,HI-VAE_weibull_diffusion
0.013190467685811362,0.9272727272727274,0.05036314100688361,0.5548816568047338,0.09757602279285213,3.0,0.47692307692307695,0.7507935289349366,HI-VAE_weibull_diffusion
0.012893082381678923,0.9283216783216783,0.032774110650535565,0.5948224852071006,0.20140008404934537,3.0,0.45,0.7278096806929504,HI-VAE_weibull_diffusion
0.010775673302280606,0.9363636363636363,0.03990592247978106,0.5524408284023667,0.18244203441917867,2.0,0.49230769230769234,0.7201644329247058,HI-VAE_weibull_diffusion
0.012575579127947005,0.9314685314685316,0.04235223556950687,0.5309541420118343,0.14684823486418855,3.0,0.4346153846153846,0.7061616449313979,HI-VAE_weibull_diffusion
0.01276282433397201,0.9297202797202797,0.039598408752388896,0.5584319526627219,0.12968792749048225,2.0,0.4,0.7157025761202231,HI-VAE_weibull_diffusion
0.012648688730352953,0.9318181818181818,0.045084744076196975,0.5799556213017751,0.0876053216800045,1.0,0.4346153846153846,0.7310647912426199,HI-VAE_weibull_diffusion
0.01520852120155308,0.9167832167832167,0.07565804020927096,0.5901257396449704,0.07952621153894185,1.0,0.4461538461538462,0.7465472886428682,HI-VAE_weibull_diffusion
0.011327567333645773,0.9356643356643356,0.07040206504608654,0.5321745562130178,0.15189628902768015,2.0,0.48846153846153845,0.7315399556992529,HI-VAE_weibull_diffusion
0.011203279973718346,0.9304195804195804,0.049475832991637256,0.5596153846153846,0.11598148402931785,4.0,0.4115384615384615,0.702004081068406,HI-VAE_weibull_diffusion
0.011530913444822648,0.9384615384615383,0.043697365928785106,0.5964866863905325,0.14899318489351654,3.0,0.4269230769230769,0.719927439738267,HI-VAE_weibull_diffusion
0.010021382061637519,0.9465034965034966,0.025484688730847645,0.5519970414201184,0.09957241213281624,2.0,0.4346153846153846,0.7084951956742366,HI-VAE_weibull_diffusion
0.010617193561941362,0.9395104895104894,0.05197597748073143,0.5232988165680472,0.14046327034931175,4.0,0.4346153846153846,0.7302128967985604,HI-VAE_weibull_diffusion
0.011622576881219475,0.9402097902097902,0.05278437540383954,0.5704881656804734,0.16674774053256441,4.0,0.4423076923076923,0.7365237291037073,HI-VAE_weibull_diffusion
0.011313182305988066,0.9346153846153846,0.06004766485018599,0.5127958579881656,0.18835138066932774,5.0,0.43846153846153846,0.6974715866707466,HI-VAE_weibull_diffusion
0.011847569913522349,0.9332167832167833,0.04883822383304597,0.5279585798816568,0.08424790633434352,4.0,0.4461538461538462,0.7047798320265777,HI-VAE_weibull_diffusion
0.014766958558215092,0.9146853146853147,0.06299025282501097,0.5931213017751479,0.10528256667273425,3.0,0.47692307692307695,0.7169324703417687,HI-VAE_weibull_diffusion
0.012135194139923642,0.9325174825174823,0.04707644420777528,0.5329881656804735,0.13217781520019817,2.0,0.4423076923076923,0.7352130416636841,HI-VAE_weibull_diffusion
0.010832430435221412,0.934965034965035,0.05946156095946245,0.5322485207100592,0.14288940887960677,3.0,0.4807692307692308,0.7523632966996642,HI-VAE_weibull_diffusion
0.014448317644898194,0.9213286713286712,0.04254417540747535,0.5681952662721893,0.107215234621193,3.0,0.43846153846153846,0.7247657520924747,HI-VAE_weibull_diffusion
0.013284599772063043,0.9293706293706293,0.04929855420746427,0.5883136094674557,0.18850084190095107,3.0,0.4076923076923077,0.7024469436349631,HI-VAE_weibull_diffusion
0.012908771806870105,0.9276223776223776,0.06620315984119012,0.5391272189349111,0.18074614535273908,4.0,0.43846153846153846,0.7334150983936855,HI-VAE_weibull_diffusion
0.011131483785794441,0.9370629370629371,0.040344571387358405,0.5504437869822485,0.11581204428734526,1.0,0.4461538461538462,0.731871691148433,HI-VAE_weibull_diffusion
0.010625393988319048,0.9388111888111887,0.049987413686734795,0.5739275147928995,0.08742238866672021,3.0,0.4153846153846154,0.7207895137506305,HI-VAE_weibull_diffusion
0.010530023745039334,0.9395104895104894,0.04797023299394175,0.4931213017751479,0.1479267883187072,2.0,0.46923076923076923,0.6976272675780345,HI-VAE_weibull_diffusion
0.014137545115995319,0.9213286713286714,0.06426482570311055,0.5846153846153845,0.11670257313785208,2.0,0.4153846153846154,0.7247426909657735,HI-VAE_weibull_diffusion
0.01161992968911526,0.9339160839160837,0.05234726220008784,0.6220414201183431,0.13967429902323505,4.0,0.4461538461538462,0.730885514502625,HI-VAE_weibull_diffusion
0.010061987082397729,0.9426573426573426,0.045425490287791644,0.5671227810650887,0.12251385429282029,1.0,0.4346153846153846,0.7314623126551822,HI-VAE_weibull_diffusion
0.013225434853158332,0.9307692307692307,0.051313171282982316,0.5628328402366863,0.09226366807316083,1.0,0.41923076923076924,0.7264994197520099,HI-VAE_weibull_diffusion
0.012519387976331692,0.9304195804195803,0.04447321983731819,0.5686390532544378,0.11700558134464813,2.0,0.4076923076923077,0.723168105280894,HI-VAE_weibull_diffusion
0.011256116048248247,0.9335664335664337,0.039162843076396746,0.5409763313609468,0.06689609911495567,1.0,0.41923076923076924,0.7068190501964863,HI-VAE_weibull_diffusion
0.011599756451018949,0.9356643356643356,0.051694206376048345,0.5277366863905325,0.1413238104374368,3.0,0.4576923076923077,0.7379908810905514,HI-VAE_weibull_diffusion
0.013375983488481779,0.9234265734265734,0.0667449805194478,0.5845414201183432,0.11017579298380355,2.0,0.43846153846153846,0.7198156209704097,HI-VAE_weibull_diffusion
0.011995997709001803,0.9314685314685316,0.03481861831679275,0.5579142011834319,0.06310302918073929,2.0,0.4346153846153846,0.7334606861342449,HI-VAE_weibull_diffusion
0.014282775740524988,0.9251748251748251,0.04667953014281609,0.585687869822485,0.1416631198574637,3.0,0.46153846153846156,0.7091670245841654,HI-VAE_weibull_diffusion
0.013016263789474358,0.9321678321678321,0.041779838384314004,0.5880917159763313,0.13835594981602747,1.0,0.41923076923076924,0.7059407514227264,HI-VAE_weibull_diffusion
0.012138409627222947,0.9325174825174826,0.05965064210020669,0.5786242603550296,0.08232785295000977,1.0,0.43846153846153846,0.7313289796045019,HI-VAE_weibull_diffusion
0.012506148032585434,0.9307692307692307,0.051008350480588195,0.5742233727810652,0.13045349896641523,3.0,0.4461538461538462,0.6989475765394191,HI-VAE_weibull_diffusion
0.012400108696260535,0.9332167832167833,0.06138485318566594,0.5326923076923077,0.1665837558995615,3.0,0.4807692307692308,0.7296958356976152,HI-VAE_weibull_diffusion
0.010552849655155823,0.9409090909090909,0.023511879491876633,0.5455621301775148,0.07043828245183929,2.0,0.41923076923076924,0.7223402256577092,HI-VAE_weibull_diffusion
0.013991289632383792,0.9258741258741258,0.04558792981318372,0.5514792899408284,0.07260351309118217,2.0,0.4115384615384615,0.7585183099545633,HI-VAE_weibull_diffusion
0.010568437608725558,0.9402097902097902,0.026294337197266187,0.5546227810650887,0.09582771146337696,5.0,0.4076923076923077,0.7241059713598854,HI-VAE_weibull_diffusion
0.011465573355207809,0.9356643356643357,0.07418252414698066,0.5535502958579882,0.2091205397728385,3.0,0.4269230769230769,0.7292513449283282,HI-VAE_weibull_diffusion
0.012116639170428144,0.9353146853146853,0.046834936098984675,0.5209319526627219,0.14555204927347215,4.0,0.4461538461538462,0.735448985239032,HI-VAE_weibull_diffusion
0.013449978836833158,0.9237762237762237,0.05807977568734438,0.5589497041420117,0.17726910429978254,2.0,0.47307692307692306,0.7142300130583877,HI-VAE_weibull_diffusion
0.011846589699307875,0.9353146853146853,0.062429525470020564,0.5584689349112426,0.2157812585636752,3.0,0.4307692307692308,0.7188039262284239,HI-VAE_weibull_diffusion
0.012257351427878276,0.9297202797202797,0.06284324989645788,0.6049186390532544,0.13094414577605995,6.0,0.4230769230769231,0.7378468885292367,HI-VAE_weibull_diffusion
0.012375787047766167,0.9335664335664337,0.05734325904930746,0.5876479289940829,0.07105435113697052,1.0,0.40384615384615385,0.7183816475140207,HI-VAE_weibull_diffusion
0.01401283099014094,0.9265734265734266,0.03600449801708639,0.5791420118343196,0.1267856543261458,3.0,0.4346153846153846,0.6914994749306338,HI-VAE_weibull_diffusion
0.013451064403914388,0.925874125874126,0.06681434289107414,0.5788831360946746,0.12291736904344269,3.0,0.4115384615384615,0.7153598048493173,HI-VAE_weibull_diffusion
0.011373997384255813,0.9353146853146853,0.07127826944869144,0.5386094674556212,0.19900103552879683,4.0,0.4269230769230769,0.7035053854234816,HI-VAE_weibull_diffusion
0.011258144841361138,0.9374125874125874,0.04847672502250948,0.5516272189349112,0.14994444107646293,4.0,0.4576923076923077,0.731861702862849,HI-VAE_weibull_diffusion
0.01283167679109502,0.9307692307692307,0.06750681899498347,0.5456730769230769,0.15139347465413489,2.0,0.45384615384615384,0.7126231157132813,HI-VAE_weibull_diffusion
0.013564347924837667,0.9244755244755244,0.05871119731014193,0.5869082840236686,0.07576901855793901,2.0,0.41923076923076924,0.7222971990130359,HI-VAE_weibull_diffusion
0.012456510055430598,0.931118881118881,0.06443579330017012,0.545525147928994,0.11243747686195255,2.0,0.4153846153846154,0.7217485703216235,HI-VAE_weibull_diffusion
0.010907798682223965,0.9339160839160839,0.0353848859842127,0.5492603550295858,0.1142044185891021,1.0,0.45384615384615384,0.7153247611781878,HI-VAE_weibull_diffusion
0.01072768174500307,0.9384615384615386,0.028810473609156523,0.5574704142011835,0.16702721272087928,4.0,0.4307692307692308,0.7301471319587605,HI-VAE_weibull_diffusion
0.013482105488896027,0.9223776223776223,0.06263049543459423,0.5673816568047336,0.13284581509743815,4.0,0.4423076923076923,0.7148174583515473,HI-VAE_weibull_diffusion
0.012931634989394007,0.929020979020979,0.053532369880094514,0.5714497041420118,0.19977146964345172,4.0,0.4346153846153846,0.7201282415157201,HI-VAE_weibull_diffusion
0.014593868971931724,0.9188811188811189,0.06224290892877538,0.5738165680473373,0.14342733893425133,2.0,0.4423076923076923,0.745866247408944,HI-VAE_weibull_diffusion
0.012834083182974942,0.9251748251748251,0.07238541770128051,0.5393491124260356,0.1425993043118482,5.0,0.43846153846153846,0.7412495990686947,HI-VAE_weibull_diffusion
0.01156345359808194,0.9318181818181818,0.05032558442006308,0.5494822485207101,0.13540448947916406,2.0,0.45384615384615384,0.7142720573088254,HI-VAE_weibull_diffusion
0.01253093099024663,0.9241258741258741,0.057805154031801774,0.545414201183432,0.06654933193098247,3.0,0.4269230769230769,0.7413059054032607,HI-VAE_weibull_diffusion
0.012542462256067444,0.9283216783216783,0.04874926945146312,0.5264792899408285,0.06629391840084274,3.0,0.45384615384615384,0.7353598835408047,HI-VAE_weibull_diffusion
0.012197928721178187,0.9374125874125874,0.049059255576683884,0.5569526627218935,0.2083589581488624,4.0,0.4307692307692308,0.7186297869117052,HI-VAE_weibull_diffusion
0.011540166206612768,0.9346153846153844,0.06186430293173913,0.5270710059171597,0.05430524444879731,3.0,0.45,0.7252855635876972,HI-VAE_weibull_diffusion
0.011437636023275495,0.9353146853146853,0.057557887902511255,0.5495562130177515,0.09953144297426285,2.0,0.4576923076923077,0.7283120027634084,HI-VAE_weibull_diffusion
0.011041882535125712,0.9405594405594406,0.0402834761223849,0.5488905325443787,0.07756257635038889,1.0,0.3923076923076923,0.7337516364721757,HI-VAE_weibull_diffusion
0.012097561889596486,0.9325174825174826,0.05517673586435634,0.5871301775147928,0.2584987901914899,3.0,0.4346153846153846,0.7149687705209026,HI-VAE_weibull_diffusion
0.013421520760264167,0.9286713286713286,0.047823039642183006,0.5941568047337278,0.16970272607184378,3.0,0.41923076923076924,0.7450638939445041,HI-VAE_weibull_diffusion
0.012361852432507753,0.93006993006993,0.07493072421000035,0.5529955621301775,0.13793418774006883,3.0,0.47307692307692306,0.7382079899112685,HI-VAE_weibull_diffusion
0.012854236692522265,0.9325174825174823,0.04655724367727879,0.5389423076923077,0.09181922003290795,3.0,0.4461538461538462,0.6907381203429286,HI-VAE_weibull_diffusion
0.01406998888393321,0.9251748251748251,0.06571369112566985,0.5461168639053254,0.12176934645400216,3.0,0.4346153846153846,0.6920810985086001,HI-VAE_weibull_diffusion
0.01313802668121123,0.9283216783216783,0.05560211903352839,0.5205251479289942,0.0871541600144951,2.0,0.43846153846153846,0.7092901534358201,HI-VAE_weibull_diffusion
0.013086731003461806,0.9297202797202797,0.051837505919182576,0.5830991124260355,0.07925452984984012,4.0,0.4423076923076923,0.7321671274484111,HI-VAE_weibull_diffusion
0.010696469652880637,0.9374125874125874,0.05268105760954493,0.5295488165680473,0.10338608632343581,4.0,0.4076923076923077,0.7203858518348286,HI-VAE_weibull_diffusion
0.013618676627447097,0.9265734265734266,0.07505250530785249,0.5523668639053254,0.07774123782144456,1.0,0.4346153846153846,0.7262137005963496,HI-VAE_weibull_diffusion
0.011832431453991843,0.9339160839160839,0.051394382383761775,0.5441198224852071,0.12860315570383846,2.0,0.45,0.7499867685890382,HI-VAE_weibull_diffusion
0.011844673368482746,0.9304195804195804,0.049581128425997406,0.5724112426035503,0.22161754420595223,4.0,0.4423076923076923,0.7165519662078985,HI-VAE_weibull_diffusion
0.01403673155996684,0.91993006993007,0.05370090825267237,0.6047337278106509,0.12812881841603815,2.0,0.4307692307692308,0.722314991042198,HI-VAE_weibull_diffusion
0.011606559862651293,0.9367132867132867,0.05214469698888773,0.553328402366864,0.09456358519780832,2.0,0.4269230769230769,0.7174877448343462,HI-VAE_weibull_diffusion
0.012559647929958229,0.93006993006993,0.07215636125148261,0.5565828402366865,0.07608568290886927,4.0,0.4807692307692308,0.7322915418107566,HI-VAE_weibull_diffusion
0.01139268737328541,0.9398601398601397,0.04874098761647495,0.5335798816568047,0.17940914997280058,3.0,0.4576923076923077,0.7254555551689188,HI-VAE_weibull_diffusion
0.01023137889252234,0.939160839160839,0.05195607665991129,0.5071005917159763,0.13060484840320682,4.0,0.4846153846153846,0.7185045660205827,HI-VAE_weibull_diffusion
0.013609826042077477,0.9241258741258741,0.06930277380580012,0.5904585798816568,0.09113897912929954,2.0,0.39615384615384613,0.7233044385650299,HI-VAE_weibull_diffusion
0.015100682273679094,0.9202797202797203,0.05633541577374266,0.5785502958579881,0.09247002268137632,1.0,0.41923076923076924,0.7109727639119685,HI-VAE_weibull_diffusion
0.01187753731632052,0.9339160839160839,0.04246620994959264,0.5384985207100592,0.09888619677778605,4.0,0.4653846153846154,0.6978944977658267,HI-VAE_weibull_diffusion
0.01125049655314442,0.9363636363636363,0.03756097655502568,0.5714497041420119,0.09284798645352901,2.0,0.43846153846153846,0.7215788150312951,HI-VAE_weibull_diffusion
0.011953022419297167,0.9346153846153846,0.050709692477763385,0.5482988165680475,0.13028626487382497,4.0,0.46153846153846156,0.7123974732052127,HI-VAE_weibull_diffusion
0.010922344678387728,0.9374125874125874,0.051592863085077316,0.5421967455621302,0.10269769316356067,2.0,0.40384615384615385,0.7280015994138251,HI-VAE_weibull_diffusion
0.011381406320279303,0.9339160839160839,0.03860216189460554,0.5769230769230769,0.22019913366792834,3.0,0.4346153846153846,0.7394153975332936,HI-VAE_weibull_diffusion
0.013049668027897986,0.9293706293706294,0.057252996648399564,0.5152366863905326,0.13523121361142174,3.0,0.49615384615384617,0.702155520635621,HI-VAE_weibull_diffusion
0.013432144008376693,0.9272727272727272,0.027059712613793814,0.5744082840236686,0.1640390740417514,2.0,0.4307692307692308,0.7161056825178612,HI-VAE_weibull_diffusion
0.012329362278560945,0.9374125874125874,0.03081486942845957,0.590310650887574,0.12840623920233177,1.0,0.4153846153846154,0.6901908118855371,HI-VAE_weibull_diffusion
0.01203231148609858,0.9346153846153844,0.03316201585147546,0.5546597633136094,0.08191582705263459,3.0,0.4269230769230769,0.7348041926119112,HI-VAE_weibull_diffusion
0.010646816590423824,0.9374125874125874,0.039946231249630856,0.5186760355029586,0.15318896166954216,3.0,0.4230769230769231,0.7331033482223277,HI-VAE_weibull_diffusion
0.013985555765569412,0.9251748251748251,0.051292216891095484,0.5649408284023668,0.14487440599974602,2.0,0.4423076923076923,0.7214415524612349,HI-VAE_weibull_diffusion
0.012159895958588988,0.9314685314685314,0.059565602516958194,0.5303254437869823,0.09029641561230889,3.0,0.36538461538461536,0.7168984552522354,HI-VAE_weibull_diffusion
0.01290249461655213,0.9307692307692307,0.04339770501038749,0.5372781065088758,0.13129845991079658,3.0,0.46153846153846156,0.7217880115148801,HI-VAE_weibull_diffusion
0.010418726752068853,0.945104895104895,0.026131144010828188,0.5836908284023669,0.14407403842107105,3.0,0.4653846153846154,0.7373560114285562,HI-VAE_weibull_diffusion
0.01148315667636242,0.936013986013986,0.06900317242967959,0.5388313609467456,0.10844477640881528,4.0,0.4307692307692308,0.7161693977472937,HI-VAE_weibull_diffusion
0.011784412013659177,0.9335664335664334,0.03801613386941795,0.5685650887573964,0.257798749053995,5.0,0.47307692307692306,0.7001230259068874,HI-VAE_weibull_diffusion
0.012134518981077442,0.9332167832167833,0.04773507286876925,0.5423816568047337,0.1812332244467586,3.0,0.47307692307692306,0.7460090813733311,HI-VAE_weibull_diffusion
0.012322149405712196,0.9300699300699301,0.04073697231431173,0.5653106508875739,0.1603187192536738,2.0,0.4230769230769231,0.7408761519181185,HI-VAE_weibull_diffusion
0.012092636968937564,0.9335664335664337,0.029389658344271062,0.5758136094674556,0.171308398666025,1.0,0.46153846153846156,0.7168133406363623,HI-VAE_weibull_diffusion
0.012435414030572354,0.9262237762237763,0.05985695887670656,0.5422337278106509,0.14209913885802447,2.0,0.46923076923076923,0.7535211420650856,HI-VAE_weibull_diffusion
0.012576264552107247,0.9297202797202797,0.048926491530289155,0.5855029585798817,0.1357987369153528,2.0,0.4076923076923077,0.7313610578336435,HI-VAE_weibull_diffusion
0.012712962302357066,0.929020979020979,0.047273380676720364,0.5450443786982249,0.15135311287330955,4.0,0.4230769230769231,0.7170729295525926,HI-VAE_weibull_diffusion
0.011606785003118564,0.9374125874125874,0.04987210359549053,0.5176775147928995,0.14266639383936539,3.0,0.4269230769230769,0.7249482770378662,HI-VAE_weibull_diffusion
0.013790551621577772,0.9276223776223776,0.07197601309786772,0.5844304733727811,0.08208515655682135,3.0,0.46153846153846156,0.7279260064592832,HI-VAE_weibull_diffusion
0.013568824089914085,0.9265734265734267,0.07316011156889198,0.5981508875739645,0.22128340846650332,4.0,0.4076923076923077,0.730914179495667,HI-VAE_weibull_diffusion
0.01306459219731365,0.9293706293706293,0.036706789235088605,0.5746671597633136,0.11972062385107599,2.0,0.47692307692307695,0.7388167375236179,HI-VAE_weibull_diffusion
0.011278701911865403,0.9314685314685316,0.0578980951028677,0.5508136094674556,0.0783156313087903,2.0,0.47307692307692306,0.7523281220399234,HI-VAE_weibull_diffusion
0.011161711478861532,0.9395104895104894,0.04660195661564444,0.5565458579881657,0.1769135558186139,2.0,0.4576923076923077,0.7176523855100866,HI-VAE_weibull_diffusion
0.012376375901863874,0.9349650349650349,0.05916316116752235,0.5522559171597633,0.1384900509510219,3.0,0.4230769230769231,0.7183297916632501,HI-VAE_weibull_diffusion
0.011542663435543228,0.9339160839160839,0.06537826499091744,0.578698224852071,0.12355270697805958,4.0,0.39615384615384613,0.7495634241240162,HI-VAE_weibull_diffusion
0.008926170353761588,0.9548951048951048,0.012087178668986927,0.4708579881656805,0.1565880459364843,3.0,0.4576923076923077,0.6891795892348155,HI-VAE_piecewise_diffusion
0.007172840475408152,0.9622377622377623,0.019405192649074098,0.4484097633136095,0.1310826395210245,3.0,0.47692307692307695,0.7127467738191315,HI-VAE_piecewise_diffusion
0.008204837647510434,0.9566433566433566,0.014839386406568799,0.5011094674556212,0.08355794679876122,3.0,0.47307692307692306,0.6930042889170093,HI-VAE_piecewise_diffusion
0.007867547444538776,0.9632867132867132,0.01452919686540279,0.49955621301775144,0.10141484324456629,3.0,0.41923076923076924,0.6704654215506993,HI-VAE_piecewise_diffusion
0.008732850704438981,0.9493006993006993,0.020200035750213317,0.4212278106508876,0.09740267808341134,4.0,0.4653846153846154,0.6721758417114356,HI-VAE_piecewise_diffusion
0.008330694384440467,0.956993006993007,0.02547308413063574,0.4321745562130178,0.11968240943236066,1.0,0.46153846153846156,0.6919874449376541,HI-VAE_piecewise_diffusion
0.008893383258026827,0.952097902097902,0.018298006239414116,0.5333579881656805,0.13991401032100004,2.0,0.45384615384615384,0.7145320878815267,HI-VAE_piecewise_diffusion
0.007688861108748882,0.9573426573426573,0.02685606156745004,0.4607988165680473,0.17032678947957575,2.0,0.47307692307692306,0.6950569603155422,HI-VAE_piecewise_diffusion
0.00829106295404566,0.9534965034965036,0.01827495896884018,0.46886094674556206,0.0996989460364628,1.0,0.47692307692307695,0.6790239230426444,HI-VAE_piecewise_diffusion
0.008568315547271464,0.9531468531468531,0.010224335698870846,0.4769230769230769,0.13975205007019167,3.0,0.46153846153846156,0.7076370890816899,HI-VAE_piecewise_diffusion
0.007680825555694204,0.9576923076923076,0.021506941300220572,0.4447485207100592,0.13051583631545768,2.0,0.45384615384615384,0.6601007656071474,HI-VAE_piecewise_diffusion
0.007855908153088087,0.9597902097902099,0.011635142299958356,0.46974852071005924,0.1532787364095532,3.0,0.46923076923076923,0.7178250318450525,HI-VAE_piecewise_diffusion
0.008370637888644736,0.9503496503496504,0.02920485676735916,0.4490754437869822,0.1176517747387935,2.0,0.45384615384615384,0.6640399815791139,HI-VAE_piecewise_diffusion
0.007824494719587178,0.959090909090909,0.016218634891025808,0.4488165680473373,0.1286347556252881,1.0,0.46923076923076923,0.6940606667616096,HI-VAE_piecewise_diffusion
0.008014990297460415,0.958041958041958,0.016186100448034285,0.453180473372781,0.10103161808801195,2.0,0.5038461538461538,0.6944403531772765,HI-VAE_piecewise_diffusion
0.008806970094917517,0.954895104895105,0.02788671736873111,0.4341715976331361,0.16371995680693377,3.0,0.4461538461538462,0.722365828537723,HI-VAE_piecewise_diffusion
0.007807739481336004,0.9552447552447553,0.009930741257269195,0.5112795857988166,0.19348193909859399,3.0,0.45384615384615384,0.7113984039361148,HI-VAE_piecewise_diffusion
0.008510149524629036,0.9534965034965034,0.01589586457001197,0.503180473372781,0.09754644856312096,4.0,0.4807692307692308,0.6952762078229306,HI-VAE_piecewise_diffusion
0.009050018914051898,0.9527972027972027,0.016400440698115894,0.4672337278106509,0.20848764225016292,4.0,0.4269230769230769,0.7096193879806647,HI-VAE_piecewise_diffusion
0.007174865415256818,0.9615384615384613,0.020469676347273733,0.4909393491124261,0.11298670919574103,2.0,0.45,0.6778007766754114,HI-VAE_piecewise_diffusion
0.008143315010717826,0.9604895104895104,0.012106425186455532,0.4782544378698225,0.1252726116575976,2.0,0.4346153846153846,0.6700430941832528,HI-VAE_piecewise_diffusion
0.008018795348713076,0.9576923076923076,0.014216551288238441,0.48790680473372783,0.1011758100648642,1.0,0.45384615384615384,0.7058959754206403,HI-VAE_piecewise_diffusion
0.00884744698413955,0.9489510489510488,0.021016225597682098,0.4603180473372781,0.08971195898359316,2.0,0.46923076923076923,0.6869022075872974,HI-VAE_piecewise_diffusion
0.0076461540948070394,0.9601398601398601,0.013650295902968325,0.48609467455621297,0.08700260214350519,1.0,0.49230769230769234,0.6892199037480825,HI-VAE_piecewise_diffusion
0.007158110614089676,0.9604895104895104,0.01528940977696895,0.48224852071005914,0.1037125352325884,2.0,0.4115384615384615,0.6721852920103271,HI-VAE_piecewise_diffusion
0.008211436403267991,0.9618881118881117,0.0214248747641063,0.45110946745562125,0.1090908741205006,2.0,0.4653846153846154,0.7035657488447633,HI-VAE_piecewise_diffusion
0.009209912250527216,0.9524475524475524,0.011327052317425779,0.4966715976331361,0.06327709117202196,2.0,0.46923076923076923,0.6892665862805302,HI-VAE_piecewise_diffusion
0.008459244641671472,0.9587412587412587,0.019405715876786255,0.46941568047337273,0.10153332448033307,1.0,0.47307692307692306,0.7037339976387736,HI-VAE_piecewise_diffusion
0.007583844944700527,0.9597902097902097,0.015244725195556117,0.44415680473372776,0.17341122256337638,3.0,0.4846153846153846,0.6907185927349345,HI-VAE_piecewise_diffusion
0.007415877703441171,0.9629370629370627,0.016902878619283395,0.47703402366863906,0.2146597371882356,1.0,0.4423076923076923,0.6806076364373393,HI-VAE_piecewise_diffusion
0.008094219585199361,0.9555944055944056,0.013343314024116336,0.48043639053254444,0.12876125640218314,3.0,0.45,0.7137230211955882,HI-VAE_piecewise_diffusion
0.006974151369828374,0.9583916083916083,0.02475581064085427,0.4580621301775148,0.10835373444243701,1.0,0.4307692307692308,0.7109202129586883,HI-VAE_piecewise_diffusion
0.00897908214979917,0.9541958041958041,0.02477269583862784,0.5157174556213018,0.0631212421348035,2.0,0.4423076923076923,0.6774190940205911,HI-VAE_piecewise_diffusion
0.00592673372475003,0.9685314685314683,0.016702186854289133,0.4643860946745562,0.2056059321865665,4.0,0.4461538461538462,0.7048853896024166,HI-VAE_piecewise_diffusion
0.00792631781212592,0.9562937062937062,0.044533546149949046,0.5004437869822485,0.09933950713961873,1.0,0.4576923076923077,0.6863632445976726,HI-VAE_piecewise_diffusion
0.008924344270830957,0.9576923076923076,0.019576635557071564,0.4585059171597633,0.21559409199889892,3.0,0.47692307692307695,0.6800445604225841,HI-VAE_piecewise_diffusion
0.007941109343024324,0.9604895104895104,0.020573511169773618,0.4571005917159764,0.12759787071122505,4.0,0.5153846153846153,0.6799171717242763,HI-VAE_piecewise_diffusion
0.008801981624343407,0.9576923076923076,0.01787942528648762,0.46767751479289943,0.1321937685455703,3.0,0.4076923076923077,0.7049978731509511,HI-VAE_piecewise_diffusion
0.008364499789116079,0.9594405594405594,0.01477624445676257,0.48920118343195274,0.21677149495622058,3.0,0.48846153846153845,0.6975867617880018,HI-VAE_piecewise_diffusion
0.009723066603973722,0.95,0.030402966259256755,0.48306213017751476,0.08320528621758033,2.0,0.45,0.684237270217381,HI-VAE_piecewise_diffusion
0.007794194768796652,0.9555944055944056,0.03757540362018312,0.4512573964497042,0.13007532642475628,2.0,0.46923076923076923,0.6881479927948088,HI-VAE_piecewise_diffusion
0.007671685973761816,0.9625874125874124,0.01722710186318301,0.48461538461538467,0.09430503817043746,2.0,0.4115384615384615,0.7029098071790919,HI-VAE_piecewise_diffusion
0.0084870907690077,0.9527972027972027,0.0287980866267883,0.4855769230769231,0.17570927216001916,4.0,0.47307692307692306,0.6714722574157137,HI-VAE_piecewise_diffusion
0.006753085472417162,0.961888111888112,0.022661264574559817,0.5243343195266272,0.07879985709173173,1.0,0.46153846153846156,0.729038316743667,HI-VAE_piecewise_diffusion
0.007852519439818751,0.9587412587412586,0.015696077794744728,0.5060650887573964,0.17341990839653806,2.0,0.45384615384615384,0.6937752061011967,HI-VAE_piecewise_diffusion
0.008566441782585692,0.9531468531468531,0.018152102144566813,0.49644970414201184,0.09511561460441273,4.0,0.4230769230769231,0.686401359450762,HI-VAE_piecewise_diffusion
0.008178505535747125,0.9566433566433564,0.026968643683324602,0.45258875739644966,0.15934687558813176,4.0,0.4807692307692308,0.6844198724196294,HI-VAE_piecewise_diffusion
0.007299846127264049,0.9632867132867132,0.01535989804797844,0.500369822485207,0.1656228642137684,3.0,0.4269230769230769,0.6955071577566315,HI-VAE_piecewise_diffusion
0.00901998687020436,0.9555944055944056,0.014830239758673562,0.5125369822485207,0.13537205376957268,1.0,0.46923076923076923,0.6854384484129442,HI-VAE_piecewise_diffusion
0.007558267442101699,0.9587412587412587,0.01584277432718214,0.48483727810650884,0.17644652386065113,2.0,0.43846153846153846,0.707930607713852,HI-VAE_piecewise_diffusion
0.009504206281853278,0.9545454545454544,0.03422214092630644,0.49208579881656805,0.11096819898842203,2.0,0.4153846153846154,0.7031312280039047,HI-VAE_piecewise_diffusion
0.008368007680123064,0.9573426573426573,0.015901032481455284,0.4749260355029586,0.13998081906677867,3.0,0.4307692307692308,0.6830370829390998,HI-VAE_piecewise_diffusion
0.008233363388656762,0.9545454545454546,0.019683599033375295,0.4714866863905326,0.11838765689783812,2.0,0.4576923076923077,0.700393061061404,HI-VAE_piecewise_diffusion
0.008750082909130187,0.9566433566433566,0.01998803092717332,0.47263313609467444,0.08749139975031847,2.0,0.4576923076923077,0.6994768302182808,HI-VAE_piecewise_diffusion
0.009924450090823309,0.9489510489510488,0.02097434285363445,0.4943417159763313,0.15441049967017884,1.0,0.4076923076923077,0.7013622266071503,HI-VAE_piecewise_diffusion
0.007700169299821577,0.9587412587412587,0.010079131793932557,0.47751479289940824,0.10743185573744392,1.0,0.4576923076923077,0.7080949012325864,HI-VAE_piecewise_diffusion
0.00893034988883085,0.958041958041958,0.02333170419454957,0.49208579881656805,0.11333793565763822,1.0,0.46153846153846156,0.6926312097427496,HI-VAE_piecewise_diffusion
0.00932506358363369,0.9513986013986013,0.01596855733385895,0.43387573964497034,0.12510397652451596,3.0,0.4846153846153846,0.6940334915061606,HI-VAE_piecewise_diffusion
0.008864051612046524,0.9538461538461537,0.025327254843569576,0.5493713017751479,0.11458047617116451,1.0,0.47307692307692306,0.7041692550593861,HI-VAE_piecewise_diffusion
0.008270740500963934,0.9587412587412587,0.013093290525471696,0.4494082840236686,0.12519002091305592,4.0,0.45384615384615384,0.7123431523064521,HI-VAE_piecewise_diffusion
0.007663825393104071,0.9583916083916083,0.018191760548566357,0.4710059171597633,0.1634060329201273,2.0,0.43846153846153846,0.7205210371387645,HI-VAE_piecewise_diffusion
0.009621853980481364,0.9472027972027971,0.034052493066915254,0.4637204142011835,0.15673401211011265,1.0,0.3923076923076923,0.7078395677739762,HI-VAE_piecewise_diffusion
0.007167915619224824,0.9594405594405594,0.02308753305534424,0.4571745562130178,0.13366987007824335,1.0,0.4346153846153846,0.6777361546572339,HI-VAE_piecewise_diffusion
0.007733352704904114,0.9580419580419579,0.010704774564786348,0.46767751479289926,0.12362186998375638,1.0,0.5076923076923077,0.7150286783921431,HI-VAE_piecewise_diffusion
0.007362679031263977,0.9594405594405594,0.020310116553539453,0.48772189349112427,0.18109711342870227,3.0,0.4653846153846154,0.706470729471462,HI-VAE_piecewise_diffusion
0.00756483588332205,0.9601398601398601,0.02291002874845469,0.4547337278106509,0.20841272305909295,2.0,0.46923076923076923,0.7016262816407871,HI-VAE_piecewise_diffusion
0.009963722566156796,0.9461538461538462,0.02987952208831918,0.490310650887574,0.1414659325604121,3.0,0.5076923076923077,0.6945453093816026,HI-VAE_piecewise_diffusion
0.009118593534149613,0.9524475524475523,0.017968022299633308,0.47699704142011834,0.20882654511534365,2.0,0.4846153846153846,0.6923542902185097,HI-VAE_piecewise_diffusion
0.007012958692702876,0.9646853146853146,0.016428546040629932,0.46231508875739646,0.15861117509726583,3.0,0.47692307692307695,0.7053623361329053,HI-VAE_piecewise_diffusion
0.007673777062422235,0.9555944055944056,0.027870805458285054,0.5095414201183431,0.10283115750218154,4.0,0.47692307692307695,0.7039825813396039,HI-VAE_piecewise_diffusion
0.0076654126095376226,0.9555944055944056,0.016601329854444916,0.460207100591716,0.07107293673492632,2.0,0.5,0.6944097926333406,HI-VAE_piecewise_diffusion
0.006095124980647768,0.9685314685314684,0.013634903271456446,0.4193047337278106,0.14842493716368438,1.0,0.4807692307692308,0.6869937122148643,HI-VAE_piecewise_diffusion
0.007842232489326256,0.9576923076923076,0.019106060512935376,0.48298816568047337,0.07092268567544967,3.0,0.43846153846153846,0.7015534545767764,HI-VAE_piecewise_diffusion
0.008493267196316547,0.955244755244755,0.013300051132694042,0.4701923076923077,0.19170519804382347,1.0,0.4461538461538462,0.6992954635791739,HI-VAE_piecewise_diffusion
0.006949210041003964,0.9615384615384616,0.021248762067978155,0.49981508875739644,0.08625096400287961,2.0,0.4423076923076923,0.694814392260592,HI-VAE_piecewise_diffusion
0.0072669443602179536,0.9608391608391608,0.007836807499881466,0.4237056213017752,0.1275487433644701,2.0,0.46923076923076923,0.6978535508676545,HI-VAE_piecewise_diffusion
0.007429668234827708,0.9629370629370627,0.01704702627075401,0.5133136094674556,0.12507895079479442,4.0,0.4576923076923077,0.6904221619367682,HI-VAE_piecewise_diffusion
0.007319058870874444,0.9625874125874124,0.013663359610195882,0.4631656804733728,0.14451908393409038,2.0,0.41923076923076924,0.6942632342367335,HI-VAE_piecewise_diffusion
0.008642969063144008,0.9534965034965034,0.015567624281602027,0.45325443786982245,0.1387754048262446,3.0,0.48846153846153845,0.6871322806286956,HI-VAE_piecewise_diffusion
0.007445130754713595,0.9601398601398601,0.021069510400670996,0.46320266272189353,0.15478057210098092,2.0,0.4807692307692308,0.7031343969072205,HI-VAE_piecewise_diffusion
0.008629131382732226,0.9559440559440557,0.01536995290348844,0.4734467455621302,0.1259837744511889,3.0,0.4576923076923077,0.7023054715101482,HI-VAE_piecewise_diffusion
0.007896194510005328,0.9576923076923077,0.015925033836320664,0.4743343195266273,0.09128111075499208,1.0,0.45,0.6884448253349533,HI-VAE_piecewise_diffusion
0.0072009103029077644,0.9545454545454546,0.04474212159033911,0.5157544378698224,0.14129585716439336,1.0,0.47692307692307695,0.6918550490526749,HI-VAE_piecewise_diffusion
0.008264853771171678,0.9583916083916084,0.013321522746142336,0.4677884615384615,0.14280385531227263,4.0,0.5153846153846153,0.693213299015192,HI-VAE_piecewise_diffusion
0.00784588765125013,0.9562937062937062,0.03259708798230876,0.4813609467455621,0.08258146393098996,2.0,0.4576923076923077,0.6923391761876596,HI-VAE_piecewise_diffusion
0.006898923911850716,0.9629370629370629,0.01557879757731585,0.4447115384615385,0.16222077133305454,2.0,0.4576923076923077,0.6894074791554266,HI-VAE_piecewise_diffusion
0.0071740981300422,0.9604895104895104,0.024235370377940723,0.427292899408284,0.13771434749081374,2.0,0.4461538461538462,0.6778534507367744,HI-VAE_piecewise_diffusion
0.006848297955468899,0.9608391608391607,0.02125430827420194,0.4449704142011834,0.10845917246635521,2.0,0.4807692307692308,0.6971634188619349,HI-VAE_piecewise_diffusion
0.010940743274575958,0.9423076923076923,0.033214231844893395,0.485724852071006,0.13289678383243433,2.0,0.4230769230769231,0.7045072385386727,HI-VAE_piecewise_diffusion
0.008115841982757308,0.9562937062937062,0.01670831732329986,0.4198224852071005,0.08237257348796631,4.0,0.4461538461538462,0.6980564297482053,HI-VAE_piecewise_diffusion
0.007100325630309973,0.9636363636363636,0.0169409777671561,0.3859467455621302,0.17012104991434118,3.0,0.46153846153846156,0.6977461684626235,HI-VAE_piecewise_diffusion
0.007267709778641541,0.9604895104895106,0.016845539165285427,0.46301775147929,0.15220816036218418,2.0,0.4576923076923077,0.6918019048298885,HI-VAE_piecewise_diffusion
0.00615390730748805,0.9674825174825173,0.014276979568675395,0.4244082840236686,0.10199399227830667,2.0,0.48846153846153845,0.6980108947944759,HI-VAE_piecewise_diffusion
0.007203597415821512,0.9583916083916083,0.01506482956801007,0.5355769230769232,0.1338518161216875,3.0,0.4807692307692308,0.7311211560035735,HI-VAE_piecewise_diffusion
0.008264221585643144,0.9597902097902099,0.01795901216304298,0.47485207100591714,0.11244207902649257,2.0,0.4423076923076923,0.6970425899180128,HI-VAE_piecewise_diffusion
0.007484301904040764,0.9615384615384616,0.01862687701685992,0.46582840236686385,0.1761925661567318,3.0,0.4230769230769231,0.6860532765896026,HI-VAE_piecewise_diffusion
0.007865941254986361,0.9569930069930069,0.02617288665570352,0.4649408284023668,0.18690758466345547,4.0,0.4576923076923077,0.7050464000523812,HI-VAE_piecewise_diffusion
0.007002353936643271,0.9608391608391607,0.021083989005726066,0.47892011834319526,0.11222287268119528,3.0,0.4269230769230769,0.6871100831653598,HI-VAE_piecewise_diffusion
0.009727308713708117,0.9503496503496502,0.022346402226247026,0.5166789940828402,0.15983110088104358,3.0,0.45,0.7228866008113447,HI-VAE_piecewise_diffusion
0.007728667821656024,0.9566433566433566,0.027076032896102335,0.4606878698224852,0.13732711728116917,2.0,0.43846153846153846,0.6828345740152303,HI-VAE_piecewise_diffusion
0.00734320635476891,0.9566433566433564,0.019340369507161514,0.4552514792899408,0.11150382851810016,3.0,0.4461538461538462,0.6921829776329288,HI-VAE_piecewise_diffusion
0.008152190113285522,0.9548951048951048,0.01873482738238466,0.48635355029585803,0.17045095602677476,3.0,0.4807692307692308,0.7008230855600238,HI-VAE_piecewise_diffusion
0.007680037338753121,0.9573426573426573,0.022251377865239074,0.4525887573964497,0.17055387521113244,3.0,0.4269230769230769,0.6877296769187953,HI-VAE_piecewise_diffusion
0.009042965069106616,0.952097902097902,0.01701126271425672,0.4603550295857989,0.10510445519826174,2.0,0.47692307692307695,0.7176187517791498,HI-VAE_piecewise_diffusion
0.009066165777279438,0.9545454545454544,0.015393570209218537,0.4893491124260355,0.13134400436013127,1.0,0.4346153846153846,0.6785502232552609,HI-VAE_piecewise_diffusion
0.006632647123378308,0.9622377622377623,0.01575459227957694,0.4902736686390532,0.14474830147896128,2.0,0.4846153846153846,0.6858455500390299,HI-VAE_piecewise_diffusion
0.006571289839283534,0.9657342657342657,0.01918939432127124,0.41201923076923075,0.18507930588175234,3.0,0.4807692307692308,0.6844107665618316,HI-VAE_piecewise_diffusion
0.008952966193183904,0.9548951048951048,0.011018396621029217,0.45225591715976343,0.1284069013335301,2.0,0.4269230769230769,0.6920310208871898,HI-VAE_piecewise_diffusion
0.0072042663699410795,0.9625874125874124,0.027794631770083,0.4806952662721894,0.11546565963602295,2.0,0.4461538461538462,0.681050943689666,HI-VAE_piecewise_diffusion
0.008387996047663392,0.9566433566433566,0.026612026271103744,0.5226331360946745,0.18128386917224162,4.0,0.45,0.7088309644070958,HI-VAE_piecewise_diffusion
0.007600952945162485,0.9594405594405594,0.024124024363320007,0.4518491124260355,0.11342738757416736,3.0,0.4461538461538462,0.7028592744494366,HI-VAE_piecewise_diffusion
0.009371806355176067,0.9489510489510488,0.02471121105092321,0.47618343195266266,0.07142342052666148,3.0,0.46153846153846156,0.7178197500321607,HI-VAE_piecewise_diffusion
0.007415962633423276,0.9604895104895106,0.019025139047273713,0.45488165680473375,0.20127212460122268,3.0,0.43846153846153846,0.6818452926708963,HI-VAE_piecewise_diffusion
0.008861460020161738,0.9552447552447553,0.019804651192336705,0.4954881656804734,0.18131343664231359,2.0,0.40384615384615385,0.7005124044012058,HI-VAE_piecewise_diffusion
0.007621645003980537,0.9622377622377623,0.009199713521803935,0.48838757396449706,0.11006399369250966,1.0,0.4846153846153846,0.6962662138271684,HI-VAE_piecewise_diffusion
0.00759746223123556,0.9594405594405593,0.026484134052964226,0.46830621301775144,0.10039250591506035,2.0,0.4653846153846154,0.6861094872091682,HI-VAE_piecewise_diffusion
0.008005077033516248,0.9562937062937062,0.018828955679069788,0.5085428994082841,0.16546892794013715,3.0,0.45384615384615384,0.7232287659395962,HI-VAE_piecewise_diffusion
0.008247160880693993,0.9517482517482517,0.034641584759040715,0.45643491124260355,0.0749387080865281,3.0,0.4269230769230769,0.6880820986994014,HI-VAE_piecewise_diffusion
0.00723760766374133,0.9622377622377623,0.008183682556060551,0.44585798816568045,0.11134797944736449,1.0,0.45384615384615384,0.677547378118946,HI-VAE_piecewise_diffusion
0.009519050743908046,0.9503496503496502,0.01845438914274307,0.44800295857988165,0.19176313207863857,2.0,0.45384615384615384,0.7014809402184555,HI-VAE_piecewise_diffusion
0.007314498566517139,0.9590909090909091,0.01578626519533454,0.46690088757396453,0.1978384414223548,3.0,0.41923076923076924,0.700638950063245,HI-VAE_piecewise_diffusion
0.008152056026626053,0.9583916083916083,0.025693973791033085,0.4498890532544378,0.11742614295048523,2.0,0.4230769230769231,0.6988343541494862,HI-VAE_piecewise_diffusion
0.0076561240011384975,0.9601398601398601,0.019366289528302365,0.4548816568047337,0.13403752199782015,2.0,0.47692307692307695,0.7026051587719256,HI-VAE_piecewise_diffusion
0.00770468958070595,0.959090909090909,0.031029547351216318,0.45118343195266275,0.08883070512455754,4.0,0.48846153846153845,0.6895302171553898,HI-VAE_piecewise_diffusion
0.0071615617106403524,0.9594405594405594,0.02222955611196096,0.48062130177514784,0.20028494576054498,4.0,0.4269230769230769,0.6815369589961491,HI-VAE_piecewise_diffusion
0.008215219017575283,0.9573426573426572,0.017588534097772217,0.5410502958579881,0.12055938221103334,2.0,0.45,0.6997144731633832,HI-VAE_piecewise_diffusion
0.008083023806619941,0.9573426573426573,0.02399675986994772,0.4940828402366864,0.1344689822119911,2.0,0.4576923076923077,0.7316752531799368,HI-VAE_piecewise_diffusion
0.006860794494662776,0.9657342657342659,0.009938321269398488,0.47670118343195267,0.10142800305775972,4.0,0.45,0.708661399829213,HI-VAE_piecewise_diffusion
0.008343482385185404,0.958041958041958,0.020237284922927628,0.5150147928994083,0.1370171740887197,3.0,0.4346153846153846,0.6994800209348715,HI-VAE_piecewise_diffusion
0.009652129061784465,0.9486013986013986,0.028789774954129703,0.48605769230769236,0.2176078843950781,3.0,0.45,0.709392529188274,HI-VAE_piecewise_diffusion
0.006258577024766941,0.970979020979021,0.011847633781788906,0.4750739644970414,0.16596967945563135,3.0,0.5076923076923077,0.7229356359649173,HI-VAE_piecewise_diffusion
0.007837502136421162,0.9552447552447553,0.026130784297277696,0.46889792899408284,0.1285548660934584,1.0,0.43846153846153846,0.694079739705821,HI-VAE_piecewise_diffusion
0.008899146636167433,0.9559440559440557,0.020258421339931894,0.4763683431952662,0.11047579700583886,2.0,0.5192307692307693,0.7186632424620001,HI-VAE_piecewise_diffusion
0.007847523840917322,0.9604895104895104,0.038167339146682154,0.5024408284023669,0.09080445302595294,1.0,0.46923076923076923,0.6720272198192088,HI-VAE_piecewise_diffusion
0.009950823233451962,0.9475524475524474,0.033410425874193565,0.5458949704142012,0.24530066755526184,3.0,0.40384615384615385,0.7231937683199435,HI-VAE_piecewise_diffusion
0.009034685024850659,0.9541958041958041,0.02083413753182521,0.4670857988165681,0.12047755221148254,2.0,0.4653846153846154,0.695693629397119,HI-VAE_piecewise_diffusion
0.007839720616404382,0.9576923076923076,0.019534192111605984,0.48579881656804724,0.09866362567594407,3.0,0.48846153846153845,0.696525176570238,HI-VAE_piecewise_diffusion
0.008923195576728972,0.9506993006993006,0.027540298827621226,0.4818047337278106,0.17432328479006967,3.0,0.4461538461538462,0.7032583386239265,HI-VAE_piecewise_diffusion
0.008375562175134844,0.9576923076923076,0.020573814923243502,0.45147928994082837,0.0762226802673556,2.0,0.49615384615384617,0.6872148663918214,HI-VAE_piecewise_diffusion
0.008257437957949386,0.9545454545454544,0.04526576870463672,0.4846893491124261,0.07851298374193845,1.0,0.46153846153846156,0.7007019291642459,HI-VAE_piecewise_diffusion
0.006733138505258684,0.9646853146853146,0.018286706212626954,0.3809171597633136,0.21265197714257794,3.0,0.4115384615384615,0.7007777607970858,HI-VAE_piecewise_diffusion
0.008581061249129539,0.9573426573426572,0.01414955763668175,0.443639053254438,0.15659369625342068,3.0,0.4307692307692308,0.674047402966944,HI-VAE_piecewise_diffusion
0.008255239342764937,0.9566433566433566,0.03439576470759088,0.46039201183431955,0.09900543022615678,1.0,0.45,0.7031992319381701,HI-VAE_piecewise_diffusion
0.008384543474482253,0.9524475524475523,0.01393093657884515,0.49445266272189353,0.24083559380790284,2.0,0.4346153846153846,0.7069701941736973,HI-VAE_piecewise_diffusion
0.007636090350445031,0.9576923076923076,0.025310990847184158,0.47573964497041416,0.09249008292471479,2.0,0.4461538461538462,0.7008050895631461,HI-VAE_piecewise_diffusion
0.009029395093222443,0.9548951048951048,0.030510779244985797,0.4906434911242604,0.07156133590125366,1.0,0.4269230769230769,0.7101199980075855,HI-VAE_piecewise_diffusion
0.007878072006386043,0.9594405594405593,0.020962683943711233,0.5261094674556213,0.10177579862507546,1.0,0.4461538461538462,0.6769243302062473,HI-VAE_piecewise_diffusion
0.007011682202558219,0.9604895104895106,0.013779539773567155,0.4776627218934911,0.19812455855781672,3.0,0.46153846153846156,0.6928402195166994,HI-VAE_piecewise_diffusion
0.007770409425333301,0.9604895104895106,0.016290416962656328,0.49589497041420116,0.15865133049763394,2.0,0.4076923076923077,0.7048576621227065,HI-VAE_piecewise_diffusion
0.009115117875712436,0.9513986013986013,0.011172600164564103,0.523853550295858,0.16455454408627157,3.0,0.4653846153846154,0.7338215464754572,HI-VAE_piecewise_diffusion
0.010221199061249573,0.9444055944055944,0.04073299331468751,0.4938239644970414,0.10113791332072186,1.0,0.4269230769230769,0.7147976014302191,HI-VAE_piecewise_diffusion
0.007408205786303663,0.9618881118881117,0.021006972329501127,0.4472263313609467,0.10936569473549626,1.0,0.4,0.6813365008254664,HI-VAE_piecewise_diffusion
0.007731946605035722,0.9587412587412586,0.017689599128567646,0.45976331360946743,0.1529046089028977,2.0,0.45384615384615384,0.7123400993104801,HI-VAE_piecewise_diffusion
0.008650090339902347,0.9566433566433566,0.01886899634224438,0.45621301775147927,0.1263899277806905,4.0,0.43846153846153846,0.7099217452537722,HI-VAE_piecewise_diffusion
0.008409423951422896,0.9555944055944056,0.043315870739304325,0.49859467455621304,0.10788476979922387,1.0,0.46153846153846156,0.6855178884199347,HI-VAE_piecewise_diffusion
0.008141006909800194,0.9548951048951048,0.032336089069934945,0.5474852071005917,0.12831616785108657,1.0,0.46153846153846156,0.7127319038239793,HI-VAE_piecewise_diffusion
0.008836745615012404,0.9524475524475524,0.02305889770153731,0.4506656804733728,0.13802408001920846,2.0,0.45384615384615384,0.7051738009149279,HI-VAE_piecewise_diffusion
0.00657516501740143,0.9604895104895106,0.026540808913417605,0.4655325443786983,0.13169282425309406,3.0,0.49230769230769234,0.6945525582533446,HI-VAE_piecewise_diffusion
0.009561929909764866,0.9489510489510488,0.016144452303379787,0.4950073964497041,0.0960378925883857,1.0,0.4269230769230769,0.6777542959755515,HI-VAE_piecewise_diffusion
0.008460631522498048,0.952097902097902,0.018733453247218704,0.45857988165680474,0.1913921991483932,3.0,0.45,0.7114336019495648,HI-VAE_piecewise_diffusion
0.009103767784234714,0.9493006993006993,0.019432470842870017,0.4768491124260355,0.13807395025849445,1.0,0.40384615384615385,0.694590328046159,HI-VAE_piecewise_diffusion
0.008181819962493429,0.9573426573426573,0.019821552466716172,0.4849852071005918,0.0969550087852488,2.0,0.4346153846153846,0.6709041341705168,HI-VAE_piecewise_diffusion
0.008326629865020942,0.9583916083916083,0.017820745897859928,0.4874260355029586,0.1480290754639175,2.0,0.3923076923076923,0.6967408111181145,HI-VAE_piecewise_diffusion
0.008330091092440954,0.955244755244755,0.014875087858593114,0.4845784023668639,0.08625183933234569,2.0,0.46153846153846156,0.6863569510779213,HI-VAE_piecewise_diffusion
0.008832222808383063,0.9576923076923077,0.01366558431622291,0.4874630177514794,0.09490617937451805,3.0,0.4807692307692308,0.69920504977203,HI-VAE_piecewise_diffusion
0.007576744831008761,0.9632867132867132,0.017935196808622093,0.4771449704142012,0.19713647318265254,2.0,0.4576923076923077,0.6819710521735273,HI-VAE_piecewise_diffusion
0.008764993337242576,0.9496503496503497,0.026281764604067264,0.4778846153846154,0.18158502282788683,2.0,0.45,0.7001244476102313,HI-VAE_piecewise_diffusion
0.007651845691032832,0.9576923076923076,0.009002259335315264,0.5018121301775148,0.15371504206493597,3.0,0.4576923076923077,0.6818707839893033,HI-VAE_piecewise_diffusion
0.008148271819958435,0.9562937062937062,0.015153798008339674,0.48054733727810656,0.16868912192935392,3.0,0.4653846153846154,0.6868645494624381,HI-VAE_piecewise_diffusion
0.0073308714759902135,0.9601398601398603,0.011039828251624022,0.483801775147929,0.1000539304760262,2.0,0.4346153846153846,0.7074304140528151,HI-VAE_piecewise_diffusion
0.008305436415602115,0.951048951048951,0.023480369407210485,0.43831360946745557,0.10579042614477385,3.0,0.47307692307692306,0.6965281227346297,HI-VAE_piecewise_diffusion
0.007741013293453664,0.9601398601398601,0.01563222984673886,0.4696005917159763,0.11719008914907261,1.0,0.48846153846153845,0.683599808849883,HI-VAE_piecewise_diffusion
0.009791583433382673,0.9503496503496502,0.022999321315401482,0.45295857988165683,0.14814027546498915,3.0,0.4653846153846154,0.6673355624878832,HI-VAE_piecewise_diffusion
0.00855156897551556,0.9541958041958041,0.03194572357265075,0.5036242603550296,0.0994267803650028,3.0,0.45,0.6858168515567793,HI-VAE_piecewise_diffusion
0.008524231880779547,0.9573426573426572,0.012859284070886646,0.45976331360946743,0.12150895600978605,4.0,0.5192307692307693,0.7242146266581777,HI-VAE_piecewise_diffusion
0.008243377030403124,0.955944055944056,0.012751108664916301,0.38923816568047337,0.13918373309641913,2.0,0.5346153846153846,0.6835438422851124,HI-VAE_piecewise_diffusion
0.007417673444418258,0.9587412587412587,0.009832151554928788,0.4700443786982248,0.14524399296622248,1.0,0.45,0.6973302572757383,HI-VAE_piecewise_diffusion
0.007084410337420023,0.9618881118881117,0.029877873504977143,0.5053254437869822,0.11666861265894043,2.0,0.47307692307692306,0.6859590105344389,HI-VAE_piecewise_diffusion
0.0059911856133959655,0.9674825174825173,0.01836262848612725,0.44622781065088757,0.12413608739944948,3.0,0.47692307692307695,0.7012103931169,HI-VAE_piecewise_diffusion
0.008015607410947654,0.9566433566433566,0.03558998927044347,0.4718565088757397,0.1353633919872785,2.0,0.4653846153846154,0.7065564214559201,HI-VAE_piecewise_diffusion
0.008023730877011954,0.9548951048951048,0.02469095878211124,0.44648668639053257,0.12532413809983678,2.0,0.5,0.6754002047531045,HI-VAE_piecewise_diffusion
0.0069160786000957595,0.9632867132867132,0.012775598837857461,0.441198224852071,0.07796204333122846,3.0,0.5115384615384615,0.6787336456022488,HI-VAE_piecewise_diffusion
0.00758489582346448,0.9587412587412587,0.008858249845497213,0.42056213017751476,0.10426923879032012,1.0,0.40384615384615385,0.7105410241641662,HI-VAE_piecewise_diffusion
0.008219839750189844,0.9569930069930069,0.016758994062943264,0.5065828402366863,0.1483109267397209,2.0,0.4461538461538462,0.6603357709704553,HI-VAE_piecewise_diffusion
0.008601679240038983,0.9545454545454546,0.01886421450262069,0.5120562130177515,0.10787622065313394,2.0,0.45,0.6761141650167259,HI-VAE_piecewise_diffusion
0.009800913965800696,0.948951048951049,0.02558011891007066,0.49079142011834326,0.08568545124648233,4.0,0.4230769230769231,0.7002536916172655,HI-VAE_piecewise_diffusion
0.007566623632773972,0.9587412587412586,0.01142087478273088,0.47322485207100595,0.08179284956635595,1.0,0.4461538461538462,0.6905699089020577,HI-VAE_piecewise_diffusion
0.008867658964118851,0.9576923076923077,0.020754180822704207,0.37988165680473374,0.12373552432373999,2.0,0.46923076923076923,0.7034525211582056,HI-VAE_piecewise_diffusion
0.00971516822139753,0.9493006993006993,0.023329385289089188,0.4740014792899408,0.07501114552060698,3.0,0.4346153846153846,0.6831272861012937,HI-VAE_piecewise_diffusion
0.008473021282212513,0.9562937062937062,0.027986457281668178,0.4626479289940829,0.10786432572755901,1.0,0.5,0.6875751906636826,HI-VAE_piecewise_diffusion
0.006904347399834138,0.9629370629370629,0.03346962802717665,0.4930103550295858,0.09282514169009286,1.0,0.41923076923076924,0.6968182482937393,HI-VAE_piecewise_diffusion
0.009074722276538109,0.9534965034965034,0.015064041718737856,0.47858727810650886,0.12304568609854614,2.0,0.4346153846153846,0.6771667789292959,HI-VAE_piecewise_diffusion
0.008917942343312073,0.9587412587412587,0.014066903734397899,0.520414201183432,0.10091204189731563,1.0,0.4153846153846154,0.7119547408421429,HI-VAE_piecewise_diffusion
0.008533299749385909,0.9569930069930069,0.020186159111128685,0.4567307692307693,0.15513162743070347,4.0,0.47692307692307695,0.7236509123911891,HI-VAE_piecewise_diffusion
0.006737827542708134,0.9632867132867133,0.0160614347668376,0.47855029585798814,0.13441677304781732,1.0,0.45,0.6918394260675169,HI-VAE_piecewise_diffusion
0.008102113920473136,0.9576923076923076,0.018646545112145644,0.4750739644970414,0.1562368769231118,3.0,0.45384615384615384,0.7218573570466843,HI-VAE_piecewise_diffusion
0.009413495204139923,0.9541958041958041,0.023871463398141453,0.5256656804733728,0.13679129601324533,2.0,0.4230769230769231,0.7162757391014283,HI-VAE_piecewise_diffusion
0.007611773899183937,0.9615384615384616,0.019026934628397323,0.4615014792899409,0.10004381119044209,2.0,0.4153846153846154,0.690068624399878,HI-VAE_piecewise_diffusion
0.008888672158481221,0.9538461538461537,0.01947381718743537,0.5083210059171599,0.15202140411954299,2.0,0.47692307692307695,0.6902861914190164,HI-VAE_piecewise_diffusion
0.00723097591452777,0.9597902097902097,0.019202389423440283,0.4403476331360947,0.17306028796750822,3.0,0.4307692307692308,0.664554877837247,HI-VAE_piecewise_diffusion
