J-S distance,KS test,Survival curves distance,Detection XGB,NSND,K-map score,Identifiability score,NNDR,generator
0.00625616849471551,0.9566596194503171,0.0929417818085489,0.4673587081891581,0.20673884932899347,8.0,0.4883720930232558,0.7021674545648856,HI-VAE_weibull
0.009030960669105626,0.9482029598308668,0.05163835917149686,0.4650134563629373,0.12602119738065373,7.0,0.47674418604651164,0.6970676461255706,HI-VAE_weibull
0.0072282355469160545,0.963002114164905,0.039376445135947444,0.4572472126105344,0.13465392463691772,3.0,0.45348837209302323,0.7047774658529888,HI-VAE_weibull
0.006010400169870495,0.9640591966173363,0.0376143678090785,0.47420222991157246,0.19536498311235764,8.0,0.6046511627906976,0.7026210348866577,HI-VAE_weibull
0.005426584669389098,0.9672304439746301,0.05910434190690208,0.46597462514417537,0.21943148237902518,9.0,0.47674418604651164,0.7348238048050886,HI-VAE_weibull
0.0064481975804103805,0.9587737843551797,0.028449946517437572,0.49042675893886967,0.11914406219708427,5.0,0.46511627906976744,0.7017590861805222,HI-VAE_weibull
0.007192044433107349,0.9503171247357294,0.09735323566129292,0.5343713956170704,0.31216924237219484,8.0,0.47674418604651164,0.6965902093377869,HI-VAE_weibull
0.00804549411694538,0.9566596194503171,0.03328595393041709,0.4002306805074971,0.17356697730515125,5.0,0.5581395348837209,0.682157836160175,HI-VAE_weibull
0.00595539086819131,0.9630021141649049,0.06430155088765246,0.5347943098808151,0.257590780962778,6.0,0.4186046511627907,0.691134368196092,HI-VAE_weibull
0.005710467097703698,0.9682875264270613,0.082514194979902,0.4864282968089196,0.2069038971712752,9.0,0.5116279069767442,0.6761268795881386,HI-VAE_weibull
0.006551645680401571,0.9651162790697675,0.043759024752980165,0.5560938100730489,0.0973751099145605,7.0,0.5116279069767442,0.6879040535064878,HI-VAE_weibull
0.005743167558231472,0.9651162790697675,0.06853294232403426,0.4927720107650904,0.23959189072112827,9.0,0.5,0.6919582214530919,HI-VAE_weibull
0.005339448250631067,0.9651162790697676,0.045798073256876855,0.5074971164936564,0.09083180182416081,2.0,0.47674418604651164,0.7193821309633996,HI-VAE_weibull
0.006138567575305429,0.9651162790697675,0.04958322342680233,0.530718954248366,0.14827601433919269,6.0,0.5232558139534884,0.7101960006910236,HI-VAE_weibull
0.006097565859171748,0.9630021141649049,0.04485639524342772,0.5197231833910034,0.32851400830793676,5.0,0.5232558139534884,0.7067549816699061,HI-VAE_weibull
0.0060728468635074745,0.9587737843551797,0.07215936508567765,0.47562475970780466,0.23396816106352245,7.0,0.46511627906976744,0.6748741020748221,HI-VAE_weibull
0.004888213904179633,0.9704016913319239,0.04312039064624858,0.5332948865820838,0.21266620763378788,4.0,0.46511627906976744,0.7037441464529662,HI-VAE_weibull
0.0044140579187961085,0.9735729386892179,0.030805086422900287,0.42387543252595156,0.16292543741440996,5.0,0.3953488372093023,0.6954729105168046,HI-VAE_weibull
0.0053781108588167046,0.9587737843551799,0.09471043230615284,0.42518262206843527,0.1896827593011714,12.0,0.46511627906976744,0.7027825149378715,HI-VAE_weibull
0.005229983025125939,0.9630021141649049,0.05991552460905378,0.500730488273741,0.10683646882746,8.0,0.4883720930232558,0.7135615124737552,HI-VAE_weibull
0.005039451832554218,0.970401691331924,0.060281400119903995,0.5008073817762398,0.21453322189079926,10.0,0.45348837209302323,0.7005134762890657,HI-VAE_weibull
0.006648200416226835,0.9619450317124737,0.03244224611941591,0.5674740484429065,0.1591334682832895,5.0,0.5465116279069767,0.695748301484667,HI-VAE_weibull
0.007428998982690663,0.9534883720930233,0.07743939985356985,0.5171088043060361,0.1393912862987867,4.0,0.5116279069767442,0.6980191532313367,HI-VAE_weibull
0.006329783255766972,0.9682875264270614,0.0912101687840078,0.43740868896578233,0.1645308390537268,10.0,0.46511627906976744,0.7002154783272403,HI-VAE_weibull
0.006689203474745409,0.9661733615221987,0.03238810675360169,0.4640907343329489,0.18987977605097373,6.0,0.5697674418604651,0.7019241071190925,HI-VAE_weibull
0.006350100046833306,0.9598308668076111,0.07132423376580861,0.44102268358323726,0.15499167072338646,9.0,0.4883720930232558,0.6948704857761302,HI-VAE_weibull
0.005400805079176924,0.9672304439746301,0.01918312641225074,0.44448289119569395,0.16530716284120497,7.0,0.5465116279069767,0.7071385851368789,HI-VAE_weibull
0.005032995046104007,0.970401691331924,0.030264319869812515,0.43729334871203385,0.18534023330228105,6.0,0.43023255813953487,0.6822901371341721,HI-VAE_weibull
0.006947015521788621,0.9630021141649049,0.04489431994770506,0.4331026528258362,0.15112034298759308,6.0,0.5348837209302325,0.6882309948687371,HI-VAE_weibull
0.005188689720376773,0.9672304439746302,0.03206441372439557,0.36532103037293345,0.13575261291654137,5.0,0.4883720930232558,0.6800784067913789,HI-VAE_weibull
0.0059924165122296445,0.9598308668076109,0.06513514269013099,0.5479046520569012,0.09922959950159417,8.0,0.5,0.69012985888292,HI-VAE_weibull
0.006002784365962666,0.9587737843551797,0.07063904355406321,0.45078815840061515,0.25743855562768925,9.0,0.4883720930232558,0.6887432635985452,HI-VAE_weibull
0.004211183050559265,0.9661733615221987,0.05050766332589522,0.48125720876585926,0.14305736468916994,7.0,0.5116279069767442,0.6725429037471634,HI-VAE_weibull
0.0072324365804088695,0.9598308668076111,0.04554503617989227,0.4757400999615532,0.17722235512683057,8.0,0.5465116279069767,0.6813425430207911,HI-VAE_weibull
0.006226207098513122,0.9651162790697675,0.027453713220235276,0.44090734332948867,0.10453465485233845,3.0,0.5116279069767442,0.7024301988463182,HI-VAE_weibull
0.004472247703494873,0.9725158562367866,0.03892143930565483,0.3816224529027297,0.13458974303626714,6.0,0.5465116279069767,0.6853578833471718,HI-VAE_weibull
0.008225525371808535,0.9492600422832982,0.036778579348620374,0.3987697039600154,0.15473746456190457,6.0,0.5465116279069767,0.707507695974056,HI-VAE_weibull
0.007769924391270539,0.9577167019027485,0.04450390246318097,0.39067666282199154,0.25862525890937704,8.0,0.5,0.6976196977970989,HI-VAE_weibull
0.004417701198768328,0.9735729386892178,0.033375833112603115,0.47020376778162243,0.10235277777598245,5.0,0.5,0.6805199444643587,HI-VAE_weibull
0.007574130779374732,0.9556025369978859,0.044425163083760405,0.4458285274894271,0.24322162149501142,9.0,0.5116279069767442,0.707770886119571,HI-VAE_weibull
0.00558448077395882,0.9640591966173363,0.03184790080335852,0.43129565551710874,0.18593204014032938,5.0,0.5,0.684352068165928,HI-VAE_weibull
0.005224660460357117,0.9672304439746301,0.027274943716952202,0.4827758554402153,0.2042523841361181,8.0,0.5348837209302325,0.6865129070128526,HI-VAE_weibull
0.006207642262266815,0.9556025369978859,0.09469827100510887,0.4870049980776624,0.2678196219599052,11.0,0.5116279069767442,0.7115912406473495,HI-VAE_weibull
0.005972565607088095,0.9608879492600423,0.08674477093258255,0.45797770088427525,0.14615046672126095,7.0,0.5348837209302325,0.7171639955096544,HI-VAE_weibull
0.006458623871369113,0.9598308668076111,0.03585844542548402,0.41147635524798154,0.1379928314852713,6.0,0.5116279069767442,0.7014506517061831,HI-VAE_weibull
0.006086987976956528,0.9661733615221988,0.037833409928948306,0.3985005767012687,0.1627269929159331,7.0,0.5348837209302325,0.7144768598029986,HI-VAE_weibull
0.00507054011119951,0.9693446088794928,0.052549904832269054,0.5037293348712033,0.12116340156779203,7.0,0.5116279069767442,0.7003148014708362,HI-VAE_weibull
0.007380510943320143,0.9566596194503171,0.04230396153019794,0.49008073817762393,0.15973811483228367,7.0,0.46511627906976744,0.7173129671934536,HI-VAE_weibull
0.00703977961082777,0.9577167019027485,0.030810997177926756,0.47685505574778936,0.14447923340592905,6.0,0.5232558139534884,0.6784857340841975,HI-VAE_weibull
0.0030167822166167354,0.977801268498943,0.04865901096196935,0.36343713956170703,0.2708812476881158,7.0,0.6162790697674418,0.7046421281085757,HI-VAE_weibull
0.0045888771733248596,0.9756871035940804,0.03888853272618537,0.4882737408688966,0.13162998596861514,5.0,0.43023255813953487,0.670903445728825,HI-VAE_weibull
0.006223544388461789,0.9608879492600423,0.07257113756948314,0.4786236063052673,0.308593973333708,9.0,0.4883720930232558,0.6888616379914265,HI-VAE_weibull
0.007302570619540787,0.9534883720930233,0.03658959169950233,0.4863129565551711,0.10367781797530383,6.0,0.5232558139534884,0.6965445332289787,HI-VAE_weibull
0.006021681915817031,0.9630021141649049,0.04750513615199339,0.5289504036908881,0.13927522594500216,5.0,0.47674418604651164,0.6893871319891761,HI-VAE_weibull
0.005259560988614264,0.9714587737843551,0.034982553141988795,0.5434063821607074,0.11716763609252469,2.0,0.5465116279069767,0.6861015893714606,HI-VAE_weibull
0.004314091658205954,0.9640591966173361,0.08817256542522646,0.4021337946943483,0.15778185949110826,8.0,0.5697674418604651,0.7001037179730409,HI-VAE_weibull
0.0047356820529861204,0.9661733615221988,0.05834543417528628,0.40991926182237604,0.13898140561885003,7.0,0.5348837209302325,0.7058793735691286,HI-VAE_weibull
0.007906631458917521,0.9482029598308668,0.12605264965017543,0.4582852748942715,0.2098703861185857,10.0,0.5465116279069767,0.7001862410044274,HI-VAE_weibull
0.006371388324715899,0.9608879492600425,0.02673644381523092,0.5743944636678201,0.23116652182490613,7.0,0.5116279069767442,0.6930189194393049,HI-VAE_weibull
0.005673106493374799,0.9735729386892177,0.04472779603235608,0.49919261822376004,0.09387608679322833,4.0,0.4069767441860465,0.6894704613175003,HI-VAE_weibull
0.005676129513811453,0.9556025369978859,0.05235979396256856,0.43783160322952713,0.18573252391068487,7.0,0.5232558139534884,0.7058935920419023,HI-VAE_weibull
0.00705998857728719,0.9577167019027485,0.04733947779702261,0.5645905420991927,0.17562718587302703,8.0,0.5116279069767442,0.666467111732982,HI-VAE_weibull
0.004928607879831306,0.9693446088794926,0.02569547538774215,0.4807766243752403,0.14414951311284802,3.0,0.47674418604651164,0.7267621106259375,HI-VAE_weibull
0.005813725140775605,0.9661733615221988,0.035267666537680445,0.49600153787004997,0.13145820322389534,2.0,0.5,0.6707363281553512,HI-VAE_weibull
0.005934045730848583,0.9651162790697675,0.05427080802562186,0.46789696270665126,0.08487701770672072,2.0,0.46511627906976744,0.6716707723962965,HI-VAE_weibull
0.006750405825745068,0.9619450317124737,0.04261470172976131,0.6180699730872742,0.12515831080511883,7.0,0.4186046511627907,0.6937759281903525,HI-VAE_weibull
0.005288052514958562,0.9714587737843552,0.036809922353026624,0.47120338331410994,0.09290143308195763,5.0,0.46511627906976744,0.6939627772460427,HI-VAE_weibull
0.006892656781995641,0.9524312896405921,0.07673446458482029,0.501922337562476,0.14459224906821266,12.0,0.46511627906976744,0.7131786102516401,HI-VAE_weibull
0.005001077145136652,0.970401691331924,0.035808139632792176,0.4827374086889658,0.162150653623017,6.0,0.5581395348837209,0.6942813474465974,HI-VAE_weibull
0.006410444923807577,0.9556025369978859,0.0531108315382215,0.45701653210303733,0.20923028984017383,6.0,0.4883720930232558,0.6714350821183233,HI-VAE_weibull
0.0072447746005327805,0.9640591966173361,0.04592217153516946,0.5045367166474433,0.15133264565920374,6.0,0.5581395348837209,0.710034926517584,HI-VAE_weibull
0.005567658073861717,0.9682875264270613,0.05841336937623498,0.5132256824298347,0.172478856835565,7.0,0.4883720930232558,0.6729893739201692,HI-VAE_weibull
0.005306587123598397,0.9682875264270613,0.061560676191916026,0.44402153018069984,0.18118805274169458,7.0,0.5813953488372093,0.7067601850584954,HI-VAE_weibull
0.007237011538737798,0.9587737843551797,0.0296399147339494,0.4605920799692426,0.09054355203831671,3.0,0.5581395348837209,0.6906490439311029,HI-VAE_weibull
0.007782174241251982,0.9608879492600423,0.0424404291225001,0.4663590926566705,0.09832523613530939,8.0,0.5232558139534884,0.71499002455093,HI-VAE_weibull
0.005715990401398623,0.9640591966173361,0.024382693034756257,0.3917339484813533,0.14550010282704504,4.0,0.5232558139534884,0.6948026904194751,HI-VAE_weibull
0.005629865313198321,0.9608879492600422,0.09977127352236419,0.48881199538638986,0.17150821987581416,10.0,0.4186046511627907,0.7006576674847513,HI-VAE_weibull
0.005838661501388146,0.9693446088794926,0.04577205128642039,0.4680507497116494,0.19623607665182163,7.0,0.45348837209302323,0.6947343411354377,HI-VAE_weibull
0.006485081011066206,0.9598308668076109,0.030899185778689348,0.46728181468665897,0.18094308731259284,8.0,0.5,0.7034184486062974,HI-VAE_weibull
0.008171827351361736,0.9556025369978859,0.034567895328733084,0.47103037293348715,0.12936257694880648,3.0,0.4418604651162791,0.6790825808862477,HI-VAE_weibull
0.005858433681153794,0.9640591966173361,0.08158259048791727,0.4454056132256824,0.23054658961678606,11.0,0.46511627906976744,0.6618261432434795,HI-VAE_weibull
0.007140294868617092,0.9534883720930233,0.07453791036900985,0.44348327566320656,0.21969074772411654,7.0,0.4883720930232558,0.7068585387873301,HI-VAE_weibull
0.006369332470986156,0.9682875264270614,0.039517765372916555,0.5236831987697039,0.0979659936515756,3.0,0.46511627906976744,0.6779395429186857,HI-VAE_weibull
0.003726425163583888,0.9714587737843552,0.05484390800775164,0.4917339484813533,0.20150624085306568,8.0,0.5697674418604651,0.6734816682549755,HI-VAE_weibull
0.004429014740831252,0.9630021141649049,0.043265007871914424,0.4694732795078817,0.1433381676613301,6.0,0.5,0.6975387115276446,HI-VAE_weibull
0.0076912077527474055,0.9577167019027485,0.049407937380504405,0.5728950403690887,0.12740301910584043,9.0,0.5581395348837209,0.6905078046285459,HI-VAE_weibull
0.006490258827109476,0.9608879492600425,0.05572214413199575,0.3877354863514033,0.14112625195469577,10.0,0.5,0.6887162149317358,HI-VAE_weibull
0.006555181323942807,0.9598308668076111,0.04299913817403626,0.48971549404075354,0.19055461265822982,7.0,0.5930232558139535,0.7215260594317747,HI-VAE_weibull
0.00620333994365048,0.9513742071881608,0.03575400534306153,0.568319876970396,0.14512539168151267,5.0,0.43023255813953487,0.7082305284663433,HI-VAE_weibull
0.006425640880229158,0.9598308668076111,0.06979387546243146,0.5778931180315263,0.17161551043885018,9.0,0.47674418604651164,0.709416547694923,HI-VAE_weibull
0.008056038052289397,0.9503171247357295,0.03183752240517563,0.5157631680123029,0.13934540535932116,8.0,0.4883720930232558,0.6987484458040252,HI-VAE_weibull
0.005684285244364608,0.9640591966173363,0.04175877188516421,0.45205690119184927,0.1728422257398686,6.0,0.4883720930232558,0.7197121910246845,HI-VAE_weibull
0.005560015048357531,0.9640591966173363,0.061422243045037,0.4389465590157632,0.1597110681769054,9.0,0.5232558139534884,0.700525941258496,HI-VAE_weibull
0.007709045037319082,0.9587737843551797,0.05594307037493055,0.4199538638985006,0.12800000296051514,10.0,0.5232558139534884,0.6860387613967854,HI-VAE_weibull
0.004528188496490695,0.9693446088794925,0.061465870761435046,0.40488273740868896,0.21239808825117737,8.0,0.5465116279069767,0.7107420164809617,HI-VAE_weibull
0.00825516846188193,0.9439746300211417,0.08873283577429962,0.46705113417916183,0.2136759530237141,9.0,0.4883720930232558,0.6657114709016236,HI-VAE_weibull
0.00866539858335669,0.9513742071881608,0.0270601036764379,0.5091503267973856,0.1737939708594626,5.0,0.6046511627906976,0.6908609193541522,HI-VAE_weibull
0.006422467527408749,0.9640591966173363,0.03658016147788616,0.5644752018454441,0.14395430656013697,7.0,0.43023255813953487,0.6881999099264551,HI-VAE_weibull
0.008283201261252336,0.952431289640592,0.03838195331258166,0.45594002306805076,0.1281477593717798,5.0,0.5,0.701310050538077,HI-VAE_weibull
0.006430250678175936,0.9630021141649049,0.03141418394976757,0.503767781622453,0.1197867110562555,3.0,0.5,0.7010524353743635,HI-VAE_weibull
0.006295434732382216,0.9640591966173361,0.06735066732534305,0.44325259515570936,0.12628724817669698,8.0,0.5348837209302325,0.7018281946008242,HI-VAE_weibull
0.008699331575022166,0.9534883720930233,0.02860006774612705,0.5447520184544405,0.11545525578650155,6.0,0.45348837209302323,0.7088054965086888,HI-VAE_weibull
0.00776026768306328,0.9577167019027485,0.04227546773688554,0.5485966935793926,0.12432043510575155,10.0,0.46511627906976744,0.6759860016497148,HI-VAE_weibull
0.004294449683350304,0.9756871035940804,0.048986612784437895,0.3798154555940023,0.14543488150352574,9.0,0.5581395348837209,0.687409245327093,HI-VAE_weibull
0.007651355749906171,0.9577167019027485,0.058554936984985415,0.48546712802768166,0.1357070475005431,7.0,0.5697674418604651,0.7129123978778878,HI-VAE_weibull
0.007476725947741177,0.9587737843551797,0.06575135077399012,0.5026143790849673,0.09397788543956713,4.0,0.47674418604651164,0.6779093923194618,HI-VAE_weibull
0.009773293993245506,0.9439746300211418,0.06460760485936894,0.5136485966935795,0.0932189095180249,5.0,0.5116279069767442,0.6797094006434345,HI-VAE_weibull
0.0055159339009662415,0.9630021141649049,0.06828200696746235,0.4753556324490581,0.20280016028768752,7.0,0.4883720930232558,0.7046263015125681,HI-VAE_weibull
0.007218600500004078,0.9524312896405921,0.022892428075298076,0.4525182622068435,0.10127168910422416,7.0,0.5348837209302325,0.6845020625333637,HI-VAE_weibull
0.007664212138503717,0.9577167019027484,0.04541636683970284,0.5515186466743559,0.13413897905827943,6.0,0.4883720930232558,0.6996996872041163,HI-VAE_weibull
0.0075913204735026255,0.9534883720930233,0.08739630785684953,0.45017301038062285,0.09528739372460589,4.0,0.45348837209302323,0.7113791538588289,HI-VAE_weibull
0.004446463194723922,0.9693446088794926,0.032025957623562806,0.41639753940792,0.1525493146217572,6.0,0.5232558139534884,0.7080171191824687,HI-VAE_weibull
0.006780012392037385,0.9534883720930233,0.04507996373963494,0.5058823529411764,0.11466178422358272,7.0,0.46511627906976744,0.6836585666884507,HI-VAE_weibull
0.006864001447263731,0.9587737843551796,0.07083117308358167,0.4788927335640139,0.1431628582384393,7.0,0.5116279069767442,0.688140788985012,HI-VAE_weibull
0.00412910056532714,0.9672304439746301,0.10568877652690511,0.42795078815840065,0.30021242621246774,10.0,0.5,0.6853575203970516,HI-VAE_weibull
0.008482226782557188,0.9492600422832982,0.0256786010722363,0.49100346020761243,0.11427296571842405,5.0,0.5465116279069767,0.7156085635455377,HI-VAE_weibull
0.005796618773547926,0.9630021141649049,0.030386935220340326,0.4386005382545175,0.13131692200251688,5.0,0.5813953488372093,0.6742656000995811,HI-VAE_weibull
0.006400024333023551,0.9608879492600423,0.030545060738926818,0.5333333333333334,0.10625399576711846,6.0,0.5116279069767442,0.7023887681530495,HI-VAE_weibull
0.0057775156329156864,0.9640591966173361,0.035612389890152446,0.36320645905420995,0.11297591456195585,3.0,0.5465116279069767,0.7279738625868771,HI-VAE_weibull
0.005059468722367042,0.9630021141649049,0.033033737339248144,0.49507881584006147,0.08921764179624189,5.0,0.5232558139534884,0.7082017033007545,HI-VAE_weibull
0.004684079043381749,0.9693446088794925,0.03224066504736022,0.5081507112648981,0.13361763524260195,4.0,0.45348837209302323,0.6689502354667317,HI-VAE_weibull
0.006502628188267792,0.9598308668076111,0.06404330945634111,0.43936947327950787,0.17821549922950583,6.0,0.47674418604651164,0.7021988253279478,HI-VAE_weibull
0.004084202105076139,0.9704016913319239,0.03887279830504202,0.4741253364090735,0.26650295602826024,5.0,0.5116279069767442,0.6793944236885796,HI-VAE_weibull
0.005927083350071204,0.9704016913319239,0.050444003540170715,0.5158016147635525,0.13225850442537135,4.0,0.45348837209302323,0.6962311977369688,HI-VAE_weibull
0.005441437684202471,0.9651162790697675,0.05686318235995924,0.4506343713956171,0.18974227571195915,10.0,0.4883720930232558,0.6918335517704809,HI-VAE_weibull
0.0033710616991322103,0.977801268498943,0.06031250242377433,0.4045751633986928,0.3080213273896899,10.0,0.4883720930232558,0.6725260621362382,HI-VAE_weibull
0.006380726340764978,0.9587737843551799,0.07213074665338319,0.4270280661284122,0.16976462664435485,11.0,0.5348837209302325,0.7015015157976203,HI-VAE_weibull
0.006613723291247469,0.9534883720930233,0.05749466374653414,0.46255286428296805,0.10265714311623719,8.0,0.5116279069767442,0.7020098361295394,HI-VAE_weibull
0.005612598593238265,0.9704016913319239,0.06064766342511613,0.45382545174932715,0.21334718968661293,8.0,0.4883720930232558,0.704284170735953,HI-VAE_weibull
0.006028234368839411,0.9577167019027485,0.0321801619838442,0.47739331026528264,0.14081226357535967,6.0,0.5348837209302325,0.6705893723350065,HI-VAE_weibull
0.00686377935442253,0.9651162790697673,0.04327076914764119,0.4363706266820454,0.13179886525258,3.0,0.5116279069767442,0.6871430436397848,HI-VAE_weibull
0.006609769749703062,0.9672304439746301,0.02779626143010393,0.4676278354479047,0.1398281412701129,5.0,0.5697674418604651,0.7096236688397701,HI-VAE_weibull
0.005519373886677229,0.9682875264270614,0.046655563439180946,0.5434063821607074,0.07722237587027701,2.0,0.5581395348837209,0.6852285621371341,HI-VAE_weibull
0.007486748478011466,0.9587737843551797,0.06569219635302641,0.5343713956170703,0.11926884866538176,7.0,0.47674418604651164,0.6729401775157046,HI-VAE_weibull
0.006543878739350279,0.9556025369978859,0.06746906377843585,0.48546712802768166,0.16145778428679594,10.0,0.4883720930232558,0.6627547664976718,HI-VAE_weibull
0.008344251962497872,0.9471458773784356,0.08910791468077284,0.4857747020376778,0.1854427032277239,8.0,0.4883720930232558,0.7189907561997576,HI-VAE_weibull
0.00505321174000721,0.9630021141649049,0.04723390821755343,0.4435601691657055,0.09104852586795607,5.0,0.4883720930232558,0.7144183626082978,HI-VAE_weibull
0.005649536631467229,0.9630021141649049,0.07318893553332383,0.46966551326412914,0.1088012138967387,8.0,0.5,0.7213995513357694,HI-VAE_weibull
0.0065601880943314565,0.9619450317124735,0.050271726654990814,0.48019992310649745,0.20849195356515562,6.0,0.5348837209302325,0.695522006269716,HI-VAE_weibull
0.005635358192610106,0.9693446088794926,0.030424832767968604,0.4095347943098808,0.11797018107490642,5.0,0.5116279069767442,0.7001253015099335,HI-VAE_weibull
0.006672110433827639,0.9651162790697675,0.03882925702453977,0.5553633217993079,0.09775478766779565,5.0,0.5930232558139535,0.6905511303057333,HI-VAE_weibull
0.0066619440319591995,0.9556025369978858,0.060760819452345446,0.43975394079200303,0.11063481660051858,6.0,0.46511627906976744,0.6926200238974194,HI-VAE_weibull
0.008371511805485968,0.9471458773784356,0.07441738818174067,0.5134563629373319,0.11280653082337302,3.0,0.45348837209302323,0.6774359767495074,HI-VAE_weibull
0.007289420376461686,0.9587737843551797,0.050693420176211014,0.4600153787004998,0.2664335728927886,7.0,0.5697674418604651,0.7118847406106035,HI-VAE_weibull
0.007332822975943987,0.9556025369978859,0.07428410368758656,0.4885044213763937,0.12660441011960477,7.0,0.46511627906976744,0.7079234419036619,HI-VAE_weibull
0.004928654305713916,0.9693446088794926,0.02365790542566156,0.45171088043060365,0.14730974556442078,4.0,0.4418604651162791,0.6878341835712315,HI-VAE_weibull
0.004961276203638922,0.974630021141649,0.035590874640218206,0.4540945790080738,0.15093601969460763,5.0,0.5232558139534884,0.6928366821528449,HI-VAE_weibull
0.006029497534498662,0.9630021141649049,0.06725897234462094,0.4384659746251442,0.1647269308511932,8.0,0.5232558139534884,0.6940838141989465,HI-VAE_weibull
0.006294134819110056,0.9598308668076111,0.05722384717853128,0.47487504805843905,0.1758991608880127,7.0,0.5232558139534884,0.7015781750212198,HI-VAE_weibull
0.005986076737971371,0.9672304439746301,0.039221806394972504,0.4109957708573625,0.1651324684425336,8.0,0.5,0.6828724618015367,HI-VAE_weibull
0.006609736609587605,0.9598308668076111,0.045036153161061854,0.48250672818146867,0.13853267904123448,5.0,0.47674418604651164,0.6889310620110469,HI-VAE_weibull
0.005710060549331112,0.9608879492600425,0.041590291277311627,0.49969242599000385,0.16761161589629106,7.0,0.43023255813953487,0.6893305237740026,HI-VAE_weibull
0.006724465715079338,0.952431289640592,0.10326824314985177,0.485044213763937,0.22490448867659316,11.0,0.45348837209302323,0.7219668540805996,HI-VAE_weibull
0.010605644575391836,0.9312896405919663,0.1318175099107074,0.5598615916955018,0.15695701750598748,8.0,0.3488372093023256,0.6837427573723115,HI-VAE_weibull
0.006314280887240903,0.9640591966173361,0.0381108269676167,0.4405228758169935,0.16698912027660429,8.0,0.5,0.6967894800294117,HI-VAE_weibull
0.00611307724140779,0.9619450317124737,0.06487050502556817,0.5264129181084198,0.29803945812348653,7.0,0.4069767441860465,0.6951516014224779,HI-VAE_weibull
0.005033923027518283,0.963002114164905,0.04284857558479945,0.4810457516339869,0.1624800061942361,5.0,0.46511627906976744,0.6710300497799613,HI-VAE_weibull
0.006947729949905024,0.9503171247357295,0.0739905266264746,0.6074971164936562,0.11240679060405803,10.0,0.4186046511627907,0.693967875376176,HI-VAE_weibull
0.006434404897509031,0.9598308668076111,0.05614218512795192,0.51280276816609,0.16002783455462685,5.0,0.4418604651162791,0.6833938649263492,HI-VAE_weibull
0.004339136856061198,0.970401691331924,0.053728437515665244,0.4909650134563629,0.11435953029457666,3.0,0.5116279069767442,0.6877133356376374,HI-VAE_weibull
0.005516937449206255,0.9630021141649049,0.02527486868508043,0.48069973087274126,0.1914916461139997,5.0,0.5930232558139535,0.7106700268434692,HI-VAE_weibull
0.0058418149847826615,0.9651162790697675,0.01951696639207357,0.43848519800076896,0.08488795888059814,7.0,0.5697674418604651,0.6916669769146101,HI-VAE_weibull
0.00500167147423476,0.9714587737843554,0.03875350846528871,0.4736255286428297,0.17401919602289795,4.0,0.47674418604651164,0.7210587371450218,HI-VAE_weibull
0.007685448924924071,0.9577167019027485,0.03618123225337457,0.44486735870818916,0.14198790922180227,4.0,0.5116279069767442,0.6914259097960046,HI-VAE_weibull
0.008343313237524304,0.945031712473573,0.09150695984899132,0.4577854671280276,0.26851722767993746,4.0,0.5,0.7067838618145091,HI-VAE_weibull
0.006956245627363556,0.9577167019027484,0.05410843088094804,0.6195693963860054,0.13399433688799578,6.0,0.5116279069767442,0.7146969487244351,HI-VAE_weibull
0.003826084150128531,0.977801268498943,0.03673411568713784,0.4012302960399846,0.09056062253404298,4.0,0.5232558139534884,0.7020749958322297,HI-VAE_weibull
0.005916870537268329,0.9682875264270614,0.019808453350885644,0.4821991541714725,0.2547552876512321,7.0,0.5,0.6626049067079183,HI-VAE_weibull
0.004803911586944243,0.9598308668076109,0.08239726978370283,0.5106113033448674,0.12375432345356831,8.0,0.5581395348837209,0.7049595933944847,HI-VAE_weibull
0.005645147093285566,0.9640591966173363,0.06108321831877731,0.4520184544405998,0.15751765527587072,8.0,0.46511627906976744,0.6963622291054349,HI-VAE_weibull
0.006323725397331836,0.9587737843551799,0.06018657418607648,0.5272971933871589,0.1405196229904158,10.0,0.45348837209302323,0.7157557834820073,HI-VAE_weibull
0.006333697731292822,0.9608879492600423,0.03436842224700401,0.4485390234525183,0.17723573685859617,6.0,0.5348837209302325,0.6843795180612096,HI-VAE_weibull
0.004763408832724112,0.9672304439746301,0.036761678172646924,0.5209150326797386,0.12335051426140349,9.0,0.627906976744186,0.7010013060540556,HI-VAE_weibull
0.005181588984885719,0.9693446088794926,0.030812389503633884,0.5096116878123798,0.07363888522902289,3.0,0.47674418604651164,0.7056297996699643,HI-VAE_weibull
0.005711863753456132,0.9682875264270614,0.04009334355133076,0.49703960015378695,0.2321244662717407,7.0,0.45348837209302323,0.7006272057153397,HI-VAE_weibull
0.004886210638738109,0.9725158562367864,0.04039989066617668,0.5360630526720492,0.1565078406948811,6.0,0.5116279069767442,0.7071716798318166,HI-VAE_weibull
0.006211840219197657,0.9577167019027484,0.08071290094264888,0.4069973087274126,0.18833394299037903,12.0,0.4418604651162791,0.6718508271477556,HI-VAE_weibull
0.006275803922552295,0.9640591966173363,0.04438670127226766,0.45428681276432137,0.13859260860246314,4.0,0.5465116279069767,0.6821030503122916,HI-VAE_weibull
0.0049747247306555645,0.9682875264270614,0.0578809798359062,0.4913494809688581,0.23233030268213828,9.0,0.5,0.7201344800449682,HI-VAE_weibull
0.007827618279357006,0.9566596194503171,0.07207431673747151,0.5334486735870818,0.15589810308185917,11.0,0.45348837209302323,0.6748018091377153,HI-VAE_weibull
0.009595369163873544,0.9471458773784356,0.0981763350133058,0.5740484429065744,0.23776438067382022,8.0,0.5232558139534884,0.7099028069905727,HI-VAE_weibull
0.010078719202684909,0.9503171247357294,0.040611264280222305,0.5192233756247597,0.22961109280390027,6.0,0.5116279069767442,0.6804138545833872,HI-VAE_weibull
0.0042058960949164816,0.9682875264270613,0.05916581383471557,0.47281814686658985,0.13493461920737992,6.0,0.5116279069767442,0.7028570994474095,HI-VAE_weibull
0.007509645722332864,0.9598308668076111,0.048419193951137196,0.4945021145713187,0.17884327029372735,7.0,0.5232558139534884,0.7102209539055823,HI-VAE_weibull
0.006484372334495436,0.9556025369978858,0.07911010253635228,0.4995386389850058,0.24547968075748902,9.0,0.46511627906976744,0.7223745992309484,HI-VAE_weibull
0.005906569320056446,0.9587737843551797,0.08550014307851606,0.5850826605151864,0.15310267877672437,8.0,0.5581395348837209,0.6859524885998955,HI-VAE_weibull
0.00588596798968878,0.9587737843551797,0.05889054368326745,0.4415224913494809,0.2951724592059232,8.0,0.5697674418604651,0.710882173724752,HI-VAE_weibull
0.006188513414938145,0.9598308668076109,0.07646004501415132,0.4424067666282199,0.09910356368948126,4.0,0.4883720930232558,0.7038052494769262,HI-VAE_weibull
0.005510782316509093,0.9598308668076111,0.06525817980175676,0.4271818531334103,0.13341665856663198,7.0,0.5116279069767442,0.6733172462076771,HI-VAE_weibull
0.005787771639988831,0.9651162790697675,0.09828448565205963,0.48304498269896196,0.23279464865259947,10.0,0.5232558139534884,0.7008599777025143,HI-VAE_weibull
0.006856310677236483,0.9534883720930233,0.08865041456194894,0.4185697808535179,0.24588898104494764,9.0,0.5,0.7061606108375795,HI-VAE_weibull
0.004081597481206956,0.9725158562367864,0.047850060967792755,0.5520569011918492,0.10741511002741072,6.0,0.47674418604651164,0.7160046469878613,HI-VAE_weibull
0.007042031460666645,0.9534883720930233,0.07280092033984145,0.5854863514033063,0.12174457087281954,10.0,0.4883720930232558,0.6909439105851067,HI-VAE_weibull
0.005583194953374334,0.9587737843551797,0.08382559124528022,0.47631680123029607,0.21375814429623255,10.0,0.6744186046511628,0.6841514371675103,HI-VAE_weibull
0.004065452709283061,0.9756871035940804,0.06380119220055523,0.4813917723952327,0.13145928021267084,6.0,0.47674418604651164,0.6790794755452304,HI-VAE_weibull
0.007583768390070801,0.9503171247357295,0.05994047756889017,0.423760092272203,0.13784715575200354,4.0,0.47674418604651164,0.6956782801476535,HI-VAE_weibull
0.007539955492519255,0.9534883720930233,0.12500817962738456,0.4618992695117262,0.19382137008206649,11.0,0.5348837209302325,0.6963940649801211,HI-VAE_weibull
0.006410350962436856,0.9651162790697675,0.030611189480108315,0.4995386389850058,0.09968338668323304,4.0,0.47674418604651164,0.7020583432942253,HI-VAE_weibull
0.005088717624293636,0.9556025369978858,0.0676706759857257,0.4806228373702422,0.21902413749187452,7.0,0.5813953488372093,0.6615833138194505,HI-VAE_weibull
0.007177157081490987,0.9534883720930232,0.07073332205868654,0.44325259515570936,0.1976425245515454,10.0,0.5697674418604651,0.7040221425315553,HI-VAE_weibull
0.006641463638047276,0.9587737843551797,0.04784949855371088,0.44413687043444827,0.1968297333648176,5.0,0.4186046511627907,0.6734800044050844,HI-VAE_piecewise
0.008628853431618523,0.9534883720930233,0.038753394260337595,0.5123029603998462,0.12311498787009705,5.0,0.4418604651162791,0.6845323535621393,HI-VAE_piecewise
0.005003734536560992,0.9714587737843552,0.019401259199163665,0.3743752402921953,0.18604274384194,8.0,0.4883720930232558,0.6835395283990143,HI-VAE_piecewise
0.005754078695618628,0.9630021141649049,0.022872152665727546,0.4614763552479815,0.1453284908237103,7.0,0.45348837209302323,0.7207269002470762,HI-VAE_piecewise
0.005908355279946503,0.9693446088794926,0.029403780067876823,0.46610918877354857,0.1658018478426493,6.0,0.5465116279069767,0.6820075226094569,HI-VAE_piecewise
0.00754252434778975,0.9630021141649049,0.03577486778396834,0.4065359477124183,0.1328634981108445,6.0,0.5581395348837209,0.6877453177198318,HI-VAE_piecewise
0.006741516099574339,0.9577167019027485,0.05864842508284651,0.47789311803152634,0.12704630350565005,9.0,0.5232558139534884,0.694619190873133,HI-VAE_piecewise
0.0061193097605673355,0.9640591966173361,0.028545379591052047,0.46239907727796997,0.1554245179627075,4.0,0.5581395348837209,0.6831972141148815,HI-VAE_piecewise
0.007011208235910449,0.9672304439746301,0.029977001287598132,0.39788542868127647,0.09870746255540047,8.0,0.5116279069767442,0.6600775925505653,HI-VAE_piecewise
0.005758120344856982,0.963002114164905,0.03313486213659511,0.4004998077662437,0.09237623588591058,4.0,0.5348837209302325,0.6957508748299165,HI-VAE_piecewise
0.004302285001044821,0.9735729386892179,0.024182218915975648,0.5124567474048443,0.20215079260649807,6.0,0.5813953488372093,0.6799298673859436,HI-VAE_piecewise
0.005721458564019329,0.9651162790697676,0.01973942714703316,0.4112648981161092,0.18727060736360254,9.0,0.46511627906976744,0.6747006841949635,HI-VAE_piecewise
0.0073233484720606114,0.952431289640592,0.030572873836152186,0.4523644752018455,0.17538183435805613,7.0,0.4883720930232558,0.6686500094201602,HI-VAE_piecewise
0.005751225160060614,0.9672304439746302,0.026639465053648736,0.5478662053056516,0.17726152546043455,7.0,0.5465116279069767,0.6902074459290313,HI-VAE_piecewise
0.007160603730670707,0.9608879492600423,0.019773277372551742,0.4201845444059977,0.1638669848733063,6.0,0.5697674418604651,0.6997817187501005,HI-VAE_piecewise
0.004527573136669052,0.9725158562367866,0.03648405420143793,0.3672049211841599,0.19457894189341668,5.0,0.5232558139534884,0.6943570353802793,HI-VAE_piecewise
0.005600709625916424,0.9651162790697675,0.026730138945614455,0.4817185697808535,0.12470149033421025,6.0,0.4883720930232558,0.6877931159667408,HI-VAE_piecewise
0.006715648610653593,0.9556025369978859,0.07331636909511077,0.5413302575932334,0.20953907500540012,9.0,0.3953488372093023,0.6757689437557962,HI-VAE_piecewise
0.007074260634732182,0.9577167019027485,0.027855464395057147,0.44256055363321795,0.18381050449906117,7.0,0.5930232558139535,0.7096999111961004,HI-VAE_piecewise
0.005830552627966599,0.9534883720930233,0.07294942378295889,0.507766243752403,0.285624016304551,10.0,0.5116279069767442,0.672976391179721,HI-VAE_piecewise
0.005072706622874206,0.9682875264270613,0.03202664516445163,0.5424067666282198,0.17243282423385126,4.0,0.5,0.6769582502000326,HI-VAE_piecewise
0.006317809189244374,0.9640591966173363,0.047828026231058064,0.43444828911956934,0.14598932120420982,8.0,0.5,0.6879646127922968,HI-VAE_piecewise
0.007998831178702464,0.9471458773784356,0.033944033332660974,0.5032679738562091,0.16566824783122835,6.0,0.4883720930232558,0.6848027793730251,HI-VAE_piecewise
0.006694278992337214,0.9587737843551797,0.0409545433949557,0.5056132256824298,0.19233673094163065,8.0,0.5116279069767442,0.6893803204182806,HI-VAE_piecewise
0.007590106618707873,0.9598308668076111,0.030517754836348186,0.39119569396386006,0.1607284302709064,7.0,0.5,0.6706937575297476,HI-VAE_piecewise
0.006337067831595922,0.9598308668076111,0.04260230514200136,0.4556708958093041,0.11284646849515392,9.0,0.5232558139534884,0.6734998324731217,HI-VAE_piecewise
0.006250369504357173,0.9661733615221988,0.029626926771509538,0.426797385620915,0.2417066274311583,9.0,0.47674418604651164,0.6909640335194855,HI-VAE_piecewise
0.007019067605411896,0.9598308668076109,0.029578659422292233,0.4441368704344482,0.1624762748070574,4.0,0.5232558139534884,0.6753151949624492,HI-VAE_piecewise
0.00680848422763595,0.9577167019027485,0.02380531168389186,0.48019992310649756,0.1271163270330982,7.0,0.5232558139534884,0.6768629647428602,HI-VAE_piecewise
0.005563140216174733,0.9619450317124737,0.02731410750740565,0.4141099577085736,0.13436596364081577,6.0,0.5348837209302325,0.6919724519804085,HI-VAE_piecewise
0.006466241790001565,0.9608879492600423,0.029194542610558132,0.4354863514033065,0.12659726950162084,6.0,0.5348837209302325,0.6836528585748511,HI-VAE_piecewise
0.0065350048946893,0.9587737843551797,0.03488564681927232,0.5495578623606304,0.11073587014803889,5.0,0.5,0.6650181738589076,HI-VAE_piecewise
0.007011281558773128,0.9587737843551797,0.03604207024782544,0.4630911188004614,0.24102238287984754,5.0,0.6046511627906976,0.6761436214875114,HI-VAE_piecewise
0.005678594559770657,0.9640591966173363,0.06090187524386871,0.4429065743944637,0.22665887789422043,10.0,0.5,0.6899450054708891,HI-VAE_piecewise
0.004488991165296483,0.9725158562367864,0.04572561358583568,0.42658592848904264,0.16179002913616675,8.0,0.5930232558139535,0.7000521519141154,HI-VAE_piecewise
0.005853490194297225,0.9619450317124737,0.02713549328091996,0.4194156093810073,0.11824448697386353,6.0,0.4418604651162791,0.6848887413460291,HI-VAE_piecewise
0.005912108804363425,0.9577167019027485,0.022489339090194956,0.462475970780469,0.14557378021,8.0,0.5930232558139535,0.6742036197307488,HI-VAE_piecewise
0.006010717179958417,0.9661733615221988,0.032246097337079345,0.4517877739331027,0.1604840881749579,8.0,0.47674418604651164,0.6726280855738485,HI-VAE_piecewise
0.005810143217475907,0.9619450317124737,0.03271363685562363,0.4780084582852749,0.14468210359361133,3.0,0.4418604651162791,0.682571636631926,HI-VAE_piecewise
0.005632417099615907,0.9693446088794926,0.015749959494094926,0.4708765859284891,0.17063021898620864,6.0,0.5116279069767442,0.6990942257250443,HI-VAE_piecewise
0.005918205914983049,0.963002114164905,0.030934046971000894,0.42775855440215305,0.15502449832179152,6.0,0.4883720930232558,0.6824798511195908,HI-VAE_piecewise
0.005098624837375615,0.9608879492600425,0.01743192039705714,0.40665128796616684,0.2657154343575737,7.0,0.5348837209302325,0.6778502818349466,HI-VAE_piecewise
0.006532257271332975,0.9587737843551797,0.035954310644896285,0.39630911188004614,0.16439155269403555,6.0,0.3953488372093023,0.6805015537737908,HI-VAE_piecewise
0.006518261644432766,0.9587737843551797,0.02834075948678121,0.48865820838139173,0.17371166274711908,8.0,0.45348837209302323,0.6945821254165672,HI-VAE_piecewise
0.005015510884698344,0.9672304439746301,0.04105807749000233,0.4957708573625529,0.1846525249655567,5.0,0.45348837209302323,0.6756172324383163,HI-VAE_piecewise
0.005301495308720118,0.9640591966173363,0.046267147567451865,0.3197231833910035,0.23457685696363414,9.0,0.5465116279069767,0.6760434687000826,HI-VAE_piecewise
0.005192288687364636,0.9682875264270613,0.03841108520205713,0.4730296039984621,0.21969622217425303,7.0,0.5348837209302325,0.6819436395504163,HI-VAE_piecewise
0.00560545917732448,0.9651162790697675,0.026513794461118508,0.43715878508266054,0.14862731727326706,9.0,0.5232558139534884,0.6950142795919017,HI-VAE_piecewise
0.00571499223962541,0.9672304439746301,0.029554355024862887,0.40611303344867355,0.09862255476277126,4.0,0.4883720930232558,0.6988369950646794,HI-VAE_piecewise
0.007121766174408476,0.9587737843551797,0.03893875435114039,0.4599384851980008,0.11225779591338525,5.0,0.5581395348837209,0.6840647816880988,HI-VAE_piecewise
0.005400040062048587,0.9672304439746301,0.05262165073383191,0.4203767781622453,0.09803424564726901,8.0,0.6046511627906976,0.7049695969900254,HI-VAE_piecewise
0.006035913317262349,0.9651162790697675,0.01771241605996938,0.41482122260668974,0.19224361465032397,6.0,0.5232558139534884,0.6904996947760847,HI-VAE_piecewise
0.0051969623144319,0.9682875264270614,0.047891575168846845,0.4419454056132256,0.09785794276779883,4.0,0.5232558139534884,0.6814141974803055,HI-VAE_piecewise
0.0067323417392914815,0.9545454545454546,0.027533461980256635,0.4338715878508266,0.1521163065705758,8.0,0.5,0.6885451677416321,HI-VAE_piecewise
0.005432511253480091,0.9672304439746301,0.01744200258408777,0.37622068435217226,0.17853815320602337,8.0,0.5697674418604651,0.6816015525109768,HI-VAE_piecewise
0.004735339867957832,0.9693446088794926,0.028390617651349048,0.439600153787005,0.1516828460590888,8.0,0.5348837209302325,0.6782508997027985,HI-VAE_piecewise
0.00704811158046586,0.9608879492600423,0.03679547932627195,0.5107458669742406,0.15235359601311665,4.0,0.5,0.6424977385024861,HI-VAE_piecewise
0.007221363565640692,0.9556025369978859,0.06241247592752601,0.4053056516724337,0.15053964420600296,9.0,0.4883720930232558,0.6596802662008733,HI-VAE_piecewise
0.006575067685192847,0.9598308668076111,0.04380817333816889,0.4494040753556324,0.1501977786905793,5.0,0.5116279069767442,0.7123419735965675,HI-VAE_piecewise
0.005786178097222428,0.9682875264270614,0.035081477289873514,0.48940792003075745,0.15463365277445276,5.0,0.5232558139534884,0.7036661006039816,HI-VAE_piecewise
0.005179754209473947,0.9725158562367864,0.04719034326454555,0.44402153018069973,0.08247246793430828,10.0,0.5,0.7074996648662523,HI-VAE_piecewise
0.004577418509210813,0.9767441860465116,0.020390102349132806,0.4725490196078431,0.18593405427647264,7.0,0.4186046511627907,0.691206986539154,HI-VAE_piecewise
0.006332426814995324,0.9577167019027485,0.04320584865575268,0.4630142252979623,0.13730450111819015,5.0,0.5465116279069767,0.6887016493557474,HI-VAE_piecewise
0.00836045345790609,0.9513742071881608,0.04843415149827603,0.45155709342560557,0.11985593280786126,7.0,0.5813953488372093,0.6679581484149978,HI-VAE_piecewise
0.007152984932409957,0.9587737843551799,0.048966317460701965,0.5287966166858901,0.1133625167451866,5.0,0.47674418604651164,0.6650011381335831,HI-VAE_piecewise
0.005320942043128636,0.9672304439746301,0.022894531180886128,0.4083621683967705,0.1365356989923076,3.0,0.45348837209302323,0.6940225050565909,HI-VAE_piecewise
0.005699258491763857,0.9598308668076111,0.04332186034564492,0.4676278354479047,0.20509711811421705,9.0,0.6395348837209303,0.6594946521708563,HI-VAE_piecewise
0.010135356744886366,0.9418604651162792,0.042622050583174066,0.3890811226451365,0.16113429603669324,5.0,0.5465116279069767,0.7168037821156262,HI-VAE_piecewise
0.004921778176857777,0.9704016913319239,0.03391683178252037,0.4139561707035755,0.21289382473923987,9.0,0.5465116279069767,0.6812790936436133,HI-VAE_piecewise
0.005466470743823119,0.9640591966173363,0.041271655650579345,0.4219146482122261,0.143344854243407,4.0,0.5116279069767442,0.6923113034347748,HI-VAE_piecewise
0.008366854743288113,0.9513742071881608,0.06392581944550313,0.5051903114186851,0.18250821837315503,9.0,0.5348837209302325,0.6639052856079912,HI-VAE_piecewise
0.006624929507540494,0.9651162790697675,0.021409300234304218,0.4666666666666667,0.22985430980248553,7.0,0.5116279069767442,0.652448175826304,HI-VAE_piecewise
0.004856978240257017,0.9630021141649049,0.04269999082988225,0.40638216070742017,0.23094592208840375,9.0,0.5465116279069767,0.695798184195771,HI-VAE_piecewise
0.005796702075873137,0.9577167019027484,0.04031055087099238,0.47454825067281814,0.13928983578678916,8.0,0.5465116279069767,0.6518881382105833,HI-VAE_piecewise
0.009120618824438174,0.9482029598308668,0.020708608848379332,0.5108419838523645,0.15558772585820632,5.0,0.5348837209302325,0.6650771473920042,HI-VAE_piecewise
0.008328918650132603,0.9566596194503173,0.03791132789155853,0.3897347174163783,0.1338563132729631,5.0,0.5581395348837209,0.6665171826410581,HI-VAE_piecewise
0.004690986437800862,0.9672304439746301,0.023117512737442558,0.3672433679354095,0.11433373136395512,2.0,0.5581395348837209,0.6739224918731354,HI-VAE_piecewise
0.0069540952042446294,0.9619450317124735,0.02564588009044164,0.39304113802383706,0.1479569693880112,5.0,0.627906976744186,0.6878842427885575,HI-VAE_piecewise
0.004662552787088107,0.9682875264270614,0.05464033883551036,0.32233756247597073,0.1952125862518032,9.0,0.5232558139534884,0.6778715626930403,HI-VAE_piecewise
0.0059711138207747365,0.9577167019027485,0.03533014573041868,0.5045367166474433,0.21954082905886274,4.0,0.47674418604651164,0.6692537679560329,HI-VAE_piecewise
0.006671095223977405,0.9661733615221988,0.028135509587485563,0.4198769703960015,0.13706342189434087,9.0,0.5116279069767442,0.702758224390158,HI-VAE_piecewise
0.0058133224234969885,0.9661733615221987,0.023513103663222106,0.42452902729719344,0.19216479871217887,5.0,0.5116279069767442,0.6773856329442288,HI-VAE_piecewise
0.006787501185858006,0.9566596194503173,0.028484210670397754,0.517839292579777,0.09322673991406234,5.0,0.5116279069767442,0.6940512738762032,HI-VAE_piecewise
0.006149580744216823,0.9672304439746301,0.0427044124268933,0.4593425605536332,0.21484988510404182,5.0,0.4883720930232558,0.6506491828055643,HI-VAE_piecewise
0.007343562189625822,0.9577167019027485,0.028844522999273883,0.4485966935793925,0.24552242458808585,7.0,0.5348837209302325,0.6807978915682718,HI-VAE_piecewise
0.005541583589266833,0.9661733615221988,0.04516169395607555,0.4251057285659362,0.13323886205781457,8.0,0.4186046511627907,0.6842029537757695,HI-VAE_piecewise
0.005748448289909383,0.9556025369978858,0.04566662040836659,0.4041138023836986,0.1234997097633255,8.0,0.5465116279069767,0.6638181996354093,HI-VAE_piecewise
0.005635565033817505,0.9661733615221988,0.016931745529195373,0.386159169550173,0.1769173794256305,7.0,0.5348837209302325,0.6791895802583241,HI-VAE_piecewise
0.0058333027461010024,0.9619450317124737,0.03959552111957124,0.5543252595155709,0.1496168007072522,6.0,0.5,0.6584143293065888,HI-VAE_piecewise
0.005287918827483713,0.9672304439746302,0.016562412341729785,0.37823913879277204,0.16956249934275422,5.0,0.4883720930232558,0.6940030856346865,HI-VAE_piecewise
0.006556464662470222,0.9640591966173361,0.023739343723096214,0.5292579777008843,0.137738095100341,5.0,0.4418604651162791,0.6938830695420557,HI-VAE_piecewise
0.006901096474126326,0.9513742071881608,0.058179774640882406,0.49573241061130335,0.12845362749863595,9.0,0.5348837209302325,0.6632885378673804,HI-VAE_piecewise
0.006108130711504955,0.9651162790697676,0.027920636207053536,0.4163398692810457,0.1064531752498825,6.0,0.5581395348837209,0.6999320930680245,HI-VAE_piecewise
0.005212787560599218,0.9661733615221988,0.050773707520566425,0.5287966166858901,0.17653608362507134,5.0,0.4883720930232558,0.6838836401685054,HI-VAE_piecewise
0.006338801437728203,0.9598308668076109,0.08285598724143821,0.5585928489042675,0.1329962415460544,7.0,0.5232558139534884,0.7026780253815278,HI-VAE_piecewise
0.006377585360442706,0.9608879492600423,0.04397737759843563,0.5125336409073433,0.1741196967897321,9.0,0.5348837209302325,0.696589059592304,HI-VAE_piecewise
0.007714328505710432,0.9577167019027485,0.06036249948654075,0.47966166858900416,0.2538655860660889,6.0,0.5465116279069767,0.7016947919538823,HI-VAE_piecewise
0.005772427379422265,0.9661733615221988,0.03052318130060604,0.4575932333717801,0.2321919066623034,8.0,0.5232558139534884,0.6766456588340222,HI-VAE_piecewise
0.00588026232263415,0.9577167019027485,0.0228727236161671,0.4481353325643983,0.16850132110550525,6.0,0.6046511627906976,0.6824263053106031,HI-VAE_piecewise
0.005885989161785606,0.9619450317124735,0.03675977792774044,0.36758938869665514,0.22458027497420793,10.0,0.5465116279069767,0.6687538554262834,HI-VAE_piecewise
0.007468476990021077,0.9534883720930233,0.06134452925391681,0.4995001922337562,0.19420900753465842,6.0,0.45348837209302323,0.7031272470130111,HI-VAE_piecewise
0.005382924880989421,0.963002114164905,0.03748531396600072,0.38604382929642445,0.1341595651615569,9.0,0.5465116279069767,0.7016905457948696,HI-VAE_piecewise
0.007157552311647206,0.9630021141649049,0.06225949833810203,0.48581314878892734,0.2572072097289925,7.0,0.47674418604651164,0.6757775374150976,HI-VAE_piecewise
0.005706223032133839,0.9651162790697675,0.031883697687066725,0.46682045367166475,0.15812344755449065,5.0,0.5348837209302325,0.6764988983669481,HI-VAE_piecewise
0.006730239398590895,0.9651162790697675,0.05195763653557123,0.5490580545943867,0.1854681829786253,6.0,0.4069767441860465,0.6680150683457774,HI-VAE_piecewise
0.007122191770697867,0.9566596194503173,0.03696125430565134,0.49150326797385624,0.1348969565961695,6.0,0.5465116279069767,0.665969103842913,HI-VAE_piecewise
0.00540025681420215,0.9672304439746301,0.02438183084933306,0.48531334102268364,0.18279445420471066,4.0,0.5348837209302325,0.6892787373568275,HI-VAE_piecewise
0.005424639487721516,0.9587737843551797,0.023818433332838045,0.4736255286428297,0.15252193024937527,6.0,0.46511627906976744,0.6681477657351276,HI-VAE_piecewise
0.0035336347013383775,0.977801268498943,0.03851632501584721,0.40207612456747405,0.0965585728039843,5.0,0.6395348837209303,0.6713492646309681,HI-VAE_piecewise
0.005935699206195744,0.9619450317124737,0.028623953380696725,0.39244521337946947,0.1868390569540585,5.0,0.5813953488372093,0.6710191729361124,HI-VAE_piecewise
0.005257363728572867,0.9693446088794926,0.020814823005139635,0.44109957708573627,0.1763825953474124,6.0,0.5697674418604651,0.671472307159671,HI-VAE_piecewise
0.004729277377382079,0.9704016913319239,0.013888108787646037,0.32214532871972323,0.2120473662014295,7.0,0.5697674418604651,0.6762220437034643,HI-VAE_piecewise
0.007126951441980492,0.9577167019027485,0.021575155934552902,0.47970011534025375,0.17163930209782094,6.0,0.5813953488372093,0.7015514450524117,HI-VAE_piecewise
0.005284511279810442,0.9682875264270614,0.020229230320247274,0.41214917339484813,0.17233087905539507,8.0,0.5232558139534884,0.6988470518541936,HI-VAE_piecewise
0.007253769978547603,0.9598308668076111,0.022263578818854924,0.37008842752787385,0.18231062427038705,7.0,0.5116279069767442,0.6908351041043462,HI-VAE_piecewise
0.006173312503911616,0.9661733615221987,0.02257919001746609,0.3926951172625913,0.21804386889849037,8.0,0.5,0.6612015154567145,HI-VAE_piecewise
0.005191793235567242,0.9672304439746301,0.02929158956865372,0.480161476355248,0.12790361158743233,5.0,0.46511627906976744,0.6603767990058378,HI-VAE_piecewise
0.006224118699575964,0.9619450317124737,0.03958511519538038,0.4321414840445982,0.15517569131770845,4.0,0.5116279069767442,0.693596724791812,HI-VAE_piecewise
0.005746954745491768,0.9587737843551797,0.038201335573814374,0.49746251441753164,0.32795705184651935,9.0,0.5,0.6866389263734305,HI-VAE_piecewise
0.007207495935107994,0.9492600422832982,0.042510083292141926,0.5410803537101115,0.20350269279586142,5.0,0.46511627906976744,0.6831592760721564,HI-VAE_piecewise
0.004345822690977372,0.9704016913319239,0.024118510346370105,0.4460207612456748,0.15151941552196338,6.0,0.5348837209302325,0.6951026807834572,HI-VAE_piecewise
0.004968723648000888,0.9672304439746301,0.017603738123813516,0.5496539792387544,0.13172807985063703,7.0,0.5232558139534884,0.6819719300640048,HI-VAE_piecewise
0.007381934611263269,0.9492600422832982,0.029843073348694793,0.4850826605151865,0.18902939715708544,7.0,0.5930232558139535,0.6628878202790297,HI-VAE_piecewise
0.00781771546954288,0.9598308668076111,0.07832241940367311,0.49146482122260665,0.20100349755356656,8.0,0.5116279069767442,0.6941390352916823,HI-VAE_piecewise
0.006729525378946533,0.9587737843551796,0.026744642269357743,0.4044982698961938,0.1999863568557625,6.0,0.5697674418604651,0.6793615832351322,HI-VAE_piecewise
0.007117372000426361,0.9545454545454547,0.03822816016498421,0.42795078815840065,0.21282027755214739,8.0,0.5232558139534884,0.676916453329689,HI-VAE_piecewise
0.0069981459557134805,0.9619450317124737,0.028515878609398092,0.4686658977316417,0.1362072576482451,8.0,0.5348837209302325,0.6791003835717468,HI-VAE_piecewise
0.004822289685531994,0.9714587737843552,0.033104264295528915,0.4294886582083814,0.28441626589800095,10.0,0.47674418604651164,0.6863666956017611,HI-VAE_piecewise
0.007689304893053692,0.9556025369978859,0.0602704477726,0.4097654748173779,0.13458796843738274,6.0,0.5697674418604651,0.6739249655914903,HI-VAE_piecewise
0.0059524757412792,0.963002114164905,0.028288347188616093,0.37054978854286813,0.27458505850251913,9.0,0.5232558139534884,0.7007085102255972,HI-VAE_piecewise
0.006566138218429288,0.9640591966173361,0.023878996766530068,0.3856978085351788,0.21135208943419845,7.0,0.5465116279069767,0.6879753882449116,HI-VAE_piecewise
0.006030095803982983,0.9608879492600425,0.02062004861070839,0.4866589773164168,0.1622539950215146,8.0,0.5697674418604651,0.6723492151776007,HI-VAE_piecewise
0.006805977253761634,0.9545454545454546,0.063950184887807,0.4027297193387159,0.29200479667709606,8.0,0.4883720930232558,0.6629500782646537,HI-VAE_piecewise
0.006935008223305291,0.9619450317124737,0.03225188534443839,0.42533640907343334,0.13682403187810474,6.0,0.5116279069767442,0.7025211529466044,HI-VAE_piecewise
0.007373722286391603,0.9587737843551797,0.06466674772600306,0.5359861591695502,0.2426604571964726,9.0,0.5465116279069767,0.6584100440791699,HI-VAE_piecewise
0.007036325836672777,0.952431289640592,0.05694571227245034,0.46843521722414455,0.22870243375530205,8.0,0.5348837209302325,0.6829781489537609,HI-VAE_piecewise
0.005908363547292287,0.9545454545454547,0.0481156765124408,0.48788927335640137,0.11542572461580332,5.0,0.46511627906976744,0.6918793688076323,HI-VAE_piecewise
0.005642307455807253,0.9608879492600423,0.05725090189572834,0.47174163783160317,0.15639708566092764,8.0,0.46511627906976744,0.6866330450365905,HI-VAE_piecewise
0.006126384536484799,0.9661733615221988,0.03977620923527884,0.43271818531334105,0.24648154117690987,6.0,0.5348837209302325,0.6677452138268808,HI-VAE_piecewise
0.0068771616614266015,0.9608879492600425,0.056398994050885665,0.5114186851211072,0.22059814377256895,8.0,0.5465116279069767,0.67129735100011,HI-VAE_piecewise
0.006227437965953767,0.9577167019027485,0.042614188965306436,0.4668973471741638,0.12177730930733156,5.0,0.43023255813953487,0.6670517322068596,HI-VAE_piecewise
0.0063769927315066735,0.9556025369978858,0.06725778749745044,0.4861591695501731,0.17137637903027506,10.0,0.4418604651162791,0.663019717280704,HI-VAE_piecewise
0.004332437854630069,0.9704016913319239,0.03295115555152204,0.38762014609765477,0.17541624617128795,8.0,0.5348837209302325,0.6611445452613669,HI-VAE_piecewise
0.007300565294155972,0.9534883720930233,0.04640796482766757,0.45966935793925423,0.23430023880905393,10.0,0.46511627906976744,0.7139303669894016,HI-VAE_piecewise
0.0071647928318475905,0.9556025369978859,0.02744790431179362,0.4839677047289504,0.19075927750646923,3.0,0.46511627906976744,0.6735107101070672,HI-VAE_piecewise
0.007375111365077245,0.952431289640592,0.03060070527747913,0.4289119569396386,0.20943304329245127,8.0,0.5465116279069767,0.6925093773472795,HI-VAE_piecewise
0.006304224125253774,0.9630021141649049,0.03397073298787717,0.394002306805075,0.13089930442259867,9.0,0.4883720930232558,0.6780288905582667,HI-VAE_piecewise
0.006942218022507752,0.9598308668076109,0.023599953979384025,0.5497500961168782,0.11475792767438614,3.0,0.5348837209302325,0.712179641621778,HI-VAE_piecewise
0.006912717899545598,0.9492600422832982,0.040157811401174054,0.4659746251441753,0.09344162158853021,2.0,0.5813953488372093,0.6996360057038663,HI-VAE_piecewise
0.006601684924191617,0.9598308668076109,0.03923545721600134,0.4034217608612073,0.1602108147509452,9.0,0.6162790697674418,0.67894106902554,HI-VAE_piecewise
0.004371167518228477,0.9630021141649049,0.016961434028128917,0.5204921184159939,0.16184335675250827,7.0,0.5,0.6781757066838155,HI-VAE_piecewise
0.0049021601115421965,0.9714587737843552,0.018069451895415627,0.40265282583621687,0.15577500845050216,8.0,0.5465116279069767,0.6854854268775222,HI-VAE_piecewise
0.005868868793250018,0.9630021141649049,0.027585719115646598,0.44575163398692813,0.19425389027913442,5.0,0.5,0.6819317320369106,HI-VAE_piecewise
0.005743181293259977,0.9651162790697675,0.019041657402764298,0.4644367550941945,0.11391605101622103,5.0,0.5232558139534884,0.6638873593604803,HI-VAE_piecewise
0.005293915235337189,0.9714587737843552,0.029577657650937617,0.33214148404459826,0.14356875494419744,4.0,0.5,0.6627586448935715,HI-VAE_piecewise
0.004750960692195459,0.9651162790697675,0.028154200088943475,0.4554786620530565,0.19476433235987275,8.0,0.4883720930232558,0.675306391196596,HI-VAE_piecewise
0.006942156654127243,0.9608879492600423,0.03488037366398764,0.4532487504805844,0.12305857230674988,9.0,0.4883720930232558,0.6988565918767713,HI-VAE_piecewise
0.007199208463510977,0.9630021141649049,0.023608679127427933,0.36001537870049977,0.18669661151075445,7.0,0.5232558139534884,0.6828703451305089,HI-VAE_piecewise
0.007023273385931673,0.9503171247357294,0.024638618785911427,0.4482891195693964,0.21695243480433932,6.0,0.5930232558139535,0.6935261759597382,HI-VAE_piecewise
0.007017235976513569,0.9566596194503171,0.031018963024455035,0.46078431372549017,0.15556705549159391,4.0,0.4883720930232558,0.6670533132486526,HI-VAE_piecewise
0.006160275385292927,0.9661733615221988,0.02111855612704451,0.3661668589004229,0.18451043366676242,7.0,0.5465116279069767,0.6621883827390682,HI-VAE_piecewise
0.006689467699748395,0.9640591966173361,0.025325707059856154,0.40630526720492116,0.11634017579276328,5.0,0.5581395348837209,0.6742820338925318,HI-VAE_piecewise
0.003662134840877031,0.970401691331924,0.027538109720043672,0.36695501730103813,0.17339523901643125,6.0,0.6046511627906976,0.6850439179582627,HI-VAE_piecewise
0.006897185073853496,0.9619450317124737,0.05386590869770299,0.45351787773933105,0.16162098321079862,9.0,0.5,0.6651852181986124,HI-VAE_piecewise
0.007016440800433119,0.9630021141649049,0.02367535071214892,0.43125720876585927,0.17681531522957702,8.0,0.46511627906976744,0.6936516196169903,HI-VAE_piecewise
0.009253147509708652,0.945031712473573,0.023774901092302517,0.5352172241445597,0.24213640009431,5.0,0.47674418604651164,0.7026259865391868,HI-VAE_piecewise
0.004112320596273434,0.9693446088794926,0.026343024232104568,0.5324106113033448,0.1509790926467646,5.0,0.47674418604651164,0.6701577336579319,HI-VAE_piecewise
0.007327473535131108,0.9577167019027485,0.029473415566062217,0.49938485198000776,0.16230517868054498,7.0,0.46511627906976744,0.6749569534859695,HI-VAE_piecewise
0.006527575780763946,0.9608879492600422,0.08098706428230319,0.36351403306420604,0.21789378441075566,9.0,0.5348837209302325,0.6716136043955839,HI-VAE_piecewise
0.006872636514644584,0.9672304439746301,0.02507153681549904,0.4398308342945022,0.18043816479810035,8.0,0.4418604651162791,0.6960456715669099,HI-VAE_piecewise
0.005425121257638554,0.9682875264270614,0.031421789109265,0.47927720107650906,0.179695818277248,8.0,0.47674418604651164,0.6857374753947686,HI-VAE_piecewise
0.006712297291195571,0.9651162790697675,0.025341800678533456,0.4560169165705498,0.18642161563465956,7.0,0.5116279069767442,0.6804953731849331,HI-VAE_piecewise
0.006510727683515357,0.9640591966173361,0.02584446317105492,0.4450595924644368,0.11189177209338953,7.0,0.5697674418604651,0.6971827793748953,HI-VAE_piecewise
0.007282420181389419,0.9534883720930233,0.04720456975872926,0.5266051518646674,0.18320117518005968,10.0,0.5,0.6707519500972877,HI-VAE_piecewise
0.004851564077396819,0.9725158562367866,0.023373702333814816,0.4287966166858901,0.19063936939594772,6.0,0.5581395348837209,0.6685359615520752,HI-VAE_piecewise
0.004225362201941435,0.9682875264270613,0.02180688808111245,0.3944252210688197,0.2110834833044694,8.0,0.5465116279069767,0.7000162449224906,HI-VAE_piecewise
0.004868186391054831,0.9661733615221987,0.06873110861009929,0.36655132641291815,0.19072222070697398,7.0,0.5,0.6788512057141748,HI-VAE_piecewise
0.004881907391930687,0.9672304439746301,0.027400979478891526,0.5062668204536716,0.18418603577553155,8.0,0.5348837209302325,0.6809419361649848,HI-VAE_piecewise
0.006680553497787603,0.9545454545454547,0.07291193629136453,0.41864667435601693,0.27329921616490255,6.0,0.5348837209302325,0.6689214167207379,HI-VAE_piecewise
0.008405600291808866,0.9513742071881608,0.04557046821196433,0.48985005767012685,0.18549923821867315,7.0,0.4883720930232558,0.6887522843432111,HI-VAE_piecewise
0.005363952015827787,0.9651162790697675,0.08411140763003849,0.34140715109573244,0.1291325820241159,11.0,0.47674418604651164,0.7002686487687048,HI-VAE_piecewise
0.006148500946993704,0.9630021141649049,0.0382511505496771,0.44402153018069973,0.11201653485901106,8.0,0.5116279069767442,0.6543367104945463,HI-VAE_piecewise
0.007071734334290755,0.9534883720930233,0.026565765828806143,0.4874663590926566,0.2755762302254885,6.0,0.47674418604651164,0.6999824232218519,HI-VAE_piecewise
0.004849243986651013,0.9746300211416492,0.01843966876988679,0.35793925413302574,0.16458218968715874,7.0,0.5581395348837209,0.6775053255898332,HI-VAE_piecewise
0.00534703785838636,0.9672304439746301,0.01318353613673291,0.3146482122260669,0.13363439813050346,7.0,0.5697674418604651,0.6764979385340294,HI-VAE_piecewise
0.007043896638988482,0.9577167019027485,0.05679669102015836,0.5057285659361784,0.18753640501978538,6.0,0.5232558139534884,0.6788370957634469,HI-VAE_piecewise
0.00763509589017118,0.9577167019027485,0.05904133786085595,0.5356016916570551,0.1781475174760395,7.0,0.45348837209302323,0.6858089803952474,HI-VAE_piecewise
0.005363092511326615,0.970401691331924,0.031181172134956074,0.45259515570934256,0.07347387300123188,2.0,0.5348837209302325,0.6766128195825842,HI-VAE_piecewise
0.007255431787282136,0.9619450317124737,0.026921251891515147,0.3191080353710111,0.13667816648719097,8.0,0.5116279069767442,0.6908224569845679,HI-VAE_piecewise
0.005677057222765756,0.9672304439746301,0.03200261500827289,0.45816993464052286,0.2107106194450958,5.0,0.5116279069767442,0.7005974448124834,HI-VAE_piecewise
0.005782311417708298,0.9661733615221988,0.04810001770960419,0.5776624375240292,0.18972507783027964,9.0,0.5348837209302325,0.6768813286710965,HI-VAE_piecewise
0.00404761950861858,0.9735729386892178,0.027677929189597005,0.4404844290657439,0.10970413884699579,6.0,0.6046511627906976,0.7027759997866675,HI-VAE_piecewise
0.0053848604179002856,0.9672304439746301,0.06550656091720743,0.38911956939638603,0.16309232605060137,7.0,0.46511627906976744,0.6830411064064761,HI-VAE_piecewise
0.006674315716724131,0.9566596194503171,0.047286912967384714,0.4809880815071127,0.1778077937912603,5.0,0.5348837209302325,0.6729972165406114,HI-VAE_piecewise
0.0033808587392142432,0.974630021141649,0.018748896206781274,0.42437524029219525,0.14867717534300204,7.0,0.5348837209302325,0.6835343094704439,HI-VAE_piecewise
0.006027720405909603,0.9608879492600423,0.07708084557460898,0.510880430603614,0.15221699561913682,4.0,0.47674418604651164,0.6936993842631131,HI-VAE_piecewise
0.007349571129721475,0.952431289640592,0.04068843487488628,0.4741253364090735,0.12924130823045663,6.0,0.5581395348837209,0.6537221445470724,HI-VAE_piecewise
0.00699209100654612,0.9513742071881608,0.05099746788205451,0.4455594002306805,0.16984521899472663,10.0,0.5,0.6943408054863787,HI-VAE_piecewise
0.004595146673671548,0.9735729386892178,0.02611180206664573,0.44498269896193765,0.14905293262435412,7.0,0.5697674418604651,0.6878317206017696,HI-VAE_piecewise
0.007916505968745331,0.9534883720930232,0.052592995118431324,0.5375624759707804,0.091743854067293,5.0,0.46511627906976744,0.6994770491811558,HI-VAE_piecewise
0.00832841731312874,0.9439746300211417,0.06644390200105066,0.5944059976931949,0.09444526182862681,7.0,0.4418604651162791,0.6468990726103119,Surv-GAN
0.00856445806688853,0.9482029598308668,0.10476364499258614,0.5574586697424067,0.12893000847364386,1.0,0.4069767441860465,0.6166646018327483,Surv-GAN
0.008483335058292516,0.9534883720930233,0.07179563223234404,0.5597078046905037,0.12350873827694844,2.0,0.5,0.6589198917892192,Surv-GAN
0.009104966767737428,0.9482029598308668,0.079059283774168,0.6341791618608228,0.09321368007138729,1.0,0.46511627906976744,0.6268560009691397,Surv-GAN
0.008496049218543267,0.9408033826638479,0.07430032829412504,0.5437908496732027,0.13521318384566486,2.0,0.4883720930232558,0.6141196774651494,Surv-GAN
0.007560199907467363,0.952431289640592,0.04897163149301434,0.5314878892733563,0.15767996001966283,3.0,0.4418604651162791,0.6510214484893194,Surv-GAN
0.00980801745838847,0.9418604651162791,0.09608285626792311,0.5393310265282583,0.12304255609207003,2.0,0.5116279069767442,0.6434865104853758,Surv-GAN
0.007053818237009948,0.952431289640592,0.04432699444784762,0.5416570549788543,0.1004630072288855,3.0,0.4186046511627907,0.631688886126165,Surv-GAN
0.008615389160145436,0.9482029598308668,0.05239986177682034,0.5547097270280661,0.11557977651845937,4.0,0.47674418604651164,0.6195950813765582,Surv-GAN
0.008197711804358328,0.9397463002114166,0.10782188281549106,0.664090734332949,0.10314310917492642,2.0,0.4069767441860465,0.650569459659521,Surv-GAN
0.008664161792298368,0.9397463002114166,0.10739007895001135,0.570319108035371,0.09531784601218535,3.0,0.4186046511627907,0.6270103534143956,Surv-GAN
0.008797643569517899,0.9397463002114165,0.06763078802391377,0.6763360246059207,0.0994489665779995,2.0,0.47674418604651164,0.6233322547867843,Surv-GAN
0.007229590288454059,0.9503171247357294,0.08366143011418994,0.5454248366013073,0.10145282109741276,1.0,0.47674418604651164,0.6550012999737727,Surv-GAN
0.007731182586173474,0.9471458773784356,0.07145413269363056,0.5333333333333334,0.09385832080796186,1.0,0.4883720930232558,0.6487254406901577,Surv-GAN
0.009375945530797358,0.9408033826638479,0.06865005422181455,0.5362937331795463,0.0886047013500728,1.0,0.5813953488372093,0.6372320407463157,Surv-GAN
0.008486834689286859,0.9460887949260042,0.07884092680230448,0.4977508650519031,0.09823569704129424,6.0,0.5465116279069767,0.6449004079513955,Surv-GAN
0.008530226876116766,0.9429175475687104,0.0765688410913882,0.5068435217224145,0.11005496544007637,2.0,0.4883720930232558,0.6439645284283629,Surv-GAN
0.007693820566796672,0.9492600422832982,0.08706165307624407,0.5305074971164937,0.10235521539037105,2.0,0.5465116279069767,0.6372290262383008,Surv-GAN
0.010178547331586083,0.9249471458773784,0.11071139905715495,0.6117070357554786,0.1134340655713669,1.0,0.4418604651162791,0.6658238372240788,Surv-GAN
0.009298413986771593,0.9408033826638477,0.04311883310316653,0.5657439446366782,0.16402891440417497,3.0,0.4883720930232558,0.6472849336810904,Surv-GAN
0.007580209821063435,0.952431289640592,0.04464304906741482,0.546712802768166,0.1662812516457401,4.0,0.5465116279069767,0.6272929094372235,Surv-GAN
0.007557712749033002,0.9439746300211417,0.0951067106094151,0.5935601691657054,0.15186150071142218,2.0,0.4883720930232558,0.6516418472111906,Surv-GAN
0.007654869405825825,0.9503171247357295,0.07753753947429536,0.48006535947712414,0.09544685529467248,3.0,0.5581395348837209,0.642204254983544,Surv-GAN
0.01011883541468326,0.9312896405919663,0.09355917180648919,0.5736639753940793,0.09158690272056137,5.0,0.5232558139534884,0.6516327778710643,Surv-GAN
0.012244412983567909,0.927061310782241,0.04632757441293544,0.6656670511341792,0.09165850987955683,3.0,0.46511627906976744,0.6444248093221685,Surv-GAN
0.008040906123188984,0.948202959830867,0.03439130211254103,0.5471357170319108,0.09200216178834414,2.0,0.4883720930232558,0.6687188944086458,Surv-GAN
0.010011380524840853,0.9365750528541227,0.09701581277583816,0.5778931180315263,0.09397218139131597,4.0,0.5,0.656621371552855,Surv-GAN
0.007080151169954135,0.9503171247357294,0.08886362059914601,0.5908304498269896,0.09755223917266018,1.0,0.4418604651162791,0.6510168577582778,Surv-GAN
0.007928690729133518,0.948202959830867,0.07466471392183543,0.5941753171856978,0.0961220415784574,6.0,0.46511627906976744,0.6127474084596551,Surv-GAN
0.008020949677254656,0.9460887949260042,0.04684639026824697,0.6311803152633602,0.09400794748234048,2.0,0.47674418604651164,0.6446675864337649,Surv-GAN
0.008339311406206529,0.9460887949260042,0.11267948932697165,0.5758554402153018,0.12024413575049218,2.0,0.43023255813953487,0.6482559156548142,Surv-GAN
0.005848724970837516,0.9566596194503171,0.05369237100857448,0.62960399846213,0.10058684732370128,2.0,0.5116279069767442,0.6245692444723926,Surv-GAN
0.008434863275679428,0.9460887949260042,0.10814188920119094,0.5227604767397155,0.13190866615233532,1.0,0.47674418604651164,0.6513832239335869,Surv-GAN
0.008816594184806209,0.9471458773784356,0.0582070338635178,0.49769319492502884,0.09296337634433081,2.0,0.4883720930232558,0.6222006533402392,Surv-GAN
0.006901431914759126,0.952431289640592,0.051934314715464794,0.5562091503267974,0.1468428993481913,2.0,0.4186046511627907,0.6638994906718979,Surv-GAN
0.006159431277034394,0.9577167019027485,0.0822091931539317,0.5457900807381776,0.10297568338418092,4.0,0.45348837209302323,0.6440877995373497,Surv-GAN
0.007361923113800622,0.9503171247357294,0.05802142597903096,0.6049211841599385,0.08325781321377415,1.0,0.47674418604651164,0.620303725891407,Surv-GAN
0.007680846298469725,0.9471458773784356,0.09055769590278628,0.5692425990003844,0.09190221092702,8.0,0.4069767441860465,0.6522049677997486,Surv-GAN
0.01091052404719872,0.9355179704016913,0.04453291209876602,0.5934063821607074,0.08826652580409164,6.0,0.46511627906976744,0.6492709555825761,Surv-GAN
0.006850648629681307,0.9513742071881608,0.07612181120405516,0.5381968473663976,0.11006397436821817,1.0,0.4418604651162791,0.648950528355304,Surv-GAN
0.008905048683578838,0.9376321353065539,0.11136770697697533,0.637524029219531,0.093402780066802,3.0,0.4418604651162791,0.6329582692564932,Surv-GAN
0.009372211973787093,0.9355179704016915,0.09518003578427507,0.6252210688196848,0.10024739578925985,2.0,0.5232558139534884,0.6403579900254582,Surv-GAN
0.009811197715987192,0.9460887949260044,0.0594415244096318,0.49227220299884655,0.09779498563366268,2.0,0.5232558139534884,0.6500805631744353,Surv-GAN
0.007210567243423882,0.9545454545454546,0.06738296898702612,0.49832756632064595,0.1516839258250956,4.0,0.5,0.6402332845967699,Surv-GAN
0.01109916386509986,0.927061310782241,0.09219990502119652,0.6493271818531335,0.1276741041266615,2.0,0.45348837209302323,0.6408853376480588,Surv-GAN
0.007021798673650673,0.9482029598308668,0.09652448332541505,0.536716647443291,0.09408937578312883,1.0,0.46511627906976744,0.6472897993523326,Surv-GAN
0.008905229358939538,0.9408033826638479,0.03835410899197682,0.5400615148019993,0.09664548979740706,1.0,0.5232558139534884,0.6382618012412499,Surv-GAN
0.009882396713458697,0.9386892177589853,0.051686544003980206,0.608073817762399,0.09352460785981004,6.0,0.4883720930232558,0.6573163777425944,Surv-GAN
0.009132471253637836,0.9471458773784356,0.07300200524289263,0.5894655901576316,0.12839229442150685,2.0,0.4883720930232558,0.6151513963589293,Surv-GAN
0.009379877668958037,0.9386892177589853,0.05759972078951248,0.5987504805843906,0.09964363500331852,7.0,0.45348837209302323,0.6341081185590051,Surv-GAN
0.007344236837803866,0.9492600422832982,0.06973237099168919,0.6034217608612072,0.09939686313467887,2.0,0.5581395348837209,0.6026621724515275,Surv-GAN
0.008752843321416896,0.9408033826638479,0.0894682787906297,0.49269511726259124,0.14949887816590088,2.0,0.45348837209302323,0.6285639871805266,Surv-GAN
0.010926900241502786,0.9302325581395349,0.09965861623904522,0.6374086889657823,0.09830609517035817,7.0,0.4418604651162791,0.6311307178889408,Surv-GAN
0.008579606998573174,0.945031712473573,0.050634319012064624,0.5607458669742407,0.08799630841823275,1.0,0.47674418604651164,0.6167885714803385,Surv-GAN
0.008432888219198777,0.945031712473573,0.05260930199947914,0.5912341407151096,0.08854228452770262,1.0,0.47674418604651164,0.6580747515370099,Surv-GAN
0.009220690788717942,0.9471458773784356,0.08546387460439372,0.558477508650519,0.1367563551771946,1.0,0.4883720930232558,0.650141772136941,Surv-GAN
0.008072702461694208,0.9439746300211417,0.0859445036530833,0.5574778931180315,0.09345594776123399,1.0,0.47674418604651164,0.6484205498024879,Surv-GAN
0.011785585055613213,0.9344608879492601,0.04490972623874043,0.552556708958093,0.15048024157790163,3.0,0.4418604651162791,0.6145372035852955,Surv-GAN
0.009739523163715316,0.9408033826638479,0.10759844611573381,0.5728950403690888,0.09566350497536397,4.0,0.4883720930232558,0.6194858311902848,Surv-GAN
0.009653049172557205,0.9439746300211417,0.07606638930475415,0.5154555940023069,0.08992605567921834,1.0,0.5116279069767442,0.6104138921951578,Surv-GAN
0.007114791430594494,0.9450317124735729,0.06813195104325921,0.48550557477893114,0.0906175508423321,6.0,0.4883720930232558,0.641534218070501,Surv-GAN
0.011270238766185426,0.9302325581395349,0.09193974596989514,0.6420607458669743,0.09884193949412,1.0,0.4186046511627907,0.6276903513676727,Surv-GAN
0.009338417613821927,0.9386892177589853,0.10606809250326603,0.6074586697424067,0.09934473791517254,5.0,0.4418604651162791,0.6227342431937741,Surv-GAN
0.007786072028817167,0.9408033826638479,0.06974174184712037,0.582083813917724,0.09442468401443516,1.0,0.45348837209302323,0.6544868936341097,Surv-GAN
0.006944883804866123,0.9471458773784356,0.06690451596657768,0.6268742791234141,0.09358426789016386,8.0,0.4418604651162791,0.613260914011905,Surv-GAN
0.0075674560065765555,0.9566596194503171,0.06885436524589787,0.5085736255286428,0.11897628903502916,1.0,0.4883720930232558,0.6185991350973338,Surv-GAN
0.0065241605267731114,0.9577167019027485,0.027347287915444086,0.5998846597462514,0.2070968280514471,6.0,0.4418604651162791,0.6366795999135217,Surv-GAN
0.008586456198803986,0.9513742071881608,0.057820390425564326,0.4332948865820839,0.11115205992105888,2.0,0.5232558139534884,0.6289156853408334,Surv-GAN
0.010265000498586009,0.9355179704016915,0.08127526129386622,0.5215301806997308,0.09774772646408261,1.0,0.46511627906976744,0.623132633883376,Surv-GAN
0.009735711112947893,0.9397463002114166,0.07883881114780546,0.43904267589388707,0.08993879420995937,7.0,0.4883720930232558,0.650154142361476,Surv-GAN
0.00809190577040643,0.9503171247357295,0.058525488630741425,0.5389465590157632,0.12762565484308616,2.0,0.4883720930232558,0.6111090272785735,Surv-GAN
0.009205600377812487,0.9439746300211417,0.06236019142969611,0.5539023452518261,0.096120998502342,1.0,0.45348837209302323,0.6247537532083539,Surv-GAN
0.009074708675253259,0.945031712473573,0.06196249903788172,0.6675509419454057,0.09285474307881054,9.0,0.4186046511627907,0.6414347689772273,Surv-GAN
0.006084737714810687,0.9566596194503171,0.07954592219232486,0.5754325259515571,0.11986071808302022,1.0,0.4883720930232558,0.6393636744534136,Surv-GAN
0.007347272516625428,0.9556025369978859,0.10579482695209655,0.5508650519031142,0.1304384110140938,1.0,0.45348837209302323,0.6102470076920408,Surv-GAN
0.0074013751863027935,0.9556025369978859,0.06470407244451763,0.5782199154171472,0.15531801131077916,2.0,0.5232558139534884,0.6126233394823264,Surv-GAN
0.006506749675089601,0.9640591966173363,0.02669848436777679,0.3976547481737793,0.13895572129290665,1.0,0.5348837209302325,0.6479952754570509,Surv-GAN
0.009230654654513679,0.9429175475687104,0.085946879391365,0.49515570934256053,0.10762695118720811,1.0,0.45348837209302323,0.6364914894715299,Surv-GAN
0.005534352488488909,0.9598308668076111,0.08113969801530584,0.540407535563245,0.09576823685876534,6.0,0.43023255813953487,0.6153290750099778,Surv-GAN
0.006719272042939417,0.9503171247357294,0.07326095996387644,0.5650134563629373,0.10982569792588825,2.0,0.4186046511627907,0.6371813819343239,Surv-GAN
0.006480442673477239,0.9577167019027485,0.07499580265227473,0.528316032295271,0.08791256860163404,1.0,0.5116279069767442,0.6278310343565345,Surv-GAN
0.00953088849151879,0.9397463002114165,0.06342695421779691,0.563360246059208,0.09396881163614663,1.0,0.4186046511627907,0.6578075623224,Surv-GAN
0.010899079754640162,0.9376321353065539,0.07325776499262947,0.5560169165705499,0.09556966179192511,9.0,0.45348837209302323,0.6149584103820069,Surv-GAN
0.008802976135169822,0.9439746300211418,0.03248774925779081,0.6048635140330643,0.11378082858166533,1.0,0.5930232558139535,0.6485399024884301,Surv-GAN
0.008392494971268656,0.9460887949260044,0.08045022019117831,0.5882545174932717,0.1382189957969722,2.0,0.4883720930232558,0.6475595030640532,Surv-GAN
0.00827021709450928,0.9397463002114166,0.09946833731264423,0.5462514417531719,0.08919562982420419,3.0,0.45348837209302323,0.6419582068703431,Surv-GAN
0.01147457588808488,0.9334038054968289,0.09514129163959609,0.5758169934640522,0.09519920413436896,4.0,0.45348837209302323,0.6109457681014977,Surv-GAN
0.007848249750105,0.948202959830867,0.034953718902327444,0.559438677431757,0.09701193547809403,2.0,0.47674418604651164,0.6412248790422674,Surv-GAN
0.007987840496643046,0.9482029598308668,0.04257903251456715,0.5962514417531719,0.09264062157141591,6.0,0.5116279069767442,0.6178115117484592,Surv-GAN
0.008611714681011488,0.9471458773784356,0.0354592930420278,0.5279507881584007,0.09234157873622545,1.0,0.47674418604651164,0.6394525220327886,Surv-GAN
0.007466581334716974,0.9534883720930233,0.08476847068716338,0.5286236063052672,0.09067394625769705,1.0,0.5232558139534884,0.6125382048055175,Surv-GAN
0.009263980348408678,0.9408033826638479,0.07169968461827554,0.5928296808919646,0.09509078942002866,8.0,0.37209302325581395,0.6121335496167485,Surv-GAN
0.004759781114094024,0.9693446088794925,0.03758150978776042,0.47381776239907725,0.09576943109116744,2.0,0.5116279069767442,0.6449611822733314,Surv-GAN
0.008234974380207205,0.9492600422832982,0.09448173195438929,0.5507881584006151,0.10555665345984179,7.0,0.4186046511627907,0.6479133722931516,Surv-GAN
0.011835672224940924,0.9334038054968287,0.07548135973005604,0.601038062283737,0.09503195177294889,1.0,0.47674418604651164,0.598256775701309,Surv-GAN
0.00927341861426446,0.9355179704016913,0.07419812712036856,0.5839292579777009,0.18522460884484965,3.0,0.46511627906976744,0.6331692068761302,Surv-GAN
0.008939562231917154,0.9386892177589853,0.06265609133730662,0.5625720876585929,0.09655729005074125,1.0,0.4418604651162791,0.6046157318036788,Surv-GAN
0.010010521680944852,0.9355179704016915,0.10954092557470403,0.5833333333333333,0.0973174094730692,4.0,0.3953488372093023,0.6210465785570315,Surv-GAN
0.008510092617767884,0.9439746300211418,0.06516303186798705,0.5237024221453288,0.0942680147442544,2.0,0.5348837209302325,0.6496012009810278,Surv-GAN
0.009348360222143371,0.9418604651162791,0.08919040741789015,0.5297962322183775,0.09627356466690373,1.0,0.5465116279069767,0.6292595173707053,Surv-GAN
0.008724440877605757,0.9429175475687104,0.08933589720887111,0.56199538638985,0.14265104528301814,1.0,0.47674418604651164,0.6201633956918176,Surv-GAN
0.009521966011764046,0.9408033826638479,0.0879141556987891,0.5785467128027681,0.09361160314565574,6.0,0.4883720930232558,0.6364935311637986,Surv-GAN
0.009983609466758232,0.9302325581395349,0.11253215332184967,0.5524413687043445,0.12292337789100162,1.0,0.5930232558139535,0.6475975282087545,Surv-GAN
0.007184614763817545,0.9503171247357294,0.0717784038942879,0.5657823913879276,0.09372956136723615,1.0,0.4418604651162791,0.6179676735192681,Surv-GAN
0.009655844158498914,0.9439746300211417,0.09535527068045632,0.48354479046520565,0.12906342214935942,2.0,0.5232558139534884,0.6267721380750233,Surv-GAN
0.008499368908731273,0.9460887949260044,0.07436708869794795,0.5840830449826989,0.09751136382892683,3.0,0.5116279069767442,0.6162694542031958,Surv-GAN
0.009649135748695524,0.9386892177589853,0.058377098801176724,0.5074586697424068,0.0960668919790986,2.0,0.46511627906976744,0.6197076809359848,Surv-GAN
0.008825412478930953,0.9492600422832982,0.049857458661013515,0.597039600153787,0.12492073834121627,2.0,0.5348837209302325,0.6620529886005001,Surv-GAN
0.008017711524739233,0.9418604651162792,0.06289931846358764,0.5927527873894656,0.09176089363063601,1.0,0.4883720930232558,0.6399171295996421,Surv-GAN
0.00855400359015225,0.9408033826638479,0.047880972041701796,0.6116109188773547,0.10677105468372854,2.0,0.46511627906976744,0.6373619798796469,Surv-GAN
0.007679592074928137,0.9534883720930232,0.054411920571611566,0.48669742406766636,0.08984268467591677,1.0,0.5232558139534884,0.6534367148671959,Surv-GAN
0.008274639887565487,0.9471458773784356,0.08089078171048544,0.6323529411764706,0.18712932702630888,2.0,0.43023255813953487,0.6343757424862776,Surv-GAN
0.008391421932142819,0.945031712473573,0.07395238547621895,0.5256824298346789,0.0940677393350992,7.0,0.47674418604651164,0.6242758865197857,Surv-GAN
0.006912587158570114,0.9598308668076111,0.044177392239912225,0.5026143790849673,0.13090398803527223,2.0,0.4418604651162791,0.628784996316684,Surv-GAN
0.008875218515715084,0.9397463002114165,0.06507412433662205,0.632718185313341,0.0940847039603867,1.0,0.5116279069767442,0.6479418472658971,Surv-GAN
0.008652218204354927,0.9439746300211417,0.10130263572533776,0.5009996155324876,0.1396504133600436,1.0,0.46511627906976744,0.6075813984194887,Surv-GAN
0.006089466884244638,0.9577167019027485,0.07015617734345755,0.444405997693195,0.14900641223378377,2.0,0.5581395348837209,0.6221087816337036,Surv-GAN
0.006485993026369167,0.9577167019027485,0.05906408566815813,0.504959630911188,0.08458433953215191,1.0,0.5581395348837209,0.6336176125571376,Surv-GAN
0.00884510796226607,0.9365750528541227,0.10479258120456429,0.5698961937716264,0.09649409632491511,1.0,0.46511627906976744,0.6250820566887337,Surv-GAN
0.007091412281707732,0.952431289640592,0.08463103086817468,0.5311418685121108,0.09435730549031401,7.0,0.46511627906976744,0.6729723949869257,Surv-GAN
0.009007114822724456,0.945031712473573,0.092503816382018,0.5066897347174164,0.10028718119331868,5.0,0.5232558139534884,0.6624555176626961,Surv-GAN
0.006446200859242337,0.9566596194503171,0.037356110601013834,0.5297385620915033,0.09354139977214303,2.0,0.5813953488372093,0.6265329921874032,Surv-GAN
0.008074973375874667,0.9471458773784355,0.0860867528327691,0.5388312187620146,0.09656746096288184,5.0,0.4883720930232558,0.616711220768817,Surv-GAN
0.01195374086101167,0.9312896405919662,0.07866015323968366,0.637831603229527,0.09122436745055651,8.0,0.47674418604651164,0.6437671346968571,Surv-GAN
0.009763902299064244,0.9397463002114166,0.05907985459685057,0.6139177239523261,0.13618827358153485,3.0,0.45348837209302323,0.6074334278623406,Surv-GAN
0.010822903011498929,0.9260042283298098,0.0718407497948213,0.5509803921568628,0.18107123296894764,2.0,0.5116279069767442,0.6602294741201884,Surv-GAN
0.008514452716501206,0.9418604651162791,0.08252386191610947,0.4947327950788159,0.10812079875146816,3.0,0.5,0.6158755556451392,Surv-GAN
0.008947623774401187,0.9439746300211418,0.07994038819390778,0.5127066512879661,0.13821996330561015,2.0,0.5232558139534884,0.633319709305319,Surv-GAN
0.007715680854627866,0.9408033826638479,0.1183081456871565,0.679430988081507,0.10352330540747447,3.0,0.43023255813953487,0.6398129134147568,Surv-GAN
0.009029630048397188,0.9439746300211417,0.09288223594881481,0.4953287197231834,0.1520339809028488,1.0,0.5348837209302325,0.648409934888242,Surv-GAN
0.007624092308218558,0.9524312896405921,0.04490809298964725,0.5856209150326798,0.10285482130760516,3.0,0.5,0.6174308022099554,Surv-GAN
0.007223184122519473,0.9566596194503173,0.03876833881404977,0.3862168396770473,0.09336542291093892,2.0,0.46511627906976744,0.6078455320811296,Surv-GAN
0.008104656451973984,0.9460887949260042,0.04405748571943301,0.507362552864283,0.09909955489519921,2.0,0.5465116279069767,0.6033236401825117,Surv-GAN
0.00931873674417906,0.9365750528541227,0.08674542311990495,0.5123798539023452,0.09217169117916453,6.0,0.5,0.6419185020443798,Surv-GAN
0.011224828691593332,0.9365750528541227,0.045331163820858444,0.6647827758554403,0.0920865291594059,2.0,0.43023255813953487,0.6648408819005737,Surv-GAN
0.010136332770603733,0.9386892177589853,0.07802426149134244,0.5816608996539794,0.09621654636129055,1.0,0.5,0.6334059302922032,Surv-GAN
0.00905173941798487,0.9386892177589853,0.03195856823746352,0.6053440984236832,0.09746832823881532,2.0,0.4418604651162791,0.6179712857873568,Surv-GAN
0.006123115694015375,0.9566596194503171,0.059689845507031256,0.5602268358323721,0.0899534111932121,10.0,0.4883720930232558,0.648472188668726,Surv-GAN
0.008757504832367112,0.9439746300211417,0.0884801151291602,0.5960399846212996,0.10571550888493703,1.0,0.4069767441860465,0.6240068724019575,Surv-GAN
0.008288895368708206,0.9492600422832982,0.057181052723754656,0.48796616685890043,0.08910779213407316,11.0,0.47674418604651164,0.624941197919309,Surv-GAN
0.009550954996150794,0.9418604651162791,0.0707664144498195,0.5539984621299501,0.1226984817227483,1.0,0.4418604651162791,0.6367277810051523,Surv-GAN
0.008562831465750596,0.9376321353065539,0.061427610048969516,0.49296424452133786,0.1203727830250956,2.0,0.45348837209302323,0.646355937971742,Surv-GAN
0.009610165581970266,0.9386892177589853,0.07779009912648514,0.5391003460207612,0.09391950908697416,6.0,0.5697674418604651,0.6372651691815178,Surv-GAN
0.009638827400210175,0.9397463002114166,0.09346051060465752,0.544713571703191,0.11358963684794368,3.0,0.5232558139534884,0.6489142606137821,Surv-GAN
0.0079063009229938,0.9439746300211417,0.09482458011707443,0.6043829296424452,0.1108151136837623,2.0,0.5232558139534884,0.6088245691234172,Surv-GAN
0.007583873168043248,0.9534883720930233,0.03512497433055895,0.4188965782391388,0.09249358854446425,2.0,0.4418604651162791,0.6468483358386425,Surv-GAN
0.010037942444740948,0.9365750528541227,0.0656705379577431,0.5858900422914264,0.09958479071966904,1.0,0.5116279069767442,0.6689146842669516,Surv-GAN
0.008019309652044086,0.9513742071881608,0.07161377895667635,0.4542868127643215,0.09795097280411057,2.0,0.45348837209302323,0.6363144565294181,Surv-GAN
0.006964162788294772,0.9577167019027485,0.05958806346381903,0.5038254517493272,0.10161467856807396,1.0,0.4418604651162791,0.6627960242525142,Surv-GAN
0.007258916935337812,0.9503171247357294,0.08187972255568646,0.5664167627835448,0.11764003060955547,2.0,0.5465116279069767,0.6477561522957492,Surv-GAN
0.009523374684774077,0.9408033826638479,0.08249876743347426,0.5262783544790465,0.09646685000346139,1.0,0.5232558139534884,0.6295176261973724,Surv-GAN
0.008848533516991724,0.9386892177589853,0.09434406296528305,0.5354479046520568,0.158073269837638,3.0,0.5,0.6160853550064356,Surv-GAN
0.008309740885269767,0.9471458773784356,0.08635952423851018,0.4904652056901192,0.1105454147544598,2.0,0.5,0.6272243344971307,Surv-GAN
0.007407279046560608,0.9534883720930233,0.06026574501808255,0.553921568627451,0.17507153162699376,2.0,0.45348837209302323,0.5895125121253,Surv-GAN
0.009850942883711286,0.9418604651162792,0.05662438585791295,0.6407535563244906,0.09416769899344299,9.0,0.38372093023255816,0.6293597252600364,Surv-GAN
0.010828800775718857,0.9429175475687104,0.06449578495017372,0.6601691657054978,0.15753881050286422,6.0,0.43023255813953487,0.6489288776057852,Surv-GAN
0.008359257475723218,0.9418604651162791,0.08160112838159922,0.5184736639753942,0.10252175261822544,2.0,0.46511627906976744,0.6223139003070955,Surv-GAN
0.008311961431437013,0.9460887949260042,0.06004354724086206,0.5468665897731642,0.10935421373070105,1.0,0.43023255813953487,0.6177120831362853,Surv-GAN
0.010835059375714124,0.9323467230443975,0.07833713742685973,0.5311034217608612,0.12412864138409256,3.0,0.5581395348837209,0.6187151628542025,Surv-GAN
0.007917870074223522,0.9439746300211418,0.08430446961657548,0.6633602460592081,0.1384462806768361,2.0,0.4883720930232558,0.6512089668135373,Surv-GAN
0.010122705419304344,0.9376321353065541,0.07602223306072313,0.5358900422914264,0.11880987337370583,1.0,0.5116279069767442,0.6145556090799554,Surv-GAN
0.009946810435296476,0.9386892177589853,0.05573670116048619,0.6023068050749713,0.10122447201382868,1.0,0.45348837209302323,0.6472584121042563,Surv-GAN
0.007504556670419491,0.948202959830867,0.10456848775532626,0.532083813917724,0.09223758043882069,7.0,0.45348837209302323,0.6324389194039562,Surv-GAN
0.005688769140467617,0.9682875264270613,0.04275381023878377,0.48112264513648595,0.0851171432844445,1.0,0.5,0.6588487889587885,Surv-GAN
0.007582304588976688,0.9471458773784356,0.07956108798148445,0.5200499807766243,0.09967413083580776,2.0,0.47674418604651164,0.6494870651981863,Surv-GAN
0.010714253350396873,0.9344608879492601,0.06754063686642635,0.5666666666666667,0.10098368002949022,2.0,0.46511627906976744,0.6390321763231983,Surv-GAN
0.009292393819722395,0.9418604651162791,0.05881214455184527,0.4779315647827759,0.10646209114282264,3.0,0.47674418604651164,0.6794162229072306,Surv-GAN
0.006765854259911532,0.9587737843551797,0.022971986700953333,0.4758169934640524,0.14975224468866485,4.0,0.5348837209302325,0.6614016519753757,Surv-GAN
0.006991298239630989,0.949260042283298,0.05853915450284388,0.6274894271434064,0.09406281746624724,9.0,0.4418604651162791,0.6472789565594533,Surv-GAN
0.009390533948982139,0.9386892177589853,0.07733279659350059,0.6065359477124183,0.10922429679288322,1.0,0.46511627906976744,0.6629069361453641,Surv-GAN
0.007223441699819661,0.9513742071881606,0.09485470801080743,0.4731257208765859,0.09329524032255847,2.0,0.5465116279069767,0.6518049828003544,Surv-GAN
0.00912676738722608,0.945031712473573,0.08731641090344452,0.5378700499807766,0.0968475470759515,1.0,0.4883720930232558,0.6384541989494846,Surv-GAN
0.011172928797951322,0.9302325581395349,0.09997154022616311,0.6512495194156094,0.1234124502823442,2.0,0.5465116279069767,0.6493111808398123,Surv-GAN
0.007130554544979512,0.949260042283298,0.0818746465752335,0.5500576701268742,0.10510020649341008,2.0,0.45348837209302323,0.5978430034062251,Surv-GAN
0.008882032734628759,0.9471458773784356,0.02310437258999288,0.6169550173010381,0.108572690106205,2.0,0.47674418604651164,0.6614132120406314,Surv-GAN
0.007878201262259176,0.9534883720930232,0.054607702102462095,0.5420607458669743,0.11891695917163553,3.0,0.4883720930232558,0.6393312756947943,Surv-GAN
0.007681386122138125,0.945031712473573,0.06912804039636097,0.5762399077277969,0.12459298472937116,2.0,0.5116279069767442,0.6501196043511268,Surv-GAN
0.010227143942534407,0.9302325581395349,0.1410204915186221,0.6126489811610919,0.09436638039657809,3.0,0.4883720930232558,0.6333829576946088,Surv-GAN
0.010057614865431929,0.9439746300211417,0.05444012957554815,0.5269127258746635,0.09568673443197936,3.0,0.47674418604651164,0.6125129149130975,Surv-GAN
0.008886070624046557,0.9408033826638479,0.06893285071342047,0.544232987312572,0.10208958211527164,3.0,0.5232558139534884,0.6225636472282139,Surv-GAN
0.007125137251607978,0.9503171247357294,0.07926456173867899,0.5659554017685505,0.12841155350252986,2.0,0.5116279069767442,0.6184536720334137,Surv-GAN
0.00757829035707623,0.9471458773784355,0.08001408106051476,0.5062475970780469,0.09383441966346256,2.0,0.5,0.6225839027781581,Surv-GAN
0.01037262238891424,0.9344608879492601,0.06427196124739737,0.5189926951172625,0.0904004550255334,2.0,0.5116279069767442,0.634222795995722,Surv-GAN
0.010587204386849668,0.9355179704016915,0.08797917063091204,0.6255670895809304,0.0990819707697976,6.0,0.43023255813953487,0.6245145947775558,Surv-GAN
0.007517128072252604,0.9534883720930233,0.03665749663816659,0.5974240676662822,0.09847893744715422,1.0,0.46511627906976744,0.6477537789834742,Surv-GAN
0.011048126874029991,0.9334038054968287,0.05472545569690132,0.6039023452518262,0.13931909321384509,4.0,0.5116279069767442,0.6593853060835494,Surv-GAN
0.009410728119819474,0.9439746300211418,0.07037080988853256,0.6474432910419069,0.09014118188776073,1.0,0.4186046511627907,0.6256323939414884,Surv-GAN
0.00773708784357818,0.9471458773784356,0.07286913898038949,0.5393694732795079,0.09121590927564467,1.0,0.47674418604651164,0.6274781430799033,Surv-GAN
0.010655568567611637,0.9334038054968289,0.08202012778871096,0.5389850057670127,0.09840154214236742,6.0,0.46511627906976744,0.6759578770785092,Surv-GAN
0.010891068683571016,0.9376321353065539,0.05445067607648686,0.52079969242599,0.10308730605820743,1.0,0.45348837209302323,0.6451623517532841,Surv-GAN
0.008693412673397767,0.9408033826638479,0.0490598649720499,0.6049211841599383,0.09483621862611513,1.0,0.4186046511627907,0.6541815104984946,Surv-GAN
0.009117519449920583,0.9355179704016913,0.07262212869504182,0.5154171472510573,0.09111368612663819,1.0,0.4418604651162791,0.6449179823780782,Surv-GAN
0.008726712412145884,0.9471458773784356,0.06894640138030236,0.5660515186466742,0.0884197792333043,1.0,0.47674418604651164,0.6580330681398168,Surv-GAN
0.008753308049016324,0.9513742071881608,0.0492132277009722,0.511361014994233,0.10325216776408533,2.0,0.5581395348837209,0.6234142401808097,Surv-GAN
0.013906302192860487,0.9238900634249472,0.08754092397309993,0.5970972702806613,0.09239868623303611,9.0,0.46511627906976744,0.6147802530492815,Surv-GAN
0.006729346480875528,0.9545454545454547,0.05227099820920084,0.5222798923490964,0.07568460709724958,1.0,0.46511627906976744,0.652064903473716,Surv-GAN
0.009736857013467569,0.9482029598308668,0.09377545370907435,0.5604767397154939,0.09721071085351428,1.0,0.47674418604651164,0.6256917989122216,Surv-GAN
0.00925222961925075,0.9386892177589853,0.11666547194940581,0.5743367935409458,0.08908641408498748,4.0,0.5697674418604651,0.6476610764245556,Surv-GAN
0.007182061912332543,0.9503171247357294,0.08290736267794378,0.6137447135717032,0.0881210088942159,1.0,0.5116279069767442,0.6272634904120308,Surv-GAN
0.009829387762368457,0.9281183932346724,0.09429778719874624,0.616474432910419,0.13965411667126704,1.0,0.4186046511627907,0.6269074318480652,Surv-GAN
0.006819124559254871,0.9482029598308668,0.04324276095285665,0.529757785467128,0.12975768914478927,6.0,0.5581395348837209,0.6080376211166119,Surv-VAE
0.007170571623597521,0.9492600422832982,0.08434140463313701,0.5834486735870819,0.1483817181513057,3.0,0.4418604651162791,0.6228315499406292,Surv-VAE
0.008129634790203965,0.9492600422832982,0.052042626549314845,0.5202037677816225,0.08937120090782051,2.0,0.627906976744186,0.6194627995516975,Surv-VAE
0.009141801328838866,0.9492600422832982,0.03479961618145968,0.6382160707420222,0.12582097057415567,3.0,0.5348837209302325,0.6175291215643945,Surv-VAE
0.006644251632437783,0.9492600422832982,0.08320638013857447,0.5979623221837753,0.12084068097141219,1.0,0.4883720930232558,0.662022941924193,Surv-VAE
0.008541125909578362,0.9429175475687104,0.12180584095533917,0.5638792772010766,0.16717763802597696,2.0,0.3488372093023256,0.6232204682070877,Surv-VAE
0.007609687034119759,0.9482029598308668,0.03548623443645443,0.46228373702422143,0.22354868077415826,4.0,0.5813953488372093,0.6105308797505387,Surv-VAE
0.008624218391532545,0.9460887949260042,0.06106677064838771,0.6607843137254902,0.11313758457248152,2.0,0.4186046511627907,0.6036418963164764,Surv-VAE
0.00728387438944287,0.9608879492600423,0.038175407771266094,0.5617070357554786,0.15622330587855382,3.0,0.5,0.6093664928289726,Surv-VAE
0.0035601020570719608,0.9735729386892178,0.04510843032097701,0.5184159938485198,0.0928514538843361,1.0,0.46511627906976744,0.637777058578733,Surv-VAE
0.009668544786883514,0.9439746300211417,0.0803336610819534,0.5462898885044213,0.09825342601227033,1.0,0.4186046511627907,0.6578148080715411,Surv-VAE
0.007257195611998764,0.9534883720930233,0.05996596420889985,0.44136870434448283,0.19043048765856732,5.0,0.5930232558139535,0.613752924697168,Surv-VAE
0.007833993870213123,0.9513742071881608,0.08388631478930125,0.5898500576701269,0.10316150567195533,1.0,0.4883720930232558,0.6132519086834726,Surv-VAE
0.0070364896463495225,0.9630021141649049,0.038419140736228756,0.4632449058054594,0.13390633211928452,2.0,0.46511627906976744,0.6251446975186475,Surv-VAE
0.005229509666840075,0.9651162790697675,0.04382551343839934,0.5148212226066897,0.13694374809723261,1.0,0.5,0.6220541362829396,Surv-VAE
0.006182020528087059,0.9577167019027485,0.04477362060969804,0.40209534794309876,0.1170829496885597,3.0,0.6162790697674418,0.5922403971063224,Surv-VAE
0.009450621353441673,0.9482029598308668,0.06762217123010933,0.600076893502499,0.10969539615302665,3.0,0.5,0.6261455071300612,Surv-VAE
0.010060666677965353,0.9376321353065539,0.0850177227025679,0.52520184544406,0.11907459346214634,3.0,0.5232558139534884,0.5943749063096162,Surv-VAE
0.008758499841077773,0.9397463002114166,0.07843636164399562,0.5330642060745866,0.09165510869039009,2.0,0.5,0.6336798149802788,Surv-VAE
0.007544197088527522,0.9556025369978859,0.04461572665146534,0.5702998846597462,0.10402352761990379,1.0,0.46511627906976744,0.632805620260376,Surv-VAE
0.007456792117785282,0.9503171247357294,0.044521082764479664,0.48514033064206075,0.12959061794013776,2.0,0.5,0.6223546503892141,Surv-VAE
0.007709925073003638,0.9577167019027485,0.05280318736606565,0.46243752402921956,0.1113719353653112,3.0,0.5232558139534884,0.5956557695421174,Surv-VAE
0.0076329218118808195,0.952431289640592,0.05302012451715805,0.5194925028835063,0.10884739511950003,4.0,0.4883720930232558,0.6272631971884568,Surv-VAE
0.005915138877616316,0.963002114164905,0.04901902979547705,0.5903306420607459,0.10840202451083085,2.0,0.5,0.6122115683412593,Surv-VAE
0.006562095856458581,0.9513742071881606,0.10623864222710849,0.5184928873510188,0.09656175418245037,2.0,0.5,0.6164768854922482,Surv-VAE
0.009317518608731321,0.9534883720930233,0.03613014911267203,0.4795847750865052,0.11352526821979614,3.0,0.5581395348837209,0.6245201960821484,Surv-VAE
0.006729230468059547,0.9608879492600423,0.0623158377137969,0.5040369088811996,0.12178232157696847,2.0,0.5465116279069767,0.6111677819490218,Surv-VAE
0.005550139361264217,0.9577167019027485,0.05990723237625158,0.5674163783160323,0.14796358126735995,4.0,0.45348837209302323,0.6081798886508536,Surv-VAE
0.006619851869756355,0.9503171247357294,0.07187371249347474,0.5071895424836601,0.13226932988431997,2.0,0.4883720930232558,0.6559853232558011,Surv-VAE
0.007513826973176977,0.9471458773784356,0.106681999748056,0.6425028835063438,0.09877211897843012,5.0,0.5,0.6329536449401613,Surv-VAE
0.006018716458217613,0.9619450317124737,0.0603102937602445,0.5267589388696656,0.1436353062964464,3.0,0.47674418604651164,0.6072225547175643,Surv-VAE
0.006846404891194594,0.9566596194503173,0.04972166607655886,0.5868512110726644,0.11944632666508938,3.0,0.47674418604651164,0.6626373892479344,Surv-VAE
0.007873130226161188,0.9482029598308668,0.048866733715810635,0.593041138023837,0.10688660900609272,2.0,0.46511627906976744,0.6096359353349937,Surv-VAE
0.00799888840583732,0.9460887949260042,0.10729714025459396,0.5841407151095732,0.09016176680334693,1.0,0.5813953488372093,0.6377123606718351,Surv-VAE
0.006787651751786464,0.952431289640592,0.11757771984342272,0.621683967704729,0.09997061132505895,4.0,0.4883720930232558,0.6394638855155731,Surv-VAE
0.010056917858041572,0.9386892177589853,0.08847123318059724,0.6087081891580162,0.1163751421860752,1.0,0.5116279069767442,0.6036126227460887,Surv-VAE
0.008674831986866296,0.9471458773784356,0.04907910289120902,0.5335640138408305,0.12272762072775525,2.0,0.6046511627906976,0.6166778929410333,Surv-VAE
0.005075801160088826,0.9672304439746301,0.04899213648009883,0.44590542099192615,0.1020814808660978,1.0,0.47674418604651164,0.6215323375793692,Surv-VAE
0.009654289413832328,0.9397463002114165,0.0947647729607803,0.523510188389081,0.10697345095014253,2.0,0.46511627906976744,0.5962461964633963,Surv-VAE
0.007240646444201592,0.9524312896405921,0.08278080219141412,0.5340638216070743,0.18884255513961873,2.0,0.5116279069767442,0.6171491689125943,Surv-VAE
0.008654426679231055,0.9471458773784356,0.07597827914004725,0.5096116878123799,0.09906335889416774,2.0,0.5465116279069767,0.6093012157360291,Surv-VAE
0.005708535498987071,0.9598308668076111,0.04014073052913016,0.5193387158785082,0.11496261068722567,4.0,0.5348837209302325,0.6267018948635225,Surv-VAE
0.010003043070724528,0.9365750528541227,0.10105682580155152,0.5853325643983084,0.12969528998293603,3.0,0.4418604651162791,0.625377768291886,Surv-VAE
0.008902973553111933,0.945031712473573,0.07919693056677175,0.6406766628219915,0.11259113181505397,4.0,0.47674418604651164,0.6260124578247003,Surv-VAE
0.0067315042970786535,0.9503171247357294,0.08070649396466822,0.4714725105728566,0.08576273753855018,1.0,0.5465116279069767,0.6345137233450996,Surv-VAE
0.009073561949125989,0.9408033826638479,0.07824139493078167,0.5248366013071897,0.094886324478522,1.0,0.5,0.6369541275220914,Surv-VAE
0.007268978719820255,0.9471458773784356,0.05285284303723108,0.5408688965782392,0.08601447411383681,1.0,0.5348837209302325,0.6502568941004443,Surv-VAE
0.008119667672296858,0.9513742071881608,0.07588572441728592,0.5818531334102268,0.10243358285174513,3.0,0.46511627906976744,0.6256091676538769,Surv-VAE
0.0060144764513559495,0.9661733615221988,0.04209078748133875,0.5768550557477893,0.13146430591079994,3.0,0.45348837209302323,0.6149398990153375,Surv-VAE
0.009557966199005383,0.9439746300211418,0.047836067154019765,0.4947712418300654,0.09657608457309261,4.0,0.4883720930232558,0.6540650407667746,Surv-VAE
0.01130297066838789,0.9302325581395349,0.08600948239088042,0.5874663590926568,0.10690257788807943,3.0,0.5,0.6200654684308877,Surv-VAE
0.006569331489932894,0.9534883720930233,0.11061374630877045,0.501999231064975,0.09683121237947619,1.0,0.4883720930232558,0.6140961301511604,Surv-VAE
0.006144909261432652,0.9503171247357294,0.08268807214003816,0.5389081122645136,0.18578602957652143,3.0,0.45348837209302323,0.6146738794057294,Surv-VAE
0.006604467404719924,0.9577167019027485,0.055659649106255565,0.5,0.10973002295142072,3.0,0.4883720930232558,0.6063025587955265,Surv-VAE
0.0047463808013278215,0.963002114164905,0.04888325996601969,0.5735294117647058,0.19524999034219803,4.0,0.5232558139534884,0.6145668849218998,Surv-VAE
0.008913638382437722,0.9397463002114166,0.08390138782412902,0.6006151480199924,0.1434100023853941,3.0,0.5232558139534884,0.6024544323686213,Surv-VAE
0.004007231515918934,0.9619450317124735,0.040823255449198015,0.4136870434448289,0.166420219905036,4.0,0.5581395348837209,0.6038004453823745,Surv-VAE
0.006342432342965826,0.9619450317124735,0.04650947188620206,0.4246443675509419,0.1279701110643745,2.0,0.5465116279069767,0.6213436002302319,Surv-VAE
0.007254332768560581,0.9566596194503173,0.04103578186682792,0.5704152249134948,0.11415432307275154,6.0,0.5465116279069767,0.6240779242441512,Surv-VAE
0.006025985578195136,0.9566596194503171,0.04906759911023571,0.5529411764705883,0.12369219020454048,4.0,0.5348837209302325,0.6046661069418834,Surv-VAE
0.01049712548511118,0.9397463002114166,0.052363760503719006,0.5004998077662437,0.09639762460236265,1.0,0.5,0.623178456569919,Surv-VAE
0.008482316111143166,0.9524312896405921,0.06866562891067438,0.5910419069588619,0.09217083452107142,2.0,0.5232558139534884,0.6383630210579595,Surv-VAE
0.006870722778574426,0.9534883720930233,0.07171171728428372,0.6574778931180314,0.09351349603688325,6.0,0.36046511627906974,0.6338607477195104,Surv-VAE
0.006753233586230776,0.9577167019027485,0.05453639431324739,0.49875048058439064,0.09236551686874382,9.0,0.46511627906976744,0.5897201682804105,Surv-VAE
0.008231021245155583,0.9471458773784356,0.1053787405321756,0.45757400999615533,0.09139769080855101,5.0,0.5,0.6394879563336119,Surv-VAE
0.007146875189177692,0.9545454545454546,0.05866536873956047,0.48838908112264506,0.10912860130136513,3.0,0.5116279069767442,0.6045493385529598,Surv-VAE
0.008128098647513411,0.9503171247357294,0.07965096376595783,0.6599192618223759,0.12632379938961485,1.0,0.4418604651162791,0.6036969978399895,Surv-VAE
0.008674315700765517,0.9439746300211418,0.08672744304540715,0.46193771626297586,0.0947401603419321,1.0,0.47674418604651164,0.6112386615107143,Surv-VAE
0.008040226589887815,0.9513742071881608,0.05767937831892107,0.5889657823913879,0.09446289767589959,3.0,0.5,0.6262563075019612,Surv-VAE
0.007936382502478275,0.9503171247357294,0.06016079647072143,0.5773164167627836,0.13832478011669352,4.0,0.5581395348837209,0.5904773441930974,Surv-VAE
0.0070267067219949965,0.9460887949260042,0.10178609773041472,0.5990003844675125,0.09542514503093008,6.0,0.5,0.626468861266217,Surv-VAE
0.006482216848530476,0.9608879492600425,0.040291879230101954,0.5000384467512495,0.1361001516083131,3.0,0.6162790697674418,0.6248751126346704,Surv-VAE
0.00737026060223383,0.945031712473573,0.09520345245073342,0.5203383314109957,0.1271409354423872,1.0,0.47674418604651164,0.6388943592626247,Surv-VAE
0.006283570045227865,0.9587737843551797,0.035960769011876,0.5859861591695503,0.11186007105221285,1.0,0.4418604651162791,0.6116879972679672,Surv-VAE
0.008707640494306978,0.9503171247357294,0.05675702902136339,0.5089580930411379,0.14185675644286713,4.0,0.5581395348837209,0.6305213812733248,Surv-VAE
0.009839028921634721,0.9355179704016913,0.10032896009449135,0.5889850057670127,0.1458059183534855,2.0,0.45348837209302323,0.6323627318572999,Surv-VAE
0.009523903201390656,0.9334038054968287,0.07861830191291172,0.5549980776624375,0.09492925268084439,7.0,0.47674418604651164,0.6260155568333481,Surv-VAE
0.00573221229411841,0.963002114164905,0.04441164689790114,0.5070549788542869,0.09503825216718972,2.0,0.4883720930232558,0.645078191603126,Surv-VAE
0.004721111145165325,0.9640591966173361,0.07797452693569742,0.5303729334871203,0.10611278640620622,2.0,0.45348837209302323,0.612406668613866,Surv-VAE
0.00900963868368512,0.9492600422832982,0.07032908879659636,0.5948289119569397,0.09283229467379067,3.0,0.5116279069767442,0.6131978824810275,Surv-VAE
0.0072010821556249245,0.9587737843551797,0.04838058230443351,0.5530180699730872,0.1461657799003613,2.0,0.5232558139534884,0.6039020900460252,Surv-VAE
0.0061464656688593544,0.9577167019027484,0.04594921832568071,0.6762014609765474,0.10321414954979709,2.0,0.47674418604651164,0.6140589459570576,Surv-VAE
0.008404957985106602,0.9503171247357295,0.08006138275627338,0.5668973471741638,0.09809997622238886,4.0,0.47674418604651164,0.6439126644536681,Surv-VAE
0.00673766057376755,0.9598308668076111,0.06606722466292544,0.5205690119184929,0.09868074028322464,3.0,0.5465116279069767,0.617363953846953,Surv-VAE
0.006571030659038846,0.9524312896405921,0.06755784377214155,0.6107266435986158,0.10345675382803762,1.0,0.5,0.5999487120996045,Surv-VAE
0.008303300518633858,0.9524312896405921,0.021184529851529903,0.47483660130718963,0.08628393540148291,4.0,0.5116279069767442,0.6311605818783599,Surv-VAE
0.009462545324347003,0.9429175475687104,0.05554728720928518,0.5327950788158401,0.09187815027284157,1.0,0.47674418604651164,0.6208025217466286,Surv-VAE
0.010604204164628957,0.9376321353065541,0.11422867616289255,0.5957324106113033,0.09414896722255789,5.0,0.4883720930232558,0.6084893986941459,Surv-VAE
0.009864134046388912,0.9355179704016915,0.07901867271129173,0.5054978854286812,0.13766096089748253,2.0,0.4883720930232558,0.5982996325528445,Surv-VAE
0.008349237946954864,0.9524312896405921,0.05533303351388851,0.5644367550941944,0.12347170557021751,4.0,0.5348837209302325,0.6280099103782415,Surv-VAE
0.006903320917553912,0.9534883720930232,0.04741560964377999,0.5415801614763552,0.09411393941120544,8.0,0.47674418604651164,0.6213807032528129,Surv-VAE
0.007815427105260732,0.9566596194503171,0.041232501862409954,0.5867550941945405,0.16167973358953525,4.0,0.45348837209302323,0.630143970640077,Surv-VAE
0.005624674237287425,0.9672304439746302,0.04092460350044216,0.5440407535563245,0.09928885414933322,3.0,0.5348837209302325,0.6195821957712323,Surv-VAE
0.009041311583587298,0.9418604651162792,0.09234852996865478,0.5897347174163783,0.10330568761608505,1.0,0.4883720930232558,0.6445206075282623,Surv-VAE
0.007504596627695787,0.9513742071881608,0.03551038598935357,0.6081507112648981,0.10398170802470508,1.0,0.4883720930232558,0.5904089121501759,Surv-VAE
0.008690184905908003,0.945031712473573,0.08310076498008757,0.5006535947712418,0.09682423073387446,2.0,0.45348837209302323,0.6142246370367255,Surv-VAE
0.007091099408213276,0.9492600422832982,0.0877464454946497,0.5829680891964629,0.1133282055672692,1.0,0.4069767441860465,0.6385493756144374,Surv-VAE
0.007362226610134358,0.9534883720930233,0.02745395253020859,0.47666282199154175,0.1769669923384363,3.0,0.47674418604651164,0.6320955134313463,Surv-VAE
0.006271824628981492,0.952431289640592,0.09564067804468121,0.5544982698961938,0.10430487369022585,2.0,0.47674418604651164,0.5952984186897059,Surv-VAE
0.008586911072464471,0.9365750528541227,0.08035134401069201,0.5784698193002692,0.1045822974228329,3.0,0.5,0.6140783406225987,Surv-VAE
0.007977859051530629,0.9566596194503171,0.07995769673525435,0.569357939254133,0.09391566813578898,9.0,0.47674418604651164,0.6405821157722004,Surv-VAE
0.007055927670622763,0.9524312896405918,0.07563588482830179,0.544079200307574,0.13271532330427566,1.0,0.4186046511627907,0.6492960953442604,Surv-VAE
0.005424027895571464,0.9619450317124737,0.052398868948053644,0.6161476355247981,0.10757883664641137,3.0,0.5,0.6469998416963666,Surv-VAE
0.009697100322361563,0.9344608879492601,0.08830451352314639,0.5171856978085352,0.09250946901108989,6.0,0.5,0.6204158868526756,Surv-VAE
0.008974514807001378,0.9482029598308668,0.08224762097619397,0.5758746635909265,0.09141145923923198,5.0,0.43023255813953487,0.5887177057338724,Surv-VAE
0.008343208881144619,0.9460887949260042,0.0889609987308361,0.5474817377931565,0.10441671639546633,1.0,0.5116279069767442,0.5923705805854553,Surv-VAE
0.00596171577285402,0.9598308668076111,0.06573710868534278,0.511918492887351,0.1474126102182852,3.0,0.5697674418604651,0.5979354679892109,Surv-VAE
0.009880737193360734,0.9365750528541227,0.1004317038756323,0.5737985390234526,0.09104785395472556,7.0,0.43023255813953487,0.59864279380575,Surv-VAE
0.007440362308928342,0.9556025369978858,0.0747368446665225,0.5534025374855824,0.10684548418049855,1.0,0.45348837209302323,0.6075427971226319,Surv-VAE
0.009729858392348497,0.9386892177589853,0.12605947500437634,0.5893886966551326,0.11250059221885418,2.0,0.5813953488372093,0.6313795330362851,Surv-VAE
0.00784199440554764,0.9566596194503173,0.04029828343692653,0.5925990003844674,0.10365794548181467,1.0,0.47674418604651164,0.5905254489423465,Surv-VAE
0.0074048754126728586,0.9534883720930233,0.06256356585877137,0.5633794694348329,0.13035899976693593,2.0,0.5,0.6027544163619817,Surv-VAE
0.007225208803761163,0.9587737843551797,0.06670369197086017,0.44890426758938873,0.10021787833230027,1.0,0.5232558139534884,0.6177937197148006,Surv-VAE
0.005868063241923863,0.9587737843551799,0.05501067104317335,0.5435601691657055,0.09948932274232518,2.0,0.5581395348837209,0.6044012167862493,Surv-VAE
0.0062525810703482065,0.9640591966173361,0.038051516094268385,0.5179354094579007,0.08847390997071339,1.0,0.5232558139534884,0.593205080003765,Surv-VAE
0.007117690136960603,0.9503171247357295,0.08626709802836956,0.5892349096501345,0.12359226831253384,1.0,0.45348837209302323,0.6211536183607144,Surv-VAE
0.008019485296943402,0.9513742071881608,0.09871148225812122,0.6044213763936946,0.13446447688225713,2.0,0.5116279069767442,0.61176115301524,Surv-VAE
0.008437588722525386,0.9429175475687104,0.07787931632165494,0.4955594002306805,0.17491728464137718,2.0,0.45348837209302323,0.5933438594536711,Surv-VAE
0.010724982624632333,0.9397463002114165,0.08546673451628986,0.6365820838139177,0.13126559576364746,3.0,0.47674418604651164,0.6082203658178965,Surv-VAE
0.009090295642500119,0.952431289640592,0.04913942085568083,0.49238754325259515,0.1272381135781095,2.0,0.4883720930232558,0.6321938421777045,Surv-VAE
0.010188209514116055,0.945031712473573,0.06874732759022105,0.5581891580161477,0.13976442763015193,2.0,0.45348837209302323,0.6324111260982144,Surv-VAE
0.00675735111323969,0.9608879492600425,0.05908027412458289,0.5517493271818531,0.11262051168596304,2.0,0.5348837209302325,0.6124038474045718,Surv-VAE
0.007162124581727844,0.9630021141649049,0.03271728767614116,0.5663014225297962,0.11232778046543289,3.0,0.5116279069767442,0.6335476496201373,Surv-VAE
0.008124892225351767,0.9471458773784356,0.10084482634448542,0.543752402921953,0.09964708600367103,1.0,0.5348837209302325,0.6202033350969701,Surv-VAE
0.006971884874085418,0.9587737843551799,0.07018880144779127,0.5454825067281814,0.1084717318744013,3.0,0.5,0.6307244543830545,Surv-VAE
0.006564699719050582,0.9598308668076109,0.07702407689807844,0.5006535947712418,0.08768512041335719,1.0,0.5232558139534884,0.5987353233786284,Surv-VAE
0.0068021619297125215,0.9503171247357294,0.11499871424753591,0.5201845444059977,0.0977422397565079,2.0,0.46511627906976744,0.6267317921973218,Surv-VAE
0.008744670294448462,0.9460887949260044,0.04531937002511817,0.5933487120338331,0.10700857586383211,2.0,0.4883720930232558,0.6145411250341504,Surv-VAE
0.008481110100197314,0.9482029598308668,0.034992200474188995,0.4834486735870819,0.1120810788102518,3.0,0.5,0.6374218577344513,Surv-VAE
0.008545557024966552,0.9439746300211418,0.07600481256251876,0.545520953479431,0.09351508626643867,5.0,0.46511627906976744,0.6649057267485816,Surv-VAE
0.007987830357902143,0.9482029598308668,0.11157387366518794,0.5844675124951941,0.10837581534195265,1.0,0.4418604651162791,0.6435961332348903,Surv-VAE
0.007628741154899235,0.9503171247357294,0.06744285918078968,0.5301999231064974,0.09645247584584445,1.0,0.3953488372093023,0.5970524937124224,Surv-VAE
0.011040977345234836,0.9312896405919662,0.12129221931539559,0.6310649750096118,0.11541092830065007,1.0,0.4418604651162791,0.6281783712127529,Surv-VAE
0.0063706603576455115,0.9587737843551797,0.044052307061798544,0.5306420607458671,0.1069347938203654,3.0,0.5,0.6299554151410368,Surv-VAE
0.008021205151370881,0.9545454545454546,0.03310670840769505,0.5491541714725106,0.09426482696510617,2.0,0.5232558139534884,0.616892619624248,Surv-VAE
0.005981859140993593,0.9566596194503171,0.0572998225098158,0.5188965782391388,0.11880597246753617,4.0,0.5581395348837209,0.6208807990123576,Surv-VAE
0.007699718456822252,0.9513742071881608,0.08482218694599401,0.5806997308727413,0.09439849764364355,6.0,0.4883720930232558,0.615923389964238,Surv-VAE
0.008284092393296865,0.9482029598308668,0.07652808753086195,0.4975394079200307,0.10713366450800554,2.0,0.5581395348837209,0.6290827482939928,Surv-VAE
0.00915000773123582,0.9460887949260042,0.09627506734233304,0.5563437139561708,0.09218967408482769,8.0,0.47674418604651164,0.5937086233601988,Surv-VAE
0.006438980163329578,0.952431289640592,0.09055615689562391,0.520953479430988,0.097482642249244,1.0,0.5,0.6124577880642665,Surv-VAE
0.006350324101574501,0.9608879492600423,0.043169516377997846,0.5828335255670897,0.09933817893608499,2.0,0.4186046511627907,0.6309342810647662,Surv-VAE
0.006394444846388051,0.9598308668076111,0.0575649869851345,0.4072279892349096,0.10136442942422666,3.0,0.5,0.6184881400227015,Surv-VAE
0.006176267086421123,0.9587737843551799,0.03382525700040325,0.5048827374086889,0.11236662663489469,1.0,0.5116279069767442,0.5941080535496649,Surv-VAE
0.007868913869708012,0.9439746300211417,0.13717466477716697,0.5833910034602076,0.10642553587440984,4.0,0.3953488372093023,0.6067373880747069,Surv-VAE
0.008097159235894444,0.9418604651162791,0.08662220553333316,0.6285274894271434,0.12495002363510026,1.0,0.4418604651162791,0.5870303159669107,Surv-VAE
0.0067457208727285944,0.9587737843551797,0.07329172206736059,0.6217416378316033,0.0982184074932702,5.0,0.46511627906976744,0.6180461990882259,Surv-VAE
0.007925577418523152,0.9492600422832982,0.06206760944546261,0.5443291041906958,0.13527761524620793,1.0,0.5697674418604651,0.6083982244618019,Surv-VAE
0.008317604623091642,0.9524312896405921,0.06707108222595919,0.5139561707035756,0.09124774690782263,2.0,0.5465116279069767,0.6057843029013195,Surv-VAE
0.00942943466539844,0.9408033826638479,0.07611257697623336,0.5733948481353325,0.09787636715368904,1.0,0.47674418604651164,0.6216689196388115,Surv-VAE
0.006923629766511894,0.9492600422832982,0.0950712006581517,0.5417916186082277,0.1149768656978381,2.0,0.5348837209302325,0.6324545898839208,Surv-VAE
0.006688889666493816,0.945031712473573,0.07567862088310282,0.5592656670511341,0.13962391590755543,2.0,0.4883720930232558,0.5994482853000707,Surv-VAE
0.00863178866426473,0.9439746300211418,0.09265212482074436,0.5590926566705112,0.13053097685303186,1.0,0.5116279069767442,0.640250790731473,Surv-VAE
0.005196017994747626,0.9651162790697675,0.056456874485058754,0.6002306805074971,0.09153558895473385,1.0,0.5232558139534884,0.6020019588908686,Surv-VAE
0.007411445465236034,0.9556025369978859,0.04215235223790415,0.5620915032679739,0.1833412572290273,4.0,0.4069767441860465,0.5893300270985573,Surv-VAE
0.011396206178549213,0.9355179704016913,0.05684306304719804,0.6389465590157631,0.16018459871991647,3.0,0.4883720930232558,0.5998802044954199,Surv-VAE
0.01194985922157631,0.927061310782241,0.10938391132581429,0.5888119953863897,0.09016758842507587,4.0,0.4883720930232558,0.6061300790705537,Surv-VAE
0.008644758128284897,0.9534883720930233,0.04951894763375915,0.563994617454825,0.14316331979480834,3.0,0.5465116279069767,0.6027936841647857,Surv-VAE
0.008415607719157536,0.9460887949260042,0.07505796125291654,0.5778354479046521,0.10875047143753053,3.0,0.46511627906976744,0.6128575206200987,Surv-VAE
0.009045257037758318,0.9386892177589853,0.08083469511232895,0.573529411764706,0.10932731025964974,3.0,0.43023255813953487,0.6307209394832436,Surv-VAE
0.00817070492442529,0.9439746300211417,0.1308825427449459,0.5484044598231449,0.09603741721133652,2.0,0.5348837209302325,0.6018153271059458,Surv-VAE
0.006800504985254804,0.9513742071881608,0.07728276279258815,0.6118031526336025,0.11895414990329521,2.0,0.46511627906976744,0.6089086063289917,Surv-VAE
0.006429934130183768,0.9534883720930233,0.06856242738380411,0.5307574009996154,0.13695154636518136,3.0,0.5348837209302325,0.6122860237520825,Surv-VAE
0.007732704408223145,0.9471458773784356,0.08730841213123382,0.44694348327566324,0.11041460653411618,1.0,0.5,0.6091932890401835,Surv-VAE
0.007329121736175955,0.9482029598308668,0.09824360298468894,0.5258746635909265,0.09154045774604022,5.0,0.4883720930232558,0.5933645798480094,Surv-VAE
0.006802160987370868,0.9503171247357294,0.06175237317608408,0.5972318339100345,0.1203408468699877,3.0,0.43023255813953487,0.6235625740242993,Surv-VAE
0.010564803076521634,0.9386892177589851,0.08478901701326612,0.6105920799692426,0.09807216910963189,2.0,0.4186046511627907,0.6182848162273851,Surv-VAE
0.008459098646506602,0.9429175475687104,0.08863751657513634,0.5482506728181468,0.13509114758856725,3.0,0.5348837209302325,0.6351435589777048,Surv-VAE
0.006839912930276048,0.952431289640592,0.06740032341373246,0.5445213379469436,0.15619454420576656,2.0,0.4883720930232558,0.6269099364779801,Surv-VAE
0.00824380292011143,0.9460887949260044,0.07037604828834074,0.6501345636293733,0.12889623898553335,4.0,0.47674418604651164,0.6287211506521536,Surv-VAE
0.0060863166239498254,0.9556025369978859,0.0956750114960299,0.5840061514801999,0.10846983435921899,2.0,0.4883720930232558,0.596214741443628,Surv-VAE
0.008049938522676424,0.9503171247357294,0.07020159878617802,0.49554017685505575,0.09303456881945625,2.0,0.5348837209302325,0.6386356893973969,Surv-VAE
0.008540070505329534,0.9471458773784356,0.05030974057763204,0.6570357554786621,0.10668107390754072,2.0,0.46511627906976744,0.6196119064030922,Surv-VAE
0.006472266972182453,0.9608879492600423,0.04034530473074989,0.5212995001922338,0.08979865722430394,9.0,0.46511627906976744,0.6093467148749666,Surv-VAE
0.008698725630625688,0.9460887949260042,0.07101462721476463,0.607516339869281,0.11222020402322545,3.0,0.3953488372093023,0.6018459107336427,Surv-VAE
0.008509587419229712,0.9408033826638479,0.0824555995495263,0.5754901960784313,0.09972872376910351,2.0,0.5348837209302325,0.6156158105779181,Surv-VAE
0.008335103142172194,0.9482029598308668,0.07698971285754469,0.4579392541330257,0.18184045478268507,2.0,0.5116279069767442,0.6069766957810495,Surv-VAE
0.00860818483537077,0.945031712473573,0.06245457729324874,0.5604959630911188,0.10110907678775964,2.0,0.46511627906976744,0.6262142463750556,Surv-VAE
0.006709745861502472,0.9630021141649049,0.0708850643352988,0.5894655901576316,0.09109781439374101,9.0,0.5,0.6056645820756947,Surv-VAE
0.00800638753688852,0.9492600422832982,0.0462550285496572,0.5460207612456747,0.10061098205293448,2.0,0.47674418604651164,0.6153731826618447,Surv-VAE
0.007409955155257855,0.952431289640592,0.06021279297002524,0.5974625144175316,0.09945247183398727,2.0,0.5116279069767442,0.6056053762379819,Surv-VAE
0.00688384771191038,0.9556025369978858,0.04910157875186268,0.5704344482891195,0.10593165774350033,4.0,0.5116279069767442,0.5953842847204649,Surv-VAE
0.0076331207499334645,0.945031712473573,0.09634207563598918,0.5273356401384083,0.14512615766331446,1.0,0.5348837209302325,0.5974532002331844,Surv-VAE
0.006469758736428852,0.9577167019027485,0.09212421087745014,0.5625336409073433,0.10014418277928218,7.0,0.5232558139534884,0.6467048030300461,Surv-VAE
0.005561729528902313,0.9619450317124735,0.04085467382831518,0.5928296808919647,0.10981755442257625,4.0,0.45348837209302323,0.627816979186765,Surv-VAE
0.0063339506215930935,0.9651162790697675,0.035141802094679604,0.4086889657823914,0.11662923442669139,5.0,0.5813953488372093,0.6534332011523338,Surv-VAE
0.007776110562601409,0.9534883720930233,0.06454463852733892,0.48967704728950406,0.09799394582437161,1.0,0.4883720930232558,0.633719058204414,Surv-VAE
0.007668298973865764,0.9545454545454546,0.0466621575144411,0.49600153787004997,0.10640335209537534,2.0,0.5813953488372093,0.6193588902721139,Surv-VAE
0.0056924967510180256,0.9587737843551797,0.06746558964177864,0.520953479430988,0.1031393712047361,3.0,0.47674418604651164,0.6188758084278426,Surv-VAE
0.007021700600538752,0.952431289640592,0.07901170943031294,0.590157631680123,0.11868619539420354,2.0,0.47674418604651164,0.6391758411873205,Surv-VAE
0.007235048306924754,0.9513742071881608,0.07041577759481629,0.6008842752787389,0.1501715613238142,3.0,0.4883720930232558,0.6015027197158029,Surv-VAE
0.005674017413373204,0.9651162790697676,0.05502413356832053,0.563437139561707,0.08803793584036156,1.0,0.5813953488372093,0.6379498637402802,Surv-VAE
0.006010443591553841,0.9566596194503173,0.036970576534450815,0.4585159554017686,0.10002346736247776,2.0,0.4883720930232558,0.578495181086809,Surv-VAE
0.00719487447185747,0.9460887949260044,0.07965121704490156,0.5873125720876586,0.1017592299732085,2.0,0.38372093023255816,0.6078012848131976,Surv-VAE
0.008220713315312685,0.9471458773784355,0.0807092594993459,0.6514225297962322,0.1561155189423621,2.0,0.5348837209302325,0.593767184919634,Surv-VAE
0.007574654546316017,0.9598308668076111,0.047640530150007264,0.5925221068819685,0.0938277196885204,2.0,0.45348837209302323,0.6171110428008512,Surv-VAE
0.0063097333487183134,0.9640591966173363,0.05859206112240052,0.5540561322568243,0.10151429669451659,1.0,0.5813953488372093,0.6358105745652408,Surv-VAE
0.008665954462212104,0.9471458773784356,0.1009176795319761,0.5835640138408305,0.11320533104653743,1.0,0.5,0.6033122833595874,Surv-VAE
0.006029106574925247,0.9598308668076111,0.052876422530001,0.537677816224529,0.12718775166449747,5.0,0.5581395348837209,0.6162988177154884,Surv-VAE
0.008293921469257884,0.948202959830867,0.06386304516210432,0.5352556708958092,0.09448601418055669,1.0,0.4883720930232558,0.6185740550738676,Surv-VAE
0.00862346977317084,0.9482029598308668,0.0464698107554411,0.5446366782006921,0.1427387805258952,3.0,0.43023255813953487,0.6050593355464442,Surv-VAE
0.02757423677715916,0.872093023255814,0.20302263747837462,0.7500961168781237,0.1513867732460457,10.0,0.47674418604651164,0.725337549847785,HI-VAE_weibull_diffusion
0.030423243721773296,0.8562367864693445,0.09569068374872469,0.7556708958093041,0.19875919021082017,8.0,0.38372093023255816,0.7412768284160685,HI-VAE_weibull_diffusion
0.025073193642431272,0.8826638477801269,0.07468122326101795,0.7316416762783545,0.12372542837045099,6.0,0.47674418604651164,0.7263600605435507,HI-VAE_weibull_diffusion
0.028191166746332378,0.8742071881606766,0.13981080327667075,0.7326797385620916,0.2450707426223925,9.0,0.45348837209302323,0.7393524423068806,HI-VAE_weibull_diffusion
0.02958270193959567,0.8636363636363636,0.1652695551090945,0.7461361014994233,0.15012079775585263,6.0,0.4186046511627907,0.730356449423141,HI-VAE_weibull_diffusion
0.02804139397657607,0.8752642706131077,0.10416062249485733,0.7375624759707805,0.2897407309692916,7.0,0.5232558139534884,0.7427339725142236,HI-VAE_weibull_diffusion
0.029959119277093105,0.8646934460887948,0.17162773311100663,0.6906958861976162,0.26710676130329286,8.0,0.5116279069767442,0.7274615945287387,HI-VAE_weibull_diffusion
0.025732263941264547,0.8847780126849895,0.12500788410690017,0.7312572087658593,0.12421383678387668,9.0,0.4186046511627907,0.7268327466070933,HI-VAE_weibull_diffusion
0.026053917148040937,0.879492600422833,0.14564116861786686,0.7423298731257209,0.212142541102524,9.0,0.4883720930232558,0.7582957328197962,HI-VAE_weibull_diffusion
0.03146341374021899,0.8562367864693446,0.1335599208481777,0.7775086505190312,0.2003511684353999,9.0,0.5,0.7114620742663312,HI-VAE_weibull_diffusion
0.030151498016050368,0.8594080338266384,0.1316646554574795,0.815763168012303,0.24565077164520932,11.0,0.45348837209302323,0.7497067755546608,HI-VAE_weibull_diffusion
0.02905725678637162,0.861522198731501,0.14830807874310786,0.7063437139561708,0.16514867096719324,9.0,0.4418604651162791,0.7280405350970618,HI-VAE_weibull_diffusion
0.03201902409382175,0.854122621564482,0.14004211556789195,0.7444444444444444,0.12882831680966475,6.0,0.3953488372093023,0.7690793258204082,HI-VAE_weibull_diffusion
0.030407755670918177,0.8657505285412262,0.12277457590447785,0.7567858515955402,0.22576870361628246,8.0,0.5697674418604651,0.7328558788249707,HI-VAE_weibull_diffusion
0.03031870303616196,0.8763213530655392,0.10868009593618193,0.75440215301807,0.12856242420994632,6.0,0.5116279069767442,0.7520866528520851,HI-VAE_weibull_diffusion
0.026501878128654562,0.8752642706131077,0.13465924375930563,0.7612456747404843,0.1954854195394888,9.0,0.5232558139534884,0.7378921081134989,HI-VAE_weibull_diffusion
0.0284892584042337,0.8678646934460889,0.16284043506664583,0.7717993079584776,0.19195036195185036,9.0,0.3953488372093023,0.7351982017385744,HI-VAE_weibull_diffusion
0.028218584747009987,0.8773784355179703,0.060908983380518186,0.7452133794694349,0.1561479690928263,5.0,0.5348837209302325,0.7551245775728122,HI-VAE_weibull_diffusion
0.030969547563592957,0.8562367864693445,0.16230841960972517,0.7173394848135333,0.24783593607960056,9.0,0.5116279069767442,0.7203949374291093,HI-VAE_weibull_diffusion
0.026780096584093985,0.8784355179704018,0.11787380299156763,0.7479046520569013,0.290344684696128,11.0,0.45348837209302323,0.7231607239942244,HI-VAE_weibull_diffusion
0.029829156968631965,0.8625792811839322,0.16768257986886814,0.7861976163014225,0.2398654562873785,9.0,0.5465116279069767,0.7306144448218909,HI-VAE_weibull_diffusion
0.027861050652877452,0.875264270613108,0.08385333196498154,0.7140715109573242,0.11015022032677982,8.0,0.5232558139534884,0.7224146358129566,HI-VAE_weibull_diffusion
0.03160481133161261,0.8520084566596193,0.17625976273546654,0.7459823144944253,0.11428313456993101,6.0,0.4186046511627907,0.7134953286735787,HI-VAE_weibull_diffusion
0.03278383648833973,0.8583509513742071,0.14466444337227172,0.7547866205305651,0.23158067692880194,9.0,0.5,0.694283860703497,HI-VAE_weibull_diffusion
0.028952475036572643,0.8594080338266384,0.07615411013720672,0.7897731641676279,0.22282237195486412,4.0,0.5348837209302325,0.7289623812778874,HI-VAE_weibull_diffusion
0.029713812899635126,0.8541226215644819,0.12714421393846942,0.6986159169550172,0.1425360907433507,5.0,0.4418604651162791,0.7023514635623499,HI-VAE_weibull_diffusion
0.030081861673044438,0.8646934460887948,0.13192685013565308,0.7234140715109574,0.23378183641326036,8.0,0.43023255813953487,0.7056316319430722,HI-VAE_weibull_diffusion
0.030984162144201854,0.854122621564482,0.11593539027753516,0.7189926951172626,0.23031969065222432,7.0,0.4883720930232558,0.7345142507966312,HI-VAE_weibull_diffusion
0.030032742106894075,0.8572938689217758,0.10961195174477514,0.7061899269511727,0.187116642975201,8.0,0.5232558139534884,0.7134395247455201,HI-VAE_weibull_diffusion
0.02990326485542112,0.8604651162790696,0.1124280181153992,0.6675509419454057,0.1493768628655327,8.0,0.5,0.7463476364774178,HI-VAE_weibull_diffusion
0.030421794334006956,0.8604651162790696,0.15143329211350498,0.7140330642060746,0.13394669229564465,8.0,0.4418604651162791,0.7515774472808963,HI-VAE_weibull_diffusion
0.03151033681402904,0.8551797040169133,0.2120720483115791,0.6790080738177624,0.14048305484291945,9.0,0.46511627906976744,0.7350959725145897,HI-VAE_weibull_diffusion
0.030041823684302436,0.8572938689217758,0.1288463473142026,0.7429834678969627,0.2247707922906358,9.0,0.47674418604651164,0.7136570873581214,HI-VAE_weibull_diffusion
0.029873208270379644,0.8604651162790696,0.13017697088650781,0.7380238369857747,0.13107335381216137,7.0,0.4883720930232558,0.7313857563234576,HI-VAE_weibull_diffusion
0.02834266907112147,0.8699788583509513,0.10269721570188559,0.7648596693579393,0.23235069681681692,6.0,0.5,0.745076817009059,HI-VAE_weibull_diffusion
0.028975946424330153,0.8636363636363636,0.12770061038334618,0.7284121491733948,0.13482588043142651,8.0,0.5,0.7295830455796564,HI-VAE_weibull_diffusion
0.031479901636050335,0.8551797040169133,0.12710571744726945,0.7582468281430218,0.0889199029955867,7.0,0.4883720930232558,0.7439607337552706,HI-VAE_weibull_diffusion
0.03197945363983848,0.8488372093023255,0.1312583827145796,0.7003075740099961,0.2294029223517516,10.0,0.5465116279069767,0.7430918563668008,HI-VAE_weibull_diffusion
0.03148889581755638,0.8572938689217758,0.12285122371579892,0.7811995386389851,0.1318544930274351,7.0,0.5697674418604651,0.7478342913125632,HI-VAE_weibull_diffusion
0.02606971001334757,0.8805496828752643,0.10294986931935958,0.6789696270665129,0.11130481817914824,5.0,0.4069767441860465,0.7481815016324436,HI-VAE_weibull_diffusion
0.02752735655982106,0.8731501057082451,0.10019604280555898,0.6562091503267973,0.24853787981772396,9.0,0.4883720930232558,0.7246455281676343,HI-VAE_weibull_diffusion
0.03292036795787376,0.8583509513742071,0.1370094884235519,0.7757785467128027,0.1452959000341378,8.0,0.47674418604651164,0.740458167481753,HI-VAE_weibull_diffusion
0.031111934567211598,0.8646934460887948,0.14111585534608173,0.7934640522875818,0.15051618686400126,8.0,0.4069767441860465,0.7277587564183503,HI-VAE_weibull_diffusion
0.029752861810340283,0.8657505285412262,0.1565946802975498,0.8174932718185314,0.15264016853604734,11.0,0.4883720930232558,0.7331161539703209,HI-VAE_weibull_diffusion
0.029334075559470898,0.872093023255814,0.07007325910949165,0.7319876970396002,0.12998512419464597,6.0,0.43023255813953487,0.7375854069468579,HI-VAE_weibull_diffusion
0.029298641025087547,0.8699788583509513,0.11879176991701967,0.6480199923106498,0.31690854011144315,6.0,0.5116279069767442,0.7466057982968387,HI-VAE_weibull_diffusion
0.02881230902603846,0.8625792811839322,0.10771061825941468,0.7441753171856977,0.12246552091307175,7.0,0.5,0.743396516231271,HI-VAE_weibull_diffusion
0.027348510282329007,0.8784355179704018,0.13446795268795994,0.7195693963860055,0.15385983418518973,6.0,0.43023255813953487,0.7259338318561377,HI-VAE_weibull_diffusion
0.027270877236093994,0.8752642706131077,0.06415479720922738,0.7108804306036139,0.1594956599347584,9.0,0.5348837209302325,0.7285653458697294,HI-VAE_weibull_diffusion
0.030052307064341678,0.8657505285412262,0.146164773499587,0.748404459823145,0.32955346993619156,9.0,0.47674418604651164,0.7362045122230152,HI-VAE_weibull_diffusion
0.03132784178891343,0.8551797040169133,0.07148195879052834,0.7508266051518647,0.22760297706402433,6.0,0.5348837209302325,0.7702137964428437,HI-VAE_weibull_diffusion
0.032702134090142734,0.8498942917547567,0.13419568670378945,0.7070357554786619,0.1804426792371526,9.0,0.5232558139534884,0.7156309886670293,HI-VAE_weibull_diffusion
0.02987505701311296,0.8498942917547567,0.08768137363218684,0.7797001153402536,0.22746303468920442,9.0,0.4186046511627907,0.7112466815679641,HI-VAE_weibull_diffusion
0.031318018327584705,0.8594080338266384,0.10268249036529262,0.7590157631680123,0.14450081188532476,5.0,0.45348837209302323,0.7421123556637482,HI-VAE_weibull_diffusion
0.030934950106480345,0.8583509513742071,0.07199976728914823,0.7354479046520569,0.1737184037058551,6.0,0.45348837209302323,0.7533466864821954,HI-VAE_weibull_diffusion
0.032377535277382144,0.8456659619450316,0.20931107273621208,0.7662821991541715,0.19238428139304367,9.0,0.43023255813953487,0.7419420541969591,HI-VAE_weibull_diffusion
0.028960351301222074,0.8742071881606766,0.11337482021458793,0.7332179930795848,0.1275072875358436,6.0,0.5,0.7572576454752655,HI-VAE_weibull_diffusion
0.031183153758209726,0.854122621564482,0.2710118512382981,0.7620530565167243,0.21405422619172126,11.0,0.5,0.7426286737662661,HI-VAE_weibull_diffusion
0.029154354992475984,0.8678646934460889,0.09102703796413046,0.7171088043060362,0.1648245607060795,7.0,0.43023255813953487,0.7296181287090402,HI-VAE_weibull_diffusion
0.02809428177186546,0.86892177589852,0.1077897336712788,0.7498654363706267,0.21818798375683737,9.0,0.4418604651162791,0.7528919009383893,HI-VAE_weibull_diffusion
0.03255867062105875,0.8414376321353064,0.17748097800452237,0.7728181468665898,0.17573588174544633,9.0,0.47674418604651164,0.6933687275092877,HI-VAE_weibull_diffusion
0.030499886226492898,0.8699788583509513,0.14144748188219108,0.7637062668204537,0.18933960203332928,9.0,0.5581395348837209,0.7002063828728398,HI-VAE_weibull_diffusion
0.03228043727448615,0.8498942917547567,0.0852945784715784,0.7960784313725491,0.11897457891592653,6.0,0.5348837209302325,0.7334082985195737,HI-VAE_weibull_diffusion
0.029365555159304613,0.8636363636363636,0.11403383493206308,0.7016532103037293,0.131756003148547,6.0,0.5116279069767442,0.7537868180300004,HI-VAE_weibull_diffusion
0.03458275127361663,0.8403805496828752,0.14831524002798488,0.7848904267589389,0.11356314811272979,8.0,0.5116279069767442,0.7133710875813637,HI-VAE_weibull_diffusion
0.026206916270560366,0.8868921775898521,0.10509698512160758,0.6912725874663591,0.18757229286668362,8.0,0.46511627906976744,0.7183124726129142,HI-VAE_weibull_diffusion
0.03119513157267195,0.8562367864693445,0.0730096277553314,0.7662245290272972,0.1456294975540568,3.0,0.4186046511627907,0.7301762220036718,HI-VAE_weibull_diffusion
0.03157469620975916,0.8488372093023255,0.15697316670436096,0.7482122260668974,0.12407442195231168,10.0,0.5,0.7360045795916499,HI-VAE_weibull_diffusion
0.030029376556329493,0.8530655391120507,0.08897547025102648,0.7394079200307574,0.12032107056011807,6.0,0.3953488372093023,0.7145908350443414,HI-VAE_weibull_diffusion
0.029785600781322974,0.861522198731501,0.17804955926420657,0.7629757785467128,0.1766171275714151,10.0,0.4186046511627907,0.7144382084055884,HI-VAE_weibull_diffusion
0.031142063815208634,0.8636363636363636,0.05912473807344072,0.7198769703960016,0.08326705536912216,6.0,0.5116279069767442,0.7729249409828812,HI-VAE_weibull_diffusion
0.031086868699166267,0.8551797040169133,0.18456655569520133,0.7429834678969628,0.21097594297245098,9.0,0.4418604651162791,0.7172736899118973,HI-VAE_weibull_diffusion
0.03116919049705974,0.8551797040169133,0.16774173014975283,0.7480199923106496,0.14707726597416695,6.0,0.4883720930232558,0.7203340970478155,HI-VAE_weibull_diffusion
0.029190339696474717,0.8636363636363636,0.05473989927523808,0.6432910419069588,0.11543756134425762,4.0,0.4883720930232558,0.735230755406379,HI-VAE_weibull_diffusion
0.030272819083638134,0.8583509513742071,0.1293160358479597,0.7894271434063822,0.10229193681505877,6.0,0.45348837209302323,0.7797910725258196,HI-VAE_weibull_diffusion
0.026993076353764467,0.8763213530655392,0.03853130608599021,0.7374855824682814,0.13899391054223548,6.0,0.47674418604651164,0.7453804232516168,HI-VAE_weibull_diffusion
0.028047787766094477,0.8763213530655392,0.16420855093402464,0.749365628604383,0.09933250835626861,6.0,0.5,0.7426543592072458,HI-VAE_weibull_diffusion
0.026881438945540993,0.8731501057082451,0.09507986202671309,0.6958861976163015,0.18900156188732675,6.0,0.5,0.726649906939198,HI-VAE_weibull_diffusion
0.026070991070108726,0.8816067653276956,0.14627639666946246,0.6695501730103806,0.1932038951085511,11.0,0.47674418604651164,0.7400637762272863,HI-VAE_weibull_diffusion
0.026020316856904646,0.8816067653276956,0.0642353222133941,0.6857362552864282,0.12545978046684106,7.0,0.46511627906976744,0.7399498984433749,HI-VAE_weibull_diffusion
0.030615320695133674,0.8551797040169133,0.20288188547748984,0.7618608227604767,0.14360012281586945,8.0,0.5,0.7268380996945617,HI-VAE_weibull_diffusion
0.029561272787532063,0.8752642706131077,0.13528522055445505,0.7637831603229528,0.15899906274789313,6.0,0.5232558139534884,0.7514588777862022,HI-VAE_weibull_diffusion
0.029339756537456532,0.8604651162790696,0.06331426272648405,0.7302575932333718,0.15803823505324768,5.0,0.45348837209302323,0.7159463677846967,HI-VAE_weibull_diffusion
0.028432835248834377,0.8710359408033826,0.14403686195647547,0.7552864282968089,0.1364890116097695,9.0,0.5581395348837209,0.7346375502487571,HI-VAE_weibull_diffusion
0.028102933492884494,0.8773784355179703,0.11049033351031584,0.727835447904652,0.1479965634837537,9.0,0.5116279069767442,0.7373898327925197,HI-VAE_weibull_diffusion
0.030775785064829163,0.8562367864693445,0.17155987392944028,0.6913879277201077,0.1233544251519515,10.0,0.4069767441860465,0.7241843094956825,HI-VAE_weibull_diffusion
0.025950233887741606,0.8773784355179703,0.13971724303912866,0.6570934256055363,0.18962898199903114,10.0,0.5465116279069767,0.7347003729669555,HI-VAE_weibull_diffusion
0.027119823516681903,0.883720930232558,0.09267637810222208,0.7576316801230296,0.16788244752122905,7.0,0.4418604651162791,0.7695119636302113,HI-VAE_weibull_diffusion
0.026093981572330453,0.8710359408033826,0.03063782471759642,0.5782775855440214,0.12602489319058108,7.0,0.5348837209302325,0.7180269296206268,HI-VAE_weibull_diffusion
0.028147702848222433,0.8731501057082451,0.161895045441501,0.7777008842752788,0.23764918597998272,9.0,0.46511627906976744,0.7162327946697524,HI-VAE_weibull_diffusion
0.030093053269908968,0.8520084566596193,0.14152345068325753,0.7591695501730105,0.15153155933639112,10.0,0.4418604651162791,0.7425277968144256,HI-VAE_weibull_diffusion
0.026399396311071154,0.8816067653276956,0.08907514772350236,0.7232218377547097,0.18519761611303623,6.0,0.4883720930232558,0.7711693705462066,HI-VAE_weibull_diffusion
0.026623145590672883,0.8773784355179703,0.14975329292660927,0.696962706651288,0.1584212234327646,7.0,0.4186046511627907,0.7427108692895492,HI-VAE_weibull_diffusion
0.029974598692669222,0.8636363636363636,0.1098712995062092,0.7152249134948097,0.19163086489482545,5.0,0.4186046511627907,0.7223233556802869,HI-VAE_weibull_diffusion
0.030932343038688026,0.8572938689217758,0.16742842892482926,0.7355247981545558,0.2931987812029458,8.0,0.4883720930232558,0.7365241238711265,HI-VAE_weibull_diffusion
0.03126813469400009,0.8572938689217758,0.12770558688767927,0.7545943867743177,0.1168152824409742,8.0,0.5581395348837209,0.7337095720143039,HI-VAE_weibull_diffusion
0.03032966760221729,0.8551797040169135,0.09521158891437384,0.7759323337178008,0.12699442501776154,6.0,0.46511627906976744,0.745019453494967,HI-VAE_weibull_diffusion
0.026438490495545565,0.8763213530655392,0.09022852554172961,0.6631295655517108,0.12083536445916525,5.0,0.5232558139534884,0.7365967896389272,HI-VAE_weibull_diffusion
0.03136573627360952,0.8488372093023255,0.1110574384731288,0.7404075355632449,0.11622177691592077,8.0,0.47674418604651164,0.7175774543139084,HI-VAE_weibull_diffusion
0.026473925111463157,0.8710359408033826,0.0633975953530826,0.7166474432910419,0.10403730537970293,6.0,0.43023255813953487,0.7439734509459428,HI-VAE_weibull_diffusion
0.033138661795689,0.8456659619450317,0.14689943834976965,0.7896962706651287,0.12398564799188358,11.0,0.46511627906976744,0.7227895234723064,HI-VAE_weibull_diffusion
0.030588882160904492,0.8583509513742071,0.1413087320363167,0.701364859669358,0.18008761991870595,5.0,0.45348837209302323,0.7248745429927989,HI-VAE_weibull_diffusion
0.029231190878003823,0.8710359408033828,0.1226094549467121,0.7732026143790849,0.13839431647796935,10.0,0.5581395348837209,0.7447089042256163,HI-VAE_weibull_diffusion
0.030635560068858793,0.861522198731501,0.09635058477073952,0.7908496732026142,0.11135247343432679,9.0,0.47674418604651164,0.7208912887255545,HI-VAE_weibull_diffusion
0.028859214893247772,0.8604651162790696,0.14724584782368574,0.7338715878508266,0.1256939345817234,9.0,0.45348837209302323,0.7394581700961477,HI-VAE_weibull_diffusion
0.031034823154509335,0.8562367864693445,0.14330954013547106,0.7665897731641677,0.10030511009712983,8.0,0.5348837209302325,0.7097021582536669,HI-VAE_weibull_diffusion
0.030069000233107167,0.8583509513742071,0.10609228587248502,0.7920607458669743,0.14464968873412126,6.0,0.4883720930232558,0.743273086525002,HI-VAE_weibull_diffusion
0.02967122634695496,0.8699788583509513,0.15741065519729877,0.6695501730103806,0.11601321026215405,7.0,0.5348837209302325,0.7431182973876443,HI-VAE_weibull_diffusion
0.031995252091403394,0.8509513742071881,0.12105335124924375,0.7339484813533256,0.30184129357353373,11.0,0.5,0.7178089669461355,HI-VAE_weibull_diffusion
0.033718645785540895,0.8446088794926004,0.10801766020182546,0.7856978085351788,0.243465148072726,7.0,0.45348837209302323,0.7366852236536848,HI-VAE_weibull_diffusion
0.02988888355595439,0.8625792811839322,0.17649235635184335,0.6878123798539024,0.15365272350221898,6.0,0.5813953488372093,0.7286062113218524,HI-VAE_weibull_diffusion
0.029040696907292142,0.8668076109936574,0.08407449695927874,0.7571703191080352,0.18732668896431107,6.0,0.5,0.7532733005371277,HI-VAE_weibull_diffusion
0.028797433977344508,0.861522198731501,0.1255404087353402,0.7413687043444829,0.17813557450634587,10.0,0.46511627906976744,0.7541564107638357,HI-VAE_weibull_diffusion
0.03266244254266748,0.8604651162790696,0.16888716720139768,0.8271818531334102,0.16438449569953958,9.0,0.5116279069767442,0.7550496168701125,HI-VAE_weibull_diffusion
0.029438995694250934,0.8678646934460889,0.21865146644372366,0.7528258362168396,0.1310329109831187,10.0,0.47674418604651164,0.7413498198538924,HI-VAE_weibull_diffusion
0.030467173403362115,0.8530655391120507,0.04839566759863627,0.7466359092656669,0.14663285102660925,5.0,0.4418604651162791,0.7361155944849779,HI-VAE_weibull_diffusion
0.03052810677675473,0.8636363636363636,0.06803715584027369,0.7048442906574395,0.14932507246337065,4.0,0.47674418604651164,0.7183529475653317,HI-VAE_weibull_diffusion
0.030960818202667027,0.8520084566596193,0.08939107120707909,0.816724336793541,0.13944427894644235,8.0,0.47674418604651164,0.74850305266655,HI-VAE_weibull_diffusion
0.02859178241998567,0.8657505285412262,0.10087386254145274,0.7421376393694732,0.10237674657134992,7.0,0.5232558139534884,0.7552703024732104,HI-VAE_weibull_diffusion
0.02874380100966657,0.8646934460887948,0.10673966693529867,0.7589004229142637,0.13152730913599295,9.0,0.5348837209302325,0.7525348314951263,HI-VAE_weibull_diffusion
0.028575557201308367,0.8636363636363636,0.1005506502181723,0.7062475970780469,0.27978899954629805,9.0,0.5348837209302325,0.7496929715970213,HI-VAE_weibull_diffusion
0.027686320816594535,0.8710359408033826,0.12746027104872487,0.7461745482506729,0.1382761677854894,6.0,0.3953488372093023,0.7186132287426754,HI-VAE_weibull_diffusion
0.03332384698491233,0.8456659619450316,0.08702656264243942,0.8028066128412149,0.14111390465502566,5.0,0.43023255813953487,0.716467097556792,HI-VAE_weibull_diffusion
0.02670755122064956,0.8752642706131077,0.12601482794825833,0.6901960784313725,0.19565427465869326,7.0,0.47674418604651164,0.7443161502149908,HI-VAE_weibull_diffusion
0.031426945302088526,0.8604651162790696,0.14030457435405,0.7043060361399462,0.2689927974269005,6.0,0.4069767441860465,0.7233482060179537,HI-VAE_weibull_diffusion
0.02727179891156337,0.8699788583509513,0.1321790163186495,0.6913494809688582,0.21407658600968027,8.0,0.45348837209302323,0.7355577287349175,HI-VAE_weibull_diffusion
0.029325009153494595,0.8562367864693445,0.1499615505602519,0.7372549019607844,0.2279446336100495,8.0,0.5,0.7237674637304773,HI-VAE_weibull_diffusion
0.02851992594784046,0.8668076109936576,0.16273644007205185,0.7479046520569013,0.15018859596500594,6.0,0.4069767441860465,0.7229153301771399,HI-VAE_weibull_diffusion
0.03098739032411231,0.8604651162790696,0.09868156961315866,0.7383890811226452,0.14129051814509674,5.0,0.5697674418604651,0.7191486823537673,HI-VAE_weibull_diffusion
0.031006456917484868,0.8530655391120507,0.1299326919770802,0.7489042675893888,0.12380912613622903,7.0,0.4883720930232558,0.7449017618615198,HI-VAE_weibull_diffusion
0.03048688975506094,0.8657505285412262,0.10956813469685209,0.7133410226835832,0.10440474887073992,7.0,0.4883720930232558,0.7298871560963929,HI-VAE_weibull_diffusion
0.02574581759606714,0.883720930232558,0.08701791419204606,0.7509803921568626,0.13175081040105824,9.0,0.46511627906976744,0.7555772894711404,HI-VAE_weibull_diffusion
0.02790228018053262,0.8636363636363636,0.046626423391019085,0.7519800076893501,0.12238435908522281,4.0,0.46511627906976744,0.734117957296602,HI-VAE_weibull_diffusion
0.030005096578986205,0.8604651162790699,0.11834517817013311,0.7617839292579777,0.1547144819290063,9.0,0.5813953488372093,0.7218709065382677,HI-VAE_weibull_diffusion
0.028018750942300885,0.8668076109936574,0.1338777263683959,0.6653979238754324,0.13443860544721284,10.0,0.4883720930232558,0.7066680202808399,HI-VAE_weibull_diffusion
0.03215919797403379,0.8498942917547567,0.19144413151990927,0.7207612456747405,0.1305219611777818,11.0,0.4186046511627907,0.7143360715882614,HI-VAE_weibull_diffusion
0.029258544799053546,0.8668076109936574,0.10721936812208407,0.7611687812379854,0.12568967151982297,8.0,0.45348837209302323,0.7365822382220255,HI-VAE_weibull_diffusion
0.02719596297590772,0.8710359408033826,0.15650083372689022,0.7816224529027297,0.1825209545169446,11.0,0.5,0.7527382564383406,HI-VAE_weibull_diffusion
0.029022323090533177,0.861522198731501,0.09792479319651144,0.7255286428296809,0.2841285951169612,7.0,0.4883720930232558,0.7323361495394094,HI-VAE_weibull_diffusion
0.030409638398211238,0.8699788583509513,0.1225915204676853,0.7140715109573241,0.1334140003860524,9.0,0.45348837209302323,0.76726570086027,HI-VAE_weibull_diffusion
0.034303374884199093,0.8424947145877378,0.051736448200184394,0.7509419454056133,0.17985761948856405,5.0,0.5116279069767442,0.7357427971885834,HI-VAE_weibull_diffusion
0.027719552556826267,0.8742071881606766,0.09045189174721494,0.6180699730872741,0.18346799388353183,7.0,0.5232558139534884,0.7382987184347088,HI-VAE_weibull_diffusion
0.03011841714622159,0.8604651162790696,0.16854944446673295,0.7786236063052673,0.234964016533986,10.0,0.4186046511627907,0.7478611332780826,HI-VAE_weibull_diffusion
0.028950418315850827,0.8646934460887948,0.10615191495571756,0.7199538638985006,0.1685289866403991,7.0,0.4418604651162791,0.7435295360276255,HI-VAE_weibull_diffusion
0.026983164306926953,0.8731501057082451,0.17880176099015552,0.703844675124952,0.2184610056126635,11.0,0.5,0.7244669703963397,HI-VAE_weibull_diffusion
0.03168498237508552,0.8509513742071881,0.10546146612324266,0.7592079969242599,0.11734943211103897,8.0,0.5697674418604651,0.7290019293334723,HI-VAE_weibull_diffusion
0.03250050961604222,0.8551797040169133,0.10958760267525491,0.7296424452133795,0.16207979793394847,8.0,0.5465116279069767,0.7409401332672253,HI-VAE_weibull_diffusion
0.03536426863118891,0.8372093023255814,0.13511774179205813,0.7043444828911957,0.16599613348133208,5.0,0.5116279069767442,0.7364332221228496,HI-VAE_weibull_diffusion
0.030266921069327234,0.8551797040169133,0.14352367635765992,0.7015763168012303,0.1704370282907938,10.0,0.5116279069767442,0.7261921056751941,HI-VAE_weibull_diffusion
0.031896489466005755,0.8541226215644819,0.09606158826355128,0.7556708958093041,0.11319016271477446,6.0,0.4418604651162791,0.7547859391725247,HI-VAE_weibull_diffusion
0.029408038528686623,0.861522198731501,0.12327890816849,0.7118800461361016,0.2601788462037147,10.0,0.6046511627906976,0.7349631485846226,HI-VAE_weibull_diffusion
0.027021364023766082,0.872093023255814,0.12059294344489105,0.673202614379085,0.3102151886050733,10.0,0.47674418604651164,0.7332415746858686,HI-VAE_weibull_diffusion
0.029551479831961314,0.8636363636363636,0.15921067888470664,0.6940407535563246,0.21166786399666054,11.0,0.47674418604651164,0.7214339497584279,HI-VAE_weibull_diffusion
0.032199635293319935,0.8551797040169133,0.22630867726409823,0.7397923875432525,0.15393545534170708,8.0,0.4069767441860465,0.7486762143167377,HI-VAE_weibull_diffusion
0.029757139194480368,0.8604651162790696,0.10936470495755907,0.7470203767781622,0.15091956695788195,10.0,0.45348837209302323,0.757832389565256,HI-VAE_weibull_diffusion
0.028971051882597534,0.8710359408033826,0.17736389647628995,0.7697424067666281,0.1450715905354244,9.0,0.46511627906976744,0.7225700090077096,HI-VAE_weibull_diffusion
0.029084667722962573,0.8699788583509513,0.16369292015859643,0.7352556708958093,0.13568703295834708,7.0,0.5930232558139535,0.7459306162420632,HI-VAE_weibull_diffusion
0.027726859995883327,0.8710359408033828,0.11400592206911819,0.7890426758938869,0.24990621014853465,6.0,0.43023255813953487,0.7392362927901199,HI-VAE_weibull_diffusion
0.034788616252100536,0.8329809725158562,0.16210358785426826,0.8146482122260668,0.1953743092974282,10.0,0.46511627906976744,0.7169652036806585,HI-VAE_weibull_diffusion
0.028340703992165314,0.8763213530655392,0.10775345399788729,0.7261437908496732,0.1829805564886674,6.0,0.45348837209302323,0.7568225063990754,HI-VAE_weibull_diffusion
0.02987907694803896,0.8731501057082451,0.08511797133762043,0.7767012687427913,0.1447599244443751,6.0,0.5697674418604651,0.7276747659103585,HI-VAE_weibull_diffusion
0.028684402800849038,0.8668076109936574,0.10285393614905435,0.7233371780084583,0.11703076038826409,7.0,0.46511627906976744,0.7346260061447081,HI-VAE_weibull_diffusion
0.029167965763175294,0.8678646934460889,0.08847865675716934,0.7480968858131488,0.199504349817588,7.0,0.5581395348837209,0.7322223099402692,HI-VAE_weibull_diffusion
0.02724424551945898,0.8710359408033826,0.04258693114783882,0.7530565167243368,0.09990798343951551,6.0,0.4186046511627907,0.7228887854927137,HI-VAE_weibull_diffusion
0.02930501973151036,0.8572938689217758,0.15408576981444028,0.740484429065744,0.3182179154478515,6.0,0.4186046511627907,0.7477145694803281,HI-VAE_weibull_diffusion
0.028548132275304595,0.8763213530655392,0.10338832572684191,0.7872356785851596,0.13336285457330882,8.0,0.4418604651162791,0.7326797710936319,HI-VAE_weibull_diffusion
0.02793608447433423,0.875264270613108,0.09341549149900451,0.7606689734717416,0.1491235022213117,7.0,0.4883720930232558,0.7311849069064517,HI-VAE_weibull_diffusion
0.028549591611778512,0.8784355179704018,0.11315438100457946,0.77120338331411,0.09773401922587836,10.0,0.47674418604651164,0.758983506998769,HI-VAE_weibull_diffusion
0.031530794742640075,0.8467230443974629,0.19490410455207394,0.7739331026528258,0.16061896208995396,11.0,0.5,0.7491568046416311,HI-VAE_weibull_diffusion
0.03272324783914087,0.8562367864693445,0.14934028571493876,0.7531718569780853,0.18064676821474848,9.0,0.4186046511627907,0.7306392384878883,HI-VAE_weibull_diffusion
0.028582739966126845,0.8668076109936574,0.14981603873556368,0.7716262975778546,0.1325772584062672,9.0,0.4883720930232558,0.7533482513918066,HI-VAE_weibull_diffusion
0.03246649146222209,0.8583509513742071,0.12813664383625703,0.7462898885044214,0.19607920984579788,7.0,0.5116279069767442,0.7500501906993084,HI-VAE_weibull_diffusion
0.027935627985576698,0.8742071881606766,0.07742058092327371,0.7534794309880815,0.14834192183589698,8.0,0.5,0.731874013720505,HI-VAE_weibull_diffusion
0.03010590864925389,0.8636363636363636,0.08718371943917595,0.670088427527874,0.16221679088316796,7.0,0.5,0.7310231847326448,HI-VAE_weibull_diffusion
0.026693562808434743,0.8710359408033826,0.10799157893943089,0.6763936947327952,0.26090514518305363,7.0,0.5,0.7425905727848136,HI-VAE_weibull_diffusion
0.0308861214960784,0.8530655391120507,0.13028218392984509,0.7789311803152634,0.08895695545114918,7.0,0.46511627906976744,0.7272279599615696,HI-VAE_weibull_diffusion
0.026654092157396093,0.8742071881606766,0.1433000867086484,0.7335640138408304,0.2776445442461178,9.0,0.5,0.7158274215680717,HI-VAE_weibull_diffusion
0.025902846070050136,0.8868921775898521,0.11080240864313833,0.7437139561707037,0.2632426942568826,8.0,0.46511627906976744,0.7477439996288796,HI-VAE_weibull_diffusion
0.029243708047415284,0.8742071881606766,0.09541469662393816,0.7702037677816225,0.2121543260975304,7.0,0.5116279069767442,0.7335566162021894,HI-VAE_weibull_diffusion
0.029042160242468307,0.8678646934460889,0.17060316340579126,0.7407535563244906,0.16652726721660346,13.0,0.4883720930232558,0.7443249697746991,HI-VAE_weibull_diffusion
0.030697489775934905,0.8604651162790699,0.13531640733670233,0.7091118800461361,0.1460117599504002,5.0,0.4418604651162791,0.7530621324251032,HI-VAE_weibull_diffusion
0.02830633846287683,0.8763213530655392,0.07189170640380425,0.7186082276047673,0.10152823337099905,8.0,0.46511627906976744,0.7272027226695175,HI-VAE_weibull_diffusion
0.031068855048889822,0.8594080338266384,0.18060192653157478,0.7275663206459054,0.21539940796635743,8.0,0.47674418604651164,0.7549045208501881,HI-VAE_weibull_diffusion
0.024779592545165985,0.8805496828752643,0.06023221362933511,0.7169934640522877,0.09493122795372803,3.0,0.4186046511627907,0.7069231646161204,HI-VAE_weibull_diffusion
0.029157543953480712,0.861522198731501,0.13554788022028894,0.7076124567474048,0.2619223174276458,9.0,0.4069767441860465,0.7365588168159248,HI-VAE_weibull_diffusion
0.03377496105448792,0.8467230443974629,0.1686139796843772,0.77839292579777,0.1857121839724623,5.0,0.4883720930232558,0.7370557054713914,HI-VAE_weibull_diffusion
0.029340970848654866,0.8625792811839322,0.16722488572279195,0.7232602845059593,0.1416618942404625,11.0,0.4883720930232558,0.7164930945305455,HI-VAE_weibull_diffusion
0.02965587928463587,0.8678646934460889,0.1324603015321308,0.7349480968858131,0.15731662424779233,8.0,0.5465116279069767,0.7432594367960189,HI-VAE_weibull_diffusion
0.02748653052264749,0.8657505285412262,0.15564120997580091,0.7351018838908112,0.2329106825042935,11.0,0.46511627906976744,0.7418678731087506,HI-VAE_weibull_diffusion
0.032249032655874484,0.8509513742071881,0.1554085326780559,0.7758169934640523,0.1943384198060995,9.0,0.5,0.68953898253541,HI-VAE_weibull_diffusion
0.028892826825839768,0.8646934460887948,0.16577805955795546,0.5963475586312957,0.1990614036560988,10.0,0.5465116279069767,0.7296933237758297,HI-VAE_weibull_diffusion
0.028820849364601518,0.8699788583509513,0.06812060477766006,0.7191080353710111,0.18624418713142185,8.0,0.5,0.7649294843014719,HI-VAE_weibull_diffusion
0.03133726059776462,0.8456659619450316,0.19122894969982582,0.7325259515570934,0.22735283676217466,6.0,0.47674418604651164,0.7240570638693808,HI-VAE_weibull_diffusion
0.03114926681077861,0.8551797040169133,0.20292790934615712,0.7567474048442907,0.1837124934077741,12.0,0.4883720930232558,0.7284380250361295,HI-VAE_weibull_diffusion
0.031069598873866514,0.854122621564482,0.09428415085071983,0.7600922722029988,0.19416999238569133,5.0,0.46511627906976744,0.7324544118351344,HI-VAE_weibull_diffusion
0.03339260228991198,0.8541226215644819,0.16718209871146136,0.7439061899269511,0.22538476399141982,9.0,0.5348837209302325,0.7239146181027701,HI-VAE_weibull_diffusion
0.031096419284004074,0.8583509513742071,0.20049326619671734,0.8052672049211843,0.24212151187722977,8.0,0.46511627906976744,0.7463430491857311,HI-VAE_weibull_diffusion
0.025023789076711114,0.8826638477801269,0.052330801572797646,0.737908496732026,0.18034272988175487,6.0,0.4418604651162791,0.7367055713284318,HI-VAE_weibull_diffusion
0.03127501345033977,0.8551797040169133,0.1468677263928897,0.7464244521337948,0.2813436039449911,9.0,0.4883720930232558,0.7252578978543843,HI-VAE_weibull_diffusion
0.027739136473028683,0.8699788583509513,0.15125081270492796,0.7109188773548636,0.2705256485440488,8.0,0.38372093023255816,0.7462573462437035,HI-VAE_weibull_diffusion
0.038968998386129834,0.8150105708245242,0.1405573553429387,0.8622452902729719,0.12461179004295074,3.0,0.43023255813953487,0.7307664791422881,HI-VAE_piecewise_diffusion
0.04116138180453743,0.8118393234672303,0.2135715411138367,0.8745866974240677,0.09561654294515426,4.0,0.4883720930232558,0.7540136471375039,HI-VAE_piecewise_diffusion
0.037159671103204596,0.8350951374207188,0.2320045471708208,0.77520184544406,0.13548507592269807,8.0,0.47674418604651164,0.7701475320007513,HI-VAE_piecewise_diffusion
0.03748040424600368,0.8224101479915433,0.14250809931512093,0.8379853902345251,0.12996614360149575,2.0,0.3953488372093023,0.7458337384291829,HI-VAE_piecewise_diffusion
0.03555012618935979,0.83615221987315,0.21773102524482704,0.8377162629757786,0.2604166709524186,12.0,0.4883720930232558,0.7733169655590476,HI-VAE_piecewise_diffusion
0.03860923253680871,0.8276955602536997,0.27952326602600563,0.8292195309496349,0.2063681721774503,12.0,0.4069767441860465,0.7451574851080566,HI-VAE_piecewise_diffusion
0.03777629123625458,0.8276955602536997,0.1627905010520653,0.7486928104575161,0.22736429323402654,5.0,0.5232558139534884,0.7204815173951734,HI-VAE_piecewise_diffusion
0.036051753261547,0.8414376321353066,0.19650147637450735,0.8145905420991927,0.1275274647379447,7.0,0.47674418604651164,0.7759941056581006,HI-VAE_piecewise_diffusion
0.04328947327073417,0.8002114164904861,0.25286663821808,0.8900807381776239,0.10965824948417847,10.0,0.5232558139534884,0.7159938405909786,HI-VAE_piecewise_diffusion
0.03982222997088614,0.8181818181818183,0.17325073057526572,0.8225297962322184,0.1736218264174841,8.0,0.5348837209302325,0.7604823487994624,HI-VAE_piecewise_diffusion
0.03719866825484867,0.8192389006342495,0.1917276151111869,0.8182622068435217,0.33698667313595876,11.0,0.37209302325581395,0.7335731591986119,HI-VAE_piecewise_diffusion
0.038659022871246035,0.8255813953488371,0.20359147463450586,0.7757400999615532,0.20617319602071557,9.0,0.38372093023255816,0.7488519926324847,HI-VAE_piecewise_diffusion
0.03834292983463275,0.8255813953488371,0.16898977724778924,0.7961168781237985,0.23295515055310045,6.0,0.4418604651162791,0.7604831724897936,HI-VAE_piecewise_diffusion
0.040113770377534545,0.8171247357293868,0.22207816600608501,0.8666666666666666,0.12361825663027258,11.0,0.5348837209302325,0.7773402029779208,HI-VAE_piecewise_diffusion
0.0401153702146661,0.8160676532769554,0.23070482025389982,0.8012302960399846,0.1588067842900472,7.0,0.5232558139534884,0.744247391800543,HI-VAE_piecewise_diffusion
0.04147230946445109,0.8012684989429175,0.19788159530822677,0.828642829680892,0.14249727053391892,2.0,0.4069767441860465,0.7339706482073843,HI-VAE_piecewise_diffusion
0.03726603938618371,0.8224101479915433,0.1282083177135028,0.8209534794309882,0.15921097604548232,5.0,0.47674418604651164,0.7428905581893349,HI-VAE_piecewise_diffusion
0.038906507989318384,0.8255813953488371,0.25814460180353366,0.7988850442137639,0.2294394066858016,9.0,0.43023255813953487,0.7453948758365786,HI-VAE_piecewise_diffusion
0.036353915616551644,0.8224101479915433,0.23803520100623318,0.7373317954632833,0.12568341936188063,9.0,0.5232558139534884,0.7481892081198344,HI-VAE_piecewise_diffusion
0.040830153419797684,0.8118393234672304,0.230164715771781,0.8534794309880815,0.23880588584233683,7.0,0.5,0.7516612594799954,HI-VAE_piecewise_diffusion
0.03310922848046695,0.8488372093023255,0.11501410961513323,0.7861014994232988,0.21316713628821857,5.0,0.47674418604651164,0.7296970276499312,HI-VAE_piecewise_diffusion
0.04281071083546527,0.8128964059196616,0.24753849070285922,0.8276047673971549,0.20212390587003576,11.0,0.4883720930232558,0.7597589741120159,HI-VAE_piecewise_diffusion
0.03985724119618607,0.8150105708245242,0.2739281579131493,0.820069204152249,0.11554565130054816,13.0,0.4883720930232558,0.7476874253397756,HI-VAE_piecewise_diffusion
0.03811709148541589,0.8171247357293868,0.1306693419817834,0.8483660130718954,0.1245996575536659,5.0,0.5116279069767442,0.7527492066185969,HI-VAE_piecewise_diffusion
0.03935271358807926,0.8171247357293868,0.1730010247854624,0.7981930026912725,0.09926118854690187,3.0,0.5,0.742222742856563,HI-VAE_piecewise_diffusion
0.038061238514217915,0.8276955602536998,0.169556213837078,0.8652441368704344,0.10358112892652585,5.0,0.5813953488372093,0.7577802396748261,HI-VAE_piecewise_diffusion
0.03686357836257573,0.8372093023255814,0.1578892344236186,0.8165705497885428,0.15640107118762883,5.0,0.5465116279069767,0.7474636195173633,HI-VAE_piecewise_diffusion
0.03778040384028889,0.8202959830866807,0.15348101996076452,0.7687043444828912,0.09068913336526575,4.0,0.5116279069767442,0.7490295221070915,HI-VAE_piecewise_diffusion
0.03748270467153096,0.8319238900634249,0.14550993892437936,0.805036524413687,0.11817855542137112,8.0,0.5,0.7360309918681569,HI-VAE_piecewise_diffusion
0.039328069698817684,0.8181818181818182,0.2531038475186982,0.8360246059207996,0.2730815455385491,10.0,0.5116279069767442,0.7455880951983284,HI-VAE_piecewise_diffusion
0.038496221312666085,0.8255813953488373,0.1641670954710958,0.7894655901576316,0.27933860752616085,7.0,0.5,0.7612419428924234,HI-VAE_piecewise_diffusion
0.03640043014494105,0.831923890063425,0.1513501802314443,0.8111111111111111,0.12036052547459197,6.0,0.46511627906976744,0.7521430462906713,HI-VAE_piecewise_diffusion
0.03941908949717616,0.8287526427061311,0.1753349225707641,0.8954632833525566,0.0882668986386681,7.0,0.4186046511627907,0.7526419606950893,HI-VAE_piecewise_diffusion
0.04120843387933345,0.8107822410147992,0.19429385817604833,0.8720107650903499,0.2804003883883814,7.0,0.4883720930232558,0.7477894219498361,HI-VAE_piecewise_diffusion
0.040893918845401306,0.8076109936575052,0.25516083150968744,0.8246443675509418,0.25854988951610103,10.0,0.5,0.7351537115857879,HI-VAE_piecewise_diffusion
0.04054853661163835,0.8150105708245242,0.24741581915294034,0.8280661284121491,0.26741195817717067,9.0,0.5116279069767442,0.7404610410932069,HI-VAE_piecewise_diffusion
0.03756577256110693,0.8276955602536998,0.21460042908570587,0.818800461361015,0.2405342937270894,8.0,0.5697674418604651,0.7425710651412337,HI-VAE_piecewise_diffusion
0.038397087654947225,0.8202959830866807,0.20632461337634472,0.809188773548635,0.09170383699891502,5.0,0.4418604651162791,0.7265512560736528,HI-VAE_piecewise_diffusion
0.03846095292482344,0.8255813953488373,0.184368434976037,0.8442137639369474,0.20587111225298757,9.0,0.5116279069767442,0.7565644742414485,HI-VAE_piecewise_diffusion
0.041366912986765196,0.8086680761099365,0.23146766100347171,0.8520184544405998,0.147632471773503,5.0,0.4069767441860465,0.7432876364771825,HI-VAE_piecewise_diffusion
0.03993759270125348,0.8287526427061311,0.23898297247830913,0.8693963860053826,0.1364727233329076,8.0,0.47674418604651164,0.7665906442311511,HI-VAE_piecewise_diffusion
0.040753660370757075,0.8224101479915433,0.24798836572977703,0.8119184928873511,0.17442425990788876,10.0,0.4883720930232558,0.755164028511964,HI-VAE_piecewise_diffusion
0.03770306249073392,0.8308668076109936,0.19822580749621813,0.7943098808150711,0.13551128968978307,6.0,0.43023255813953487,0.7534380789840827,HI-VAE_piecewise_diffusion
0.03695821988662958,0.8276955602536997,0.1647303837783334,0.8369473279507883,0.095003851444746,4.0,0.5,0.7368103336166074,HI-VAE_piecewise_diffusion
0.037918969826186234,0.8245243128964059,0.15803616039266352,0.8152633602460592,0.23362874614616258,8.0,0.47674418604651164,0.7389379092467601,HI-VAE_piecewise_diffusion
0.035124257350605204,0.8255813953488373,0.19830402730258015,0.7710880430603614,0.14690228137288247,10.0,0.5116279069767442,0.7181381574454732,HI-VAE_piecewise_diffusion
0.03789288010566384,0.83615221987315,0.2096746176639154,0.7995386389850058,0.21874049866621997,11.0,0.46511627906976744,0.7700351628783189,HI-VAE_piecewise_diffusion
0.03787404805224771,0.8245243128964059,0.19682109217454596,0.8281814686658976,0.15118614628130206,8.0,0.43023255813953487,0.7567962584515057,HI-VAE_piecewise_diffusion
0.03787989494244028,0.8224101479915433,0.22346710979844983,0.8144944252210689,0.10224257923231629,10.0,0.4883720930232558,0.7675492759939634,HI-VAE_piecewise_diffusion
0.041283371768406414,0.8044397463002113,0.26500045700139757,0.8246059207996925,0.20074344968786678,10.0,0.47674418604651164,0.7447056736583046,HI-VAE_piecewise_diffusion
0.043113871461795544,0.8054968287526427,0.23760506497953596,0.8845828527489428,0.18077986994286965,9.0,0.5813953488372093,0.7332907573977513,HI-VAE_piecewise_diffusion
0.04146041303124771,0.8023255813953489,0.20543597280030296,0.8712418300653596,0.25164743464155637,8.0,0.43023255813953487,0.7441379832137849,HI-VAE_piecewise_diffusion
0.0385422162264795,0.8150105708245242,0.2097748151148035,0.8224144559784697,0.18437295679062207,11.0,0.5232558139534884,0.7399153776794225,HI-VAE_piecewise_diffusion
0.03869024141699904,0.821353065539112,0.16561436842397392,0.8079200307574009,0.09208060408620619,3.0,0.5,0.7471248103487144,HI-VAE_piecewise_diffusion
0.03676752840220289,0.8329809725158562,0.1777206459390607,0.8310073048827376,0.22142343626193084,6.0,0.47674418604651164,0.7360983489468765,HI-VAE_piecewise_diffusion
0.03807983521908858,0.8192389006342494,0.2219605821596127,0.8681276432141484,0.34956371609826636,11.0,0.5116279069767442,0.7376336513383815,HI-VAE_piecewise_diffusion
0.03951449455944289,0.8287526427061311,0.19143947294744926,0.8797001153402537,0.11843898272936199,8.0,0.46511627906976744,0.7505897638125055,HI-VAE_piecewise_diffusion
0.040307141086778166,0.8160676532769556,0.16388131219844645,0.8843521722414455,0.08625062116604924,2.0,0.47674418604651164,0.7360306655826244,HI-VAE_piecewise_diffusion
0.03859706967875123,0.8160676532769556,0.2128452740182144,0.8189158016147635,0.23401400376049813,9.0,0.47674418604651164,0.7329331178836778,HI-VAE_piecewise_diffusion
0.037409535026819686,0.8245243128964059,0.22206206865075293,0.8378700499807767,0.1408222618955387,6.0,0.4186046511627907,0.771558759476892,HI-VAE_piecewise_diffusion
0.03714186586332788,0.8245243128964059,0.27503556779738536,0.7362937331795464,0.2269057495556284,12.0,0.47674418604651164,0.7574713662608968,HI-VAE_piecewise_diffusion
0.03540421412259425,0.839323467230444,0.17833692643809537,0.8156478277585544,0.11031404033093839,5.0,0.4186046511627907,0.7689553480002453,HI-VAE_piecewise_diffusion
0.03789972453950981,0.8276955602536998,0.17814476921955777,0.8104959630911189,0.10140934155515575,5.0,0.4883720930232558,0.7621691464837235,HI-VAE_piecewise_diffusion
0.04063668848467262,0.8171247357293869,0.24303661906841706,0.8400230680507498,0.2332918440767558,10.0,0.5232558139534884,0.7421392913796384,HI-VAE_piecewise_diffusion
0.04038107034836646,0.8160676532769556,0.14067363267673075,0.8791618608227605,0.08791977429628689,4.0,0.38372093023255816,0.7396333386579135,HI-VAE_piecewise_diffusion
0.03903823614658355,0.8202959830866807,0.15249015099388635,0.8154555940023067,0.16493955980089234,4.0,0.47674418604651164,0.7569999192512359,HI-VAE_piecewise_diffusion
0.04059619339217546,0.8012684989429175,0.2214798276742477,0.8447135717031911,0.2761212493227113,10.0,0.47674418604651164,0.7386120785946066,HI-VAE_piecewise_diffusion
0.04424397825585413,0.7959830866807611,0.2463790187525171,0.8718185313341023,0.11971683041256338,11.0,0.3953488372093023,0.7433559615465225,HI-VAE_piecewise_diffusion
0.03900900011070268,0.8171247357293868,0.18021260191722827,0.8090926566705112,0.20200656188921817,8.0,0.5697674418604651,0.7433564488848584,HI-VAE_piecewise_diffusion
0.038819106266569835,0.8329809725158562,0.12793994933325853,0.8139561707035755,0.09363000036493409,2.0,0.4883720930232558,0.7661555681421889,HI-VAE_piecewise_diffusion
0.04195029386094596,0.8097251585623678,0.22560055279205862,0.8831603229527104,0.27277231831458343,9.0,0.47674418604651164,0.7464057025233132,HI-VAE_piecewise_diffusion
0.0402421676105045,0.8086680761099365,0.22764256961056548,0.8706266820453671,0.22650406610621848,9.0,0.45348837209302323,0.779509467087745,HI-VAE_piecewise_diffusion
0.03805013172183675,0.8245243128964058,0.19836102496978752,0.8697808535178776,0.14954158062441725,6.0,0.47674418604651164,0.7473715992313202,HI-VAE_piecewise_diffusion
0.039993586891690476,0.8086680761099365,0.25296657592402844,0.8762014609765474,0.16747521240360017,7.0,0.5232558139534884,0.7352387342027907,HI-VAE_piecewise_diffusion
0.04058370712104819,0.813953488372093,0.16000745629937194,0.9039984621299499,0.104105037565375,9.0,0.5581395348837209,0.7749500288573098,HI-VAE_piecewise_diffusion
0.03910313608014117,0.8171247357293868,0.1464023882482967,0.7589004229142636,0.09664060540240108,4.0,0.4418604651162791,0.7245303576713533,HI-VAE_piecewise_diffusion
0.04193420797604664,0.8118393234672304,0.1422864112525072,0.864167627835448,0.09405659349250937,4.0,0.5116279069767442,0.7351642428334801,HI-VAE_piecewise_diffusion
0.03934369552502887,0.8192389006342495,0.22635261932913708,0.8291041906958864,0.1480373832500985,8.0,0.5348837209302325,0.7712763790823476,HI-VAE_piecewise_diffusion
0.03524755663005264,0.83615221987315,0.1698717240325944,0.8193387158785083,0.09585319203153303,7.0,0.47674418604651164,0.7522706141268373,HI-VAE_piecewise_diffusion
0.03879556135440821,0.8202959830866807,0.20151492272149554,0.8341407151095732,0.21148862092718962,12.0,0.47674418604651164,0.7463169608460348,HI-VAE_piecewise_diffusion
0.037761106129052674,0.8192389006342495,0.20559187806919052,0.8206459054209919,0.15085067557739187,10.0,0.3953488372093023,0.7426206720755149,HI-VAE_piecewise_diffusion
0.038580903294194634,0.821353065539112,0.18864759949229196,0.8264898116109188,0.15699934982949437,8.0,0.43023255813953487,0.745120245181015,HI-VAE_piecewise_diffusion
0.03804768827337837,0.8181818181818183,0.20631342325939386,0.8309111880046135,0.20699827218218753,10.0,0.5116279069767442,0.7432204110620818,HI-VAE_piecewise_diffusion
0.03784102204700472,0.8234672304439747,0.20606188533382125,0.7862745098039217,0.12005308413058638,8.0,0.45348837209302323,0.7693165825300589,HI-VAE_piecewise_diffusion
0.039417707941620646,0.8150105708245242,0.20850891752764963,0.7698577470203768,0.15226382769620542,12.0,0.4883720930232558,0.7448404290018863,HI-VAE_piecewise_diffusion
0.04059056819223597,0.8128964059196618,0.24127109712407002,0.8467320261437908,0.2779031269473175,7.0,0.46511627906976744,0.7272507418962791,HI-VAE_piecewise_diffusion
0.03761163814303501,0.8181818181818182,0.21553123766066912,0.8261822376009228,0.2852853643676529,10.0,0.5,0.7375931246035696,HI-VAE_piecewise_diffusion
0.04149388231568529,0.8224101479915433,0.1921537145142827,0.8827758554402152,0.1274338927927217,6.0,0.5,0.7398189208206408,HI-VAE_piecewise_diffusion
0.04331221201458665,0.7938689217758985,0.24701256725950693,0.8648981161091888,0.14750302499358378,9.0,0.3953488372093023,0.752210900672313,HI-VAE_piecewise_diffusion
0.03965426336696346,0.8245243128964059,0.17728785954589205,0.8246443675509421,0.09095764172964153,7.0,0.47674418604651164,0.7458124494332782,HI-VAE_piecewise_diffusion
0.039683327329595,0.8181818181818182,0.1907046565064911,0.8307574009996156,0.19174316040739056,8.0,0.45348837209302323,0.7443595217826805,HI-VAE_piecewise_diffusion
0.04267853806604524,0.7991543340380549,0.19665219339615422,0.8924259900038447,0.23091429830685348,8.0,0.5232558139534884,0.734925179159232,HI-VAE_piecewise_diffusion
0.04177487493971676,0.8023255813953487,0.241416765117117,0.780161476355248,0.2054254129857555,10.0,0.5116279069767442,0.7313352697099684,HI-VAE_piecewise_diffusion
0.0395330680297375,0.8181818181818182,0.24780103814616855,0.8492887351018839,0.30876443733199993,12.0,0.45348837209302323,0.7514947566973774,HI-VAE_piecewise_diffusion
0.037392138939281,0.8266384778012685,0.18547571738285165,0.8115724721261053,0.1348795724109915,8.0,0.5,0.7382128328288613,HI-VAE_piecewise_diffusion
0.0419468509590823,0.813953488372093,0.20069471657545315,0.8862360630526721,0.09155754159782599,7.0,0.4883720930232558,0.7488290193076145,HI-VAE_piecewise_diffusion
0.03636396984286327,0.8382663847780129,0.21414944096530542,0.8041906958861975,0.1391860117082582,10.0,0.47674418604651164,0.7486143172914825,HI-VAE_piecewise_diffusion
0.03755506553440819,0.8276955602536997,0.2126914501443071,0.8798923490965013,0.3392526403872783,8.0,0.4418604651162791,0.7516583503414198,HI-VAE_piecewise_diffusion
0.04052477381476139,0.8150105708245242,0.18752931486880833,0.835678585159554,0.18120833747897788,4.0,0.5232558139534884,0.7446456695081355,HI-VAE_piecewise_diffusion
0.039153149805368985,0.8076109936575052,0.2579279679706452,0.8435986159169551,0.17273618617955713,11.0,0.47674418604651164,0.7587581539930266,HI-VAE_piecewise_diffusion
0.0403327038370267,0.8150105708245244,0.18641290877953454,0.8793540945790081,0.21659276864981453,8.0,0.4418604651162791,0.742764160337268,HI-VAE_piecewise_diffusion
0.037173401748711914,0.8298097251585624,0.16601210694920962,0.823683198769704,0.08816242550252194,6.0,0.43023255813953487,0.7394287866685292,HI-VAE_piecewise_diffusion
0.040063690646100596,0.8150105708245242,0.2388674134394968,0.8226835832372164,0.1773761493644612,12.0,0.47674418604651164,0.7593991493559683,HI-VAE_piecewise_diffusion
0.03911322900137219,0.8181818181818182,0.161743405842423,0.84159938485198,0.14964455175912317,4.0,0.43023255813953487,0.7227879254685934,HI-VAE_piecewise_diffusion
0.03832248625649017,0.8245243128964058,0.2927564977509864,0.8454056132256824,0.28838959503710654,12.0,0.45348837209302323,0.7559112111176035,HI-VAE_piecewise_diffusion
0.04301678290548684,0.8076109936575052,0.22809670200022913,0.8314878892733564,0.12601449809300969,7.0,0.47674418604651164,0.7395201753400641,HI-VAE_piecewise_diffusion
0.03932171849522022,0.8202959830866807,0.21356607989052895,0.8061899269511728,0.12823975995345915,9.0,0.46511627906976744,0.7374634977471342,HI-VAE_piecewise_diffusion
0.038350373562041476,0.8224101479915433,0.18960923818388906,0.8500192233756249,0.2725334044965813,10.0,0.47674418604651164,0.7393157676818484,HI-VAE_piecewise_diffusion
0.037771435930172376,0.8202959830866807,0.12509689029029009,0.7933102652825836,0.0970454119996324,2.0,0.47674418604651164,0.735415670570758,HI-VAE_piecewise_diffusion
0.03704150793499323,0.8255813953488371,0.20114915579104325,0.7955401768550558,0.33715536906855514,7.0,0.46511627906976744,0.7116193010637095,HI-VAE_piecewise_diffusion
0.0375203979060223,0.8150105708245242,0.24846906913934053,0.8672433679354095,0.2586088014563529,12.0,0.3953488372093023,0.729192533708271,HI-VAE_piecewise_diffusion
0.040062772533532374,0.8065539112050739,0.16924770895345767,0.8410226835832372,0.2612260533679422,13.0,0.47674418604651164,0.744605406897854,HI-VAE_piecewise_diffusion
0.03482873039803764,0.8530655391120507,0.14071700349167135,0.7976163014225298,0.11422865057866788,4.0,0.5348837209302325,0.748432781650284,HI-VAE_piecewise_diffusion
0.03603872833454111,0.8276955602536998,0.19454519901614187,0.7904267589388697,0.11085375818367295,7.0,0.45348837209302323,0.7509391904110269,HI-VAE_piecewise_diffusion
0.03933073786871038,0.8245243128964059,0.1883841231655326,0.8631295655517108,0.094658874267438,3.0,0.43023255813953487,0.7478278203652453,HI-VAE_piecewise_diffusion
0.03625080784047474,0.83615221987315,0.15729971919915123,0.7539023452518262,0.11839681354861145,5.0,0.4883720930232558,0.7222753424754806,HI-VAE_piecewise_diffusion
0.04054575257282009,0.8171247357293869,0.1505283118157327,0.8321414840445982,0.10409154158582494,5.0,0.5930232558139535,0.7356420330176304,HI-VAE_piecewise_diffusion
0.042387151928754016,0.8076109936575054,0.21297971882803596,0.8482122260668973,0.15221812870255563,9.0,0.4883720930232558,0.7381808942527163,HI-VAE_piecewise_diffusion
0.04012097510443765,0.8097251585623678,0.2208529992578956,0.8098039215686275,0.1976217321737715,12.0,0.5116279069767442,0.7505868929843815,HI-VAE_piecewise_diffusion
0.035241280420818075,0.8414376321353064,0.14779267798956455,0.7244136870434448,0.09596396256458253,7.0,0.5232558139534884,0.7517270722681367,HI-VAE_piecewise_diffusion
0.03564505506519248,0.8287526427061311,0.21098734157261875,0.8126489811610919,0.24320526211989413,9.0,0.5348837209302325,0.7684198500777022,HI-VAE_piecewise_diffusion
0.039039906988861,0.821353065539112,0.1956856147281183,0.8209727028066128,0.22279624845861745,6.0,0.5232558139534884,0.747154471339648,HI-VAE_piecewise_diffusion
0.03752717676221092,0.8287526427061311,0.23076207804486787,0.7578239138792772,0.26512182592144107,10.0,0.5,0.7523205013017599,HI-VAE_piecewise_diffusion
0.03797792601076157,0.8160676532769556,0.2046226460456788,0.7597462514417531,0.14785119363583366,6.0,0.5465116279069767,0.7404908935692109,HI-VAE_piecewise_diffusion
0.04038729334757322,0.813953488372093,0.2518111630675821,0.8255670895809303,0.25705359499767244,10.0,0.5,0.7269377919911924,HI-VAE_piecewise_diffusion
0.04012979365925511,0.8171247357293868,0.23896354779958232,0.8623221837754711,0.16915140168859075,9.0,0.4186046511627907,0.7384827541085912,HI-VAE_piecewise_diffusion
0.04057290525777762,0.8266384778012683,0.1461694854582504,0.8301806997308727,0.11225913537556627,7.0,0.5,0.7407004246457587,HI-VAE_piecewise_diffusion
0.03857549078804852,0.8234672304439745,0.2244205221657105,0.8256824298346789,0.21916439278025995,11.0,0.47674418604651164,0.7221272019324437,HI-VAE_piecewise_diffusion
0.04200819221516539,0.8044397463002114,0.2547801498728825,0.8684736639753942,0.20919225815792264,9.0,0.5581395348837209,0.7588605946244149,HI-VAE_piecewise_diffusion
0.039866592485878184,0.8160676532769556,0.20676967375768737,0.822798923490965,0.22015641953569148,8.0,0.43023255813953487,0.764483433739277,HI-VAE_piecewise_diffusion
0.03953050847702825,0.8171247357293869,0.189673962132809,0.795924644367551,0.160738285671322,7.0,0.5232558139534884,0.741153314423623,HI-VAE_piecewise_diffusion
0.03924034862330559,0.8213530655391121,0.19526744597981452,0.782160707420223,0.19178741939097288,10.0,0.5348837209302325,0.7535777163759404,HI-VAE_piecewise_diffusion
0.039225582261860174,0.8150105708245244,0.22405998392812226,0.8768935024990387,0.29678554560241244,12.0,0.5,0.7698499343209231,HI-VAE_piecewise_diffusion
0.04231543456663236,0.8044397463002114,0.17058605292403262,0.8592079969242599,0.26168923984720355,10.0,0.47674418604651164,0.7770863470212407,HI-VAE_piecewise_diffusion
0.03545869539196162,0.83615221987315,0.23454643725059937,0.7657054978854287,0.26848571848457126,12.0,0.43023255813953487,0.7342492702231492,HI-VAE_piecewise_diffusion
0.0361817119442814,0.8467230443974629,0.13795019646616027,0.8363321799307958,0.22803823171922744,7.0,0.5,0.7446614098098409,HI-VAE_piecewise_diffusion
0.04166600699174223,0.8044397463002113,0.2202070008198457,0.8328335255670897,0.1844735330083394,5.0,0.5,0.7488283688806304,HI-VAE_piecewise_diffusion
0.037369585868197594,0.8276955602536998,0.16892698121689687,0.782083813917724,0.2346893840730126,4.0,0.4186046511627907,0.7488924501130924,HI-VAE_piecewise_diffusion
0.041127206889450506,0.8160676532769556,0.2458551843061054,0.8463667820069205,0.1320264469403633,8.0,0.5,0.7689417746289426,HI-VAE_piecewise_diffusion
0.04166366896153459,0.8054968287526427,0.22431568510055408,0.876163014225298,0.09843832681099518,6.0,0.5,0.7315402407066841,HI-VAE_piecewise_diffusion
0.03870050589429087,0.8181818181818182,0.21496402005240126,0.781122645136486,0.3507734157216287,11.0,0.4186046511627907,0.7612395714369766,HI-VAE_piecewise_diffusion
0.03774016019504551,0.8181818181818182,0.16450449015510682,0.8194156093810072,0.08158149295632128,5.0,0.46511627906976744,0.7342408329699203,HI-VAE_piecewise_diffusion
0.04057801920670986,0.8128964059196616,0.24092030820125984,0.7886966551326413,0.12510258810111582,10.0,0.5232558139534884,0.7604977003489755,HI-VAE_piecewise_diffusion
0.037598397400051775,0.8340380549682874,0.264975353627691,0.8191464821222606,0.2508576560634119,11.0,0.5116279069767442,0.7341621328593,HI-VAE_piecewise_diffusion
0.039747603964979505,0.821353065539112,0.20464612639618623,0.838638985005767,0.1585260050762253,7.0,0.45348837209302323,0.7353908091959076,HI-VAE_piecewise_diffusion
0.037862272421968685,0.8308668076109936,0.16112121347782318,0.815840061514802,0.27907558071808947,5.0,0.5232558139534884,0.7694388598913148,HI-VAE_piecewise_diffusion
0.037537885371925914,0.8255813953488371,0.23390086978773064,0.7939638600538255,0.11533184487595642,5.0,0.5232558139534884,0.755734735557985,HI-VAE_piecewise_diffusion
0.038257682236466035,0.8171247357293868,0.21946394666006214,0.7789696270665128,0.14017880433631752,10.0,0.46511627906976744,0.740363493654101,HI-VAE_piecewise_diffusion
0.03922114958734641,0.8202959830866807,0.18718224304559639,0.8110342176086119,0.08962025780822089,9.0,0.45348837209302323,0.760982745275289,HI-VAE_piecewise_diffusion
0.04234500700119568,0.8002114164904863,0.25010946658972477,0.8229142637447137,0.22182447837922717,10.0,0.4883720930232558,0.7591927941691078,HI-VAE_piecewise_diffusion
0.04232423576772068,0.806553911205074,0.15725182486063846,0.8738946559015762,0.1278131601609495,5.0,0.5465116279069767,0.7466822032201711,HI-VAE_piecewise_diffusion
0.04042717341245281,0.810782241014799,0.22208785933671854,0.8688581314878894,0.12738390840759536,13.0,0.47674418604651164,0.7471571896275195,HI-VAE_piecewise_diffusion
0.03831101596338275,0.813953488372093,0.1892723325393669,0.7881968473663975,0.13599131241041276,8.0,0.5116279069767442,0.759260960866404,HI-VAE_piecewise_diffusion
0.04046082824061308,0.8150105708245244,0.2280749446729257,0.8957324106113033,0.2191474290586154,8.0,0.45348837209302323,0.7585686848930653,HI-VAE_piecewise_diffusion
0.03813520552069463,0.8192389006342494,0.2231066437403263,0.8076509034986543,0.22921484670350428,9.0,0.4418604651162791,0.7267100534477875,HI-VAE_piecewise_diffusion
0.04028505069482475,0.8171247357293868,0.18094465352214126,0.8549019607843137,0.1820947679597529,6.0,0.4418604651162791,0.7249102579607277,HI-VAE_piecewise_diffusion
0.038996309371029554,0.8266384778012685,0.18263056598185973,0.8627450980392156,0.15367169398912828,8.0,0.45348837209302323,0.740713983176413,HI-VAE_piecewise_diffusion
0.04084891824381277,0.8118393234672304,0.16530121014546537,0.851441753171857,0.19708423782936663,6.0,0.4418604651162791,0.7351404665938134,HI-VAE_piecewise_diffusion
0.041814704416649716,0.8054968287526427,0.21310687886982385,0.7577085736255287,0.21482123078935222,9.0,0.4418604651162791,0.7580159456406984,HI-VAE_piecewise_diffusion
0.04175517785927267,0.8202959830866807,0.16940692063655519,0.8119569396386005,0.1086115644855166,6.0,0.5,0.7157782963033008,HI-VAE_piecewise_diffusion
0.040009428009296806,0.8171247357293868,0.228488357919736,0.8327758554402152,0.2984057931568547,8.0,0.45348837209302323,0.7618374352221992,HI-VAE_piecewise_diffusion
0.03851704513541657,0.8340380549682874,0.11420002240540633,0.8053440984236833,0.14274063667748182,5.0,0.4883720930232558,0.7601179470309352,HI-VAE_piecewise_diffusion
0.03463937013664913,0.8393234672304438,0.18423688055105147,0.7458861976163014,0.16923633549746675,8.0,0.47674418604651164,0.7249860920481189,HI-VAE_piecewise_diffusion
0.03798706608899383,0.8298097251585623,0.19955391410678694,0.802729719338716,0.3326846718575793,12.0,0.4418604651162791,0.7350520823402297,HI-VAE_piecewise_diffusion
0.03413629245592102,0.8403805496828752,0.1467004371010716,0.755517108804306,0.18337922282231087,8.0,0.4418604651162791,0.7542729063474803,HI-VAE_piecewise_diffusion
0.038044025545054594,0.8276955602536997,0.17311868824344878,0.8010380622837369,0.2015948924978889,5.0,0.5,0.7557870503927655,HI-VAE_piecewise_diffusion
0.038436516448202195,0.8181818181818182,0.20563387957526877,0.8555940023068052,0.12481314893179482,9.0,0.4883720930232558,0.7535075456457467,HI-VAE_piecewise_diffusion
0.04158138781460644,0.8023255813953487,0.20618909929115362,0.8415609381007304,0.15343377397830976,7.0,0.45348837209302323,0.7390344013730717,HI-VAE_piecewise_diffusion
0.04060325529263093,0.8107822410147992,0.2190069907031734,0.8611687812379853,0.29202619490766446,7.0,0.4883720930232558,0.735901533887206,HI-VAE_piecewise_diffusion
0.04267631682828577,0.8033826638477799,0.25253265458159035,0.7790465205690118,0.20375951046226173,11.0,0.43023255813953487,0.7326073483107463,HI-VAE_piecewise_diffusion
0.036853667506872544,0.8255813953488371,0.23024102667512203,0.8305651672433679,0.13163665270020308,6.0,0.5232558139534884,0.7254344312626344,HI-VAE_piecewise_diffusion
0.04089813212862043,0.8150105708245242,0.2132243349697507,0.8286043829296424,0.11244518375314351,6.0,0.47674418604651164,0.7344924430803266,HI-VAE_piecewise_diffusion
0.040033030251101935,0.8044397463002113,0.23779205099319328,0.7607458669742406,0.2316192710150587,10.0,0.5116279069767442,0.7686144057756253,HI-VAE_piecewise_diffusion
0.03784505878434736,0.8287526427061311,0.16496932070358336,0.8039600153787004,0.3061223474425048,9.0,0.45348837209302323,0.7589327917473225,HI-VAE_piecewise_diffusion
0.03790796307495294,0.8276955602536997,0.17723378725701666,0.8495194156093809,0.11200863654943309,6.0,0.43023255813953487,0.758513987986693,HI-VAE_piecewise_diffusion
0.03889479058822478,0.8181818181818182,0.2614966844733435,0.8141099577085736,0.16154347351281934,14.0,0.5,0.7317285194416042,HI-VAE_piecewise_diffusion
0.040766111502004494,0.8097251585623678,0.1723738141684549,0.802229911572472,0.138465834881246,6.0,0.47674418604651164,0.7282399119417228,HI-VAE_piecewise_diffusion
0.04003715711439182,0.8192389006342494,0.19556213332806316,0.7979238754325261,0.13873669344021808,7.0,0.45348837209302323,0.7444569465347417,HI-VAE_piecewise_diffusion
0.03662240821085064,0.8298097251585623,0.27093350944834366,0.7715878508266052,0.16943962430143172,11.0,0.4418604651162791,0.7628521509500001,HI-VAE_piecewise_diffusion
0.040435676854475806,0.8192389006342494,0.1873217872482679,0.8797385620915031,0.1169066015558241,4.0,0.5116279069767442,0.704782772827404,HI-VAE_piecewise_diffusion
0.03676835747304624,0.8224101479915433,0.20078896256231069,0.8662629757785467,0.2793642855039844,7.0,0.45348837209302323,0.748541473022804,HI-VAE_piecewise_diffusion
0.03887798259475494,0.8234672304439745,0.21447967023249095,0.8163783160322954,0.1015258782365626,5.0,0.38372093023255816,0.7416577318228852,HI-VAE_piecewise_diffusion
0.038472521992907203,0.8287526427061311,0.20389457985203252,0.7768550557477892,0.10117955972664038,6.0,0.5348837209302325,0.7260522929343044,HI-VAE_piecewise_diffusion
0.03921940126526768,0.8171247357293868,0.22562693078041965,0.8508266051518646,0.20591529923452204,12.0,0.4418604651162791,0.7552017922937365,HI-VAE_piecewise_diffusion
0.040069472148875955,0.809725158562368,0.21052700354352305,0.8653594771241832,0.12845055024308555,9.0,0.5581395348837209,0.7456793139414689,HI-VAE_piecewise_diffusion
0.04074322953735318,0.8118393234672304,0.2022802059656544,0.8796232218377547,0.16278790132173834,5.0,0.46511627906976744,0.772733112649996,HI-VAE_piecewise_diffusion
0.042179206434106935,0.8002114164904861,0.29348455358065323,0.8371011149557862,0.26187837037938316,12.0,0.4418604651162791,0.7377872923534284,HI-VAE_piecewise_diffusion
0.037777618891560796,0.8181818181818182,0.24487311751013638,0.8984236831987695,0.13661567450811501,13.0,0.46511627906976744,0.7621932276425766,HI-VAE_piecewise_diffusion
0.038384669776681646,0.8181818181818182,0.17299614609126998,0.7884659746251442,0.10109060594865146,5.0,0.47674418604651164,0.7485839172983833,HI-VAE_piecewise_diffusion
0.0396773505691119,0.8213530655391121,0.17107422940930164,0.8530949634755863,0.10651229467962656,6.0,0.5116279069767442,0.7330732459312762,HI-VAE_piecewise_diffusion
0.04042986545548108,0.8128964059196616,0.19273859188558143,0.8071510957324106,0.16563072733422113,5.0,0.5232558139534884,0.759030852852667,HI-VAE_piecewise_diffusion
0.037927381712746795,0.8350951374207188,0.18538037864852594,0.8475009611687814,0.1398851703194204,9.0,0.5465116279069767,0.7492291861540104,HI-VAE_piecewise_diffusion
0.04058713397271097,0.813953488372093,0.19250926082012904,0.8236063052672049,0.1628678234671825,10.0,0.46511627906976744,0.7365332478814945,HI-VAE_piecewise_diffusion
0.03859809002866544,0.8181818181818182,0.21505104883412554,0.9045367166474433,0.2919029789711648,10.0,0.5116279069767442,0.7281436038729678,HI-VAE_piecewise_diffusion
0.04226676199452809,0.8044397463002113,0.22814571877095902,0.8441368704344482,0.18668486873593507,9.0,0.46511627906976744,0.7440718909470667,HI-VAE_piecewise_diffusion
0.038540152030984536,0.821353065539112,0.25769775099984465,0.7962706651287965,0.14276883338116167,9.0,0.45348837209302323,0.7352892713352669,HI-VAE_piecewise_diffusion
0.03731766574476522,0.8255813953488373,0.20939733213792205,0.7901191849288735,0.2658719793097435,8.0,0.4883720930232558,0.7408278471977608,HI-VAE_piecewise_diffusion
0.03810399667170113,0.8276955602536997,0.16148846411432943,0.8122260668973471,0.2389092382264563,5.0,0.4883720930232558,0.7401421399399809,HI-VAE_piecewise_diffusion
0.04256746567983424,0.8023255813953489,0.19274320765039094,0.8430988081507114,0.20635645222434473,5.0,0.5232558139534884,0.7591386254963939,HI-VAE_piecewise_diffusion
0.03576794764915944,0.8414376321353066,0.20195366761916764,0.7672818146866589,0.21287017047250525,6.0,0.45348837209302323,0.7461436349577321,HI-VAE_piecewise_diffusion
