J-S distance,KS test,Survival curves distance,Detection XGB,NSND,K-map score,Identifiability score,NNDR,generator
0.004144447125255804,0.976878612716763,0.024630420599487828,0.4961104441776711,0.11716220065290468,2.0,0.5433526011560693,0.6698733446785035,HI-VAE_weibull
0.004466079021172367,0.9721492380451917,0.0682706364908739,0.49557743097238893,0.07126160290251472,3.0,0.43352601156069365,0.6830683814090491,HI-VAE_weibull
0.00465242660657509,0.9732002101944299,0.03523105585303425,0.49742857142857144,0.07700240908951168,2.0,0.49710982658959535,0.684468564283836,HI-VAE_weibull
0.005056917190459516,0.9684708355228586,0.0537384569431482,0.47716686674669867,0.08334311853797222,3.0,0.4508670520231214,0.7132929494638396,HI-VAE_weibull
0.008441456499266056,0.9521807672096689,0.026073437956201494,0.548,0.16056811654650682,2.0,0.42196531791907516,0.704826298590371,HI-VAE_weibull
0.0035903060036911257,0.9789805570152392,0.04140035045623466,0.49222088835534217,0.20640325971723875,4.0,0.49710982658959535,0.6708901975981088,HI-VAE_weibull
0.006151579051837425,0.9632159747766683,0.022712701789465637,0.5092196878751502,0.1607438255044882,1.0,0.45664739884393063,0.6660448998275093,HI-VAE_weibull
0.003906033556574566,0.974776668418287,0.04070072404972902,0.4466938775510204,0.1466709896899548,2.0,0.44508670520231214,0.6855608657726103,HI-VAE_weibull
0.004769713903404611,0.9668943772990015,0.020869670541423236,0.45034333733493404,0.15660630723414418,3.0,0.4508670520231214,0.7116822001950087,HI-VAE_weibull
0.0043548022592992345,0.9700472937467157,0.033728497296794654,0.4521344537815127,0.13117713644443418,3.0,0.5086705202312138,0.6960234331837138,HI-VAE_weibull
0.006110182655091039,0.9632159747766683,0.055730557195595505,0.4895702280912365,0.09852993923999726,3.0,0.4393063583815029,0.721392039465475,HI-VAE_weibull
0.005673968975795552,0.9668943772990015,0.05987042067919808,0.4452436974789916,0.1105078861858893,3.0,0.4682080924855491,0.6887912708984181,HI-VAE_weibull
0.003712334021786166,0.975827640567525,0.04712866960121649,0.42848019207683075,0.10893402665673696,3.0,0.45664739884393063,0.6951384136977445,HI-VAE_weibull
0.004446940261228303,0.9710982658959537,0.047916642901527605,0.513171668667467,0.09604280514557618,1.0,0.43352601156069365,0.682437184691034,HI-VAE_weibull
0.005291711713029985,0.9716237519705726,0.02745048025436622,0.46677070828331335,0.10165286082254578,2.0,0.4682080924855491,0.6959566519494922,HI-VAE_weibull
0.004048036297216399,0.9700472937467155,0.04085088809577544,0.5064585834333734,0.13065069144580643,2.0,0.5086705202312138,0.7039409217068674,HI-VAE_weibull
0.004954901548227898,0.9732002101944299,0.043392085970475155,0.4656662665066027,0.09085202806687591,3.0,0.48554913294797686,0.6772347305776056,HI-VAE_weibull
0.004481448318014956,0.9700472937467157,0.04094944081872316,0.47350300120048017,0.0817510141100403,3.0,0.4624277456647399,0.6983092521055966,HI-VAE_weibull
0.004823519745149044,0.9679453494482396,0.05387133982076663,0.48277310924369754,0.2511864653390117,4.0,0.42196531791907516,0.7072392018677092,HI-VAE_weibull
0.004110490593174283,0.9763531266421439,0.019893051569839663,0.4750348139255703,0.07665293788267306,1.0,0.48554913294797686,0.6963494165025741,HI-VAE_weibull
0.003482777428621208,0.9758276405675249,0.02456273662398674,0.46906602641056416,0.10366915241251551,1.0,0.45664739884393063,0.6746757316036398,HI-VAE_weibull
0.005031461309931879,0.9726747241198108,0.029677660511957207,0.44906602641056426,0.15201924084743576,3.0,0.45664739884393063,0.7054794030038769,HI-VAE_weibull
0.004599939932213263,0.9705727798213346,0.04352040308802366,0.4886794717887154,0.13295960888463143,2.0,0.4797687861271676,0.6975827354002719,HI-VAE_weibull
0.005382399988621559,0.9679453494482396,0.0554926538046473,0.4831260504201681,0.11023317514964384,2.0,0.5086705202312138,0.7124281648694062,HI-VAE_weibull
0.0050277346802814005,0.9705727798213346,0.04008063041378939,0.48182713085234097,0.14352932513718278,3.0,0.5317919075144508,0.6699259620191806,HI-VAE_weibull
0.006850508538974794,0.9653179190751445,0.02550269350516685,0.4690228091236494,0.2445236646143972,2.0,0.48554913294797686,0.7116270759056129,HI-VAE_weibull
0.004769304908751481,0.9705727798213348,0.048300057014559035,0.5510108043217287,0.1936067952673741,3.0,0.4682080924855491,0.6768034368870268,HI-VAE_weibull
0.004762013942777346,0.9705727798213346,0.04411198181483993,0.4761296518607443,0.16845826486522394,3.0,0.48554913294797686,0.679358590013766,HI-VAE_weibull
0.00584664439277029,0.9705727798213348,0.042868736460490255,0.4723721488595438,0.11911362453621029,2.0,0.45664739884393063,0.6836573858391797,HI-VAE_weibull
0.004812155945911966,0.9674198633736204,0.04229810576956596,0.4498247298919568,0.1898339293857512,3.0,0.5202312138728323,0.6842827384155716,HI-VAE_weibull
0.004847322100847534,0.9663688912243825,0.04446339028755731,0.49685954381752706,0.15273010685974053,3.0,0.5086705202312138,0.7096188335359657,HI-VAE_weibull
0.004388052377037762,0.9753021544929059,0.01599332021728974,0.443123649459784,0.14507331589440367,2.0,0.5491329479768786,0.6671585374277197,HI-VAE_weibull
0.004614415845120339,0.9763531266421439,0.03566508387916378,0.4715630252100841,0.16056683635183613,3.0,0.43352601156069365,0.679293633512333,HI-VAE_weibull
0.003944707007652875,0.9753021544929059,0.03493846597402191,0.4584009603841537,0.053577551937604134,2.0,0.5144508670520231,0.6775127525311,HI-VAE_weibull
0.004799763665460422,0.9732002101944297,0.048984802439184294,0.528609843937575,0.170278082617629,1.0,0.4161849710982659,0.700828499161787,HI-VAE_weibull
0.004919951609915849,0.9674198633736206,0.060247799335044434,0.44034573829531815,0.09414782688960258,3.0,0.4913294797687861,0.6862302833968802,HI-VAE_weibull
0.0062646663313150105,0.9611140304781923,0.05389639818105735,0.4934981992797119,0.10020798736660583,3.0,0.4161849710982659,0.6929637876977708,HI-VAE_weibull
0.0033170445756832787,0.9800315291644771,0.028354828576424615,0.4488931572629051,0.19956315568424698,3.0,0.49710982658959535,0.7027260757506748,HI-VAE_weibull
0.005483288814056058,0.9674198633736206,0.04004150868712734,0.5624249699879952,0.11012613294164403,1.0,0.49710982658959535,0.6580246246069171,HI-VAE_weibull
0.0036065672401125407,0.9726747241198108,0.055383059058670664,0.5150228091236494,0.17637267548425856,4.0,0.4797687861271676,0.658872148967917,HI-VAE_weibull
0.00646738003922236,0.9590120861797163,0.051867747285266705,0.4755846338535415,0.09147695045072875,4.0,0.4508670520231214,0.6942687287611369,HI-VAE_weibull
0.0060120374979234165,0.9674198633736206,0.02187954244503721,0.5170444177671067,0.14961257189651417,2.0,0.5028901734104047,0.7095003320647876,HI-VAE_weibull
0.004963416355813891,0.9695218076720966,0.030469811126274667,0.538626650660264,0.2235199964867763,3.0,0.5202312138728323,0.6901588747910643,HI-VAE_weibull
0.005480367582736703,0.9632159747766683,0.049965756434004166,0.49636974789915966,0.20406669597675384,3.0,0.43352601156069365,0.7012820961985293,HI-VAE_weibull
0.0052714643497291805,0.9705727798213348,0.049151387807390104,0.5290996398559423,0.19318919511285,4.0,0.47398843930635837,0.7022196118482933,HI-VAE_weibull
0.005590324635343532,0.9637414608512876,0.08392733568568896,0.45513085234093636,0.09988422023671957,1.0,0.4508670520231214,0.6885324584451172,HI-VAE_weibull
0.005846610090017856,0.9605885444035734,0.040103604658778595,0.4557887154861945,0.19865369247699413,3.0,0.4797687861271676,0.6901763354477005,HI-VAE_weibull
0.005016041780005441,0.9705727798213346,0.019697220051763317,0.4125186074429772,0.162646832307862,3.0,0.4797687861271676,0.6436784909116431,HI-VAE_weibull
0.004680326722027429,0.9695218076720966,0.015756915887071003,0.4905642256902761,0.09306080140632841,1.0,0.4624277456647399,0.6838761762719336,HI-VAE_weibull
0.004726322481324223,0.9710982658959538,0.03952417305707636,0.4924873949579832,0.07755319408118709,1.0,0.41040462427745666,0.6706614262199314,HI-VAE_weibull
0.005822502438085204,0.9642669469259064,0.03243382137411059,0.5104465786314526,0.1887096634591719,4.0,0.49710982658959535,0.6729642469246064,HI-VAE_weibull
0.004630441679123551,0.9758276405675249,0.027062920615614973,0.46049219687875154,0.07045743352240706,1.0,0.5317919075144508,0.7011480720092018,HI-VAE_weibull
0.005985548833594625,0.9611140304781923,0.05273581646821551,0.5224009603841536,0.09867888280099182,3.0,0.37572254335260113,0.6987617372256345,HI-VAE_weibull
0.003405606909943014,0.9800315291644772,0.02148855010204017,0.41885234093637447,0.06674701042382718,1.0,0.5433526011560693,0.68520932134188,HI-VAE_weibull
0.0051535364411333575,0.9674198633736206,0.028434762900006932,0.5507322929171669,0.12178377501145617,2.0,0.42196531791907516,0.6829129252301549,HI-VAE_weibull
0.003634888781944488,0.974776668418287,0.015958041297956374,0.47491956782713096,0.10226393413400159,1.0,0.49710982658959535,0.6553991210585012,HI-VAE_weibull
0.005659264075954122,0.9668943772990016,0.04987094376724597,0.46688595438175273,0.10373752828932396,3.0,0.4508670520231214,0.6952659362750679,HI-VAE_weibull
0.004946093269245055,0.9716237519705726,0.05400655812671352,0.5344153661464585,0.06629048378830481,3.0,0.4624277456647399,0.7132128131191868,HI-VAE_weibull
0.005698012098712014,0.9663688912243825,0.02314312351168055,0.4602929171668668,0.15935505129744668,2.0,0.5433526011560693,0.6615556179716074,HI-VAE_weibull
0.005678731316290844,0.9647924330005254,0.037008706124912694,0.5262376950780313,0.1873967719600886,3.0,0.44508670520231214,0.7000611870678917,HI-VAE_weibull
0.006139278416685856,0.9653179190751444,0.034827104877996305,0.5070300120048019,0.20273180966074286,2.0,0.4624277456647399,0.6919001368468981,HI-VAE_weibull
0.0054943847166859785,0.9632159747766683,0.042387963510579364,0.5015366146458583,0.15335576224002156,1.0,0.5028901734104047,0.6857482891915239,HI-VAE_weibull
0.0033767105335958726,0.9742511823436679,0.037034979901442854,0.4647010804321729,0.15579177040093511,2.0,0.48554913294797686,0.6970917607092376,HI-VAE_weibull
0.005225681107558447,0.9668943772990015,0.023426034173288007,0.5657959183673469,0.19885782723799864,2.0,0.49710982658959535,0.7023741726274096,HI-VAE_weibull
0.005532782557144102,0.9674198633736206,0.01967043986634529,0.5390828331332533,0.12160064065040396,1.0,0.47398843930635837,0.6876782473660669,HI-VAE_weibull
0.00426438720897838,0.9716237519705726,0.04690955216653076,0.4748283313325331,0.0884878228773579,2.0,0.5144508670520231,0.6924422881793258,HI-VAE_weibull
0.0045522418771807025,0.9726747241198107,0.022429089518843662,0.4084177671068427,0.09591339898107508,2.0,0.4508670520231214,0.6716319742518544,HI-VAE_weibull
0.004894259401418529,0.9721492380451917,0.021535145524551724,0.5952581032412965,0.116003229278373,1.0,0.4682080924855491,0.6775951715676496,HI-VAE_weibull
0.00407432531667224,0.9700472937467157,0.07676389162240185,0.4540984393757503,0.1497963846582366,4.0,0.4277456647398844,0.6960667252750864,HI-VAE_weibull
0.005074868511734067,0.9689963215974777,0.03620392115039261,0.4697743097238895,0.15191544737033677,2.0,0.49710982658959535,0.6938624858291436,HI-VAE_weibull
0.0037348452535762894,0.976878612716763,0.03755069676047055,0.4309771908763505,0.08430847547246491,1.0,0.5028901734104047,0.670044187359328,HI-VAE_weibull
0.0057549554810336625,0.9642669469259065,0.013077893446924357,0.5663073229291717,0.09766799476235839,1.0,0.43352601156069365,0.6959368392107202,HI-VAE_weibull
0.0038671424489344,0.9726747241198108,0.06782800425400565,0.4784297719087635,0.07864327717269609,3.0,0.4682080924855491,0.6810369793634292,HI-VAE_weibull
0.004338843044213807,0.9700472937467157,0.020278513871185892,0.4748451380552221,0.09195684447591647,2.0,0.48554913294797686,0.6752408836472118,HI-VAE_weibull
0.005335268155496599,0.9642669469259064,0.07602103990039727,0.5017070828331333,0.1522865289571876,2.0,0.47398843930635837,0.6949138729650088,HI-VAE_weibull
0.005813613279165663,0.9626904887020494,0.05932127929335314,0.4276446578631452,0.1885182392593568,3.0,0.4682080924855491,0.6933960471062511,HI-VAE_weibull
0.005386676273416587,0.9668943772990016,0.05859077417392,0.514607442977191,0.1120733983889536,3.0,0.5028901734104047,0.693323363919154,HI-VAE_weibull
0.005965561489454948,0.9658434051497636,0.028711207439883715,0.49575990396158465,0.14660071877576944,2.0,0.5028901734104047,0.6984144041740452,HI-VAE_weibull
0.005949103618007671,0.9668943772990015,0.024859935361181897,0.4820696278511404,0.11412282875091595,1.0,0.4913294797687861,0.7036996310235181,HI-VAE_weibull
0.005169010348618128,0.9637414608512873,0.048341567414047666,0.4929027611044418,0.09102646180441773,3.0,0.4682080924855491,0.6770425047910056,HI-VAE_weibull
0.004804654343053304,0.9695218076720966,0.034224438416349603,0.43516446578631457,0.1420023524595348,3.0,0.49710982658959535,0.672523900095042,HI-VAE_weibull
0.004346664603098017,0.9637414608512874,0.056991060517204824,0.5290516206482593,0.19797878987726725,6.0,0.4913294797687861,0.6814595336284909,HI-VAE_weibull
0.0047363674771116575,0.9747766684182868,0.03525857704032495,0.5135846338535414,0.09697193034314512,1.0,0.4508670520231214,0.6939831498044404,HI-VAE_weibull
0.004874214127679289,0.9679453494482396,0.0498332982450417,0.4897623049219688,0.0783689576340168,2.0,0.44508670520231214,0.67097878670705,HI-VAE_weibull
0.004931342412413575,0.9700472937467157,0.039990776573139646,0.4906026410564226,0.14059002128065137,2.0,0.5317919075144508,0.6923450074576905,HI-VAE_weibull
0.005315636653747218,0.9689963215974777,0.07059385884337825,0.45243697478991596,0.22444109777613103,4.0,0.47398843930635837,0.6737532277500236,HI-VAE_weibull
0.004123743092631831,0.9768786127167629,0.026184347250331638,0.4572124849939976,0.09253553466751861,2.0,0.4682080924855491,0.6736201864735012,HI-VAE_weibull
0.004714617871216528,0.9716237519705726,0.034515636842372306,0.48238175270108047,0.0889261840914105,3.0,0.4161849710982659,0.6969430857850313,HI-VAE_weibull
0.004449688903339141,0.9732002101944299,0.0424562613041159,0.4427995198079232,0.14631948663337144,5.0,0.4913294797687861,0.6887062331540501,HI-VAE_weibull
0.009083389109575473,0.9574356279558592,0.03205655860653424,0.5146362545018007,0.0704357694945047,1.0,0.4682080924855491,0.701033822434756,HI-VAE_weibull
0.005067068826346322,0.9726747241198108,0.026426803462289823,0.4671260504201681,0.17369229355267649,2.0,0.47398843930635837,0.6836429992380872,HI-VAE_weibull
0.006062352831934276,0.9658434051497635,0.05504525668719296,0.44473949579831934,0.16174884851093405,3.0,0.4913294797687861,0.6992532873987636,HI-VAE_weibull
0.005403349639496072,0.9663688912243824,0.01728469319940873,0.470530612244898,0.11779214182655522,2.0,0.4913294797687861,0.6850156207051598,HI-VAE_weibull
0.005022070228875067,0.9695218076720966,0.03716028776934518,0.4221800720288115,0.15167145139126756,4.0,0.4797687861271676,0.6906081591428485,HI-VAE_weibull
0.004045759053569936,0.9726747241198108,0.056536406629866434,0.5203745498199279,0.10991724001320816,2.0,0.48554913294797686,0.7152251523174555,HI-VAE_weibull
0.005211268099610342,0.9721492380451919,0.01864367800971577,0.4703961584633854,0.04988382092120783,1.0,0.5202312138728323,0.6878190661367743,HI-VAE_weibull
0.004512136234787558,0.9726747241198107,0.02525321098542222,0.4976518607442976,0.10668016685387718,2.0,0.43352601156069365,0.6705869475686158,HI-VAE_weibull
0.004907710390948736,0.9742511823436679,0.024425131687290897,0.5039855942376951,0.1185184998840398,2.0,0.4797687861271676,0.6698736564893462,HI-VAE_weibull
0.004073963903353417,0.9747766684182868,0.028848279236916054,0.5829579831932774,0.08897921504889789,2.0,0.4508670520231214,0.6912692654756323,HI-VAE_weibull
0.004269737902105066,0.9658434051497633,0.04386013719133458,0.5501944777911165,0.2057968907389943,4.0,0.4797687861271676,0.6726926996136412,HI-VAE_weibull
0.004840670791563312,0.9705727798213348,0.041349336763920615,0.4852148859543817,0.08369599711679736,1.0,0.4624277456647399,0.6987496933024746,HI-VAE_weibull
0.006928496290995759,0.9621650026274305,0.056486243487040094,0.4766626650660264,0.10393721362850922,2.0,0.4624277456647399,0.6924988641600761,HI-VAE_weibull
0.003630432324143375,0.9768786127167629,0.018649233349595926,0.47436974789915964,0.11817247041751187,1.0,0.5144508670520231,0.7072905622986175,HI-VAE_weibull
0.0051752797978218915,0.9710982658959537,0.02767453993952691,0.5814117647058824,0.07988733770291606,1.0,0.47398843930635837,0.7128246121552957,HI-VAE_weibull
0.004286378081909311,0.975827640567525,0.03321603585195495,0.47107803121248504,0.15407050071642373,2.0,0.4508670520231214,0.6727095545075438,HI-VAE_weibull
0.005826731607655274,0.9700472937467157,0.028739364915173468,0.44345498199279715,0.0949791306059792,2.0,0.45664739884393063,0.704621351401333,HI-VAE_weibull
0.005127138555395657,0.9668943772990015,0.02073760683177254,0.5239663865546218,0.07085051427179459,1.0,0.44508670520231214,0.6646820212945864,HI-VAE_weibull
0.005085580743633473,0.9663688912243825,0.05132155046524111,0.5624009603841537,0.15940529597563552,3.0,0.43352601156069365,0.7185154780429905,HI-VAE_weibull
0.004332016016812946,0.9721492380451917,0.04788460541715286,0.43924129651860744,0.15299063112851502,2.0,0.4682080924855491,0.6694003956391672,HI-VAE_weibull
0.005034328976558959,0.9684708355228586,0.03922445773499281,0.48803841536614645,0.15552068768010713,2.0,0.42196531791907516,0.7275588020030551,HI-VAE_weibull
0.003956122623273544,0.9747766684182868,0.04203374984348787,0.38285234093637455,0.11683598982067761,3.0,0.47398843930635837,0.6712450901300678,HI-VAE_weibull
0.004831847586279559,0.975827640567525,0.043318307940525665,0.46887394957983186,0.09747704710369907,1.0,0.4508670520231214,0.6822717745451358,HI-VAE_weibull
0.004439120897486306,0.9674198633736206,0.03562041669093214,0.5170708283313326,0.09954766325487897,2.0,0.4277456647398844,0.7027700532894845,HI-VAE_weibull
0.003221389134549405,0.9753021544929059,0.03708303575747163,0.5154861944777911,0.09887765032949344,2.0,0.4508670520231214,0.6711179975198929,HI-VAE_weibull
0.004758063871496781,0.9710982658959538,0.022980034919451275,0.445875150060024,0.16093304245720752,3.0,0.4682080924855491,0.6772792993254265,HI-VAE_weibull
0.0039611701380869065,0.9721492380451919,0.05016108385731201,0.49101080432172867,0.20741688941023737,3.0,0.4624277456647399,0.6820786019318339,HI-VAE_weibull
0.005190327780658709,0.9653179190751445,0.07665283846190035,0.4970708283313325,0.1799908638081742,2.0,0.49710982658959535,0.6990773029233,HI-VAE_weibull
0.004388321459548639,0.9732002101944299,0.02885169053736364,0.4838199279711885,0.0734726876387264,1.0,0.4913294797687861,0.6993859267960854,HI-VAE_weibull
0.00434066389740113,0.9684708355228586,0.0224560799266998,0.40969987995198076,0.16640784401457615,2.0,0.5028901734104047,0.688934225540398,HI-VAE_weibull
0.004956063544350304,0.9679453494482396,0.05572101567311209,0.4553805522208883,0.11250589547315501,3.0,0.4277456647398844,0.6744139594916108,HI-VAE_weibull
0.005097582443871262,0.9684708355228586,0.043198777859808336,0.5192484993997599,0.10367997019680404,3.0,0.49710982658959535,0.6860259193400341,HI-VAE_weibull
0.006168009433551488,0.9621650026274303,0.05789743284493964,0.4784009603841537,0.08772456435851941,3.0,0.4277456647398844,0.7046483449729541,HI-VAE_weibull
0.005032763292673939,0.9679453494482395,0.03331562867764035,0.4944753901560624,0.07586228620608101,4.0,0.3930635838150289,0.657940337422683,HI-VAE_weibull
0.005260371150465675,0.9668943772990015,0.03161789015030205,0.47682593037214893,0.141917440279018,2.0,0.4913294797687861,0.6625127290624668,HI-VAE_weibull
0.004719701941212305,0.9700472937467157,0.04310436445877975,0.4803217286914766,0.20477892107583812,4.0,0.42196531791907516,0.7156465762641305,HI-VAE_weibull
0.005976514464398503,0.9642669469259064,0.05763694234370144,0.41484993997599046,0.14748180691191612,1.0,0.4913294797687861,0.666546594526272,HI-VAE_weibull
0.005008838457529591,0.9705727798213348,0.018038802878237805,0.47348379351740694,0.1328198816175904,3.0,0.48554913294797686,0.6811284857536769,HI-VAE_weibull
0.004770627891982451,0.9726747241198108,0.03578711902170551,0.4822785114045618,0.09361434774611857,1.0,0.4682080924855491,0.7194652395965044,HI-VAE_weibull
0.006820606246597243,0.9658434051497635,0.04451854537129387,0.5196302521008404,0.1737130025803864,3.0,0.4277456647398844,0.6953739969129178,HI-VAE_weibull
0.0034334255867625274,0.9774040987913821,0.022712846323836286,0.494890756302521,0.10458255542226563,1.0,0.44508670520231214,0.6924888798990204,HI-VAE_weibull
0.005094162268054321,0.9679453494482395,0.06661127965527769,0.4049675870348139,0.1509087363343658,3.0,0.5028901734104047,0.6942328394835097,HI-VAE_weibull
0.006503438093502776,0.9616395165528112,0.029359645910331772,0.475812725090036,0.1992708243202112,2.0,0.4682080924855491,0.654490506572411,HI-VAE_weibull
0.004452075700005059,0.9716237519705728,0.029511971308878764,0.5707707082833133,0.1859048404994255,2.0,0.4797687861271676,0.6827756809666733,HI-VAE_weibull
0.005892598725927553,0.9600630583289543,0.05839459930350267,0.49637935174069625,0.09631415058542514,2.0,0.43352601156069365,0.6950782899540857,HI-VAE_weibull
0.005240395846858824,0.9684708355228586,0.05095974422919699,0.47221128451380545,0.19185613812805097,3.0,0.44508670520231214,0.6835505119092828,HI-VAE_weibull
0.003584577299415838,0.976878612716763,0.04596938802236324,0.4277166866746699,0.22340602917801816,2.0,0.47398843930635837,0.6827102746821954,HI-VAE_weibull
0.0031432334015368993,0.9763531266421439,0.047242109430504865,0.44682112845138056,0.12846811032039276,3.0,0.4277456647398844,0.6514377604364969,HI-VAE_weibull
0.0037722499926265457,0.974776668418287,0.02379559898928376,0.5334237695078031,0.07976839724451011,2.0,0.48554913294797686,0.7024386483135518,HI-VAE_weibull
0.004387317666277898,0.9753021544929059,0.020924580331446715,0.3922352941176471,0.11345210369695535,2.0,0.4624277456647399,0.6791774161967715,HI-VAE_weibull
0.004930592599932,0.9710982658959537,0.04428929008088882,0.4396206482593037,0.15992119785921496,2.0,0.5260115606936416,0.6961766386351635,HI-VAE_weibull
0.004183275074782036,0.9742511823436679,0.04408547636240579,0.4507515006002401,0.20799209292178084,4.0,0.47398843930635837,0.7070424535910959,HI-VAE_weibull
0.004686655985230659,0.9716237519705726,0.029317725480166056,0.4427563025210084,0.21397667809630272,2.0,0.4508670520231214,0.696387071601875,HI-VAE_weibull
0.00529313560248004,0.9674198633736206,0.060242227412276944,0.44523889555822327,0.14009680589220816,2.0,0.4682080924855491,0.7008185808756832,HI-VAE_weibull
0.004051614028749827,0.975827640567525,0.03819053212446736,0.4622328931572629,0.09050363549567415,3.0,0.5375722543352601,0.6888671844311768,HI-VAE_weibull
0.004662627672601003,0.9726747241198108,0.03202485532777485,0.4386794717887156,0.14256550166725723,2.0,0.5144508670520231,0.666403877076091,HI-VAE_weibull
0.005337186495589959,0.9689963215974777,0.030654159304306046,0.46454261704681865,0.07636299854136525,3.0,0.4682080924855491,0.6922114028874944,HI-VAE_weibull
0.005789037003241329,0.9684708355228586,0.07144438354710171,0.5103481392557022,0.10593987648177809,2.0,0.47398843930635837,0.6738255430480634,HI-VAE_weibull
0.005762465026343703,0.9668943772990015,0.02085469252356762,0.5480912364945978,0.09097556001318904,1.0,0.4277456647398844,0.6648152071234448,HI-VAE_weibull
0.004720416103810638,0.9684708355228586,0.03539800513981867,0.5301224489795918,0.0843351681165459,4.0,0.4797687861271676,0.7102377884591828,HI-VAE_weibull
0.0038855773585271414,0.9753021544929059,0.029538444554419507,0.4941944777911164,0.12379086767346316,2.0,0.4682080924855491,0.7233600756807709,HI-VAE_weibull
0.004946147710775156,0.9705727798213348,0.04171629534066083,0.5270516206482594,0.14962943033925005,2.0,0.4797687861271676,0.7170114934118326,HI-VAE_weibull
0.005934570039654244,0.9637414608512874,0.05285691011040566,0.46540216086434577,0.1083721929251722,2.0,0.5144508670520231,0.6944388610486293,HI-VAE_weibull
0.005205957136297154,0.9705727798213348,0.03208160698856024,0.4967346938775511,0.16550359601260034,3.0,0.4508670520231214,0.6797099041922324,HI-VAE_weibull
0.004440015192711478,0.9689963215974775,0.0314322539473962,0.5139927971188476,0.2424548015321795,3.0,0.44508670520231214,0.6705772771758223,HI-VAE_weibull
0.0033883210301320064,0.9753021544929058,0.05514371363852588,0.42273709483793515,0.37664033715966705,4.0,0.5317919075144508,0.6807293888044361,HI-VAE_weibull
0.005533317549525557,0.9695218076720967,0.021953398833805617,0.46667466986794726,0.11465510554321699,1.0,0.5433526011560693,0.6841429721670427,HI-VAE_weibull
0.005284441441335328,0.9695218076720967,0.04885997388348103,0.5122929171668668,0.13176171430576583,1.0,0.43352601156069365,0.6693986308001146,HI-VAE_weibull
0.004284122267002528,0.9721492380451917,0.04004507234177154,0.4725666266506602,0.17625829599746556,1.0,0.47398843930635837,0.6888998864822373,HI-VAE_weibull
0.003749463073361675,0.9795060430898581,0.021470285623017487,0.4314957983193278,0.09086525003729798,2.0,0.49710982658959535,0.668577335760226,HI-VAE_weibull
0.0047630907499716215,0.9732002101944299,0.015307075990851737,0.49671548619447775,0.07236480047745793,2.0,0.49710982658959535,0.6771849835030284,HI-VAE_weibull
0.00454989735918651,0.9716237519705728,0.035734806721135715,0.5186266506602641,0.09824879919667742,3.0,0.5086705202312138,0.6860562763216218,HI-VAE_weibull
0.006004878101821617,0.9679453494482396,0.03840188090131793,0.5199471788715486,0.10837713993727723,2.0,0.4508670520231214,0.6855283081778707,HI-VAE_weibull
0.006014001569617281,0.9558591697320021,0.05214123086690036,0.5292677070828331,0.06318989766187838,4.0,0.5028901734104047,0.7078152093353067,HI-VAE_weibull
0.006128369653755528,0.9674198633736206,0.03357794439865103,0.48797599039615847,0.09907633481236527,2.0,0.45664739884393063,0.6737472108895333,HI-VAE_weibull
0.007317970335138324,0.9637414608512874,0.015215393754811816,0.48296278511404556,0.08678590583036878,1.0,0.47398843930635837,0.6864627335156108,HI-VAE_weibull
0.00434387227148029,0.9726747241198108,0.03615396464402084,0.50987274909964,0.1091073248757206,2.0,0.42196531791907516,0.6878025549957536,HI-VAE_weibull
0.006516658343109865,0.9637414608512874,0.037974434441711245,0.5258247298919567,0.18121156996793736,2.0,0.47398843930635837,0.6820688558101176,HI-VAE_weibull
0.0038603741084393614,0.9700472937467157,0.05284666899083565,0.452641056422569,0.1989785201253502,4.0,0.5202312138728323,0.6619347908917323,HI-VAE_weibull
0.00398659167019467,0.9710982658959537,0.031957279372473876,0.5300264105642256,0.10232246019416898,3.0,0.4277456647398844,0.6928600367437063,HI-VAE_weibull
0.0059181846728354835,0.9626904887020494,0.054257828256612475,0.508172869147659,0.15063457106558797,2.0,0.4277456647398844,0.6935962038069929,HI-VAE_weibull
0.00603286857629802,0.9626904887020494,0.05429225414347098,0.585594237695078,0.15707951726726269,2.0,0.4682080924855491,0.6898792779700742,HI-VAE_weibull
0.004811375983493991,0.9710982658959537,0.06686943398140942,0.4508499399759904,0.1825445653560622,3.0,0.4624277456647399,0.7108479557241434,HI-VAE_weibull
0.005636202879725206,0.9590120861797163,0.06245119847923328,0.5599855942376951,0.13900895979377914,1.0,0.4508670520231214,0.700401533308221,HI-VAE_weibull
0.006531486923879653,0.9647924330005254,0.051558520018143,0.4949099639855943,0.12184476828141334,2.0,0.4508670520231214,0.7073161809123578,HI-VAE_weibull
0.004007278103347543,0.9753021544929058,0.029875392557065478,0.49088115246098435,0.11307910805453422,1.0,0.47398843930635837,0.6899409696096163,HI-VAE_weibull
0.00504668457396131,0.9605885444035732,0.07244322547103597,0.542328931572629,0.18958658981693013,3.0,0.44508670520231214,0.6913361249457373,HI-VAE_weibull
0.004705956879431683,0.9737256962690488,0.039094371663096504,0.5372028811524611,0.09721311541430971,2.0,0.47398843930635837,0.681340765850757,HI-VAE_weibull
0.005777277951352505,0.9663688912243824,0.04308651127072823,0.44531812725090036,0.15779810290769233,2.0,0.5144508670520231,0.7042452677422806,HI-VAE_weibull
0.005609954297499346,0.9689963215974777,0.04698757849274222,0.5429291716686675,0.18254316099616522,3.0,0.4161849710982659,0.6911031067113638,HI-VAE_weibull
0.0043572764757524775,0.9726747241198108,0.044157249125281926,0.49021848739495794,0.12493970649868696,5.0,0.4508670520231214,0.7039046588325745,HI-VAE_weibull
0.00612331199055435,0.9647924330005254,0.0414546515039556,0.49478031212484996,0.10479336445089053,3.0,0.4624277456647399,0.7079871855617156,HI-VAE_weibull
0.004416487948605314,0.9742511823436678,0.027634283024676867,0.47479711884753895,0.209286350248987,2.0,0.5260115606936416,0.6724708077909611,HI-VAE_weibull
0.005954194108134064,0.9637414608512873,0.03918967078753875,0.5395726290516206,0.08444994616169535,4.0,0.44508670520231214,0.7015318334821558,HI-VAE_weibull
0.00519901827181567,0.9705727798213348,0.04780651345567942,0.46475390156062424,0.16408305705805362,2.0,0.43352601156069365,0.6951186531676048,HI-VAE_weibull
0.003758441319534643,0.9705727798213348,0.05568122869751081,0.46009123649459777,0.13396909197290507,4.0,0.49710982658959535,0.6809627436766151,HI-VAE_weibull
0.003718813295173294,0.9737256962690488,0.03875444145623394,0.46807683073229295,0.09777058245035045,2.0,0.49710982658959535,0.7148447067121246,HI-VAE_weibull
0.004977376198911664,0.9689963215974777,0.03369824516706747,0.46276350540216094,0.18047486966775134,2.0,0.4797687861271676,0.6825323066137341,HI-VAE_weibull
0.0035273970590896627,0.9747766684182868,0.032776729616048994,0.5198847539015606,0.15452902982430633,3.0,0.49710982658959535,0.704430019928393,HI-VAE_weibull
0.0054991629772532915,0.9674198633736207,0.02858108449430915,0.48691476590636257,0.11594560225988931,1.0,0.47398843930635837,0.6842725770117043,HI-VAE_weibull
0.0033330660094619325,0.9800315291644772,0.016186466638639433,0.4730948379351741,0.07802098178186337,4.0,0.4913294797687861,0.6973854046012139,HI-VAE_weibull
0.003963699577063982,0.9695218076720966,0.04056757363125975,0.4613973589435775,0.10464720460939242,3.0,0.4682080924855491,0.6958855316069142,HI-VAE_weibull
0.00391359119393572,0.9721492380451917,0.055512488055902955,0.4846074429771908,0.18323984290015924,4.0,0.4682080924855491,0.6912669455920655,HI-VAE_weibull
0.004137627082627513,0.9742511823436679,0.03577008864519756,0.413078031212485,0.11836645566755213,3.0,0.5433526011560693,0.6782466483649159,HI-VAE_weibull
0.004221438400598187,0.9742511823436678,0.028628412470729284,0.4970324129651861,0.09312841616822841,1.0,0.41040462427745666,0.674752622507982,HI-VAE_weibull
0.003472346091949378,0.9763531266421439,0.03031441079192373,0.4349963985594238,0.133529685090191,2.0,0.5144508670520231,0.6855128198811179,HI-VAE_weibull
0.0063424610686890785,0.9642669469259065,0.03869609261951679,0.4512869147659064,0.06102586802157649,3.0,0.4624277456647399,0.6873151135054058,HI-VAE_weibull
0.0053777814543913725,0.9716237519705726,0.024028593852499693,0.4734501800720288,0.11524718489815833,2.0,0.4797687861271676,0.6686313912165753,HI-VAE_weibull
0.0040105131050036675,0.9795060430898581,0.013388468804642784,0.4913757503001201,0.0963627645086147,2.0,0.45664739884393063,0.6872196688315516,HI-VAE_weibull
0.0038181670971253884,0.977929584866001,0.015947846605412676,0.5157839135654262,0.16146086978238489,2.0,0.49710982658959535,0.7120740313897334,HI-VAE_weibull
0.0053649806863266414,0.9695218076720967,0.03209979945231311,0.4904009603841536,0.09769478484691052,2.0,0.5028901734104047,0.6924547095181549,HI-VAE_weibull
0.0038300188206286624,0.977404098791382,0.014795039221861156,0.44012004801920773,0.135889386374178,2.0,0.5260115606936416,0.6372020457995747,HI-VAE_piecewise
0.003494869120888791,0.9742511823436679,0.01762666565461167,0.45502040816326533,0.1132097931126306,4.0,0.4624277456647399,0.6878629639116163,HI-VAE_piecewise
0.004178277630352827,0.9768786127167629,0.012051373451512908,0.4929531812725091,0.12923245136247666,1.0,0.5202312138728323,0.6954973143909134,HI-VAE_piecewise
0.004230811829342629,0.9700472937467157,0.02830934330273782,0.4500888355342137,0.0823746414479133,2.0,0.44508670520231214,0.6884155540210294,HI-VAE_piecewise
0.004431027711189221,0.9700472937467157,0.02884573508046733,0.46213445378151263,0.14507310387188366,1.0,0.44508670520231214,0.6573110615650224,HI-VAE_piecewise
0.003855323681495025,0.9721492380451919,0.014102290096658527,0.4858703481392558,0.1736229209048376,2.0,0.4624277456647399,0.6681693656589254,HI-VAE_piecewise
0.0034320899134080316,0.9726747241198109,0.028331281340226142,0.445202881152461,0.13885996322059713,3.0,0.47398843930635837,0.6931547876868113,HI-VAE_piecewise
0.00460366668286854,0.9726747241198108,0.01389120327394702,0.3986986794717887,0.14197983498927383,3.0,0.5549132947976878,0.6879342538682965,HI-VAE_piecewise
0.0044576048903043515,0.9695218076720967,0.025409068765306297,0.4841632653061224,0.10087379254135143,2.0,0.5086705202312138,0.6713612264071254,HI-VAE_piecewise
0.006519892493269509,0.9637414608512874,0.025947422161989156,0.4535798319327731,0.12743800716955994,2.0,0.4682080924855491,0.6768966770607246,HI-VAE_piecewise
0.004434480067814831,0.9705727798213346,0.022517271670360158,0.4611476590636254,0.12079850695904842,1.0,0.44508670520231214,0.6936951966453982,HI-VAE_piecewise
0.00452881008338165,0.9742511823436679,0.01437221268804754,0.4644441776710684,0.11900853597666078,3.0,0.5028901734104047,0.6554679140983454,HI-VAE_piecewise
0.004147979428329527,0.9700472937467158,0.01796428702614402,0.3739639855942377,0.1349671695489047,1.0,0.49710982658959535,0.6769553710941218,HI-VAE_piecewise
0.0038439064404759654,0.973725696269049,0.020307548360467394,0.43403601440576234,0.08243288267083751,1.0,0.5202312138728323,0.6740442279148462,HI-VAE_piecewise
0.004418672724440924,0.9700472937467155,0.018538062696107045,0.4803361344537815,0.09940423732234131,2.0,0.4277456647398844,0.6793728942870024,HI-VAE_piecewise
0.004762024925677216,0.9695218076720966,0.019523388658853707,0.4160864345738296,0.08961080432996256,3.0,0.49710982658959535,0.7086721141435259,HI-VAE_piecewise
0.0029736444352592216,0.9710982658959537,0.030746156555084985,0.5142328931572628,0.20382536750596084,2.0,0.41040462427745666,0.6416283736754361,HI-VAE_piecewise
0.0048580277845791725,0.9695218076720966,0.035863787199844864,0.4710636254501801,0.11030764260494391,2.0,0.45664739884393063,0.6907737511963012,HI-VAE_piecewise
0.00416937867304246,0.9732002101944297,0.012419172904108692,0.4877719087635054,0.08985645162135672,4.0,0.49710982658959535,0.6772418909666195,HI-VAE_piecewise
0.0026301021337985135,0.97845507094062,0.01712283566614606,0.44962785114045617,0.16317220282490053,2.0,0.45664739884393063,0.6595887251239656,HI-VAE_piecewise
0.004159254733462576,0.9653179190751445,0.0331303316532768,0.4968499399759905,0.12397927259871167,2.0,0.47398843930635837,0.6760389525127657,HI-VAE_piecewise
0.004118948742935146,0.9684708355228586,0.022182042871503594,0.4550588235294118,0.08513603492258508,2.0,0.5086705202312138,0.6495949722911141,HI-VAE_piecewise
0.00453244258071055,0.9716237519705728,0.013368672446647887,0.46148859543817533,0.14894140950989526,2.0,0.4624277456647399,0.6767708825331754,HI-VAE_piecewise
0.0035378331992151676,0.9763531266421441,0.02081836194341838,0.4551596638655463,0.07704340851915015,4.0,0.44508670520231214,0.695447993595289,HI-VAE_piecewise
0.0042447839064363654,0.973725696269049,0.017816409487977494,0.474249699879952,0.08706355545507878,1.0,0.44508670520231214,0.6435185641252735,HI-VAE_piecewise
0.0033059334458218474,0.9774040987913821,0.01596205276185461,0.49984153661464586,0.1012712890298779,2.0,0.43352601156069365,0.6557143371689997,HI-VAE_piecewise
0.002687508884874926,0.979506043089858,0.017179408922919415,0.41031932773109253,0.07503744511919877,1.0,0.5086705202312138,0.6759568589340511,HI-VAE_piecewise
0.0037593034984875957,0.9710982658959537,0.048066930719792254,0.46390636254501805,0.13926621244197587,2.0,0.4797687861271676,0.675820928131525,HI-VAE_piecewise
0.00436464188286485,0.9784550709406201,0.012182299414121543,0.49573589435774307,0.1892746618355158,1.0,0.49710982658959535,0.6691826958962139,HI-VAE_piecewise
0.004963752482619334,0.9726747241198108,0.017473061176373407,0.4443889555822329,0.06675584344981732,2.0,0.4913294797687861,0.6700317670982657,HI-VAE_piecewise
0.003811416653841822,0.9742511823436679,0.013493682662806558,0.46738055222088837,0.13644106464917835,2.0,0.5433526011560693,0.6467540455426749,HI-VAE_piecewise
0.004393458251061853,0.9737256962690488,0.015753021203963727,0.42856662665066025,0.10748325685378209,1.0,0.4277456647398844,0.6857388212579085,HI-VAE_piecewise
0.003682866086872605,0.9747766684182868,0.010002661127915482,0.44467226890756306,0.11251806119393463,2.0,0.4393063583815029,0.6664585929620964,HI-VAE_piecewise
0.0029208928820912724,0.9742511823436678,0.031037252110385872,0.5053373349339736,0.10804564173510132,3.0,0.43352601156069365,0.6783422494301135,HI-VAE_piecewise
0.004503078215348024,0.9732002101944299,0.021523748523134392,0.48588955582232896,0.14917634796610746,3.0,0.45664739884393063,0.6661962364103183,HI-VAE_piecewise
0.004916340919467669,0.9658434051497635,0.02270090442245289,0.5032941176470589,0.07314487357710256,3.0,0.44508670520231214,0.6408071623808868,HI-VAE_piecewise
0.0037387592193498073,0.9705727798213348,0.017629292065123616,0.46257382953181264,0.06482664604486965,2.0,0.43352601156069365,0.6820757835501415,HI-VAE_piecewise
0.004196329502640723,0.9747766684182868,0.025437526384929444,0.45970228091236487,0.09728192610170588,1.0,0.43352601156069365,0.6378875041750232,HI-VAE_piecewise
0.002882209451072969,0.9747766684182868,0.01913386316763437,0.4659879951980792,0.10569452033005396,1.0,0.47398843930635837,0.6838444461652777,HI-VAE_piecewise
0.003208302058178837,0.9805570152390962,0.019385909815754578,0.44596878751500596,0.16532120667430653,1.0,0.4797687861271676,0.681798420854928,HI-VAE_piecewise
0.004023754399111618,0.9763531266421439,0.0221075373364571,0.4222617046818728,0.06210015223690092,2.0,0.4797687861271676,0.6790844183078515,HI-VAE_piecewise
0.003879744118190838,0.9753021544929058,0.016650055084783344,0.438453781512605,0.0937546207417334,3.0,0.5028901734104047,0.6866905768491965,HI-VAE_piecewise
0.003100585007305709,0.9789805570152391,0.03396123630477339,0.4249579831932773,0.18776493176883707,4.0,0.47398843930635837,0.6643897332051613,HI-VAE_piecewise
0.005058019771388782,0.9689963215974777,0.04031417917883085,0.4631932773109244,0.18431233024270374,3.0,0.4624277456647399,0.6468991504783375,HI-VAE_piecewise
0.003182597860362051,0.977404098791382,0.018175436107561584,0.49940936374549816,0.07948253412026751,3.0,0.42196531791907516,0.6585079863609792,HI-VAE_piecewise
0.0050673130118173,0.9705727798213348,0.032967744385418815,0.5219111644657863,0.093637395437734,2.0,0.48554913294797686,0.6935024667619274,HI-VAE_piecewise
0.003690481150785055,0.9732002101944299,0.02114380863759966,0.5132244897959184,0.10606093148169121,2.0,0.48554913294797686,0.6503144808968097,HI-VAE_piecewise
0.0032290312847327997,0.976878612716763,0.019377393910544306,0.5388187274909964,0.10800164550983982,2.0,0.49710982658959535,0.6659273973237541,HI-VAE_piecewise
0.003787962050541144,0.97845507094062,0.024099904415101493,0.47401920768307326,0.14146653729322745,1.0,0.43352601156069365,0.6601577086328645,HI-VAE_piecewise
0.0030326449301022237,0.97845507094062,0.028309121669526087,0.41367106842737095,0.11036114208817689,1.0,0.4913294797687861,0.6641494932567473,HI-VAE_piecewise
0.003913494062720727,0.9774040987913821,0.02215026068469324,0.41603841536614644,0.12389408238345934,2.0,0.5606936416184971,0.6815457240676112,HI-VAE_piecewise
0.002886436456310534,0.9753021544929059,0.015179028433561649,0.4079759903961585,0.10365731242582767,1.0,0.5144508670520231,0.6749571134568196,HI-VAE_piecewise
0.0035249268660138156,0.9716237519705726,0.021753638316162963,0.5148715486194477,0.09424120408686124,1.0,0.42196531791907516,0.6664832611359849,HI-VAE_piecewise
0.004833943806491486,0.9742511823436679,0.020962823493697977,0.48415366146458594,0.14121069736093395,2.0,0.45664739884393063,0.6624492128348488,HI-VAE_piecewise
0.004752817494946627,0.9689963215974777,0.01706393668183548,0.4505090036014406,0.06999060551812639,2.0,0.49710982658959535,0.6960420988600368,HI-VAE_piecewise
0.004926301632610688,0.9689963215974775,0.019169281381947914,0.4539783913565426,0.07388339299282144,1.0,0.5202312138728323,0.6781381138039212,HI-VAE_piecewise
0.00563573342469805,0.9658434051497635,0.03244024316904965,0.5130060024009604,0.1022926710087419,1.0,0.5260115606936416,0.6464040398861545,HI-VAE_piecewise
0.00395368797318007,0.9726747241198108,0.015500141318335233,0.4454597839135655,0.10560434570459717,2.0,0.48554913294797686,0.6944885207571693,HI-VAE_piecewise
0.004576333436611734,0.9716237519705726,0.016710623815413817,0.45987755102040817,0.12432593608342887,3.0,0.4682080924855491,0.668181630234257,HI-VAE_piecewise
0.0040860521844698254,0.9742511823436679,0.024940184834059603,0.4637094837935175,0.1279986358093756,2.0,0.47398843930635837,0.6750915434771385,HI-VAE_piecewise
0.004253027177437702,0.9726747241198108,0.021914232689484524,0.4159759903961584,0.17823173032436052,3.0,0.5317919075144508,0.6875947684646254,HI-VAE_piecewise
0.0030391934399749965,0.975827640567525,0.018573899347117787,0.47835534213685477,0.21372111183721765,2.0,0.5144508670520231,0.6634752457299212,HI-VAE_piecewise
0.0052429754830271265,0.9716237519705726,0.02403238619184897,0.49638895558223284,0.19525994515192513,2.0,0.41040462427745666,0.6989051992310511,HI-VAE_piecewise
0.003735874356213231,0.9763531266421439,0.015397919187873045,0.4403457382953181,0.24520032250299661,2.0,0.5028901734104047,0.6771306570118605,HI-VAE_piecewise
0.004442358962997289,0.9742511823436679,0.015103517804880557,0.45660504201680674,0.10680019862086537,2.0,0.49710982658959535,0.6820976279701978,HI-VAE_piecewise
0.004395358267084237,0.9695218076720966,0.0291221482853147,0.44812965186074427,0.08341956628368676,2.0,0.48554913294797686,0.6846881258765253,HI-VAE_piecewise
0.0046687237031432065,0.9726747241198107,0.017019656697424425,0.4225210084033614,0.13215711878940162,1.0,0.48554913294797686,0.6742727591945512,HI-VAE_piecewise
0.002870006628101063,0.9789805570152391,0.022481844876972603,0.47112845138055215,0.07738623460643426,1.0,0.5086705202312138,0.6703880890702145,HI-VAE_piecewise
0.004268881713568645,0.9742511823436678,0.014723523645247108,0.4679159663865546,0.14040233279978784,3.0,0.4624277456647399,0.6729853235166157,HI-VAE_piecewise
0.004193647399491424,0.9732002101944299,0.012161395522882859,0.48363985594237696,0.07274101788924157,1.0,0.49710982658959535,0.6807397705977649,HI-VAE_piecewise
0.0045233766764907835,0.9742511823436678,0.036842086292605776,0.5167779111644657,0.2553237134517751,3.0,0.4624277456647399,0.6778184025020878,HI-VAE_piecewise
0.004305051101282636,0.9726747241198107,0.029084724333719073,0.4669291716686675,0.13195123244366794,2.0,0.47398843930635837,0.6857439952617861,HI-VAE_piecewise
0.004223663874444936,0.9784550709406201,0.016095763352840523,0.462593037214886,0.09231157043434379,1.0,0.49710982658959535,0.674750564719056,HI-VAE_piecewise
0.0034134576129324664,0.9742511823436679,0.025969278697151574,0.4520672268907563,0.08137096227688681,1.0,0.4913294797687861,0.6803452506453246,HI-VAE_piecewise
0.0032726893065615254,0.975827640567525,0.020386935476379757,0.4894597839135654,0.07447600122871073,1.0,0.4508670520231214,0.6704233437788006,HI-VAE_piecewise
0.005067251574291895,0.9658434051497635,0.019925058814270723,0.5363889555822329,0.09681934399560696,1.0,0.47398843930635837,0.6592968981665146,HI-VAE_piecewise
0.004101481680714325,0.9747766684182868,0.024355479126464137,0.47013445378151264,0.11169205984422048,1.0,0.4508670520231214,0.7029831172896687,HI-VAE_piecewise
0.005558881567595771,0.9695218076720967,0.011278219473702902,0.4762448979591837,0.11461093535023294,1.0,0.48554913294797686,0.6834623619528518,HI-VAE_piecewise
0.004034936753598657,0.9737256962690488,0.016634067264334768,0.45974069627851144,0.07057086007258541,1.0,0.44508670520231214,0.6762871149810092,HI-VAE_piecewise
0.005273341611086016,0.9716237519705726,0.022676042961849344,0.4954861944777912,0.09446050469457115,1.0,0.4682080924855491,0.6719429430684161,HI-VAE_piecewise
0.002552996128055617,0.9847609038360482,0.014339727362728068,0.448499399759904,0.11223858054919952,1.0,0.47398843930635837,0.6751161990816148,HI-VAE_piecewise
0.004798975878261795,0.9689963215974775,0.012867532928220562,0.43990876350540215,0.11279784006026673,2.0,0.43352601156069365,0.6809605980409081,HI-VAE_piecewise
0.004120477927659277,0.9732002101944297,0.018326756231550584,0.4187995198079232,0.12257131406338212,2.0,0.5317919075144508,0.7113913518011789,HI-VAE_piecewise
0.0035050379497036737,0.977929584866001,0.016418324769273525,0.44553661464585836,0.11660771178892874,2.0,0.5086705202312138,0.6789168852582262,HI-VAE_piecewise
0.0033749616938937147,0.977404098791382,0.01580124830041702,0.5378175270108043,0.12797617692918933,1.0,0.43352601156069365,0.6667620000146774,HI-VAE_piecewise
0.0030536894116397024,0.977929584866001,0.01622233593575162,0.4330228091236495,0.07856188942903775,2.0,0.4797687861271676,0.6804437631315394,HI-VAE_piecewise
0.003458880108627668,0.9784550709406201,0.02079607701497142,0.4188691476590636,0.10764119922157431,1.0,0.5202312138728323,0.6649668331852688,HI-VAE_piecewise
0.0035389111179838987,0.9705727798213348,0.026440815631421345,0.4396110444177671,0.08928837388816037,2.0,0.5086705202312138,0.6476024304130157,HI-VAE_piecewise
0.0042707008457243826,0.9732002101944297,0.01808391519046062,0.4743625450180072,0.19084668165336835,3.0,0.5144508670520231,0.6474902273605022,HI-VAE_piecewise
0.003975202722513501,0.9768786127167629,0.019187913520005713,0.44779591836734695,0.08648177377218563,2.0,0.45664739884393063,0.640698365097175,HI-VAE_piecewise
0.004586937581931013,0.9721492380451917,0.019425735672582916,0.4897358943577432,0.18062906959326686,1.0,0.43352601156069365,0.7099651922086062,HI-VAE_piecewise
0.002329030951062912,0.9842354177614293,0.022551179564843107,0.4219591836734694,0.10317238215994466,2.0,0.4682080924855491,0.6571376838706765,HI-VAE_piecewise
0.003967271009606489,0.9758276405675249,0.030167323027279137,0.4939495798319328,0.11438622710801112,2.0,0.3930635838150289,0.6656961196676145,HI-VAE_piecewise
0.004427759887042331,0.9700472937467157,0.015548804943445503,0.5035726290516207,0.10842436070153395,2.0,0.45664739884393063,0.7029296025215139,HI-VAE_piecewise
0.004456402568562985,0.9663688912243825,0.025884171161427702,0.47705162064825934,0.08756542197793923,1.0,0.5144508670520231,0.6581476261063799,HI-VAE_piecewise
0.004550399150966592,0.976878612716763,0.019803764728848514,0.4130708283313325,0.08045349421065862,1.0,0.5086705202312138,0.6813882702341577,HI-VAE_piecewise
0.0027286806893595406,0.9758276405675249,0.014379959467019057,0.4345474189675871,0.07302888165038307,3.0,0.48554913294797686,0.6731488358499377,HI-VAE_piecewise
0.0036137039776204163,0.9789805570152391,0.020446840515374265,0.41954381752701086,0.07226878759869207,4.0,0.5202312138728323,0.6609711347142833,HI-VAE_piecewise
0.004071919827505242,0.9716237519705726,0.01233710029682932,0.44454741896758704,0.09656524936051386,3.0,0.47398843930635837,0.6885398406482867,HI-VAE_piecewise
0.004402172799942665,0.9684708355228586,0.02402636973675839,0.4546458583433373,0.06795673623409706,2.0,0.5202312138728323,0.6742473195232264,HI-VAE_piecewise
0.005108978927004444,0.9689963215974777,0.0280181279476263,0.5070492196878751,0.0903728187027492,1.0,0.4682080924855491,0.6948705358269386,HI-VAE_piecewise
0.0031876728745559605,0.979506043089858,0.01998954660924506,0.43459783913565425,0.1473430824181836,2.0,0.4508670520231214,0.6503987954648801,HI-VAE_piecewise
0.003832629758618283,0.9774040987913821,0.023691336755428113,0.4532484993997599,0.1578717132355697,2.0,0.5144508670520231,0.6553410111097876,HI-VAE_piecewise
0.00341142862154538,0.9789805570152391,0.02489679728428851,0.531764705882353,0.07002875267056832,2.0,0.42196531791907516,0.641975716120757,HI-VAE_piecewise
0.0031905063509910982,0.9779295848660009,0.011278662295202397,0.45974549819927973,0.09651060386044065,2.0,0.47398843930635837,0.6726733182052879,HI-VAE_piecewise
0.003627494975433876,0.9721492380451917,0.037641647401823644,0.45879951980792316,0.08110439701828764,1.0,0.45664739884393063,0.6702020820678807,HI-VAE_piecewise
0.0034773320162762513,0.9789805570152392,0.012108327840021534,0.4687082833133253,0.0738650455153129,1.0,0.5144508670520231,0.6659054955391678,HI-VAE_piecewise
0.0036809174040892483,0.9763531266421438,0.012693922406072053,0.4835798319327731,0.08916671561658829,2.0,0.5549132947976878,0.6926740176136109,HI-VAE_piecewise
0.005957289626335774,0.9616395165528114,0.018152970456232716,0.47025690276110443,0.07950141395008806,3.0,0.49710982658959535,0.6949584517586992,HI-VAE_piecewise
0.002897233752034317,0.9763531266421439,0.00967530611993829,0.432187274909964,0.162857220739649,2.0,0.5028901734104047,0.6822036955480612,HI-VAE_piecewise
0.002294990371771423,0.9842354177614293,0.015078126331822289,0.42147418967587036,0.10185270363298177,1.0,0.4682080924855491,0.6865276863917068,HI-VAE_piecewise
0.00441501270145721,0.9747766684182868,0.013901171171592744,0.5273469387755101,0.06311700254705915,2.0,0.4797687861271676,0.7015429499433942,HI-VAE_piecewise
0.004958299948575801,0.9674198633736206,0.02362655738977674,0.5130660264105643,0.08241548874065487,1.0,0.41040462427745666,0.6536458390496128,HI-VAE_piecewise
0.004303887426984802,0.9742511823436679,0.019340058438642928,0.4953517406962786,0.1593721733002781,2.0,0.49710982658959535,0.7000512091490947,HI-VAE_piecewise
0.003426529406534833,0.9779295848660009,0.0219888645058872,0.44011524609843933,0.08911773403074659,1.0,0.4913294797687861,0.6693298277996439,HI-VAE_piecewise
0.003154625566513793,0.974776668418287,0.017657151156967428,0.5804897959183674,0.1154375962421283,2.0,0.4046242774566474,0.6898087058886698,HI-VAE_piecewise
0.0032561619535363116,0.9768786127167629,0.02573514926058157,0.49206002400960386,0.15867318651368353,1.0,0.4624277456647399,0.6707060289500046,HI-VAE_piecewise
0.0037307002343550844,0.9726747241198108,0.019938656985557746,0.4339207683073229,0.11939830078678516,2.0,0.49710982658959535,0.6913400808209618,HI-VAE_piecewise
0.003687449218795559,0.977404098791382,0.025701250866491287,0.46755822328931573,0.09935605833793607,1.0,0.4624277456647399,0.6760865227688255,HI-VAE_piecewise
0.004481430452991353,0.9721492380451917,0.02635272897630425,0.4340264105642257,0.12027123312479855,1.0,0.48554913294797686,0.6542849647391039,HI-VAE_piecewise
0.006323655862295673,0.9647924330005254,0.042755272887580575,0.4917695078031213,0.13063359643647837,3.0,0.4797687861271676,0.6752179971983346,HI-VAE_piecewise
0.003747251169769418,0.9721492380451917,0.02187957148722185,0.4326002400960385,0.08156662828892648,2.0,0.49710982658959535,0.6751542738025099,HI-VAE_piecewise
0.0033120608295345525,0.9795060430898581,0.015278958840303667,0.4649939975990396,0.06233604001376461,4.0,0.4624277456647399,0.6467996282418372,HI-VAE_piecewise
0.003137717512668316,0.976878612716763,0.016618546093733436,0.4403265306122449,0.06515664435711709,2.0,0.4508670520231214,0.6660351416370857,HI-VAE_piecewise
0.004840353667536884,0.9705727798213348,0.023843005993662788,0.4374597839135655,0.13932766646562067,2.0,0.49710982658959535,0.6817983495460679,HI-VAE_piecewise
0.0038318323972658867,0.9732002101944297,0.016962957375859507,0.48581992797118845,0.1721746037076167,2.0,0.4913294797687861,0.6727555964901875,HI-VAE_piecewise
0.005395481207429178,0.9674198633736206,0.022268174864878476,0.4913997599039616,0.1256778084451598,2.0,0.44508670520231214,0.6698725680710634,HI-VAE_piecewise
0.003943075741381824,0.9674198633736206,0.02973972317224282,0.43923169267707085,0.16191052741290504,3.0,0.5086705202312138,0.6588598956143896,HI-VAE_piecewise
0.004142329853433927,0.9721492380451917,0.014392916560666316,0.43313805522208887,0.14816091342789503,2.0,0.48554913294797686,0.6548340924722187,HI-VAE_piecewise
0.00505622102936642,0.9695218076720966,0.03500651542845474,0.49329171668667476,0.08065638098977299,1.0,0.4624277456647399,0.7012332502423161,HI-VAE_piecewise
0.0066387289959592,0.9637414608512874,0.02307316296770049,0.46967106842737094,0.09905485960652399,1.0,0.4913294797687861,0.6881938580987463,HI-VAE_piecewise
0.004422231169897965,0.9658434051497635,0.021997171735289003,0.47560144057623044,0.10631458284834591,1.0,0.45664739884393063,0.6870398585666412,HI-VAE_piecewise
0.0031306091495409668,0.979506043089858,0.0325740191596764,0.4329003601440576,0.10001286723492063,3.0,0.4393063583815029,0.6768484863284036,HI-VAE_piecewise
0.002595220887316339,0.9789805570152391,0.031367132125225856,0.3764393757503001,0.10864913016871716,1.0,0.5260115606936416,0.6682341854226899,HI-VAE_piecewise
0.0037560647276174237,0.9742511823436679,0.016871418661218815,0.4685402160864346,0.18508283115151683,2.0,0.4277456647398844,0.6604162991636059,HI-VAE_piecewise
0.003947601658502973,0.9732002101944299,0.022463982695359954,0.44894117647058823,0.16825904170779926,1.0,0.48554913294797686,0.7062301485142859,HI-VAE_piecewise
0.003499527057382333,0.975827640567525,0.02064740862551124,0.38593517406962785,0.166739471314139,3.0,0.45664739884393063,0.6501150678832026,HI-VAE_piecewise
0.003928239228642269,0.9726747241198108,0.024631907412351536,0.47433373349339736,0.09063442128145724,1.0,0.47398843930635837,0.6937130427046817,HI-VAE_piecewise
0.004897884726904224,0.9705727798213348,0.015278366708205371,0.3942713085234094,0.1046274109087198,1.0,0.5086705202312138,0.6926054261803279,HI-VAE_piecewise
0.005055109569015929,0.9632159747766683,0.019620453189109616,0.5329435774309724,0.08829190747049669,2.0,0.4046242774566474,0.6915495198325476,HI-VAE_piecewise
0.004073376531512013,0.9747766684182868,0.01890590507840106,0.5121536614645857,0.1104077572730101,2.0,0.5317919075144508,0.6748363314560123,HI-VAE_piecewise
0.004103631206752049,0.975827640567525,0.024397311419971358,0.4471596638655463,0.07713788941861686,1.0,0.49710982658959535,0.6676238843076082,HI-VAE_piecewise
0.006547567187143242,0.9621650026274305,0.015447247584677408,0.4592941176470588,0.11632771570538304,1.0,0.47398843930635837,0.6813277602394617,HI-VAE_piecewise
0.003645926818290264,0.974776668418287,0.021584184310203224,0.47756782713085233,0.07093785112515452,1.0,0.4682080924855491,0.6577565221086897,HI-VAE_piecewise
0.006344016447262663,0.9663688912243825,0.02900367244292625,0.5134813925570227,0.1083449986689096,2.0,0.47398843930635837,0.6486917158597265,HI-VAE_piecewise
0.004863113466926065,0.9732002101944299,0.01682941233474839,0.5187611044417767,0.1229445366476077,1.0,0.4624277456647399,0.6657860685975633,HI-VAE_piecewise
0.002208441158121718,0.9821334734629533,0.0207574170714132,0.4751188475390157,0.07515259033983906,1.0,0.47398843930635837,0.6620554727906786,HI-VAE_piecewise
0.004980866894837858,0.9684708355228586,0.018093594222322675,0.5106794717887155,0.11490511741638895,1.0,0.4624277456647399,0.6556806963375541,HI-VAE_piecewise
0.0027009225295472005,0.9779295848660009,0.012682488053716169,0.5177599039615847,0.0942559650279741,2.0,0.42196531791907516,0.7026935957218607,HI-VAE_piecewise
0.004133596237349362,0.9695218076720966,0.02486629287400444,0.5239663865546218,0.1114787798835767,1.0,0.4682080924855491,0.6658711994293842,HI-VAE_piecewise
0.003670606477362207,0.977929584866001,0.016788250699358617,0.4251860744297719,0.1132414925546804,2.0,0.5317919075144508,0.6736376189926041,HI-VAE_piecewise
0.00296740902344735,0.9795060430898581,0.014047142742489567,0.4915822328931573,0.09296461253001304,1.0,0.47398843930635837,0.6722346711331573,HI-VAE_piecewise
0.00457829833910053,0.9710982658959537,0.026986539846726082,0.4973349339735894,0.09993810603994636,3.0,0.43352601156069365,0.6594067233489946,HI-VAE_piecewise
0.005723847188578085,0.9705727798213346,0.01786368007658874,0.4492076830732293,0.07656251030839487,1.0,0.4624277456647399,0.6749137801887969,HI-VAE_piecewise
0.0036727018091021815,0.9737256962690487,0.022543286436300384,0.5858967587034813,0.07338162912022876,1.0,0.5433526011560693,0.6679873845216215,HI-VAE_piecewise
0.003556664607074552,0.9732002101944299,0.03049357716421587,0.4070348139255702,0.12741245759164382,1.0,0.48554913294797686,0.6704258382349129,HI-VAE_piecewise
0.004168934884313408,0.9768786127167629,0.02203321032354191,0.41152941176470587,0.09291610963776235,3.0,0.5260115606936416,0.6713519889755621,HI-VAE_piecewise
0.003082940345981534,0.9774040987913821,0.02039020641079618,0.42738055222088833,0.06868596351499157,3.0,0.5144508670520231,0.6786839987331738,HI-VAE_piecewise
0.0037633879644011,0.9732002101944297,0.025003407014675013,0.47671548619447784,0.12290048293798138,2.0,0.4277456647398844,0.6604181343421288,HI-VAE_piecewise
0.003031111967141162,0.9826589595375722,0.013468379441534322,0.4101680672268907,0.10873766493253245,1.0,0.5202312138728323,0.6713819155288322,HI-VAE_piecewise
0.0034407917732119553,0.9758276405675249,0.014366334435660143,0.5037863145258104,0.12156036045224522,2.0,0.4161849710982659,0.6729287392948223,HI-VAE_piecewise
0.00324346260931227,0.9789805570152391,0.012423257699475785,0.4512052821128452,0.13253253739082368,1.0,0.48554913294797686,0.6921118771548013,HI-VAE_piecewise
0.003663343006975639,0.9742511823436679,0.01677483802245181,0.4254885954381752,0.07985800179151578,2.0,0.45664739884393063,0.6650409319701474,HI-VAE_piecewise
0.0033991896121975205,0.9742511823436679,0.03148859885780693,0.4814501800720287,0.08504914650499311,1.0,0.5202312138728323,0.6530037450190692,HI-VAE_piecewise
0.002360433617997078,0.9858118759852864,0.017078205953807477,0.4485570228091237,0.06877465096186731,2.0,0.4797687861271676,0.6545173498911264,HI-VAE_piecewise
0.004455379871181105,0.9732002101944297,0.01779180531234546,0.43984153661464587,0.08036727211269656,2.0,0.49710982658959535,0.6686313032882035,HI-VAE_piecewise
0.0034954754198513616,0.9810825013137152,0.01484014571141349,0.4360720288115246,0.07661161452235685,1.0,0.4797687861271676,0.6708238675594882,HI-VAE_piecewise
0.003785104114391023,0.9732002101944297,0.015913626609397203,0.42615606242497,0.07639344586971653,2.0,0.4797687861271676,0.6668159575542323,HI-VAE_piecewise
0.00388386965944059,0.9700472937467157,0.01582575413660204,0.46937815126050425,0.08817769207442265,2.0,0.4508670520231214,0.6922829515834514,HI-VAE_piecewise
0.004130845888982377,0.9753021544929059,0.01682625683375569,0.4856350540216086,0.07824110391326568,2.0,0.4682080924855491,0.6644921280935883,HI-VAE_piecewise
0.0036184054139935294,0.9726747241198107,0.036261222882242775,0.4287827130852341,0.1052470453719356,2.0,0.5028901734104047,0.6770326074512895,HI-VAE_piecewise
0.004815945204234563,0.9658434051497635,0.02887368792189739,0.4616614645858344,0.07941132466278919,1.0,0.48554913294797686,0.6802910305972144,HI-VAE_piecewise
0.004488662076266449,0.9710982658959537,0.025914129645890457,0.4463625450180072,0.19014363276002602,2.0,0.4161849710982659,0.6686651187745607,HI-VAE_piecewise
0.0024607206376210315,0.9816079873883342,0.016985445832059097,0.46824489795918367,0.13286164664407404,1.0,0.5317919075144508,0.6969841209172691,HI-VAE_piecewise
0.004772705397833264,0.9737256962690488,0.018158904230457136,0.44990636254501803,0.06876021771989287,1.0,0.4508670520231214,0.6372548833201112,HI-VAE_piecewise
0.00435413221552091,0.9674198633736206,0.028038772163101685,0.4909003601440576,0.08007274813090906,2.0,0.49710982658959535,0.6615360908346326,HI-VAE_piecewise
0.004202172627178473,0.9700472937467157,0.015024144022924193,0.44204561824729893,0.08009394064367888,2.0,0.5086705202312138,0.6461863105673816,HI-VAE_piecewise
0.004347065955538008,0.9679453494482395,0.023654420452523903,0.46637214885954387,0.15595310898153264,1.0,0.4393063583815029,0.6494698826264114,HI-VAE_piecewise
0.0043902380383111445,0.9721492380451917,0.01683488182156238,0.432408163265306,0.08076495254808806,2.0,0.45664739884393063,0.6837558057468829,HI-VAE_piecewise
0.003479017385854109,0.9742511823436678,0.018997294777292253,0.5196782713085234,0.12426020644106091,1.0,0.3930635838150289,0.7002303457475139,HI-VAE_piecewise
0.003043169837166648,0.9805570152390962,0.0167084752901315,0.47007923169267707,0.10628980937342059,1.0,0.44508670520231214,0.6829589167805606,HI-VAE_piecewise
0.004834288343950477,0.9658434051497636,0.019568792549613093,0.4940696278511405,0.1802656690024007,1.0,0.48554913294797686,0.6787278339890966,HI-VAE_piecewise
0.004900783318616126,0.9705727798213346,0.03720349247689616,0.41076110444177666,0.15194200400273783,4.0,0.5375722543352601,0.6783551770162918,HI-VAE_piecewise
0.003537735268928675,0.976878612716763,0.023415138819503467,0.40775990396158457,0.16003799236090596,2.0,0.4913294797687861,0.6792724979006531,HI-VAE_piecewise
0.004988204416518427,0.9753021544929059,0.029851152720714896,0.5088547418967587,0.11291083950606817,1.0,0.4277456647398844,0.6817851015979193,HI-VAE_piecewise
0.0031700851863689945,0.9789805570152391,0.021653422683277843,0.4850060024009604,0.18887102609121736,2.0,0.5086705202312138,0.6665351811775974,HI-VAE_piecewise
0.0033904949801408417,0.9710982658959537,0.018149361094720633,0.43319567827130856,0.06830795306084307,3.0,0.5028901734104047,0.6851705734278447,HI-VAE_piecewise
0.0035597823762257047,0.975827640567525,0.01737431753527146,0.469968787515006,0.15603596347224383,1.0,0.41040462427745666,0.6716730694390869,HI-VAE_piecewise
0.00419020110952593,0.9716237519705728,0.03275244165034213,0.4478559423769508,0.15121780073825733,3.0,0.44508670520231214,0.6730213296518606,HI-VAE_piecewise
0.00398240963586889,0.9742511823436678,0.02101110546023057,0.4668787515006002,0.1412586859042038,1.0,0.47398843930635837,0.6896312053120152,HI-VAE_piecewise
0.002583917756628169,0.9789805570152389,0.021799968713160835,0.45380072028811524,0.06497242369548865,1.0,0.48554913294797686,0.6615245825447253,HI-VAE_piecewise
0.004215934286649125,0.9700472937467157,0.014352868137869188,0.40589675870348146,0.12333953655110673,1.0,0.5317919075144508,0.6664321748893695,HI-VAE_piecewise
0.006050192299255546,0.9611140304781923,0.026690725027667166,0.5633949579831934,0.0853416340485705,3.0,0.4624277456647399,0.6591675735496522,HI-VAE_piecewise
0.0031888346651305984,0.979506043089858,0.02118570786995246,0.43202641056422575,0.12318731557077181,1.0,0.4797687861271676,0.6710817897494384,HI-VAE_piecewise
0.004820703905275636,0.9716237519705726,0.02862906826757333,0.4973685474189676,0.07613962254368381,1.0,0.4797687861271676,0.6771568761887796,HI-VAE_piecewise
0.004278564545886136,0.974776668418287,0.03198103303540132,0.474187274909964,0.20258543392395328,1.0,0.44508670520231214,0.6684683073696812,HI-VAE_piecewise
0.0042765395957727655,0.9710982658959537,0.03064959729357325,0.49011764705882355,0.1624671187198325,2.0,0.4508670520231214,0.6506344607419204,HI-VAE_piecewise
0.0051455681569959645,0.9721492380451919,0.04035210396283531,0.3917647058823529,0.2285346559366107,3.0,0.4624277456647399,0.6669027433814564,HI-VAE_piecewise
0.003520116231883079,0.977929584866001,0.019209768601539806,0.4703961584633854,0.08234221188441523,2.0,0.3988439306358382,0.660636420478838,HI-VAE_piecewise
0.004366184968238506,0.9695218076720966,0.03125549098357298,0.5711980792316927,0.09022996113964551,2.0,0.47398843930635837,0.7058225134310537,HI-VAE_piecewise
0.010577832827737842,0.933263268523384,0.0818075591529933,0.6731596638655463,0.05849290959734514,1.0,0.3930635838150289,0.6245244062202012,Surv-GAN
0.006342795077957614,0.9521807672096689,0.058590251421186006,0.5819207683073229,0.09406276809230144,1.0,0.4393063583815029,0.6225122791864718,Surv-GAN
0.009037666063423794,0.9411455596426695,0.03868181575893575,0.513483793517407,0.05552426403668557,2.0,0.4682080924855491,0.6381373977756145,Surv-GAN
0.007437476377054448,0.9548081975827641,0.03357365482788472,0.5778031212484993,0.10136213342287466,1.0,0.4277456647398844,0.6178786114195443,Surv-GAN
0.00965945613215398,0.9374671571203362,0.0656858771468716,0.6517503001200481,0.05749755273675099,1.0,0.42196531791907516,0.6206763321015196,Surv-GAN
0.008676461710196625,0.9458749343142405,0.04880171951382175,0.583466986794718,0.057507318326082336,1.0,0.4046242774566474,0.6505000631489994,Surv-GAN
0.01141443125005933,0.9306358381502889,0.031386986491070266,0.6350492196878752,0.11609623340691445,1.0,0.42196531791907516,0.6546572549048398,Surv-GAN
0.007283043454649469,0.9479768786127167,0.04527789216727377,0.6683721488595439,0.06164259813062529,1.0,0.4508670520231214,0.6288791738784024,Surv-GAN
0.009127036728554192,0.9485023646873358,0.04995850980585067,0.5914285714285714,0.05886802233606917,1.0,0.3930635838150289,0.6276346774669948,Surv-GAN
0.0067552519043976265,0.9532317393589071,0.06895768594304216,0.6658223289315727,0.07802431910802331,1.0,0.3815028901734104,0.6172032449320769,Surv-GAN
0.007675700092856044,0.9495533368365737,0.04655094634265724,0.592014405762305,0.07975692239188922,1.0,0.3699421965317919,0.6418585635770889,Surv-GAN
0.010978535809057423,0.932212296374146,0.0515385605683545,0.6722617046818727,0.12273104653361759,1.0,0.3930635838150289,0.6642129748103015,Surv-GAN
0.0070573315783649445,0.9490278507619547,0.03473253500748607,0.6484153661464586,0.13004133386806296,1.0,0.44508670520231214,0.6314754776159941,Surv-GAN
0.010461447017094639,0.9353652128218602,0.04231073648808715,0.6406482593037215,0.09513401453902054,1.0,0.4046242774566474,0.6019124486323545,Surv-GAN
0.006497848391371074,0.9569101418812401,0.030666870578388655,0.5661800720288115,0.05354132993322343,1.0,0.4508670520231214,0.6530835853019252,Surv-GAN
0.007086591655292195,0.953757225433526,0.033397620484338,0.5500504201680673,0.06852272469963562,1.0,0.48554913294797686,0.658833373748436,Surv-GAN
0.01088800436083628,0.9364161849710982,0.06894949852276623,0.6873229291716687,0.06675222015747782,1.0,0.45664739884393063,0.6495112003107609,Surv-GAN
0.008434629585127917,0.9500788229111929,0.04827101201969686,0.5819495798319327,0.059324643887098745,1.0,0.43352601156069365,0.6713243815108568,Surv-GAN
0.007698426623678736,0.9474513925380976,0.0466159872122554,0.5690900360144058,0.058436741062254716,1.0,0.43352601156069365,0.6399037161000221,Surv-GAN
0.008990440166142675,0.9453494482396216,0.044967396571579256,0.5389627851140456,0.06397749849186657,1.0,0.48554913294797686,0.6601873374151925,Surv-GAN
0.007794502089715529,0.9563846558066212,0.04643352041490405,0.598499399759904,0.06764159295976235,1.0,0.3872832369942196,0.6173266639180073,Surv-GAN
0.009043870035346839,0.9427220178665265,0.0660296252528857,0.5715678271308523,0.054991054865317884,3.0,0.47398843930635837,0.6382258783913568,Surv-GAN
0.007052304459203052,0.9542827115081451,0.0451580938144149,0.5877863145258103,0.05644919967093846,1.0,0.43352601156069365,0.6200954332080242,Surv-GAN
0.008091438669687201,0.9490278507619547,0.049640751180288385,0.66171668667467,0.08375263382199742,1.0,0.3930635838150289,0.6385679710698898,Surv-GAN
0.006570329703125041,0.9516552811350497,0.07566055000111858,0.6252917166866747,0.05917792601174809,1.0,0.3872832369942196,0.6347503253389207,Surv-GAN
0.006083744270404464,0.9590120861797163,0.05011515237618125,0.5137887154861945,0.07556738543877237,1.0,0.5028901734104047,0.6603808472440222,Surv-GAN
0.008486709646738045,0.9479768786127167,0.04162456796399095,0.560124849939976,0.0630294523797051,1.0,0.5028901734104047,0.6116527101181085,Surv-GAN
0.008008257827026157,0.9479768786127167,0.05361890145351101,0.5811548619447778,0.08057905016131271,1.0,0.4277456647398844,0.6173750262193108,Surv-GAN
0.005204682778820449,0.9621650026274305,0.05650473901002401,0.6187418967587035,0.057858907090860695,1.0,0.3930635838150289,0.6261117225408245,Surv-GAN
0.00594772586945719,0.9590120861797163,0.04041708569033765,0.549951980792317,0.12117713925120371,1.0,0.4393063583815029,0.6211888834651111,Surv-GAN
0.007291962082261991,0.9563846558066212,0.04147335145288484,0.6246866746698678,0.060660481610707105,1.0,0.42196531791907516,0.6453391965305276,Surv-GAN
0.006925866687093193,0.95165528113505,0.03906392864008141,0.6295750300120048,0.05738667502623093,1.0,0.45664739884393063,0.6652291045666955,Surv-GAN
0.007391559989769564,0.9548081975827639,0.03734847338051868,0.5683337334933973,0.05718462682079065,1.0,0.4508670520231214,0.6144144985326334,Surv-GAN
0.007705683614475252,0.9490278507619547,0.07798636740091253,0.5877238895558223,0.06353838849159786,1.0,0.43352601156069365,0.6341608396667326,Surv-GAN
0.0077950429900996284,0.9485023646873358,0.05479833526838183,0.6042905162064826,0.06340103861164356,1.0,0.4624277456647399,0.6360707350235234,Surv-GAN
0.0075769136196717326,0.954282711508145,0.04178504061309823,0.5586194477791115,0.0946669742077502,1.0,0.3815028901734104,0.6482267927743213,Surv-GAN
0.008659273677902254,0.9511297950604309,0.04037747874679715,0.5654669867947179,0.0839577031942554,1.0,0.4797687861271676,0.601127583838624,Surv-GAN
0.009476719478779356,0.9432475039411456,0.05161662915369252,0.5919879951980793,0.05887966859400645,1.0,0.3930635838150289,0.6310266607549835,Surv-GAN
0.00668100743692549,0.9558591697320022,0.04322948111766448,0.5142857142857142,0.06331515794195597,1.0,0.4913294797687861,0.6701669075892769,Surv-GAN
0.007432188941839149,0.9479768786127167,0.033383431644994986,0.6187875150060025,0.0780090207646851,1.0,0.4508670520231214,0.6496253332324378,Surv-GAN
0.00859218772922426,0.9500788229111928,0.04868689653344182,0.5599831932773109,0.06700605113701344,2.0,0.48554913294797686,0.622025075249823,Surv-GAN
0.008247999966847112,0.9479768786127167,0.043724729549377686,0.6301416566626651,0.06447741310776862,1.0,0.4508670520231214,0.6338831049787986,Surv-GAN
0.006125512896800953,0.9548081975827641,0.04976218944718648,0.5886242496998799,0.08027289531395229,1.0,0.45664739884393063,0.6329589370201035,Surv-GAN
0.00846739603313257,0.9432475039411456,0.070444331892503,0.5600456182472989,0.06120366794905848,1.0,0.3988439306358382,0.6691709028973327,Surv-GAN
0.007344876004117826,0.9421965317919075,0.07800908892606478,0.6603361344537815,0.056851111494819785,1.0,0.4277456647398844,0.626110914328438,Surv-GAN
0.008784349413583142,0.9453494482396216,0.03352969327711329,0.6089459783913564,0.1278282607456085,1.0,0.4508670520231214,0.6414974661861277,Surv-GAN
0.008468367243098896,0.95165528113505,0.05314245378434055,0.6271164465786314,0.07492976785884231,1.0,0.4046242774566474,0.6452750243207979,Surv-GAN
0.00551436951536757,0.9590120861797161,0.04586778510240195,0.5566770708283313,0.11869152607344223,1.0,0.4797687861271676,0.6304433570395381,Surv-GAN
0.00739011232029122,0.9553336836573831,0.029986709907005187,0.6089651860744298,0.061630168010868853,2.0,0.43352601156069365,0.6244144657490044,Surv-GAN
0.008114595405051649,0.9448239621650025,0.05912500857951456,0.5777166866746699,0.07708040992784711,1.0,0.4393063583815029,0.6191222217467737,Surv-GAN
0.006091640672859471,0.953757225433526,0.046141957456411704,0.6170300120048019,0.06187423253098044,1.0,0.41040462427745666,0.6149143499329872,Surv-GAN
0.007610545039792405,0.9521807672096689,0.030790014316723065,0.6276926770708282,0.13046459014941864,1.0,0.42196531791907516,0.6232715943276422,Surv-GAN
0.008561734103030738,0.9374671571203362,0.05151954377488705,0.6399015606242496,0.05350022827614898,1.0,0.3872832369942196,0.6446401496389079,Surv-GAN
0.005960228464574117,0.952706253284288,0.024675997432638763,0.5890444177671068,0.11293660772062675,1.0,0.4508670520231214,0.6451990706388991,Surv-GAN
0.007879175796730092,0.9437729900157645,0.0445434242634749,0.5863553421368548,0.053134675756496615,1.0,0.4393063583815029,0.686366730391371,Surv-GAN
0.008898959556112114,0.9458749343142407,0.0392592800824764,0.5777070828331332,0.05814237393669762,1.0,0.45664739884393063,0.643779855986493,Surv-GAN
0.009157137673794228,0.9421965317919075,0.062328488801405034,0.614873949579832,0.06583641209497551,1.0,0.37572254335260113,0.6194933533071737,Surv-GAN
0.008556394202097483,0.9511297950604308,0.045295234969597184,0.5662472989195679,0.055679045460994094,2.0,0.4161849710982659,0.641938479557605,Surv-GAN
0.007826476576463714,0.9506043089858118,0.03163680825667176,0.5996686674669868,0.06583775066829874,1.0,0.41040462427745666,0.6284944396866617,Surv-GAN
0.007714133151643273,0.954282711508145,0.04525522991979942,0.5868427370948379,0.057127349651891306,2.0,0.4393063583815029,0.6416603755854223,Surv-GAN
0.008077954003000402,0.9542827115081451,0.02994902295196323,0.5700936374549819,0.06683586502911837,2.0,0.4277456647398844,0.6434888912138752,Surv-GAN
0.007771378195720774,0.9500788229111928,0.03789353066799281,0.6046386554621849,0.057911522911398665,1.0,0.4277456647398844,0.6377586649554718,Surv-GAN
0.00828633134358636,0.9521807672096688,0.04151014866849365,0.6013877551020407,0.06207681518676947,1.0,0.43352601156069365,0.6240550415545166,Surv-GAN
0.006637670119241961,0.9574356279558592,0.04516425738758944,0.5643985594237695,0.08830494392657341,1.0,0.36416184971098264,0.6232024901568748,Surv-GAN
0.008183640021880028,0.9406200735680504,0.05802949945011708,0.6450852340936375,0.06165923055434191,3.0,0.3930635838150289,0.6207806331277309,Surv-GAN
0.005754554552561079,0.9590120861797161,0.04524759591534259,0.5681752701080433,0.05523906210713008,1.0,0.45664739884393063,0.6339025569483082,Surv-GAN
0.006870012711057628,0.953757225433526,0.05120282339834998,0.5624753901560624,0.05772219337768387,1.0,0.43352601156069365,0.644829589075906,Surv-GAN
0.009449949730941938,0.9453494482396216,0.04106863952755524,0.6012412965186075,0.06068513128279858,2.0,0.4508670520231214,0.6574979579889334,Surv-GAN
0.007318740914114505,0.9458749343142407,0.0746174582512255,0.5980744297719087,0.05691208225048832,1.0,0.44508670520231214,0.669362541583915,Surv-GAN
0.00818168128541379,0.953231739358907,0.0364328044198196,0.6340120048019208,0.07733121628716393,1.0,0.3988439306358382,0.6521836520276061,Surv-GAN
0.009234563144156115,0.9395691014188123,0.04609368420979916,0.6178223289315727,0.07261976868864452,1.0,0.42196531791907516,0.6646542497430239,Surv-GAN
0.0067260944110795464,0.9611140304781923,0.02576565714178121,0.5816902761104441,0.06427250712096685,1.0,0.4393063583815029,0.655159940122858,Surv-GAN
0.007186729281414662,0.9563846558066212,0.04103513543775095,0.5754117647058823,0.059957601018291194,1.0,0.47398843930635837,0.6169594614121144,Surv-GAN
0.007539356492232005,0.9521807672096689,0.03809002190570981,0.56953181272509,0.06162199047645895,1.0,0.4393063583815029,0.6213305881935701,Surv-GAN
0.007116090801070438,0.9527062532842879,0.04522729066322542,0.5918727490996398,0.12664307691211754,1.0,0.3872832369942196,0.6143804961495979,Surv-GAN
0.00867705941429258,0.955333683657383,0.03170818476889474,0.6032124849939976,0.06116432748011697,3.0,0.3699421965317919,0.6440761009167456,Surv-GAN
0.006731557696548526,0.9584866001050972,0.02989400825869438,0.5739927971188477,0.11527732196339766,2.0,0.5086705202312138,0.6162199985060788,Surv-GAN
0.008576585467788748,0.9406200735680504,0.03153295652068788,0.6495246098439376,0.10536242522258654,1.0,0.4161849710982659,0.6205214864162859,Surv-GAN
0.007654074183582966,0.9453494482396217,0.06174885352626278,0.6331524609843938,0.10133172985355535,1.0,0.36416184971098264,0.6381232432771089,Surv-GAN
0.007315063198449726,0.9485023646873358,0.05315640800944319,0.6048355342136855,0.05809385502154463,4.0,0.42196531791907516,0.6293349587392117,Surv-GAN
0.007330414319464657,0.9490278507619547,0.021593316942542923,0.6114141656662665,0.16816912146674953,1.0,0.4624277456647399,0.6509340820301285,Surv-GAN
0.007989740618830964,0.9490278507619547,0.04505388756136376,0.6231836734693876,0.0812462312921416,1.0,0.3988439306358382,0.6409090561569323,Surv-GAN
0.006405280910676633,0.952706253284288,0.05496479287315386,0.5488355342136855,0.057003361472104316,2.0,0.4393063583815029,0.6075189324692443,Surv-GAN
0.005690805073586882,0.9647924330005253,0.042657409389272045,0.6352581032412965,0.06828260168660093,1.0,0.4277456647398844,0.6552251690566985,Surv-GAN
0.007194150250933823,0.9558591697320019,0.0349312901456047,0.5332773109243698,0.09687603259802378,1.0,0.4797687861271676,0.6170790717460992,Surv-GAN
0.007858769182482711,0.953757225433526,0.03996481140136237,0.5855606242496998,0.05957840910533324,1.0,0.4508670520231214,0.628529557971296,Surv-GAN
0.007778882536531087,0.9474513925380978,0.020232444060244964,0.6123169267707083,0.08627981332429308,1.0,0.4161849710982659,0.65867848820408,Surv-GAN
0.0060606100738303005,0.9584866001050972,0.049736738500802756,0.5528211284513805,0.09092412772856717,1.0,0.3988439306358382,0.6360062434270238,Surv-GAN
0.007331217666445174,0.9527062532842879,0.02661585546682298,0.5748979591836735,0.06320472080536357,3.0,0.45664739884393063,0.6356811253551388,Surv-GAN
0.009527916725242289,0.9390436153441933,0.028194134415029666,0.6498295318127252,0.10336539240329727,1.0,0.41040462427745666,0.6175815298550359,Surv-GAN
0.008247836524831569,0.9332632685233843,0.049774800898723645,0.6714669867947178,0.062136716881064785,1.0,0.3930635838150289,0.6238805115270859,Surv-GAN
0.009030538221177909,0.9464004203888596,0.03791117640644087,0.6135198079231693,0.06494232607914706,1.0,0.43352601156069365,0.6282927809508753,Surv-GAN
0.006004231736108283,0.956384655806621,0.0531690267605794,0.5637406962785113,0.10100789178240563,1.0,0.42196531791907516,0.6738276143105452,Surv-GAN
0.0064492807134196315,0.9569101418812401,0.04260290218782063,0.596436974789916,0.05528698188314022,1.0,0.41040462427745666,0.6468154627619375,Surv-GAN
0.007223951765279665,0.9548081975827641,0.04439226082038951,0.5564969987995199,0.0651086459322504,1.0,0.4624277456647399,0.6351142826554359,Surv-GAN
0.007725536449835083,0.9479768786127167,0.028503771902253835,0.5486674669867948,0.10162112145848876,1.0,0.4624277456647399,0.6242349633084868,Surv-GAN
0.008489027499920181,0.9442984760903834,0.04053106748185795,0.5374765906362546,0.052908651293648204,1.0,0.4393063583815029,0.6279305263964877,Surv-GAN
0.008684627819972727,0.9485023646873357,0.07081783042831,0.5188907563025211,0.05583413179684723,3.0,0.45664739884393063,0.6412358460920654,Surv-GAN
0.00801065121443968,0.9458749343142407,0.05375693956033751,0.6337887154861945,0.05284718042116521,1.0,0.4277456647398844,0.6289573475767887,Surv-GAN
0.007737698257805264,0.955333683657383,0.035010009898051905,0.5619471788715487,0.06225006154941174,1.0,0.4508670520231214,0.6233052465158186,Surv-GAN
0.005939271948280108,0.9626904887020494,0.03287030255448827,0.5216854741896759,0.17600325762884464,1.0,0.4797687861271676,0.6094579909134602,Surv-GAN
0.007925601330644391,0.9495533368365738,0.04241095668313113,0.6000720288115245,0.1538819699297173,1.0,0.41040462427745666,0.6516191022614224,Surv-GAN
0.00772860916864811,0.9442984760903834,0.04414096302733389,0.6250804321728691,0.05660865436258078,1.0,0.4508670520231214,0.6514713294891656,Surv-GAN
0.0070161841964090504,0.9569101418812401,0.04075618536966117,0.5870036014405763,0.05887888360934621,1.0,0.41040462427745666,0.6234497195232044,Surv-GAN
0.009288184674936542,0.9453494482396216,0.04761532245360712,0.6480720288115246,0.059321752114567125,1.0,0.4393063583815029,0.6733970123058205,Surv-GAN
0.008513918676990844,0.9432475039411456,0.04702588254638984,0.6293445378151261,0.10225284112258308,1.0,0.4508670520231214,0.6369701640370224,Surv-GAN
0.0068762344741106615,0.9548081975827641,0.04269588883611542,0.5707515006002402,0.1137039846907732,1.0,0.45664739884393063,0.6496381659460649,Surv-GAN
0.00821359938643839,0.9458749343142405,0.0625248629030871,0.5694021608643457,0.059563958868242624,3.0,0.3930635838150289,0.6462795565633755,Surv-GAN
0.008978433252269259,0.9427220178665265,0.05318217345928495,0.6438151260504202,0.11969270263254371,1.0,0.44508670520231214,0.6398738071805843,Surv-GAN
0.006824886199462934,0.9490278507619547,0.06730375966607294,0.6330108043217287,0.08456848213682555,1.0,0.43352601156069365,0.6467738106363007,Surv-GAN
0.008899224731293405,0.9485023646873358,0.03558088047175181,0.60678031212485,0.0571839685804995,3.0,0.42196531791907516,0.5995731975130205,Surv-GAN
0.007346970603751715,0.9506043089858118,0.05233103422437259,0.586201680672269,0.06406487768488678,1.0,0.44508670520231214,0.6255892555111979,Surv-GAN
0.006348319787117338,0.9527062532842879,0.054131289773383634,0.5950156062424969,0.061469868486991854,1.0,0.43352601156069365,0.6544266551459414,Surv-GAN
0.008665342926928879,0.9458749343142407,0.04038842934964052,0.6492965186074431,0.06613139034487182,1.0,0.3930635838150289,0.6260439688271819,Surv-GAN
0.00839700988202294,0.9464004203888596,0.027210051254837074,0.611294117647059,0.14220665641766495,1.0,0.4161849710982659,0.6540938280526272,Surv-GAN
0.005836271235314822,0.9647924330005254,0.045131471943736866,0.5401152460984393,0.05731891681175351,2.0,0.3930635838150289,0.6002607294217265,Surv-GAN
0.006904207957192741,0.9521807672096689,0.037552132538717815,0.5395582232893158,0.09019154871743543,1.0,0.4277456647398844,0.6111960021763674,Surv-GAN
0.008195479014904897,0.9521807672096689,0.06016904318605393,0.5673733493397359,0.055169407106789796,1.0,0.4797687861271676,0.6093523588413291,Surv-GAN
0.00664236357424764,0.9548081975827641,0.03385588826751062,0.5889123649459784,0.0730896650921816,2.0,0.4508670520231214,0.6082411400110544,Surv-GAN
0.006772765833359437,0.9521807672096689,0.03999524766909465,0.5968835534213686,0.132257748566905,2.0,0.4046242774566474,0.651892143203344,Surv-GAN
0.008985647096687015,0.9416710457172885,0.06305892418439846,0.5882448979591837,0.06381287057033848,1.0,0.4393063583815029,0.6541238821476208,Surv-GAN
0.006081204335465348,0.9647924330005254,0.055078910833255126,0.562235294117647,0.053336543364727027,1.0,0.45664739884393063,0.6630173955826406,Surv-GAN
0.006101995674198063,0.9600630583289541,0.0495724890241439,0.6049411764705883,0.056800263432517255,1.0,0.4797687861271676,0.656814373052837,Surv-GAN
0.007339043722802584,0.9548081975827641,0.04800977636004475,0.5568499399759904,0.10509055959522015,1.0,0.4046242774566474,0.6316155727688477,Surv-GAN
0.008815514080423479,0.9479768786127167,0.03311527203566459,0.6556830732292918,0.06831202988061995,1.0,0.42196531791907516,0.6325711635872704,Surv-GAN
0.007898832456930273,0.9458749343142407,0.04113027511501028,0.6392052821128452,0.08389880469397415,1.0,0.45664739884393063,0.6362080768852353,Surv-GAN
0.006425041659411923,0.9563846558066212,0.045264442957611825,0.6336974789915966,0.10478307905077115,1.0,0.4508670520231214,0.6178640025954204,Surv-GAN
0.007428750320641484,0.9500788229111929,0.04987144388909628,0.5605834333733493,0.05475296224919712,1.0,0.4277456647398844,0.6280519735372811,Surv-GAN
0.007421468071221788,0.955333683657383,0.04485549934072152,0.6237070828331331,0.0656050827081865,1.0,0.4277456647398844,0.6394899729428064,Surv-GAN
0.007572924736374503,0.9495533368365737,0.04108374626151823,0.5414789915966387,0.07112258252445189,1.0,0.3930635838150289,0.649468694427934,Surv-GAN
0.0083370378417296,0.9427220178665265,0.05164879341230606,0.6036854741896759,0.09638985277030863,1.0,0.4046242774566474,0.6404207962740939,Surv-GAN
0.0076271306737957815,0.954282711508145,0.047798610751175793,0.5399687875150061,0.06669921356554379,1.0,0.43352601156069365,0.594351310048104,Surv-GAN
0.007146891492008699,0.9521807672096689,0.029172538703545886,0.6560024009603842,0.06319123137218229,1.0,0.43352601156069365,0.6298278551372564,Surv-GAN
0.006461656716995992,0.9521807672096689,0.03560430823394995,0.6330324129651861,0.06300332626345084,1.0,0.42196531791907516,0.6104433681132342,Surv-GAN
0.008201873328112945,0.9479768786127167,0.04136803232917034,0.6193421368547419,0.07231706185885095,1.0,0.3872832369942196,0.6403556970560507,Surv-GAN
0.007667362691212878,0.9490278507619547,0.03617071324934155,0.5751044417767106,0.054139140519717806,1.0,0.4277456647398844,0.6228263912045169,Surv-GAN
0.006415070634001685,0.955333683657383,0.060055184711539214,0.6045402160864345,0.05690652662711225,1.0,0.4161849710982659,0.6297803548300651,Surv-GAN
0.009363767752979214,0.9406200735680504,0.02217549994022353,0.5998055222088835,0.08638373231727917,2.0,0.45664739884393063,0.6110172793388707,Surv-GAN
0.009113424753279599,0.9485023646873358,0.03879492979336578,0.5288715486194477,0.06614543955935343,1.0,0.4393063583815029,0.6276601842050843,Surv-GAN
0.007717953928561513,0.949027850761955,0.06259262018634165,0.5926146458583432,0.05746756944309708,1.0,0.4508670520231214,0.6417638676266829,Surv-GAN
0.008742403147282059,0.9348397267472411,0.05728503239705569,0.6394333733493397,0.05644218921232362,2.0,0.4161849710982659,0.653464140479749,Surv-GAN
0.006991708947098482,0.9485023646873358,0.032483336361648935,0.612782713085234,0.10486833363951747,2.0,0.4393063583815029,0.649675225926928,Surv-GAN
0.010785831482477125,0.9390436153441933,0.05612281620595225,0.5652100840336134,0.08182603049891149,1.0,0.44508670520231214,0.6283972263074614,Surv-GAN
0.008743630779416168,0.9474513925380976,0.05139926984428472,0.587639855942377,0.05802543579772234,1.0,0.42196531791907516,0.6400905032832771,Surv-GAN
0.007412928615734741,0.954282711508145,0.059259922132335704,0.6262304921968788,0.06982283335524032,1.0,0.4508670520231214,0.6073183885835045,Surv-GAN
0.006442058006127392,0.953231739358907,0.050463726958791734,0.5763865546218487,0.06580373427327199,1.0,0.44508670520231214,0.6287234069971143,Surv-GAN
0.007628166870068387,0.9537572254335259,0.04833615356662751,0.6127466986794718,0.05513420063343653,3.0,0.42196531791907516,0.6241066721901392,Surv-GAN
0.008879247595100821,0.9364161849710981,0.033472764046220654,0.6403841536614646,0.05894771273330431,2.0,0.41040462427745666,0.6677003823819857,Surv-GAN
0.008617204587979951,0.949027850761955,0.061975655861976245,0.5735054021608643,0.05808774014782457,1.0,0.4161849710982659,0.6373390879340525,Surv-GAN
0.007966844652370053,0.9495533368365737,0.04075378700767639,0.5792100840336134,0.091044296103607,1.0,0.3872832369942196,0.6118429822753035,Surv-GAN
0.007679794348173052,0.95165528113505,0.042556410531519276,0.5681056422569029,0.0639202987320868,1.0,0.43352601156069365,0.6057365769323396,Surv-GAN
0.00940641672027784,0.9411455596426695,0.04955081367013922,0.679750300120048,0.07635545549752705,1.0,0.3872832369942196,0.6584723302465296,Surv-GAN
0.007153494735092998,0.9516552811350497,0.04574840209883593,0.5959711884753902,0.11765902748437809,1.0,0.44508670520231214,0.6542376347909499,Surv-GAN
0.007105964689444039,0.9506043089858118,0.040096897604405816,0.6276806722689077,0.06045471433210837,1.0,0.3815028901734104,0.6575965356165784,Surv-GAN
0.008504913712122704,0.9453494482396216,0.044810270337552076,0.6207875150060025,0.10710156134295398,1.0,0.4277456647398844,0.6397269136621543,Surv-GAN
0.006483417375575628,0.9584866001050972,0.05338282471321209,0.5227899159663866,0.05850462860271975,1.0,0.47398843930635837,0.6541279337586666,Surv-GAN
0.009464196205056933,0.9437729900157646,0.06196388311173071,0.6424705882352941,0.07514753256666597,2.0,0.4508670520231214,0.6422291343794525,Surv-GAN
0.008755979062829034,0.9442984760903834,0.04055695629377112,0.588655462184874,0.0727193818310861,1.0,0.4277456647398844,0.650903524616222,Surv-GAN
0.008899929609248392,0.9416710457172885,0.0420199511758086,0.6265402160864346,0.07394860895093162,1.0,0.37572254335260113,0.6308056796467576,Surv-GAN
0.006284307593988749,0.9579611140304781,0.05412881121935271,0.6552845138055222,0.058102768717914574,1.0,0.3815028901734104,0.6448193189072161,Surv-GAN
0.00791743418532151,0.9458749343142407,0.03879834282222146,0.589030012004802,0.05873450048953882,1.0,0.44508670520231214,0.6093545441960301,Surv-GAN
0.00746590044944592,0.9516552811350499,0.043988989621061805,0.6168331332533012,0.06260297798283213,1.0,0.42196531791907516,0.6634206925583177,Surv-GAN
0.008705787958752252,0.9421965317919074,0.05065036713747175,0.6270684273709485,0.061868817668517644,1.0,0.42196531791907516,0.6523163479201018,Surv-GAN
0.006843054900954049,0.954282711508145,0.04368772024261971,0.5224273709483793,0.10862847717010173,1.0,0.4393063583815029,0.6465310014447008,Surv-GAN
0.008251975063409822,0.9427220178665265,0.039899595044906894,0.5446002400960384,0.10707329295059517,1.0,0.4393063583815029,0.6342562496990652,Surv-GAN
0.005267941455956373,0.955333683657383,0.06846914240437318,0.6446218487394958,0.05791083094815908,1.0,0.4508670520231214,0.6229713198007666,Surv-GAN
0.007923975099643887,0.9516552811350499,0.05100127234468877,0.5934765906362546,0.06801361712746413,1.0,0.47398843930635837,0.6569262208092366,Surv-GAN
0.007214982504713444,0.9464004203888596,0.051516677774669783,0.6451836734693878,0.05959273714765469,1.0,0.41040462427745666,0.6566843760504232,Surv-GAN
0.008157752503835457,0.9479768786127167,0.05444962689436685,0.6061368547418968,0.0610257773169393,1.0,0.4161849710982659,0.6380160926706429,Surv-GAN
0.00856643464656635,0.9395691014188124,0.060657455895378284,0.630170468187275,0.059884617343474306,2.0,0.4161849710982659,0.6259579786400302,Surv-GAN
0.008477447152406593,0.9511297950604308,0.05613098663306632,0.575330132052821,0.06585913843712944,1.0,0.45664739884393063,0.6388322096543414,Surv-GAN
0.007126663263197958,0.9521807672096689,0.04999831017870514,0.5212004801920769,0.09457743693338626,1.0,0.4161849710982659,0.6362912024891139,Surv-GAN
0.008157444179131496,0.9453494482396216,0.051986367062753815,0.591779111644658,0.05704841194940346,3.0,0.36416184971098264,0.6276139039254883,Surv-GAN
0.007584997491212843,0.9558591697320021,0.03767966511594327,0.6152893157262904,0.051605966164008,1.0,0.4624277456647399,0.6472251501160077,Surv-GAN
0.005968478353323356,0.9595375722543352,0.04305770876031207,0.5482112845138054,0.05643321415017069,1.0,0.4913294797687861,0.6575198833661285,Surv-GAN
0.006289655495543675,0.9558591697320021,0.05670417296199954,0.6246770708283313,0.061458767993392095,1.0,0.4046242774566474,0.6227634100439978,Surv-GAN
0.008240445156188657,0.9537572254335259,0.05258986821879846,0.527140456182473,0.10697089406960109,1.0,0.3930635838150289,0.6046414878929242,Surv-GAN
0.008812575680746974,0.9464004203888596,0.036149575184373915,0.6276974789915966,0.056557406249899286,1.0,0.41040462427745666,0.6391727084733473,Surv-GAN
0.008305052295267788,0.9416710457172885,0.03751576548255134,0.6339183673469387,0.06350266164216423,1.0,0.3815028901734104,0.6514226492148816,Surv-GAN
0.008616141000116593,0.9464004203888596,0.05263724997632955,0.5643841536614647,0.11504613011226553,1.0,0.4277456647398844,0.6256366119919127,Surv-GAN
0.008470156859238508,0.9474513925380976,0.03632117829930646,0.5956614645858342,0.0688419558276534,1.0,0.4277456647398844,0.6306354688673799,Surv-GAN
0.009460896898359307,0.9458749343142407,0.05624610819492585,0.6211236494597839,0.07247466238751156,1.0,0.4277456647398844,0.62106426023967,Surv-GAN
0.007900697528609916,0.9558591697320019,0.04106705816752759,0.5752388955582233,0.06228259324545471,1.0,0.48554913294797686,0.6148167972549998,Surv-GAN
0.007379096060338341,0.9469259064634787,0.06428677415231017,0.5929099639855941,0.06338320885466057,1.0,0.3815028901734104,0.6216138647736701,Surv-GAN
0.007615717435611875,0.954282711508145,0.058794965593974846,0.6097070828331332,0.0628745476848687,1.0,0.4277456647398844,0.6509000764507634,Surv-GAN
0.00895286053652574,0.9469259064634787,0.03564209694178427,0.5216038415366147,0.0945145741424789,2.0,0.4393063583815029,0.6393691038466104,Surv-GAN
0.009869560469028836,0.9348397267472411,0.03764812391314041,0.580905162064826,0.09914961448386975,1.0,0.4277456647398844,0.6085999049711726,Surv-GAN
0.008991349313729432,0.9453494482396216,0.06250726231417691,0.6198271308523409,0.06644249849382346,1.0,0.43352601156069365,0.6544548128235345,Surv-GAN
0.00902898172987478,0.9416710457172885,0.06148253845026489,0.6132893157262904,0.0654395677930235,1.0,0.3930635838150289,0.611479321292263,Surv-GAN
0.008180173000015705,0.9485023646873357,0.03917788098827892,0.6154717887154862,0.05186259042782215,2.0,0.4624277456647399,0.6400571801269863,Surv-GAN
0.010013545762802683,0.9374671571203362,0.055930806816485934,0.6702737094837936,0.07011197905281905,1.0,0.3699421965317919,0.6506362442546331,Surv-GAN
0.006333001349711708,0.9574356279558592,0.046542321105914594,0.5561296518607444,0.06273632198701357,1.0,0.44508670520231214,0.6051310945073127,Surv-GAN
0.006144839208615103,0.9653179190751445,0.03622964280689242,0.5748379351740697,0.08046447976861743,1.0,0.47398843930635837,0.6264316394484808,Surv-GAN
0.007221262336507991,0.953231739358907,0.023455567734507562,0.5809195678271308,0.05722876569615665,1.0,0.4161849710982659,0.6409508645008815,Surv-GAN
0.009297626355479044,0.9479768786127167,0.0320583798211415,0.5807827130852341,0.07997956520258248,2.0,0.4277456647398844,0.6553030087778162,Surv-GAN
0.0100361868023205,0.9400945874934314,0.058905070308221105,0.6286314525810324,0.05718914955906544,1.0,0.35260115606936415,0.6127677589037502,Surv-GAN
0.007941837086530889,0.9453494482396216,0.034596085182485664,0.6286386554621849,0.08698586348243798,1.0,0.4161849710982659,0.633599668071996,Surv-GAN
0.008966883237116667,0.9474513925380978,0.03493888408880638,0.5779015606242497,0.1385533667781218,1.0,0.41040462427745666,0.6345876824140563,Surv-GAN
0.009808240059231803,0.9379926431949552,0.055511559901941274,0.6177382953181272,0.07758403034002799,1.0,0.43352601156069365,0.6401981715021638,Surv-GAN
0.009201525469894509,0.9442984760903834,0.052841927877946435,0.6427587034813926,0.06306438874808291,1.0,0.4277456647398844,0.5997275672024891,Surv-GAN
0.0076576177880579655,0.9527062532842879,0.0791825734775583,0.612672268907563,0.05817719977557172,1.0,0.44508670520231214,0.6418455060733704,Surv-VAE
0.008135867109474984,0.9479768786127167,0.04515296107748524,0.6728787515006002,0.09222948035004151,1.0,0.4682080924855491,0.6492227389979278,Surv-VAE
0.0070635982144845585,0.9542827115081451,0.07024193538979653,0.6014981992797119,0.057345923486293054,3.0,0.44508670520231214,0.6172963841253917,Surv-VAE
0.00795356394420693,0.955333683657383,0.04190282684944311,0.6141728691476591,0.05524375679438331,1.0,0.42196531791907516,0.677298760914016,Surv-VAE
0.0068710536880219105,0.9595375722543354,0.0461480940990047,0.6159471788715487,0.056708657145621726,3.0,0.42196531791907516,0.6481829510332074,Surv-VAE
0.007457270078791423,0.956384655806621,0.05493137413307477,0.6661608643457383,0.057282302293741504,1.0,0.44508670520231214,0.6265191092318352,Surv-VAE
0.007364371580636845,0.956384655806621,0.05742906409608445,0.6050444177671068,0.11096354015290394,1.0,0.42196531791907516,0.6213321039534848,Surv-VAE
0.00857290934874947,0.9485023646873358,0.06543183501045177,0.6549843937575031,0.058303689590864106,3.0,0.42196531791907516,0.6339203445765186,Surv-VAE
0.007654145179542258,0.9574356279558592,0.04199403555203771,0.5530636254501801,0.06044034700757463,1.0,0.4682080924855491,0.5799635058546316,Surv-VAE
0.007707781932337126,0.949027850761955,0.06335318340480861,0.6452388955582233,0.055205649513919215,2.0,0.4797687861271676,0.6245201148864724,Surv-VAE
0.007180021351104715,0.9511297950604309,0.06536158996738117,0.621406962785114,0.08022257539049366,1.0,0.44508670520231214,0.5894819171307515,Surv-VAE
0.00992839740445567,0.9427220178665265,0.06254240956134763,0.6277791116446578,0.058055711555859646,1.0,0.4797687861271676,0.6118274129662579,Surv-VAE
0.008790459809483949,0.9464004203888596,0.0610817009002396,0.6346698679471788,0.06165826723249057,1.0,0.44508670520231214,0.5985342259370546,Surv-VAE
0.008131783962469642,0.953757225433526,0.05152715465513571,0.6206650660264106,0.06196502280358016,1.0,0.48554913294797686,0.5954413733387902,Surv-VAE
0.007555302160273573,0.9521807672096689,0.057805307627192735,0.5600288115246099,0.1010452362535317,1.0,0.5260115606936416,0.6397874648408429,Surv-VAE
0.009244629191378742,0.9453494482396216,0.07635643963194193,0.6861608643457383,0.0624050026594376,3.0,0.42196531791907516,0.6431394711288093,Surv-VAE
0.007520042757338213,0.9527062532842879,0.06341935944621978,0.655234093637455,0.06921984508599262,1.0,0.4913294797687861,0.6396907170741168,Surv-VAE
0.0072941372833370596,0.9595375722543352,0.054551823388701084,0.6189315726290516,0.05501894549086569,4.0,0.42196531791907516,0.6085908887052258,Surv-VAE
0.00794333624597522,0.9479768786127167,0.07487317691730984,0.5953973589435775,0.058059446448473856,4.0,0.4797687861271676,0.6432887716748318,Surv-VAE
0.01048044067931342,0.9385181292695745,0.08438902851365519,0.6478127250900361,0.05920561648686129,4.0,0.4913294797687861,0.6213559058928316,Surv-VAE
0.008453032193143584,0.9479768786127167,0.07188515135552581,0.6695366146458583,0.05753400919761464,1.0,0.3872832369942196,0.6372795066274183,Surv-VAE
0.007219668514201391,0.9605885444035732,0.05072646541668655,0.5650636254501801,0.09502828618411424,1.0,0.5028901734104047,0.6248668747631486,Surv-VAE
0.008171850035130667,0.9458749343142407,0.0834744941939082,0.6172052821128451,0.0803680965909263,1.0,0.48554913294797686,0.619108546324769,Surv-VAE
0.007360174575835738,0.953231739358907,0.05088610201123557,0.5423889555822329,0.08437891778441654,1.0,0.4624277456647399,0.6370278977572273,Surv-VAE
0.007474961776925954,0.9558591697320021,0.06296190390770176,0.6251500600240096,0.08286303366303233,1.0,0.47398843930635837,0.6165543578284002,Surv-VAE
0.008307203678851587,0.95165528113505,0.07123226873092257,0.6136926770708283,0.056625054234358006,1.0,0.48554913294797686,0.6228945557107606,Surv-VAE
0.007451887269584199,0.953231739358907,0.05892911217634713,0.6330228091236494,0.07072353829244359,1.0,0.45664739884393063,0.6454197691247565,Surv-VAE
0.008452993497856574,0.949027850761955,0.056690399379608784,0.6335678271308524,0.06628270574470839,1.0,0.4393063583815029,0.6202209082712096,Surv-VAE
0.00780541458716908,0.9569101418812401,0.04728908065328397,0.6496638655462185,0.056060140481411516,1.0,0.45664739884393063,0.5905320173759772,Surv-VAE
0.007440955746994554,0.9558591697320021,0.05852943239569753,0.6478295318127251,0.053345285206324485,1.0,0.4797687861271676,0.6242419606508262,Surv-VAE
0.007628542239783964,0.953231739358907,0.04189865567526882,0.6627683073229291,0.058006013032588497,1.0,0.43352601156069365,0.5995795470152067,Surv-VAE
0.008988055991490544,0.9453494482396217,0.05045195255994428,0.6303697478991597,0.05732368036332827,1.0,0.4046242774566474,0.5935889056970952,Surv-VAE
0.006542426112976968,0.9521807672096688,0.04535509103104611,0.5956038415366147,0.0639337287899442,1.0,0.49710982658959535,0.61063688804952,Surv-VAE
0.008315022316231544,0.9490278507619547,0.061258317241411564,0.6306362545018007,0.062428538809307585,1.0,0.4393063583815029,0.600662708877083,Surv-VAE
0.00720607829670332,0.957435627955859,0.06035620998932034,0.5888739495798319,0.05713858833297891,2.0,0.4624277456647399,0.6114734674219803,Surv-VAE
0.006180799233233337,0.9595375722543352,0.07032987342982874,0.5733589435774309,0.11429115666410906,1.0,0.44508670520231214,0.6037433371213172,Surv-VAE
0.00781583057793796,0.9516552811350497,0.04216306399853377,0.5917214885954382,0.05402507825576512,1.0,0.4508670520231214,0.6161576560220764,Surv-VAE
0.00907459338638688,0.9448239621650025,0.06137120165263685,0.6393613445378151,0.05722151413522942,3.0,0.4508670520231214,0.6602834225607606,Surv-VAE
0.008104160948676954,0.9521807672096688,0.05339390936431553,0.636717887154862,0.06827825601379808,1.0,0.4277456647398844,0.6534436874090318,Surv-VAE
0.00971254663668892,0.9442984760903838,0.04713365250014875,0.5877166866746698,0.05887983783186378,1.0,0.5144508670520231,0.6063421702821744,Surv-VAE
0.009687560731083204,0.9458749343142407,0.07074013347477166,0.5968403361344539,0.06110829208264745,2.0,0.45664739884393063,0.5769634192425362,Surv-VAE
0.008627832518715666,0.9464004203888599,0.05841438435955167,0.6112268907563025,0.05863723825684457,1.0,0.47398843930635837,0.6496028220627847,Surv-VAE
0.008034918089672948,0.9558591697320021,0.04604285994728626,0.5686818727490996,0.05553278958478951,2.0,0.4624277456647399,0.6107827317210346,Surv-VAE
0.005996054491001517,0.9626904887020494,0.056951825108584625,0.5362352941176469,0.11817408993114296,1.0,0.48554913294797686,0.5953561242101415,Surv-VAE
0.0077670169979007445,0.9537572254335259,0.03574114156762708,0.6333325330132052,0.05376200035395467,2.0,0.47398843930635837,0.5798269880240807,Surv-VAE
0.00818802538954761,0.9516552811350499,0.03432996547609756,0.7094045618247298,0.05426226664884882,1.0,0.4797687861271676,0.6352384050259487,Surv-VAE
0.007446392953732256,0.9548081975827641,0.06841311651064406,0.6104897959183674,0.06016525561856391,1.0,0.4682080924855491,0.6210337329256314,Surv-VAE
0.00823808815586761,0.9485023646873357,0.07974402753363712,0.6121272509003601,0.05829192388144865,2.0,0.4797687861271676,0.6190081646419884,Surv-VAE
0.007853200804602813,0.954282711508145,0.07369658704751876,0.5956902761104441,0.05897386862469684,1.0,0.45664739884393063,0.6223255247581523,Surv-VAE
0.007188230048311709,0.9511297950604308,0.06608270605705703,0.6217911164465787,0.058076536963990115,1.0,0.4797687861271676,0.5939231251547377,Surv-VAE
0.009312352010185215,0.9432475039411456,0.06312031557271272,0.6263769507803122,0.06026079297696968,1.0,0.4277456647398844,0.586940139952947,Surv-VAE
0.008017993291340219,0.9527062532842879,0.05989525931662101,0.5977358943577431,0.0973982430003865,1.0,0.47398843930635837,0.6501687048495683,Surv-VAE
0.007312754246115718,0.9605885444035732,0.050100306027823636,0.6425378151260505,0.057749142694127197,5.0,0.43352601156069365,0.6312883792987503,Surv-VAE
0.006863418618443323,0.9584866001050972,0.05155043561933495,0.6121416566626652,0.0596324270426122,1.0,0.4508670520231214,0.6346501472843051,Surv-VAE
0.009137084895366984,0.9458749343142405,0.05003069041863759,0.6322593037214886,0.057875741540701235,1.0,0.4393063583815029,0.6243371329117563,Surv-VAE
0.008925670759522998,0.9421965317919075,0.08573724179951536,0.6772148859543818,0.06259141658432221,1.0,0.48554913294797686,0.6148887176338057,Surv-VAE
0.006369651026606909,0.9584866001050972,0.049621606311021554,0.6107779111644658,0.05799178231444075,1.0,0.4161849710982659,0.6124073834580508,Surv-VAE
0.007367609780631948,0.9569101418812401,0.047634071344006074,0.6006866746698679,0.054266148355650294,1.0,0.5144508670520231,0.6774084596634474,Surv-VAE
0.007867254382460836,0.9485023646873358,0.07645073694408892,0.636249699879952,0.05876733396003358,3.0,0.4682080924855491,0.596318808987061,Surv-VAE
0.006646779520191895,0.9574356279558592,0.07036102712641572,0.6374501800720288,0.05794038306335991,3.0,0.4508670520231214,0.6490497661916416,Surv-VAE
0.007705808682439483,0.953757225433526,0.057212053520084606,0.6039639855942378,0.06004480778193896,1.0,0.42196531791907516,0.6060158773219176,Surv-VAE
0.007118044008568925,0.9579611140304783,0.06463418681711483,0.6033517406962785,0.054980123940775845,3.0,0.4508670520231214,0.6487651915290774,Surv-VAE
0.006320313906848085,0.9558591697320021,0.052790546079327094,0.6361128451380552,0.05755712336468855,2.0,0.4508670520231214,0.5857678519172951,Surv-VAE
0.007334592109126798,0.953757225433526,0.06185033236455659,0.6680024009603842,0.05859731828947946,1.0,0.3988439306358382,0.6355970410708776,Surv-VAE
0.007753415642870993,0.9490278507619547,0.08883117399435775,0.6492773109243697,0.059120435163923055,2.0,0.4161849710982659,0.6272080575605438,Surv-VAE
0.008818535501044859,0.949027850761955,0.07187923314533554,0.5985186074429772,0.059357686466284046,3.0,0.4508670520231214,0.578891166809985,Surv-VAE
0.0070166089546741675,0.956384655806621,0.04067291778056409,0.6480648259303721,0.052428772353959464,1.0,0.4682080924855491,0.665923999513403,Surv-VAE
0.007283213139603642,0.954282711508145,0.0684202575712353,0.5936278511404562,0.05736145997902804,1.0,0.4393063583815029,0.6338383720074662,Surv-VAE
0.007112416196528487,0.9558591697320021,0.061024949755311385,0.6003865546218488,0.06005846150572334,1.0,0.4624277456647399,0.6040232608677069,Surv-VAE
0.008506947733634846,0.9469259064634786,0.07517450954422138,0.6398295318127251,0.054706870067316796,3.0,0.45664739884393063,0.5979469857985724,Surv-VAE
0.007899433648651848,0.953231739358907,0.045178516760269155,0.5534309723889557,0.05126273034405728,1.0,0.49710982658959535,0.6290031770114924,Surv-VAE
0.0056296870451721754,0.9632159747766685,0.0481620803430692,0.6126698679471789,0.07244939436890914,1.0,0.4682080924855491,0.631477656479794,Surv-VAE
0.009140705104668996,0.9479768786127167,0.04653683017066888,0.6374789915966386,0.05987957085451577,2.0,0.44508670520231214,0.6361375815458775,Surv-VAE
0.007804596066552542,0.953231739358907,0.0842869348696521,0.5920048019207684,0.05793983911771781,2.0,0.42196531791907516,0.6351297355170793,Surv-VAE
0.00894812709515398,0.9442984760903838,0.08557230940077495,0.6466218487394958,0.05950809221362347,1.0,0.4046242774566474,0.6123359021059779,Surv-VAE
0.0082175470272387,0.9511297950604309,0.06324635960184302,0.6000720288115247,0.055110189732177114,3.0,0.44508670520231214,0.6292961930891848,Surv-VAE
0.0075508689921251395,0.955333683657383,0.05246416499316038,0.5476350540216087,0.06795537853815423,1.0,0.4913294797687861,0.5900550501146329,Surv-VAE
0.007787738860129975,0.9500788229111928,0.03935944593182107,0.6768019207683074,0.08977449877843037,1.0,0.42196531791907516,0.6402412022122165,Surv-VAE
0.008211256543407382,0.9500788229111929,0.049795786702616106,0.6272773109243698,0.07083045814352032,1.0,0.43352601156069365,0.6012738313666756,Surv-VAE
0.007789507752572557,0.9506043089858118,0.06327308456063409,0.61906362545018,0.058045468422815175,5.0,0.4508670520231214,0.6497896196134256,Surv-VAE
0.00892966838698155,0.9527062532842879,0.039824773085241356,0.6045402160864346,0.06069675776514943,1.0,0.4797687861271676,0.5957534674488926,Surv-VAE
0.007326251669915318,0.9595375722543352,0.05559680755266224,0.658436974789916,0.07344099968766443,2.0,0.41040462427745666,0.5977508287152948,Surv-VAE
0.007998866616044091,0.9558591697320021,0.043401868860773705,0.5965978391356542,0.06053945011065414,1.0,0.4624277456647399,0.6072183304441694,Surv-VAE
0.008277802948959722,0.9500788229111928,0.04839048665083028,0.6167010804321729,0.07636379392972877,1.0,0.4624277456647399,0.6064845721489646,Surv-VAE
0.006938581728479059,0.9579611140304781,0.06975599400980473,0.5762136854741897,0.0638537692482618,3.0,0.4624277456647399,0.6057117678104944,Surv-VAE
0.008983606529878736,0.9469259064634787,0.06605066974287767,0.648533013205282,0.060088311838184874,1.0,0.44508670520231214,0.6580854914341484,Surv-VAE
0.007205506384647193,0.9569101418812401,0.061520417770259496,0.592953181272509,0.05674476126454296,2.0,0.44508670520231214,0.6393012564732928,Surv-VAE
0.010512176667179074,0.9400945874934314,0.04817691987417113,0.654626650660264,0.08609655589816287,1.0,0.42196531791907516,0.6040996522443005,Surv-VAE
0.009477968531274637,0.9448239621650025,0.05776120000730171,0.646765906362545,0.06690424255595152,1.0,0.47398843930635837,0.6058975585189129,Surv-VAE
0.00882045302785423,0.9495533368365738,0.04757759254850707,0.5764609843937576,0.05777472911622247,2.0,0.4508670520231214,0.6365522473407779,Surv-VAE
0.009609639494302425,0.9485023646873358,0.05469392851215025,0.6017118847539016,0.060422031410230094,2.0,0.4277456647398844,0.6307388544378721,Surv-VAE
0.007103521774410237,0.9569101418812401,0.058177554658892586,0.617454981992797,0.06693140125794714,1.0,0.4624277456647399,0.6370131376091234,Surv-VAE
0.00874048866873159,0.9458749343142405,0.07825684432228029,0.5546938775510204,0.08067432321404337,1.0,0.4624277456647399,0.6167522246014685,Surv-VAE
0.007685915146811293,0.952706253284288,0.07596223485043933,0.5985786314525811,0.05453748804896802,1.0,0.4624277456647399,0.630259375171848,Surv-VAE
0.00681456003688855,0.9542827115081451,0.058597859046665764,0.5702521008403362,0.05416792146290412,1.0,0.4913294797687861,0.6406307267880463,Surv-VAE
0.00672127533541785,0.9584866001050972,0.06654513643563707,0.6361704681872749,0.060899623962463685,1.0,0.42196531791907516,0.6243732572470495,Surv-VAE
0.00813942030211456,0.953231739358907,0.059167583393393786,0.586002400960384,0.05657964287305335,2.0,0.48554913294797686,0.6121871838200227,Surv-VAE
0.00961306265245878,0.9421965317919074,0.0670330261901464,0.6427515006002401,0.05814008844088709,1.0,0.4682080924855491,0.6365077939468547,Surv-VAE
0.007968198979297594,0.9511297950604309,0.0650958743658079,0.5325282112845138,0.05337324935237657,1.0,0.45664739884393063,0.5808367768300566,Surv-VAE
0.008395506881605874,0.949027850761955,0.04804151158755609,0.5671236494597839,0.07141351743565653,1.0,0.5028901734104047,0.6295822417920157,Surv-VAE
0.009791941231360691,0.9458749343142407,0.061913299444894994,0.6088883553421369,0.05946925910885057,1.0,0.4393063583815029,0.6142395632671498,Surv-VAE
0.00806422497822865,0.9516552811350499,0.05426343142221873,0.6060984393757503,0.0550417058117233,1.0,0.5144508670520231,0.5979249202213439,Surv-VAE
0.008564804803153985,0.9485023646873358,0.06574344166902542,0.5882376950780313,0.061967474595572766,2.0,0.4508670520231214,0.6036845728719608,Surv-VAE
0.00869803612553287,0.9511297950604308,0.046484081586721016,0.6027707082833134,0.05656411884791882,1.0,0.45664739884393063,0.64077385173679,Surv-VAE
0.00878380498498846,0.95165528113505,0.05601814992428392,0.6351932773109243,0.05583021065496731,1.0,0.47398843930635837,0.61190147839638,Surv-VAE
0.009940101279871862,0.9379926431949553,0.07739361622026214,0.6505762304921969,0.05369859996662792,2.0,0.4508670520231214,0.6478144258265998,Surv-VAE
0.008210989689167473,0.954282711508145,0.05731839670140786,0.5888139255702279,0.07364789913069986,1.0,0.4277456647398844,0.5937809314876082,Surv-VAE
0.007885092816421645,0.9516552811350499,0.05463467675239481,0.64090756302521,0.06399227408870756,1.0,0.45664739884393063,0.6557060921344702,Surv-VAE
0.006931289797042709,0.9584866001050972,0.054238883931197766,0.5880840336134454,0.057979232431087734,2.0,0.47398843930635837,0.6056378976633526,Surv-VAE
0.008161885221747404,0.9427220178665265,0.0568543719890465,0.6695390156062425,0.07939965460565429,1.0,0.42196531791907516,0.6266581646001017,Surv-VAE
0.007721397571216915,0.9558591697320019,0.07473423983110608,0.5634957983193278,0.05522367866281216,1.0,0.45664739884393063,0.6471725205839598,Surv-VAE
0.008467846948234837,0.949027850761955,0.062178890160069396,0.6009459783913566,0.054612833414816,1.0,0.4393063583815029,0.6535356411935702,Surv-VAE
0.007725188813346624,0.9490278507619547,0.05704054290365793,0.6126506602641056,0.05729414812756064,1.0,0.5086705202312138,0.6163522828955654,Surv-VAE
0.008792720779531098,0.9464004203888596,0.0499426200438909,0.5896134453781514,0.05873381890221987,1.0,0.4508670520231214,0.6169815770118248,Surv-VAE
0.0075881683882654035,0.955333683657383,0.06957676107055766,0.5969267707082833,0.06040588928741772,1.0,0.4046242774566474,0.6190457937275887,Surv-VAE
0.009279414510519364,0.9479768786127167,0.05032004059539718,0.6473517406962784,0.07579541116877953,1.0,0.4624277456647399,0.5938237842461068,Surv-VAE
0.007571883931654177,0.95165528113505,0.07264370965302641,0.5890708283313326,0.05780539145320773,2.0,0.4161849710982659,0.6181436904698997,Surv-VAE
0.009087823461686533,0.9421965317919075,0.07571528206426204,0.609236494597839,0.06730639415877694,1.0,0.4508670520231214,0.6048273461060947,Surv-VAE
0.009938880896687942,0.9427220178665265,0.052768859792584076,0.6176278511404563,0.07171232503491506,1.0,0.4624277456647399,0.6587516308242624,Surv-VAE
0.0073881075696579125,0.955333683657383,0.059893679126904395,0.5961680672268906,0.057674916888392186,1.0,0.4277456647398844,0.6466927055475128,Surv-VAE
0.010163768041285234,0.9406200735680504,0.05594256557738828,0.6018583433373349,0.06328358636882833,1.0,0.4797687861271676,0.6192871257323928,Surv-VAE
0.008529665357982661,0.9485023646873357,0.0677585399190643,0.6311284513805522,0.06069553038406697,1.0,0.45664739884393063,0.6388266684021153,Surv-VAE
0.009024137523823101,0.9442984760903834,0.0858810742674596,0.6389723889555822,0.06262938281913887,1.0,0.4913294797687861,0.6230142010397959,Surv-VAE
0.006941158031723093,0.953231739358907,0.08249471671769622,0.6001728691476591,0.06491407896095351,2.0,0.45664739884393063,0.6208969677345804,Surv-VAE
0.008230289294352246,0.9542827115081451,0.05489050895810162,0.5588595438175271,0.059813002079606645,1.0,0.5433526011560693,0.6565822118456868,Surv-VAE
0.007435694852194092,0.9500788229111928,0.07045996991631208,0.5623217286914766,0.05416516933868087,2.0,0.5028901734104047,0.6141804844881306,Surv-VAE
0.0069169067335724055,0.9569101418812401,0.061045269425503645,0.6414021608643459,0.09399877961010118,1.0,0.4624277456647399,0.6457784240996768,Surv-VAE
0.006784014540437233,0.9579611140304781,0.05692967832552155,0.6335534213685474,0.0723868407008789,1.0,0.47398843930635837,0.5812810922912709,Surv-VAE
0.007111327607741383,0.9537572254335259,0.05669434644895083,0.6178007202881152,0.06840870024309759,2.0,0.42196531791907516,0.6313345049482103,Surv-VAE
0.006872320126589621,0.957435627955859,0.08246942274084756,0.6078559423769507,0.06216108155162374,1.0,0.4508670520231214,0.6241742181365156,Surv-VAE
0.008782177752921892,0.9500788229111929,0.06608515899489502,0.7110540216086434,0.05451989112789378,3.0,0.4797687861271676,0.630326374870472,Surv-VAE
0.010569733828467728,0.9411455596426695,0.045098694426100754,0.6264705882352942,0.09505962948421914,1.0,0.45664739884393063,0.6060154464210259,Surv-VAE
0.008317616421310814,0.9516552811350499,0.05117615167493836,0.6529363745498199,0.055617366238418155,1.0,0.44508670520231214,0.6231697293252294,Surv-VAE
0.0067531322270358435,0.9574356279558592,0.07876685340049809,0.5745882352941176,0.06013002737523395,1.0,0.4797687861271676,0.6104263010431554,Surv-VAE
0.007847654704387015,0.9495533368365738,0.07679182607003467,0.5999831932773109,0.05805897475574906,3.0,0.42196531791907516,0.598327334366489,Surv-VAE
0.00913440499720862,0.9464004203888596,0.06230787811131709,0.594062424969988,0.06826014643574353,1.0,0.4393063583815029,0.6180926916703317,Surv-VAE
0.006640105735734377,0.9626904887020494,0.0633026396672366,0.6036494597839136,0.058305406038088925,1.0,0.3988439306358382,0.6355660738648246,Surv-VAE
0.009507500286865818,0.9485023646873357,0.0625655250453902,0.6115750300120049,0.05639195098994932,2.0,0.45664739884393063,0.6259616109664397,Surv-VAE
0.008293024081768526,0.9521807672096688,0.07885062208888977,0.5693445378151261,0.06367779850412504,1.0,0.4393063583815029,0.6173239136411864,Surv-VAE
0.007435961970913068,0.9511297950604309,0.07083771775155094,0.6244681872749099,0.07203055708977954,1.0,0.4508670520231214,0.5892950319327469,Surv-VAE
0.007577221521348363,0.9558591697320021,0.04066640387096389,0.5605450180072029,0.06415554118378672,1.0,0.45664739884393063,0.6233313939071865,Surv-VAE
0.008783635142936128,0.9490278507619547,0.07084926000982766,0.6140672268907563,0.053990914278011524,1.0,0.5028901734104047,0.618203764099534,Surv-VAE
0.008268426307721276,0.9511297950604308,0.07487769502047084,0.6346770708283314,0.057500482047824444,1.0,0.4797687861271676,0.6654047214815256,Surv-VAE
0.006094308294793859,0.9674198633736206,0.05641869326239477,0.5802064825930373,0.06057838871857451,1.0,0.4624277456647399,0.6443363730027806,Surv-VAE
0.007812754963798858,0.9500788229111928,0.051551839115210885,0.6115678271308523,0.1167560197182998,1.0,0.45664739884393063,0.6265823282915308,Surv-VAE
0.008683911889072147,0.9464004203888596,0.08198597516607849,0.6702088835534215,0.055973376341586285,1.0,0.45664739884393063,0.6109028281601044,Surv-VAE
0.007727342979957552,0.9485023646873358,0.08094349355066616,0.6028187274909964,0.0542222445685764,1.0,0.4624277456647399,0.5868749927972133,Surv-VAE
0.005709613898610222,0.9595375722543352,0.06961060258615673,0.5702328931572629,0.06226661918899811,1.0,0.45664739884393063,0.61477940985067,Surv-VAE
0.007915559634214062,0.9563846558066212,0.06104163842807334,0.6417887154861944,0.10904772361676494,1.0,0.4508670520231214,0.5957481427434793,Surv-VAE
0.008083292262448201,0.9521807672096688,0.07431895167916835,0.6159111644657862,0.06060577720325801,1.0,0.42196531791907516,0.6284226608901761,Surv-VAE
0.00916979450842166,0.9464004203888596,0.06184140372058068,0.6217382953181273,0.05297519577885733,1.0,0.4393063583815029,0.6132436683887396,Surv-VAE
0.00888911703378336,0.9511297950604309,0.05828306825357576,0.6158103241296519,0.057222422445813735,2.0,0.48554913294797686,0.6217981996936015,Surv-VAE
0.008714808512189656,0.9495533368365738,0.048384812801520266,0.5618415366146459,0.05572175013599135,1.0,0.4624277456647399,0.6158762872451273,Surv-VAE
0.007314452169630618,0.953757225433526,0.05222004669895175,0.6393709483793517,0.059121070205849405,1.0,0.47398843930635837,0.6360434810782952,Surv-VAE
0.007635299974623514,0.9574356279558592,0.054494005567232634,0.6281200480192076,0.06298169634156743,1.0,0.4913294797687861,0.5826217754472295,Surv-VAE
0.007981106636338569,0.9511297950604309,0.07089829612432921,0.6336422569027611,0.055989926315562315,1.0,0.47398843930635837,0.6470491071444155,Surv-VAE
0.008314474320694504,0.9511297950604308,0.058789187464964594,0.6396950780312125,0.056327375348237035,2.0,0.47398843930635837,0.6133395789738588,Surv-VAE
0.007100193581004461,0.9569101418812401,0.042125458343687694,0.5763337334933973,0.057174628017472785,2.0,0.4393063583815029,0.6280263402586778,Surv-VAE
0.006990108406836428,0.9569101418812402,0.07211717468394871,0.6470276110444179,0.05319794286096754,1.0,0.4508670520231214,0.5835725240859837,Surv-VAE
0.0083141113732233,0.9500788229111928,0.050721966770113626,0.5938847539015606,0.05889327467111495,1.0,0.45664739884393063,0.6052173272089684,Surv-VAE
0.007766592695594183,0.9490278507619547,0.02951530054586789,0.6413301320528212,0.05723444790834463,1.0,0.4913294797687861,0.6206147325072042,Surv-VAE
0.006791043545317527,0.9537572254335259,0.09346746151577304,0.5576134453781514,0.06088101292911617,3.0,0.45664739884393063,0.6111432023544299,Surv-VAE
0.007874110516682966,0.953231739358907,0.057403146752908106,0.6251884753901561,0.06373055591947699,1.0,0.47398843930635837,0.5915083330749579,Surv-VAE
0.008147853474503511,0.9521807672096689,0.05277978797384229,0.6143697478991598,0.056540665653688926,2.0,0.48554913294797686,0.6137171315856698,Surv-VAE
0.007562394650052404,0.9521807672096688,0.051325584024768306,0.5815294117647059,0.06265091000694475,1.0,0.4393063583815029,0.6224218754014769,Surv-VAE
0.008128619476939356,0.953231739358907,0.05253395414712971,0.609750300120048,0.05816487401517186,1.0,0.44508670520231214,0.6088632435848242,Surv-VAE
0.007558971767185327,0.9521807672096689,0.036746939736388366,0.6351716686674671,0.05303653107836853,2.0,0.4161849710982659,0.6328047055763171,Surv-VAE
0.006872098582982722,0.9621650026274303,0.07152311825008031,0.6179135654261704,0.0668212716236271,1.0,0.4797687861271676,0.6409072456369838,Surv-VAE
0.008205974391083923,0.949027850761955,0.045356391830852355,0.6240408163265305,0.09818903501543418,1.0,0.47398843930635837,0.6186947374916407,Surv-VAE
0.007011676156366798,0.9569101418812402,0.04643841149645476,0.651625450180072,0.060965944848534175,3.0,0.42196531791907516,0.5966672516743017,Surv-VAE
0.00830521399918792,0.9495533368365738,0.05527108160842329,0.6488307322929172,0.05861947631498662,3.0,0.4508670520231214,0.6293191134793273,Surv-VAE
0.006456136675899865,0.9595375722543352,0.061573640674583124,0.5950396158463385,0.06140432768158509,1.0,0.43352601156069365,0.6129930595574238,Surv-VAE
0.008945300853451249,0.9474513925380978,0.05929726197568642,0.6200192076830733,0.05516645830042065,3.0,0.4797687861271676,0.6073916103932959,Surv-VAE
0.008086536018573799,0.954282711508145,0.059521683840496886,0.6227515006002401,0.0791909663136053,1.0,0.4797687861271676,0.6063563670454685,Surv-VAE
0.00874593721157348,0.9521807672096689,0.048247230179805665,0.6481920768307323,0.05633885824357451,1.0,0.4393063583815029,0.6187220128106099,Surv-VAE
0.008630790729153938,0.9516552811350499,0.05289307801793501,0.6358175270108044,0.06560785105385514,1.0,0.4277456647398844,0.607136079572686,Surv-VAE
0.007820729362527885,0.9537572254335259,0.06411367625064325,0.6257190876350539,0.08744763139791321,1.0,0.4393063583815029,0.6146130401077505,Surv-VAE
0.006461645807081722,0.9600630583289541,0.06563720772409343,0.6161056422569027,0.05429270733984657,1.0,0.47398843930635837,0.6255052813095936,Surv-VAE
0.007675474240093413,0.9527062532842879,0.061998048329925975,0.6359015606242496,0.06390318574695623,1.0,0.4393063583815029,0.6165409947634484,Surv-VAE
0.0077778790150703735,0.9532317393589068,0.04498173690607415,0.5833517406962786,0.05626846124972071,1.0,0.5202312138728323,0.5767005726678225,Surv-VAE
0.00822903768878765,0.9500788229111928,0.0667658159316165,0.62478031212485,0.06579848787593866,1.0,0.3988439306358382,0.5976090148024744,Surv-VAE
0.008192935976959269,0.9485023646873357,0.06981894629766411,0.6135798319327732,0.08109484652817224,1.0,0.4682080924855491,0.6339119047512171,Surv-VAE
0.006469287874454042,0.9616395165528114,0.04635106920189937,0.6141056422569028,0.0651161249270836,1.0,0.4682080924855491,0.6141370742430986,Surv-VAE
0.00810820286376842,0.9495533368365737,0.05822941846534673,0.5670420168067227,0.05615704735993889,1.0,0.4624277456647399,0.5827746331253637,Surv-VAE
0.009368792654847465,0.9427220178665265,0.08830353501755937,0.650859543817527,0.06426694960395696,1.0,0.4797687861271676,0.6482799682659484,Surv-VAE
0.00789291158678596,0.9521807672096689,0.04440312335636614,0.5464993997599039,0.057541515488060094,1.0,0.4624277456647399,0.6092194032823063,Surv-VAE
0.006909889989578058,0.957435627955859,0.062450875221338055,0.6097743097238897,0.0656709960794759,1.0,0.44508670520231214,0.6340841745829189,Surv-VAE
0.009319328446485508,0.9427220178665265,0.07859292534799976,0.660969987995198,0.055123901406681726,1.0,0.44508670520231214,0.6359748230085459,Surv-VAE
0.008788156364263961,0.9469259064634787,0.056860384578917386,0.5767178871548619,0.1063974171420874,1.0,0.48554913294797686,0.5889896704394585,Surv-VAE
0.008866244038079736,0.9479768786127167,0.07278682293687494,0.6146770708283313,0.054143164031165245,2.0,0.5086705202312138,0.6232616258020033,Surv-VAE
0.010313076768625388,0.9411455596426695,0.07011316508584102,0.6095126050420168,0.06540220647259372,1.0,0.45664739884393063,0.6186829447981284,Surv-VAE
0.008339481828300244,0.9511297950604309,0.060772312199305706,0.6167779111644658,0.07083150772039203,1.0,0.4797687861271676,0.5918690790879729,Surv-VAE
0.008592030714010242,0.9469259064634786,0.05487330116844937,0.5991452581032413,0.05728940694285775,1.0,0.42196531791907516,0.6206249317771347,Surv-VAE
0.007610528521798029,0.9548081975827641,0.06982963521739755,0.5257935174069628,0.05905629389528157,2.0,0.4797687861271676,0.5893476361679726,Surv-VAE
0.009073504670799929,0.9490278507619547,0.0525362765916453,0.6158775510204081,0.058915256719167426,1.0,0.4624277456647399,0.6122222017895024,Surv-VAE
0.0074421534416248885,0.954282711508145,0.07534660299485398,0.6817286914765907,0.058029572960947504,3.0,0.45664739884393063,0.6469058043907748,Surv-VAE
0.008014664310792579,0.9527062532842879,0.06851995963936869,0.6341656662665066,0.07951425912701394,1.0,0.4508670520231214,0.6154604090040668,Surv-VAE
0.007087653223717341,0.9558591697320021,0.05702437304550366,0.562859543817527,0.05465971542455225,1.0,0.4797687861271676,0.6093759788730069,Surv-VAE
0.0076750513448452075,0.9548081975827639,0.05215423047714479,0.608108043217287,0.09363584796286004,1.0,0.4682080924855491,0.5987054061684017,Surv-VAE
0.007451922526755383,0.9474513925380976,0.08447773898196484,0.6512893157262905,0.060101106121889014,2.0,0.4508670520231214,0.6199006921271794,Surv-VAE
0.02703595855336317,0.8707304256437205,0.08879704787418036,0.7697911164465786,0.16859353137678543,4.0,0.4161849710982659,0.6791701761620804,HI-VAE_weibull_diffusion
0.02890109460315721,0.860746190225959,0.19390308309189067,0.7481152460984394,0.1960951521737729,3.0,0.4277456647398844,0.7046928384284069,HI-VAE_weibull_diffusion
0.028376301535819614,0.8638991066736732,0.14971470989283828,0.7843841536614646,0.13173274696161816,4.0,0.47398843930635837,0.6987235609029825,HI-VAE_weibull_diffusion
0.027895798122405835,0.8638991066736732,0.14284646799990183,0.772873949579832,0.11824476278154505,2.0,0.43352601156069365,0.6999527259166854,HI-VAE_weibull_diffusion
0.029410141457228593,0.858118759852864,0.08050654018066498,0.7856422569027611,0.09321496498867922,3.0,0.3988439306358382,0.6994989488311015,HI-VAE_weibull_diffusion
0.026214352172799025,0.8738833420914346,0.15372839697806076,0.7535918367346939,0.13244657195788878,3.0,0.4393063583815029,0.6555567082704985,HI-VAE_weibull_diffusion
0.025162536497718622,0.8796636889122439,0.07646369088040612,0.7513229291716687,0.1560331283216904,3.0,0.4624277456647399,0.7224291702077557,HI-VAE_weibull_diffusion
0.027285692762060665,0.8728323699421966,0.12428939693967678,0.7536662665066027,0.23124137935038683,3.0,0.4508670520231214,0.682569773911778,HI-VAE_weibull_diffusion
0.02648270480034712,0.8712559117183395,0.10782652792388184,0.7253157262905162,0.09892784883650542,3.0,0.42196531791907516,0.694165639389761,HI-VAE_weibull_diffusion
0.027373696666818614,0.8675775091960063,0.13103931442097597,0.7377527010804321,0.15592667917928285,3.0,0.42196531791907516,0.6947011733606173,HI-VAE_weibull_diffusion
0.028747503297263263,0.863899106673673,0.17425162341115247,0.7288643457382953,0.1261210850847252,2.0,0.41040462427745666,0.6837895496230033,HI-VAE_weibull_diffusion
0.02719226620983639,0.8733578560168156,0.16303115927462952,0.795466986794718,0.2340472878971956,2.0,0.4682080924855491,0.6876644363991532,HI-VAE_weibull_diffusion
0.02905165926135963,0.86022070415134,0.16060772671165022,0.7701464585834333,0.25051505585660816,4.0,0.45664739884393063,0.6635557332494156,HI-VAE_weibull_diffusion
0.029290851677892592,0.8617971623751971,0.1754104514597293,0.7635390156062425,0.11118168338323975,2.0,0.44508670520231214,0.6731278677872303,HI-VAE_weibull_diffusion
0.028752359131499868,0.8675775091960065,0.11478651473279695,0.781032412965186,0.10308051299968098,3.0,0.4797687861271676,0.6953753334178906,HI-VAE_weibull_diffusion
0.029791183865577497,0.8518129269574356,0.15725472060786064,0.7626146458583433,0.10786116021815911,1.0,0.4508670520231214,0.6722131335180404,HI-VAE_weibull_diffusion
0.02546187873629263,0.8749343142406726,0.14820567724863246,0.7599279711884754,0.07700847843586225,2.0,0.42196531791907516,0.6826219154033468,HI-VAE_weibull_diffusion
0.028100760370826438,0.86022070415134,0.1404076478971028,0.800235294117647,0.05557264374989112,2.0,0.43352601156069365,0.6869332090438613,HI-VAE_weibull_diffusion
0.02976069788907838,0.8554913294797687,0.1839005271940211,0.7726386554621849,0.12708788144587618,3.0,0.4277456647398844,0.6841521983430211,HI-VAE_weibull_diffusion
0.026835515421843568,0.8696794534944825,0.13181425098010782,0.7368211284513805,0.11296999915388656,4.0,0.4161849710982659,0.6871854845180971,HI-VAE_weibull_diffusion
0.025657624436456895,0.8733578560168156,0.11170518617381786,0.7314045618247299,0.09375495424535016,3.0,0.4277456647398844,0.6911971993106913,HI-VAE_weibull_diffusion
0.028329834170144886,0.8665265370467683,0.14068622954887616,0.7579111644657862,0.09076837668865721,1.0,0.5086705202312138,0.6581091787883981,HI-VAE_weibull_diffusion
0.02770971463659068,0.8660010509721492,0.15705660549513523,0.7646122448979592,0.10651623744498427,4.0,0.42196531791907516,0.6779839399715571,HI-VAE_weibull_diffusion
0.027841377330449515,0.8591697320021019,0.17996294386263528,0.7619399759903962,0.18492535310074978,4.0,0.42196531791907516,0.6832699122825823,HI-VAE_weibull_diffusion
0.02956825649760988,0.8554913294797687,0.1544993275720828,0.778266506602641,0.18436275984278352,4.0,0.43352601156069365,0.6820328272363663,HI-VAE_weibull_diffusion
0.027996718636938332,0.8633736205990542,0.11388508248153797,0.7563265306122449,0.09513335497010814,1.0,0.44508670520231214,0.6721900785640244,HI-VAE_weibull_diffusion
0.026149091891890783,0.8707304256437204,0.1383187347338978,0.7472749099639856,0.18162448953877683,3.0,0.43352601156069365,0.6745743258256905,HI-VAE_weibull_diffusion
0.02779983336192793,0.8623226484498161,0.1595448595283668,0.7875246098439375,0.13271872006247803,4.0,0.44508670520231214,0.7084727888016406,HI-VAE_weibull_diffusion
0.029802866078308822,0.86022070415134,0.14622186075830007,0.7725906362545019,0.17542154912137786,3.0,0.4161849710982659,0.6901585892801642,HI-VAE_weibull_diffusion
0.03027584808834083,0.8570677877036258,0.16881981784224764,0.7883073229291716,0.08158309456699854,4.0,0.4393063583815029,0.7043112506344508,HI-VAE_weibull_diffusion
0.02940339864606126,0.8539148712559116,0.15010480012702995,0.7807827130852341,0.17411300546780073,2.0,0.3815028901734104,0.7107651225544475,HI-VAE_weibull_diffusion
0.02702952670977752,0.8686284813452443,0.12423496712030087,0.719639855942377,0.17076975752177523,4.0,0.4393063583815029,0.7264769730677237,HI-VAE_weibull_diffusion
0.028334035429636976,0.8660010509721492,0.15849524426695888,0.7422136854741896,0.11747597044559158,3.0,0.4277456647398844,0.6864365960599522,HI-VAE_weibull_diffusion
0.02602669214591272,0.8749343142406726,0.1127457298550977,0.7236926770708283,0.10062804627620221,3.0,0.48554913294797686,0.6924928656124699,HI-VAE_weibull_diffusion
0.02887694619823061,0.8644245927482921,0.13786055875100361,0.7370420168067227,0.1515777797046606,4.0,0.4797687861271676,0.6852420948036585,HI-VAE_weibull_diffusion
0.02788947274300099,0.8644245927482923,0.14958443616861467,0.7688931572629051,0.15927193363647588,3.0,0.4393063583815029,0.7006402530023301,HI-VAE_weibull_diffusion
0.030302925187454942,0.8533893851812927,0.17535537898228945,0.7507394957983193,0.0954138403890322,3.0,0.4393063583815029,0.6851952856039593,HI-VAE_weibull_diffusion
0.02744411706080503,0.8712559117183395,0.14235752115992112,0.7325978391356542,0.1859561966677473,3.0,0.4161849710982659,0.6744488427393074,HI-VAE_weibull_diffusion
0.025855079473849473,0.8717813977929585,0.12132077301393183,0.7762400960384153,0.17415317449350656,4.0,0.44508670520231214,0.6848432733483277,HI-VAE_weibull_diffusion
0.026074792151287416,0.8712559117183395,0.15999663282487098,0.78293637454982,0.2464000697689335,3.0,0.42196531791907516,0.6706229870727913,HI-VAE_weibull_diffusion
0.02984690354857351,0.8560168155543878,0.16886799836551342,0.7769003601440577,0.14186115686028294,2.0,0.4277456647398844,0.6799484215621024,HI-VAE_weibull_diffusion
0.028426406069241003,0.8665265370467683,0.104278848600504,0.79137575030012,0.17068930232994312,2.0,0.4682080924855491,0.6797283463942653,HI-VAE_weibull_diffusion
0.02767484353250719,0.8607461902259591,0.13596624525824746,0.7551308523409365,0.08161558357845032,2.0,0.4682080924855491,0.6833984356334888,HI-VAE_weibull_diffusion
0.03013368956862947,0.8560168155543878,0.1527011626972972,0.7648979591836735,0.1174052496200765,4.0,0.43352601156069365,0.6780403081883059,HI-VAE_weibull_diffusion
0.027371779619120164,0.8717813977929585,0.1540647721450642,0.7662617046818728,0.1344350516694538,3.0,0.4161849710982659,0.7006519528501938,HI-VAE_weibull_diffusion
0.027701701146507166,0.8633736205990541,0.235637590201084,0.7644753901560624,0.18050683837167414,3.0,0.3872832369942196,0.6826812021952623,HI-VAE_weibull_diffusion
0.02780288014528155,0.8633736205990541,0.1269485806394444,0.7583961584633854,0.23250717084013434,4.0,0.4277456647398844,0.699955529786671,HI-VAE_weibull_diffusion
0.029650973183447636,0.8623226484498161,0.13761536238311117,0.7830924369747899,0.12456583533469368,3.0,0.4277456647398844,0.7097490052999302,HI-VAE_weibull_diffusion
0.02787686052927663,0.8649500788229112,0.0936705328598063,0.7544441776710684,0.13714058685192396,1.0,0.3872832369942196,0.6661865429528674,HI-VAE_weibull_diffusion
0.0322873119663563,0.8428796636889122,0.15707954280116193,0.8083457382953181,0.10557492629838795,1.0,0.4508670520231214,0.6733171400871781,HI-VAE_weibull_diffusion
0.029387417385098136,0.8539148712559118,0.12560712758571974,0.7760096038415366,0.13101033505209997,3.0,0.41040462427745666,0.6872795242262651,HI-VAE_weibull_diffusion
0.027712826818724733,0.8665265370467683,0.15099776510659677,0.7749771908763505,0.15685319320148522,3.0,0.3872832369942196,0.6887163047743474,HI-VAE_weibull_diffusion
0.029374853324147424,0.8570677877036258,0.20491326520198672,0.7167539015606244,0.09244793942391466,3.0,0.4682080924855491,0.6841692336440626,HI-VAE_weibull_diffusion
0.026137656115525855,0.8759852863899108,0.11237294739614287,0.7557358943577431,0.09628758139326853,3.0,0.42196531791907516,0.6717249812668261,HI-VAE_weibull_diffusion
0.028716041104221924,0.859695218076721,0.15631345219451404,0.7997695078031212,0.14376112857193862,3.0,0.4046242774566474,0.6872524870065606,HI-VAE_weibull_diffusion
0.027257206040788965,0.8686284813452443,0.09555565836104511,0.8160576230492197,0.07200662414775195,3.0,0.4508670520231214,0.6673054028789018,HI-VAE_weibull_diffusion
0.030677318792370036,0.8554913294797687,0.14537275138745662,0.754607442977191,0.15668131553337888,4.0,0.4508670520231214,0.6958021716972278,HI-VAE_weibull_diffusion
0.03179294689909352,0.8497109826589596,0.20405633229605175,0.8062472989195678,0.16872869645676347,4.0,0.4046242774566474,0.7071215452028556,HI-VAE_weibull_diffusion
0.029010624058033438,0.86022070415134,0.09295624004619815,0.7891860744297718,0.09864347102714681,2.0,0.4393063583815029,0.6567698071451069,HI-VAE_weibull_diffusion
0.030143853934757246,0.8491854965843405,0.16505080247219284,0.7753421368547418,0.22513383973502066,5.0,0.45664739884393063,0.6915199869472201,HI-VAE_weibull_diffusion
0.02845857297425356,0.8638991066736732,0.1570389855775158,0.7152148859543818,0.16494413598340507,2.0,0.45664739884393063,0.6990118863129751,HI-VAE_weibull_diffusion
0.02670550177989889,0.8686284813452443,0.1555031843097113,0.7738775510204081,0.15918569370642552,3.0,0.4393063583815029,0.6903312466881258,HI-VAE_weibull_diffusion
0.026172540743716374,0.8681029952706253,0.14869613104723722,0.7286194477791117,0.17124413584398732,5.0,0.4046242774566474,0.6901017142049857,HI-VAE_weibull_diffusion
0.028217148985272868,0.859695218076721,0.10388378562050296,0.7458583433373349,0.09007085972245213,1.0,0.42196531791907516,0.6697992066167481,HI-VAE_weibull_diffusion
0.029148346276797066,0.861797162375197,0.10261013750483114,0.7526530612244897,0.16282700219629037,4.0,0.44508670520231214,0.6930628152701398,HI-VAE_weibull_diffusion
0.02647320585020045,0.8744088281660537,0.1486207983105992,0.7189099639855943,0.09892573486549548,2.0,0.4161849710982659,0.7066855428627384,HI-VAE_weibull_diffusion
0.030007147645734675,0.859695218076721,0.12818387589365876,0.787236494597839,0.07756901343540352,2.0,0.4624277456647399,0.6848184016071076,HI-VAE_weibull_diffusion
0.02710139179163029,0.862848134524435,0.11528229593802647,0.7527442977190877,0.09366392052867765,3.0,0.4046242774566474,0.6653179352841194,HI-VAE_weibull_diffusion
0.02871799789962162,0.8565423016290068,0.2206468174284852,0.7944441776710685,0.19039767554218384,5.0,0.3988439306358382,0.6854393660588058,HI-VAE_weibull_diffusion
0.028845729588045255,0.859695218076721,0.14273186430274096,0.7724345738295317,0.10419543982456544,2.0,0.3872832369942196,0.6854300931944659,HI-VAE_weibull_diffusion
0.028662344719117685,0.8644245927482923,0.17672868068279268,0.8110492196878752,0.17624593028200833,2.0,0.4624277456647399,0.6526386538969327,HI-VAE_weibull_diffusion
0.02845485967086804,0.8681029952706254,0.09980919902803775,0.7814981992797119,0.10358054080193238,1.0,0.47398843930635837,0.6981861201431343,HI-VAE_weibull_diffusion
0.027477674859640942,0.8649500788229112,0.17488941017212412,0.7559039615846338,0.18554329768758715,4.0,0.4277456647398844,0.6953174404010539,HI-VAE_weibull_diffusion
0.026693750322892503,0.8707304256437204,0.09839091200643442,0.7275006002400961,0.10292372322191236,2.0,0.44508670520231214,0.6923167124185766,HI-VAE_weibull_diffusion
0.028215051878932217,0.8675775091960063,0.20402665877900095,0.7334021608643457,0.17436933372959537,4.0,0.48554913294797686,0.6879815582261047,HI-VAE_weibull_diffusion
0.02902821804232535,0.8581187598528639,0.15166314287639862,0.7666890756302521,0.2626941628080805,4.0,0.45664739884393063,0.660003631776485,HI-VAE_weibull_diffusion
0.02917841495388964,0.860746190225959,0.16073361666435843,0.7951308523409364,0.13066874795334982,4.0,0.4797687861271676,0.6707009307673325,HI-VAE_weibull_diffusion
0.02746841629319571,0.8686284813452443,0.12891823659647245,0.7936806722689076,0.10357175937174588,4.0,0.43352601156069365,0.6877203417546088,HI-VAE_weibull_diffusion
0.02783718817806572,0.8670520231213874,0.1215678916112573,0.7661512605042017,0.19767984735881772,4.0,0.4161849710982659,0.682018583574464,HI-VAE_weibull_diffusion
0.03068662880898082,0.8502364687335785,0.17299302182757112,0.7326386554621849,0.13133723452117507,2.0,0.4161849710982659,0.6689268066837676,HI-VAE_weibull_diffusion
0.029326462171483537,0.8612716763005779,0.14646052239406882,0.8080576230492195,0.10278462883574052,2.0,0.47398843930635837,0.6849572755105411,HI-VAE_weibull_diffusion
0.028668931504505314,0.8512874408828167,0.17288624687975523,0.7728883553421368,0.21972675109213216,3.0,0.43352601156069365,0.6888168398384616,HI-VAE_weibull_diffusion
0.027976118285582764,0.8723068838675776,0.09888103251891507,0.7704537815126051,0.18321940832532368,3.0,0.4277456647398844,0.6821678586116883,HI-VAE_weibull_diffusion
0.027890292533500637,0.8691539674198634,0.15187902744563594,0.7741896758703481,0.17851903073083092,4.0,0.3988439306358382,0.6851034432778542,HI-VAE_weibull_diffusion
0.027580469161904816,0.8696794534944825,0.13259234388051327,0.7590348139255703,0.09725737288229237,2.0,0.45664739884393063,0.6906540069691152,HI-VAE_weibull_diffusion
0.029838416274426648,0.8586442459274829,0.1713434383834483,0.7883577430972388,0.15334465952842052,4.0,0.44508670520231214,0.680242047705213,HI-VAE_weibull_diffusion
0.03061009592338099,0.8523384130320547,0.14269766506420753,0.7813493397358944,0.18105369936708518,4.0,0.42196531791907516,0.6622486478074483,HI-VAE_weibull_diffusion
0.026849492664136852,0.8712559117183395,0.1448215497772219,0.7254333733493397,0.22778274063171505,4.0,0.5202312138728323,0.6927269621812052,HI-VAE_weibull_diffusion
0.028803844444798686,0.8649500788229112,0.1877889658069606,0.7652148859543818,0.13178964573267385,5.0,0.4277456647398844,0.68058086921276,HI-VAE_weibull_diffusion
0.030740419503064755,0.8533893851812927,0.1277765367318397,0.8008979591836735,0.10379746423296105,1.0,0.43352601156069365,0.6858893679096004,HI-VAE_weibull_diffusion
0.028165213806994417,0.8644245927482923,0.15184819872178784,0.7592220888355342,0.14162462846066345,1.0,0.4393063583815029,0.6810968418903479,HI-VAE_weibull_diffusion
0.029730556180647242,0.8565423016290068,0.16478838573772117,0.8004177671068426,0.1377815388985304,2.0,0.4797687861271676,0.6723145238472468,HI-VAE_weibull_diffusion
0.026693635972414618,0.8654755648975303,0.11724539519596638,0.745344537815126,0.13199263887923957,2.0,0.3872832369942196,0.67722554452999,HI-VAE_weibull_diffusion
0.027736634288132746,0.8654755648975301,0.1554639032668853,0.7638799519807924,0.12474570744612477,2.0,0.4393063583815029,0.6984853907291556,HI-VAE_weibull_diffusion
0.026790229323925243,0.8707304256437205,0.16233710864063308,0.7091380552220888,0.13540346834432943,3.0,0.41040462427745666,0.7225955253849569,HI-VAE_weibull_diffusion
0.024555296269336356,0.8817656332107199,0.09633910104035384,0.7537623049219688,0.18261319116632585,3.0,0.4797687861271676,0.6966422832593983,HI-VAE_weibull_diffusion
0.027375657285446796,0.8675775091960063,0.12104437797349063,0.7537094837935173,0.11837808555536275,3.0,0.4161849710982659,0.704633798261345,HI-VAE_weibull_diffusion
0.026589495887715867,0.8675775091960062,0.10518096897890818,0.7567539015606242,0.08064538733418947,2.0,0.4277456647398844,0.6713740615134765,HI-VAE_weibull_diffusion
0.02958727686705521,0.8612716763005781,0.13817415912793934,0.7906938775510204,0.18296631177340364,3.0,0.4797687861271676,0.692508647093935,HI-VAE_weibull_diffusion
0.029378552779728676,0.8481345244351025,0.1773267467386156,0.7953229291716687,0.2523596098788018,4.0,0.42196531791907516,0.6799836750046399,HI-VAE_weibull_diffusion
0.025944170196229546,0.8744088281660537,0.16531115531943877,0.7831284513805522,0.11907744410864636,1.0,0.44508670520231214,0.6996368573489383,HI-VAE_weibull_diffusion
0.030700645084626943,0.8575932737782449,0.1954152398666272,0.772374549819928,0.1075641023864519,3.0,0.4797687861271676,0.6975537413121423,HI-VAE_weibull_diffusion
0.02661527066422961,0.8733578560168156,0.13294656225809912,0.7787226890756302,0.0940182946327224,2.0,0.4508670520231214,0.6899735541955176,HI-VAE_weibull_diffusion
0.025617866384696174,0.8770362585391486,0.1285171241548663,0.7586074429771908,0.20274593916733505,4.0,0.41040462427745666,0.6650879436050046,HI-VAE_weibull_diffusion
0.028572455455829662,0.8591697320021019,0.15292100771725683,0.7882256902761104,0.14816370507591525,5.0,0.4046242774566474,0.6954466388057675,HI-VAE_weibull_diffusion
0.02767236485653629,0.8675775091960063,0.12477805820408244,0.7623241296518607,0.11036398461197576,3.0,0.4393063583815029,0.6688538521339599,HI-VAE_weibull_diffusion
0.027811220313730147,0.8649500788229112,0.13132405295784413,0.7529507803121249,0.1893658998234451,4.0,0.47398843930635837,0.6860492081969827,HI-VAE_weibull_diffusion
0.030631108444529574,0.8549658434051498,0.1795924128623517,0.7763745498199279,0.16346360650741662,2.0,0.44508670520231214,0.7076252630109214,HI-VAE_weibull_diffusion
0.02758515210345139,0.8670520231213874,0.16436827555756553,0.7443793517406962,0.10186506157912738,3.0,0.43352601156069365,0.6792439369557914,HI-VAE_weibull_diffusion
0.0275281946375177,0.8675775091960063,0.13036132531369848,0.7981752701080433,0.08173576615621563,1.0,0.4046242774566474,0.6790476253860959,HI-VAE_weibull_diffusion
0.03038127991692979,0.858118759852864,0.14994801234778762,0.7342352941176472,0.20206130431780775,3.0,0.4624277456647399,0.6802108307028867,HI-VAE_weibull_diffusion
0.030219635550051197,0.8575932737782449,0.1500219854503798,0.7768019207683073,0.1375168590411399,4.0,0.4508670520231214,0.6948194305889174,HI-VAE_weibull_diffusion
0.027661978166624388,0.8638991066736732,0.15035018522677293,0.7523577430972389,0.09827985046738621,5.0,0.4046242774566474,0.6642235843032811,HI-VAE_weibull_diffusion
0.02822881095416352,0.8670520231213872,0.14782191933164987,0.7632460984393759,0.1481846156184469,3.0,0.42196531791907516,0.6698687337036172,HI-VAE_weibull_diffusion
0.027137317585939538,0.8723068838675775,0.12029312917699057,0.7325858343337336,0.2424752927742852,4.0,0.4393063583815029,0.6708970347608312,HI-VAE_weibull_diffusion
0.029956841705642143,0.8581187598528639,0.162151349988384,0.7339351740696278,0.13944566429972546,4.0,0.4393063583815029,0.6982137164836671,HI-VAE_weibull_diffusion
0.02954560767690644,0.8539148712559118,0.21444994197256426,0.8147466986794717,0.19829302085075892,3.0,0.43352601156069365,0.6949889811088972,HI-VAE_weibull_diffusion
0.026354415291588183,0.8707304256437204,0.09319784387082548,0.7322929171668667,0.16176361367479508,1.0,0.4393063583815029,0.6931023958578425,HI-VAE_weibull_diffusion
0.026372725291860563,0.8681029952706253,0.13207913410568894,0.753390156062425,0.13785394743213064,2.0,0.45664739884393063,0.7107639807824067,HI-VAE_weibull_diffusion
0.028700921818758177,0.8596952180767211,0.16777562595316922,0.7586602641056424,0.08912123049313597,5.0,0.42196531791907516,0.6919828606873265,HI-VAE_weibull_diffusion
0.030441554302299847,0.8518129269574356,0.1653537804448192,0.7757551020408163,0.2124466353300651,2.0,0.41040462427745666,0.7047989550740875,HI-VAE_weibull_diffusion
0.0301717511101785,0.8533893851812927,0.16283706946014853,0.8233613445378152,0.15010693393543598,4.0,0.43352601156069365,0.6738566800547237,HI-VAE_weibull_diffusion
0.02934740862248123,0.8528638991066738,0.1853137645378207,0.7727875150060024,0.20590204356434455,5.0,0.45664739884393063,0.6799175762391181,HI-VAE_weibull_diffusion
0.027142836443997464,0.8660010509721494,0.1769594858121832,0.7418295318127252,0.1972805100830189,4.0,0.43352601156069365,0.6900297816854853,HI-VAE_weibull_diffusion
0.026233266627764172,0.8780872306883868,0.13849784048347402,0.7734189675870349,0.10241511486730807,3.0,0.4277456647398844,0.7136914429724092,HI-VAE_weibull_diffusion
0.02944367642986094,0.8602207041513399,0.19268918821591932,0.8052845138055222,0.19836284046471186,2.0,0.45664739884393063,0.6797089861220953,HI-VAE_weibull_diffusion
0.02771272675283548,0.8728323699421966,0.12990330928685181,0.7581368547418968,0.11388992501917736,1.0,0.4046242774566474,0.6694648144189884,HI-VAE_weibull_diffusion
0.02872107909752567,0.8660010509721492,0.17138461507752284,0.7870996398559424,0.11168058412778176,4.0,0.4393063583815029,0.6847183544559617,HI-VAE_weibull_diffusion
0.030200121734550566,0.8586442459274829,0.14159775700463598,0.7717310924369748,0.18468418965452157,4.0,0.4797687861271676,0.6638040117259801,HI-VAE_weibull_diffusion
0.025494918981709747,0.8744088281660537,0.11668879077419768,0.7460168067226891,0.1514755146680054,3.0,0.4508670520231214,0.6770704382376854,HI-VAE_weibull_diffusion
0.027888501280508512,0.8638991066736732,0.18266023783526603,0.7594141656662665,0.1808620065326231,4.0,0.4277456647398844,0.6812426107491063,HI-VAE_weibull_diffusion
0.0266742946215784,0.8702049395691014,0.08629132766565308,0.7431740696278513,0.08842238584893469,1.0,0.42196531791907516,0.6703943800453631,HI-VAE_weibull_diffusion
0.028621937967015728,0.859169732002102,0.12045228046360978,0.7776614645858344,0.09414014117948102,2.0,0.3872832369942196,0.6921834320640213,HI-VAE_weibull_diffusion
0.03042946249209745,0.8523384130320547,0.1969011911444368,0.8292100840336134,0.09796714335354574,3.0,0.41040462427745666,0.6721055467503994,HI-VAE_weibull_diffusion
0.0294586639294793,0.8581187598528639,0.152086049067958,0.7746650660264105,0.08384864257354009,2.0,0.4277456647398844,0.6583785627466897,HI-VAE_weibull_diffusion
0.028878186855790508,0.8644245927482921,0.13587826736091763,0.7591164465786313,0.11914111908295251,3.0,0.5028901734104047,0.6736796709514244,HI-VAE_weibull_diffusion
0.02832607744924157,0.8586442459274829,0.2103530248604402,0.7457238895558224,0.15600577279538974,2.0,0.41040462427745666,0.6659317789626066,HI-VAE_weibull_diffusion
0.029480116615319574,0.86022070415134,0.13938283377177388,0.7714837935174069,0.27846750528364805,3.0,0.4277456647398844,0.6657243583892317,HI-VAE_weibull_diffusion
0.027497867734289437,0.8738833420914346,0.13820931311913576,0.7604609843937575,0.11346675779062522,3.0,0.4046242774566474,0.6727588460142112,HI-VAE_weibull_diffusion
0.028960785098315754,0.8638991066736732,0.1550512948648754,0.7657478991596639,0.10778045590351723,1.0,0.43352601156069365,0.690167537246057,HI-VAE_weibull_diffusion
0.030817301716396097,0.8502364687335785,0.1585346641143629,0.7601032412965185,0.10567270198968802,2.0,0.3699421965317919,0.6636673362304794,HI-VAE_weibull_diffusion
0.026206922755203563,0.8686284813452443,0.1654001517264627,0.7500120048019208,0.15098529354386347,2.0,0.3699421965317919,0.6567926937813364,HI-VAE_weibull_diffusion
0.028086947960946275,0.8628481345244352,0.19272609179329503,0.7913469387755102,0.23325356032607922,5.0,0.3930635838150289,0.6963778701181538,HI-VAE_weibull_diffusion
0.027143481413561044,0.8702049395691014,0.16832159905093264,0.7441344537815127,0.15469443607741934,4.0,0.45664739884393063,0.6846764837229333,HI-VAE_weibull_diffusion
0.028403868853717897,0.8638991066736732,0.11749168354866835,0.74337575030012,0.09017434108764831,4.0,0.4682080924855491,0.691148295759405,HI-VAE_weibull_diffusion
0.027635165818609565,0.8681029952706254,0.14960361626768684,0.7745546218487396,0.2161881165756074,5.0,0.4913294797687861,0.678977521762276,HI-VAE_weibull_diffusion
0.029972599018301436,0.8575932737782449,0.182018335724512,0.7691044417767106,0.23994105634951615,5.0,0.3699421965317919,0.6985331739851197,HI-VAE_weibull_diffusion
0.027443103853365992,0.8681029952706254,0.1421473267120888,0.7516878751500601,0.07804633094333391,5.0,0.4046242774566474,0.6668584122370155,HI-VAE_weibull_diffusion
0.02734291080292587,0.8728323699421966,0.15703063994977812,0.7041200480192076,0.1345041234881579,3.0,0.4508670520231214,0.6860671906458284,HI-VAE_weibull_diffusion
0.02702657218724328,0.8717813977929585,0.12514700206906085,0.7979831932773108,0.15601033536072467,2.0,0.3988439306358382,0.7008104370368338,HI-VAE_weibull_diffusion
0.03019019111549293,0.8554913294797687,0.14376766453791545,0.7018151260504201,0.21155101823076894,3.0,0.42196531791907516,0.7254025396725068,HI-VAE_weibull_diffusion
0.028923051277723065,0.860746190225959,0.18079906657304182,0.7507298919567826,0.23251645636823456,5.0,0.42196531791907516,0.6885180687493356,HI-VAE_weibull_diffusion
0.03064503772449755,0.8581187598528639,0.15122759307592293,0.7579831932773109,0.14996850029968023,1.0,0.4508670520231214,0.6881335463734165,HI-VAE_weibull_diffusion
0.02740949340377654,0.8675775091960063,0.15935397075984697,0.7228859543817526,0.22499865117535384,4.0,0.44508670520231214,0.6790473263295024,HI-VAE_weibull_diffusion
0.02781137270639837,0.8702049395691014,0.15021789499901894,0.7536902761104443,0.2028723447017028,3.0,0.4046242774566474,0.677114346916777,HI-VAE_weibull_diffusion
0.02700762842399376,0.8717813977929585,0.12981766193507757,0.7610684273709483,0.19472426959559272,3.0,0.45664739884393063,0.6601558989714272,HI-VAE_weibull_diffusion
0.03115131188229875,0.8539148712559116,0.12935426618287235,0.8073517406962785,0.1531159723100305,3.0,0.4277456647398844,0.6860497567153118,HI-VAE_weibull_diffusion
0.027946277324153144,0.8644245927482921,0.12757183766044544,0.7166578631452583,0.12051777108571768,3.0,0.4277456647398844,0.6787001983623352,HI-VAE_weibull_diffusion
0.026430723363754557,0.8754598003152917,0.12164644625985144,0.7500600240096038,0.12622315296188955,3.0,0.4624277456647399,0.6803636271255554,HI-VAE_weibull_diffusion
0.02858819765821221,0.8654755648975303,0.10409827020027218,0.7905018007202881,0.07031109514808027,1.0,0.42196531791907516,0.6915624220001574,HI-VAE_weibull_diffusion
0.028860268717403447,0.862848134524435,0.17583639906266393,0.7731524609843937,0.07555704738082411,1.0,0.4161849710982659,0.6686374217573483,HI-VAE_weibull_diffusion
0.028780398449359354,0.8623226484498162,0.11727627995150663,0.7691572629051622,0.08960958351680766,2.0,0.4913294797687861,0.6638373622589248,HI-VAE_weibull_diffusion
0.029223850926945818,0.8539148712559118,0.175793796411492,0.7866650660264105,0.10533022110998112,2.0,0.4508670520231214,0.7036066106660467,HI-VAE_weibull_diffusion
0.030981121192571036,0.8581187598528639,0.1477797331805093,0.788360144057623,0.09859141490785221,1.0,0.48554913294797686,0.6394341566178183,HI-VAE_weibull_diffusion
0.02901690546371806,0.8628481345244352,0.11580387964366877,0.7410876350540215,0.09234453862164067,3.0,0.47398843930635837,0.6992220650695421,HI-VAE_weibull_diffusion
0.0298250431535498,0.8539148712559116,0.13436436474694557,0.749282112845138,0.13395593232389236,4.0,0.4682080924855491,0.6771284708660489,HI-VAE_weibull_diffusion
0.030214869320939006,0.8554913294797687,0.1506196817602204,0.7577094837935174,0.13295756598248257,3.0,0.4277456647398844,0.6771718289771116,HI-VAE_weibull_diffusion
0.02940694666824081,0.8560168155543878,0.16553950456660782,0.8008211284513805,0.11720143999893784,3.0,0.42196531791907516,0.6908384154833993,HI-VAE_weibull_diffusion
0.025915793344116277,0.8691539674198633,0.15220204257071335,0.7554381752701079,0.16393632070943806,3.0,0.3872832369942196,0.6993597689298457,HI-VAE_weibull_diffusion
0.028756297463465152,0.8638991066736732,0.18652533808648222,0.7541416566626651,0.21759857085010223,5.0,0.42196531791907516,0.688325987972155,HI-VAE_weibull_diffusion
0.02890467779045799,0.8570677877036258,0.15228148612584377,0.7701128451380551,0.0828585501911897,3.0,0.42196531791907516,0.6863386396016512,HI-VAE_weibull_diffusion
0.026813206206301673,0.8702049395691014,0.17296176431966606,0.7271692677070829,0.09386024524792069,3.0,0.4913294797687861,0.6888283576939748,HI-VAE_weibull_diffusion
0.03168261467894142,0.8413032054650553,0.19999219956721467,0.7994669867947178,0.1385140413117287,5.0,0.4797687861271676,0.6862142563099878,HI-VAE_weibull_diffusion
0.028994887515891077,0.8612716763005781,0.16353415637823918,0.7419879951980792,0.11048996944108054,1.0,0.4161849710982659,0.6789858288208541,HI-VAE_weibull_diffusion
0.03020797509680433,0.8581187598528639,0.13862437482006315,0.7741848739495798,0.08349918723906039,1.0,0.4508670520231214,0.6896558025679193,HI-VAE_weibull_diffusion
0.02830600175500376,0.8575932737782449,0.19862457868974487,0.7249411764705882,0.09530096086076452,6.0,0.4682080924855491,0.6830109138052421,HI-VAE_weibull_diffusion
0.02825233415069216,0.8675775091960063,0.1247606543973774,0.7208691476590636,0.1274205132190852,3.0,0.44508670520231214,0.6594486479456385,HI-VAE_weibull_diffusion
0.029095737910541156,0.8623226484498161,0.12489043170216844,0.757234093637455,0.10238282102695,4.0,0.4624277456647399,0.6825278323350837,HI-VAE_weibull_diffusion
0.02915575431050651,0.859695218076721,0.14439393662184818,0.8008787515006002,0.13840003190454825,2.0,0.48554913294797686,0.668051939509086,HI-VAE_weibull_diffusion
0.026219750099117093,0.8749343142406727,0.12608180099199823,0.6784873949579833,0.11858409669523069,5.0,0.4913294797687861,0.6927661602843107,HI-VAE_weibull_diffusion
0.02695400414747533,0.8696794534944824,0.16645610143009246,0.7804897959183673,0.16715527322403706,6.0,0.4161849710982659,0.701321190568884,HI-VAE_weibull_diffusion
0.029766191404345665,0.86022070415134,0.13447075973458228,0.7861320528211284,0.12692924495434366,4.0,0.4277456647398844,0.6930880296824282,HI-VAE_weibull_diffusion
0.027239640054043782,0.8686284813452445,0.14365597720031575,0.7691908763505402,0.17439761107574137,4.0,0.45664739884393063,0.7094910196922404,HI-VAE_weibull_diffusion
0.029432146549263207,0.86022070415134,0.1345354783322751,0.7459207683073229,0.20148422090623233,4.0,0.4682080924855491,0.7003793798482484,HI-VAE_weibull_diffusion
0.027227874545863003,0.8649500788229112,0.18021160771286912,0.7334261704681871,0.2590494649311385,4.0,0.3988439306358382,0.7155913864559782,HI-VAE_weibull_diffusion
0.02758332450761737,0.8681029952706254,0.13731535047674964,0.7194285714285714,0.09636154678078887,2.0,0.5144508670520231,0.6837436343762165,HI-VAE_weibull_diffusion
0.027241610112343443,0.8712559117183396,0.13624567738285434,0.7562881152460983,0.11268894924278824,3.0,0.47398843930635837,0.6947436356146061,HI-VAE_weibull_diffusion
0.028573243554140926,0.8628481345244352,0.1459174123231389,0.7941272509003602,0.1238267289050828,1.0,0.45664739884393063,0.6885016196532229,HI-VAE_weibull_diffusion
0.02883826489741407,0.8623226484498161,0.12022005114096505,0.7811476590636255,0.2205762363732156,5.0,0.4682080924855491,0.6730495248854031,HI-VAE_weibull_diffusion
0.027579127834290448,0.8712559117183395,0.11733516923770138,0.7620360144057623,0.23206850778833632,4.0,0.4161849710982659,0.6895129140701646,HI-VAE_weibull_diffusion
0.027565432390297306,0.86022070415134,0.15183583200808984,0.7900648259303721,0.13212023074558935,3.0,0.4277456647398844,0.658032184388125,HI-VAE_weibull_diffusion
0.028085810627652676,0.8665265370467683,0.14277295921063093,0.7620312124849941,0.15749051613739073,4.0,0.4161849710982659,0.67515171047613,HI-VAE_weibull_diffusion
0.02960776726642864,0.8502364687335785,0.18689703645509356,0.7664417767106844,0.25873587322999503,4.0,0.4393063583815029,0.6882163273890768,HI-VAE_weibull_diffusion
0.028897066946837715,0.859695218076721,0.10536075955849006,0.773171668667467,0.06490308487780175,3.0,0.41040462427745666,0.6811325591067375,HI-VAE_weibull_diffusion
0.027681636520892842,0.8665265370467682,0.13682321347348733,0.7719855942376951,0.1533624107712672,3.0,0.4277456647398844,0.6742730132619168,HI-VAE_weibull_diffusion
0.02911745398018882,0.8586442459274829,0.16369959769396225,0.7744921968787514,0.27335921810282016,4.0,0.37572254335260113,0.6808218801909833,HI-VAE_weibull_diffusion
0.028010120616467613,0.8644245927482921,0.13732551552711944,0.7879759903961585,0.13423569248584416,3.0,0.4682080924855491,0.6854947764706374,HI-VAE_weibull_diffusion
0.028651914246562823,0.8628481345244352,0.12823811158163403,0.7776422569027611,0.251401825637703,3.0,0.42196531791907516,0.6837825395942982,HI-VAE_weibull_diffusion
0.025166922105685684,0.8791382028376248,0.11066094426414935,0.7543625450180071,0.10719345190828142,1.0,0.4682080924855491,0.6857231997937923,HI-VAE_weibull_diffusion
0.02892652074177364,0.8623226484498161,0.16053409764052068,0.7767923169267708,0.10987961702408525,3.0,0.4624277456647399,0.6893101408316252,HI-VAE_weibull_diffusion
0.01622123363146062,0.9111928533893852,0.14027540087741344,0.5942424969987995,0.19809223916857197,5.0,0.4508670520231214,0.6826702678412067,HI-VAE_piecewise_diffusion
0.01785008354686248,0.9111928533893852,0.1461117256032678,0.5157551020408164,0.13016915389664938,1.0,0.4797687861271676,0.6959520615685814,HI-VAE_piecewise_diffusion
0.014881037820742548,0.9190751445086707,0.11611208095747863,0.5634093637454982,0.13766022382598622,3.0,0.42196531791907516,0.6697574169025428,HI-VAE_piecewise_diffusion
0.01564719667798684,0.9196006305832896,0.10664104234546541,0.5193565426170468,0.13936677175092263,1.0,0.44508670520231214,0.6646542935322414,HI-VAE_piecewise_diffusion
0.014657198538908123,0.9227535470310037,0.0683419285123372,0.48328451380552223,0.14675411956542117,3.0,0.3930635838150289,0.6558505868367399,HI-VAE_piecewise_diffusion
0.015866673077037194,0.9217025748817655,0.1221885143383496,0.5900264105642258,0.20920801060198194,2.0,0.4508670520231214,0.6897569312262027,HI-VAE_piecewise_diffusion
0.015331668363137357,0.9180241723594325,0.11772703063229235,0.5077695078031212,0.13420564680731076,3.0,0.4682080924855491,0.6760292470666676,HI-VAE_piecewise_diffusion
0.017350435259942062,0.9111928533893852,0.12652497732212528,0.5525858343337335,0.1608605697742519,3.0,0.4682080924855491,0.6925213421536136,HI-VAE_piecewise_diffusion
0.012223428967063271,0.934314240672622,0.09505717395823057,0.5525906362545017,0.13315523007348856,3.0,0.4624277456647399,0.6757346964516205,HI-VAE_piecewise_diffusion
0.016950349261776954,0.9117183394640042,0.12014555088325722,0.5828379351740696,0.26783604665108235,2.0,0.44508670520231214,0.6752797382765428,HI-VAE_piecewise_diffusion
0.01567990881762816,0.9196006305832896,0.10886258951347057,0.5637791116446579,0.1449391255985705,1.0,0.4393063583815029,0.6820620444499249,HI-VAE_piecewise_diffusion
0.014350686337001877,0.9217025748817655,0.10851686423659615,0.5766170468187275,0.12285682496176467,3.0,0.48554913294797686,0.684125215216921,HI-VAE_piecewise_diffusion
0.01608643110629585,0.9143457698370994,0.14684960392726815,0.49585114045618256,0.2516001385742643,6.0,0.4797687861271676,0.6869181827020568,HI-VAE_piecewise_diffusion
0.013736412855206891,0.9253809774040989,0.13392199131361365,0.4457863145258103,0.152601192210381,3.0,0.4682080924855491,0.6370977606232692,HI-VAE_piecewise_diffusion
0.015309418008454425,0.9211770888071465,0.1151144625588462,0.5044945978391355,0.09367234443842931,1.0,0.4682080924855491,0.6707273821844454,HI-VAE_piecewise_diffusion
0.014986356327148054,0.9232790331056226,0.11788831288245459,0.49820888355342136,0.18903915140687938,3.0,0.41040462427745666,0.699810271745168,HI-VAE_piecewise_diffusion
0.01602050796306478,0.9185496584340513,0.13946879460526324,0.5264057623049219,0.08805097330445345,4.0,0.4393063583815029,0.6765461809658874,HI-VAE_piecewise_diffusion
0.01669514331589742,0.9153967419863375,0.14995463882700147,0.5153829531812726,0.26155555278547593,3.0,0.43352601156069365,0.6922447704782043,HI-VAE_piecewise_diffusion
0.013828015340966492,0.927482921702575,0.10324484482487815,0.506016806722689,0.16750953783592723,4.0,0.47398843930635837,0.7020076599002475,HI-VAE_piecewise_diffusion
0.016530360540012026,0.9096163951655282,0.16153649168283807,0.5804609843937575,0.17660368014482433,1.0,0.4393063583815029,0.6575532719131418,HI-VAE_piecewise_diffusion
0.016012028101973455,0.9180241723594325,0.11891912406574495,0.5580648259303722,0.12361017121199058,2.0,0.47398843930635837,0.6873475737191724,HI-VAE_piecewise_diffusion
0.01619556446252377,0.9111928533893853,0.1221883167085818,0.5640288115246098,0.1887915910420394,2.0,0.4913294797687861,0.6906481242026603,HI-VAE_piecewise_diffusion
0.014808201006857941,0.9185496584340516,0.10691634531347155,0.46672268907563036,0.12808573067620724,2.0,0.45664739884393063,0.6554162475554611,HI-VAE_piecewise_diffusion
0.015429701042541544,0.9169732002101945,0.1117380320812591,0.5459159663865545,0.2110044832582166,4.0,0.4393063583815029,0.6792191901289807,HI-VAE_piecewise_diffusion
0.015105626972366094,0.9232790331056226,0.09253870915505089,0.5492917166866748,0.13994144573915504,1.0,0.44508670520231214,0.6607207063546774,HI-VAE_piecewise_diffusion
0.015446218803956554,0.9190751445086707,0.13609523143446356,0.521733493397359,0.15449547645631154,1.0,0.41040462427745666,0.6952423254537468,HI-VAE_piecewise_diffusion
0.017886320669084087,0.9038360483447189,0.15629816872164184,0.5379303721488595,0.21379042234846868,4.0,0.4797687861271676,0.6789633780710301,HI-VAE_piecewise_diffusion
0.017061808468076485,0.9090909090909091,0.1748877397036045,0.5176758703481392,0.13048222074881077,3.0,0.5028901734104047,0.6932997927175357,HI-VAE_piecewise_diffusion
0.013988077406486814,0.9259064634787179,0.10611874519694993,0.5226890756302521,0.15205033579749128,2.0,0.3930635838150289,0.6947819611372785,HI-VAE_piecewise_diffusion
0.015415277442383878,0.9190751445086704,0.1391571536825358,0.4949195678271308,0.275090095406777,4.0,0.4797687861271676,0.6595151542819123,HI-VAE_piecewise_diffusion
0.01530219175590667,0.9180241723594323,0.13841152348497635,0.5624129651860745,0.21173658646725582,3.0,0.49710982658959535,0.6900319382574428,HI-VAE_piecewise_diffusion
0.0148017127213603,0.9201261166579087,0.10926044764952138,0.46345258103241294,0.1219552268345266,4.0,0.4797687861271676,0.6851561898852794,HI-VAE_piecewise_diffusion
0.017095107249357422,0.9148712559117183,0.1316803853292686,0.5960504201680672,0.16610614711211347,3.0,0.42196531791907516,0.6590089775883053,HI-VAE_piecewise_diffusion
0.01639237682304186,0.9180241723594325,0.11143126460381066,0.5046914765906363,0.2662200468908781,3.0,0.42196531791907516,0.6751880229253039,HI-VAE_piecewise_diffusion
0.016659657587037975,0.9106673673147662,0.1522389544730806,0.5447370948379352,0.12586879435953016,3.0,0.4046242774566474,0.6797505633071198,HI-VAE_piecewise_diffusion
0.016455741738729955,0.9201261166579084,0.1286343705350839,0.5580648259303722,0.08324825454739401,2.0,0.49710982658959535,0.6785274661672759,HI-VAE_piecewise_diffusion
0.016269714882693097,0.9148712559117184,0.11637811435748077,0.5810516206482592,0.14568576122761154,1.0,0.43352601156069365,0.7009977713707622,HI-VAE_piecewise_diffusion
0.017205418712757454,0.9138202837624804,0.15129992974183276,0.5172917166866746,0.1813624338815177,2.0,0.3988439306358382,0.6637718385817201,HI-VAE_piecewise_diffusion
0.015017861584665382,0.9243300052548608,0.11033202824700343,0.5472220888355342,0.15283379586850127,2.0,0.4046242774566474,0.684772859838446,HI-VAE_piecewise_diffusion
0.016293751487635334,0.9117183394640042,0.12990836872275102,0.5528451380552222,0.1433697891640209,1.0,0.47398843930635837,0.6759388138357514,HI-VAE_piecewise_diffusion
0.015322773490961583,0.9201261166579084,0.1042372663165517,0.5473997599039615,0.07034691793452345,2.0,0.4393063583815029,0.6632802665377064,HI-VAE_piecewise_diffusion
0.016244749097403508,0.9111928533893853,0.10574241958906129,0.5311404561824731,0.08997053215333137,1.0,0.48554913294797686,0.6908792570146584,HI-VAE_piecewise_diffusion
0.017320147551471887,0.9111928533893852,0.15044116847708555,0.5807250900360144,0.1339053465847101,3.0,0.4913294797687861,0.6906288119385923,HI-VAE_piecewise_diffusion
0.01588870560980372,0.9196006305832896,0.11060505645606142,0.5308763505402161,0.13418358175927877,4.0,0.4797687861271676,0.6755087258109079,HI-VAE_piecewise_diffusion
0.014580771062132562,0.9217025748817655,0.12233319758982132,0.5348475390156062,0.0736891202013129,3.0,0.44508670520231214,0.6748434233514505,HI-VAE_piecewise_diffusion
0.016622783272720418,0.9206516027325276,0.11546796302468898,0.638108043217287,0.23322175465268166,3.0,0.41040462427745666,0.6502449912037667,HI-VAE_piecewise_diffusion
0.014682188775056637,0.9211770888071465,0.1411845233399554,0.499764705882353,0.18238571435382103,3.0,0.45664739884393063,0.6828108974545631,HI-VAE_piecewise_diffusion
0.015682563135227985,0.9211770888071465,0.11550202112654068,0.4794045618247299,0.1766800087796364,2.0,0.48554913294797686,0.6747675869297879,HI-VAE_piecewise_diffusion
0.014727958549993377,0.9201261166579087,0.12521075320722616,0.4834669867947179,0.07877681710177574,4.0,0.4913294797687861,0.6634851195291965,HI-VAE_piecewise_diffusion
0.013864471735634615,0.9253809774040987,0.13099077236145176,0.5707370948379352,0.12852997697367607,2.0,0.4624277456647399,0.6839997659421814,HI-VAE_piecewise_diffusion
0.015132958014539127,0.9164477141355755,0.14294707528927786,0.53568787515006,0.1993729874998859,2.0,0.5086705202312138,0.6726376017852222,HI-VAE_piecewise_diffusion
0.015446633178236463,0.9243300052548608,0.12347918588238022,0.55846818727491,0.19660956289618534,2.0,0.5317919075144508,0.6828006454553006,HI-VAE_piecewise_diffusion
0.01530799241857572,0.9211770888071467,0.14564263146912967,0.5663193277310924,0.17640458095580264,3.0,0.4682080924855491,0.6528251865328846,HI-VAE_piecewise_diffusion
0.016069560110248272,0.9138202837624803,0.12585691475376318,0.5259303721488595,0.18422683448760407,6.0,0.4161849710982659,0.6916888683900922,HI-VAE_piecewise_diffusion
0.014423499623338465,0.9238045191802418,0.11357097121770113,0.539298919567827,0.15071560755566776,4.0,0.47398843930635837,0.6739742207024849,HI-VAE_piecewise_diffusion
0.017732940608891884,0.906463478717814,0.1423381618066616,0.5824105642256903,0.22971431869937248,5.0,0.49710982658959535,0.6878792570251452,HI-VAE_piecewise_diffusion
0.015895421518815244,0.9201261166579087,0.13153325575288777,0.5825018007202881,0.09438329295825698,3.0,0.41040462427745666,0.666033232651034,HI-VAE_piecewise_diffusion
0.01580488456140008,0.9159222280609565,0.13100777488077228,0.5186698679471788,0.18020533009000977,4.0,0.4913294797687861,0.676510552911908,HI-VAE_piecewise_diffusion
0.016425196886636625,0.9117183394640042,0.1559664287145553,0.4950420168067226,0.15090820564360563,4.0,0.4682080924855491,0.6775460814355352,HI-VAE_piecewise_diffusion
0.01485535424330391,0.9238045191802418,0.11292209847171228,0.5764033613445378,0.20063405820308733,3.0,0.4682080924855491,0.6644893583902175,HI-VAE_piecewise_diffusion
0.017971322954570997,0.905412506568576,0.12803729202789133,0.5575126050420168,0.09280273533186933,2.0,0.4508670520231214,0.682741189485549,HI-VAE_piecewise_diffusion
0.016266490082601347,0.909090909090909,0.13537191408452057,0.4885714285714286,0.15769990699379494,5.0,0.4682080924855491,0.6735863036413561,HI-VAE_piecewise_diffusion
0.015210587210384936,0.9206516027325274,0.1575963522543028,0.5885138055222089,0.17949843897480164,2.0,0.43352601156069365,0.6960048114954035,HI-VAE_piecewise_diffusion
0.01643219992765046,0.9148712559117183,0.13716715194532397,0.5310276110444179,0.12118062809851497,3.0,0.4797687861271676,0.6731896771654747,HI-VAE_piecewise_diffusion
0.016292872550415664,0.9117183394640042,0.10329087847848638,0.5645666266506603,0.15191196089310255,3.0,0.48554913294797686,0.6863872881360426,HI-VAE_piecewise_diffusion
0.01703745680544343,0.904361534419338,0.10369524494583625,0.5612533013205282,0.09933083311974893,4.0,0.43352601156069365,0.6794651253898434,HI-VAE_piecewise_diffusion
0.014697088397272762,0.9243300052548608,0.11840871724516414,0.47190636254501805,0.07727907849093657,2.0,0.41040462427745666,0.6749614907721867,HI-VAE_piecewise_diffusion
0.013775991838765154,0.925906463478718,0.08797199334607989,0.526593037214886,0.07170576075704105,2.0,0.4277456647398844,0.6704083952905462,HI-VAE_piecewise_diffusion
0.016776146710479504,0.9090909090909091,0.11129087765928891,0.5588187274909964,0.20539946027702952,5.0,0.43352601156069365,0.6602171496126121,HI-VAE_piecewise_diffusion
0.01758975517184819,0.9048870204939571,0.13666151209311128,0.5554861944777911,0.20269455730422972,4.0,0.4046242774566474,0.6639828429096838,HI-VAE_piecewise_diffusion
0.017787934880751744,0.9117183394640042,0.1671852737851612,0.6073613445378152,0.1846799666638957,4.0,0.45664739884393063,0.6852864396392128,HI-VAE_piecewise_diffusion
0.017448491144663396,0.9117183394640044,0.12074815922879532,0.6041392557022809,0.17729534489131327,5.0,0.4624277456647399,0.6884656221841274,HI-VAE_piecewise_diffusion
0.014387108798844734,0.9217025748817655,0.12217752399644094,0.49646578631452576,0.11633253057051525,3.0,0.4624277456647399,0.6714642652149341,HI-VAE_piecewise_diffusion
0.016020241778350697,0.9164477141355754,0.14069355417072568,0.5635246098439376,0.15591961094661239,2.0,0.45664739884393063,0.6814482219327157,HI-VAE_piecewise_diffusion
0.014745679617436948,0.9248554913294798,0.10670094185248555,0.5338175270108043,0.09439573297638082,2.0,0.4508670520231214,0.6647395175277799,HI-VAE_piecewise_diffusion
0.01674991625341007,0.9185496584340516,0.11630204093906935,0.5121632653061224,0.14279987612302592,2.0,0.43352601156069365,0.6762274178259057,HI-VAE_piecewise_diffusion
0.015173331780520221,0.910141881240147,0.1196839537791476,0.5680480192076831,0.08477820214463332,1.0,0.41040462427745666,0.6550092054037191,HI-VAE_piecewise_diffusion
0.01564641701516745,0.9148712559117184,0.1433144402239095,0.5625978391356542,0.1685689629368474,6.0,0.4913294797687861,0.6690441830412479,HI-VAE_piecewise_diffusion
0.01696551904877451,0.9059379926431949,0.15012391274938475,0.6091140456182474,0.15112324910130015,1.0,0.4277456647398844,0.6733563315137281,HI-VAE_piecewise_diffusion
0.013767729377989223,0.9253809774040987,0.1212896789608835,0.5027178871548619,0.11875449503533332,3.0,0.3988439306358382,0.6220121229372149,HI-VAE_piecewise_diffusion
0.01574434010891677,0.9138202837624803,0.13783982870958178,0.543779111644658,0.11841106863732716,2.0,0.4161849710982659,0.6719307711453237,HI-VAE_piecewise_diffusion
0.017528211078576997,0.9122438255386232,0.12469825056391176,0.5639615846338535,0.12529151542412625,2.0,0.4161849710982659,0.6817222526326072,HI-VAE_piecewise_diffusion
0.017972149712143427,0.90856542301629,0.1257645999906976,0.536388955582233,0.12388856056068015,4.0,0.5028901734104047,0.6822262040203023,HI-VAE_piecewise_diffusion
0.01724818936756252,0.9069889647924331,0.16856254805583812,0.547078031212485,0.19597663331485976,5.0,0.49710982658959535,0.6636763940378518,HI-VAE_piecewise_diffusion
0.016029273931562536,0.910141881240147,0.124202554882021,0.5559903961584632,0.09587679111539338,2.0,0.45664739884393063,0.6754192134674587,HI-VAE_piecewise_diffusion
0.01631710073901353,0.9111928533893852,0.11835523188179845,0.5069147659063625,0.14422951638495027,4.0,0.44508670520231214,0.6719738382048569,HI-VAE_piecewise_diffusion
0.017276194098582567,0.9059379926431951,0.1727468694605748,0.514218487394958,0.2032026205743521,3.0,0.4682080924855491,0.6843485887431167,HI-VAE_piecewise_diffusion
0.01387131775600123,0.931161324224908,0.11987545094907007,0.5745522208883553,0.15403914207859684,4.0,0.44508670520231214,0.6683161296509749,HI-VAE_piecewise_diffusion
0.01687825257285665,0.9143457698370991,0.12689635562456783,0.5721824729891957,0.15422958082809882,5.0,0.43352601156069365,0.6926855915144601,HI-VAE_piecewise_diffusion
0.015037544527737179,0.9190751445086704,0.1314686263866343,0.5475534213685475,0.21179934189336241,2.0,0.4913294797687861,0.698197995740706,HI-VAE_piecewise_diffusion
0.014580782310456841,0.9227535470310038,0.15843586775659985,0.522280912364946,0.14440832359741806,3.0,0.4508670520231214,0.6624131663484405,HI-VAE_piecewise_diffusion
0.014677259226199507,0.9238045191802418,0.1409516747637935,0.48472509003601444,0.15999384560574947,5.0,0.4508670520231214,0.640562314167499,HI-VAE_piecewise_diffusion
0.012735394061933464,0.9301103520756698,0.12917106741427953,0.4948619447779111,0.20444207854307167,4.0,0.4508670520231214,0.695612613184667,HI-VAE_piecewise_diffusion
0.016721213584325666,0.9159222280609566,0.12486627764813013,0.5391308523409364,0.1533585709654784,3.0,0.4797687861271676,0.695857444336864,HI-VAE_piecewise_diffusion
0.01512594690048432,0.9190751445086704,0.1545895734292786,0.4908211284513806,0.2130072917844994,2.0,0.43352601156069365,0.6869505434199827,HI-VAE_piecewise_diffusion
0.015255628383062032,0.9243300052548608,0.11690786166291929,0.5437551020408163,0.19392997780209356,2.0,0.4277456647398844,0.7018696241954803,HI-VAE_piecewise_diffusion
0.016625911299051985,0.9174986862848136,0.14114241544789952,0.5298391356542617,0.11934984450996063,2.0,0.4508670520231214,0.6766525365004308,HI-VAE_piecewise_diffusion
0.015412058895427776,0.9180241723594325,0.11765573218977128,0.5034909963985593,0.14699701410065855,3.0,0.48554913294797686,0.6655679833124623,HI-VAE_piecewise_diffusion
0.015943761754140005,0.9138202837624804,0.15483336843781914,0.5155390156062424,0.1508834771675397,3.0,0.47398843930635837,0.6711782582983331,HI-VAE_piecewise_diffusion
0.01768626289320901,0.9006831318970047,0.14454377813358094,0.5587178871548619,0.1953839454883097,4.0,0.44508670520231214,0.682198456766326,HI-VAE_piecewise_diffusion
0.015026769056666877,0.9248554913294796,0.12608796550670526,0.5890036014405762,0.20257113034337493,3.0,0.43352601156069365,0.6887491102401657,HI-VAE_piecewise_diffusion
0.014441900173301658,0.9180241723594325,0.1325482545940893,0.4795990396158464,0.15515383561751825,4.0,0.4508670520231214,0.6691685234554862,HI-VAE_piecewise_diffusion
0.012357598261215692,0.932212296374146,0.08691385919606255,0.511234093637455,0.07415427958560689,1.0,0.4797687861271676,0.668116175117001,HI-VAE_piecewise_diffusion
0.015482732278069834,0.9196006305832896,0.14881477710157331,0.5895318127250901,0.19846665546280984,3.0,0.4277456647398844,0.6881147391453133,HI-VAE_piecewise_diffusion
0.014956505796806324,0.9227535470310038,0.12685550845961263,0.5592557022809124,0.24348979311866756,3.0,0.4624277456647399,0.6705136078440187,HI-VAE_piecewise_diffusion
0.016658770136973186,0.9111928533893853,0.12006777476832692,0.5692749099639854,0.24565451660017018,1.0,0.4277456647398844,0.6570269782270984,HI-VAE_piecewise_diffusion
0.016117355899728583,0.9169732002101946,0.11566289717079843,0.5392364945978392,0.18167281575388114,3.0,0.4913294797687861,0.675380984546127,HI-VAE_piecewise_diffusion
0.014211053995510375,0.9243300052548608,0.11493341606318702,0.5284033613445378,0.1259959563686343,5.0,0.49710982658959535,0.6867616510427811,HI-VAE_piecewise_diffusion
0.015559560424449927,0.9196006305832896,0.12048757962436644,0.5452869147659063,0.07035476948778249,1.0,0.48554913294797686,0.6739300242101329,HI-VAE_piecewise_diffusion
0.015481449309305837,0.9232790331056226,0.11761390960301538,0.564561824729892,0.14261162166694266,1.0,0.44508670520231214,0.659729480726038,HI-VAE_piecewise_diffusion
0.01603659774206756,0.9111928533893852,0.13785814588883352,0.47166146458583436,0.15939085215301496,4.0,0.45664739884393063,0.6714114276720833,HI-VAE_piecewise_diffusion
0.015036076017735971,0.9190751445086704,0.11640587171110466,0.519250900360144,0.17545937273844367,4.0,0.45664739884393063,0.6733583106062933,HI-VAE_piecewise_diffusion
0.016292755074128824,0.9132947976878613,0.12345374285302713,0.5686482593037215,0.12555587448106822,2.0,0.36416184971098264,0.6916344701402002,HI-VAE_piecewise_diffusion
0.0177745686640805,0.906463478717814,0.1321901977956629,0.5351428571428571,0.13162622860862613,2.0,0.4624277456647399,0.6525009525836969,HI-VAE_piecewise_diffusion
0.014969703625628045,0.9211770888071467,0.13544317459735203,0.5283001200480192,0.21397550127820925,1.0,0.5028901734104047,0.6500326292871381,HI-VAE_piecewise_diffusion
0.017195263954757508,0.9153967419863375,0.1249367575671487,0.5937623049219689,0.15142057058496292,1.0,0.4277456647398844,0.673020966032562,HI-VAE_piecewise_diffusion
0.017216540002268597,0.90856542301629,0.1665919586843424,0.5821632653061225,0.1794320268062067,5.0,0.47398843930635837,0.6594214700764893,HI-VAE_piecewise_diffusion
0.014809691583947378,0.9201261166579087,0.08919419029699756,0.48355822328931575,0.14646032936672337,1.0,0.4913294797687861,0.694142515206753,HI-VAE_piecewise_diffusion
0.013892265668120225,0.928008407777194,0.1006167925439092,0.446513805522209,0.10853650847258789,1.0,0.5028901734104047,0.6762844764872197,HI-VAE_piecewise_diffusion
0.016312937021822158,0.9127693116132423,0.11499626316809561,0.5600576230492196,0.2163697840188821,3.0,0.44508670520231214,0.6604809848579026,HI-VAE_piecewise_diffusion
0.014591630905231856,0.9206516027325276,0.11046630832868261,0.5530540216086435,0.18122204044661855,5.0,0.4624277456647399,0.6745805107875782,HI-VAE_piecewise_diffusion
0.01467347836492457,0.9227535470310038,0.14196537869104459,0.5202617046818727,0.2015908313691733,3.0,0.4913294797687861,0.656150186945689,HI-VAE_piecewise_diffusion
0.016038787728119234,0.9143457698370994,0.1604502502316091,0.48383433373349344,0.15705950327765572,4.0,0.4277456647398844,0.6596072133477406,HI-VAE_piecewise_diffusion
0.01762791643404531,0.9122438255386233,0.1214165818228039,0.592360144057623,0.10515055009205365,1.0,0.4161849710982659,0.6914448559091161,HI-VAE_piecewise_diffusion
0.016567274209080537,0.9153967419863374,0.13346640271240912,0.5485234093637454,0.12274086528155347,4.0,0.44508670520231214,0.6717078821367608,HI-VAE_piecewise_diffusion
0.014934799684758526,0.9222280609563847,0.087785582828,0.5201296518607444,0.08076026534406891,1.0,0.4682080924855491,0.6800467766322732,HI-VAE_piecewise_diffusion
0.015496606853034696,0.9159222280609566,0.13915203580099753,0.5159135654261704,0.14814023977374796,3.0,0.4913294797687861,0.6391565696172183,HI-VAE_piecewise_diffusion
0.017021897355057797,0.9106673673147662,0.19458035306453444,0.5922977190876351,0.12832497568853893,2.0,0.3988439306358382,0.6739182496841751,HI-VAE_piecewise_diffusion
0.015166884856669895,0.9222280609563845,0.15945688536921576,0.5077551020408164,0.1429517109425753,2.0,0.4277456647398844,0.6776788095482918,HI-VAE_piecewise_diffusion
0.016290480746960923,0.9148712559117184,0.14264099434984265,0.5115726290516206,0.16597626222080877,4.0,0.4624277456647399,0.6762803953070423,HI-VAE_piecewise_diffusion
0.015207909349839243,0.9206516027325276,0.08322947023059844,0.4861752701080432,0.13104899158272276,2.0,0.49710982658959535,0.6672552010666085,HI-VAE_piecewise_diffusion
0.016510686913331348,0.9132947976878613,0.15173730496815083,0.5592124849939977,0.19141369816211004,3.0,0.4277456647398844,0.6814915430950316,HI-VAE_piecewise_diffusion
0.014617101437220455,0.9238045191802418,0.11592840815332452,0.5058463385354142,0.14287503797222484,3.0,0.49710982658959535,0.6433528144636971,HI-VAE_piecewise_diffusion
0.01654638479391577,0.9169732002101945,0.11642820322163465,0.5199879951980793,0.11048251653141931,1.0,0.48554913294797686,0.6592332938503367,HI-VAE_piecewise_diffusion
0.015406533263298154,0.9217025748817655,0.10005713299437724,0.5516542617046818,0.13762584936060257,3.0,0.5144508670520231,0.6919635250904269,HI-VAE_piecewise_diffusion
0.018150159956919477,0.910141881240147,0.16443677765617465,0.536249699879952,0.10401567520845116,4.0,0.4508670520231214,0.71013464882746,HI-VAE_piecewise_diffusion
0.013401168838017653,0.9264319495533369,0.15474027952202357,0.5317406962785114,0.19893651448154628,5.0,0.3930635838150289,0.6702831025356651,HI-VAE_piecewise_diffusion
0.01616453407437397,0.9180241723594325,0.12017227328219592,0.5211284513805523,0.2255511120841106,5.0,0.4393063583815029,0.6584975754231052,HI-VAE_piecewise_diffusion
0.01676388555574906,0.906463478717814,0.12013682424146978,0.49415606242497,0.10952407685267633,2.0,0.42196531791907516,0.6984449152758913,HI-VAE_piecewise_diffusion
0.015287386673163454,0.9196006305832896,0.14045689610068018,0.5286434573829532,0.2764733256632846,4.0,0.43352601156069365,0.6790643331657515,HI-VAE_piecewise_diffusion
0.017141058126055066,0.9117183394640042,0.11594272879681414,0.5332581032412965,0.2021415029859773,4.0,0.4393063583815029,0.6903263504683906,HI-VAE_piecewise_diffusion
0.015339015034552312,0.9201261166579087,0.11504160789856158,0.5144033613445378,0.12233618523419304,2.0,0.5028901734104047,0.6595172981683767,HI-VAE_piecewise_diffusion
0.015972236599731907,0.9148712559117184,0.1524849478753523,0.5038703481392557,0.156384577653714,3.0,0.5086705202312138,0.7066324527491163,HI-VAE_piecewise_diffusion
0.017053485887805482,0.910667367314766,0.1516728674676447,0.5513661464585834,0.0848347320740001,4.0,0.4277456647398844,0.6762489348169982,HI-VAE_piecewise_diffusion
0.0154948676722308,0.9148712559117183,0.11703486691261615,0.5440432172869147,0.1164030720154202,3.0,0.5144508670520231,0.6648223248029719,HI-VAE_piecewise_diffusion
0.015436886034948133,0.9259064634787179,0.09357020273745627,0.4600240096038416,0.12234577433619355,1.0,0.4393063583815029,0.6587062620249301,HI-VAE_piecewise_diffusion
0.014889840599335543,0.9196006305832896,0.13427990695422268,0.4883145258103242,0.11509276066762254,1.0,0.4046242774566474,0.6658951422766571,HI-VAE_piecewise_diffusion
0.01599983333627505,0.9122438255386232,0.12339233333132098,0.5085042016806722,0.16720649714345867,5.0,0.4913294797687861,0.6805849650228454,HI-VAE_piecewise_diffusion
0.01590817522856025,0.9174986862848133,0.1270532971186876,0.5494309723889556,0.11962107590349991,2.0,0.44508670520231214,0.656982954941545,HI-VAE_piecewise_diffusion
0.015835575253289727,0.9164477141355755,0.13914137368328752,0.5526122448979592,0.19539058930343706,3.0,0.43352601156069365,0.6302837263957435,HI-VAE_piecewise_diffusion
0.01717224554979853,0.9132947976878611,0.14589008080208085,0.5727875150060023,0.1154172067413609,3.0,0.4913294797687861,0.6715780650218324,HI-VAE_piecewise_diffusion
0.015645318406600855,0.9174986862848133,0.1369900228761703,0.573608643457383,0.07311042178186987,5.0,0.44508670520231214,0.6585779781637462,HI-VAE_piecewise_diffusion
0.01477505294427004,0.9238045191802418,0.1265017893815152,0.5901512605042016,0.1678152249921332,3.0,0.42196531791907516,0.6793014416569143,HI-VAE_piecewise_diffusion
0.017023562604957455,0.9164477141355754,0.14173113997572329,0.5148571428571428,0.1323357533690847,3.0,0.47398843930635837,0.678809570444797,HI-VAE_piecewise_diffusion
0.01680851763424525,0.9132947976878613,0.12410849978819857,0.5102713085234093,0.19762980320171358,2.0,0.5086705202312138,0.6851936656770424,HI-VAE_piecewise_diffusion
0.015472918853739718,0.9164477141355754,0.12087675122673941,0.5395774309723891,0.15356886291088231,4.0,0.4797687861271676,0.6681593629984492,HI-VAE_piecewise_diffusion
0.015304387293889131,0.9196006305832896,0.11947180433017973,0.5233853541416567,0.20354910965272552,3.0,0.4508670520231214,0.6797626969122166,HI-VAE_piecewise_diffusion
0.01888916351684739,0.9048870204939569,0.1460631292652116,0.5216062424969987,0.11818026407286045,4.0,0.4797687861271676,0.6971393513288354,HI-VAE_piecewise_diffusion
0.01596227779917859,0.9148712559117184,0.13474194137025705,0.5008883553421369,0.18185549259498152,3.0,0.45664739884393063,0.6762784297194634,HI-VAE_piecewise_diffusion
0.015827999637566544,0.9169732002101945,0.14209150790945016,0.5341704681872749,0.1540186481141368,3.0,0.47398843930635837,0.6523868143301881,HI-VAE_piecewise_diffusion
0.015993484814904643,0.9206516027325276,0.10355891987144841,0.5684897959183673,0.09229292024426969,3.0,0.3930635838150289,0.6843052117289175,HI-VAE_piecewise_diffusion
0.017012251770363165,0.9069889647924329,0.16197001540238334,0.5573301320528212,0.17211685255096457,3.0,0.4797687861271676,0.6721878445323738,HI-VAE_piecewise_diffusion
0.01633937431228691,0.9196006305832896,0.11151018238744535,0.5085498199279712,0.12217360046733149,1.0,0.4393063583815029,0.6675391701494187,HI-VAE_piecewise_diffusion
0.015734033248472876,0.9243300052548608,0.15062998160142993,0.5728979591836734,0.15591455092831186,2.0,0.47398843930635837,0.6823385229980549,HI-VAE_piecewise_diffusion
0.01469627927773709,0.9217025748817658,0.09535999969987358,0.5156638655462185,0.1719717952098744,4.0,0.4393063583815029,0.6592641495631029,HI-VAE_piecewise_diffusion
0.01701889529053069,0.9138202837624804,0.1364732443184106,0.5262472989195679,0.17801679150958247,3.0,0.4624277456647399,0.664947327108487,HI-VAE_piecewise_diffusion
0.015780977926088728,0.9153967419863374,0.09972357734124082,0.49963025210084033,0.1214716337931654,2.0,0.4913294797687861,0.6657900264089917,HI-VAE_piecewise_diffusion
0.015964168511977257,0.9169732002101945,0.1589599386722714,0.5719807923169269,0.19112909955461327,4.0,0.48554913294797686,0.674064472371612,HI-VAE_piecewise_diffusion
0.0159438389713531,0.9143457698370994,0.1547700101901379,0.49096278511404573,0.1642751182083251,3.0,0.4508670520231214,0.656987572379799,HI-VAE_piecewise_diffusion
0.01676184890644694,0.911718339464004,0.16016474373027234,0.5466026410564225,0.2102014225456861,4.0,0.42196531791907516,0.6692727735075782,HI-VAE_piecewise_diffusion
0.016274288855387613,0.9190751445086704,0.10123501715895203,0.5082400960384154,0.11469708598954488,3.0,0.5260115606936416,0.6541896796449423,HI-VAE_piecewise_diffusion
0.01803580912963001,0.9117183394640042,0.10275088551195391,0.5473325330132053,0.19227930119207282,1.0,0.4393063583815029,0.6717040786618117,HI-VAE_piecewise_diffusion
0.015645877915315496,0.9153967419863375,0.13033215038471102,0.532672268907563,0.1584651516370229,1.0,0.3699421965317919,0.6901699540288685,HI-VAE_piecewise_diffusion
0.014737932423210982,0.9196006305832896,0.11524129262431473,0.5033637454981993,0.16147829418454848,4.0,0.4508670520231214,0.6893143831058671,HI-VAE_piecewise_diffusion
0.01679148967621717,0.9138202837624803,0.1311706085982148,0.5152917166866747,0.16117013806602148,3.0,0.4797687861271676,0.6561513912177905,HI-VAE_piecewise_diffusion
0.015500231809519309,0.9222280609563847,0.1197850241904593,0.4928979591836734,0.13140738675189204,2.0,0.4624277456647399,0.6636209783018977,HI-VAE_piecewise_diffusion
0.014780608376174738,0.9232790331056229,0.1247416425363314,0.6090228091236495,0.18185814976909054,2.0,0.4393063583815029,0.6862424563966516,HI-VAE_piecewise_diffusion
0.015388773384186377,0.9238045191802418,0.11420325185460188,0.5141296518607442,0.16794242280862123,3.0,0.45664739884393063,0.6543896031391015,HI-VAE_piecewise_diffusion
0.016624964360657878,0.9138202837624803,0.14298053986660933,0.57475150060024,0.1895279986971894,3.0,0.41040462427745666,0.687461483548905,HI-VAE_piecewise_diffusion
0.016613285238259085,0.9190751445086704,0.13587166851231336,0.5969075630252101,0.14366184947452415,3.0,0.41040462427745666,0.688538322896975,HI-VAE_piecewise_diffusion
0.015008578893635131,0.9190751445086704,0.08329171519638255,0.5462593037214887,0.18726829838548287,3.0,0.5028901734104047,0.6711532618147297,HI-VAE_piecewise_diffusion
0.015649548575801295,0.9211770888071465,0.13255901556274793,0.5673997599039615,0.1467870252092804,2.0,0.4508670520231214,0.6789217397310295,HI-VAE_piecewise_diffusion
0.016505852843933147,0.9096163951655282,0.14405076694511731,0.5032268907563024,0.14350860241348226,4.0,0.49710982658959535,0.678509476856462,HI-VAE_piecewise_diffusion
0.013437470797619484,0.93011035207567,0.11115648120433298,0.47771428571428576,0.1859643306543583,5.0,0.45664739884393063,0.6589551164061158,HI-VAE_piecewise_diffusion
0.017250704133966604,0.906463478717814,0.14962861141306324,0.5672172869147659,0.13669386528580077,2.0,0.3988439306358382,0.6412277987497523,HI-VAE_piecewise_diffusion
0.014938621681807518,0.9180241723594325,0.08471565924702319,0.5576134453781513,0.19578250373060985,3.0,0.4624277456647399,0.6801160427847759,HI-VAE_piecewise_diffusion
0.015018142734711954,0.9211770888071465,0.1327995320039817,0.5673565426170468,0.11605805850061675,6.0,0.41040462427745666,0.6866684217050074,HI-VAE_piecewise_diffusion
0.01734184385815096,0.9106673673147662,0.12398642514619655,0.5443073229291717,0.10507912964848469,1.0,0.4682080924855491,0.667133275328372,HI-VAE_piecewise_diffusion
0.014848626447004763,0.9253809774040987,0.11041761669345843,0.5781008403361345,0.17042617668783405,2.0,0.4508670520231214,0.6869584076294483,HI-VAE_piecewise_diffusion
0.01462875240452427,0.9206516027325276,0.12495989892561443,0.49301320528211284,0.14285248178621895,2.0,0.48554913294797686,0.6699062954432582,HI-VAE_piecewise_diffusion
0.013641529937647596,0.9280084077771938,0.11585038223197971,0.4804705882352941,0.07719770127483279,3.0,0.4277456647398844,0.6612943968581776,HI-VAE_piecewise_diffusion
0.015250237596943583,0.9248554913294798,0.11569586025075711,0.543937575030012,0.15607593971109543,4.0,0.5028901734104047,0.6650841872878142,HI-VAE_piecewise_diffusion
0.01694196470866235,0.9117183394640042,0.13694107235353142,0.5237310924369749,0.20674890418482866,2.0,0.4161849710982659,0.6902621999768072,HI-VAE_piecewise_diffusion
0.014813689078814841,0.9211770888071467,0.10921558689319182,0.5266458583433373,0.22402713278341008,4.0,0.45664739884393063,0.6566897503942281,HI-VAE_piecewise_diffusion
0.01659994699482156,0.9122438255386233,0.1203823906849807,0.4924321728691477,0.13466166869229892,1.0,0.45664739884393063,0.6522152116831156,HI-VAE_piecewise_diffusion
0.0162646205201303,0.9106673673147662,0.14067787312952426,0.5705594237695079,0.1573863986885159,1.0,0.4508670520231214,0.663545221352707,HI-VAE_piecewise_diffusion
0.015859706909628568,0.9122438255386233,0.1535250964022936,0.5691188475390155,0.2246517612487172,3.0,0.4682080924855491,0.6725939480286469,HI-VAE_piecewise_diffusion
0.01618739697629071,0.9174986862848136,0.14462164372434796,0.5435966386554623,0.081644997186229,2.0,0.4393063583815029,0.6598750964956236,HI-VAE_piecewise_diffusion
0.014373931690158848,0.9248554913294798,0.1381007218235119,0.5338487394957983,0.2028267857630718,3.0,0.4277456647398844,0.6728948378110684,HI-VAE_piecewise_diffusion
0.01767840863699696,0.9059379926431951,0.12351466254381802,0.537344537815126,0.15177656486394853,3.0,0.48554913294797686,0.6684585994542452,HI-VAE_piecewise_diffusion
