J-S distance,KS test,Survival curves distance,Detection XGB,NSND,K-map score,Identifiability score,NNDR,generator
0.005597895126456967,0.9598308668076109,0.09668641270905096,0.5023836985774702,0.1847352757140707,10.0,0.5465116279069767,0.7071742113012288,HI-VAE_weibull
0.008618797840993645,0.9492600422832982,0.05515267981376203,0.46562860438292963,0.11283635166932234,7.0,0.4883720930232558,0.6933987013805213,HI-VAE_weibull
0.007622276727038063,0.9598308668076111,0.041250909623073866,0.4309111880046136,0.18560212847162,3.0,0.3953488372093023,0.7184600819487288,HI-VAE_weibull
0.006751191647180423,0.9619450317124735,0.04199236429356243,0.4968473663975394,0.23355233758691693,8.0,0.6162790697674418,0.7034257036333013,HI-VAE_weibull
0.005416659338553246,0.9682875264270614,0.060199198791722724,0.423279507881584,0.2490559309363043,9.0,0.46511627906976744,0.7348215890052024,HI-VAE_weibull
0.006685334951071032,0.9577167019027484,0.030142385658284962,0.46261053440984234,0.17827074299696388,6.0,0.4883720930232558,0.704463014748813,HI-VAE_weibull
0.00693147514401242,0.952431289640592,0.09274831563817056,0.5064398308342946,0.32005899843711544,8.0,0.47674418604651164,0.690393199809851,HI-VAE_weibull
0.00658271921597817,0.9630021141649049,0.03369200019105541,0.36535947712418304,0.2225392217649572,5.0,0.5232558139534884,0.6855809606201854,HI-VAE_weibull
0.00610172083246749,0.9630021141649049,0.06416323225908838,0.44436755094194547,0.20597473140138242,6.0,0.43023255813953487,0.6896944279519084,HI-VAE_weibull
0.006213241839896092,0.9651162790697675,0.08165222293996016,0.5260668973471742,0.17526711014520538,10.0,0.5232558139534884,0.6814284110966744,HI-VAE_weibull
0.005934890129878445,0.9682875264270613,0.04424606828982662,0.5425990003844675,0.10234638585916984,6.0,0.5232558139534884,0.6854327914953715,HI-VAE_weibull
0.005153285759180379,0.9661733615221988,0.06534148830948971,0.49457900807381777,0.23757956801121619,8.0,0.5232558139534884,0.6952825289327818,HI-VAE_weibull
0.005448135380849758,0.9640591966173363,0.04651035073280545,0.5264129181084198,0.08177949039476158,2.0,0.5232558139534884,0.7137875751632513,HI-VAE_weibull
0.006493042470745708,0.9619450317124737,0.04469756568908302,0.5404459823144945,0.18499785126685644,6.0,0.5,0.6949272136332585,HI-VAE_weibull
0.0062355461186910845,0.9630021141649049,0.040826039727795575,0.47124183006535947,0.20810115166641427,5.0,0.5116279069767442,0.7018820900434595,HI-VAE_weibull
0.007415334798444018,0.9513742071881608,0.07425039662231409,0.4880046136101499,0.22327887757141351,7.0,0.5348837209302325,0.685679022347193,HI-VAE_weibull
0.003911348148875094,0.974630021141649,0.041049635760941346,0.5076893502499039,0.19935893374512964,5.0,0.4186046511627907,0.6927571019383977,HI-VAE_weibull
0.005555772045969814,0.9693446088794928,0.03280118687571485,0.4598615916955017,0.16038318020211723,5.0,0.4186046511627907,0.6989016728254156,HI-VAE_weibull
0.005649984155462399,0.9566596194503171,0.09360757145563753,0.44644367550941944,0.16743062934699451,12.0,0.46511627906976744,0.7031567655660977,HI-VAE_weibull
0.005857937126689156,0.9608879492600425,0.05490385317341016,0.4933102652825836,0.10874943447098694,8.0,0.5232558139534884,0.71407041740761,HI-VAE_weibull
0.005143176909735566,0.9704016913319239,0.05994871564188438,0.4978854286812765,0.27721666950977464,9.0,0.47674418604651164,0.7054087591677496,HI-VAE_weibull
0.00679813457282935,0.9598308668076111,0.02864180495082079,0.553517877739331,0.22945492149549668,6.0,0.47674418604651164,0.681222931282877,HI-VAE_weibull
0.007830975934756556,0.9545454545454546,0.08307962518511244,0.5311418685121108,0.14332769118553088,4.0,0.4418604651162791,0.6849861183906455,HI-VAE_weibull
0.005470011043052809,0.9682875264270614,0.09151906354368348,0.4884275278738947,0.24014025671980868,11.0,0.5,0.6902881954476562,HI-VAE_weibull
0.007177698668994007,0.9640591966173361,0.03448162657426221,0.45893886966551334,0.18997502851672635,6.0,0.5813953488372093,0.695134245823128,HI-VAE_weibull
0.00583121921856134,0.9608879492600423,0.07184519309030768,0.4522106881968474,0.16690612406302865,9.0,0.47674418604651164,0.7024085173159963,HI-VAE_weibull
0.00593039068969821,0.9661733615221987,0.01818155794011904,0.41018838908112265,0.201772981520528,7.0,0.5232558139534884,0.7076891915437157,HI-VAE_weibull
0.004688598470756546,0.9693446088794926,0.03073640993920909,0.4681276432141484,0.18090816740064652,6.0,0.45348837209302323,0.6776200996468073,HI-VAE_weibull
0.006662271177351676,0.9630021141649049,0.04825637007116616,0.4770088427527874,0.14888177726092425,5.0,0.43023255813953487,0.698906136581853,HI-VAE_weibull
0.00604896891126096,0.9640591966173363,0.032405259616649945,0.37114571318723566,0.1368639751124581,5.0,0.5116279069767442,0.6939605101856805,HI-VAE_weibull
0.006295654967072579,0.9598308668076109,0.06450010214692205,0.5309880815071126,0.12787841528529542,7.0,0.4069767441860465,0.6822361506732405,HI-VAE_weibull
0.005937418510807723,0.9587737843551797,0.07427159769346704,0.4897347174163783,0.38150766919591894,9.0,0.46511627906976744,0.69517862692997,HI-VAE_weibull
0.004920548107408246,0.9619450317124735,0.05559423421904233,0.486716647443291,0.1674029672325945,7.0,0.4186046511627907,0.6780471559507669,HI-VAE_weibull
0.006656084799254974,0.9619450317124735,0.043508268783219096,0.420876585928489,0.19168854159279902,8.0,0.5581395348837209,0.672247569874724,HI-VAE_weibull
0.005359851389829692,0.9693446088794926,0.029016127463120173,0.4723567858515955,0.08019576372650633,2.0,0.4418604651162791,0.7042964341440812,HI-VAE_weibull
0.005006050331277246,0.9693446088794926,0.03657843026534567,0.4178008458285275,0.11231972968441163,6.0,0.5930232558139535,0.6913271789842005,HI-VAE_weibull
0.007917673822796074,0.9492600422832982,0.0353363241509705,0.44342560553633215,0.13673697940257126,6.0,0.4883720930232558,0.7023255565370671,HI-VAE_weibull
0.008410515367718838,0.952431289640592,0.040794207634656465,0.4299692425990004,0.2770079972322653,8.0,0.47674418604651164,0.6975698357361733,HI-VAE_weibull
0.004846984805866015,0.9725158562367864,0.03301550844752121,0.48819684736639746,0.09823491345366088,6.0,0.5,0.6880921864643333,HI-VAE_weibull
0.006366115320723837,0.9608879492600423,0.05244109098067272,0.43798539023452515,0.18674427579975963,9.0,0.5581395348837209,0.7048363030384273,HI-VAE_weibull
0.005838928967059092,0.9672304439746302,0.0346318678763624,0.44732795078815835,0.16854776769090707,5.0,0.5232558139534884,0.6871898837049326,HI-VAE_weibull
0.005644504878794826,0.9640591966173363,0.026155560166410893,0.47789311803152634,0.1965298160827437,6.0,0.5697674418604651,0.6857601284747568,HI-VAE_weibull
0.006109971093249362,0.9556025369978859,0.09656489430308282,0.5224144559784698,0.2867604207197909,12.0,0.5697674418604651,0.7115014099803544,HI-VAE_weibull
0.006896058568292013,0.9534883720930233,0.08410291207955115,0.44732795078815835,0.12305910676894206,7.0,0.5697674418604651,0.7208526910552693,HI-VAE_weibull
0.007043278990968768,0.9556025369978859,0.03358673187635904,0.4431949250288351,0.1244471641213799,6.0,0.5116279069767442,0.6987521515824183,HI-VAE_weibull
0.006051464764402101,0.9651162790697676,0.03507716120211609,0.38100730488273743,0.13931102502159143,8.0,0.5232558139534884,0.7042099421111696,HI-VAE_weibull
0.005469590214591969,0.9693446088794926,0.057676589326429384,0.5193771626297577,0.08623172117881016,7.0,0.5,0.7161876667490066,HI-VAE_weibull
0.006957751647360549,0.9566596194503171,0.042842110503423576,0.4901960784313726,0.14162329074318705,6.0,0.5348837209302325,0.72808607139789,HI-VAE_weibull
0.00657118565177146,0.9608879492600423,0.031767316513343684,0.4993464052287582,0.1550425990983325,7.0,0.5930232558139535,0.6808437084767508,HI-VAE_weibull
0.0025755854720064574,0.977801268498943,0.04950655342488876,0.361207227989235,0.21839617100946235,8.0,0.6046511627906976,0.7107541739384473,HI-VAE_weibull
0.004470657299257895,0.9767441860465116,0.03710781218568172,0.47708573625528644,0.1283552264265042,6.0,0.46511627906976744,0.674515633070697,HI-VAE_weibull
0.007490419106351453,0.9598308668076111,0.07742111808954681,0.48719723183391006,0.1957496619992608,9.0,0.5232558139534884,0.7000587311359187,HI-VAE_weibull
0.00690895204839588,0.9545454545454546,0.03421545167150393,0.49480968858131497,0.10886239233199668,5.0,0.5348837209302325,0.7008294972034623,HI-VAE_weibull
0.006451846517714424,0.9619450317124735,0.04458660513320397,0.5021530180699731,0.09621499230174162,5.0,0.5232558139534884,0.6918103152789725,HI-VAE_weibull
0.005371795226629178,0.9682875264270613,0.03496184549720079,0.5568242983467896,0.1053753294430601,2.0,0.5348837209302325,0.6862848497635894,HI-VAE_weibull
0.004240960170732496,0.9640591966173361,0.08791139065195598,0.43341022683583247,0.10290589467418454,8.0,0.5232558139534884,0.7029757696677419,HI-VAE_weibull
0.004037609729041817,0.9704016913319239,0.05703761155289662,0.48073817762399074,0.12574784647081075,7.0,0.4883720930232558,0.7032068810968584,HI-VAE_weibull
0.008727117061477142,0.9460887949260042,0.12386362482337125,0.5120338331410996,0.20293190456139773,11.0,0.46511627906976744,0.7025415288972404,HI-VAE_weibull
0.005910922254425726,0.9619450317124737,0.026148819463139725,0.5677239523260285,0.19845925046245488,8.0,0.4883720930232558,0.6890597359048124,HI-VAE_weibull
0.005593804959057911,0.9725158562367863,0.04553362142160766,0.4709342560553633,0.09469015923222325,3.0,0.5116279069767442,0.6891272673906553,HI-VAE_weibull
0.00653258175312833,0.9534883720930233,0.050840764243234776,0.42314494425221066,0.1398245022615636,7.0,0.46511627906976744,0.6990690360276546,HI-VAE_weibull
0.00641758957730968,0.9598308668076109,0.05324980790786773,0.5572472126105344,0.11184626083883943,8.0,0.5,0.673898051275231,HI-VAE_weibull
0.004788199888636923,0.9714587737843552,0.028820732914932933,0.44590542099192615,0.1280029023688706,3.0,0.5465116279069767,0.7268425422717012,HI-VAE_weibull
0.006449802294526286,0.9640591966173363,0.035153691500089145,0.4702614379084967,0.13449729996462498,2.0,0.47674418604651164,0.6745842731029672,HI-VAE_weibull
0.006419237563292001,0.963002114164905,0.055789077144334356,0.5054209919261823,0.08191266753855161,2.0,0.4418604651162791,0.672284791481164,HI-VAE_weibull
0.006179682227441624,0.9619450317124737,0.04211376605186822,0.5915032679738562,0.12330592400226215,7.0,0.47674418604651164,0.6956710563725355,HI-VAE_weibull
0.0051998856780054135,0.9704016913319239,0.03957719860989416,0.49375240292195316,0.10488575995556765,5.0,0.5581395348837209,0.6966787885862225,HI-VAE_weibull
0.006535923698284798,0.9534883720930233,0.08150319265822625,0.47635524798154555,0.16492511650982927,8.0,0.5232558139534884,0.7000430409550316,HI-VAE_weibull
0.005518180556229559,0.9682875264270613,0.031035057819636086,0.4711649365628604,0.18428445678140448,6.0,0.5465116279069767,0.6933107032946828,HI-VAE_weibull
0.00624794327263522,0.9556025369978858,0.04908954719167572,0.49846212995001926,0.1739005498478169,6.0,0.5232558139534884,0.6739684424333856,HI-VAE_weibull
0.007142214414605058,0.9640591966173363,0.046834693866519894,0.4707804690503653,0.2064533132467074,6.0,0.46511627906976744,0.7229751888791227,HI-VAE_weibull
0.005574149933271198,0.9682875264270614,0.05590346809211289,0.5192233756247597,0.14961020560214702,7.0,0.5116279069767442,0.6830593309404944,HI-VAE_weibull
0.005449085810874486,0.9682875264270613,0.06263451894638292,0.47351018838908115,0.22583449068857064,7.0,0.5930232558139535,0.7057077189230822,HI-VAE_weibull
0.0076604320513402055,0.9566596194503173,0.030420332680613966,0.5134563629373318,0.07867934322865933,3.0,0.5232558139534884,0.686118848428738,HI-VAE_weibull
0.008214598614948967,0.9577167019027485,0.04729801437661418,0.45932333717800844,0.13501382468067835,8.0,0.5232558139534884,0.7147193186873709,HI-VAE_weibull
0.0063503689203650735,0.9630021141649049,0.025667229244334743,0.4076124567474048,0.1398850216428993,5.0,0.5581395348837209,0.6908045691324136,HI-VAE_weibull
0.005163052026453696,0.9608879492600422,0.09575451064132287,0.5147635524798154,0.17138726638417362,9.0,0.43023255813953487,0.6992838571701462,HI-VAE_weibull
0.006622500362014016,0.9661733615221987,0.04427772442576291,0.4704344482891195,0.23176229686324532,7.0,0.5,0.6892316592507792,HI-VAE_weibull
0.006495125648997518,0.9587737843551797,0.031760721831675824,0.48508266051518645,0.13315346434925943,8.0,0.5581395348837209,0.6992918325590356,HI-VAE_weibull
0.007854723157694017,0.9566596194503171,0.034848006103425797,0.5044982698961938,0.11784607244811061,3.0,0.46511627906976744,0.6864354572109725,HI-VAE_weibull
0.006272073792352243,0.9630021141649049,0.08345192228796865,0.46316801230296045,0.1415045502800808,9.0,0.5116279069767442,0.6741047755822682,HI-VAE_weibull
0.006697204131342893,0.9545454545454546,0.06713208108482337,0.3889657823913879,0.2168721723264817,7.0,0.5813953488372093,0.7033612059875403,HI-VAE_weibull
0.007286279440903439,0.9651162790697676,0.038599876897189356,0.4947135717031911,0.09849808817771484,3.0,0.5116279069767442,0.6855789426304061,HI-VAE_weibull
0.003688490366939813,0.9714587737843552,0.054295998117483694,0.4667435601691657,0.16448198851608622,8.0,0.5465116279069767,0.681762571663993,HI-VAE_weibull
0.0051027828977061465,0.9630021141649049,0.042632163917790275,0.44159938485198,0.13911733496586187,6.0,0.5,0.6949610839994342,HI-VAE_weibull
0.008808411482648663,0.9545454545454546,0.049020576297546706,0.5021530180699731,0.11022962742486912,9.0,0.5116279069767442,0.6884701231324283,HI-VAE_weibull
0.007336204348859699,0.9577167019027485,0.05581982046073883,0.4084967320261438,0.11852609269886256,9.0,0.5465116279069767,0.6852662902698777,HI-VAE_weibull
0.007289162163297964,0.9577167019027484,0.04457997570556346,0.4857554786620531,0.1894500459987602,8.0,0.5581395348837209,0.7227336337723905,HI-VAE_weibull
0.006432350407357176,0.9534883720930232,0.03814911566245798,0.4813533256439831,0.14488761556096008,5.0,0.4418604651162791,0.708656890018516,HI-VAE_weibull
0.006140903141723408,0.9598308668076111,0.06731107981193439,0.48158400615148017,0.2555441887056819,9.0,0.47674418604651164,0.7188979515709266,HI-VAE_weibull
0.00678567295378266,0.9534883720930233,0.03446414491436833,0.5011918492887351,0.30948901145297464,8.0,0.4418604651162791,0.7048059116724846,HI-VAE_weibull
0.005078155951171211,0.9661733615221988,0.04053776873782882,0.4697808535178777,0.1522371016299525,6.0,0.4883720930232558,0.7360310871526583,HI-VAE_weibull
0.005485176015364148,0.9630021141649049,0.061821911192926814,0.45501730103806226,0.23839291328450177,9.0,0.5232558139534884,0.6899784173054253,HI-VAE_weibull
0.008267120586181807,0.9566596194503171,0.0571364247170689,0.4956939638600538,0.1733513684148484,10.0,0.5116279069767442,0.6816383391111082,HI-VAE_weibull
0.004010832644380817,0.9693446088794926,0.06453735632071517,0.39281045751633986,0.13636464815641464,8.0,0.5,0.7123617748456756,HI-VAE_weibull
0.00913239187208244,0.9397463002114165,0.0896335364751832,0.4530180699730873,0.23930113218014187,10.0,0.5232558139534884,0.6682509003727817,HI-VAE_weibull
0.008809894758848651,0.9513742071881608,0.026853581105416545,0.5125720876585929,0.10272168866004025,5.0,0.627906976744186,0.6850869813333825,HI-VAE_weibull
0.005806821165560172,0.9661733615221988,0.03666260778986629,0.5433679354094579,0.13856249845678542,5.0,0.4186046511627907,0.7001023387936757,HI-VAE_weibull
0.00879258006225432,0.9503171247357294,0.04068278779428761,0.4491349480968857,0.1682880618352998,5.0,0.5232558139534884,0.7031959776042846,HI-VAE_weibull
0.007081111508436838,0.9598308668076109,0.03021647414781367,0.4576316801230297,0.13781581884498648,3.0,0.45348837209302323,0.6989402004467589,HI-VAE_weibull
0.007063890994867897,0.9619450317124737,0.06669054510524619,0.45378700499807767,0.1351031150451739,7.0,0.5465116279069767,0.7045006002422862,HI-VAE_weibull
0.007144856333055238,0.9577167019027485,0.033326022330741015,0.5523644752018454,0.11039886491037311,5.0,0.5,0.7117005474751897,HI-VAE_weibull
0.007370506592689399,0.9608879492600423,0.0450588225413534,0.5200307574009997,0.13063651446691274,9.0,0.47674418604651164,0.6812686908534505,HI-VAE_weibull
0.004380714095462342,0.9735729386892177,0.047070833221689354,0.4773164167627836,0.19384926132717661,9.0,0.47674418604651164,0.6837103966378456,HI-VAE_weibull
0.007679647041985349,0.9566596194503171,0.06147228320038611,0.4994617454825067,0.19217192443760872,7.0,0.6162790697674418,0.7151994914760355,HI-VAE_weibull
0.007450730128303496,0.9587737843551797,0.062322731071861745,0.45809304113802385,0.1054965322464776,5.0,0.46511627906976744,0.6777301158159155,HI-VAE_weibull
0.00990237597161998,0.945031712473573,0.070839292652722,0.5056132256824298,0.08658602651621178,5.0,0.5348837209302325,0.6811822983757684,HI-VAE_weibull
0.0052737868935387785,0.9630021141649049,0.07020343665513692,0.5023836985774702,0.27267824052133344,7.0,0.5348837209302325,0.7036510414027309,HI-VAE_weibull
0.00761326989235204,0.9534883720930233,0.020864496605836683,0.4424067666282199,0.10736873262544652,7.0,0.5,0.6893590488872139,HI-VAE_weibull
0.007152073838608677,0.9587737843551797,0.04646631776811089,0.5947712418300654,0.15589326189117614,6.0,0.4883720930232558,0.6945065854075773,HI-VAE_weibull
0.006493227755282504,0.9598308668076111,0.08432696871627261,0.4599769319492502,0.08637563211172544,4.0,0.5,0.7216743657520579,HI-VAE_weibull
0.005002351018426295,0.9672304439746301,0.03410405948877786,0.4810841983852365,0.18040015621087221,5.0,0.5116279069767442,0.7095233405507866,HI-VAE_weibull
0.0057929515651127935,0.9598308668076111,0.05622834830945582,0.4947712418300654,0.1200250116487823,7.0,0.5116279069767442,0.6715224134754577,HI-VAE_weibull
0.0065456991110243255,0.9587737843551796,0.06995590507063536,0.4734717416378317,0.16396708880592628,8.0,0.5232558139534884,0.6907094710672033,HI-VAE_weibull
0.0034786755631533803,0.9693446088794928,0.10282967664343143,0.4016916570549789,0.2690033816272821,11.0,0.46511627906976744,0.6886663529915708,HI-VAE_weibull
0.008543744876972506,0.952431289640592,0.025345355480717934,0.4925797770088428,0.14288060582366705,5.0,0.5232558139534884,0.7104498768975549,HI-VAE_weibull
0.005305756001830617,0.9640591966173363,0.0322593333485619,0.4479430988081507,0.1388962154466439,4.0,0.5465116279069767,0.673430632682594,HI-VAE_weibull
0.005656634140392125,0.9640591966173363,0.029407085238732488,0.526566705113418,0.12831877107387543,6.0,0.5116279069767442,0.7035070112692331,HI-VAE_weibull
0.0057173348179685455,0.9661733615221988,0.034519829575829844,0.32283737024221454,0.11958394250616125,5.0,0.5930232558139535,0.7260495879390388,HI-VAE_weibull
0.005333936563536586,0.9672304439746301,0.03287146893864095,0.5353325643983083,0.09760902894078698,5.0,0.5,0.7083433688889379,HI-VAE_weibull
0.004508694304513433,0.9714587737843552,0.03266122153518941,0.5056516724336794,0.10830543051361813,4.0,0.45348837209302323,0.6587218554746694,HI-VAE_weibull
0.007227789742417313,0.9577167019027485,0.06282666903058431,0.4537485582468282,0.23501438623750592,6.0,0.47674418604651164,0.6956539127207936,HI-VAE_weibull
0.0042589894831784525,0.9672304439746299,0.0389387300377986,0.5323337178008458,0.23046122146219652,5.0,0.5,0.6824029240159725,HI-VAE_weibull
0.005816508392222844,0.9693446088794926,0.049970834084031204,0.5373317954632834,0.1111133830697825,4.0,0.47674418604651164,0.6965435870508722,HI-VAE_weibull
0.005394658605261726,0.9630021141649049,0.04815276142248293,0.5026528258362168,0.18274894966149208,10.0,0.4186046511627907,0.6943867425650607,HI-VAE_weibull
0.004302841011439153,0.9714587737843552,0.059745597780328966,0.43610149942329873,0.2832752461635042,10.0,0.47674418604651164,0.6880651458173096,HI-VAE_weibull
0.005781036354161731,0.9608879492600423,0.07078423802306083,0.3866974240676663,0.14689602640891525,11.0,0.5348837209302325,0.7106778947195306,HI-VAE_weibull
0.007268992838466746,0.9503171247357295,0.06050029433348792,0.5070357554786621,0.25844832609681195,8.0,0.5,0.702234858545262,HI-VAE_weibull
0.006518008624476253,0.9682875264270614,0.06761378276871208,0.37508650519031145,0.20343448996232077,7.0,0.5581395348837209,0.7037725166566127,HI-VAE_weibull
0.006260922718900088,0.9545454545454547,0.030678965953998653,0.4781622452902729,0.14732887738797332,6.0,0.4883720930232558,0.6735798615946915,HI-VAE_weibull
0.00693166636109049,0.9672304439746301,0.040979291098241485,0.4076124567474048,0.16048795780112038,3.0,0.5348837209302325,0.6753228722675142,HI-VAE_weibull
0.00622845504636548,0.9682875264270613,0.031276232216324897,0.4285659361783929,0.15283212068088117,6.0,0.5348837209302325,0.7134414527756745,HI-VAE_weibull
0.005633749954821988,0.9682875264270614,0.048457203231808896,0.5422529796232218,0.0814597417413667,2.0,0.5465116279069767,0.6800558101594595,HI-VAE_weibull
0.007601442220787277,0.9577167019027485,0.06479409874197271,0.560246059207997,0.11068860922834613,7.0,0.46511627906976744,0.6675661739796317,HI-VAE_weibull
0.006652407217020406,0.9534883720930233,0.06789329658379467,0.4542099192618224,0.1457405541936451,9.0,0.38372093023255816,0.6740921483860534,HI-VAE_weibull
0.008270463726841554,0.9471458773784356,0.08766510445947344,0.4458669742406767,0.14159376054448528,8.0,0.5465116279069767,0.7111250314903357,HI-VAE_weibull
0.005853093790936321,0.9608879492600423,0.04645589872568,0.4420991926182237,0.08433470804851258,5.0,0.4418604651162791,0.7118277349357726,HI-VAE_weibull
0.004963426619868064,0.9651162790697675,0.07419543928000977,0.5387158785082661,0.10869467733650073,7.0,0.46511627906976744,0.7178581204722932,HI-VAE_weibull
0.006596538517522587,0.9630021141649049,0.04998026335797868,0.4886966551326413,0.18550157026856348,6.0,0.5813953488372093,0.7043839621834426,HI-VAE_weibull
0.005949591441563994,0.9682875264270614,0.029953918441883807,0.42164552095347946,0.12383800234085236,5.0,0.5465116279069767,0.6958450880214413,HI-VAE_weibull
0.0068620371868801456,0.9640591966173363,0.03934779701190905,0.5477508650519032,0.1325497184275621,4.0,0.5697674418604651,0.6795502173365295,HI-VAE_weibull
0.006589936532930332,0.9577167019027485,0.06022030964019895,0.48950403690888117,0.09951725785691168,6.0,0.47674418604651164,0.6855684199621492,HI-VAE_weibull
0.007905871788191507,0.9482029598308668,0.07369426020699224,0.5092272202998848,0.12609667210396366,4.0,0.47674418604651164,0.6694335136661597,HI-VAE_weibull
0.00731505071639959,0.9587737843551797,0.04943500387903107,0.4691464821222606,0.24830864672213326,7.0,0.5581395348837209,0.7102355733582327,HI-VAE_weibull
0.006893757487105248,0.9598308668076111,0.07348793973373396,0.5115532487504806,0.1427896167551208,7.0,0.43023255813953487,0.7020975536851556,HI-VAE_weibull
0.0049484177742142275,0.9682875264270613,0.02170798138938805,0.47739331026528264,0.1596164262011552,3.0,0.5232558139534884,0.699560003571019,HI-VAE_weibull
0.004927791182466105,0.9725158562367866,0.03131326939097409,0.40230680507497113,0.16575518340642953,4.0,0.5348837209302325,0.6954464781936017,HI-VAE_weibull
0.006043231663298628,0.9630021141649049,0.06443241024660845,0.38675509419454057,0.18634690532798537,8.0,0.5116279069767442,0.6880502459513904,HI-VAE_weibull
0.006139012509888769,0.9608879492600423,0.05916629733143427,0.4049788542868128,0.20892996924397209,7.0,0.5348837209302325,0.7034908358485267,HI-VAE_weibull
0.005606193212308286,0.9651162790697676,0.04563598336728279,0.44817377931564784,0.24548510295082512,8.0,0.5348837209302325,0.6768186042410541,HI-VAE_weibull
0.007094358248574267,0.9608879492600423,0.044227443168476085,0.47670126874279123,0.14563195792397735,4.0,0.5348837209302325,0.688266120654529,HI-VAE_weibull
0.006696635248745904,0.9566596194503171,0.03891210116562304,0.48023836985774704,0.15775801578127713,7.0,0.4883720930232558,0.6934211977383035,HI-VAE_weibull
0.007233899571278932,0.9534883720930233,0.10176836063889609,0.5148404459823145,0.18015538668295752,10.0,0.47674418604651164,0.7193794864481843,HI-VAE_weibull
0.010893225610166318,0.9323467230443975,0.12389235878396687,0.5374855824682815,0.15405432494281032,9.0,0.4418604651162791,0.6774727167926019,HI-VAE_weibull
0.005463284359246804,0.9661733615221987,0.04031870129180724,0.48358323721645524,0.15050004143764187,8.0,0.47674418604651164,0.6943470125742837,HI-VAE_weibull
0.00565934295990373,0.9651162790697673,0.06254527559139639,0.5382545174932718,0.28087746602347946,7.0,0.47674418604651164,0.6933037848219341,HI-VAE_weibull
0.006149718681549171,0.9566596194503171,0.03895865191101943,0.4319492502883506,0.10894763970774773,5.0,0.5581395348837209,0.6753629662533454,HI-VAE_weibull
0.007166892802874473,0.9503171247357294,0.0722042959933683,0.5564782775855439,0.1601976038219104,10.0,0.45348837209302323,0.698850928308723,HI-VAE_weibull
0.00646646371653784,0.9577167019027485,0.05587631495743989,0.5106497500961169,0.2321940234569323,5.0,0.5,0.6808126519423535,HI-VAE_weibull
0.004931717541628394,0.9725158562367866,0.04961255058132463,0.4347558631295655,0.13507831092915748,3.0,0.5348837209302325,0.6781569833423423,HI-VAE_weibull
0.005894596958548341,0.9630021141649049,0.027588797661436834,0.4637062668204536,0.15470382188980378,5.0,0.5,0.7016627480537604,HI-VAE_weibull
0.006743481929893779,0.9619450317124737,0.019268959359079855,0.45836216839677046,0.10146334164695178,7.0,0.5116279069767442,0.6947547560727637,HI-VAE_weibull
0.006008537669213856,0.9672304439746301,0.04571266506084642,0.5084198385236448,0.15257886888826946,3.0,0.5,0.727027819963714,HI-VAE_weibull
0.008118319970071515,0.9577167019027485,0.036318206732867175,0.45451749327181856,0.12339088925403655,4.0,0.5465116279069767,0.6974271833239757,HI-VAE_weibull
0.008172657626886647,0.945031712473573,0.08796597472898703,0.4579392541330257,0.19877265673182484,4.0,0.5,0.7031945957662554,HI-VAE_weibull
0.0077072227438184536,0.952431289640592,0.052241121956815934,0.5950019223375624,0.17169293213627773,6.0,0.5232558139534884,0.7081032706609856,HI-VAE_weibull
0.0038981813637003104,0.977801268498943,0.03655868175535666,0.42306805074971165,0.10349901052048811,3.0,0.5,0.7035459256135788,HI-VAE_weibull
0.005619359736828514,0.9672304439746302,0.019873583451467704,0.5117647058823529,0.2028403927118024,7.0,0.4418604651162791,0.6679218353326525,HI-VAE_weibull
0.004998385017330749,0.9619450317124737,0.08184626854866661,0.5610918877354865,0.2179028228466148,8.0,0.5232558139534884,0.7143607548152708,HI-VAE_weibull
0.005794941465944256,0.9661733615221988,0.06099560669600461,0.4269511726259131,0.19526918726679232,9.0,0.5,0.6913772963106355,HI-VAE_weibull
0.0065002864720739295,0.9566596194503171,0.05819451065338933,0.5188389081122645,0.15215681153661237,10.0,0.4883720930232558,0.7139286963844536,HI-VAE_weibull
0.005934317288219776,0.9640591966173363,0.03918037063197068,0.4408881199538639,0.1406737945492809,4.0,0.4883720930232558,0.6855385148424125,HI-VAE_weibull
0.004900813871128971,0.9651162790697675,0.03641206283863488,0.5226066897347174,0.12004331156919247,6.0,0.5348837209302325,0.7073925461114363,HI-VAE_weibull
0.005188747807353348,0.9693446088794926,0.03145923669743956,0.5605920799692425,0.19112717041910365,3.0,0.5116279069767442,0.7031467835240546,HI-VAE_weibull
0.005099317091539947,0.9735729386892177,0.03927082833902534,0.44309880815071123,0.2320680731130666,7.0,0.43023255813953487,0.6899860092910441,HI-VAE_weibull
0.004356668138974063,0.9735729386892177,0.04070897854419196,0.5228373702422144,0.2394219172636305,7.0,0.5697674418604651,0.7125283663916294,HI-VAE_weibull
0.00570326737576898,0.9598308668076111,0.08046184549746149,0.432641291810842,0.1690711497662032,12.0,0.4186046511627907,0.6693793943464349,HI-VAE_weibull
0.006604129120686614,0.9661733615221987,0.0435359645073976,0.41772395232602844,0.13280311352971755,4.0,0.5813953488372093,0.6889944928235936,HI-VAE_weibull
0.0052554015998966825,0.9682875264270613,0.05995728135280111,0.4827374086889657,0.2155200444832763,10.0,0.4418604651162791,0.7236457224622644,HI-VAE_weibull
0.008070837769005208,0.9545454545454546,0.07372689067831681,0.530642060745867,0.2084630053133779,11.0,0.45348837209302323,0.675958688933482,HI-VAE_weibull
0.010375929001590092,0.9439746300211418,0.10404153492136307,0.5375624759707804,0.21703125362056896,8.0,0.5813953488372093,0.7098341278829754,HI-VAE_weibull
0.010024599731154417,0.9492600422832982,0.04184257984170392,0.4911572472126105,0.23814950571631324,6.0,0.4883720930232558,0.6874709149415885,HI-VAE_weibull
0.0043378120446694755,0.9682875264270613,0.05886779611315075,0.4808535178777394,0.13596087206880395,7.0,0.5116279069767442,0.6975859682947909,HI-VAE_weibull
0.007665166580205201,0.9587737843551799,0.04384808230570325,0.4903114186851211,0.15212396183828994,7.0,0.5465116279069767,0.7115279974863776,HI-VAE_weibull
0.0063290513314468696,0.9566596194503171,0.08206642097287867,0.44482891195693963,0.3044954343542701,9.0,0.5,0.7248097758388958,HI-VAE_weibull
0.005684718520256352,0.9608879492600423,0.07945692080336324,0.5774317570165322,0.13753816753643489,8.0,0.4883720930232558,0.6979693881449578,HI-VAE_weibull
0.005588485863280698,0.9598308668076109,0.0614558980496425,0.4935409457900807,0.13183975123073055,8.0,0.5232558139534884,0.7064421512391214,HI-VAE_weibull
0.006951536373803289,0.9566596194503171,0.07852947228745066,0.4359861591695502,0.09279795130788503,4.0,0.47674418604651164,0.6971240698083758,HI-VAE_weibull
0.005485816650328115,0.9608879492600423,0.06237899711012657,0.4509034986543637,0.14410748620146502,7.0,0.5348837209302325,0.6767496967455812,HI-VAE_weibull
0.006475152230575528,0.9598308668076111,0.09742844854322649,0.49603998462129956,0.22277090579916511,9.0,0.5232558139534884,0.695738557455826,HI-VAE_weibull
0.007417829199128087,0.9503171247357295,0.08848698797678316,0.4283352556708958,0.2070022300982142,9.0,0.4883720930232558,0.693056927899195,HI-VAE_weibull
0.0038949095111581677,0.974630021141649,0.04758156969420064,0.5300653594771241,0.10092282393306488,6.0,0.4418604651162791,0.7054824379977939,HI-VAE_weibull
0.007513023176244708,0.9513742071881608,0.06777028008644528,0.5646097654748173,0.1279085934077049,9.0,0.5581395348837209,0.6835484822421827,HI-VAE_weibull
0.005972726078703864,0.9577167019027485,0.08233837631270093,0.4995386389850058,0.16507778145250054,10.0,0.5581395348837209,0.674869357047865,HI-VAE_weibull
0.004929773372751232,0.9693446088794926,0.0642127095693036,0.5388312187620146,0.13751489814211654,6.0,0.5232558139534884,0.6771507927918139,HI-VAE_weibull
0.0075153540771149665,0.9492600422832982,0.05583307453183952,0.4748173779315648,0.09327980323697045,4.0,0.5232558139534884,0.7029916257538993,HI-VAE_weibull
0.007558861102560489,0.9534883720930232,0.12061403073666015,0.41559015763168017,0.23150436356706355,9.0,0.5697674418604651,0.685288774887032,HI-VAE_weibull
0.005636201420668578,0.9693446088794926,0.03267700485851271,0.46801230296039986,0.08884707827074365,4.0,0.5232558139534884,0.6883940570734449,HI-VAE_weibull
0.005965480466962761,0.9513742071881606,0.06548833780612966,0.4709342560553633,0.23785915918262857,7.0,0.47674418604651164,0.6616396683989495,HI-VAE_weibull
0.007343982911883757,0.9513742071881608,0.07074531883472718,0.42391387927720103,0.16141523771943972,10.0,0.5348837209302325,0.7056406554847345,HI-VAE_weibull
0.0064478867692131904,0.9598308668076111,0.03544407803347614,0.47631680123029596,0.2029046723149789,6.0,0.4418604651162791,0.6644366730498661,HI-VAE_piecewise
0.006793254757494737,0.9608879492600425,0.04555477869232072,0.5785082660515186,0.12270355824101704,6.0,0.45348837209302323,0.6842987482605611,HI-VAE_piecewise
0.005411452939821622,0.970401691331924,0.025622618081807425,0.3827374086889658,0.18587882379051435,7.0,0.5116279069767442,0.6766871649114877,HI-VAE_piecewise
0.006415894755733038,0.9619450317124735,0.0354753865657247,0.4890042291426374,0.1471476429937784,7.0,0.46511627906976744,0.7131977210722883,HI-VAE_piecewise
0.005769721690905733,0.9651162790697675,0.03363468481416026,0.49992310649750105,0.19384280085374964,7.0,0.5116279069767442,0.6817604668422212,HI-VAE_piecewise
0.007425765292128675,0.963002114164905,0.05765830550749377,0.4472126105344099,0.13028081458865257,6.0,0.6046511627906976,0.7076497793068741,HI-VAE_piecewise
0.005840900137130877,0.9598308668076111,0.04158093908593798,0.4855824682814302,0.16999547056242612,9.0,0.5348837209302325,0.692656991206707,HI-VAE_piecewise
0.007060107062217958,0.9587737843551797,0.021547722084755156,0.4886966551326413,0.15079872823899884,6.0,0.5697674418604651,0.6930311507246548,HI-VAE_piecewise
0.006957340368008307,0.9640591966173361,0.026076704576655146,0.4711072664359862,0.1945462165867282,9.0,0.5116279069767442,0.675080571948271,HI-VAE_piecewise
0.006088343073715343,0.9608879492600423,0.03204534147211041,0.448481353325644,0.09360654039698663,4.0,0.5232558139534884,0.7114989809981227,HI-VAE_piecewise
0.005285221162570988,0.9682875264270613,0.03132248886933197,0.4717031910803537,0.26666270238424833,5.0,0.5116279069767442,0.6785817695302607,HI-VAE_piecewise
0.005901129418980574,0.9619450317124735,0.022475202769527528,0.4113417916186083,0.2058495933356172,8.0,0.4418604651162791,0.6801797759310193,HI-VAE_piecewise
0.006550596572367875,0.9566596194503171,0.028412255098009556,0.452479815455594,0.18105394236269162,7.0,0.5348837209302325,0.6743934739844368,HI-VAE_piecewise
0.005054095005806847,0.9661733615221988,0.03547799466761537,0.5074586697424068,0.17068427020242924,6.0,0.5465116279069767,0.6884554438600067,HI-VAE_piecewise
0.005776915735972501,0.9682875264270614,0.02084629145679647,0.4153018069973088,0.1969250728079366,6.0,0.5697674418604651,0.7008169485647103,HI-VAE_piecewise
0.005282011150181307,0.9714587737843552,0.039762430409285274,0.38239138792772015,0.10789823901891188,4.0,0.5348837209302325,0.6977722661729476,HI-VAE_piecewise
0.006323137862210066,0.9630021141649049,0.028381648608707895,0.4834486735870819,0.12220157346724947,7.0,0.5116279069767442,0.678009584473508,HI-VAE_piecewise
0.006819523933928296,0.9513742071881608,0.09646286529463313,0.5958093041138024,0.20640765600459932,10.0,0.4186046511627907,0.665619058901504,HI-VAE_piecewise
0.006682722213628937,0.9598308668076109,0.02143879800618157,0.4074971164936563,0.18367325621941633,7.0,0.5930232558139535,0.7051453076219154,HI-VAE_piecewise
0.006175589155226449,0.9534883720930233,0.07985379910747811,0.4882737408688966,0.2849281031608345,10.0,0.5,0.6581370445745174,HI-VAE_piecewise
0.005635559977747618,0.9661733615221988,0.03202664516445163,0.5256439830834295,0.16599373937531675,4.0,0.45348837209302323,0.6896078725144147,HI-VAE_piecewise
0.006081386309744579,0.9661733615221988,0.028453177112757577,0.34975009611687813,0.1582995590978407,8.0,0.47674418604651164,0.6945325170884773,HI-VAE_piecewise
0.006479487171188788,0.9503171247357294,0.03207211518395644,0.47950788158400626,0.27596801981843677,8.0,0.5116279069767442,0.6808458372821939,HI-VAE_piecewise
0.007699678858940026,0.9503171247357294,0.04716939517394964,0.4757016532103037,0.19911205081930755,9.0,0.4883720930232558,0.7005468370718543,HI-VAE_piecewise
0.008392673673303595,0.9577167019027485,0.02319346119362897,0.41549404075355634,0.15356526252179023,8.0,0.5,0.6834167364007131,HI-VAE_piecewise
0.0067588015908486,0.9587737843551799,0.036370806414924454,0.4115340253748559,0.10953420175187957,8.0,0.5116279069767442,0.6847443680589956,HI-VAE_piecewise
0.005847211506429793,0.9661733615221988,0.02207683746464087,0.39596309111880046,0.2379467568423035,9.0,0.5,0.6986709128733675,HI-VAE_piecewise
0.005686475519782827,0.9661733615221987,0.02266109673495825,0.41407151095732414,0.15464217374861758,5.0,0.5348837209302325,0.6758877522073874,HI-VAE_piecewise
0.006685893807395606,0.9608879492600423,0.020818562091879926,0.4740868896578239,0.14109988373163937,7.0,0.5116279069767442,0.6884995046812111,HI-VAE_piecewise
0.005107641534208864,0.9651162790697676,0.021426045461076484,0.37274125336409075,0.08968013763894214,6.0,0.5465116279069767,0.6712209516118982,HI-VAE_piecewise
0.00669790357355167,0.9587737843551797,0.02720522205070595,0.4385236447520183,0.1268696292737646,7.0,0.46511627906976744,0.6742463232309857,HI-VAE_piecewise
0.006180032825646426,0.9619450317124737,0.04727468120225664,0.5454825067281815,0.09495325136704821,4.0,0.4883720930232558,0.6707921606613297,HI-VAE_piecewise
0.007993216137739033,0.9534883720930233,0.05029755264450553,0.43940792003075735,0.14837819276346673,3.0,0.5348837209302325,0.6804953328496095,HI-VAE_piecewise
0.0056444517924080255,0.9619450317124735,0.06463077108460621,0.45048058439061905,0.2255528385904236,10.0,0.5,0.6894004496687276,HI-VAE_piecewise
0.0050443394512099385,0.9725158562367866,0.050008196104942795,0.4252595155709343,0.1645988204240816,8.0,0.5581395348837209,0.6972163588425266,HI-VAE_piecewise
0.005358772612314954,0.9651162790697675,0.01858122128227283,0.3851595540176855,0.11879495456331376,7.0,0.45348837209302323,0.6835688791021027,HI-VAE_piecewise
0.006467550312727472,0.9534883720930233,0.03142906801528562,0.4695886197616302,0.20384238330293822,9.0,0.5465116279069767,0.685156263295513,HI-VAE_piecewise
0.005933847991432726,0.9619450317124737,0.03602155266546732,0.43467896962706654,0.200365673077025,8.0,0.5116279069767442,0.6820245158194321,HI-VAE_piecewise
0.0059435394529690775,0.9608879492600425,0.04413325026254977,0.4530180699730873,0.14140564789731178,4.0,0.4883720930232558,0.6754769161157619,HI-VAE_piecewise
0.005423147790821602,0.9672304439746301,0.018460553348233658,0.46655132641291813,0.10918518931937932,5.0,0.5,0.6843111091614599,HI-VAE_piecewise
0.006574387170898002,0.9619450317124737,0.024416542517435847,0.42764321414840456,0.10200605022751383,6.0,0.46511627906976744,0.6881898877729703,HI-VAE_piecewise
0.005392749689436263,0.9630021141649049,0.015366421997407452,0.3934063821607074,0.2751039803408877,7.0,0.5465116279069767,0.6859566632824049,HI-VAE_piecewise
0.0062181384212265855,0.9587737843551799,0.02620482381559305,0.4580161476355248,0.11541963914732652,6.0,0.38372093023255816,0.6744936323235841,HI-VAE_piecewise
0.006064643187843855,0.9630021141649049,0.02071409635176714,0.494002306805075,0.17688012888712762,7.0,0.46511627906976744,0.6969688114405714,HI-VAE_piecewise
0.005081885875102447,0.9651162790697675,0.03364640845736736,0.4566705113417916,0.18781227822294985,6.0,0.43023255813953487,0.6874484608516318,HI-VAE_piecewise
0.005457913291469503,0.9630021141649049,0.05575475110812018,0.3343329488658208,0.236063583445797,10.0,0.5348837209302325,0.6764236812878189,HI-VAE_piecewise
0.005525564687889728,0.9682875264270614,0.040772759572308706,0.4474048442906574,0.21398804623230427,8.0,0.5697674418604651,0.6939327660662495,HI-VAE_piecewise
0.005620567099707588,0.9619450317124737,0.024396426213337857,0.4195886197616301,0.1643363748547861,9.0,0.5581395348837209,0.6936871242776186,HI-VAE_piecewise
0.0057874885911028484,0.9672304439746301,0.024737605480046485,0.3478277585544022,0.09628560038359707,3.0,0.47674418604651164,0.6755881829358753,HI-VAE_piecewise
0.006142152645908978,0.9640591966173363,0.029983275102257255,0.4582468281430218,0.12342463174802533,5.0,0.5348837209302325,0.6764833197233829,HI-VAE_piecewise
0.004685543816706096,0.9725158562367863,0.04934290447488833,0.35509419454056135,0.10114984215104929,8.0,0.5813953488372093,0.6938004744855237,HI-VAE_piecewise
0.004300859139573999,0.9735729386892178,0.016550107133553853,0.39534794309880816,0.15922039710278335,6.0,0.5232558139534884,0.6835375183755666,HI-VAE_piecewise
0.005772973782555529,0.9661733615221987,0.047430817285080654,0.43514033064206076,0.0896354086833328,3.0,0.5,0.6696844279553816,HI-VAE_piecewise
0.006418980657411726,0.9577167019027485,0.02034403687516459,0.5145328719723183,0.14741602065287537,7.0,0.5116279069767442,0.7023857203348131,HI-VAE_piecewise
0.005138753142149655,0.9682875264270613,0.01691183077805778,0.4183775470972703,0.15797530120071832,7.0,0.5348837209302325,0.6907476355152924,HI-VAE_piecewise
0.00492863977269356,0.970401691331924,0.02630848606730334,0.4246828143021915,0.15154486972638043,8.0,0.5116279069767442,0.6819200638781037,HI-VAE_piecewise
0.007190122091265697,0.9608879492600423,0.02969871992032225,0.5133794694348326,0.1660527306779281,5.0,0.5,0.6437577893241142,HI-VAE_piecewise
0.008371264049325792,0.9482029598308668,0.07905859869493131,0.418723567858516,0.15994209318377317,10.0,0.46511627906976744,0.6554802914001766,HI-VAE_piecewise
0.006254630930987919,0.9598308668076111,0.04395595790273207,0.44186851211072664,0.20281414424455885,7.0,0.4883720930232558,0.7041363915012964,HI-VAE_piecewise
0.005250546714981787,0.9704016913319239,0.03277913810856755,0.5313917723952326,0.11014075888047987,4.0,0.5116279069767442,0.6939333686746629,HI-VAE_piecewise
0.004867995160188687,0.9725158562367866,0.06297582844955478,0.4952326028450596,0.08145455453635368,10.0,0.5,0.6939761611506952,HI-VAE_piecewise
0.004951814285675185,0.9735729386892179,0.021241937196432394,0.47020376778162254,0.1767353403217605,7.0,0.43023255813953487,0.7002215654550406,HI-VAE_piecewise
0.007586219347104083,0.9513742071881608,0.034667933140185875,0.4933294886582084,0.15934305370931964,5.0,0.5116279069767442,0.6884288545537658,HI-VAE_piecewise
0.00814976072688439,0.952431289640592,0.05016546171593484,0.44667435601691663,0.12367397074007581,7.0,0.5697674418604651,0.6612981851975,HI-VAE_piecewise
0.006889724336995496,0.9619450317124737,0.027228876653349967,0.4303344867358708,0.1343718297616993,6.0,0.47674418604651164,0.6587112403855011,HI-VAE_piecewise
0.005859127272237361,0.9630021141649049,0.024862360740820377,0.4410226835832372,0.13727866139264006,3.0,0.4418604651162791,0.6954034975743725,HI-VAE_piecewise
0.006139042247111931,0.9619450317124737,0.039242910345185775,0.4920415224913494,0.2228190632324758,8.0,0.6046511627906976,0.6673913547588624,HI-VAE_piecewise
0.009677782087245413,0.9429175475687104,0.04919549256466202,0.44325259515570925,0.16298515153281207,5.0,0.5348837209302325,0.7402041902708295,HI-VAE_piecewise
0.005661889645405121,0.9651162790697675,0.02689300472530745,0.4076509034986543,0.12112748429053152,8.0,0.5348837209302325,0.6767285543984304,HI-VAE_piecewise
0.00617489478726089,0.9619450317124737,0.038007744398922405,0.4151095732410612,0.1541230503179232,4.0,0.5,0.6873877855547645,HI-VAE_piecewise
0.007515267416104237,0.9534883720930233,0.06402601716167065,0.5265282583621683,0.18983346401462325,9.0,0.5,0.6687314328290117,HI-VAE_piecewise
0.007223896957057485,0.9630021141649049,0.02001880741578802,0.4866589773164168,0.15539469061475494,7.0,0.5116279069767442,0.6480006931267015,HI-VAE_piecewise
0.004651677828646539,0.9661733615221987,0.03133481351287497,0.4249134948096886,0.11535597846703338,7.0,0.5116279069767442,0.685764794316785,HI-VAE_piecewise
0.006810588642718531,0.9534883720930233,0.03739371975965031,0.4465205690119185,0.18683458618330867,6.0,0.5465116279069767,0.6619396839424336,HI-VAE_piecewise
0.008851565959022709,0.9471458773784356,0.0297916491916915,0.5084198385236448,0.14241906341835306,4.0,0.5232558139534884,0.6847107798487997,HI-VAE_piecewise
0.008086474228540143,0.9598308668076111,0.03128246110111465,0.40253748558246827,0.17373950183011433,5.0,0.5581395348837209,0.6759445671200989,HI-VAE_piecewise
0.003490613571251232,0.9735729386892178,0.023085702768246945,0.4057285659361784,0.11333727566950065,2.0,0.5697674418604651,0.6775829301947972,HI-VAE_piecewise
0.008423179000207818,0.952431289640592,0.02389220100844592,0.42391387927720114,0.15349398346409912,5.0,0.6162790697674418,0.6878568975526033,HI-VAE_piecewise
0.004889661064148346,0.9682875264270614,0.05422448321479604,0.3304498269896194,0.1856419449288021,9.0,0.5116279069767442,0.6957847967074301,HI-VAE_piecewise
0.006485092888806423,0.9577167019027485,0.04193540835241103,0.503844675124952,0.20175547886159007,5.0,0.47674418604651164,0.6759976225287572,HI-VAE_piecewise
0.006877706411528026,0.9630021141649047,0.027142604244674223,0.36059207996924264,0.13909698383427443,9.0,0.5348837209302325,0.7150612336534721,HI-VAE_piecewise
0.006175510167923765,0.9661733615221988,0.023479305717737008,0.3970780469050365,0.18036034621176675,5.0,0.5,0.6851321304682653,HI-VAE_piecewise
0.0067877439461887295,0.9566596194503173,0.02405184856343839,0.41476355247981544,0.1505464260224951,6.0,0.5348837209302325,0.6770892621066087,HI-VAE_piecewise
0.005754225262082765,0.9682875264270613,0.049696372844044434,0.45551710880430607,0.2125330260114539,4.0,0.47674418604651164,0.6434216277718683,HI-VAE_piecewise
0.0070670909231136695,0.9608879492600423,0.021535630130660153,0.4261437908496732,0.24278973160844017,7.0,0.5465116279069767,0.6575674389384276,HI-VAE_piecewise
0.0059133204263694845,0.9630021141649049,0.04918192562714037,0.34975009611687813,0.13264838125755796,8.0,0.46511627906976744,0.6796272198603176,HI-VAE_piecewise
0.005000601267312101,0.9598308668076111,0.04257429940333376,0.38742791234140717,0.12323253825122248,8.0,0.5465116279069767,0.6713513514525248,HI-VAE_piecewise
0.004831220069881215,0.9640591966173363,0.030571533192511782,0.458323721645521,0.18704131173455193,6.0,0.5,0.6923689034205948,HI-VAE_piecewise
0.004685577801955197,0.9661733615221988,0.04899411370395355,0.5138023836985774,0.16291724107671074,5.0,0.4883720930232558,0.6400960321709199,HI-VAE_piecewise
0.003800005792259535,0.9693446088794926,0.018200653948102965,0.36801230296039983,0.16979804130427814,5.0,0.5116279069767442,0.6927371057252095,HI-VAE_piecewise
0.006704061563949411,0.9608879492600423,0.022380150157243005,0.568242983467897,0.1413060346987458,5.0,0.4418604651162791,0.6842225603136475,HI-VAE_piecewise
0.007471541876217288,0.9513742071881608,0.071830061058316,0.4695117262591311,0.3352626761499695,10.0,0.5465116279069767,0.66017582120063,HI-VAE_piecewise
0.006298191284564588,0.9640591966173363,0.024036968488287624,0.42099192618223763,0.11214804119569903,6.0,0.5813953488372093,0.7231037170322355,HI-VAE_piecewise
0.005343670114917969,0.9672304439746301,0.05329767092036553,0.5266051518646674,0.1724372878272596,5.0,0.5,0.6821459106564071,HI-VAE_piecewise
0.006115765012885208,0.9608879492600425,0.06475516623729217,0.529680891964629,0.19549212645023056,6.0,0.5348837209302325,0.7070449215332069,HI-VAE_piecewise
0.006152090834811713,0.9608879492600423,0.039761398883462314,0.5053825451749328,0.14233621786520537,9.0,0.5232558139534884,0.7047093831617424,HI-VAE_piecewise
0.006545606027547128,0.9630021141649049,0.062451007829996984,0.5004998077662437,0.2476894173389235,8.0,0.5348837209302325,0.6847181761111433,HI-VAE_piecewise
0.007280761524129855,0.9566596194503173,0.051946645099379456,0.46063052672049204,0.3265611611370748,8.0,0.5,0.6651278232547071,HI-VAE_piecewise
0.00535849454146826,0.9619450317124735,0.032296037842615505,0.5529411764705883,0.19954927375548212,5.0,0.5813953488372093,0.6830437277223345,HI-VAE_piecewise
0.006183677120215441,0.9619450317124737,0.044142965859193105,0.37043444828911964,0.21847046226686154,10.0,0.5232558139534884,0.6881156671722582,HI-VAE_piecewise
0.00791837913907888,0.9513742071881606,0.06336717361470748,0.48093041138023834,0.20551576866188473,6.0,0.4883720930232558,0.699986210792198,HI-VAE_piecewise
0.005476039734290596,0.9640591966173363,0.03748531396600072,0.421760861207228,0.13522098084726228,9.0,0.5697674418604651,0.6808130078141115,HI-VAE_piecewise
0.006118418750691687,0.9651162790697673,0.0544223759632571,0.47708573625528644,0.2543884986587701,7.0,0.5116279069767442,0.6836883813008334,HI-VAE_piecewise
0.006083104265453878,0.9651162790697675,0.04340180618545328,0.4315647827758554,0.16230353615846174,5.0,0.5116279069767442,0.6683596554522421,HI-VAE_piecewise
0.00586403631208888,0.9672304439746301,0.04136472473451107,0.5519031141868512,0.1766186459770226,6.0,0.4418604651162791,0.6725270375424142,HI-VAE_piecewise
0.006612002166864822,0.9619450317124735,0.0271330350728397,0.48139177239523256,0.13204759900879198,6.0,0.5116279069767442,0.6682535644861695,HI-VAE_piecewise
0.004269054960547108,0.9714587737843551,0.020990424411600404,0.44159938485198,0.20342669353374335,5.0,0.5465116279069767,0.6716641439391343,HI-VAE_piecewise
0.005119112326807617,0.9619450317124737,0.023272710541712982,0.4168396770472896,0.16430969734706585,6.0,0.45348837209302323,0.6738037534443965,HI-VAE_piecewise
0.004640836012419325,0.9714587737843552,0.030275705559879615,0.3905805459438677,0.08901157303245408,6.0,0.6511627906976745,0.6647336375769604,HI-VAE_piecewise
0.005514301984993523,0.9640591966173363,0.023289171750659553,0.39657823913879275,0.15765017922728602,6.0,0.6046511627906976,0.6733710514497437,HI-VAE_piecewise
0.004929277158036441,0.9735729386892177,0.029807210696375236,0.4280276816608997,0.17593882170374994,5.0,0.5232558139534884,0.6780841581204782,HI-VAE_piecewise
0.0052903466784471635,0.9693446088794926,0.014127122670665895,0.3525374855824683,0.2213418189444438,7.0,0.5581395348837209,0.6592505543680769,HI-VAE_piecewise
0.00745754298698146,0.9545454545454546,0.01885535227790794,0.5225682429834679,0.09542045932274382,5.0,0.5348837209302325,0.6854837718861839,HI-VAE_piecewise
0.0038916685152865756,0.977801268498943,0.01376251532273073,0.39065743944636677,0.19081185570582263,8.0,0.5813953488372093,0.6922150711457714,HI-VAE_piecewise
0.006392563668534471,0.9608879492600425,0.02280920140912111,0.351595540176855,0.20147092534607489,6.0,0.4883720930232558,0.6910549525391657,HI-VAE_piecewise
0.005579777080822564,0.9682875264270614,0.029609752963370293,0.4004998077662438,0.2185193517005121,9.0,0.5116279069767442,0.6582652763413284,HI-VAE_piecewise
0.005261594770199602,0.9682875264270613,0.03732501429761302,0.47631680123029607,0.1150544127412513,4.0,0.4883720930232558,0.6658953003744568,HI-VAE_piecewise
0.00685921379281234,0.9587737843551797,0.03862074659071087,0.4933487120338332,0.2202112653328699,5.0,0.5348837209302325,0.6942223442057527,HI-VAE_piecewise
0.006154844979160925,0.9577167019027485,0.03919180830496131,0.46382160707420217,0.13634628849831076,9.0,0.5116279069767442,0.6868403382567931,HI-VAE_piecewise
0.00665747058713537,0.9492600422832982,0.04357239191385536,0.5337178008458284,0.19042562274853558,7.0,0.46511627906976744,0.6829186605460987,HI-VAE_piecewise
0.0053020379858770865,0.9672304439746301,0.024414137362729547,0.4524413687043444,0.13302612108614117,6.0,0.5348837209302325,0.6995418945840902,HI-VAE_piecewise
0.004830501548994692,0.9693446088794926,0.01574529863421757,0.41568627450980394,0.1513530525146627,7.0,0.5116279069767442,0.675277861826923,HI-VAE_piecewise
0.00818476854156374,0.945031712473573,0.02699850948309094,0.4388696655132641,0.19384899576328243,7.0,0.5581395348837209,0.6678324200808536,HI-VAE_piecewise
0.006842547084813844,0.9661733615221988,0.07050909328334298,0.487274125336409,0.19012816128460047,7.0,0.5465116279069767,0.7029981818190046,HI-VAE_piecewise
0.0062755244917893135,0.9608879492600423,0.025655518939587185,0.44402153018069973,0.31710933280945786,6.0,0.5465116279069767,0.6861214568238841,HI-VAE_piecewise
0.008040623268167535,0.9513742071881608,0.04585967209433136,0.44521337946943484,0.2148555173087132,6.0,0.5116279069767442,0.6709930829052312,HI-VAE_piecewise
0.004936310058337044,0.9661733615221988,0.018947423813621612,0.4021530180699731,0.14176212485517178,7.0,0.5,0.670183276833684,HI-VAE_piecewise
0.0058711749216906,0.9672304439746301,0.02833433462425842,0.39396386005382544,0.2872635125656071,10.0,0.4883720930232558,0.6987383390501177,HI-VAE_piecewise
0.007249442877189016,0.9566596194503171,0.05543499081762827,0.3887735486351403,0.12645814026653496,6.0,0.5465116279069767,0.6668694099315563,HI-VAE_piecewise
0.006218514544032846,0.9640591966173361,0.021629820718785855,0.36651287966166857,0.20613867559175603,7.0,0.5116279069767442,0.7017946373053024,HI-VAE_piecewise
0.007430456521080553,0.9577167019027484,0.01952015014469928,0.4028450595924645,0.21249098870086797,8.0,0.5116279069767442,0.6741013938190198,HI-VAE_piecewise
0.00605734441062454,0.9630021141649049,0.02146938319198279,0.4798539023452518,0.1520702182163665,8.0,0.5813953488372093,0.6791220867033908,HI-VAE_piecewise
0.00661484091008401,0.9513742071881608,0.06887982526905756,0.4828911956939638,0.2920647850521273,7.0,0.46511627906976744,0.659154776582482,HI-VAE_piecewise
0.008285438176263916,0.9556025369978859,0.035606712899570174,0.42033833141099575,0.14449674060211082,4.0,0.5116279069767442,0.6885597888291566,HI-VAE_piecewise
0.007297356652041017,0.9587737843551797,0.06225689470857363,0.46274509803921565,0.2402050016395253,9.0,0.5465116279069767,0.6566366107008054,HI-VAE_piecewise
0.006739075669973938,0.9545454545454546,0.06165300261015426,0.48000768935024996,0.24594165123825465,8.0,0.5116279069767442,0.6750671257049343,HI-VAE_piecewise
0.005460744522670222,0.9566596194503171,0.03733380909120441,0.4453287197231834,0.08828580691127844,5.0,0.46511627906976744,0.6842617430820556,HI-VAE_piecewise
0.004922262166933483,0.9651162790697675,0.05480008783161676,0.49338715878508277,0.1604775289614327,8.0,0.46511627906976744,0.6904665818156094,HI-VAE_piecewise
0.007031041456597844,0.9598308668076111,0.02836236015228414,0.4118031526336024,0.1782057433978424,6.0,0.5232558139534884,0.6628633290629133,HI-VAE_piecewise
0.007366423386460919,0.9587737843551797,0.06164923775055026,0.5045367166474433,0.24019866012081384,8.0,0.5116279069767442,0.6695970081878466,HI-VAE_piecewise
0.00560444331711788,0.9608879492600423,0.050908690302606585,0.466166858900423,0.12208772640571049,3.0,0.45348837209302323,0.6792057285171975,HI-VAE_piecewise
0.006124303047994553,0.9577167019027485,0.056375554606712265,0.4727412533640908,0.21737468441291585,10.0,0.4418604651162791,0.6803855755027529,HI-VAE_piecewise
0.0044616011734902265,0.9693446088794926,0.03453022127811866,0.35067281814686657,0.17368832768175824,9.0,0.5465116279069767,0.6771936021756472,HI-VAE_piecewise
0.006618257308649688,0.9577167019027485,0.02293901841193231,0.4701268742791235,0.23172445796037242,7.0,0.47674418604651164,0.7184703848864383,HI-VAE_piecewise
0.007220636338326965,0.9556025369978859,0.02931420308551837,0.47004998077662447,0.1988317656741169,3.0,0.43023255813953487,0.6605742777030442,HI-VAE_piecewise
0.007202088401884203,0.9545454545454546,0.0293846226015077,0.43629373317954634,0.20526252149701776,8.0,0.5930232558139535,0.6888599983002254,HI-VAE_piecewise
0.0045569467787740375,0.9693446088794926,0.030228884701682862,0.38996539792387547,0.1299629564253421,7.0,0.5,0.6783665895588535,HI-VAE_piecewise
0.006162865196572808,0.9672304439746301,0.01988630738180203,0.4311418685121107,0.16891080544506362,4.0,0.5116279069767442,0.7052360325962274,HI-VAE_piecewise
0.006730056016930609,0.9524312896405921,0.03632434807716333,0.4668589004229142,0.16756695269646463,3.0,0.6046511627906976,0.6896655261488475,HI-VAE_piecewise
0.005165032953243124,0.9672304439746301,0.03463233449755624,0.43060361399461744,0.1596916704796765,9.0,0.5930232558139535,0.6911260950254142,HI-VAE_piecewise
0.004233374005449777,0.9651162790697676,0.017872314196537755,0.5338715878508266,0.16594007015500684,6.0,0.4883720930232558,0.676147329718468,HI-VAE_piecewise
0.004305807285627588,0.974630021141649,0.017874064485846296,0.4058246828143021,0.15487170454765586,8.0,0.5465116279069767,0.6948506497283773,HI-VAE_piecewise
0.0065620394314131825,0.9630021141649049,0.023608342028259236,0.4685890042291426,0.18170762053417353,5.0,0.5,0.6842951771618532,HI-VAE_piecewise
0.005669668744846695,0.9640591966173361,0.026268459216119453,0.4559015763168013,0.1223317687705395,4.0,0.5465116279069767,0.6638147382120532,HI-VAE_piecewise
0.004562341505024702,0.9714587737843552,0.027209353787285888,0.34290657439446365,0.14573847205119073,4.0,0.5116279069767442,0.6655028889311039,HI-VAE_piecewise
0.0055966146104427855,0.9598308668076111,0.020421453950391702,0.4166666666666667,0.1939121171955642,7.0,0.5232558139534884,0.6696088363848786,HI-VAE_piecewise
0.006000216402254616,0.9651162790697676,0.03249490891340089,0.4472126105344099,0.1288390049410388,9.0,0.5,0.6941334363132622,HI-VAE_piecewise
0.006579133085524602,0.9608879492600423,0.02882589182781582,0.3488658208381391,0.18993348092336523,6.0,0.5116279069767442,0.6819120351367043,HI-VAE_piecewise
0.0062295321650208966,0.9545454545454546,0.021166768035468044,0.4542483660130719,0.2035642693947532,8.0,0.5232558139534884,0.6936462199964898,HI-VAE_piecewise
0.007435136572309312,0.9524312896405921,0.03187211706086556,0.4877739331026528,0.15208507814518732,5.0,0.5,0.6740061535201639,HI-VAE_piecewise
0.005665907671412077,0.9682875264270613,0.020427478261999678,0.4445982314494425,0.17554869064030004,7.0,0.5348837209302325,0.6710238534354134,HI-VAE_piecewise
0.006462695861870467,0.9640591966173361,0.03434251747506214,0.4182622068435218,0.1182847589854736,5.0,0.5465116279069767,0.6827555153438012,HI-VAE_piecewise
0.004437019514376009,0.9672304439746301,0.030033490713331928,0.3780469050365244,0.16912440772216236,6.0,0.5930232558139535,0.7070207545102793,HI-VAE_piecewise
0.006814289535330816,0.9598308668076111,0.04158071112236741,0.4742791234140714,0.16288892393456245,8.0,0.5465116279069767,0.6786295550890009,HI-VAE_piecewise
0.006729302419841157,0.9608879492600423,0.02210827272176724,0.4501730103806228,0.17527263236107246,8.0,0.4418604651162791,0.6876808506826421,HI-VAE_piecewise
0.009739380780764847,0.945031712473573,0.02439593905715133,0.54079200307574,0.25607649145357375,5.0,0.47674418604651164,0.7057498481601485,HI-VAE_piecewise
0.005182172988266419,0.9640591966173363,0.02866301363691679,0.5542483660130719,0.14908789562325786,5.0,0.46511627906976744,0.6656393363332144,HI-VAE_piecewise
0.007493189214917615,0.9545454545454547,0.03932896891106992,0.45943867743175704,0.18032390109427945,7.0,0.5,0.6878889297902979,HI-VAE_piecewise
0.007039339509027704,0.9577167019027484,0.09358353223794423,0.36009227220299883,0.22406351693322452,9.0,0.5348837209302325,0.6618915898851233,HI-VAE_piecewise
0.006318693516191848,0.9672304439746301,0.023313566219344026,0.4989234909650134,0.17184048680814715,8.0,0.4186046511627907,0.698966886947825,HI-VAE_piecewise
0.005635167423547606,0.9651162790697675,0.04691062794956783,0.49646289888504425,0.17133281272140907,9.0,0.45348837209302323,0.6916923535663482,HI-VAE_piecewise
0.007388786776676873,0.9630021141649049,0.039412422404918476,0.5029988465974625,0.25202649347817807,9.0,0.5116279069767442,0.6833086072119947,HI-VAE_piecewise
0.006612440288534618,0.9630021141649049,0.022313053968026037,0.46751249519415616,0.11829153372329876,7.0,0.5348837209302325,0.697436035151218,HI-VAE_piecewise
0.0056855929538984105,0.9566596194503171,0.057383815639065486,0.5641676278354478,0.1774873471695695,10.0,0.4883720930232558,0.6800483952708465,HI-VAE_piecewise
0.0049830846718081235,0.9725158562367866,0.020477536338591902,0.4481353325643983,0.18674705442354217,6.0,0.5930232558139535,0.6782898920177716,HI-VAE_piecewise
0.004225828287193112,0.9640591966173363,0.028027923639662663,0.42741253364090737,0.20126939168319424,7.0,0.5232558139534884,0.7069492173276802,HI-VAE_piecewise
0.005954658171043261,0.9587737843551797,0.08645992253764424,0.41418685121107257,0.19882914138473734,5.0,0.45348837209302323,0.6797203101660515,HI-VAE_piecewise
0.005022739990991436,0.9672304439746302,0.02703749855219148,0.47900807381776234,0.11122138946912162,7.0,0.5116279069767442,0.6938189355744435,HI-VAE_piecewise
0.0062877609111869764,0.9545454545454546,0.0683515263632386,0.39530949634755863,0.2733344580522277,7.0,0.5116279069767442,0.672948384793957,HI-VAE_piecewise
0.00733428103804139,0.9545454545454546,0.04051225607877193,0.45259515570934256,0.193491074473737,6.0,0.47674418604651164,0.6882518281638954,HI-VAE_piecewise
0.005701522994408592,0.9661733615221988,0.07617165125533562,0.32698961937716264,0.1336710239083496,10.0,0.47674418604651164,0.701189652618826,HI-VAE_piecewise
0.00634813327835915,0.9640591966173363,0.03688091502675896,0.49227220299884655,0.11481922146739457,8.0,0.4883720930232558,0.6635240262234702,HI-VAE_piecewise
0.006603876872791009,0.9566596194503171,0.023740052052432497,0.47143406382160713,0.26752482523619797,7.0,0.47674418604651164,0.7120030455535995,HI-VAE_piecewise
0.00443980805541197,0.9788583509513742,0.023194842848744283,0.28062283737024224,0.32307344299326934,8.0,0.5697674418604651,0.674450734085863,HI-VAE_piecewise
0.004979897135272829,0.9693446088794926,0.012895970217321556,0.3479815455594002,0.14342666751108368,8.0,0.5581395348837209,0.6732506771960057,HI-VAE_piecewise
0.006618360807157336,0.9566596194503171,0.05297434150122817,0.4764705882352941,0.22827355439122277,9.0,0.5232558139534884,0.6770362636995166,HI-VAE_piecewise
0.00766644947888723,0.9619450317124737,0.06170728867784089,0.4767397154940408,0.1132705035094647,3.0,0.43023255813953487,0.6722854503418499,HI-VAE_piecewise
0.005507070400013942,0.9704016913319239,0.02478881047302506,0.4535563244905806,0.12893124590928265,4.0,0.5581395348837209,0.673614650120999,HI-VAE_piecewise
0.006932057616995798,0.9640591966173363,0.01263403840411006,0.3424067666282199,0.1377930894409567,7.0,0.5232558139534884,0.686288302148925,HI-VAE_piecewise
0.004846064555812962,0.9714587737843551,0.03469187928309524,0.48600538254517495,0.21174032139944557,4.0,0.5,0.6950325309133049,HI-VAE_piecewise
0.004645261752550294,0.9693446088794926,0.04194591715362047,0.5599000384467512,0.18591509156824296,8.0,0.5581395348837209,0.6764227212204528,HI-VAE_piecewise
0.00473373023987902,0.9714587737843552,0.02345727122066959,0.42983467896962707,0.17503116922801468,6.0,0.5930232558139535,0.6985834598543141,HI-VAE_piecewise
0.004835940358987207,0.9651162790697675,0.06842690481880222,0.41880046136101506,0.1720071526032845,7.0,0.45348837209302323,0.6910679722614388,HI-VAE_piecewise
0.005326576883296371,0.9651162790697673,0.041267537069435284,0.3678200692041522,0.1815122206158151,6.0,0.5465116279069767,0.6802582396118391,HI-VAE_piecewise
0.004444965399454811,0.970401691331924,0.018452074238021646,0.41757016532103036,0.14385680316940933,7.0,0.5465116279069767,0.6766408668109961,HI-VAE_piecewise
0.005715807007030346,0.9619450317124737,0.06380942863000329,0.5404459823144945,0.16518395158424704,6.0,0.5,0.6801273763178228,HI-VAE_piecewise
0.005660851711180243,0.963002114164905,0.03006669652121209,0.4389081122645136,0.1380898236521239,7.0,0.5116279069767442,0.6649060646730598,HI-VAE_piecewise
0.005551989103542403,0.952431289640592,0.04959177367669468,0.4986159169550173,0.18152185537608012,10.0,0.45348837209302323,0.6814184082165677,HI-VAE_piecewise
0.0050299118425828826,0.9725158562367864,0.023680250561243302,0.449519415609381,0.21939153278368856,8.0,0.5813953488372093,0.6830824220693738,HI-VAE_piecewise
0.00797623973087943,0.9556025369978858,0.05380713651312564,0.47404844290657444,0.1971060718015999,5.0,0.5465116279069767,0.7109014003433057,HI-VAE_piecewise
0.00832841731312874,0.9439746300211417,0.06644390200105066,0.5944059976931949,0.09444526182862681,7.0,0.4418604651162791,0.6469878344440776,Surv-GAN
0.00856445806688853,0.9482029598308668,0.10476364499258614,0.5574586697424067,0.12893000847364386,1.0,0.4069767441860465,0.6166646018327483,Surv-GAN
0.008483335058292516,0.9534883720930233,0.07179563223234404,0.5597078046905037,0.12350873827694844,2.0,0.5,0.6589198917892192,Surv-GAN
0.009104966767737428,0.9482029598308668,0.079059283774168,0.6341791618608228,0.09321368007138729,1.0,0.46511627906976744,0.6268560009691397,Surv-GAN
0.008496049218543267,0.9408033826638479,0.07430032829412504,0.5437908496732027,0.13521318384566486,2.0,0.4883720930232558,0.6141196774651494,Surv-GAN
0.007560199907467363,0.952431289640592,0.04897163149301434,0.5314878892733563,0.15767996001966283,3.0,0.4418604651162791,0.6510214484893194,Surv-GAN
0.00980801745838847,0.9418604651162791,0.09608285626792311,0.5393310265282583,0.12304255609207003,2.0,0.5116279069767442,0.6434865104853758,Surv-GAN
0.007053818237009948,0.952431289640592,0.04432699444784762,0.5416570549788543,0.1004630072288855,3.0,0.4186046511627907,0.631688886126165,Surv-GAN
0.008615389160145436,0.9482029598308668,0.05239986177682034,0.5547097270280661,0.11557977651845937,4.0,0.47674418604651164,0.6195950813765582,Surv-GAN
0.008197711804358328,0.9397463002114166,0.10782188281549106,0.664090734332949,0.10314310917492642,2.0,0.4069767441860465,0.650569459659521,Surv-GAN
0.008664161792298368,0.9397463002114166,0.10739007895001135,0.570319108035371,0.09531784601218535,3.0,0.4186046511627907,0.6270103534143956,Surv-GAN
0.008797643569517899,0.9397463002114165,0.06763078802391377,0.6763360246059207,0.0994489665779995,2.0,0.47674418604651164,0.6233322547867843,Surv-GAN
0.007229590288454059,0.9503171247357294,0.08366143011418994,0.5454248366013073,0.10145282109741276,1.0,0.47674418604651164,0.6550012999737727,Surv-GAN
0.007731182586173474,0.9471458773784356,0.07145413269363056,0.5333333333333334,0.09385832080796186,1.0,0.4883720930232558,0.6487254406901577,Surv-GAN
0.009375945530797358,0.9408033826638479,0.06865005422181455,0.5362937331795463,0.0886047013500728,1.0,0.5813953488372093,0.6372320407463157,Surv-GAN
0.008486834689286859,0.9460887949260042,0.07884092680230448,0.4977508650519031,0.09823569704129424,6.0,0.5465116279069767,0.6440667443380903,Surv-GAN
0.008530226876116766,0.9429175475687104,0.0765688410913882,0.5068435217224145,0.11005496544007637,2.0,0.4883720930232558,0.6439645284283629,Surv-GAN
0.007693820566796672,0.9492600422832982,0.08706165307624407,0.5305074971164937,0.10235521539037105,2.0,0.5465116279069767,0.6372290262383008,Surv-GAN
0.010064581714224955,0.9260042283298098,0.10977821456017976,0.5948673587081892,0.10995607887820086,1.0,0.45348837209302323,0.6659125990578445,Surv-GAN
0.009298413986771593,0.9408033826638477,0.04311883310316653,0.5657439446366782,0.16402891440417497,3.0,0.4883720930232558,0.6472849336810904,Surv-GAN
0.007580209821063435,0.952431289640592,0.04464304906741482,0.546712802768166,0.1662812516457401,4.0,0.5465116279069767,0.6272929094372235,Surv-GAN
0.007557712749033002,0.9439746300211417,0.0951067106094151,0.5935601691657054,0.15186150071142218,2.0,0.4883720930232558,0.6516418472111906,Surv-GAN
0.007654869405825825,0.9503171247357295,0.07753753947429536,0.48006535947712414,0.09544685529467248,3.0,0.5581395348837209,0.6427298446027313,Surv-GAN
0.01011883541468326,0.9312896405919663,0.09355917180648919,0.5736639753940793,0.09158690272056137,5.0,0.5232558139534884,0.6516327778710643,Surv-GAN
0.012244412983567909,0.927061310782241,0.04632757441293544,0.6656670511341792,0.09165850987955683,3.0,0.46511627906976744,0.6444248093221685,Surv-GAN
0.008040906123188984,0.948202959830867,0.03439130211254103,0.5471357170319108,0.09200216178834414,2.0,0.4883720930232558,0.6687188944086458,Surv-GAN
0.010011380524840853,0.9365750528541227,0.09701581277583816,0.5778931180315263,0.09397218139131597,4.0,0.5,0.656621371552855,Surv-GAN
0.007080151169954135,0.9503171247357294,0.08886362059914601,0.5908304498269896,0.09755223917266018,1.0,0.4418604651162791,0.6510143888090889,Surv-GAN
0.007928690729133518,0.948202959830867,0.07466471392183543,0.5941753171856978,0.0961220415784574,6.0,0.46511627906976744,0.6127474084596551,Surv-GAN
0.008020949677254656,0.9460887949260042,0.04684639026824697,0.6311803152633602,0.09400794748234048,2.0,0.47674418604651164,0.6446675864337649,Surv-GAN
0.008339311406206529,0.9460887949260042,0.11267948932697165,0.5758554402153018,0.12024413575049218,2.0,0.43023255813953487,0.6482559156548142,Surv-GAN
0.005848724970837516,0.9566596194503171,0.05369237100857448,0.62960399846213,0.10058684732370128,2.0,0.5116279069767442,0.62451551297565,Surv-GAN
0.008434863275679428,0.9460887949260042,0.10814188920119094,0.5227604767397155,0.13190866615233532,1.0,0.47674418604651164,0.6513832239335869,Surv-GAN
0.008816594184806209,0.9471458773784356,0.0582070338635178,0.49769319492502884,0.09296337634433081,2.0,0.4883720930232558,0.6222006533402392,Surv-GAN
0.006901431914759126,0.952431289640592,0.051934314715464794,0.5562091503267974,0.1468428993481913,2.0,0.4186046511627907,0.6638994906718979,Surv-GAN
0.006159431277034394,0.9577167019027485,0.0822091931539317,0.5457900807381776,0.10297568338418092,4.0,0.45348837209302323,0.6440877995373497,Surv-GAN
0.007361923113800622,0.9503171247357294,0.05802142597903096,0.6049211841599385,0.08325781321377415,1.0,0.47674418604651164,0.620303725891407,Surv-GAN
0.007680846298469725,0.9471458773784356,0.09055769590278628,0.5692425990003844,0.09190221092702,8.0,0.4069767441860465,0.6522049677997486,Surv-GAN
0.01091052404719872,0.9355179704016913,0.04453291209876602,0.5934063821607074,0.08826652580409164,6.0,0.46511627906976744,0.6492709555825761,Surv-GAN
0.006850648629681307,0.9513742071881608,0.07612181120405516,0.5381968473663976,0.11006397436821817,1.0,0.4418604651162791,0.648950528355304,Surv-GAN
0.008905048683578838,0.9376321353065539,0.11136770697697533,0.637524029219531,0.093402780066802,3.0,0.4418604651162791,0.6329582692564932,Surv-GAN
0.009372211973787093,0.9355179704016915,0.09518003578427507,0.6252210688196848,0.10024739578925985,2.0,0.5232558139534884,0.6403579900254582,Surv-GAN
0.009811197715987192,0.9460887949260044,0.0594415244096318,0.49227220299884655,0.09779498563366268,2.0,0.5232558139534884,0.6500805631744353,Surv-GAN
0.007210567243423882,0.9545454545454546,0.06738296898702612,0.49832756632064595,0.1516839258250956,4.0,0.5,0.6402332845967699,Surv-GAN
0.01109916386509986,0.927061310782241,0.09219990502119652,0.6493271818531335,0.1276741041266615,2.0,0.45348837209302323,0.6408853376480588,Surv-GAN
0.007021798673650673,0.9482029598308668,0.09652448332541505,0.536716647443291,0.09408937578312883,1.0,0.46511627906976744,0.6472897993523326,Surv-GAN
0.008905229358939538,0.9408033826638479,0.03835410899197682,0.5400615148019993,0.09664548979740706,1.0,0.5232558139534884,0.6382618012412499,Surv-GAN
0.009882396713458697,0.9386892177589853,0.051686544003980206,0.608073817762399,0.09352460785981004,6.0,0.4883720930232558,0.6573163777425944,Surv-GAN
0.009132471253637836,0.9471458773784356,0.07300200524289263,0.5894655901576316,0.12839229442150685,2.0,0.4883720930232558,0.6151513963589293,Surv-GAN
0.009379877668958037,0.9386892177589853,0.05759972078951248,0.5987504805843906,0.09964363500331852,7.0,0.45348837209302323,0.6341313696486376,Surv-GAN
0.007344236837803866,0.9492600422832982,0.06973237099168919,0.6034217608612072,0.09939686313467887,2.0,0.5581395348837209,0.6026621724515275,Surv-GAN
0.008752843321416896,0.9408033826638479,0.0894682787906297,0.49269511726259124,0.14949887816590088,2.0,0.45348837209302323,0.6285639871805266,Surv-GAN
0.010926900241502786,0.9302325581395349,0.09965861623904522,0.6374086889657823,0.09830609517035817,7.0,0.4418604651162791,0.6311307178889408,Surv-GAN
0.008579606998573174,0.945031712473573,0.050634319012064624,0.5607458669742407,0.08799630841823275,1.0,0.47674418604651164,0.6167885714803385,Surv-GAN
0.008432888219198777,0.945031712473573,0.05260930199947914,0.5912341407151096,0.08854228452770262,1.0,0.47674418604651164,0.6580747515370099,Surv-GAN
0.009220690788717942,0.9471458773784356,0.08546387460439372,0.558477508650519,0.1367563551771946,1.0,0.4883720930232558,0.650141772136941,Surv-GAN
0.008072702461694208,0.9439746300211417,0.0859445036530833,0.5574778931180315,0.09345594776123399,1.0,0.47674418604651164,0.6484205498024879,Surv-GAN
0.011785585055613213,0.9344608879492601,0.04490972623874043,0.552556708958093,0.15048024157790163,3.0,0.4418604651162791,0.6145372035852955,Surv-GAN
0.009739523163715316,0.9408033826638479,0.10759844611573381,0.5728950403690888,0.09566350497536397,4.0,0.4883720930232558,0.6194858311902848,Surv-GAN
0.009653049172557205,0.9439746300211417,0.07606638930475415,0.5154555940023069,0.08992605567921834,1.0,0.5116279069767442,0.6104138921951578,Surv-GAN
0.007114791430594494,0.9450317124735729,0.06813195104325921,0.48550557477893114,0.0906175508423321,6.0,0.4883720930232558,0.641534218070501,Surv-GAN
0.011270238766185426,0.9302325581395349,0.09193974596989514,0.6420607458669743,0.09884193949412,1.0,0.4186046511627907,0.6276903513676727,Surv-GAN
0.009338417613821927,0.9386892177589853,0.10606809250326603,0.6074586697424067,0.09934473791517254,5.0,0.4418604651162791,0.6227342431937741,Surv-GAN
0.007786072028817167,0.9408033826638479,0.06974174184712037,0.582083813917724,0.09442468401443516,1.0,0.45348837209302323,0.6544868936341097,Surv-GAN
0.0068862479285952,0.9482029598308668,0.06288509969151845,0.6497116493656286,0.09408789158320843,8.0,0.43023255813953487,0.6144791375144865,Surv-GAN
0.0075674560065765555,0.9566596194503171,0.06885436524589787,0.5085736255286428,0.11897628903502916,1.0,0.4883720930232558,0.6188608582238763,Surv-GAN
0.0065241605267731114,0.9577167019027485,0.027347287915444086,0.5998846597462514,0.2070968280514471,6.0,0.4418604651162791,0.6366795999135217,Surv-GAN
0.008586456198803986,0.9513742071881608,0.057820390425564326,0.4332948865820839,0.11115205992105888,2.0,0.5232558139534884,0.6289156853408334,Surv-GAN
0.010265000498586009,0.9355179704016915,0.08127526129386622,0.5215301806997308,0.09774772646408261,1.0,0.46511627906976744,0.623132633883376,Surv-GAN
0.009735711112947893,0.9397463002114166,0.07883881114780546,0.43904267589388707,0.08993879420995937,7.0,0.4883720930232558,0.650154142361476,Surv-GAN
0.00809190577040643,0.9503171247357295,0.058525488630741425,0.5389465590157632,0.12762565484308616,2.0,0.4883720930232558,0.6111090272785735,Surv-GAN
0.009205600377812487,0.9439746300211417,0.06236019142969611,0.5539023452518261,0.096120998502342,1.0,0.45348837209302323,0.6247537532083539,Surv-GAN
0.009074708675253259,0.945031712473573,0.06196249903788172,0.6675509419454057,0.09285474307881054,9.0,0.4186046511627907,0.6414347689772273,Surv-GAN
0.006084737714810687,0.9566596194503171,0.07954592219232486,0.5754325259515571,0.11986071808302022,1.0,0.4883720930232558,0.6393636744534136,Surv-GAN
0.007347272516625428,0.9556025369978859,0.10579482695209655,0.5508650519031142,0.1304384110140938,1.0,0.45348837209302323,0.6102470076920408,Surv-GAN
0.0074013751863027935,0.9556025369978859,0.06470407244451763,0.5782199154171472,0.15531801131077916,2.0,0.5232558139534884,0.6126233394823264,Surv-GAN
0.006506749675089601,0.9640591966173363,0.02669848436777679,0.3976547481737793,0.13895572129290665,1.0,0.5348837209302325,0.6479952754570509,Surv-GAN
0.009230654654513679,0.9429175475687104,0.085946879391365,0.49515570934256053,0.10762695118720811,1.0,0.45348837209302323,0.6364914894715299,Surv-GAN
0.005534352488488909,0.9598308668076111,0.08116801860176633,0.5362937331795463,0.09573146148337215,6.0,0.43023255813953487,0.6152434669075588,Surv-GAN
0.006719272042939417,0.9503171247357294,0.07326095996387644,0.5650134563629373,0.10982569792588825,2.0,0.4186046511627907,0.6371813819343239,Surv-GAN
0.006480442673477239,0.9577167019027485,0.07499580265227473,0.528316032295271,0.08791256860163404,1.0,0.5116279069767442,0.628195399946515,Surv-GAN
0.00953088849151879,0.9397463002114165,0.06342695421779691,0.563360246059208,0.09396881163614663,1.0,0.4186046511627907,0.6578075623224,Surv-GAN
0.010899079754640162,0.9376321353065539,0.07325776499262947,0.5560169165705499,0.09556966179192511,9.0,0.45348837209302323,0.6149584103820069,Surv-GAN
0.008802976135169822,0.9439746300211418,0.03248774925779081,0.6048635140330643,0.11378082858166533,1.0,0.5930232558139535,0.6485399024884301,Surv-GAN
0.008392494971268656,0.9460887949260044,0.08045022019117831,0.5882545174932717,0.1382189957969722,2.0,0.4883720930232558,0.6475595030640532,Surv-GAN
0.00827021709450928,0.9397463002114166,0.09946833731264423,0.5462514417531719,0.08919562982420419,3.0,0.45348837209302323,0.6419582068703431,Surv-GAN
0.01147457588808488,0.9334038054968289,0.09514129163959609,0.5758169934640522,0.09519920413436896,4.0,0.45348837209302323,0.6109457681014977,Surv-GAN
0.007848249750105,0.948202959830867,0.034953718902327444,0.559438677431757,0.09701193547809403,2.0,0.47674418604651164,0.6412248790422674,Surv-GAN
0.007987840496643046,0.9482029598308668,0.04257903251456715,0.5962514417531719,0.09264062157141591,6.0,0.5116279069767442,0.6178115117484592,Surv-GAN
0.008611714681011488,0.9471458773784356,0.0354592930420278,0.5279507881584007,0.09234157873622545,1.0,0.47674418604651164,0.6394525220327886,Surv-GAN
0.007466581334716974,0.9534883720930233,0.08473141806552068,0.5286236063052672,0.09067394625769705,1.0,0.5232558139534884,0.6124027273069919,Surv-GAN
0.009263980348408678,0.9408033826638479,0.07169968461827554,0.5928296808919646,0.09509078942002866,8.0,0.37209302325581395,0.6121335496167485,Surv-GAN
0.004759781114094024,0.9693446088794925,0.03758150978776042,0.47381776239907725,0.09576943109116744,2.0,0.5116279069767442,0.6449611822733314,Surv-GAN
0.008234974380207205,0.9492600422832982,0.09448173195438929,0.5507881584006151,0.10555665345984179,7.0,0.4186046511627907,0.6479133722931516,Surv-GAN
0.011835672224940924,0.9334038054968287,0.0754697505170031,0.601038062283737,0.09501008183710277,1.0,0.46511627906976744,0.5982238967174892,Surv-GAN
0.00927341861426446,0.9355179704016913,0.07419812712036856,0.5839292579777009,0.18522460884484965,3.0,0.46511627906976744,0.6331692068761302,Surv-GAN
0.008939562231917154,0.9386892177589853,0.06265609133730662,0.5625720876585929,0.09655729005074125,1.0,0.4418604651162791,0.6046213646577194,Surv-GAN
0.010010521680944852,0.9355179704016915,0.10954092557470403,0.5833333333333333,0.0973174094730692,4.0,0.3953488372093023,0.6210217520403567,Surv-GAN
0.008510092617767884,0.9439746300211418,0.06516303186798705,0.5237024221453288,0.0942680147442544,2.0,0.5348837209302325,0.6496012009810278,Surv-GAN
0.009348360222143371,0.9418604651162791,0.08919040741789015,0.5297962322183775,0.09627356466690373,1.0,0.5465116279069767,0.6292595173707053,Surv-GAN
0.008724440877605757,0.9429175475687104,0.08933589720887111,0.56199538638985,0.14265104528301814,1.0,0.47674418604651164,0.6201633956918176,Surv-GAN
0.009521966011764046,0.9408033826638479,0.0879141556987891,0.5785467128027681,0.09361160314565574,6.0,0.4883720930232558,0.6364935311637986,Surv-GAN
0.009983609466758232,0.9302325581395349,0.11253215332184967,0.5524413687043445,0.12292337789100162,1.0,0.5930232558139535,0.6475975282087545,Surv-GAN
0.007184614763817545,0.9503171247357294,0.0717784038942879,0.5657823913879276,0.09372956136723615,1.0,0.4418604651162791,0.6179676735192681,Surv-GAN
0.009655844158498914,0.9439746300211417,0.09535527068045632,0.48354479046520565,0.12906342214935942,2.0,0.5232558139534884,0.6267721380750233,Surv-GAN
0.008499368908731273,0.9460887949260044,0.07436708869794795,0.5840830449826989,0.09751136382892683,3.0,0.5116279069767442,0.6162694542031958,Surv-GAN
0.009649135748695524,0.9386892177589853,0.058377098801176724,0.5074586697424068,0.0960668919790986,2.0,0.46511627906976744,0.6193019451260543,Surv-GAN
0.008825412478930953,0.9492600422832982,0.049857458661013515,0.597039600153787,0.12492073834121627,2.0,0.5348837209302325,0.6622084207240934,Surv-GAN
0.008017711524739233,0.9418604651162792,0.06289931846358764,0.5927527873894656,0.09176089363063601,1.0,0.4883720930232558,0.6399242929949261,Surv-GAN
0.00855400359015225,0.9408033826638479,0.047880972041701796,0.6116109188773547,0.10677105468372854,2.0,0.46511627906976744,0.6372929525076354,Surv-GAN
0.007679592074928137,0.9534883720930232,0.054411920571611566,0.48669742406766636,0.08984268467591677,1.0,0.5232558139534884,0.6534367148671959,Surv-GAN
0.008274639887565487,0.9471458773784356,0.08089078171048544,0.6323529411764706,0.18712932702630888,2.0,0.43023255813953487,0.6343757424862776,Surv-GAN
0.008391421932142819,0.945031712473573,0.07395238547621895,0.5256824298346789,0.0940677393350992,7.0,0.47674418604651164,0.6242758865197857,Surv-GAN
0.006912587158570114,0.9598308668076111,0.044177392239912225,0.5026143790849673,0.13090398803527223,2.0,0.4418604651162791,0.628784996316684,Surv-GAN
0.008875218515715084,0.9397463002114165,0.06507412433662205,0.632718185313341,0.0940847039603867,1.0,0.5116279069767442,0.6479418472658971,Surv-GAN
0.008652218204354927,0.9439746300211417,0.10130263572533776,0.5009996155324876,0.1396504133600436,1.0,0.46511627906976744,0.6075813984194887,Surv-GAN
0.006089466884244638,0.9577167019027485,0.07015617734345755,0.444405997693195,0.14900641223378377,2.0,0.5581395348837209,0.6221087816337036,Surv-GAN
0.006485993026369167,0.9577167019027485,0.05906408566815813,0.504959630911188,0.08458433953215191,1.0,0.5581395348837209,0.6336176125571376,Surv-GAN
0.00884510796226607,0.9365750528541227,0.10479258120456429,0.5698961937716264,0.09649409632491511,1.0,0.46511627906976744,0.6250820566887337,Surv-GAN
0.007091412281707732,0.952431289640592,0.08463103086817468,0.5311418685121108,0.09435730549031401,7.0,0.46511627906976744,0.6729723949869257,Surv-GAN
0.009007114822724456,0.945031712473573,0.092503816382018,0.5066897347174164,0.10028718119331868,5.0,0.5232558139534884,0.6624555176626961,Surv-GAN
0.006446200859242337,0.9566596194503171,0.037356110601013834,0.5297385620915033,0.09354139977214303,2.0,0.5813953488372093,0.6265329921874032,Surv-GAN
0.008074973375874667,0.9471458773784355,0.0860867528327691,0.5388312187620146,0.09656746096288184,5.0,0.4883720930232558,0.616711220768817,Surv-GAN
0.01195374086101167,0.9312896405919662,0.07866015323968366,0.637831603229527,0.09122436745055651,8.0,0.47674418604651164,0.6437671346968571,Surv-GAN
0.00969515591343256,0.9397463002114166,0.05941493380949898,0.6093425605536332,0.13568016313486284,3.0,0.46511627906976744,0.6058515350294453,Surv-GAN
0.010822903011498929,0.9260042283298098,0.0718407497948213,0.5509803921568628,0.18107123296894764,2.0,0.5116279069767442,0.6602301155387188,Surv-GAN
0.008514452716501206,0.9418604651162791,0.08252386191610947,0.4947327950788159,0.10812079875146816,3.0,0.5,0.6158755556451392,Surv-GAN
0.008947623774401187,0.9439746300211418,0.07994038819390778,0.5127066512879661,0.13821996330561015,2.0,0.5232558139534884,0.633319709305319,Surv-GAN
0.007662816786878844,0.9408033826638479,0.11966553481703278,0.6773548635140332,0.10352330540747447,3.0,0.43023255813953487,0.6382316382358227,Surv-GAN
0.009029630048397188,0.9439746300211417,0.09288223594881481,0.4953287197231834,0.1520339809028488,1.0,0.5348837209302325,0.648409934888242,Surv-GAN
0.007624092308218558,0.9524312896405921,0.04490809298964725,0.5856209150326798,0.10285482130760516,3.0,0.5,0.6174308022099554,Surv-GAN
0.007213144022427973,0.9556025369978859,0.040512255822822876,0.4051326412918108,0.09484517514722518,2.0,0.45348837209302323,0.6094268072600637,Surv-GAN
0.008104656451973984,0.9460887949260042,0.04405748571943301,0.507362552864283,0.09909955489519921,2.0,0.5465116279069767,0.6033236401825117,Surv-GAN
0.00931873674417906,0.9365750528541227,0.08674542311990495,0.5123798539023452,0.09217169117916453,6.0,0.5,0.6419185020443798,Surv-GAN
0.011224828691593332,0.9365750528541227,0.045331163820858444,0.6647827758554403,0.0920865291594059,2.0,0.43023255813953487,0.6648395503858896,Surv-GAN
0.010136332770603733,0.9386892177589853,0.07802426149134244,0.5816608996539794,0.09621654636129055,1.0,0.5,0.6334946921259687,Surv-GAN
0.00905173941798487,0.9386892177589853,0.03195856823746352,0.6053440984236832,0.09746832823881532,2.0,0.4418604651162791,0.6179712857873568,Surv-GAN
0.006123115694015375,0.9566596194503171,0.059689845507031256,0.5602268358323721,0.0899534111932121,10.0,0.4883720930232558,0.648472188668726,Surv-GAN
0.008757504832367112,0.9439746300211417,0.0884801151291602,0.5960399846212996,0.10571550888493703,1.0,0.4069767441860465,0.6240068724019575,Surv-GAN
0.008288895368708206,0.9492600422832982,0.057181052723754656,0.48796616685890043,0.08910779213407316,11.0,0.47674418604651164,0.624941197919309,Surv-GAN
0.009550954996150794,0.9418604651162791,0.0707664144498195,0.5539984621299501,0.1226984817227483,1.0,0.4418604651162791,0.6367277810051523,Surv-GAN
0.008562831465750596,0.9376321353065539,0.061427610048969516,0.49296424452133786,0.1203727830250956,2.0,0.45348837209302323,0.646355937971742,Surv-GAN
0.009610165581970266,0.9386892177589853,0.07779009912648514,0.5391003460207612,0.09391950908697416,6.0,0.5697674418604651,0.6372651691815178,Surv-GAN
0.009638827400210175,0.9397463002114166,0.09346051060465752,0.544713571703191,0.11358963684794368,3.0,0.5232558139534884,0.6489142606137821,Surv-GAN
0.0079063009229938,0.9439746300211417,0.09467501597945945,0.6132256824298346,0.11107973864260018,2.0,0.5116279069767442,0.608868764978298,Surv-GAN
0.007583873168043248,0.9534883720930233,0.03512497433055895,0.4188965782391388,0.09249358854446425,2.0,0.4418604651162791,0.6468483358386425,Surv-GAN
0.010037942444740948,0.9365750528541227,0.0656705379577431,0.5858900422914264,0.09958479071966904,1.0,0.5116279069767442,0.6689146842669516,Surv-GAN
0.008019309652044086,0.9513742071881608,0.07161377895667635,0.4542868127643215,0.09795097280411057,2.0,0.45348837209302323,0.6363144565294181,Surv-GAN
0.006964162788294772,0.9577167019027485,0.05958806346381903,0.5038254517493272,0.10161467856807396,1.0,0.4418604651162791,0.6627960242525142,Surv-GAN
0.007258916935337812,0.9503171247357294,0.08187972255568646,0.5664167627835448,0.11764003060955547,2.0,0.5465116279069767,0.6477561522957492,Surv-GAN
0.009523374684774077,0.9408033826638479,0.08249876743347426,0.5262783544790465,0.09646685000346139,1.0,0.5232558139534884,0.6295176261973724,Surv-GAN
0.008848533516991724,0.9386892177589853,0.09434406296528305,0.5354479046520568,0.158073269837638,3.0,0.5,0.6160853550064356,Surv-GAN
0.008309740885269767,0.9471458773784356,0.08635952423851018,0.4904652056901192,0.1105454147544598,2.0,0.5,0.6272243344971307,Surv-GAN
0.007407279046560608,0.9534883720930233,0.06026574501808255,0.553921568627451,0.17507153162699376,2.0,0.45348837209302323,0.5894133773664807,Surv-GAN
0.009850942883711286,0.9418604651162792,0.05662438585791295,0.6407535563244906,0.09416769899344299,9.0,0.38372093023255816,0.6293597252600364,Surv-GAN
0.010828800775718857,0.9429175475687104,0.06449578495017372,0.6601691657054978,0.15753881050286422,6.0,0.43023255813953487,0.6489288776057852,Surv-GAN
0.008359257475723218,0.9418604651162791,0.08160112838159922,0.5184736639753942,0.10252175261822544,2.0,0.46511627906976744,0.6223139003070955,Surv-GAN
0.008311961431437013,0.9460887949260042,0.06004354724086206,0.5468665897731642,0.10935421373070105,1.0,0.43023255813953487,0.6177120831362853,Surv-GAN
0.010835059375714124,0.9323467230443975,0.07833713742685973,0.5311034217608612,0.12412864138409256,3.0,0.5581395348837209,0.6187151628542025,Surv-GAN
0.007917870074223522,0.9439746300211418,0.08430446961657548,0.6633602460592081,0.1384462806768361,2.0,0.4883720930232558,0.6512089668135373,Surv-GAN
0.010122705419304344,0.9376321353065541,0.07602223306072313,0.5358900422914264,0.11880987337370583,1.0,0.5116279069767442,0.6145556090799554,Surv-GAN
0.009946810435296476,0.9386892177589853,0.05573670116048619,0.6023068050749713,0.10122447201382868,1.0,0.45348837209302323,0.6472584121042563,Surv-GAN
0.007504556670419491,0.948202959830867,0.10456848775532626,0.532083813917724,0.09223758043882069,7.0,0.45348837209302323,0.6324389194039562,Surv-GAN
0.005688769140467617,0.9682875264270613,0.04275381023878377,0.48112264513648595,0.0851171432844445,1.0,0.5,0.6588487889587885,Surv-GAN
0.007582304588976688,0.9471458773784356,0.07956108798148445,0.5200499807766243,0.09967413083580776,2.0,0.47674418604651164,0.6494870651981863,Surv-GAN
0.010714253350396873,0.9344608879492601,0.06754063686642635,0.5666666666666667,0.10098368002949022,2.0,0.46511627906976744,0.6390321763231983,Surv-GAN
0.009292393819722395,0.9418604651162791,0.05881214455184527,0.4779315647827759,0.10646209114282264,3.0,0.47674418604651164,0.6794162229072306,Surv-GAN
0.006765854259911532,0.9587737843551797,0.022971986700953333,0.4758169934640524,0.14975224468866485,4.0,0.5348837209302325,0.6613921665119639,Surv-GAN
0.006991298239630989,0.949260042283298,0.05853915450284388,0.6274894271434064,0.09406281746624724,9.0,0.4418604651162791,0.6472789565594533,Surv-GAN
0.009390533948982139,0.9386892177589853,0.07733279659350059,0.6065359477124183,0.10922429679288322,1.0,0.46511627906976744,0.6629069361453641,Surv-GAN
0.007223441699819661,0.9513742071881606,0.09485470801080743,0.4731257208765859,0.09329524032255847,2.0,0.5465116279069767,0.6518173825799386,Surv-GAN
0.00912676738722608,0.945031712473573,0.08731641090344452,0.5378700499807766,0.0968475470759515,1.0,0.4883720930232558,0.6384541989494846,Surv-GAN
0.011172928797951322,0.9302325581395349,0.09997154022616311,0.6512495194156094,0.1234124502823442,2.0,0.5465116279069767,0.6493111808398123,Surv-GAN
0.007130554544979512,0.949260042283298,0.0818746465752335,0.5500576701268742,0.10510020649341008,2.0,0.45348837209302323,0.5978430034062251,Surv-GAN
0.008882032734628759,0.9471458773784356,0.02310437258999288,0.6169550173010381,0.108572690106205,2.0,0.47674418604651164,0.6614132120406314,Surv-GAN
0.007878201262259176,0.9534883720930232,0.054607702102462095,0.5420607458669743,0.11891695917163553,3.0,0.4883720930232558,0.6393312756947943,Surv-GAN
0.007681386122138125,0.945031712473573,0.06912804039636097,0.5762399077277969,0.12459298472937116,2.0,0.5116279069767442,0.6501196043511268,Surv-GAN
0.010227143942534407,0.9302325581395349,0.1410204915186221,0.6126489811610919,0.09436638039657809,3.0,0.4883720930232558,0.6333829576946088,Surv-GAN
0.010057614865431929,0.9439746300211417,0.05444012957554815,0.5269127258746635,0.09568673443197936,3.0,0.47674418604651164,0.6125129149130975,Surv-GAN
0.008886070624046557,0.9408033826638479,0.06893285071342047,0.544232987312572,0.10208958211527164,3.0,0.5232558139534884,0.6225662140896465,Surv-GAN
0.007125137251607978,0.9503171247357294,0.07926456173867899,0.5659554017685505,0.12841155350252986,2.0,0.5116279069767442,0.6184536720334137,Surv-GAN
0.00757829035707623,0.9471458773784355,0.08001408106051476,0.5062475970780469,0.09383441966346256,2.0,0.5,0.6225839027781581,Surv-GAN
0.01037262238891424,0.9344608879492601,0.0641979412572047,0.4941945405613225,0.09061745754268173,2.0,0.5,0.6343981437595468,Surv-GAN
0.010587204386849668,0.9355179704016915,0.08797917063091204,0.6255670895809304,0.0990819707697976,6.0,0.43023255813953487,0.6245145947775558,Surv-GAN
0.007517128072252604,0.9534883720930233,0.03665749663816659,0.5974240676662822,0.09847893744715422,1.0,0.46511627906976744,0.6477537789834742,Surv-GAN
0.011048126874029991,0.9334038054968287,0.05472545569690132,0.6039023452518262,0.13931909321384509,4.0,0.5116279069767442,0.6593853060835494,Surv-GAN
0.009410728119819474,0.9439746300211418,0.07037080988853256,0.6474432910419069,0.09014118188776073,1.0,0.4186046511627907,0.6256323939414884,Surv-GAN
0.00773708784357818,0.9471458773784356,0.07286913898038949,0.5393694732795079,0.09121590927564467,1.0,0.47674418604651164,0.6274781430799033,Surv-GAN
0.010655568567611637,0.9334038054968289,0.08202012778871096,0.5389850057670127,0.09840154214236742,6.0,0.46511627906976744,0.6759578770785092,Surv-GAN
0.010891068683571016,0.9376321353065539,0.05445067607648686,0.52079969242599,0.10308730605820743,1.0,0.45348837209302323,0.6451623517532841,Surv-GAN
0.008693412673397767,0.9408033826638479,0.0490598649720499,0.6049211841599383,0.09483621862611513,1.0,0.4186046511627907,0.6541815104984946,Surv-GAN
0.009117519449920583,0.9355179704016913,0.07260045892528375,0.5154171472510573,0.09102158159540767,1.0,0.45348837209302323,0.6448987784162691,Surv-GAN
0.008726712412145884,0.9471458773784356,0.06894640138030236,0.5660515186466742,0.0884197792333043,1.0,0.47674418604651164,0.6580330681398168,Surv-GAN
0.008753308049016324,0.9513742071881608,0.0492132277009722,0.511361014994233,0.10325216776408533,2.0,0.5581395348837209,0.6234126517588021,Surv-GAN
0.013906302192860487,0.9238900634249472,0.08754092397309993,0.5970972702806613,0.09239868623303611,9.0,0.46511627906976744,0.61474128117452,Surv-GAN
0.006729346480875528,0.9545454545454547,0.05227099820920084,0.5222798923490964,0.07568460709724958,1.0,0.46511627906976744,0.652064903473716,Surv-GAN
0.009736857013467569,0.9482029598308668,0.09377545370907435,0.5604767397154939,0.09721071085351428,1.0,0.47674418604651164,0.6257021790597591,Surv-GAN
0.00925222961925075,0.9386892177589853,0.11666547194940581,0.5743367935409458,0.08908641408498748,4.0,0.5697674418604651,0.6476610764245556,Surv-GAN
0.007182061912332543,0.9503171247357294,0.08290736267794378,0.6137447135717032,0.0881210088942159,1.0,0.5116279069767442,0.6272634904120308,Surv-GAN
0.009829387762368457,0.9281183932346724,0.09429778719874624,0.616474432910419,0.13965411667126704,1.0,0.4186046511627907,0.6269074318480652,Surv-GAN
0.00788484448422195,0.9460887949260044,0.03118941920463816,0.4993656286043828,0.17397416501620117,4.0,0.5,0.6250398007392962,Surv-VAE
0.00769619860423684,0.9566596194503173,0.05595472311041096,0.5573817762399077,0.13576796430156754,2.0,0.46511627906976744,0.6203955632904852,Surv-VAE
0.006627150305295367,0.9503171247357294,0.06466510485209802,0.5128412149173395,0.1642861956841153,3.0,0.47674418604651164,0.6161764926030053,Surv-VAE
0.006498359024628458,0.9556025369978859,0.0856362209405833,0.6239715494040754,0.09753419458352254,5.0,0.45348837209302323,0.6093746309030125,Surv-VAE
0.006904127449485337,0.9566596194503173,0.04007276916893631,0.43867743175701646,0.11501047842461393,2.0,0.5581395348837209,0.6364802364354237,Surv-VAE
0.007838067095945042,0.9492600422832982,0.10431053210137303,0.638331410995771,0.10012715759049558,5.0,0.4186046511627907,0.6155754430796677,Surv-VAE
0.008078512041969627,0.9513742071881608,0.08501194592111991,0.4879661668589005,0.140462831275386,3.0,0.5697674418604651,0.5887641883635248,Surv-VAE
0.006243688934505249,0.9566596194503171,0.024932691817202503,0.6222222222222222,0.0895898233868526,2.0,0.5,0.6220227880776233,Surv-VAE
0.008376007845324933,0.9513742071881608,0.04716728026956072,0.5205113417916186,0.11937282066295887,5.0,0.5232558139534884,0.630456478875965,Surv-VAE
0.008298905537940519,0.945031712473573,0.08946686996402192,0.5138985005767013,0.09663676089686445,3.0,0.5348837209302325,0.6444794910693936,Surv-VAE
0.006417530331450874,0.9577167019027485,0.06378130395694832,0.5515763168012302,0.0898821556020293,2.0,0.5116279069767442,0.6006637867255428,Surv-VAE
0.007175843030775223,0.9577167019027485,0.07183058267522605,0.5641291810841984,0.1272379829975857,2.0,0.43023255813953487,0.6187573868776308,Surv-VAE
0.006196494859888993,0.9640591966173363,0.04713507533855287,0.521837754709727,0.09369250835771466,2.0,0.5348837209302325,0.6148224574763598,Surv-VAE
0.009255745842459097,0.9460887949260042,0.10504453467515823,0.5782006920415224,0.1258912423564268,1.0,0.46511627906976744,0.5756265247601127,Surv-VAE
0.007723712704908291,0.9556025369978859,0.038526514997697,0.5495578623606305,0.1552886748336847,3.0,0.46511627906976744,0.6211395717587541,Surv-VAE
0.006501905277762079,0.9587737843551797,0.033941105134421515,0.5385813148788928,0.09539032665621333,8.0,0.45348837209302323,0.6443264633198584,Surv-VAE
0.00624519798964436,0.9608879492600425,0.08084749007330316,0.5003844675124952,0.11960570199320193,2.0,0.5116279069767442,0.6181651285116947,Surv-VAE
0.00915731392647817,0.9418604651162792,0.09710111507987515,0.543598615916955,0.11044320002236918,3.0,0.4418604651162791,0.6076034897220844,Surv-VAE
0.01020079701875197,0.9439746300211417,0.11887179405934024,0.5154748173779315,0.07597094152713585,1.0,0.5232558139534884,0.6135494149018228,Surv-VAE
0.005580489643103089,0.9608879492600423,0.04638414142588426,0.5415224913494809,0.1297325865513298,3.0,0.4883720930232558,0.6320223090858779,Surv-VAE
0.008561794187157253,0.9408033826638477,0.0897424074240978,0.5915417147251057,0.10468410132480102,2.0,0.46511627906976744,0.6135907385492807,Surv-VAE
0.010837805766794072,0.9460887949260042,0.042249680800548486,0.5418685121107266,0.22416090258665414,5.0,0.5581395348837209,0.6321481370020999,Surv-VAE
0.009242991761765306,0.9386892177589853,0.13402417504497652,0.5764129181084198,0.10326131075508029,1.0,0.43023255813953487,0.6232764192480421,Surv-VAE
0.008264614669787779,0.9418604651162791,0.0861753606306495,0.5536332179930795,0.09277447277704988,1.0,0.5116279069767442,0.6452831076339645,Surv-VAE
0.008021436465285593,0.9471458773784356,0.12221035830222754,0.5995770857362552,0.11441465421193074,1.0,0.38372093023255816,0.6229023981641081,Surv-VAE
0.00878011277301728,0.9397463002114165,0.0830200643964991,0.6233756247597079,0.0964760562330718,2.0,0.4883720930232558,0.6116002215781573,Surv-VAE
0.007139290296792983,0.9513742071881608,0.08688446780001803,0.622318339100346,0.12178230637164285,1.0,0.45348837209302323,0.586887331411273,Surv-VAE
0.009043738342568388,0.945031712473573,0.09762705970382436,0.5704921184159938,0.10689883026907537,3.0,0.45348837209302323,0.6262874163530275,Surv-VAE
0.007764014767278379,0.945031712473573,0.0634205229623958,0.5917147251057286,0.10090063769842988,4.0,0.5,0.6332157634266984,Surv-VAE
0.007069329328752274,0.9534883720930232,0.039673636230217864,0.5678008458285275,0.10522236102185871,4.0,0.5116279069767442,0.6125236918520963,Surv-VAE
0.009152762629971804,0.9534883720930233,0.02789104342419344,0.5692233756247597,0.12000895964520587,2.0,0.5813953488372093,0.6165221787326566,Surv-VAE
0.005781046496919839,0.9619450317124737,0.07495987678851408,0.5337178008458284,0.09675809158041766,6.0,0.46511627906976744,0.6463594255777665,Surv-VAE
0.009001305946129709,0.9471458773784356,0.1045256033411414,0.6396001537870051,0.0969118082302365,6.0,0.45348837209302323,0.6123212372100655,Surv-VAE
0.010318168958738787,0.9365750528541227,0.11337181538707988,0.6127258746635909,0.14065716239985457,1.0,0.46511627906976744,0.613181117194918,Surv-VAE
0.006976621404158926,0.9524312896405921,0.09866729440300617,0.5429450211457132,0.16043577869768977,1.0,0.5581395348837209,0.6362426058265872,Surv-VAE
0.00709766198088792,0.9608879492600423,0.05436521826579655,0.5191464821222607,0.1339340008953204,4.0,0.4883720930232558,0.6070285727808288,Surv-VAE
0.007636653750397951,0.9460887949260044,0.05965203938087004,0.5251826220684352,0.1273871932081507,3.0,0.38372093023255816,0.6345551220187557,Surv-VAE
0.006913155355070129,0.9566596194503173,0.06894406858738215,0.48298731257208766,0.09269281399852869,6.0,0.47674418604651164,0.6065769807149569,Surv-VAE
0.008942754396519488,0.9471458773784356,0.053203145054831265,0.517839292579777,0.109668822799363,2.0,0.5,0.6396395526269935,Surv-VAE
0.007820178437256235,0.9482029598308668,0.040513564462508374,0.6492887351018839,0.1443084452787763,4.0,0.4069767441860465,0.6309118142537589,Surv-VAE
0.01103683649447432,0.9397463002114166,0.0752330852831732,0.5808919646289888,0.10102601269384823,2.0,0.43023255813953487,0.5829833225319566,Surv-VAE
0.005989939696555174,0.9640591966173363,0.062222402223495295,0.5107843137254903,0.10267829795115582,2.0,0.45348837209302323,0.6548203334455529,Surv-VAE
0.008354684370059363,0.9545454545454547,0.05185631225141658,0.4579392541330257,0.15895615159451626,2.0,0.5,0.5999881638526914,Surv-VAE
0.006948056068997423,0.9513742071881608,0.059872230402358624,0.5732602845059591,0.14460800935933524,2.0,0.4418604651162791,0.6073225425082707,Surv-VAE
0.011349100370188154,0.9386892177589853,0.06619261269990366,0.5538831218762015,0.09909736454861107,2.0,0.45348837209302323,0.6276651867395946,Surv-VAE
0.008361599475158894,0.9513742071881608,0.056152886032522574,0.5942906574394463,0.09795811333557194,2.0,0.4418604651162791,0.6080635498720331,Surv-VAE
0.0068329367860568094,0.948202959830867,0.09094068926795142,0.5696270665128796,0.12215183775032043,3.0,0.5813953488372093,0.6542334726823344,Surv-VAE
0.009869420644943045,0.9429175475687104,0.06406598694949363,0.5624567474048442,0.10116926635718211,4.0,0.4883720930232558,0.6225697000844729,Surv-VAE
0.009726760984490617,0.9408033826638479,0.07672802132437508,0.6423106497500961,0.1111519412447609,2.0,0.5,0.6369477622954199,Surv-VAE
0.006169107104510818,0.9587737843551797,0.07438366960513138,0.5140715109573242,0.09324051222598258,1.0,0.5348837209302325,0.6013511821040173,Surv-VAE
0.007418574572605324,0.9492600422832982,0.051981730155170366,0.5017685505574778,0.11931442711213305,3.0,0.5232558139534884,0.6460106003202386,Surv-VAE
0.008189813060774266,0.9460887949260044,0.11051429909317668,0.5446943483275662,0.13771609459024478,1.0,0.45348837209302323,0.6307356056340673,Surv-VAE
0.006613763666514471,0.9640591966173363,0.0332763259291923,0.486082276047674,0.16751435507307735,5.0,0.5116279069767442,0.6247936205844945,Surv-VAE
0.006256473031557852,0.963002114164905,0.03643542030725783,0.5429834678969627,0.09367944929432201,2.0,0.5232558139534884,0.625814559514131,Surv-VAE
0.009598215055167215,0.9418604651162792,0.06562239492004433,0.5757016532103038,0.10617888246313262,3.0,0.4418604651162791,0.6326344012227817,Surv-VAE
0.006958681090411389,0.9524312896405921,0.10250992602493496,0.5033064206074587,0.13072983005652816,1.0,0.4186046511627907,0.6069396897392891,Surv-VAE
0.006682014930841581,0.9545454545454547,0.06978547821397267,0.46851211072664356,0.09335320225246634,8.0,0.5232558139534884,0.6182194608124759,Surv-VAE
0.007405383481911873,0.9545454545454546,0.034368564480819846,0.5743752402921953,0.10612567717076958,1.0,0.5,0.6279337544957954,Surv-VAE
0.006748480645621015,0.9630021141649049,0.03390454801408878,0.5806612841214918,0.16332290804224792,5.0,0.5,0.6509754031497015,Surv-VAE
0.005913578056163748,0.9545454545454546,0.09824189053191877,0.5108419838523645,0.13356320454954823,2.0,0.45348837209302323,0.5979287967326682,Surv-VAE
0.008773821080498507,0.9492600422832982,0.09266156251007353,0.5272395232602846,0.11491563717425957,2.0,0.5116279069767442,0.6014033301441267,Surv-VAE
0.00918781628549699,0.9471458773784356,0.05326227085562897,0.520876585928489,0.1004156964390666,1.0,0.4883720930232558,0.6301349278457855,Surv-VAE
0.01007619446827167,0.9376321353065541,0.08559690092079202,0.6171664744329104,0.15735852994139307,3.0,0.47674418604651164,0.6105986902559717,Surv-VAE
0.00758233459039894,0.9503171247357294,0.11145064909023725,0.5885428681276432,0.10805397440350814,1.0,0.4069767441860465,0.6144926320130146,Surv-VAE
0.007029108137342785,0.9587737843551797,0.04046959665860872,0.48323721645520956,0.1681465318870567,3.0,0.5465116279069767,0.5876821518203573,Surv-VAE
0.006095278560722489,0.9566596194503171,0.05596008943772334,0.567589388696655,0.17134196829572892,3.0,0.5,0.6386253054716153,Surv-VAE
0.006312590619372927,0.9566596194503171,0.09303846926399865,0.5232218377547098,0.09651362481283689,1.0,0.5,0.6310241921075164,Surv-VAE
0.007370594885088889,0.9577167019027485,0.04013136931499342,0.520876585928489,0.08885451362330551,3.0,0.5930232558139535,0.638748591889935,Surv-VAE
0.007668389251727526,0.9513742071881608,0.04548045632735184,0.5123606305267205,0.09293035450624212,1.0,0.43023255813953487,0.6270501373905053,Surv-VAE
0.007647839858367533,0.9492600422832982,0.06143033519046639,0.5440792003075741,0.09504148605386052,2.0,0.46511627906976744,0.6048286386862646,Surv-VAE
0.008621697474044416,0.945031712473573,0.038710935042234065,0.5901191849288735,0.1341247763120666,4.0,0.46511627906976744,0.6382345461065785,Surv-VAE
0.006137086726708199,0.9482029598308668,0.07799369518805277,0.5777393310265282,0.10276511890017503,2.0,0.45348837209302323,0.6271200021835242,Surv-VAE
0.007820664196547476,0.9556025369978858,0.05777736810376275,0.5110534409842369,0.2103988402550717,4.0,0.5348837209302325,0.6487982384437722,Surv-VAE
0.004537045502709529,0.9725158562367864,0.052229237051343656,0.5108419838523645,0.1075534376961618,3.0,0.46511627906976744,0.6113280380546284,Surv-VAE
0.009934208611301548,0.9397463002114165,0.08433582560069026,0.5960592079969242,0.09546046599785635,1.0,0.5116279069767442,0.605339339344004,Surv-VAE
0.007251129168085523,0.952431289640592,0.08276192732651481,0.5720684352172242,0.0910135822818309,4.0,0.5,0.6330496171749662,Surv-VAE
0.007101905003943268,0.9556025369978859,0.0695799205125248,0.5845444059976932,0.12723789568515892,1.0,0.4883720930232558,0.6357981117773578,Surv-VAE
0.0062931162163944706,0.9598308668076109,0.07117095887185057,0.45034602076124564,0.10555986913423127,2.0,0.5465116279069767,0.6158202908846383,Surv-VAE
0.008312878651446578,0.9471458773784356,0.06447444634809708,0.5908881199538639,0.09910026963880691,2.0,0.4186046511627907,0.6176988997560038,Surv-VAE
0.010638464503731508,0.9429175475687104,0.08957866626246377,0.521760861207228,0.10124342002214298,3.0,0.4418604651162791,0.6233059700515114,Surv-VAE
0.005803825453903352,0.9661733615221987,0.050307366267514086,0.46760861207227994,0.09124967791259714,1.0,0.5348837209302325,0.6352919130223095,Surv-VAE
0.00825010963805672,0.945031712473573,0.08577260448132197,0.5810841983852364,0.14501738539841755,2.0,0.4883720930232558,0.6232046586014031,Surv-VAE
0.011341825015699912,0.9323467230443975,0.10090315755955118,0.6189926951172626,0.10544047360451549,1.0,0.46511627906976744,0.6104230517325593,Surv-VAE
0.008353705684297276,0.9460887949260044,0.07495134889705739,0.6510572856593618,0.09891340028257913,1.0,0.4883720930232558,0.6135237494885901,Surv-VAE
0.006008509395424692,0.9619450317124737,0.034459644815815156,0.5918492887351019,0.09706212410200385,2.0,0.5,0.6649729325781262,Surv-VAE
0.0064486955716249105,0.9577167019027485,0.06638383221156194,0.5504421376393694,0.12511206801245975,2.0,0.5581395348837209,0.6412755876630497,Surv-VAE
0.006373484403722896,0.9577167019027485,0.08790786383481942,0.41564782775855436,0.09038591266149999,1.0,0.5697674418604651,0.6350522719099625,Surv-VAE
0.004792612327884475,0.9651162790697675,0.06504951145248017,0.458073817762399,0.08822567699515046,7.0,0.5,0.6310807172365962,Surv-VAE
0.005895379278690566,0.9566596194503171,0.060018278066026595,0.5731641676278355,0.09278420345651026,8.0,0.45348837209302323,0.5968357238335696,Surv-VAE
0.006396187240319735,0.952431289640592,0.06688955642102425,0.560553633217993,0.09136864496435125,8.0,0.45348837209302323,0.629739837752339,Surv-VAE
0.007158887660870836,0.9524312896405918,0.06924187201702756,0.5537101114955787,0.13540194390840962,2.0,0.43023255813953487,0.6359442819165594,Surv-VAE
0.006323528644135818,0.9608879492600423,0.04062625800020464,0.5738177623990773,0.11186090732721564,2.0,0.47674418604651164,0.6157632085661319,Surv-VAE
0.005412490468582152,0.9608879492600425,0.09071368208443985,0.6292387543252594,0.09897451822098077,1.0,0.47674418604651164,0.6297108758546406,Surv-VAE
0.01040356327209868,0.9418604651162792,0.059069215924956404,0.603037293348712,0.09489874797365144,7.0,0.3953488372093023,0.6227260103025837,Surv-VAE
0.005779797719190402,0.9566596194503171,0.07658618729167684,0.545924644367551,0.10871935561860238,1.0,0.45348837209302323,0.6105740652717991,Surv-VAE
0.006471161560527056,0.9503171247357295,0.054680153599153916,0.5550557477893119,0.10060370258996582,2.0,0.5348837209302325,0.592894532012817,Surv-VAE
0.006141383052638083,0.9566596194503173,0.05407368180402904,0.6397539407920032,0.0938372164289391,1.0,0.5348837209302325,0.6139221191220344,Surv-VAE
0.0059862918522710605,0.9608879492600423,0.06662809147210187,0.4805843906189927,0.10921541520546357,1.0,0.5697674418604651,0.64433110561965,Surv-VAE
0.00883418356271267,0.9439746300211418,0.09095823853228244,0.5851595540176855,0.1198243264173024,2.0,0.5,0.6403783441751701,Surv-VAE
0.006637381612536994,0.9598308668076111,0.07681383592383485,0.5226066897347174,0.08884861756497336,9.0,0.5697674418604651,0.6138968296683028,Surv-VAE
0.0067133344033736145,0.9619450317124737,0.04742065646121465,0.49813533256439835,0.12942361514776418,3.0,0.5813953488372093,0.6197264202200634,Surv-VAE
0.008313435682999963,0.9408033826638479,0.0804077921713836,0.5578239138792773,0.10887294022078264,1.0,0.4418604651162791,0.5999915152236844,Surv-VAE
0.009203928538381013,0.9397463002114165,0.12750740244094322,0.568877354863514,0.09740458383153174,4.0,0.4069767441860465,0.6105618077822513,Surv-VAE
0.007333912196418396,0.9566596194503171,0.05029277317665104,0.6361207227989236,0.09208505137962712,1.0,0.4186046511627907,0.6166646875345113,Surv-VAE
0.008133475234929556,0.9460887949260042,0.06570076510317459,0.4737793156478277,0.10979868485161642,3.0,0.5232558139534884,0.586873292929443,Surv-VAE
0.007032205041906447,0.9556025369978859,0.08580178637366052,0.5301422529796233,0.10188614808704843,5.0,0.4883720930232558,0.6604880958155747,Surv-VAE
0.0066259017974872655,0.9577167019027485,0.04972320688425083,0.5214532871972317,0.1154587687732553,3.0,0.5232558139534884,0.6112397127791876,Surv-VAE
0.008864997854302246,0.9460887949260044,0.11277013349374515,0.5479815455594002,0.09392280332804231,6.0,0.5116279069767442,0.6394946348721899,Surv-VAE
0.00566152647282064,0.9672304439746302,0.038866484111351796,0.5509803921568628,0.10371511445483511,2.0,0.45348837209302323,0.6067287815520744,Surv-VAE
0.0062195567038181195,0.9608879492600423,0.05444728270310901,0.5933487120338332,0.09382015175765764,1.0,0.45348837209302323,0.6252439187071696,Surv-VAE
0.004559205915870149,0.9630021141649049,0.05942277576370734,0.5168781237985389,0.08734998131453493,2.0,0.5930232558139535,0.609410859823581,Surv-VAE
0.010089171554571858,0.9492600422832982,0.08077468272641986,0.5597462514417533,0.09762918961150958,1.0,0.5232558139534884,0.6225617397912409,Surv-VAE
0.007546133171349305,0.9460887949260042,0.11705704708394728,0.5770472895040368,0.09359717977778015,5.0,0.47674418604651164,0.5987301362773431,Surv-VAE
0.007294003167035359,0.9566596194503173,0.0815266789728124,0.5202037677816225,0.10132237170580365,2.0,0.5697674418604651,0.6063902075376972,Surv-VAE
0.008442800578690825,0.9545454545454546,0.05895913972092023,0.5620338331410994,0.11199012168530684,2.0,0.46511627906976744,0.6520028000396766,Surv-VAE
0.006420969366029378,0.9587737843551797,0.08423148430014636,0.5141676278354479,0.09943688497375235,1.0,0.5813953488372093,0.6319488338017494,Surv-VAE
0.009544433333354625,0.9397463002114165,0.12722610984105284,0.5858515955401769,0.10730772484181147,2.0,0.46511627906976744,0.6178673223416414,Surv-VAE
0.00835837320796886,0.9534883720930233,0.04798974533917691,0.538638985005767,0.12513920267790282,2.0,0.5,0.5910480497387435,Surv-VAE
0.007058944024957184,0.9566596194503173,0.09815300324025363,0.5722222222222222,0.15436658740210515,2.0,0.46511627906976744,0.6117942619424237,Surv-VAE
0.008101119991556544,0.9471458773784356,0.090308416413428,0.5605728565936179,0.1590071952827788,3.0,0.5232558139534884,0.624164274853046,Surv-VAE
0.00665587360984767,0.9556025369978859,0.05628121905604844,0.5838908112264514,0.10288186842529655,1.0,0.47674418604651164,0.6264503295869854,Surv-VAE
0.006730568749246434,0.9672304439746302,0.04749165341921358,0.4834678969627067,0.09254283429518309,2.0,0.47674418604651164,0.6068436207270603,Surv-VAE
0.005940609555203954,0.9619450317124735,0.07101754735720867,0.6266051518646675,0.09943027794685697,2.0,0.47674418604651164,0.6303841305884448,Surv-VAE
0.005958259522286052,0.9651162790697675,0.05000251745283765,0.5244521337946944,0.08897853438632923,8.0,0.5232558139534884,0.6466547352550138,Surv-VAE
0.006712469157034842,0.9598308668076111,0.03992497555759658,0.40317185697808544,0.117505188771103,2.0,0.5465116279069767,0.6343507681333991,Surv-VAE
0.008134117275393286,0.9513742071881608,0.07341554632342329,0.45044213763936947,0.1214462941822494,3.0,0.5116279069767442,0.6197476941503759,Surv-VAE
0.007545967474581048,0.9587737843551797,0.038381081772799065,0.5100730488273741,0.12263187440748256,2.0,0.5813953488372093,0.6133537744180548,Surv-VAE
0.008822282458677133,0.9492600422832982,0.03456257277294454,0.5850442137639369,0.10478671026074586,3.0,0.47674418604651164,0.6328988661517667,Surv-VAE
0.008383063602321186,0.9471458773784356,0.05636065367908439,0.44538638985005763,0.09836350848022074,2.0,0.45348837209302323,0.621807499177935,Surv-VAE
0.006774168257463329,0.952431289640592,0.06581922928097196,0.5086505190311419,0.1253819015819111,4.0,0.4418604651162791,0.6551431512002208,Surv-VAE
0.006822040280273595,0.9545454545454546,0.06450834813796082,0.45205690119184927,0.12845918441660986,3.0,0.47674418604651164,0.6356510506530213,Surv-VAE
0.007271314536851255,0.9556025369978859,0.059395957450402145,0.5570549788542868,0.1382877142585736,5.0,0.45348837209302323,0.6154648662113569,Surv-VAE
0.005691052748344704,0.9577167019027485,0.06965300337314288,0.5688965782391389,0.2530710579800905,4.0,0.5348837209302325,0.6294630613385687,Surv-VAE
0.006414587961203504,0.9608879492600423,0.05561111435072219,0.5710111495578623,0.1235353718422067,2.0,0.5232558139534884,0.651211759837705,Surv-VAE
0.005215045752716371,0.9661733615221987,0.04516572250744843,0.4380430603613995,0.08995962764428543,2.0,0.5348837209302325,0.6225063913544884,Surv-VAE
0.007335972715327126,0.9503171247357295,0.09201020301071443,0.5032295271049596,0.09043566707125952,1.0,0.4418604651162791,0.6205466413840512,Surv-VAE
0.00829666683687026,0.952431289640592,0.0804755127220629,0.4829488658208382,0.08742093281180639,5.0,0.47674418604651164,0.6223091086512745,Surv-VAE
0.007495867421829955,0.952431289640592,0.07647607343035498,0.6034794309880815,0.09549695972294604,7.0,0.43023255813953487,0.5884000149390459,Surv-VAE
0.008718002319653981,0.9408033826638477,0.08567038611008668,0.5713763936947329,0.12308166112997532,2.0,0.5232558139534884,0.6068800284971261,Surv-VAE
0.005781900156080707,0.9608879492600423,0.08523893227438602,0.4846597462514418,0.10050533214243088,1.0,0.5232558139534884,0.6415700777060236,Surv-VAE
0.0063679202390506265,0.9577167019027485,0.037219364500530115,0.5869281045751633,0.12033455930278365,5.0,0.5232558139534884,0.6431192886900209,Surv-VAE
0.006403650232459265,0.9556025369978859,0.059442997147858744,0.531526336024606,0.11189119650027099,2.0,0.5232558139534884,0.6059615734263104,Surv-VAE
0.008563952408841162,0.9397463002114165,0.13660377169710292,0.6016724336793541,0.1154577459187816,1.0,0.46511627906976744,0.6082635855643999,Surv-VAE
0.007261688769028013,0.9587737843551797,0.06124825128136137,0.5832179930795848,0.08743432154761754,1.0,0.5465116279069767,0.5788749472280359,Surv-VAE
0.006751021042911491,0.9534883720930233,0.07696628695505082,0.5975778546712802,0.13931536520386525,2.0,0.47674418604651164,0.6277358846647694,Surv-VAE
0.0071968450618504765,0.9566596194503171,0.05117262897317327,0.568319876970396,0.09029151880508882,9.0,0.4186046511627907,0.6325824759866374,Surv-VAE
0.0075935498236690485,0.9503171247357295,0.029133777024275623,0.5557093425605537,0.12274134556696283,4.0,0.5348837209302325,0.628154137285417,Surv-VAE
0.0059448653158631825,0.9661733615221988,0.07641885171339878,0.4692425990003845,0.09312052410818596,1.0,0.5,0.6116366765151501,Surv-VAE
0.006394745999713381,0.9566596194503173,0.06500586332472517,0.4709534794309881,0.11179435124946756,1.0,0.5116279069767442,0.6280790733827847,Surv-VAE
0.009451639867616941,0.9460887949260044,0.09930997742700498,0.6093233371780084,0.09912679009614166,6.0,0.4069767441860465,0.6287707464801506,Surv-VAE
0.007800624828140076,0.9513742071881608,0.06738106434869671,0.6316032295271048,0.09719958446630514,1.0,0.4418604651162791,0.6509733905224925,Surv-VAE
0.007899158734467171,0.9534883720930233,0.04805762743530116,0.5440984236831988,0.09081512944733902,2.0,0.4418604651162791,0.6177755873942267,Surv-VAE
0.006245821519558459,0.9577167019027485,0.06234564261216043,0.6344482891195694,0.09480024793153372,1.0,0.5,0.6374566027905793,Surv-VAE
0.008815544112780538,0.9397463002114166,0.10960135113631765,0.5676086120722799,0.10579396678809384,2.0,0.4186046511627907,0.6000169303596948,Surv-VAE
0.008738158509792896,0.9471458773784356,0.10163368470590795,0.5909073433294887,0.09291669313795663,6.0,0.5,0.615730115900482,Surv-VAE
0.007333180264269967,0.9556025369978859,0.046345246190090006,0.5376778162245289,0.12278569137430594,3.0,0.5232558139534884,0.6329422498843857,Surv-VAE
0.006962996705815203,0.952431289640592,0.05275276485488739,0.5724529027297194,0.13562637076477915,3.0,0.47674418604651164,0.6381826725583087,Surv-VAE
0.006940378931776223,0.9460887949260042,0.11442815863159976,0.5430988081507113,0.09845240032226213,1.0,0.45348837209302323,0.6144373796952961,Surv-VAE
0.007823232270740174,0.9471458773784356,0.11778788554936329,0.5678585159554017,0.09245890582125753,4.0,0.5348837209302325,0.6330655165949924,Surv-VAE
0.006967073802038665,0.9513742071881608,0.07615911547461675,0.5258169934640524,0.10362975324932759,1.0,0.43023255813953487,0.6027500740486377,Surv-VAE
0.00952098449544272,0.9397463002114165,0.09052856716520577,0.6477893118031526,0.09404056646035187,7.0,0.4069767441860465,0.6210388753015027,Surv-VAE
0.005662925202252098,0.963002114164905,0.038196714526200895,0.6216455209534795,0.09438475863780697,1.0,0.4418604651162791,0.6126250338226855,Surv-VAE
0.00836974810121182,0.9471458773784356,0.11658903688395404,0.47425990003844676,0.10934210704533419,1.0,0.5116279069767442,0.6013368359114905,Surv-VAE
0.009196625204439523,0.9429175475687104,0.11027150016998814,0.6121876201460976,0.08928142235193193,7.0,0.47674418604651164,0.6189109933243331,Surv-VAE
0.009894077254768586,0.9482029598308668,0.07646391875705258,0.5571703191080355,0.15509212457038077,1.0,0.4883720930232558,0.6215133094013997,Surv-VAE
0.010865381372997397,0.9302325581395349,0.11830631485023835,0.6579969242599001,0.16690293838073003,1.0,0.4418604651162791,0.6224118718993843,Surv-VAE
0.007407023866661203,0.9524312896405921,0.0724062035023059,0.5196078431372549,0.11131223500488407,2.0,0.47674418604651164,0.6502113158369659,Surv-VAE
0.006713163631889633,0.9556025369978859,0.06637102157591972,0.6393118031526336,0.09403469941852385,1.0,0.43023255813953487,0.641113206245921,Surv-VAE
0.007044479719960922,0.9545454545454547,0.10230590380162857,0.5153787004998078,0.09429889281072826,7.0,0.46511627906976744,0.6200466716381791,Surv-VAE
0.007406987548853051,0.9534883720930233,0.08645403835517654,0.5317377931564782,0.09176846088216925,5.0,0.47674418604651164,0.6276849830134137,Surv-VAE
0.009104998148260428,0.9471458773784356,0.06814445240787281,0.5402921953094963,0.10508383266530105,4.0,0.5116279069767442,0.642459155070086,Surv-VAE
0.008691456386274533,0.9524312896405921,0.030266531035196914,0.48246828143021914,0.09708363624765094,3.0,0.4418604651162791,0.6452680033242757,Surv-VAE
0.007837563257976167,0.9577167019027485,0.03054282840237597,0.5601499423298731,0.13683706369169235,2.0,0.4186046511627907,0.6370699259585029,Surv-VAE
0.007269604788684428,0.9524312896405921,0.07133359550140753,0.5932333717800846,0.1254034356241063,3.0,0.5465116279069767,0.6073993183198632,Surv-VAE
0.007392600738132704,0.9587737843551797,0.03564531498463008,0.4935409457900807,0.16314114156888057,4.0,0.6162790697674418,0.6267481367794313,Surv-VAE
0.007717834017402427,0.9482029598308668,0.061084393293270256,0.5311610918877354,0.10177592855682883,2.0,0.47674418604651164,0.5886478980233386,Surv-VAE
0.008201115192587831,0.9513742071881608,0.07662552169986331,0.6154171472510572,0.08880976261987218,1.0,0.47674418604651164,0.6422953690737385,Surv-VAE
0.007096002541237145,0.9513742071881608,0.06500984339918847,0.5138216070742022,0.10206751761646021,2.0,0.4883720930232558,0.6096728661138373,Surv-VAE
0.00707941452227985,0.9598308668076109,0.05397709699441056,0.5431949250288352,0.11084848050538648,3.0,0.46511627906976744,0.6192246404884422,Surv-VAE
0.007439193561291224,0.9471458773784356,0.08770056711189819,0.5770665128796616,0.14633122444662905,2.0,0.43023255813953487,0.5993841292434867,Surv-VAE
0.006100701043667319,0.9587737843551799,0.08513472371409986,0.49746251441753164,0.0956157474251804,2.0,0.5465116279069767,0.5949911884566123,Surv-VAE
0.007340123605405629,0.9524312896405921,0.07755679962296723,0.5844290657439447,0.10029997856647904,2.0,0.47674418604651164,0.607332063296258,Surv-VAE
0.00675348026157952,0.9556025369978858,0.10869538071691232,0.548000768935025,0.12322482074917941,2.0,0.5116279069767442,0.6111038234074908,Surv-VAE
0.00799345957032965,0.945031712473573,0.08338699562003563,0.52318339100346,0.08563046181784623,1.0,0.47674418604651164,0.646036878833969,Surv-VAE
0.007955610380013139,0.9460887949260042,0.10404926775704712,0.5125720876585927,0.09362723766995218,7.0,0.5116279069767442,0.6094412852450849,Surv-VAE
0.009551152301251763,0.9376321353065539,0.081730054140698,0.5784890426758938,0.13041783593771508,1.0,0.45348837209302323,0.6452626615226152,Surv-VAE
0.0056968155547534585,0.9619450317124737,0.06429159511885936,0.501038062283737,0.12333538166390702,1.0,0.47674418604651164,0.623785828813312,Surv-VAE
0.010005345436430071,0.9460887949260042,0.07028250897764608,0.590965013456363,0.09480451264323157,2.0,0.46511627906976744,0.5963879737526285,Surv-VAE
0.007107501577731307,0.9630021141649049,0.025371227244925593,0.5367935409457901,0.08851540027470443,3.0,0.5348837209302325,0.5978519517575867,Surv-VAE
0.006558354362007259,0.9556025369978859,0.05482314488356219,0.5340445982314495,0.16010127793746795,4.0,0.6162790697674418,0.6122039426629418,Surv-VAE
0.006506452889930406,0.9524312896405921,0.058829297322470844,0.5277393310265283,0.1099467726417378,4.0,0.5581395348837209,0.6092170744505933,Surv-VAE
0.008639855990332415,0.9503171247357294,0.08843024933079664,0.5030372933487121,0.11289912697753458,2.0,0.5813953488372093,0.5971090520611763,Surv-VAE
0.006186056526163136,0.9513742071881608,0.08464989999027632,0.5617070357554786,0.10396706008031524,1.0,0.4186046511627907,0.6168875005079659,Surv-VAE
0.009933049630427376,0.9471458773784356,0.06755891377956826,0.515128796616686,0.09032338879544587,1.0,0.5348837209302325,0.5968497175437688,Surv-VAE
0.00797648606738354,0.9513742071881608,0.06579025061175242,0.5328335255670896,0.1202291252610913,3.0,0.4418604651162791,0.6357536340520178,Surv-VAE
0.006138508532550491,0.9598308668076109,0.048563227397195353,0.6024990388312188,0.09970546512680593,2.0,0.37209302325581395,0.6166080303595989,Surv-VAE
0.010703019535591623,0.9291754756871037,0.08239534789039474,0.5760092272202999,0.09281037843949769,1.0,0.5348837209302325,0.608765936377787,Surv-VAE
0.0061694502409578265,0.9577167019027485,0.07796585654473999,0.5328527489427144,0.0972615951888753,7.0,0.4883720930232558,0.6352984295570783,Surv-VAE
0.009773430286222965,0.9460887949260044,0.06072305311206004,0.5735870818915801,0.0989686436382651,2.0,0.5232558139534884,0.6440714765170417,Surv-VAE
0.006502789985386529,0.9587737843551797,0.03575754942821456,0.4999615532487505,0.10476659459396562,2.0,0.47674418604651164,0.630947053807354,Surv-VAE
0.013250126477604535,0.9228329809725158,0.07491559579337857,0.6696655132641292,0.1508296560409607,4.0,0.4883720930232558,0.6990470131501749,HI-VAE_weibull_diffusion
0.009612798059606138,0.9439746300211418,0.05956975528547161,0.543675509419454,0.16959781994544487,6.0,0.46511627906976744,0.719927912169946,HI-VAE_weibull_diffusion
0.010853161429179742,0.9355179704016915,0.05226918318397018,0.5833141099577086,0.14646195741419948,3.0,0.5116279069767442,0.7036944335413647,HI-VAE_weibull_diffusion
0.008305205798257,0.9566596194503171,0.056229585993217604,0.5345251826220685,0.09601075036841139,2.0,0.4418604651162791,0.7263930295226345,HI-VAE_weibull_diffusion
0.011154342793314294,0.9418604651162792,0.035750529439990165,0.4433294886582083,0.10989467297794364,5.0,0.5116279069767442,0.7219682928028369,HI-VAE_weibull_diffusion
0.01115667086083932,0.9365750528541225,0.07789976581052446,0.6153018069973087,0.13780633407882473,8.0,0.5581395348837209,0.6934304354242239,HI-VAE_weibull_diffusion
0.007181258814590749,0.9577167019027485,0.04960625568471775,0.4773548635140331,0.0966751834190338,4.0,0.5116279069767442,0.6989002321358667,HI-VAE_weibull_diffusion
0.009801233753729965,0.949260042283298,0.0561209449484486,0.5656286043829295,0.17401027543255385,9.0,0.45348837209302323,0.7270943986465748,HI-VAE_weibull_diffusion
0.009260016910935441,0.9460887949260044,0.05333534170646895,0.5333717800845829,0.20637797554345366,7.0,0.47674418604651164,0.6911437099458299,HI-VAE_weibull_diffusion
0.010480748427500748,0.9418604651162792,0.041029037415487656,0.5551903114186851,0.12258799813269976,3.0,0.5116279069767442,0.7197015362441547,HI-VAE_weibull_diffusion
0.007817136704785926,0.9482029598308668,0.021446526887608144,0.45770857362552864,0.11516237242516607,4.0,0.5465116279069767,0.7088114753087063,HI-VAE_weibull_diffusion
0.011828568502335645,0.9344608879492601,0.03487442072788823,0.5060745866974241,0.22904432103689817,5.0,0.5232558139534884,0.6880078603653518,HI-VAE_weibull_diffusion
0.011104250225861702,0.9386892177589853,0.07350872407350514,0.3540561322568243,0.24292097014382336,7.0,0.5930232558139535,0.6851573015762835,HI-VAE_weibull_diffusion
0.007870238350690997,0.9545454545454546,0.04848022267652557,0.4368704344482891,0.15271437525074497,8.0,0.4883720930232558,0.6919197945603018,HI-VAE_weibull_diffusion
0.010189015346708574,0.945031712473573,0.03168395506029101,0.49723183391003456,0.1070951414445791,5.0,0.5232558139534884,0.6892041859511365,HI-VAE_weibull_diffusion
0.012111814604668331,0.9344608879492601,0.08027617082495962,0.5682814302191465,0.10984386472272836,5.0,0.4186046511627907,0.705150836771399,HI-VAE_weibull_diffusion
0.008352507807597975,0.9482029598308668,0.046158699514548436,0.53760092272203,0.17845808160092208,7.0,0.46511627906976744,0.6977211041928403,HI-VAE_weibull_diffusion
0.00906233518047521,0.945031712473573,0.05490434614139166,0.5689734717416378,0.22709765962875503,5.0,0.45348837209302323,0.7129289181116288,HI-VAE_weibull_diffusion
0.011410499187931472,0.9334038054968289,0.06438241711673083,0.49407920030757396,0.1052755741608302,4.0,0.5,0.6874100985126299,HI-VAE_weibull_diffusion
0.010966204838035063,0.9323467230443977,0.06880717841183225,0.49607843137254903,0.24654247942938373,7.0,0.37209302325581395,0.6848920437111404,HI-VAE_weibull_diffusion
0.014530529941713626,0.915433403805497,0.1209868185383596,0.5251826220684352,0.26946565440548276,9.0,0.5465116279069767,0.6967541738958444,HI-VAE_weibull_diffusion
0.010401821850530204,0.9386892177589853,0.06611887834558977,0.47208765859284885,0.17657015140876609,7.0,0.5116279069767442,0.6836281126434415,HI-VAE_weibull_diffusion
0.010784099019096167,0.9334038054968287,0.09335952875379033,0.5184159938485198,0.20982788648549436,6.0,0.5348837209302325,0.677053257722537,HI-VAE_weibull_diffusion
0.006332717725046789,0.9619450317124737,0.023361985464156174,0.5045751633986928,0.10750421812111276,4.0,0.5348837209302325,0.6885371138922063,HI-VAE_weibull_diffusion
0.011310293793254298,0.9344608879492601,0.05651185256013034,0.5024221453287198,0.3015427330795244,5.0,0.5,0.7272157278337712,HI-VAE_weibull_diffusion
0.01102893354144319,0.9386892177589853,0.03780060266947648,0.48619761630142255,0.11937741153045978,7.0,0.5232558139534884,0.730776343931071,HI-VAE_weibull_diffusion
0.008681203462925615,0.9513742071881608,0.02671025434827103,0.552633602460592,0.156411648750514,6.0,0.5,0.6865956516904718,HI-VAE_weibull_diffusion
0.008125575967630163,0.9534883720930233,0.032766224100008755,0.48742791234140714,0.16423045321163848,7.0,0.4883720930232558,0.690336061340271,HI-VAE_weibull_diffusion
0.0114628489920857,0.9439746300211418,0.03692540049445769,0.5284505959246444,0.16309109501191996,5.0,0.4418604651162791,0.7233845409759945,HI-VAE_weibull_diffusion
0.01123862390402647,0.9323467230443975,0.07822327989744404,0.561361014994233,0.14888453252203748,7.0,0.45348837209302323,0.6935586604281881,HI-VAE_weibull_diffusion
0.010740302488394707,0.945031712473573,0.03810747802430621,0.51760861207228,0.08823968163285802,2.0,0.5,0.6937284389881503,HI-VAE_weibull_diffusion
0.008602147819382013,0.945031712473573,0.04363750596220685,0.49092656670511337,0.13523672268232975,6.0,0.5465116279069767,0.7016312237576623,HI-VAE_weibull_diffusion
0.008628270469011694,0.945031712473573,0.05821279147538195,0.3948673587081892,0.1703533658998375,8.0,0.5348837209302325,0.6883355624554914,HI-VAE_weibull_diffusion
0.011021399040036005,0.9386892177589853,0.06649317615257816,0.5098039215686275,0.16837389935001076,5.0,0.4883720930232558,0.6734183554524265,HI-VAE_weibull_diffusion
0.01037659944212268,0.9450317124735729,0.036007736794162803,0.41983852364475205,0.12587629073725798,3.0,0.5348837209302325,0.6955770183644647,HI-VAE_weibull_diffusion
0.010182404162956566,0.9397463002114165,0.06135678802880861,0.5229142637447136,0.08841032993352825,4.0,0.4069767441860465,0.7211698372511854,HI-VAE_weibull_diffusion
0.007862688500514586,0.9460887949260042,0.04502333538046191,0.41138023836985776,0.08776224689474392,3.0,0.5232558139534884,0.6960330984459693,HI-VAE_weibull_diffusion
0.012573500674482301,0.9249471458773784,0.06258629311196887,0.5064206074586697,0.22625479957572608,6.0,0.47674418604651164,0.719939038547402,HI-VAE_weibull_diffusion
0.009613231162276139,0.9471458773784356,0.027549469297117806,0.47227989234909645,0.12348347394646,5.0,0.5232558139534884,0.7021033997243604,HI-VAE_weibull_diffusion
0.011213237161297044,0.9376321353065541,0.04502668127880121,0.5790465205690118,0.1566677736030232,3.0,0.46511627906976744,0.7036312062207822,HI-VAE_weibull_diffusion
0.010951947334240129,0.9397463002114165,0.042537703313314516,0.49388696655132647,0.10607890275843147,3.0,0.4186046511627907,0.6642019306604482,HI-VAE_weibull_diffusion
0.008774218836099872,0.9534883720930233,0.031345636358800354,0.5288350634371396,0.11357136173241522,6.0,0.5930232558139535,0.6872400191472073,HI-VAE_weibull_diffusion
0.011766754703285004,0.9439746300211417,0.05805457466704439,0.4361399461745483,0.16576900597587121,3.0,0.5697674418604651,0.7077315869658923,HI-VAE_weibull_diffusion
0.010647077718704339,0.9365750528541227,0.053576378553094765,0.5317954632833526,0.09405165600689046,7.0,0.4883720930232558,0.7067336093791268,HI-VAE_weibull_diffusion
0.01101134667846296,0.9334038054968289,0.04664597250311501,0.5713187235678585,0.09855156834009898,2.0,0.5813953488372093,0.7058967913958843,HI-VAE_weibull_diffusion
0.011620683245501801,0.9429175475687106,0.04548542072579941,0.5267589388696655,0.14963917950065322,4.0,0.5697674418604651,0.6999741351430356,HI-VAE_weibull_diffusion
0.010713274682458652,0.9397463002114165,0.0429247215047491,0.4853902345251826,0.10224704347431209,5.0,0.5697674418604651,0.6841935588453514,HI-VAE_weibull_diffusion
0.010096508769875253,0.9492600422832982,0.05185220193368545,0.46582083813917724,0.1388064276472065,3.0,0.5,0.7125932520121157,HI-VAE_weibull_diffusion
0.009599654126749867,0.9418604651162792,0.06548782421475663,0.5151480199923106,0.1297448061813798,5.0,0.5348837209302325,0.6993011845500672,HI-VAE_weibull_diffusion
0.01095489170834555,0.9376321353065539,0.04365150620396954,0.3685505574778931,0.19740052147497278,6.0,0.5581395348837209,0.7009564611428791,HI-VAE_weibull_diffusion
0.006590183522750817,0.9566596194503171,0.03350842846565495,0.5311418685121108,0.12601496038564183,5.0,0.5,0.7020800202212857,HI-VAE_weibull_diffusion
0.011176896805742643,0.9334038054968289,0.04652824782962655,0.5635909265667052,0.1760973144457012,6.0,0.45348837209302323,0.7165210489971888,HI-VAE_weibull_diffusion
0.009289277603309769,0.945031712473573,0.027862684363853224,0.515840061514802,0.21752715492585012,5.0,0.47674418604651164,0.6883000221729845,HI-VAE_weibull_diffusion
0.008979548369390794,0.948202959830867,0.03853626921745802,0.5175701653210304,0.10191832862501489,2.0,0.47674418604651164,0.6957061240655669,HI-VAE_weibull_diffusion
0.010626209560008442,0.945031712473573,0.06603126901684712,0.5528642829680892,0.21142174127836152,6.0,0.5116279069767442,0.6972098399264692,HI-VAE_weibull_diffusion
0.010271210904301399,0.9460887949260044,0.032989600590341436,0.6202229911572472,0.19773449685898342,8.0,0.4883720930232558,0.7022712063768755,HI-VAE_weibull_diffusion
0.009111427870829622,0.9439746300211417,0.11047619497333927,0.46316801230296045,0.274922337579395,9.0,0.5116279069767442,0.6880255822940812,HI-VAE_weibull_diffusion
0.011184548904821139,0.9429175475687106,0.06845037402722923,0.5461745482506728,0.08843926086426813,3.0,0.4186046511627907,0.7289990497289344,HI-VAE_weibull_diffusion
0.013669619769013796,0.9334038054968287,0.09347351452199934,0.5465205690119185,0.09059578830719521,5.0,0.5232558139534884,0.7261571481682595,HI-VAE_weibull_diffusion
0.009428311766136137,0.9439746300211418,0.03152753155816027,0.5087658592848905,0.12725494394617431,5.0,0.5,0.7007476777368812,HI-VAE_weibull_diffusion
0.007806557505538623,0.9492600422832982,0.054964178609463996,0.37520184544405993,0.2608340621445815,8.0,0.4883720930232558,0.6814527575158528,HI-VAE_weibull_diffusion
0.012186383439562343,0.9344608879492601,0.08853967215877652,0.5139561707035756,0.24894753918609136,8.0,0.46511627906976744,0.6691349368795138,HI-VAE_weibull_diffusion
0.009713339535717557,0.9429175475687104,0.04020138717146069,0.5417916186082277,0.14386026263837923,5.0,0.47674418604651164,0.6986574318485316,HI-VAE_weibull_diffusion
0.010884379638545818,0.9312896405919663,0.05769835127975105,0.4961553248750481,0.14366612241095056,6.0,0.43023255813953487,0.6876330160643181,HI-VAE_weibull_diffusion
0.010817805589292769,0.9408033826638479,0.02914643621481096,0.4307189542483661,0.10445573703508933,4.0,0.5465116279069767,0.69815765495417,HI-VAE_weibull_diffusion
0.010030640146147768,0.9376321353065541,0.0897407897488709,0.4883506343713956,0.10815234669344352,5.0,0.46511627906976744,0.7067323232074799,HI-VAE_weibull_diffusion
0.00922640067882702,0.9545454545454546,0.04469171370437805,0.4892733564013841,0.19457737685043996,7.0,0.5348837209302325,0.6844247973401717,HI-VAE_weibull_diffusion
0.00825962973982415,0.9545454545454547,0.04456310988909936,0.41687812379853906,0.13932067618381408,4.0,0.46511627906976744,0.710684533661432,HI-VAE_weibull_diffusion
0.010038702265967035,0.9355179704016915,0.06979702732431291,0.48858131487889267,0.11483204671323179,6.0,0.5,0.7067815991085207,HI-VAE_weibull_diffusion
0.005356455747241914,0.9640591966173361,0.03923975011997806,0.42795078815840065,0.11472624830879428,8.0,0.5,0.7122787309518823,HI-VAE_weibull_diffusion
0.008997625465451665,0.9439746300211417,0.05281341755916405,0.5389465590157632,0.1715208728872949,6.0,0.45348837209302323,0.7224878508404727,HI-VAE_weibull_diffusion
0.006674823042086071,0.9587737843551797,0.026932088220608323,0.4687043444828912,0.11312799065540773,6.0,0.4418604651162791,0.7163026657497288,HI-VAE_weibull_diffusion
0.009487800787369004,0.9439746300211418,0.06921226900086071,0.48458285274894275,0.1714801420037403,3.0,0.4418604651162791,0.6953139749810759,HI-VAE_weibull_diffusion
0.01007960191579993,0.948202959830867,0.036075305881020765,0.43767781622452906,0.1704921752825102,4.0,0.5,0.6907140918337354,HI-VAE_weibull_diffusion
0.010768954086149203,0.9397463002114166,0.051632706102629884,0.4569396386005383,0.13664823407836926,7.0,0.5,0.7052042337305225,HI-VAE_weibull_diffusion
0.010322035049805849,0.9386892177589853,0.07039609946614425,0.4920415224913495,0.18072035088982974,6.0,0.46511627906976744,0.6977427981555426,HI-VAE_weibull_diffusion
0.01301179931313955,0.927061310782241,0.1494951445440464,0.5743944636678201,0.2225765257314464,7.0,0.47674418604651164,0.7134844854290308,HI-VAE_weibull_diffusion
0.011402409416790495,0.9397463002114165,0.046662000090885176,0.596155324875048,0.12199497593488644,7.0,0.47674418604651164,0.6999202072851112,HI-VAE_weibull_diffusion
0.008470067241745559,0.9503171247357294,0.053749153322448194,0.45747789311803155,0.09327160844668633,3.0,0.5232558139534884,0.7259477985714243,HI-VAE_weibull_diffusion
0.01049664406839088,0.9376321353065539,0.040089353369196175,0.514878892733564,0.17116086247102313,7.0,0.5232558139534884,0.6867033686032222,HI-VAE_weibull_diffusion
0.014584856468475195,0.9238900634249472,0.053749280210577434,0.5232602845059592,0.10643801168080695,5.0,0.45348837209302323,0.7189006607439453,HI-VAE_weibull_diffusion
0.010671947051920545,0.9397463002114165,0.0709701880172013,0.579930795847751,0.08538830658465192,5.0,0.45348837209302323,0.6724839936406077,HI-VAE_weibull_diffusion
0.011818504005307163,0.9376321353065539,0.10069078662584853,0.4945021145713187,0.16802097444291886,10.0,0.5465116279069767,0.6901746528360229,HI-VAE_weibull_diffusion
0.007624571757176513,0.9545454545454546,0.026608442671834653,0.5141099577085736,0.1484282053744413,3.0,0.5465116279069767,0.7136317032617999,HI-VAE_weibull_diffusion
0.011020361561796975,0.9418604651162792,0.06266683806486395,0.4537101114955786,0.38212642649540407,7.0,0.46511627906976744,0.6846666171004212,HI-VAE_weibull_diffusion
0.00995438237256687,0.9429175475687104,0.06296030870177569,0.5603229527104959,0.10384047076388901,6.0,0.5116279069767442,0.7189262395217759,HI-VAE_weibull_diffusion
0.010400129294473365,0.9386892177589853,0.028580140011516746,0.45378700499807767,0.09541831311944265,2.0,0.43023255813953487,0.6844863615763536,HI-VAE_weibull_diffusion
0.012300698907092062,0.9281183932346724,0.08164798969026008,0.5394079200307574,0.08933325826001055,17.0,0.38372093023255816,0.6999439901667306,HI-VAE_weibull_diffusion
0.00968477346687034,0.945031712473573,0.035367394233365636,0.5372164552095348,0.09812714736711765,2.0,0.5348837209302325,0.7063380060770802,HI-VAE_weibull_diffusion
0.010339547542425869,0.9439746300211418,0.06337236226890545,0.45505574778931185,0.20636617217981384,7.0,0.46511627906976744,0.6956582962854078,HI-VAE_weibull_diffusion
0.010798702805165266,0.9439746300211418,0.06085859143159189,0.5341791618608227,0.10171139834371912,7.0,0.4418604651162791,0.6849496433622168,HI-VAE_weibull_diffusion
0.009286398628704643,0.9418604651162791,0.0763079218596651,0.44928873510188383,0.23652740514585682,8.0,0.4883720930232558,0.6760490361600235,HI-VAE_weibull_diffusion
0.008043236373503558,0.952431289640592,0.05076911296421646,0.5275663206459054,0.2636358147766968,9.0,0.5581395348837209,0.6926443383632591,HI-VAE_weibull_diffusion
0.009628780518716955,0.9439746300211418,0.09180562869454707,0.5475586312956555,0.136468173257372,9.0,0.5348837209302325,0.7223343163999072,HI-VAE_weibull_diffusion
0.01244865011804281,0.9355179704016913,0.05107326350138374,0.5113802383698578,0.11090469970053837,2.0,0.4883720930232558,0.7045495048011468,HI-VAE_weibull_diffusion
0.008925225205820533,0.9524312896405921,0.04669087700996995,0.49261822376009234,0.0847566705993073,1.0,0.47674418604651164,0.698374893512912,HI-VAE_weibull_diffusion
0.009398023195672445,0.945031712473573,0.07100030185874398,0.568473663975394,0.1504202351375733,6.0,0.45348837209302323,0.7022903786880411,HI-VAE_weibull_diffusion
0.00939338969590977,0.9439746300211418,0.04320557597084448,0.4983852364475202,0.11307406381139802,4.0,0.5232558139534884,0.6756277556074135,HI-VAE_weibull_diffusion
0.00766851682196846,0.9524312896405921,0.044809847066678093,0.539196462898885,0.12189864318627495,5.0,0.5,0.6984297988047025,HI-VAE_weibull_diffusion
0.013027146963082008,0.9312896405919662,0.046714255508607194,0.46639753940792,0.11064431147948714,6.0,0.5930232558139535,0.7061850152331766,HI-VAE_weibull_diffusion
0.011268097675727638,0.9334038054968287,0.043543465912159726,0.5489811610918877,0.1506961480440851,6.0,0.45348837209302323,0.706728661672067,HI-VAE_weibull_diffusion
0.011545557450496962,0.927061310782241,0.10303454975210834,0.5161668589004229,0.13244738105808146,6.0,0.47674418604651164,0.709534932752154,HI-VAE_weibull_diffusion
0.013322456958237104,0.9302325581395349,0.06773417887432406,0.578950403690888,0.11644249144839942,5.0,0.5,0.6933268488359491,HI-VAE_weibull_diffusion
0.011718696767466431,0.9334038054968287,0.06104822277992612,0.4827374086889658,0.10083908012173737,8.0,0.47674418604651164,0.7167501997518676,HI-VAE_weibull_diffusion
0.01096887926900688,0.9365750528541227,0.04555999015727847,0.4849288735101885,0.17441258831546264,6.0,0.46511627906976744,0.7264763618692209,HI-VAE_weibull_diffusion
0.010135062538179663,0.9334038054968289,0.09032334956731783,0.5710880430603613,0.2548391687856264,9.0,0.4418604651162791,0.691970213709503,HI-VAE_weibull_diffusion
0.014303817949056219,0.9164904862579281,0.14078032694577836,0.5725874663590927,0.23306049568050732,6.0,0.46511627906976744,0.6985497968810638,HI-VAE_weibull_diffusion
0.00837657089231039,0.9492600422832982,0.05346222670689956,0.5096885813148789,0.16946365170295374,4.0,0.5,0.7016881274535886,HI-VAE_weibull_diffusion
0.008759212422032103,0.952431289640592,0.030361397910563404,0.44309880815071134,0.11209825763382741,5.0,0.5116279069767442,0.7013158292837982,HI-VAE_weibull_diffusion
0.01095363703432546,0.9365750528541227,0.06184210758259511,0.5302960399846213,0.10449940475670037,1.0,0.46511627906976744,0.693472622147843,HI-VAE_weibull_diffusion
0.009399374880774844,0.945031712473573,0.04606285637455433,0.4306805074971165,0.16111692290992943,7.0,0.5581395348837209,0.7289840030850865,HI-VAE_weibull_diffusion
0.011034623304048054,0.9408033826638479,0.03626556027518628,0.5818915801614765,0.13813244122516313,4.0,0.47674418604651164,0.7028896822051861,HI-VAE_weibull_diffusion
0.007664724307920267,0.9556025369978859,0.04342765876217363,0.4755094194540561,0.17364096301652132,7.0,0.5116279069767442,0.688834448770965,HI-VAE_weibull_diffusion
0.008085533058119902,0.952431289640592,0.04147054984344142,0.4671280276816609,0.14026610675156023,4.0,0.46511627906976744,0.688792285770727,HI-VAE_weibull_diffusion
0.006677144453203602,0.9566596194503173,0.09948526285059846,0.4431372549019608,0.18296285271217846,9.0,0.4883720930232558,0.710505825904789,HI-VAE_weibull_diffusion
0.011128880578903367,0.9365750528541227,0.07879553211418114,0.5497116493656286,0.13170188957472695,9.0,0.43023255813953487,0.7029437166220284,HI-VAE_weibull_diffusion
0.00863865567441876,0.9503171247357294,0.05828109503873762,0.3943867743175702,0.1889321273158868,8.0,0.5697674418604651,0.6882748261111817,HI-VAE_weibull_diffusion
0.011692660195096129,0.9344608879492601,0.02777595350791585,0.5565167243367934,0.15628461442414956,8.0,0.46511627906976744,0.691596441438096,HI-VAE_weibull_diffusion
0.009229372134100723,0.9429175475687103,0.07311180274585706,0.5400999615532488,0.20697529354170033,7.0,0.45348837209302323,0.6989797570949472,HI-VAE_weibull_diffusion
0.010812730926799281,0.9376321353065541,0.049994728782499845,0.46320645905420993,0.29406939270445687,9.0,0.5348837209302325,0.7246963786797481,HI-VAE_weibull_diffusion
0.008072473286365034,0.9566596194503171,0.048993176113203016,0.48573625528642833,0.12034821089113587,4.0,0.5,0.6920860169053876,HI-VAE_weibull_diffusion
0.010008926004353682,0.9418604651162792,0.05235610429611995,0.4924259900038447,0.19823363383026094,7.0,0.5348837209302325,0.7183822622420637,HI-VAE_weibull_diffusion
0.010597600341557475,0.9492600422832982,0.035382995388061535,0.4617839292579776,0.14153229570619935,7.0,0.5116279069767442,0.6872823603137757,HI-VAE_weibull_diffusion
0.010271872842984576,0.945031712473573,0.06969606424555105,0.5576316801230297,0.1376060133420927,7.0,0.5697674418604651,0.7228100349252115,HI-VAE_weibull_diffusion
0.008854572569430908,0.9471458773784356,0.027188208482491604,0.4920799692425991,0.1463936588958186,5.0,0.5697674418604651,0.6964052533598735,HI-VAE_weibull_diffusion
0.010865604377594656,0.9376321353065539,0.03423790583496498,0.48250672818146867,0.1603907493845562,6.0,0.5,0.7146145274952322,HI-VAE_weibull_diffusion
0.009578082655175206,0.9408033826638477,0.07309272192161678,0.5263360246059208,0.31667160707690556,7.0,0.43023255813953487,0.7076550167828772,HI-VAE_weibull_diffusion
0.009139274697018626,0.9429175475687104,0.07650925465705766,0.5840061514801999,0.1244961255669122,5.0,0.4883720930232558,0.709235362649395,HI-VAE_weibull_diffusion
0.011691167345001436,0.9312896405919662,0.06220507926727998,0.5179546328335256,0.12588071328781983,6.0,0.47674418604651164,0.7211618720225544,HI-VAE_weibull_diffusion
0.008162835937580121,0.9503171247357295,0.04941960417185762,0.5109188773548634,0.11176696645106876,3.0,0.5116279069767442,0.7188765677715718,HI-VAE_weibull_diffusion
0.009956546403011428,0.945031712473573,0.06748567915425875,0.4954632833525567,0.167251739624865,6.0,0.4883720930232558,0.6815567957305002,HI-VAE_weibull_diffusion
0.011631416540003926,0.9344608879492601,0.0880078202846368,0.47058823529411764,0.10111062259387907,6.0,0.5581395348837209,0.7189202362383016,HI-VAE_weibull_diffusion
0.007143074739303464,0.9545454545454546,0.06556355861234234,0.45382545174932715,0.1978274368052465,7.0,0.5348837209302325,0.7105575693068317,HI-VAE_weibull_diffusion
0.010809436440220472,0.9334038054968287,0.06588954431876815,0.5014225297962323,0.17172233995003885,5.0,0.5465116279069767,0.6941025624072663,HI-VAE_weibull_diffusion
0.008933145594757136,0.9534883720930232,0.041281624276149065,0.492079969242599,0.10478441485998954,6.0,0.4883720930232558,0.7034958968283072,HI-VAE_weibull_diffusion
0.010850908848180154,0.9418604651162791,0.03264744175432892,0.5815840061514802,0.0853820660960585,3.0,0.43023255813953487,0.7257821005300089,HI-VAE_weibull_diffusion
0.010316274468482321,0.9408033826638479,0.060310739407282446,0.5212802768166089,0.1263678648938163,3.0,0.5232558139534884,0.7210120032901257,HI-VAE_weibull_diffusion
0.010141248368544296,0.9460887949260044,0.0532853503440982,0.5301806997308728,0.1628118490850902,4.0,0.5232558139534884,0.6754159229739285,HI-VAE_weibull_diffusion
0.009833387469294625,0.9429175475687104,0.035402502564458906,0.5765474817377931,0.1409163968207689,3.0,0.5465116279069767,0.6967577770198848,HI-VAE_weibull_diffusion
0.012281554847248464,0.9334038054968289,0.07544566554696289,0.5001153402537486,0.13818391102585137,6.0,0.5116279069767442,0.7045351672393145,HI-VAE_weibull_diffusion
0.010769313987145255,0.9365750528541228,0.04432125907021278,0.5195309496347559,0.3208206151561707,5.0,0.43023255813953487,0.7240992988437293,HI-VAE_weibull_diffusion
0.010032843595310663,0.9429175475687103,0.034245758755630386,0.5308342945021145,0.10857524001094201,6.0,0.5232558139534884,0.7031393609435014,HI-VAE_weibull_diffusion
0.0114646805980132,0.9355179704016913,0.03284603603674112,0.5131103421760861,0.1845233451870354,7.0,0.5465116279069767,0.7214527246487867,HI-VAE_weibull_diffusion
0.01086747133830025,0.9355179704016913,0.08473083181268834,0.5253748558246828,0.08337511492777061,4.0,0.43023255813953487,0.7115851233541189,HI-VAE_weibull_diffusion
0.008584115042347087,0.945031712473573,0.05469957502166786,0.585351787773933,0.2121700174846148,7.0,0.4069767441860465,0.6941975047298119,HI-VAE_weibull_diffusion
0.01122659753929993,0.9312896405919662,0.029107022073758003,0.55440215301807,0.17069294613413594,5.0,0.4883720930232558,0.7171817792409406,HI-VAE_weibull_diffusion
0.010668915004156725,0.9334038054968289,0.09002528624665025,0.588312187620146,0.29435989439886795,9.0,0.5116279069767442,0.6937321323197236,HI-VAE_weibull_diffusion
0.01058754607513418,0.9408033826638479,0.04258745372012951,0.491676278354479,0.14033214764952692,4.0,0.5581395348837209,0.6957763525517672,HI-VAE_weibull_diffusion
0.009470978602499016,0.9429175475687104,0.03805040198616786,0.5360630526720492,0.15972908336674785,4.0,0.47674418604651164,0.7104693978969154,HI-VAE_weibull_diffusion
0.010772591187879375,0.9334038054968289,0.06789098383767081,0.5682814302191466,0.15288394969582522,7.0,0.627906976744186,0.691591278241613,HI-VAE_weibull_diffusion
0.008189102196433486,0.9482029598308668,0.04127988530380526,0.4681276432141484,0.1487433277762943,6.0,0.45348837209302323,0.6878594946643332,HI-VAE_weibull_diffusion
0.010970718702253537,0.9376321353065541,0.05303323459936582,0.5817377931564781,0.13268623130512472,5.0,0.4883720930232558,0.6968266932388469,HI-VAE_weibull_diffusion
0.009771136458751838,0.9376321353065539,0.05224963442353579,0.4934640522875817,0.11005086271130225,6.0,0.47674418604651164,0.6977182172843592,HI-VAE_weibull_diffusion
0.009967055958159048,0.9429175475687103,0.03026473812611859,0.5380238369857747,0.12623031895589756,2.0,0.47674418604651164,0.6961787683080471,HI-VAE_weibull_diffusion
0.011163038990259383,0.9386892177589853,0.04798534781644616,0.6186851211072664,0.09323761847487616,4.0,0.5232558139534884,0.7006941056038404,HI-VAE_weibull_diffusion
0.009297761532268169,0.9513742071881608,0.044271219034595646,0.4956555171088043,0.304818630172083,6.0,0.5,0.6927438408449116,HI-VAE_weibull_diffusion
0.00978823738776714,0.945031712473573,0.057265711364534594,0.4755094194540561,0.13856863796852895,6.0,0.47674418604651164,0.6964677874352667,HI-VAE_weibull_diffusion
0.009431954279597018,0.949260042283298,0.03971184571262463,0.4932718185313341,0.14854838501283432,6.0,0.46511627906976744,0.6970319674957298,HI-VAE_weibull_diffusion
0.012131187023673863,0.9376321353065539,0.06186766472317142,0.6020761245674742,0.12417179575808678,6.0,0.4883720930232558,0.7354188263937039,HI-VAE_weibull_diffusion
0.010372366937417683,0.9408033826638477,0.07540468860932582,0.40880430603614004,0.14427740795048596,9.0,0.5930232558139535,0.7126198070342386,HI-VAE_weibull_diffusion
0.008594669407826168,0.9471458773784356,0.04372858376928281,0.5306036139946175,0.21436939816875292,5.0,0.45348837209302323,0.673739349032858,HI-VAE_weibull_diffusion
0.012073246430764972,0.9344608879492601,0.05263206462844796,0.5681276432141484,0.1292903115004383,6.0,0.43023255813953487,0.7056534623802913,HI-VAE_weibull_diffusion
0.012741227220786404,0.9281183932346724,0.09845386165060607,0.5837754709727028,0.33088083717701045,10.0,0.5232558139534884,0.7122096727188698,HI-VAE_weibull_diffusion
0.013059131198924394,0.9291754756871036,0.10701957704290187,0.5116878123798538,0.33256228333687887,9.0,0.46511627906976744,0.6963897480968197,HI-VAE_weibull_diffusion
0.012690082143994351,0.9291754756871037,0.0935669282910959,0.5214148404459824,0.17884531058786016,5.0,0.5465116279069767,0.6990875685099178,HI-VAE_weibull_diffusion
0.008644516054318473,0.945031712473573,0.08641725516302166,0.5555747789311802,0.14407353789579566,8.0,0.4883720930232558,0.7180044024781831,HI-VAE_weibull_diffusion
0.008658490443795068,0.9513742071881608,0.0317426742932031,0.495040369088812,0.155596113378646,5.0,0.47674418604651164,0.7046732624898187,HI-VAE_weibull_diffusion
0.009626076046181849,0.9397463002114166,0.02562595128254431,0.447520184544406,0.1936852284605468,7.0,0.5,0.7195312794482742,HI-VAE_weibull_diffusion
0.009224993574576389,0.945031712473573,0.04300571377542755,0.45770857362552864,0.13254184660037568,6.0,0.5,0.7086066983248263,HI-VAE_weibull_diffusion
0.009887088722724363,0.9460887949260044,0.034386377888515555,0.5164552095347943,0.13121181003389826,4.0,0.5697674418604651,0.6950074127722771,HI-VAE_weibull_diffusion
0.012215360216632326,0.9397463002114166,0.03124598032084905,0.5703575547866204,0.13118214759668329,6.0,0.4069767441860465,0.7054906807086269,HI-VAE_weibull_diffusion
0.009426712710566446,0.9429175475687104,0.12144203256272579,0.4343713956170704,0.16689157457174125,7.0,0.4069767441860465,0.7205426993782195,HI-VAE_weibull_diffusion
0.00882379872896168,0.949260042283298,0.0356014734898142,0.45213379469434833,0.1295793027679837,5.0,0.47674418604651164,0.6748762007348873,HI-VAE_weibull_diffusion
0.009177220670036235,0.9376321353065541,0.07076506672443778,0.5439061899269511,0.10341743421221496,2.0,0.45348837209302323,0.7045758720027889,HI-VAE_weibull_diffusion
0.01098080486925203,0.9365750528541227,0.14001872149598463,0.5158016147635525,0.2571674146326844,9.0,0.4883720930232558,0.6955217982907044,HI-VAE_weibull_diffusion
0.009461235514600479,0.9471458773784356,0.05609767622626055,0.5108419838523645,0.13969914487396012,8.0,0.5232558139534884,0.7066039184187974,HI-VAE_weibull_diffusion
0.007909020617370512,0.9566596194503173,0.02671537280295401,0.4334871203383314,0.1461191500835198,5.0,0.5348837209302325,0.6974648605862814,HI-VAE_weibull_diffusion
0.008783615506469934,0.9482029598308668,0.04569826627114892,0.5777008842752787,0.15226888978371098,8.0,0.4069767441860465,0.7020081433818531,HI-VAE_weibull_diffusion
0.009668054291221403,0.9418604651162792,0.08358869263440347,0.489119569396386,0.17833515350950435,4.0,0.5,0.6878784529893365,HI-VAE_weibull_diffusion
0.011327809151632656,0.9460887949260042,0.051184539106104626,0.4946559015763169,0.10685284738680502,6.0,0.5116279069767442,0.6901370702292995,HI-VAE_weibull_diffusion
0.010369161343996873,0.9386892177589853,0.02375787023363082,0.5195693963860054,0.10834711427908937,3.0,0.45348837209302323,0.7007975349879736,HI-VAE_weibull_diffusion
0.007975111739903314,0.9598308668076111,0.03533271802914987,0.44778931180315257,0.11932078745991383,3.0,0.46511627906976744,0.6937819412988615,HI-VAE_weibull_diffusion
0.008323570083334805,0.9513742071881608,0.038784426544415176,0.4579777008842753,0.14821512954178342,6.0,0.4883720930232558,0.7230319996518416,HI-VAE_weibull_diffusion
0.009911741422217487,0.9429175475687103,0.06547017216253455,0.4806228373702422,0.09841590454493158,7.0,0.5348837209302325,0.692318269568123,HI-VAE_weibull_diffusion
0.007640560340151095,0.9513742071881608,0.04798561610945667,0.5522491349480968,0.17704515488338002,9.0,0.5232558139534884,0.6966376602020375,HI-VAE_weibull_diffusion
0.008225959682444692,0.9492600422832982,0.043430758699216726,0.49750096116878134,0.13247463334679266,3.0,0.5581395348837209,0.6844318362225703,HI-VAE_weibull_diffusion
0.008442200505091937,0.9566596194503171,0.023114809921401046,0.5641676278354478,0.15021627583997504,5.0,0.5116279069767442,0.6839569295275315,HI-VAE_weibull_diffusion
0.009841166877017866,0.9408033826638479,0.0569876753909405,0.44502114571318724,0.23312573580040596,5.0,0.43023255813953487,0.6855899500297848,HI-VAE_weibull_diffusion
0.013535468991353767,0.927061310782241,0.05795861720367876,0.5166858900422915,0.10765300520827732,5.0,0.5348837209302325,0.6853552919054288,HI-VAE_weibull_diffusion
0.011813831859121614,0.9291754756871037,0.07646706394123044,0.5660515186466744,0.1891274396338218,5.0,0.4883720930232558,0.6860098431342223,HI-VAE_weibull_diffusion
0.007652519195564963,0.9545454545454546,0.030755622286285225,0.39761630142252974,0.1680552498214068,6.0,0.5465116279069767,0.6839787979854554,HI-VAE_weibull_diffusion
0.008779467112958562,0.9492600422832982,0.06984288959086338,0.526566705113418,0.12810221376450545,6.0,0.5232558139534884,0.6928538914361052,HI-VAE_weibull_diffusion
0.008030697595245006,0.9503171247357294,0.0631635070313436,0.49461745482506736,0.12876295154614734,3.0,0.5,0.6937915699930124,HI-VAE_weibull_diffusion
0.010472077928251241,0.9439746300211417,0.060729373813201766,0.46578239138792776,0.09409686160687485,6.0,0.5,0.6891728957354408,HI-VAE_weibull_diffusion
0.008770316191574729,0.9492600422832982,0.024111391700937148,0.46697424067666277,0.1471938283995691,6.0,0.5,0.7046534461041417,HI-VAE_weibull_diffusion
0.008309531108205858,0.9503171247357294,0.02004071829590903,0.469281045751634,0.18216860041524283,5.0,0.5116279069767442,0.6949536705737912,HI-VAE_weibull_diffusion
0.012351930264273432,0.9376321353065539,0.042729148226088996,0.5864282968089196,0.09678336297511378,2.0,0.46511627906976744,0.710129475628655,HI-VAE_weibull_diffusion
0.009837045489194585,0.945031712473573,0.044149943520690245,0.5568627450980392,0.13732468644886145,8.0,0.47674418604651164,0.7404188522031289,HI-VAE_weibull_diffusion
0.008801935345268819,0.9397463002114165,0.08228255224329087,0.45978469819300266,0.2537158970596154,10.0,0.5116279069767442,0.6903809062805695,HI-VAE_weibull_diffusion
0.012337104720429449,0.9281183932346722,0.08522081298439187,0.5155709342560554,0.14653785279375553,6.0,0.43023255813953487,0.6823394065221685,HI-VAE_weibull_diffusion
0.009909988980613543,0.945031712473573,0.025901770008114982,0.5488273740868896,0.13741129997533597,7.0,0.5,0.6542320844801426,HI-VAE_piecewise_diffusion
0.008033105392337531,0.9513742071881608,0.04332418612199562,0.5342945021145713,0.09466037554290985,3.0,0.5,0.6374131680006774,HI-VAE_piecewise_diffusion
0.012823621884118386,0.9323467230443975,0.03266572221383195,0.4903306420607459,0.1625692569867631,5.0,0.5232558139534884,0.6428642777372516,HI-VAE_piecewise_diffusion
0.010966771059767124,0.9418604651162792,0.06309422270273281,0.47946943483275667,0.2361123563750189,8.0,0.5348837209302325,0.6901856411451339,HI-VAE_piecewise_diffusion
0.014677512286508244,0.922832980972516,0.07957234303189026,0.5219530949634755,0.21808281036089103,8.0,0.5116279069767442,0.6588723220772569,HI-VAE_piecewise_diffusion
0.013834895226143921,0.9270613107822411,0.07397640220527227,0.568954248366013,0.1186046300196855,9.0,0.47674418604651164,0.6725915839727228,HI-VAE_piecewise_diffusion
0.011084420030052609,0.9408033826638479,0.02807930544523559,0.547923875432526,0.14571847631364304,8.0,0.5465116279069767,0.6633119802275952,HI-VAE_piecewise_diffusion
0.01005387809215909,0.9503171247357294,0.045985490520130144,0.5209919261822377,0.25759817115990113,9.0,0.5348837209302325,0.6609404020309577,HI-VAE_piecewise_diffusion
0.011491389877437946,0.9376321353065539,0.04017409771435816,0.4480968858131488,0.19352365574121677,7.0,0.5813953488372093,0.6448445267365513,HI-VAE_piecewise_diffusion
0.011162031848654521,0.9408033826638479,0.08497267074508726,0.43433294886582086,0.205002372732487,9.0,0.6511627906976745,0.641296101489703,HI-VAE_piecewise_diffusion
0.00960395081017716,0.9503171247357294,0.01668920658143428,0.4581507112648981,0.23823951218050962,5.0,0.4883720930232558,0.625114548880723,HI-VAE_piecewise_diffusion
0.01184177856621118,0.9365750528541227,0.060552648156472294,0.44063821607074205,0.1199525655656898,6.0,0.5930232558139535,0.6308627272854551,HI-VAE_piecewise_diffusion
0.01068939814277577,0.9418604651162791,0.05964678710422718,0.4620146097654748,0.229803240999136,9.0,0.5,0.6548546432084081,HI-VAE_piecewise_diffusion
0.00980392521046858,0.945031712473573,0.050112002187913035,0.46758938869665523,0.22096693619582822,8.0,0.5348837209302325,0.6613585436653955,HI-VAE_piecewise_diffusion
0.011069818530279078,0.9460887949260042,0.02846866113936228,0.4846597462514418,0.13719133929781802,7.0,0.5581395348837209,0.613914754474449,HI-VAE_piecewise_diffusion
0.011249405483402138,0.9429175475687104,0.04404614366451884,0.5123029603998462,0.13806192921392813,6.0,0.5,0.6485757575746288,HI-VAE_piecewise_diffusion
0.012373810087359483,0.9386892177589854,0.026097819951994082,0.4913879277201076,0.1654129121251092,8.0,0.6162790697674418,0.6737937945615895,HI-VAE_piecewise_diffusion
0.013561518031340912,0.9334038054968289,0.03285951082822611,0.4607458669742407,0.10229942995621115,5.0,0.5465116279069767,0.6388375072046865,HI-VAE_piecewise_diffusion
0.011744443160297597,0.9386892177589853,0.05829750030381399,0.43306420607458673,0.09853266054449664,7.0,0.5,0.6403942721565178,HI-VAE_piecewise_diffusion
0.011561896114930357,0.9418604651162792,0.03519458286257208,0.44256055363321795,0.1562205042895066,4.0,0.5581395348837209,0.6562273139910734,HI-VAE_piecewise_diffusion
0.012653388140281512,0.9334038054968287,0.07061633797264437,0.4557093425605537,0.11408006567577494,5.0,0.45348837209302323,0.6585139892509091,HI-VAE_piecewise_diffusion
0.013769218293150733,0.9270613107822411,0.03968333614744027,0.49108035371011144,0.12748452584000722,4.0,0.5930232558139535,0.6623652407394215,HI-VAE_piecewise_diffusion
0.010127587835795785,0.949260042283298,0.01863783741054518,0.47712418300653603,0.18262544021100313,4.0,0.46511627906976744,0.6543956720723654,HI-VAE_piecewise_diffusion
0.011957740129918924,0.9460887949260044,0.042245845352478176,0.544252210688197,0.22866118205153133,9.0,0.5581395348837209,0.6441988339855642,HI-VAE_piecewise_diffusion
0.012515739614011333,0.9376321353065539,0.03535183202337446,0.5442714340638217,0.1532590486957771,8.0,0.5465116279069767,0.6481434459647077,HI-VAE_piecewise_diffusion
0.012348570718632157,0.9355179704016915,0.05505712264247023,0.4255670895809304,0.1021702119732221,6.0,0.4883720930232558,0.6451829316240234,HI-VAE_piecewise_diffusion
0.009262327817991356,0.9492600422832982,0.024500671033504135,0.4509419454056133,0.20970026881584528,6.0,0.5232558139534884,0.6800472912459788,HI-VAE_piecewise_diffusion
0.010539623863998595,0.9418604651162791,0.07582257091794202,0.3915032679738562,0.212766351430184,10.0,0.5,0.6689492514966493,HI-VAE_piecewise_diffusion
0.012507949563922942,0.9408033826638479,0.045523669185015686,0.43921568627450985,0.18777129868561512,6.0,0.5465116279069767,0.6520563680478778,HI-VAE_piecewise_diffusion
0.011626089548600373,0.9429175475687106,0.035008545454457425,0.35693963860053823,0.11581320422391553,7.0,0.5813953488372093,0.6264423825151236,HI-VAE_piecewise_diffusion
0.012162816098590257,0.9344608879492603,0.026230629607456587,0.4317185697808535,0.11541431958214415,4.0,0.5465116279069767,0.6571973780430046,HI-VAE_piecewise_diffusion
0.009208909445304246,0.9545454545454546,0.024525262876256188,0.5013456362937332,0.1428777382938202,7.0,0.5,0.6357939341151796,HI-VAE_piecewise_diffusion
0.010597287495077433,0.945031712473573,0.04632242398530248,0.4099000384467512,0.10629515570242133,5.0,0.5348837209302325,0.6461309311100405,HI-VAE_piecewise_diffusion
0.011376823309496444,0.9418604651162792,0.03112882077987168,0.46774317570165325,0.2634896017054763,7.0,0.5930232558139535,0.6457724731580464,HI-VAE_piecewise_diffusion
0.012280134564873897,0.9386892177589853,0.04055276854987468,0.5074971164936563,0.2277959219792283,8.0,0.4883720930232558,0.620023244438481,HI-VAE_piecewise_diffusion
0.01139866761133592,0.9418604651162792,0.033064349727477044,0.46312956555171086,0.22009006521132368,8.0,0.6162790697674418,0.6633928564821971,HI-VAE_piecewise_diffusion
0.010340346929040376,0.9471458773784356,0.02387185044923455,0.5029988465974625,0.1530114518784489,7.0,0.5,0.6550388516090451,HI-VAE_piecewise_diffusion
0.013227804092957197,0.9365750528541227,0.03431249349790527,0.5241061130334487,0.2607649317962979,10.0,0.5813953488372093,0.6355318756249719,HI-VAE_piecewise_diffusion
0.011125335201064844,0.9418604651162792,0.03304907454353955,0.38804306036139946,0.16153035890413825,7.0,0.5930232558139535,0.6651279253793454,HI-VAE_piecewise_diffusion
0.011485819104327761,0.9376321353065539,0.08867341364418867,0.4096116878123798,0.24805577072638485,6.0,0.5348837209302325,0.632351714316028,HI-VAE_piecewise_diffusion
0.00905768765730407,0.952431289640592,0.03160618587694348,0.5046136101499423,0.14286813873671944,8.0,0.5813953488372093,0.6294883799645931,HI-VAE_piecewise_diffusion
0.012157632024992437,0.9365750528541227,0.03723435202817892,0.4750480584390619,0.23490473726214986,9.0,0.5348837209302325,0.6510513728970632,HI-VAE_piecewise_diffusion
0.011179384795700744,0.9408033826638479,0.022763046773844435,0.4836601307189542,0.13823293163744657,6.0,0.5232558139534884,0.6496295197244555,HI-VAE_piecewise_diffusion
0.011028696907125428,0.9408033826638479,0.044218512667113345,0.47333717800845826,0.2638771241846955,9.0,0.5581395348837209,0.6255067899755274,HI-VAE_piecewise_diffusion
0.00970727671954965,0.948202959830867,0.03886347193830107,0.48900422914263747,0.15513915366992792,7.0,0.5232558139534884,0.6530491235921704,HI-VAE_piecewise_diffusion
0.011968095703557786,0.9418604651162792,0.05528418495563723,0.5206843521722415,0.12984344957415123,6.0,0.5232558139534884,0.6350363840784551,HI-VAE_piecewise_diffusion
0.009679504181320249,0.9492600422832982,0.029387918541668827,0.4889273356401384,0.1279570613520452,5.0,0.5,0.6382542961252422,HI-VAE_piecewise_diffusion
0.011795723188510038,0.9429175475687104,0.03625261978281387,0.4652056901191849,0.23189558075197783,9.0,0.5465116279069767,0.6417614469286762,HI-VAE_piecewise_diffusion
0.010908448674613835,0.945031712473573,0.03899918806136179,0.4282199154171472,0.2125766712016023,9.0,0.5348837209302325,0.6413093418115212,HI-VAE_piecewise_diffusion
0.009120901474687259,0.945031712473573,0.038549972244790044,0.49830834294502113,0.22593438251006798,4.0,0.5813953488372093,0.6611542020258125,HI-VAE_piecewise_diffusion
0.013388013935514531,0.9323467230443975,0.03674302725215826,0.4409457900807382,0.23963454360506534,4.0,0.5813953488372093,0.6369415437915266,HI-VAE_piecewise_diffusion
0.010810363627554297,0.9386892177589853,0.06285295906462593,0.45386389850057673,0.1299202432776637,9.0,0.46511627906976744,0.6456387642499488,HI-VAE_piecewise_diffusion
0.011036541517609091,0.945031712473573,0.02327721113405823,0.507112648981161,0.1662774592489915,7.0,0.5581395348837209,0.6771938254823706,HI-VAE_piecewise_diffusion
0.011278225521744357,0.9408033826638479,0.039049331117897566,0.43448673587081893,0.2520420461673999,6.0,0.5348837209302325,0.6582437959876861,HI-VAE_piecewise_diffusion
0.011639154448700829,0.9365750528541227,0.02151824504635993,0.4340253748558247,0.17267468257085383,6.0,0.5232558139534884,0.6603633994970424,HI-VAE_piecewise_diffusion
0.011748034711122518,0.9408033826638479,0.031483164995673024,0.4493656286043829,0.22072875219203994,8.0,0.6395348837209303,0.6530335271151051,HI-VAE_piecewise_diffusion
0.011914319299804637,0.9355179704016913,0.09679063203720194,0.4637447135717032,0.23870267388559793,9.0,0.5348837209302325,0.6642680047774678,HI-VAE_piecewise_diffusion
0.01273867304115129,0.9291754756871036,0.08594988852589419,0.4380622837370242,0.15907286856092118,8.0,0.38372093023255816,0.6775061010504743,HI-VAE_piecewise_diffusion
0.010915950423088048,0.9418604651162792,0.032001817135044144,0.4713187235678585,0.14542728528485122,5.0,0.5697674418604651,0.6183831251785536,HI-VAE_piecewise_diffusion
0.01051149615601817,0.9439746300211418,0.0271287243306773,0.46155324875048065,0.18056024861163822,6.0,0.4883720930232558,0.6405843521188735,HI-VAE_piecewise_diffusion
0.010919099866783005,0.9429175475687106,0.05258696586500733,0.4629181084198385,0.17124569101569748,8.0,0.5,0.6635311666387479,HI-VAE_piecewise_diffusion
0.014067699106724724,0.9249471458773784,0.049256829026715146,0.6035371011149557,0.22810892479577455,8.0,0.4186046511627907,0.6743851014761786,HI-VAE_piecewise_diffusion
0.010606668426821382,0.9429175475687104,0.05763191270225125,0.3745290272971934,0.1832517936354936,9.0,0.5581395348837209,0.6342693428109638,HI-VAE_piecewise_diffusion
0.010494220188942688,0.9418604651162791,0.07316175855645014,0.4616301422529796,0.18027627247720346,9.0,0.5232558139534884,0.6770716659730239,HI-VAE_piecewise_diffusion
0.011765115205159167,0.9355179704016915,0.07728397123108852,0.3518646674356017,0.20290336647914556,10.0,0.5232558139534884,0.6417408461041437,HI-VAE_piecewise_diffusion
0.00925525862957814,0.9513742071881608,0.031946105890814556,0.503517877739331,0.13984224831302233,8.0,0.5116279069767442,0.6673337615658143,HI-VAE_piecewise_diffusion
0.010577736886105006,0.9503171247357295,0.03316691197088148,0.35613225682429833,0.24273196245615436,9.0,0.5697674418604651,0.6342512549608633,HI-VAE_piecewise_diffusion
0.010548822126729447,0.945031712473573,0.037962184608954064,0.44959630911188003,0.16511782211404707,4.0,0.45348837209302323,0.6575281931568626,HI-VAE_piecewise_diffusion
0.010256604125487142,0.9397463002114166,0.032811364390370086,0.5657439446366782,0.1182636648532184,5.0,0.5465116279069767,0.6776759841878094,HI-VAE_piecewise_diffusion
0.011091505713129966,0.9439746300211417,0.04040432618127554,0.508958093041138,0.21665390443953905,5.0,0.5116279069767442,0.6443927942646093,HI-VAE_piecewise_diffusion
0.011545901186679149,0.9323467230443975,0.03803332185923109,0.5067858515955402,0.23978161122554223,5.0,0.5,0.6604024016345877,HI-VAE_piecewise_diffusion
0.010709492967558907,0.9460887949260044,0.04721607016913212,0.45194156093810073,0.16089640327497579,6.0,0.5697674418604651,0.6483443332171069,HI-VAE_piecewise_diffusion
0.010771843379897823,0.948202959830867,0.033031457591813314,0.5186851211072664,0.27201665357753985,8.0,0.5697674418604651,0.645439900658302,HI-VAE_piecewise_diffusion
0.011452154570168422,0.9376321353065541,0.0893297172625432,0.5259515570934256,0.190742547239999,10.0,0.45348837209302323,0.6377291102973264,HI-VAE_piecewise_diffusion
0.011392500230494772,0.9439746300211417,0.054155699404698505,0.48685121107266427,0.19138817005042452,3.0,0.5465116279069767,0.6447835531393121,HI-VAE_piecewise_diffusion
0.010548846208687391,0.9439746300211418,0.027727589610582366,0.4097654748173779,0.250837417296083,7.0,0.627906976744186,0.6567411248973831,HI-VAE_piecewise_diffusion
0.013974385652741865,0.9291754756871037,0.07601876489219865,0.46983852364475204,0.09466372976298812,8.0,0.5,0.6486693116877267,HI-VAE_piecewise_diffusion
0.01032738186418921,0.9439746300211417,0.02103876341519734,0.4198769703960016,0.16754536572194664,8.0,0.5813953488372093,0.6323980151691722,HI-VAE_piecewise_diffusion
0.011793458302681652,0.9376321353065539,0.027979151534876102,0.47301038062283735,0.1396096682663575,7.0,0.4418604651162791,0.6833219220929014,HI-VAE_piecewise_diffusion
0.0107630099984275,0.9397463002114165,0.09257240717985689,0.4476163014225298,0.20319667525463178,11.0,0.4883720930232558,0.6401704577735516,HI-VAE_piecewise_diffusion
0.011380613522820625,0.9365750528541227,0.034393444240940776,0.5024605920799693,0.19785748618380228,7.0,0.5116279069767442,0.6549477337464432,HI-VAE_piecewise_diffusion
0.011211197376647448,0.9386892177589853,0.07374744925952917,0.46582083813917724,0.14680287469250214,4.0,0.5116279069767442,0.6298904455327232,HI-VAE_piecewise_diffusion
0.01148522980657219,0.9429175475687106,0.04482623662006858,0.42970011534025376,0.12594811821191895,4.0,0.627906976744186,0.6162231956637048,HI-VAE_piecewise_diffusion
0.011479449070951324,0.9408033826638479,0.04590836109955448,0.3492118415993849,0.11464115803935461,4.0,0.5697674418604651,0.6270053313357496,HI-VAE_piecewise_diffusion
0.010924424506697205,0.9418604651162792,0.0508013634650792,0.45401768550557475,0.11264326433361549,8.0,0.6627906976744186,0.6332412138285546,HI-VAE_piecewise_diffusion
0.013058423507433727,0.9270613107822411,0.06455737306937151,0.4665705497885429,0.19021588474549253,6.0,0.4883720930232558,0.6627805709344942,HI-VAE_piecewise_diffusion
0.011608247211274948,0.9355179704016915,0.04063191004789486,0.4006151480199923,0.13784227409433986,6.0,0.5697674418604651,0.6415654769797002,HI-VAE_piecewise_diffusion
0.012418702192391683,0.9397463002114166,0.04042455963347757,0.5282968089196463,0.2185125992128947,7.0,0.5116279069767442,0.6533269133086921,HI-VAE_piecewise_diffusion
0.011344671405217438,0.9408033826638479,0.0384477427949161,0.47458669742406767,0.12406208531677455,4.0,0.5348837209302325,0.6504309379436684,HI-VAE_piecewise_diffusion
0.012344968994261312,0.9344608879492601,0.05043943227746726,0.5020376778162244,0.24259865336815473,5.0,0.5465116279069767,0.6355857136141113,HI-VAE_piecewise_diffusion
0.009566631122662376,0.9460887949260042,0.06132638038123242,0.4418492887351019,0.0987922838960944,5.0,0.5697674418604651,0.6571400767808059,HI-VAE_piecewise_diffusion
0.00947568156990119,0.948202959830867,0.030706992724486116,0.4069396386005383,0.08695401260886151,5.0,0.6046511627906976,0.6616696176536726,HI-VAE_piecewise_diffusion
0.012305410480591373,0.9334038054968287,0.02854600105972312,0.47231833910034604,0.14668940586338938,7.0,0.4418604651162791,0.6380123961719991,HI-VAE_piecewise_diffusion
0.011526392894730076,0.9386892177589853,0.021885603526676584,0.4222606689734717,0.15818288482081092,6.0,0.4883720930232558,0.6456177330199022,HI-VAE_piecewise_diffusion
0.013150802980577754,0.9334038054968287,0.053066649727339814,0.45140330642060744,0.09886874400633695,8.0,0.5232558139534884,0.6517699974537683,HI-VAE_piecewise_diffusion
0.012741238144160132,0.9291754756871037,0.04793442027620377,0.45057670126874283,0.17381218963464207,4.0,0.5465116279069767,0.6795503118699016,HI-VAE_piecewise_diffusion
0.01127868462883621,0.9429175475687104,0.024100037157270684,0.453517877739331,0.19484646156988714,8.0,0.5465116279069767,0.6399676531708532,HI-VAE_piecewise_diffusion
0.012850440215254371,0.9376321353065539,0.04585698989469629,0.47666282199154175,0.21499300304643548,7.0,0.4883720930232558,0.6640802089013716,HI-VAE_piecewise_diffusion
0.009932564649310234,0.945031712473573,0.037767127281333183,0.40134563629373315,0.29000332988765665,7.0,0.5465116279069767,0.6463518217786766,HI-VAE_piecewise_diffusion
0.01220914903541455,0.9397463002114165,0.02492648127779173,0.41960784313725485,0.17940564995071387,8.0,0.5697674418604651,0.6486701541370262,HI-VAE_piecewise_diffusion
0.0122413499345709,0.9355179704016915,0.0499628065034628,0.48973471741637836,0.15685362577703563,4.0,0.5697674418604651,0.6504204778892544,HI-VAE_piecewise_diffusion
0.0110409328329077,0.9418604651162792,0.0646944921733972,0.3986159169550173,0.18256535580316696,7.0,0.5697674418604651,0.6537768843735908,HI-VAE_piecewise_diffusion
0.011585071578038885,0.9408033826638479,0.042350795603806834,0.42464436755094204,0.17481772732917086,8.0,0.5813953488372093,0.6539348596041386,HI-VAE_piecewise_diffusion
0.012013938167537696,0.9355179704016915,0.04025984927034943,0.48269896193771633,0.12024655718017563,6.0,0.5465116279069767,0.6413311712344979,HI-VAE_piecewise_diffusion
0.01131817211860158,0.9408033826638479,0.06782549717540491,0.4854286812764321,0.12027255687315899,7.0,0.5232558139534884,0.6641754239610143,HI-VAE_piecewise_diffusion
0.010601504257488124,0.9439746300211417,0.045731454233450194,0.46157247212610536,0.17544808560415937,6.0,0.5581395348837209,0.674484335712481,HI-VAE_piecewise_diffusion
0.009231949004359783,0.952431289640592,0.03175237494232619,0.46412918108419843,0.19883920366144864,8.0,0.5232558139534884,0.6691106147360247,HI-VAE_piecewise_diffusion
0.0102613907897915,0.9482029598308668,0.025565524886836815,0.35422914263744715,0.11154092076759733,8.0,0.5232558139534884,0.6476345482936234,HI-VAE_piecewise_diffusion
0.01341348293055606,0.9323467230443975,0.06371582969486007,0.5650134563629374,0.15010792128205938,7.0,0.5348837209302325,0.638195851226488,HI-VAE_piecewise_diffusion
0.011954464976953244,0.9334038054968289,0.06039469595260692,0.5622068435217223,0.08950638729301424,3.0,0.5,0.6272908031183648,HI-VAE_piecewise_diffusion
0.011743380132214465,0.9397463002114165,0.05328140619126975,0.43440984236831987,0.1625802507570387,10.0,0.6162790697674418,0.6566489193495456,HI-VAE_piecewise_diffusion
0.009455624097110165,0.9492600422832982,0.02072730954596132,0.4420991926182237,0.15734153427356753,5.0,0.5930232558139535,0.6612162882396919,HI-VAE_piecewise_diffusion
0.012266980080195299,0.9376321353065541,0.053900262831379345,0.46078431372549017,0.25131180832892236,11.0,0.4883720930232558,0.6519612268884328,HI-VAE_piecewise_diffusion
0.010189455360461409,0.9460887949260042,0.05076667771260266,0.5033833141099577,0.15973792588775454,7.0,0.5232558139534884,0.6736376543368651,HI-VAE_piecewise_diffusion
0.012404582732862284,0.9334038054968289,0.07202622715135525,0.517762399077278,0.11612307113783195,6.0,0.5697674418604651,0.668775523909974,HI-VAE_piecewise_diffusion
0.010540083801273617,0.9439746300211417,0.05465391695502476,0.4736255286428297,0.1135794136349276,6.0,0.5116279069767442,0.6374958583296633,HI-VAE_piecewise_diffusion
0.013008662417544144,0.9365750528541227,0.03877823951297102,0.44013840830449824,0.1480625088572663,8.0,0.5697674418604651,0.6681817477557427,HI-VAE_piecewise_diffusion
0.013467575297946559,0.9302325581395351,0.06908273237246533,0.46495578623606304,0.11237370044518914,6.0,0.5581395348837209,0.6778739696001017,HI-VAE_piecewise_diffusion
0.011612558479914452,0.9397463002114165,0.055342235506335366,0.4798154555940023,0.14057858502778905,6.0,0.5465116279069767,0.6361380183764287,HI-VAE_piecewise_diffusion
0.0100612827330793,0.9503171247357295,0.03684455460306084,0.4695886197616302,0.2135609581074888,6.0,0.5697674418604651,0.626807420985743,HI-VAE_piecewise_diffusion
0.010999875993682812,0.945031712473573,0.05918286316467507,0.36687812379853907,0.11200397627559971,5.0,0.6162790697674418,0.6503231704140056,HI-VAE_piecewise_diffusion
0.012491605746761496,0.9397463002114166,0.04880046848801992,0.47139561707035754,0.1117974427696259,9.0,0.6046511627906976,0.6487068379469639,HI-VAE_piecewise_diffusion
0.010887101967838892,0.9376321353065539,0.032833289747175746,0.5121107266435986,0.19210508559562633,5.0,0.5581395348837209,0.6778793210860291,HI-VAE_piecewise_diffusion
0.010974955640604174,0.9429175475687104,0.02935146779829294,0.46386005382545176,0.28636031375775595,8.0,0.627906976744186,0.6490163349775169,HI-VAE_piecewise_diffusion
0.010050126121646118,0.9503171247357295,0.04035888102925514,0.4143406382160707,0.14252388314027248,9.0,0.5116279069767442,0.6822683879139392,HI-VAE_piecewise_diffusion
0.009722450990166824,0.945031712473573,0.024681163375942842,0.43802383698577474,0.21591721189911,6.0,0.5348837209302325,0.6374619082187618,HI-VAE_piecewise_diffusion
0.011711469292870669,0.9397463002114166,0.03557639322702029,0.43744713571703187,0.17847123221228559,10.0,0.5697674418604651,0.6558658253621207,HI-VAE_piecewise_diffusion
0.010480375014574895,0.9408033826638479,0.05955611089410039,0.4382160707420223,0.175936701125337,10.0,0.5581395348837209,0.6574581625333882,HI-VAE_piecewise_diffusion
0.010757960054150568,0.945031712473573,0.019227582981847256,0.5044213763936948,0.191353163804317,7.0,0.6046511627906976,0.6490140677117925,HI-VAE_piecewise_diffusion
0.010527407945860724,0.9429175475687104,0.025221401477087287,0.5084582852748942,0.09388273232664995,5.0,0.5232558139534884,0.6638898061118825,HI-VAE_piecewise_diffusion
0.013554101726526373,0.9302325581395349,0.0709996279596016,0.418319876970396,0.2206323966965009,7.0,0.5465116279069767,0.6407760536276742,HI-VAE_piecewise_diffusion
0.00903798426861994,0.948202959830867,0.01882356195062217,0.4507497116493656,0.19833185967249076,8.0,0.47674418604651164,0.6507678224973964,HI-VAE_piecewise_diffusion
0.012148798234685336,0.9355179704016915,0.03142840054526666,0.4906574394463668,0.24760127901079512,6.0,0.5697674418604651,0.6451349588567306,HI-VAE_piecewise_diffusion
0.011720905503578656,0.9418604651162791,0.015436283206161151,0.412725874663591,0.17646355677896403,7.0,0.5348837209302325,0.6315942269472916,HI-VAE_piecewise_diffusion
0.011425138554574893,0.9386892177589853,0.05184446695230411,0.4841407151095732,0.10882781058281343,7.0,0.5930232558139535,0.6537152719389009,HI-VAE_piecewise_diffusion
0.012274070089377738,0.9344608879492601,0.017098180735409894,0.48133410226835827,0.13181970137512888,5.0,0.5,0.6499953669988036,HI-VAE_piecewise_diffusion
0.01185922367452646,0.9408033826638479,0.06704218168535175,0.5442522106881968,0.1979315682824638,7.0,0.47674418604651164,0.6500921655599886,HI-VAE_piecewise_diffusion
0.013117404548047364,0.9365750528541227,0.036109523199130085,0.38319876970396005,0.1480329954823212,2.0,0.5813953488372093,0.6677804906484909,HI-VAE_piecewise_diffusion
0.012669095608345678,0.9397463002114166,0.04746347907341998,0.4433679354094579,0.1554257019884397,6.0,0.4418604651162791,0.678768407109852,HI-VAE_piecewise_diffusion
0.009872125472537869,0.9482029598308668,0.01954535185059026,0.5013840830449827,0.15571955707850246,7.0,0.5813953488372093,0.6588140438669153,HI-VAE_piecewise_diffusion
0.010826447246162623,0.9429175475687106,0.028780507344188307,0.40138408304498274,0.16215344185707484,8.0,0.5348837209302325,0.6189156089706425,HI-VAE_piecewise_diffusion
0.013077134199482292,0.9334038054968287,0.0970018325929055,0.5115916955017301,0.1007183879108319,4.0,0.5,0.6507852220285401,HI-VAE_piecewise_diffusion
0.012233683313554582,0.9365750528541227,0.0656066133310479,0.47400999615532485,0.11370411009430151,9.0,0.4883720930232558,0.6640512004793225,HI-VAE_piecewise_diffusion
0.011296044312397774,0.9376321353065539,0.022699153719063083,0.4610918877354863,0.18739115099043815,6.0,0.5116279069767442,0.6357201489436547,HI-VAE_piecewise_diffusion
0.011486073186136486,0.9397463002114165,0.046794298971316955,0.5300076893502499,0.17910843083115666,9.0,0.5116279069767442,0.6410470944319742,HI-VAE_piecewise_diffusion
0.011802147768524092,0.9376321353065541,0.02192217353405546,0.45017301038062285,0.12711962230681942,5.0,0.5348837209302325,0.6436629098165382,HI-VAE_piecewise_diffusion
0.012510280731802674,0.9365750528541227,0.03367639291931918,0.4739715494040754,0.21360734024524267,6.0,0.46511627906976744,0.6565877313739327,HI-VAE_piecewise_diffusion
0.011544877461446284,0.9334038054968287,0.04038228716344773,0.5317954632833526,0.10315399400073129,5.0,0.5116279069767442,0.636573902857883,HI-VAE_piecewise_diffusion
0.012431377067858228,0.9312896405919662,0.10680981278037809,0.5891580161476355,0.1516026051133007,7.0,0.47674418604651164,0.6484796998785268,HI-VAE_piecewise_diffusion
0.009042553540366588,0.9503171247357295,0.039010260436676374,0.5232218377547098,0.1144642412338167,4.0,0.47674418604651164,0.652200357235636,HI-VAE_piecewise_diffusion
0.010881307221161792,0.9460887949260042,0.02505704012945395,0.41264898116109183,0.2159861526375936,5.0,0.5232558139534884,0.6305034214173123,HI-VAE_piecewise_diffusion
0.013701531497115338,0.9291754756871037,0.05108358731934017,0.42510572856593615,0.1537727098924835,7.0,0.5465116279069767,0.6697591753374726,HI-VAE_piecewise_diffusion
0.011014441104896256,0.9460887949260042,0.038039989423865155,0.4523644752018455,0.11359505376510613,9.0,0.6046511627906976,0.6604392043384419,HI-VAE_piecewise_diffusion
0.009778715048328201,0.9460887949260042,0.026110239935929123,0.486005382545175,0.15762041827048187,8.0,0.5232558139534884,0.666321111348751,HI-VAE_piecewise_diffusion
0.010121061160856122,0.9439746300211418,0.03966085211413467,0.43617839292579774,0.10983224530186954,3.0,0.5813953488372093,0.6511024065172965,HI-VAE_piecewise_diffusion
0.009953912454030421,0.9482029598308668,0.043516280822276626,0.6152249134948097,0.21692095091581215,9.0,0.4418604651162791,0.6701100439951511,HI-VAE_piecewise_diffusion
0.012240292510310951,0.9439746300211418,0.056867618815216354,0.5427143406382162,0.21196162547889671,6.0,0.4418604651162791,0.669881772267827,HI-VAE_piecewise_diffusion
0.011335479258055932,0.9439746300211417,0.0476934330902885,0.410803537101115,0.1514141316916046,6.0,0.5116279069767442,0.6514117787718244,HI-VAE_piecewise_diffusion
0.014613608655050254,0.9302325581395349,0.08831615166375807,0.5439446366782006,0.12957046720661275,6.0,0.47674418604651164,0.6335373023155451,HI-VAE_piecewise_diffusion
0.010567289528886099,0.949260042283298,0.022772466514397786,0.43041138023836983,0.12358394101456789,8.0,0.5348837209302325,0.6489182869141075,HI-VAE_piecewise_diffusion
0.012660883207429384,0.9344608879492601,0.026770185135105394,0.5005382545174933,0.12079544925099729,5.0,0.5465116279069767,0.6484370910885809,HI-VAE_piecewise_diffusion
0.011768085748875999,0.9439746300211418,0.07400695675229171,0.4620915032679739,0.1778407660044897,8.0,0.5465116279069767,0.6333970190936362,HI-VAE_piecewise_diffusion
0.010532499686551457,0.9503171247357294,0.033425307035628904,0.5048827374086889,0.09711408548444352,4.0,0.5232558139534884,0.6734138513424535,HI-VAE_piecewise_diffusion
0.009680161955638606,0.952431289640592,0.035151603331058295,0.4429834678969627,0.17813256905876287,9.0,0.5581395348837209,0.6539072752541883,HI-VAE_piecewise_diffusion
0.010036483831108101,0.9492600422832982,0.03229108976201913,0.44402153018069973,0.09129208227943014,4.0,0.5232558139534884,0.6459703650917316,HI-VAE_piecewise_diffusion
0.01279707473772735,0.9365750528541228,0.026739784086125873,0.5798539023452518,0.16358981792974892,6.0,0.43023255813953487,0.6503769363698056,HI-VAE_piecewise_diffusion
0.01311248390488241,0.9334038054968287,0.03451228191534889,0.5170703575547866,0.23849794584648445,10.0,0.5348837209302325,0.6474687014715909,HI-VAE_piecewise_diffusion
0.011351193593990823,0.9408033826638479,0.037466940474926866,0.47966166858900416,0.11902970232846208,6.0,0.5813953488372093,0.6596913866719802,HI-VAE_piecewise_diffusion
0.009385493003884426,0.9482029598308668,0.022373588939168895,0.4944059976931949,0.20348801789310436,5.0,0.6046511627906976,0.6392241468430664,HI-VAE_piecewise_diffusion
0.010655982327539651,0.9408033826638479,0.02742408154822156,0.5501345636293733,0.12334860109707252,5.0,0.5,0.662963545736993,HI-VAE_piecewise_diffusion
0.01110074443385045,0.9376321353065541,0.045973599550457996,0.4901960784313725,0.1639026191291166,6.0,0.6046511627906976,0.656120312173248,HI-VAE_piecewise_diffusion
0.012960281358858102,0.9355179704016915,0.05333755091852121,0.5449058054594387,0.14964611768264793,7.0,0.46511627906976744,0.6888159556973186,HI-VAE_piecewise_diffusion
0.011760887438598678,0.9429175475687104,0.06493064104149694,0.5240676662821991,0.11933005744415931,5.0,0.4883720930232558,0.6560061706815392,HI-VAE_piecewise_diffusion
0.008983466638545979,0.9513742071881606,0.016016554177718943,0.47493271818531335,0.18436637471273795,7.0,0.5813953488372093,0.630864506841431,HI-VAE_piecewise_diffusion
0.010596005764419847,0.9513742071881608,0.041442119391074395,0.4078046905036524,0.24841949214848355,8.0,0.5581395348837209,0.6698349036870561,HI-VAE_piecewise_diffusion
0.010125150544821092,0.9418604651162791,0.03918851018084405,0.4743560169165706,0.21393091213866675,8.0,0.4883720930232558,0.6500229001090083,HI-VAE_piecewise_diffusion
0.011683576649911898,0.9365750528541228,0.05442124297969694,0.4764705882352941,0.289257070625055,9.0,0.5465116279069767,0.6479790018401334,HI-VAE_piecewise_diffusion
0.010127405944902312,0.9492600422832982,0.04238179573854265,0.42673971549404077,0.16832710152227903,7.0,0.5465116279069767,0.6478687410114015,HI-VAE_piecewise_diffusion
0.009754745813277772,0.9503171247357294,0.04270475192551874,0.4848519800076893,0.12690797933275993,9.0,0.5,0.6641154004798591,HI-VAE_piecewise_diffusion
0.010138107654035442,0.9503171247357294,0.041602232121789436,0.4799884659746252,0.24725969330199743,7.0,0.5232558139534884,0.634620978368878,HI-VAE_piecewise_diffusion
0.012969994828232512,0.9355179704016915,0.0722336612103669,0.48473663975394077,0.2109779169492017,8.0,0.5116279069767442,0.6498399574707041,HI-VAE_piecewise_diffusion
0.011336596478027216,0.9439746300211418,0.04280792877990177,0.4946559015763167,0.24525422022645216,7.0,0.47674418604651164,0.6273079112195336,HI-VAE_piecewise_diffusion
0.010271943865139369,0.9418604651162792,0.06291775601285181,0.4966551326412918,0.2520745767571075,11.0,0.47674418604651164,0.6523880908903579,HI-VAE_piecewise_diffusion
0.011969013358199842,0.9439746300211418,0.03939952615018443,0.5157631680123029,0.16401152233202157,6.0,0.5813953488372093,0.6531233558590809,HI-VAE_piecewise_diffusion
0.01000140335873595,0.9471458773784356,0.02497375884320125,0.49488658208381403,0.19978377622121804,8.0,0.45348837209302323,0.6320214254001144,HI-VAE_piecewise_diffusion
0.01351059459259714,0.9260042283298098,0.0960581764187083,0.5391772395232602,0.18800206458867103,10.0,0.5348837209302325,0.6415445118496463,HI-VAE_piecewise_diffusion
0.010719856410811109,0.9429175475687104,0.03416282712664826,0.40826605151864676,0.19487596888275616,9.0,0.5581395348837209,0.6142614506371584,HI-VAE_piecewise_diffusion
0.008930054000480376,0.952431289640592,0.02554863380676018,0.27251057285659364,0.13972272160919466,5.0,0.5348837209302325,0.6786580458333307,HI-VAE_piecewise_diffusion
0.011044456822206684,0.945031712473573,0.04100995252052609,0.43656286043829307,0.17601703474929123,5.0,0.4883720930232558,0.644508323423458,HI-VAE_piecewise_diffusion
0.011775348784643563,0.9408033826638479,0.08228697808097146,0.46843521722414455,0.12692182807317173,9.0,0.47674418604651164,0.6563651242634587,HI-VAE_piecewise_diffusion
0.011206458579591346,0.9418604651162791,0.0503291235907473,0.40088427527873893,0.17644759209877264,7.0,0.5,0.624485803759489,HI-VAE_piecewise_diffusion
0.00883715814931075,0.9556025369978859,0.025835821976966464,0.4266051518646674,0.1730537811882462,8.0,0.5930232558139535,0.6343593132799137,HI-VAE_piecewise_diffusion
0.013416769385232253,0.9302325581395349,0.055796114701262785,0.4586697424067666,0.13009904615036397,4.0,0.5813953488372093,0.6270662519902408,HI-VAE_piecewise_diffusion
0.01172503526267193,0.9439746300211417,0.04650458486268456,0.4959630911188004,0.2633577676167253,7.0,0.47674418604651164,0.6584607668090193,HI-VAE_piecewise_diffusion
0.013093548477124873,0.9365750528541227,0.05185032511372501,0.513917723952326,0.11647605050671796,7.0,0.5465116279069767,0.6416553578172439,HI-VAE_piecewise_diffusion
0.013028020607882955,0.9291754756871037,0.0968556676997043,0.5304882737408689,0.20392305762328347,9.0,0.5697674418604651,0.6782731233091389,HI-VAE_piecewise_diffusion
0.011091672098946702,0.9376321353065541,0.058636025169405796,0.5469050365244137,0.1754413460400612,7.0,0.43023255813953487,0.642928057143438,HI-VAE_piecewise_diffusion
0.010257722626151764,0.9460887949260042,0.028323192230911787,0.45186466743560166,0.12967840510539036,6.0,0.5697674418604651,0.6482234082663888,HI-VAE_piecewise_diffusion
0.010650848559370776,0.9429175475687104,0.05674451099878086,0.475682429834679,0.3068909930401144,9.0,0.627906976744186,0.6258560013004377,HI-VAE_piecewise_diffusion
0.01057259479168479,0.9418604651162792,0.05412414702975187,0.5221837754709726,0.0908691759463688,7.0,0.45348837209302323,0.6631089804294077,HI-VAE_piecewise_diffusion
