J-S distance,KS test,Survival curves distance,Detection XGB,NSND,K-map score,Identifiability score,NNDR,generator
0.003727879904044154,0.9772727272727273,0.026942492661630887,0.46919378698224856,0.1110692552652588,1.0,0.4307692307692308,0.6902765360145021,HI-VAE_weibull
0.0033171016064441755,0.9783216783216783,0.017176047797350776,0.48772189349112427,0.09444000835781319,1.0,0.4423076923076923,0.679361022628459,HI-VAE_weibull
0.005069809780786986,0.9695804195804194,0.02912079159037625,0.5093934911242604,0.055814240142449054,2.0,0.4576923076923077,0.6902389478390358,HI-VAE_weibull
0.004261356038385149,0.974825174825175,0.028736482650312187,0.5078402366863906,0.10656513977288365,1.0,0.40384615384615385,0.6788183001169872,HI-VAE_weibull
0.003732155959649366,0.9762237762237761,0.029784898262145285,0.46116863905325445,0.10910155936893334,2.0,0.5269230769230769,0.69793394510969,HI-VAE_weibull
0.0037114643470656915,0.977972027972028,0.04006354332881324,0.4761094674556213,0.17716209067989572,3.0,0.43846153846153846,0.7246160470276183,HI-VAE_weibull
0.003967530929972473,0.9772727272727271,0.021040328169310247,0.4230769230769231,0.09189033559797434,2.0,0.47307692307692306,0.7064132077185478,HI-VAE_weibull
0.003579225286573248,0.9807692307692307,0.029585770053447806,0.42825443786982254,0.08202549782053278,3.0,0.4461538461538462,0.6913824803385668,HI-VAE_weibull
0.0035483629623031475,0.9734265734265733,0.02236770398143259,0.4569526627218935,0.06598905714250197,3.0,0.4346153846153846,0.7139985841267418,HI-VAE_weibull
0.003583210198398713,0.9744755244755243,0.020758552825593638,0.5013313609467455,0.10124798704984585,1.0,0.46923076923076923,0.7070908933043871,HI-VAE_weibull
0.004187773667879015,0.9758741258741259,0.02560555207513305,0.49142011834319527,0.08219338154693825,3.0,0.4576923076923077,0.6609059893716481,HI-VAE_weibull
0.0039218741441916834,0.977972027972028,0.023342292680800014,0.4640532544378699,0.0881120225973698,1.0,0.45,0.6909487305095802,HI-VAE_weibull
0.004692916960599953,0.9695804195804194,0.03350545170291972,0.4508875739644971,0.06904452101232199,1.0,0.41923076923076924,0.6863371016919269,HI-VAE_weibull
0.005064441522185875,0.9713286713286713,0.046800260098327384,0.4609467455621302,0.1547739687575663,4.0,0.46923076923076923,0.681037231250052,HI-VAE_weibull
0.0036449314190068363,0.9783216783216783,0.022385035954745086,0.46331360946745564,0.07815648081292911,1.0,0.41923076923076924,0.7247693499533289,HI-VAE_weibull
0.0037403422042323648,0.9762237762237761,0.04234435065459915,0.50676775147929,0.09777422603954193,5.0,0.4461538461538462,0.6968185219493219,HI-VAE_weibull
0.0038178123164978486,0.9751748251748252,0.020465131768661063,0.46512573964497045,0.08114475961761412,1.0,0.47307692307692306,0.675180363402187,HI-VAE_weibull
0.0036999124868237828,0.9772727272727273,0.029462997963879477,0.49574704142011833,0.089494669255096,1.0,0.4423076923076923,0.7280244509124624,HI-VAE_weibull
0.0034391199181711897,0.977972027972028,0.01718619295957363,0.5037352071005917,0.10852868301585716,2.0,0.41923076923076924,0.7214314562805592,HI-VAE_weibull
0.004913435845277436,0.972027972027972,0.029660794755842785,0.4341346153846154,0.1245451062969549,3.0,0.5153846153846153,0.6920876290441581,HI-VAE_weibull
0.004012239754047933,0.9758741258741259,0.03163134430257122,0.47928994082840237,0.07535906421996101,3.0,0.45384615384615384,0.7056110443310738,HI-VAE_weibull
0.0033858095558235183,0.9786713286713286,0.02952926557348745,0.4584319526627219,0.16733963726366988,2.0,0.45384615384615384,0.6917171061033955,HI-VAE_weibull
0.002926040278344007,0.9825174825174824,0.02679457846649421,0.49511834319526626,0.09388208884508718,2.0,0.47307692307692306,0.6933903391308692,HI-VAE_weibull
0.004160656485381641,0.9737762237762236,0.022251262498985062,0.49293639053254434,0.17318272967437964,2.0,0.4807692307692308,0.6888338377409569,HI-VAE_weibull
0.005084594676864954,0.9713286713286713,0.04133740682418733,0.48568786982248513,0.07549942300769552,2.0,0.4576923076923077,0.6815939981830925,HI-VAE_weibull
0.00391936132283913,0.9772727272727273,0.027779803799023582,0.46142751479289945,0.09882682909844244,4.0,0.4653846153846154,0.6947924726488303,HI-VAE_weibull
0.0032436579414900925,0.9779720279720278,0.02073586734895912,0.4430843195266273,0.09327830692423192,1.0,0.46153846153846156,0.7028016020453753,HI-VAE_weibull
0.0055266364372235505,0.9674825174825173,0.027190464370214835,0.4902736686390533,0.07793216498996572,2.0,0.45384615384615384,0.683295180544686,HI-VAE_weibull
0.004183719757993708,0.9762237762237761,0.03346073499075944,0.4498520710059172,0.11779204099809082,1.0,0.4461538461538462,0.6943304921070409,HI-VAE_weibull
0.0032665537575526636,0.9828671328671329,0.024221879142980265,0.4104289940828402,0.17018399072851373,3.0,0.46153846153846156,0.6826839570253862,HI-VAE_weibull
0.003924623116040236,0.9730769230769231,0.022234897340833785,0.444008875739645,0.10652944000156324,3.0,0.4846153846153846,0.7093917898519017,HI-VAE_weibull
0.0041693783668020215,0.9793706293706292,0.016134720139176845,0.4559171597633137,0.09847495226073383,1.0,0.46923076923076923,0.6917873606788258,HI-VAE_weibull
0.003780477714679265,0.9769230769230769,0.030571490235828173,0.45114644970414197,0.11220477255827666,1.0,0.48846153846153845,0.7015908553644491,HI-VAE_weibull
0.004751137958245399,0.9699300699300699,0.021334888166336188,0.4866124260355029,0.15464538297456956,2.0,0.5038461538461538,0.7013382141582296,HI-VAE_weibull
0.0047642321215215,0.973076923076923,0.03919346825271413,0.4631656804733728,0.09415374048651769,2.0,0.4653846153846154,0.6814370124261977,HI-VAE_weibull
0.00445712783506693,0.9748251748251747,0.016164835056234967,0.47951183431952654,0.12788916404005168,1.0,0.45,0.7131639476219102,HI-VAE_weibull
0.0041249149444634115,0.9748251748251747,0.03133975089117772,0.49175295857988177,0.09702783896620373,1.0,0.45384615384615384,0.7040837750620528,HI-VAE_weibull
0.00489405424885534,0.9692307692307692,0.030553090409322945,0.49670857988165695,0.08326798859908206,2.0,0.4423076923076923,0.6966400988003226,HI-VAE_weibull
0.0034804592525627775,0.9741258741258743,0.038773910765196234,0.45236686390532554,0.1375236126327495,1.0,0.4807692307692308,0.6908768295616855,HI-VAE_weibull
0.003961861711569242,0.9797202797202798,0.014338104795307423,0.4414201183431953,0.08307439299872514,3.0,0.4653846153846154,0.7119417774845557,HI-VAE_weibull
0.0029912413241791223,0.9793706293706294,0.021753333408240864,0.4656804733727811,0.09220639964341812,1.0,0.47692307692307695,0.6858730864949936,HI-VAE_weibull
0.0032502168386357613,0.9776223776223776,0.02886461093160441,0.4746671597633136,0.10938561068543828,3.0,0.48846153846153845,0.6916310762238066,HI-VAE_weibull
0.0046348079128027755,0.9734265734265733,0.021347836817273154,0.4409393491124261,0.15978477775847383,1.0,0.4846153846153846,0.7206796066406929,HI-VAE_weibull
0.003544197332656232,0.9765734265734267,0.015382573427649293,0.40924556213017754,0.1265711110429879,1.0,0.4576923076923077,0.6641517033011621,HI-VAE_weibull
0.004571355821646069,0.9744755244755243,0.04541569372137394,0.42877218934911243,0.1707830955252744,3.0,0.4269230769230769,0.7173764465973228,HI-VAE_weibull
0.004020093431046481,0.9762237762237761,0.020565467919754055,0.471560650887574,0.07781019786169345,1.0,0.49230769230769234,0.669979486675509,HI-VAE_weibull
0.004289884292220897,0.9734265734265733,0.02822199799464951,0.5048446745562131,0.14096674427594738,3.0,0.45,0.7000725156579838,HI-VAE_weibull
0.004588185738431553,0.974125874125874,0.030991232374495165,0.48768491124260355,0.1131910546645441,2.0,0.4653846153846154,0.6874088544768341,HI-VAE_weibull
0.004201823824871616,0.9737762237762236,0.029736118300878318,0.4609467455621301,0.12442072662286369,2.0,0.4846153846153846,0.6949703997878256,HI-VAE_weibull
0.005019880682181136,0.9730769230769231,0.024157447456678777,0.5091346153846154,0.1373085166544901,2.0,0.4115384615384615,0.6867059079714546,HI-VAE_weibull
0.006057905133878678,0.9643356643356643,0.044087057913761905,0.5363905325443786,0.1664443344759726,3.0,0.47307692307692306,0.7164034392149541,HI-VAE_weibull
0.004509396470702512,0.9730769230769231,0.02976689106537894,0.488387573964497,0.10359413052884268,4.0,0.45384615384615384,0.7195440518696697,HI-VAE_weibull
0.003371250404043272,0.9765734265734264,0.026058559342955805,0.4562869822485207,0.1407604514405547,4.0,0.5115384615384615,0.6634300295127028,HI-VAE_weibull
0.005518559660205796,0.9681818181818183,0.03239235739594193,0.5025887573964497,0.07969419271160832,1.0,0.4,0.7085689971819683,HI-VAE_weibull
0.003662971990602827,0.9758741258741257,0.031997459462309995,0.4646449704142011,0.1701015106572964,3.0,0.4807692307692308,0.6833707895556829,HI-VAE_weibull
0.004815460198837296,0.9755244755244754,0.015112502124455153,0.43269230769230776,0.10207819259613228,2.0,0.5076923076923077,0.6813103831605168,HI-VAE_weibull
0.003760026171250297,0.9772727272727273,0.018756797775950292,0.4443417159763313,0.13070074510740176,2.0,0.4346153846153846,0.6864903667348204,HI-VAE_weibull
0.0047765139012074685,0.970979020979021,0.02625174036820683,0.5068786982248521,0.08556428051640444,3.0,0.4576923076923077,0.7191081398617707,HI-VAE_weibull
0.0043683647597405,0.9709790209790209,0.04159589249237051,0.45051775147928996,0.10128241098958973,1.0,0.49615384615384617,0.6835456945661612,HI-VAE_weibull
0.00517084205928291,0.9709790209790209,0.021152781901240435,0.4340236686390533,0.15531132263184524,4.0,0.49230769230769234,0.7044637184162897,HI-VAE_weibull
0.0035179355486488766,0.9786713286713286,0.03149443288473662,0.4757026627218936,0.11364507637266551,4.0,0.4307692307692308,0.68671750547074,HI-VAE_weibull
0.004771987550394177,0.9730769230769231,0.0193199651258453,0.51978550295858,0.08355367343127124,1.0,0.47307692307692306,0.7097234513580362,HI-VAE_weibull
0.004643850740376553,0.9713286713286713,0.024465472933043044,0.44778106508875737,0.09608147349510643,1.0,0.41923076923076924,0.7268522660570008,HI-VAE_weibull
0.0036212722825345513,0.9776223776223777,0.030170632619473732,0.4530695266272189,0.2278174542068529,3.0,0.4653846153846154,0.7072749178807562,HI-VAE_weibull
0.005828116517418148,0.9671328671328671,0.014926314458340641,0.47477810650887575,0.1456380191086168,1.0,0.4846153846153846,0.7054996369077312,HI-VAE_weibull
0.005173524485875659,0.972027972027972,0.031080975096365742,0.5122781065088757,0.101680823531928,2.0,0.4461538461538462,0.6848007044637956,HI-VAE_weibull
0.004689380885268489,0.9681818181818183,0.03815135813075142,0.5295118343195266,0.10069560505449322,4.0,0.4461538461538462,0.7051394492819312,HI-VAE_weibull
0.004521420682617821,0.9737762237762237,0.03376488969916248,0.45051775147928996,0.18597696278120193,3.0,0.4653846153846154,0.7179727576674847,HI-VAE_weibull
0.004054979445367477,0.9762237762237761,0.022732183990193,0.43957100591715975,0.19522310988248806,3.0,0.47307692307692306,0.7015975030105449,HI-VAE_weibull
0.003839862898966088,0.977972027972028,0.028110388508331887,0.4859467455621302,0.12062284918613929,3.0,0.4846153846153846,0.7148953865186126,HI-VAE_weibull
0.004134681770757443,0.9769230769230769,0.027946240659979877,0.4887204142011834,0.10170514318277288,1.0,0.4423076923076923,0.6936422859188802,HI-VAE_weibull
0.004372878400330584,0.9758741258741259,0.02922186661757961,0.4625,0.08311567655444338,1.0,0.5038461538461538,0.6655596845877787,HI-VAE_weibull
0.004488254369975784,0.9765734265734266,0.02351367505711987,0.4167159763313609,0.07943109574415287,1.0,0.4423076923076923,0.7072776280296673,HI-VAE_weibull
0.004576364525304825,0.9730769230769231,0.03337068714268216,0.3875,0.07620302392910547,2.0,0.4423076923076923,0.7112697434807654,HI-VAE_weibull
0.004581521126976204,0.9723776223776224,0.02474011118136995,0.49615384615384617,0.11147630223536771,1.0,0.4653846153846154,0.6957309046519751,HI-VAE_weibull
0.0033880830497708472,0.9765734265734266,0.022614638802017865,0.5201183431952663,0.11326012795022175,2.0,0.4115384615384615,0.6884187471332164,HI-VAE_weibull
0.00370447708015372,0.972027972027972,0.03899917554209356,0.47255917159763305,0.11101936966336892,2.0,0.4461538461538462,0.6844994997930222,HI-VAE_weibull
0.005076955202139017,0.9713286713286713,0.031950007405143865,0.4978550295857988,0.11900544715965952,4.0,0.4269230769230769,0.7034150595814985,HI-VAE_weibull
0.0046629998017861385,0.9744755244755244,0.04170667432334442,0.4853550295857988,0.14452607257420305,2.0,0.4346153846153846,0.6589415363923093,HI-VAE_weibull
0.0034542862415795667,0.9779720279720278,0.022278874853409607,0.39034763313609466,0.19087227642834928,2.0,0.4653846153846154,0.7067261998594239,HI-VAE_weibull
0.0031059618652829915,0.982167832167832,0.019935785220106028,0.46945266272189345,0.08686829244818983,2.0,0.4346153846153846,0.696234962870118,HI-VAE_weibull
0.004530821853429704,0.9734265734265733,0.026898590735763277,0.4646079881656805,0.1318458463802234,3.0,0.47307692307692306,0.678033668628901,HI-VAE_weibull
0.0054627887491403545,0.9653846153846154,0.027795985854332877,0.48494822485207106,0.18085450012108734,2.0,0.45384615384615384,0.6988959110741407,HI-VAE_weibull
0.004619114598152828,0.9727272727272727,0.02852256021987108,0.49563609467455627,0.11192603860757215,3.0,0.45,0.7091762415055952,HI-VAE_weibull
0.004933708625313567,0.9702797202797203,0.022139886124595567,0.4762204142011835,0.2761417960360337,2.0,0.45384615384615384,0.7106146574266105,HI-VAE_weibull
0.003322226006738128,0.9772727272727273,0.027471972484714533,0.4830251479289941,0.17417631338613493,2.0,0.46923076923076923,0.7271027877537887,HI-VAE_weibull
0.004768042157487228,0.9723776223776223,0.023648021187265722,0.46505177514792895,0.167823956646998,3.0,0.47307692307692306,0.6810733002915799,HI-VAE_weibull
0.0027938499907872168,0.9793706293706294,0.022261861949292455,0.40924556213017754,0.09329987099269624,2.0,0.48846153846153845,0.6856114365471272,HI-VAE_weibull
0.0048164058733204595,0.9727272727272727,0.025362113286962955,0.43735207100591716,0.1409572769368062,3.0,0.4576923076923077,0.6896173926009794,HI-VAE_weibull
0.004555453539241693,0.9716783216783216,0.028878529619264362,0.5082470414201183,0.08342333523742486,2.0,0.4423076923076923,0.7313997626766304,HI-VAE_weibull
0.004190268289685334,0.9762237762237761,0.04213316574238665,0.49611686390532544,0.1989360393376786,3.0,0.4653846153846154,0.7007144550873038,HI-VAE_weibull
0.00480667520319703,0.9727272727272727,0.04046952761441056,0.46323964497041425,0.10576932885618466,4.0,0.47307692307692306,0.6990580647376962,HI-VAE_weibull
0.0046731616483981,0.9723776223776223,0.03214890555252506,0.4775147928994083,0.08936884581713647,2.0,0.45384615384615384,0.7156233536988779,HI-VAE_weibull
0.005253950105641065,0.9716783216783217,0.023057538212302414,0.4647189349112426,0.13544156330499418,2.0,0.46153846153846156,0.6809424705508995,HI-VAE_weibull
0.005832406967236795,0.9664335664335664,0.03942696036716308,0.49615384615384617,0.13590948673317377,2.0,0.4230769230769231,0.6749246013157553,HI-VAE_weibull
0.003495689299248782,0.9772727272727273,0.04266510829393927,0.44090236686390527,0.1000865893337974,3.0,0.4576923076923077,0.6890735172210986,HI-VAE_weibull
0.004040792489465088,0.9772727272727273,0.019412348649131602,0.47670118343195267,0.14179863992029404,2.0,0.4846153846153846,0.6952869260190933,HI-VAE_weibull
0.003703225657531588,0.9779720279720278,0.03632933641305128,0.45295857988165683,0.09344393553381736,4.0,0.4846153846153846,0.6840025968588272,HI-VAE_weibull
0.0052071342411731635,0.9674825174825173,0.04605902548034388,0.4642011834319527,0.06142482592536278,4.0,0.46923076923076923,0.69982440984452,HI-VAE_weibull
0.003516605796329723,0.977972027972028,0.01440699504575969,0.4204881656804734,0.08262581770324892,2.0,0.47692307692307695,0.7016685135794052,HI-VAE_weibull
0.0029915860042936757,0.98006993006993,0.023844114463272618,0.4394970414201184,0.1193639615765518,3.0,0.45,0.6851556885426773,HI-VAE_weibull
0.0031117030692715294,0.9783216783216783,0.02401755703578599,0.4327292899408284,0.13575429609826434,4.0,0.49230769230769234,0.7155332176682129,HI-VAE_weibull
0.00440755148930708,0.9734265734265736,0.030395538416561754,0.4645710059171598,0.07781960433146483,1.0,0.4807692307692308,0.6965436409707514,HI-VAE_weibull
0.0037482950395787127,0.9772727272727271,0.027722234591301985,0.5171597633136094,0.14522659303153582,3.0,0.4346153846153846,0.7026941679167801,HI-VAE_weibull
0.0034979295490657663,0.9723776223776223,0.04610948583399032,0.4558801775147929,0.186316147692984,4.0,0.48846153846153845,0.6749291093674205,HI-VAE_weibull
0.0033518784655295706,0.9779720279720278,0.02426261620684761,0.4087278106508876,0.10671405524287661,1.0,0.4653846153846154,0.7133227238227866,HI-VAE_weibull
0.004744210572996421,0.9737762237762237,0.01326195882792885,0.45362426035502956,0.09548153686083252,1.0,0.43846153846153846,0.6961439440662592,HI-VAE_weibull
0.003736273300338114,0.977972027972028,0.018877967262743437,0.4488165680473372,0.061120669991662976,1.0,0.4653846153846154,0.6841596128821785,HI-VAE_weibull
0.0048337848206374415,0.9723776223776224,0.01671289577613222,0.4258505917159764,0.13723313264493195,2.0,0.47692307692307695,0.6718090325495361,HI-VAE_weibull
0.003473235182996103,0.9772727272727273,0.028604629385161198,0.4363165680473373,0.07831916438970533,2.0,0.48846153846153845,0.7128917966041963,HI-VAE_weibull
0.005109182655252341,0.9730769230769231,0.02934128312491319,0.49755917159763313,0.12919846756375064,1.0,0.4115384615384615,0.6981288542368033,HI-VAE_weibull
0.003942737533450771,0.9769230769230769,0.013105091769756445,0.4647189349112425,0.12167826624490004,3.0,0.46153846153846156,0.7064959641803792,HI-VAE_weibull
0.004600345048627737,0.974125874125874,0.018676213194307817,0.47758875739644974,0.18463030741089873,2.0,0.47307692307692306,0.7135804090278469,HI-VAE_weibull
0.0038461023293823423,0.9765734265734266,0.02533913992611777,0.46242603550295847,0.07804724943787557,1.0,0.49230769230769234,0.696241217038725,HI-VAE_weibull
0.00453521470670232,0.974125874125874,0.018712821711605054,0.41227810650887575,0.12235944665704891,2.0,0.47307692307692306,0.6754311799983199,HI-VAE_weibull
0.004306764250024805,0.9751748251748252,0.01995056637329297,0.45739644970414195,0.08837402582002037,1.0,0.47307692307692306,0.6805174720525259,HI-VAE_weibull
0.004258754778463738,0.9730769230769231,0.02420069472017376,0.4656434911242603,0.11883499622985848,1.0,0.45384615384615384,0.714113429357184,HI-VAE_weibull
0.004796847019165346,0.9723776223776223,0.02901399722648871,0.46678994082840236,0.14342573693377558,3.0,0.40384615384615385,0.6967930373413349,HI-VAE_weibull
0.005114189445826734,0.9692307692307693,0.027348729742627337,0.45861686390532547,0.0998180376108015,3.0,0.49615384615384617,0.6788127512461541,HI-VAE_weibull
0.005522171102420994,0.9702797202797203,0.031575379850530626,0.4810650887573965,0.14576283667195108,3.0,0.4269230769230769,0.698553888977546,HI-VAE_weibull
0.005787199258391982,0.9695804195804194,0.02567536967327599,0.43705621301775144,0.13369387362159602,3.0,0.4576923076923077,0.6782034433912614,HI-VAE_weibull
0.004113910481367427,0.9762237762237763,0.028250976506584154,0.5001479289940829,0.12601835738073677,2.0,0.47692307692307695,0.6791827264237198,HI-VAE_weibull
0.005204584813615507,0.9716783216783216,0.026394762444974178,0.4823224852071005,0.09882296792962549,1.0,0.48846153846153845,0.6860577877223378,HI-VAE_weibull
0.004200288099338848,0.972027972027972,0.04122132060415336,0.4832100591715977,0.20609267531895006,4.0,0.4,0.6872772408276594,HI-VAE_weibull
0.00339089692935351,0.9797202797202798,0.02706471303206386,0.4873150887573964,0.09111320549449589,1.0,0.45384615384615384,0.7102257028458707,HI-VAE_weibull
0.0031968061022820005,0.9786713286713287,0.027319813180178544,0.48982988165680474,0.15208568902966732,3.0,0.4846153846153846,0.6876381160733789,HI-VAE_weibull
0.004223554694864809,0.9723776223776224,0.0318699301335251,0.44260355029585796,0.09343346965778004,2.0,0.48846153846153845,0.7042458902267856,HI-VAE_weibull
0.0039006438625422053,0.9793706293706294,0.019014891849626958,0.48701923076923076,0.09347449398142112,3.0,0.4346153846153846,0.6848540793146322,HI-VAE_weibull
0.003190505534163465,0.9793706293706294,0.018960750763072135,0.4618713017751479,0.06672131019079694,1.0,0.47307692307692306,0.7009292714004641,HI-VAE_weibull
0.003852808972068006,0.9755244755244754,0.028578986118766258,0.46926775147928995,0.12111739959889953,2.0,0.48846153846153845,0.6926154265471115,HI-VAE_weibull
0.004488851422654895,0.9758741258741259,0.013223611192610538,0.5024038461538461,0.11706493001051246,3.0,0.49615384615384617,0.6988875982622651,HI-VAE_weibull
0.003739747979839974,0.976923076923077,0.020527122857320095,0.4512573964497042,0.10978395227178855,4.0,0.47307692307692306,0.6829995359318489,HI-VAE_weibull
0.004103881289410365,0.9772727272727271,0.015470372179044466,0.4863165680473373,0.1280636139329543,4.0,0.47307692307692306,0.6850519325976775,HI-VAE_weibull
0.00469253361539374,0.9716783216783217,0.030358167927641212,0.46597633136094674,0.15378145786775715,2.0,0.5423076923076923,0.6964271015126439,HI-VAE_weibull
0.0038434112005746365,0.9786713286713287,0.013753751481609988,0.44767011834319526,0.1428214105185846,1.0,0.46923076923076923,0.6877882588602401,HI-VAE_weibull
0.0035036404686984222,0.9804195804195803,0.023445282501200503,0.48269230769230764,0.18203042166064656,2.0,0.46153846153846156,0.7109397707024876,HI-VAE_weibull
0.00443621198553533,0.970979020979021,0.03366149416411171,0.49053254437869825,0.09334449581988462,2.0,0.46153846153846156,0.7238838342587224,HI-VAE_weibull
0.0033237474692788356,0.9758741258741259,0.03493737277300866,0.43579881656804736,0.12915276461763056,4.0,0.4461538461538462,0.710942404904184,HI-VAE_weibull
0.005712860345873775,0.9653846153846153,0.02359159037121756,0.4862426035502958,0.1127515324493329,2.0,0.47692307692307695,0.6850526742762111,HI-VAE_weibull
0.0037009226659765406,0.973076923076923,0.03805715307275868,0.48960798816568046,0.13783946803871877,4.0,0.45384615384615384,0.6892049956492325,HI-VAE_weibull
0.005287870761054436,0.9657342657342657,0.03096075316096699,0.5285133136094675,0.07351715783062904,1.0,0.4461538461538462,0.6885372346942111,HI-VAE_weibull
0.004310429775552894,0.9695804195804196,0.020519681768686245,0.42818047337278103,0.07784942711920743,1.0,0.45,0.676040336061836,HI-VAE_weibull
0.005400688398371845,0.9657342657342657,0.029163602686169687,0.49648668639053256,0.08797613631308274,3.0,0.4807692307692308,0.7079524210155833,HI-VAE_weibull
0.00421184691909765,0.9723776223776224,0.02843730699306675,0.4472633136094674,0.10592996346077961,1.0,0.4269230769230769,0.6828797268539744,HI-VAE_weibull
0.003413328303679616,0.9818181818181819,0.022376138363645597,0.45894970414201175,0.07032899657591996,1.0,0.4807692307692308,0.6879504146400904,HI-VAE_weibull
0.0027831455973755886,0.9832167832167831,0.02367767290793813,0.4645710059171598,0.12683668324178876,1.0,0.47307692307692306,0.6817060349370423,HI-VAE_weibull
0.0037181289154414087,0.9762237762237761,0.013814291575436167,0.4433431952662722,0.09980140617234241,3.0,0.4461538461538462,0.7086862067956649,HI-VAE_weibull
0.003727580361028306,0.974125874125874,0.046805222635253343,0.4906434911242603,0.21847993673010696,4.0,0.4576923076923077,0.7018131003715539,HI-VAE_weibull
0.004179904712006328,0.9765734265734266,0.029122952186186768,0.39548816568047335,0.0992708891472669,2.0,0.4807692307692308,0.6785081183201375,HI-VAE_weibull
0.004255166850736881,0.9772727272727273,0.022291062572249033,0.5063979289940828,0.09425641154505988,2.0,0.45384615384615384,0.67834176512418,HI-VAE_weibull
0.0035018386087592485,0.9769230769230769,0.024656449345127274,0.4132396449704142,0.24166993847959375,2.0,0.49230769230769234,0.7087109472087281,HI-VAE_weibull
0.0037166726948937375,0.9786713286713287,0.014000490008759353,0.4862056213017752,0.07885615891673112,2.0,0.4346153846153846,0.706004227274737,HI-VAE_weibull
0.003646675638649606,0.98006993006993,0.026887876680915117,0.4653106508875739,0.1516303516128185,1.0,0.48846153846153845,0.6892699871141791,HI-VAE_weibull
0.003453869786983811,0.9762237762237763,0.016941414695416636,0.4437869822485207,0.11373163992224548,2.0,0.4653846153846154,0.6823963263684525,HI-VAE_weibull
0.0034805559521612532,0.977972027972028,0.0209177904219441,0.46420118343195266,0.09441493453150543,2.0,0.4461538461538462,0.7018610237272401,HI-VAE_weibull
0.004364389899628134,0.975174825174825,0.03258282352232976,0.46142751479289945,0.043712151651126754,5.0,0.46923076923076923,0.6572070043536745,HI-VAE_weibull
0.005132603131897687,0.9702797202797203,0.022003248566116365,0.4699704142011834,0.09179599182731041,2.0,0.49615384615384617,0.725605696070075,HI-VAE_weibull
0.0048248387024477125,0.9723776223776223,0.01944330614996356,0.4416420118343195,0.10029552784119113,1.0,0.4461538461538462,0.6727983064023177,HI-VAE_weibull
0.003640685317900787,0.9727272727272727,0.01800843938549319,0.4756286982248521,0.09186890310897844,4.0,0.46153846153846156,0.6981430998868298,HI-VAE_weibull
0.0038862619790196867,0.9748251748251747,0.013359187336831719,0.444008875739645,0.1300287568694296,2.0,0.5,0.7199516457445849,HI-VAE_weibull
0.003954639049464494,0.9762237762237761,0.026521286210256144,0.4430843195266272,0.12217970749343594,1.0,0.4115384615384615,0.6997816434445345,HI-VAE_weibull
0.0038021633679253364,0.9765734265734266,0.023866070105176072,0.4663461538461539,0.07791174769762836,1.0,0.49615384615384617,0.6921502229676767,HI-VAE_weibull
0.0034220093165679842,0.9783216783216783,0.019546417677897387,0.4686390532544379,0.0779811173396642,4.0,0.4576923076923077,0.6845189589543248,HI-VAE_weibull
0.00523350518901597,0.9688811188811187,0.041991902691469775,0.4671597633136095,0.13796854571361544,2.0,0.47307692307692306,0.7073451836681501,HI-VAE_weibull
0.003730865356988997,0.9776223776223776,0.018823988710947506,0.47540680473372776,0.13682885806619247,2.0,0.47307692307692306,0.7236784639843806,HI-VAE_weibull
0.004315754896356209,0.9769230769230769,0.022441544247518777,0.46974852071005924,0.12408955958147197,3.0,0.4653846153846154,0.7120302490153391,HI-VAE_weibull
0.004920577677221306,0.9692307692307692,0.05595777810536801,0.48328402366863904,0.1499318466816009,2.0,0.4846153846153846,0.6942033797601307,HI-VAE_weibull
0.003656287700435068,0.9772727272727271,0.026625681549244183,0.4593565088757397,0.11021006131102547,2.0,0.45,0.6924444489488896,HI-VAE_weibull
0.002630504948264006,0.9814685314685314,0.026197188426764377,0.4193047337278107,0.09754637713013369,1.0,0.4576923076923077,0.7173675232106714,HI-VAE_weibull
0.0053626776535336575,0.9685314685314684,0.03690443082451497,0.45765532544378706,0.059050708029871606,1.0,0.4576923076923077,0.6878137293824573,HI-VAE_weibull
0.004278296892076866,0.9730769230769231,0.04430370929411919,0.5035502958579882,0.08439788283947837,1.0,0.4576923076923077,0.6861955645251666,HI-VAE_weibull
0.0038823426593362718,0.9727272727272727,0.021459538845952416,0.44933431952662717,0.11698231424381192,2.0,0.49230769230769234,0.7267473225262624,HI-VAE_weibull
0.005170056116919346,0.9695804195804196,0.03554699828051148,0.4800295857988165,0.11470926582215188,2.0,0.46923076923076923,0.6799684371867958,HI-VAE_weibull
0.0035631713979257583,0.9762237762237761,0.023479725849698523,0.4761094674556213,0.10351084146729277,2.0,0.45384615384615384,0.7043287901271583,HI-VAE_weibull
0.004249950823639669,0.9765734265734266,0.031086257394188493,0.44430473372781065,0.13329460683356462,3.0,0.4807692307692308,0.7176107868167901,HI-VAE_weibull
0.00255447189569818,0.9846153846153847,0.021689614887863,0.4415680473372781,0.10210704959785893,1.0,0.4307692307692308,0.6977077497985577,HI-VAE_weibull
0.004115343986941629,0.9762237762237761,0.0319430761623676,0.4490384615384616,0.12471610420180929,2.0,0.46153846153846156,0.688276123370654,HI-VAE_weibull
0.003974375291713337,0.9783216783216783,0.027717808441600045,0.5103550295857989,0.15011005688536816,1.0,0.45,0.703840158995494,HI-VAE_weibull
0.005726977669774208,0.9688811188811189,0.029725820809107555,0.48749999999999993,0.11464098321195193,4.0,0.4807692307692308,0.7081988045385974,HI-VAE_weibull
0.004286667985270106,0.9727272727272727,0.02458282514369317,0.44607988165680473,0.1088484711565617,1.0,0.4576923076923077,0.6974632048722397,HI-VAE_weibull
0.005395960109617391,0.9720279720279721,0.020885250620304475,0.47570266272189343,0.07885195466572992,2.0,0.4653846153846154,0.6897521960135442,HI-VAE_weibull
0.005206426554183241,0.9730769230769231,0.025313215787794763,0.5159023668639053,0.12292505845157814,2.0,0.4269230769230769,0.7049733154462845,HI-VAE_weibull
0.003926039230797831,0.9772727272727273,0.03569417344672621,0.5133875739644971,0.14181863061941977,2.0,0.4153846153846154,0.7084819080094451,HI-VAE_weibull
0.004235387797746575,0.9758741258741259,0.031795237882374976,0.45924556213017753,0.10276761782766239,2.0,0.4653846153846154,0.6869106734014285,HI-VAE_weibull
0.0041581007705302625,0.9772727272727273,0.02491328346549938,0.46238905325443785,0.07898430835282284,1.0,0.45,0.70010461037647,HI-VAE_weibull
0.004592039020334027,0.9730769230769231,0.03666845008233522,0.4274408284023668,0.183640226086628,3.0,0.47307692307692306,0.7308128053040408,HI-VAE_weibull
0.002971746476006268,0.9797202797202796,0.021952399738652883,0.396560650887574,0.10356305848090595,1.0,0.49615384615384617,0.7076211962960053,HI-VAE_weibull
0.003686646762916958,0.9786713286713287,0.02065425771806562,0.4664940828402367,0.09947275881696631,2.0,0.47307692307692306,0.6852241478912751,HI-VAE_weibull
0.005592581348702865,0.9671328671328671,0.02811308247015128,0.5190088757396449,0.15146783783042797,4.0,0.4653846153846154,0.7135695016846206,HI-VAE_weibull
0.004335648340426017,0.973076923076923,0.03896077413035426,0.4306213017751479,0.18267911558345468,3.0,0.5038461538461538,0.6964644518763268,HI-VAE_weibull
0.004064601836249859,0.9744755244755244,0.02973525938137969,0.49397189349112436,0.19545032420091252,2.0,0.5038461538461538,0.7085474048094236,HI-VAE_weibull
0.004699929416139711,0.974125874125874,0.03517763127437377,0.4285872781065089,0.08778747355512956,4.0,0.4346153846153846,0.689446944861301,HI-VAE_weibull
0.0042378806057284946,0.9765734265734264,0.03405610728982864,0.48757396449704143,0.1134032854525339,2.0,0.4461538461538462,0.6825674778500189,HI-VAE_weibull
0.0052891587177907795,0.9734265734265733,0.026958797600281924,0.49515532544378704,0.16443167308625517,1.0,0.4846153846153846,0.6953485502502119,HI-VAE_weibull
0.0031650482130540438,0.9748251748251747,0.026916715771673944,0.40632396449704145,0.10432277865653132,2.0,0.47307692307692306,0.7334231195457761,HI-VAE_weibull
0.004384876809999043,0.9723776223776224,0.020480576166838377,0.43676035502958577,0.17588414009020092,2.0,0.45,0.7271223843702918,HI-VAE_weibull
0.003941044185320478,0.9765734265734264,0.020686826267052115,0.4260724852071006,0.13351192376675367,3.0,0.4846153846153846,0.698022111039882,HI-VAE_weibull
0.005124921414544204,0.9674825174825176,0.05016259450861273,0.5055473372781065,0.16650177494472718,3.0,0.4576923076923077,0.7042900960375055,HI-VAE_weibull
0.0029427148575621957,0.9828671328671329,0.034536138644248045,0.4812869822485206,0.12615101037441642,2.0,0.4269230769230769,0.7005850342483163,HI-VAE_weibull
0.004215150393899548,0.974125874125874,0.03380928553812129,0.45547337278106514,0.06883322253496026,1.0,0.45384615384615384,0.7084235419735315,HI-VAE_weibull
0.004273044662838212,0.9776223776223776,0.013905389253657611,0.48010355029585805,0.12203811140642014,3.0,0.4423076923076923,0.701152995660189,HI-VAE_piecewise
0.0030136934997636116,0.9783216783216783,0.022948648622046774,0.39822485207100594,0.0880205236161956,3.0,0.46153846153846156,0.662713171441201,HI-VAE_piecewise
0.00380784719748903,0.975174825174825,0.015810353838614094,0.5036242603550296,0.11605725221274094,2.0,0.4576923076923077,0.7092979113960469,HI-VAE_piecewise
0.004637341515675224,0.9678321678321677,0.022352336694029484,0.5174556213017751,0.12756540100378075,2.0,0.46923076923076923,0.6978290140799105,HI-VAE_piecewise
0.004575224299983138,0.9758741258741259,0.020685378032884654,0.47747781065088757,0.07663258333388141,1.0,0.49230769230769234,0.704338224283247,HI-VAE_piecewise
0.0032487460797533366,0.979020979020979,0.025723670029327524,0.39249260355029586,0.13906815045145446,2.0,0.49615384615384617,0.7087958235567584,HI-VAE_piecewise
0.0030102516413159936,0.983916083916084,0.013030984709351438,0.41985946745562136,0.15602097861700095,4.0,0.48846153846153845,0.6853119312189399,HI-VAE_piecewise
0.005292658920211002,0.9699300699300699,0.03217700526869962,0.49970414201183433,0.13000254051492605,2.0,0.4807692307692308,0.7022429692925515,HI-VAE_piecewise
0.0037827302259703798,0.9786713286713287,0.01715855501549459,0.4352810650887574,0.11397225745578224,4.0,0.46923076923076923,0.695599799355837,HI-VAE_piecewise
0.004200399580986168,0.9772727272727273,0.02280461046009538,0.47448224852071,0.12691081045317698,4.0,0.4653846153846154,0.701518188341589,HI-VAE_piecewise
0.004432855968790142,0.9727272727272727,0.034012682776358265,0.46272189349112425,0.13440820447952836,2.0,0.47307692307692306,0.6677167561653995,HI-VAE_piecewise
0.003603207131005821,0.9748251748251747,0.015053187925250061,0.46227810650887574,0.22011649775374748,2.0,0.5,0.686070050642492,HI-VAE_piecewise
0.004619745745220666,0.972027972027972,0.04036961412768986,0.465939349112426,0.09883411144214523,2.0,0.5076923076923077,0.7055055351613044,HI-VAE_piecewise
0.003890790735848484,0.9737762237762237,0.0370081735218808,0.42211538461538456,0.10953499781729474,1.0,0.4576923076923077,0.7040722368865084,HI-VAE_piecewise
0.003297764343016979,0.9755244755244754,0.024559277763986864,0.4687869822485207,0.11253379779225772,2.0,0.4576923076923077,0.6947072517611759,HI-VAE_piecewise
0.004324539192225668,0.9716783216783217,0.026146145336556473,0.428439349112426,0.08261398498936251,2.0,0.4423076923076923,0.6846206871291659,HI-VAE_piecewise
0.00455009485257981,0.974125874125874,0.014897048568562292,0.4819156804733728,0.1239910600992067,3.0,0.4653846153846154,0.6931549084393896,HI-VAE_piecewise
0.00360409284759522,0.9765734265734264,0.014864434622686034,0.4174556213017751,0.10421243962613606,1.0,0.49615384615384617,0.7042934857999679,HI-VAE_piecewise
0.0046061734419678485,0.9734265734265733,0.04500854543805617,0.4515162721893491,0.0845144490363843,2.0,0.45,0.6807139632337714,HI-VAE_piecewise
0.002973583378039482,0.98006993006993,0.026573759056173554,0.5068786982248521,0.11745385791030166,2.0,0.4307692307692308,0.7202598119269715,HI-VAE_piecewise
0.004449528161841287,0.9734265734265733,0.014467003158572023,0.5254068047337277,0.1360765821178772,4.0,0.4307692307692308,0.6858833051020127,HI-VAE_piecewise
0.004257786915245302,0.9755244755244754,0.015569618257518607,0.3704511834319527,0.20151193481825208,3.0,0.46923076923076923,0.6802303478274411,HI-VAE_piecewise
0.003452363510464247,0.9814685314685314,0.02238753652346393,0.41020710059171606,0.09601749641309247,2.0,0.4461538461538462,0.7148963487308119,HI-VAE_piecewise
0.0035740905134750743,0.9783216783216783,0.010700854209097051,0.515680473372781,0.11169304426491561,1.0,0.4307692307692308,0.718645994704553,HI-VAE_piecewise
0.0032960623203253576,0.9846153846153847,0.00884028836303006,0.48014053254437866,0.11792568323337262,1.0,0.4846153846153846,0.7077360898367898,HI-VAE_piecewise
0.003931071818865314,0.9769230769230769,0.012924119252954789,0.42344674556213013,0.10644950710941314,3.0,0.4846153846153846,0.7006928138558458,HI-VAE_piecewise
0.003708977307289016,0.9786713286713286,0.0441083196864189,0.41360946745562127,0.04953619205754473,4.0,0.4846153846153846,0.7058017487885256,HI-VAE_piecewise
0.0038739822225616494,0.9751748251748252,0.028352246514362626,0.4238165680473373,0.17825006085606068,3.0,0.45,0.7054148887967749,HI-VAE_piecewise
0.005302445052178945,0.9699300699300699,0.02432514599004838,0.45118343195266275,0.15120887704357802,4.0,0.46153846153846156,0.6779590371725047,HI-VAE_piecewise
0.004071592150989906,0.974125874125874,0.01457659689238387,0.47825443786982247,0.14779101224175997,3.0,0.45384615384615384,0.6796112023923264,HI-VAE_piecewise
0.0037446688031046197,0.9786713286713287,0.010992864334671688,0.4171597633136095,0.13530068119337368,2.0,0.46153846153846156,0.673516571213849,HI-VAE_piecewise
0.004375085500218121,0.9755244755244754,0.011368367133227654,0.44090236686390527,0.10544983366122926,2.0,0.4807692307692308,0.6844591235200791,HI-VAE_piecewise
0.004761256934022098,0.9762237762237761,0.017608348024034163,0.4618343195266272,0.11008965561255815,3.0,0.45,0.6877575121781769,HI-VAE_piecewise
0.0035815469657238352,0.9776223776223777,0.024986151577370788,0.413646449704142,0.11639987500878259,2.0,0.47692307692307695,0.6666781951947358,HI-VAE_piecewise
0.003941229442895636,0.9772727272727273,0.014300252150254026,0.4459319526627219,0.22171056472037626,2.0,0.4653846153846154,0.6871061545523794,HI-VAE_piecewise
0.004094693834481344,0.9748251748251747,0.011546245350837545,0.4794378698224852,0.09178309366696838,4.0,0.4346153846153846,0.697570961618686,HI-VAE_piecewise
0.004639514914682712,0.973076923076923,0.010789190600592233,0.44778106508875737,0.15686833643464884,3.0,0.4230769230769231,0.7035310230013178,HI-VAE_piecewise
0.0038514015043150107,0.9762237762237761,0.020619331586167414,0.42448224852071004,0.08830775593074369,1.0,0.4461538461538462,0.7115556688564618,HI-VAE_piecewise
0.004607749988038334,0.9688811188811187,0.03558209410495235,0.47011834319526635,0.15771414288497726,2.0,0.47307692307692306,0.6809607008442506,HI-VAE_piecewise
0.003684898323921272,0.9730769230769231,0.04507728956901841,0.42270710059171596,0.059960415143699826,1.0,0.4307692307692308,0.6640285646110031,HI-VAE_piecewise
0.003635325688326238,0.977972027972028,0.010006388758309967,0.44482248520710055,0.12872895487609942,3.0,0.45,0.6884856274139158,HI-VAE_piecewise
0.004017363619556532,0.98006993006993,0.0147390333403714,0.4559171597633136,0.07205084913439722,2.0,0.46923076923076923,0.676382077691504,HI-VAE_piecewise
0.003700413545458713,0.977972027972028,0.01510382052429144,0.5055103550295857,0.11491790300572359,1.0,0.45384615384615384,0.6891198125263102,HI-VAE_piecewise
0.0044563106143915105,0.9730769230769231,0.04983701755787143,0.4712278106508876,0.19190048684558622,2.0,0.47307692307692306,0.6939587181428699,HI-VAE_piecewise
0.006118059901108949,0.9636363636363636,0.03269930367320005,0.45695266272189344,0.18640902300254875,5.0,0.4807692307692308,0.7011899091700238,HI-VAE_piecewise
0.0049076231238442515,0.972027972027972,0.0393892328888902,0.4707100591715977,0.09433846116725962,1.0,0.49230769230769234,0.6906521511320463,HI-VAE_piecewise
0.0035913858847022337,0.9765734265734266,0.013733455225612758,0.4822485207100592,0.13063823271659689,1.0,0.47307692307692306,0.7028118222450587,HI-VAE_piecewise
0.004638115844278273,0.9734265734265733,0.02766308447138146,0.4847633136094675,0.09626105172937265,1.0,0.5,0.6745843018052942,HI-VAE_piecewise
0.004357038679717536,0.979020979020979,0.017393460456064384,0.4544378698224853,0.13123372878713188,1.0,0.4307692307692308,0.7092408661467331,HI-VAE_piecewise
0.004399855290596107,0.9678321678321677,0.02449785937583004,0.43923816568047336,0.1276500866126978,1.0,0.47692307692307695,0.653025213234407,HI-VAE_piecewise
0.003957124216210421,0.9769230769230769,0.027886386403097495,0.46457100591715983,0.10867945532386303,2.0,0.4653846153846154,0.6948974359978237,HI-VAE_piecewise
0.00462900348215051,0.9734265734265733,0.030426301267572228,0.49245562130177517,0.07404948341921187,1.0,0.4307692307692308,0.7028344551144814,HI-VAE_piecewise
0.0032255455730006532,0.977972027972028,0.011768047668462714,0.4459319526627218,0.15019346697116873,3.0,0.48846153846153845,0.7007931883013144,HI-VAE_piecewise
0.0027891432236349656,0.98006993006993,0.03511324364612637,0.42418639053254437,0.18317185049066942,4.0,0.46153846153846156,0.7066674950331715,HI-VAE_piecewise
0.0028967758161203357,0.9807692307692306,0.023704364413877615,0.4844674556213017,0.11262834651647836,1.0,0.40384615384615385,0.7198137315112051,HI-VAE_piecewise
0.003692368666024859,0.9807692307692307,0.021174896648200596,0.42581360946745567,0.17774400270190152,3.0,0.46923076923076923,0.7093489000041066,HI-VAE_piecewise
0.0035971477772889725,0.9797202797202796,0.015794902433019103,0.4248890532544379,0.09934140946327494,3.0,0.49615384615384617,0.7088592124287663,HI-VAE_piecewise
0.004311381168412559,0.972027972027972,0.02458533344954373,0.4018491124260355,0.15064536313395807,2.0,0.4423076923076923,0.6758654876043011,HI-VAE_piecewise
0.004487511814550835,0.9758741258741259,0.02181892146382433,0.44430473372781065,0.1408624444312517,2.0,0.48846153846153845,0.6845856523599133,HI-VAE_piecewise
0.005101563339185019,0.969230769230769,0.04273946055393083,0.5006656804733727,0.13809634911419044,2.0,0.4269230769230769,0.6825133270943449,HI-VAE_piecewise
0.003560722478885885,0.977972027972028,0.012030463840832383,0.45510355029585803,0.1361758264992544,3.0,0.45384615384615384,0.6959675591860314,HI-VAE_piecewise
0.005522404217335245,0.9713286713286711,0.029191937950941497,0.44622781065088757,0.13656738989149106,2.0,0.4346153846153846,0.69452284686864,HI-VAE_piecewise
0.004953195046683611,0.9713286713286713,0.011910926800226946,0.4770710059171598,0.09925422513657549,2.0,0.4461538461538462,0.6919760334424739,HI-VAE_piecewise
0.0038670885019997884,0.9751748251748252,0.02603071533969167,0.4277366863905325,0.193269315513957,3.0,0.4807692307692308,0.7148856798430593,HI-VAE_piecewise
0.004165732401931548,0.9737762237762236,0.013147799789552226,0.4757396449704142,0.10437261247991154,3.0,0.4346153846153846,0.6733460521225502,HI-VAE_piecewise
0.0023971506249059428,0.9856643356643356,0.012042854085857771,0.4794378698224852,0.10851312895808438,2.0,0.5115384615384615,0.7157807529997929,HI-VAE_piecewise
0.003983332875683803,0.9744755244755243,0.030176778069676363,0.4770710059171598,0.10479842300317417,2.0,0.47307692307692306,0.6813437021361601,HI-VAE_piecewise
0.004999614352304872,0.9762237762237761,0.0189114079720335,0.4681952662721893,0.16558930425284824,1.0,0.47307692307692306,0.6860102803911506,HI-VAE_piecewise
0.0034114209733840132,0.975174825174825,0.02923772440662896,0.4627588757396449,0.14321577339429067,3.0,0.46153846153846156,0.6993266998032868,HI-VAE_piecewise
0.003288614773956593,0.9804195804195803,0.023526698204238288,0.41482988165680473,0.14631816985100282,5.0,0.48846153846153845,0.7128279536370113,HI-VAE_piecewise
0.003388077825705492,0.9793706293706294,0.021335610788095833,0.45110946745562125,0.2319217079595505,5.0,0.4461538461538462,0.6829353543147937,HI-VAE_piecewise
0.00444850277460757,0.972027972027972,0.021371615175842976,0.4784763313609467,0.21288889224974805,3.0,0.4807692307692308,0.6974952469357448,HI-VAE_piecewise
0.003378715510753791,0.9804195804195804,0.028498271722510033,0.43235946745562137,0.12314075910739807,2.0,0.49615384615384617,0.6931255834653649,HI-VAE_piecewise
0.006403075065611885,0.9664335664335664,0.018298380117918484,0.45883875739644964,0.1605491392113633,3.0,0.4461538461538462,0.7046853152968638,HI-VAE_piecewise
0.004264501588562149,0.9762237762237761,0.012981406183809042,0.46449704142011833,0.1122364318249134,3.0,0.46923076923076923,0.7037854712284284,HI-VAE_piecewise
0.00361103330424785,0.9793706293706294,0.013876345324347858,0.4441568047337278,0.1874787939704644,3.0,0.46153846153846156,0.7042977445105462,HI-VAE_piecewise
0.0035384229457581557,0.9779720279720278,0.012677667330318757,0.4556582840236686,0.17052795828125158,2.0,0.48846153846153845,0.6717318323255833,HI-VAE_piecewise
0.0042319153647213765,0.9779720279720278,0.012671079044886518,0.4856139053254437,0.1828316901418786,4.0,0.4576923076923077,0.6887713371842411,HI-VAE_piecewise
0.003965968469720711,0.9793706293706294,0.015465061216681952,0.4364644970414201,0.17322227855410469,1.0,0.4807692307692308,0.7443460139152106,HI-VAE_piecewise
0.004264663518585738,0.9744755244755243,0.02014096921924404,0.49482248520710054,0.08524113394171462,3.0,0.47692307692307695,0.7065059233816007,HI-VAE_piecewise
0.004009009376945571,0.974125874125874,0.04473718894668618,0.4453402366863905,0.10437201881657822,2.0,0.43846153846153846,0.6992341534454524,HI-VAE_piecewise
0.00438903528584836,0.9762237762237761,0.02768472927610439,0.44349112426035503,0.15688687390220896,2.0,0.45,0.6959243111936759,HI-VAE_piecewise
0.0037641041018959764,0.9776223776223776,0.015420421624868461,0.4369082840236686,0.16035380006556066,3.0,0.4576923076923077,0.6920244247466811,HI-VAE_piecewise
0.005061804599060068,0.9734265734265733,0.027410127835790908,0.48043639053254433,0.09836237786189338,1.0,0.5076923076923077,0.7049705646872129,HI-VAE_piecewise
0.005217867794426714,0.9692307692307692,0.023998445553132356,0.4582840236686391,0.05373257229856366,3.0,0.46923076923076923,0.6956488486340479,HI-VAE_piecewise
0.003759548879128799,0.9786713286713287,0.010255952367530737,0.43398668639053256,0.10797011833122946,3.0,0.4807692307692308,0.6683038738512349,HI-VAE_piecewise
0.004037693380319562,0.9755244755244756,0.03157209249697578,0.4311760355029586,0.11684505422735021,1.0,0.47692307692307695,0.7021755031046251,HI-VAE_piecewise
0.004572712974062599,0.9716783216783217,0.015327208558706968,0.44837278106508877,0.0911182331793744,3.0,0.4653846153846154,0.7008367287740688,HI-VAE_piecewise
0.004722269457224257,0.9709790209790209,0.042896540455305,0.4138683431952662,0.12212414436450848,1.0,0.45384615384615384,0.6890767276826835,HI-VAE_piecewise
0.0039062057368505136,0.974125874125874,0.013990157367230593,0.5093934911242604,0.1371080714617578,3.0,0.4653846153846154,0.6915633602278308,HI-VAE_piecewise
0.004738646138138486,0.9737762237762237,0.00918130767753729,0.46830621301775155,0.13282387505658,4.0,0.4307692307692308,0.7057118205501774,HI-VAE_piecewise
0.004485490641587435,0.9751748251748252,0.010927388555066475,0.476146449704142,0.16975811355744067,3.0,0.48846153846153845,0.6548740660706907,HI-VAE_piecewise
0.0021482788240076564,0.9842657342657343,0.018431608757579866,0.4378698224852071,0.11395504604176286,4.0,0.46153846153846156,0.6993228757384099,HI-VAE_piecewise
0.0035141270570368073,0.9786713286713286,0.015232110255099011,0.450369822485207,0.14312961793617937,3.0,0.43846153846153846,0.6771678935331765,HI-VAE_piecewise
0.006571605122745902,0.9611888111888113,0.01494171143885115,0.4491494082840237,0.0843021030492842,2.0,0.46923076923076923,0.7002089560886505,HI-VAE_piecewise
0.003979385848917697,0.9772727272727271,0.02816749431282385,0.4637204142011834,0.12947609799927126,3.0,0.4576923076923077,0.6998242338067472,HI-VAE_piecewise
0.005188289368248792,0.9685314685314684,0.04276974637611995,0.4740754437869823,0.13896253974160092,1.0,0.45,0.6849512323708062,HI-VAE_piecewise
0.0026629565273751975,0.9846153846153847,0.010556367630180892,0.48764792899408294,0.11606330002229295,1.0,0.5153846153846153,0.70283513438252,HI-VAE_piecewise
0.004398532975980473,0.9758741258741259,0.02394940283106938,0.5104289940828403,0.10579810933947867,1.0,0.43846153846153846,0.6968078118284502,HI-VAE_piecewise
0.004090355674570014,0.975174825174825,0.019972656460482647,0.4900147928994083,0.08709732945480719,2.0,0.49615384615384617,0.713534321317674,HI-VAE_piecewise
0.003827784783040958,0.9786713286713287,0.02057906470489399,0.465310650887574,0.061709981216596335,1.0,0.48846153846153845,0.6978597434812337,HI-VAE_piecewise
0.002667005037933255,0.98006993006993,0.018212708748658397,0.4672337278106509,0.16768100266832714,3.0,0.43846153846153846,0.7071552427333742,HI-VAE_piecewise
0.005226154107040478,0.9713286713286713,0.012196741244212413,0.4096893491124261,0.14194052510884764,3.0,0.4461538461538462,0.687563491313897,HI-VAE_piecewise
0.004176934117069853,0.9734265734265736,0.01657282455676604,0.40943047337278105,0.0949586674281208,3.0,0.4846153846153846,0.7069309069385304,HI-VAE_piecewise
0.004107359821689993,0.9776223776223776,0.010888153994031336,0.45325443786982256,0.08201715135650021,2.0,0.4807692307692308,0.7044929642521249,HI-VAE_piecewise
0.004376068206949493,0.9730769230769231,0.010975456799383672,0.46087278106508867,0.2141777373498846,3.0,0.4346153846153846,0.6720057471479912,HI-VAE_piecewise
0.004693986258332858,0.9727272727272727,0.028391955776480782,0.48927514792899407,0.0937509592280313,2.0,0.4115384615384615,0.6897426620163833,HI-VAE_piecewise
0.004743666655013104,0.9695804195804196,0.04975900321665477,0.4510355029585799,0.0873666495460187,1.0,0.45,0.7041379003466443,HI-VAE_piecewise
0.003261361217740319,0.9814685314685313,0.014512993550502926,0.4655325443786982,0.14552278578672187,2.0,0.45,0.6848507726162294,HI-VAE_piecewise
0.0030338537520357397,0.9779720279720278,0.021571264922768126,0.4721893491124261,0.08433532610547738,4.0,0.47692307692307695,0.7161763403326152,HI-VAE_piecewise
0.0029543644660148293,0.9832167832167833,0.026499628355401143,0.4670857988165681,0.07502402386575921,2.0,0.4269230769230769,0.6794900807717001,HI-VAE_piecewise
0.0031261901087554183,0.9797202797202798,0.023434442717547653,0.49966715976331366,0.13973219576307083,2.0,0.4576923076923077,0.7105435774729281,HI-VAE_piecewise
0.0055177831060556895,0.9699300699300699,0.015196828235363573,0.4621671597633136,0.09355825174419578,1.0,0.4807692307692308,0.6970661402054724,HI-VAE_piecewise
0.0037062605422504076,0.9793706293706294,0.008799104367326513,0.45484467455621297,0.17037931773414167,3.0,0.49615384615384617,0.7036657849184186,HI-VAE_piecewise
0.004222447917519095,0.9713286713286713,0.032140279176539374,0.4693047337278107,0.08126326678799654,1.0,0.46923076923076923,0.6974029008043241,HI-VAE_piecewise
0.005094779936707258,0.9723776223776223,0.021478946254242993,0.4178254437869823,0.1420412437801573,2.0,0.47692307692307695,0.7050708081097626,HI-VAE_piecewise
0.0028346151859944793,0.98006993006993,0.014422212698224792,0.43291420118343193,0.1408586012312507,3.0,0.43846153846153846,0.6626038698161332,HI-VAE_piecewise
0.0049725785264176856,0.972027972027972,0.01943644878832419,0.4821005917159763,0.11964776025640365,2.0,0.4307692307692308,0.7037520820606512,HI-VAE_piecewise
0.003966717972360569,0.970979020979021,0.02571602494310186,0.48491124260355034,0.12077196318368043,2.0,0.46923076923076923,0.6574711546025647,HI-VAE_piecewise
0.00272079117152115,0.9807692307692306,0.01051219493679784,0.4422337278106509,0.1579778361434604,3.0,0.4846153846153846,0.7051388061215588,HI-VAE_piecewise
0.004144196635991367,0.9678321678321677,0.029379862047846685,0.44489644970414205,0.12397260055995481,2.0,0.47692307692307695,0.6813513973676436,HI-VAE_piecewise
0.0029393781170340594,0.9842657342657343,0.014430002169225188,0.4549556213017751,0.08800197891559312,4.0,0.4230769230769231,0.7043735092658873,HI-VAE_piecewise
0.004712206718884077,0.9758741258741257,0.01401623676589252,0.40440088757396453,0.14430484592499318,2.0,0.46923076923076923,0.6986210017215029,HI-VAE_piecewise
0.0029246974344720946,0.979020979020979,0.024967204583924756,0.437241124260355,0.13169965025519806,3.0,0.4307692307692308,0.6961175897413401,HI-VAE_piecewise
0.004237059418908763,0.972027972027972,0.018447906351993754,0.4381286982248521,0.13840539029739257,1.0,0.5076923076923077,0.6927697160216403,HI-VAE_piecewise
0.004210986910731505,0.9751748251748252,0.026435653489452128,0.46760355029585804,0.21070176830714146,3.0,0.43846153846153846,0.6968399655191402,HI-VAE_piecewise
0.004232746968275971,0.9772727272727273,0.01071643431147381,0.4781065088757397,0.1256350698247916,2.0,0.4461538461538462,0.7133251746706457,HI-VAE_piecewise
0.004925937772253092,0.9727272727272727,0.01935122902593437,0.45584319526627215,0.10467380167096799,3.0,0.4269230769230769,0.6967365667179907,HI-VAE_piecewise
0.004651131717536755,0.9713286713286713,0.022729779280097426,0.3863905325443787,0.0819701043806598,1.0,0.5038461538461538,0.6857130757303882,HI-VAE_piecewise
0.0034970617793196393,0.981118881118881,0.008392587467028097,0.4391642011834319,0.0959791150503606,3.0,0.47692307692307695,0.6998863379781537,HI-VAE_piecewise
0.003937000849195272,0.9769230769230769,0.010377364053533669,0.40610207100591716,0.16031686843089596,2.0,0.46153846153846156,0.6947450189421395,HI-VAE_piecewise
0.0041012055003727035,0.979020979020979,0.01205959728930607,0.47995562130177516,0.09506927085916923,3.0,0.4576923076923077,0.699838188892673,HI-VAE_piecewise
0.004815044904061206,0.9674825174825176,0.014097716391626628,0.48080621301775145,0.09941896947009424,3.0,0.4346153846153846,0.6944596975453193,HI-VAE_piecewise
0.0035057236256204483,0.9748251748251747,0.03525731744659106,0.4612795857988165,0.13874493160674528,2.0,0.46153846153846156,0.683556307725787,HI-VAE_piecewise
0.004815446401925331,0.9737762237762237,0.026986727518379737,0.4847263313609467,0.11969990796059454,2.0,0.5038461538461538,0.6708660209288493,HI-VAE_piecewise
0.004565297187461772,0.9758741258741257,0.009999030815862007,0.39644970414201175,0.13998735146749,4.0,0.48846153846153845,0.6953623709940039,HI-VAE_piecewise
0.00413787807591707,0.9751748251748252,0.023365759673010977,0.4450443786982249,0.10922100475130463,2.0,0.4307692307692308,0.6975043017894242,HI-VAE_piecewise
0.004821126839289427,0.9727272727272727,0.014383561953291785,0.41638313609467453,0.15124480608795704,2.0,0.4807692307692308,0.6804518426354865,HI-VAE_piecewise
0.004603051109986408,0.9702797202797201,0.018804816052770332,0.446301775147929,0.12889833853591498,4.0,0.46923076923076923,0.6939497575292235,HI-VAE_piecewise
0.004943471468454056,0.972027972027972,0.020951758429762008,0.43306213017751477,0.1908957891004721,3.0,0.4307692307692308,0.7032172792182769,HI-VAE_piecewise
0.004062178982273756,0.9762237762237761,0.013225519509051311,0.45480769230769225,0.12219699891762739,2.0,0.46923076923076923,0.7007530840043297,HI-VAE_piecewise
0.0044138959612213665,0.9744755244755243,0.01858175706631519,0.5013313609467456,0.0930475749897004,3.0,0.4461538461538462,0.6917361618535185,HI-VAE_piecewise
0.004747303912175264,0.9755244755244754,0.019469400063926907,0.45203402366863904,0.1357529735095716,1.0,0.4807692307692308,0.6769303434432108,HI-VAE_piecewise
0.004143270581708766,0.9716783216783217,0.014423872800416999,0.46335059171597637,0.14962725156367096,2.0,0.45,0.6715143005665845,HI-VAE_piecewise
0.0035213228432336677,0.9797202797202798,0.01383128645279917,0.4789940828402367,0.1573052810510483,3.0,0.45,0.7018021939154662,HI-VAE_piecewise
0.003950558264882336,0.9744755244755244,0.018088619492715025,0.4665680473372781,0.1389158893455303,3.0,0.46153846153846156,0.687277274089142,HI-VAE_piecewise
0.0046285302649178356,0.9758741258741259,0.01547399009526769,0.4737056213017752,0.09061703476758913,2.0,0.47307692307692306,0.6845499569958445,HI-VAE_piecewise
0.003596655883812645,0.9776223776223776,0.029528448860347355,0.432396449704142,0.07203470031771902,3.0,0.47692307692307695,0.6737214666650361,HI-VAE_piecewise
0.004801706977689532,0.9727272727272728,0.03282816405369098,0.477292899408284,0.12647464108410128,1.0,0.4576923076923077,0.6817136169058565,HI-VAE_piecewise
0.003993868597289961,0.9772727272727273,0.02592206768090101,0.3927514792899408,0.08935023016548076,1.0,0.47307692307692306,0.6956314977607986,HI-VAE_piecewise
0.004008009230211183,0.9737762237762237,0.01596379693152136,0.44585798816568045,0.17471985611202007,3.0,0.4307692307692308,0.7083224517434452,HI-VAE_piecewise
0.003214826601108113,0.9818181818181819,0.009582226141964915,0.4063609467455621,0.1621158098633595,4.0,0.48846153846153845,0.6836914249924845,HI-VAE_piecewise
0.0050068689285983434,0.9734265734265733,0.0176100063230882,0.49711538461538457,0.1348274772741278,2.0,0.46153846153846156,0.6820588155594184,HI-VAE_piecewise
0.004296069318119183,0.973076923076923,0.024232101807840127,0.45207100591715976,0.15524708947512741,1.0,0.4846153846153846,0.711433622585326,HI-VAE_piecewise
0.0029522560607706206,0.9804195804195804,0.012346751594997029,0.4115754437869823,0.15240205484552477,3.0,0.46153846153846156,0.705616544150721,HI-VAE_piecewise
0.0032311355972761916,0.981118881118881,0.019924391921482463,0.39737426035502954,0.1357128161933146,3.0,0.5192307692307693,0.6641602747257451,HI-VAE_piecewise
0.0039019491349010517,0.9769230769230769,0.019438239500967285,0.3998890532544379,0.1562836150879278,2.0,0.4846153846153846,0.6979779413225522,HI-VAE_piecewise
0.002577299606928445,0.9758741258741259,0.028279292117492996,0.4437130177514793,0.1210348089359611,3.0,0.49615384615384617,0.6796743440025034,HI-VAE_piecewise
0.003929571217531503,0.9734265734265733,0.01846967022005903,0.44105029585798816,0.09649539517938141,2.0,0.4807692307692308,0.6948270544884362,HI-VAE_piecewise
0.005113036196299243,0.9706293706293706,0.014090004075487538,0.4859467455621302,0.12443237079587761,1.0,0.5,0.6946822835698693,HI-VAE_piecewise
0.004545549289144443,0.9737762237762237,0.02452248542892045,0.4708579881656805,0.10494367815855317,1.0,0.4423076923076923,0.6861896325792136,HI-VAE_piecewise
0.0035373605049669353,0.9783216783216783,0.012513152314194925,0.45514053254437875,0.11795121200296498,3.0,0.47692307692307695,0.7060908975471767,HI-VAE_piecewise
0.003088830442011756,0.9786713286713286,0.017804341270878363,0.4625,0.144340126210316,3.0,0.47307692307692306,0.6913086418768418,HI-VAE_piecewise
0.004893317805387786,0.9713286713286713,0.03563613526154931,0.434430473372781,0.06690171474747031,2.0,0.4423076923076923,0.6861825872087313,HI-VAE_piecewise
0.0032119078778464747,0.9793706293706294,0.008974829952276114,0.46153846153846156,0.08153620602825454,3.0,0.4346153846153846,0.7183287486480233,HI-VAE_piecewise
0.004738050768578943,0.9730769230769231,0.018645167638897835,0.4100221893491124,0.13906743409584418,2.0,0.45384615384615384,0.697637496727485,HI-VAE_piecewise
0.004854914926200612,0.9713286713286713,0.024544619634108526,0.494896449704142,0.08565926924303705,3.0,0.4846153846153846,0.6748176912888821,HI-VAE_piecewise
0.004765203889146218,0.9727272727272727,0.01119633403331446,0.4761094674556213,0.14524156652195058,3.0,0.4423076923076923,0.7113585763295381,HI-VAE_piecewise
0.0033823854999162394,0.9758741258741259,0.016943571752102274,0.4496301775147929,0.15524490985025424,4.0,0.4269230769230769,0.6744808264380876,HI-VAE_piecewise
0.0030796197548001282,0.9814685314685314,0.013687514673576436,0.4246301775147929,0.057622940983164846,2.0,0.5,0.7111403425102645,HI-VAE_piecewise
0.0038251949761684,0.9765734265734266,0.018581949197399406,0.4177514792899408,0.11527600616617856,3.0,0.4461538461538462,0.6867383065530832,HI-VAE_piecewise
0.003919208159354834,0.979020979020979,0.021538963143701045,0.45765532544378695,0.13266756004204844,1.0,0.4115384615384615,0.6676927949219933,HI-VAE_piecewise
0.0029457805754519897,0.9758741258741259,0.009983459040497671,0.4864275147928995,0.14057220418432625,2.0,0.5076923076923077,0.689427787843247,HI-VAE_piecewise
0.004123483214239598,0.9776223776223776,0.014128861685265132,0.44038461538461543,0.09992905680050841,4.0,0.5384615384615384,0.6996166123601909,HI-VAE_piecewise
0.0032724227323863457,0.9776223776223776,0.021044056890590385,0.42211538461538456,0.13832115222907984,2.0,0.47692307692307695,0.6814417034991235,HI-VAE_piecewise
0.003595979535630495,0.979020979020979,0.010697572431814338,0.4199704142011835,0.12959046975759955,4.0,0.45384615384615384,0.6885705263691786,HI-VAE_piecewise
0.003324082103034448,0.9797202797202796,0.006783746026873251,0.4553994082840237,0.1483690120685374,4.0,0.4461538461538462,0.6733350636560557,HI-VAE_piecewise
0.0036972293639435066,0.9804195804195803,0.02792711640446326,0.38394970414201185,0.1530238445583588,1.0,0.4423076923076923,0.67693291350663,HI-VAE_piecewise
0.0044537981809487995,0.9776223776223776,0.018472939278409605,0.44068047337278105,0.19352629827958376,2.0,0.47692307692307695,0.6882712740417912,HI-VAE_piecewise
0.004768130481958521,0.9762237762237763,0.026042464281551367,0.4503328402366864,0.21197659733180715,5.0,0.4846153846153846,0.6777028971602537,HI-VAE_piecewise
0.005257080514135862,0.9695804195804194,0.0220196421377319,0.42008136094674564,0.1457890639747772,3.0,0.5115384615384615,0.6807599850985834,HI-VAE_piecewise
0.004219013955290229,0.9734265734265733,0.025676171854067502,0.47422337278106497,0.09212296165641944,1.0,0.46923076923076923,0.6602344655623518,HI-VAE_piecewise
0.0052877847901107635,0.974125874125874,0.02448861251372574,0.43295118343195266,0.11703599602215198,2.0,0.47692307692307695,0.6973488490506651,HI-VAE_piecewise
0.00517427115279165,0.9699300699300699,0.017682904640652017,0.45133136094674553,0.1302386258262345,3.0,0.4807692307692308,0.6851766286616938,HI-VAE_piecewise
0.0033948892289062424,0.9821678321678321,0.01417332334423624,0.4224852071005917,0.1092042826799758,3.0,0.4346153846153846,0.7073155731170035,HI-VAE_piecewise
0.00476637779996722,0.9751748251748252,0.02285431162638048,0.4109467455621302,0.10956148735699782,3.0,0.47307692307692306,0.6801076171255893,HI-VAE_piecewise
0.004534323050926979,0.9744755244755244,0.0310508465754885,0.4093565088757397,0.11908798329312302,2.0,0.4230769230769231,0.7054782293592051,HI-VAE_piecewise
0.0029798994411570513,0.9811188811188812,0.02337524574020141,0.3861316568047337,0.16351002488805566,2.0,0.45384615384615384,0.6807411339382196,HI-VAE_piecewise
0.004344173003639034,0.9727272727272727,0.027532683540277072,0.4618713017751479,0.12297163435598836,2.0,0.4576923076923077,0.6966092606020496,HI-VAE_piecewise
0.004286669058337104,0.9776223776223776,0.013959061553271462,0.4376109467455621,0.17409455462377008,4.0,0.5,0.6969021101861881,HI-VAE_piecewise
0.004152316352656277,0.972027972027972,0.019518978718316822,0.4693047337278107,0.1354123831939653,3.0,0.4423076923076923,0.6812111858716093,HI-VAE_piecewise
0.00448384752519865,0.9695804195804196,0.023012200716956834,0.46072485207100594,0.14688269076223595,1.0,0.4423076923076923,0.6879266844426168,HI-VAE_piecewise
0.00485383808955189,0.9702797202797203,0.01818014109563408,0.41893491124260357,0.1616371080757786,2.0,0.4423076923076923,0.6889682914968535,HI-VAE_piecewise
0.0044526854095509934,0.9727272727272727,0.011005183374195747,0.45181213017751476,0.09036136586088571,1.0,0.43846153846153846,0.6846030467586385,HI-VAE_piecewise
0.003957328618764198,0.9765734265734264,0.01851877394577983,0.4074704142011834,0.14665280855476265,3.0,0.4846153846153846,0.6873694049028496,HI-VAE_piecewise
0.004187375857777264,0.9734265734265733,0.013968661678216643,0.4243713017751479,0.12189987918701495,2.0,0.4807692307692308,0.680937519330832,HI-VAE_piecewise
0.0037625574386089006,0.9723776223776224,0.021219705870650755,0.41057692307692306,0.10651987254483661,1.0,0.47307692307692306,0.6798482232861216,HI-VAE_piecewise
0.00344130385407687,0.9765734265734266,0.013266096506364802,0.4674926035502958,0.17671896314303323,3.0,0.4653846153846154,0.6788243443029857,HI-VAE_piecewise
0.0035325010224674398,0.9783216783216783,0.014206735492947075,0.4552884615384616,0.19803096897576253,4.0,0.4807692307692308,0.7123880624123172,HI-VAE_piecewise
0.0030486384880663454,0.9772727272727273,0.01547417353438055,0.4657544378698225,0.10332405911331459,2.0,0.5076923076923077,0.708185408371877,HI-VAE_piecewise
0.007495549429840997,0.958041958041958,0.08097794352744889,0.5808062130177516,0.06463065657200778,1.0,0.38076923076923075,0.6600877526398421,Surv-GAN
0.007531796809326955,0.9527972027972027,0.06302681170360677,0.5548816568047338,0.05236456914106613,2.0,0.41923076923076924,0.6340315617953446,Surv-GAN
0.007276934334721174,0.9517482517482517,0.0877851000830217,0.6192677514792899,0.10003660378993755,1.0,0.40384615384615385,0.6590315958180718,Surv-GAN
0.007262506730283224,0.9576923076923077,0.07020126674843383,0.5356139053254438,0.07205010589087864,1.0,0.4076923076923077,0.6259795636674532,Surv-GAN
0.0075172833200843805,0.955244755244755,0.08493086556436041,0.579326923076923,0.08854119683118904,1.0,0.41923076923076924,0.666777361324749,Surv-GAN
0.008382372278012236,0.952097902097902,0.08408026646435877,0.6184541420118344,0.11499697087674061,1.0,0.4115384615384615,0.6618060924663935,Surv-GAN
0.006434494669575574,0.9594405594405593,0.07662710345610163,0.5485207100591716,0.0494545307489617,2.0,0.39615384615384613,0.6646171224161088,Surv-GAN
0.008468299157817615,0.9503496503496504,0.08227697738201262,0.5601331360946744,0.08317009923869335,1.0,0.4269230769230769,0.6474051220730318,Surv-GAN
0.007853711994433564,0.9534965034965034,0.08177273945660135,0.5564349112426035,0.05453398450639654,1.0,0.41923076923076924,0.6790013689650131,Surv-GAN
0.007562235081756587,0.9541958041958041,0.08042231993563244,0.5633505917159762,0.05099660737167321,1.0,0.4230769230769231,0.6640461168929934,Surv-GAN
0.008580123564572507,0.9534965034965034,0.08380775564339898,0.5898298816568047,0.06370553554102233,1.0,0.43846153846153846,0.6482502381399148,Surv-GAN
0.006814822251972705,0.9562937062937064,0.06051306786590012,0.561353550295858,0.0496318987006312,2.0,0.43846153846153846,0.65076118256058,Surv-GAN
0.00640410339464691,0.9594405594405594,0.06323885038928602,0.5926405325443787,0.05993301149459048,1.0,0.4076923076923077,0.648882824009258,Surv-GAN
0.0070992854833956485,0.9486013986013986,0.09081777621873632,0.5941198224852071,0.07192776316353348,1.0,0.41923076923076924,0.6186852078565636,Surv-GAN
0.00818586296362759,0.9482517482517481,0.09113272796937048,0.5703032544378698,0.05037092280022854,1.0,0.4,0.6725215759457908,Surv-GAN
0.0076520418024169515,0.951048951048951,0.055750888020294584,0.6473002958579882,0.10410907667210274,1.0,0.3576923076923077,0.6366312047578022,Surv-GAN
0.007020725913045606,0.9590909090909091,0.0815911263047669,0.5765902366863905,0.055718068801662156,1.0,0.4230769230769231,0.6155497311526137,Surv-GAN
0.007016680159855706,0.9587412587412587,0.061396242272721384,0.5743343195266272,0.09523642266288776,1.0,0.4230769230769231,0.6863704742070513,Surv-GAN
0.0054859483545281135,0.9685314685314684,0.05691331881310213,0.5761834319526626,0.08967871723223284,1.0,0.3923076923076923,0.6641615691272735,Surv-GAN
0.00779982434211493,0.9552447552447553,0.06903911148971714,0.6080621301775148,0.07004936118789154,2.0,0.4307692307692308,0.635118853482121,Surv-GAN
0.007749949750363083,0.9541958041958041,0.0869677382267545,0.5961908284023669,0.06542558261212945,1.0,0.4,0.6823059938011041,Surv-GAN
0.00674419596164351,0.9552447552447553,0.07575938907746448,0.5483727810650887,0.048479597794999364,1.0,0.45384615384615384,0.6361803768263418,Surv-GAN
0.007561798086410173,0.955944055944056,0.08666235903047287,0.6280695266272189,0.05579131140107809,1.0,0.40384615384615385,0.6510484785536615,Surv-GAN
0.01004206379796198,0.9479020979020979,0.06634602392254446,0.6377218934911244,0.05906617995888531,1.0,0.40384615384615385,0.6152849829244091,Surv-GAN
0.006765599328848074,0.9615384615384616,0.05594520541834215,0.6104289940828402,0.0617365403737853,1.0,0.4269230769230769,0.6577619325618197,Surv-GAN
0.007912363016043976,0.9541958041958041,0.07587946131597915,0.5998520710059172,0.04888535381324671,1.0,0.36923076923076925,0.6410937331864448,Surv-GAN
0.0071629311022598655,0.9541958041958043,0.05545177561974837,0.5851331360946745,0.04651785251330438,1.0,0.4269230769230769,0.6479004935869032,Surv-GAN
0.007039121068882978,0.9552447552447553,0.08445463349111816,0.5664201183431953,0.05293360840467648,1.0,0.4230769230769231,0.6486658063104808,Surv-GAN
0.00801107468838095,0.9513986013986013,0.08428544745452875,0.5779955621301774,0.05354101833694887,2.0,0.43846153846153846,0.6460105573628826,Surv-GAN
0.005313634545198462,0.9653846153846154,0.07617508662969241,0.5801775147928994,0.06378137570545275,1.0,0.4346153846153846,0.6898043381485226,Surv-GAN
0.0066928344872028206,0.9548951048951048,0.07790802028627061,0.590310650887574,0.05142191745503823,1.0,0.4230769230769231,0.6346359130185077,Surv-GAN
0.008141776067940117,0.9479020979020979,0.08907086869473552,0.5852071005917161,0.05510803254197701,1.0,0.4307692307692308,0.6625380356521597,Surv-GAN
0.00792209420181559,0.9493006993006993,0.08530400816187385,0.6268121301775148,0.08189550036003866,1.0,0.4,0.6426190071489705,Surv-GAN
0.007444697872790492,0.9569930069930069,0.08032795033138486,0.6118343195266274,0.06853327662421142,1.0,0.4230769230769231,0.6292359410926596,Surv-GAN
0.006229560447383296,0.9643356643356641,0.0371818131699174,0.5610946745562131,0.048496085049212725,1.0,0.3923076923076923,0.6452177669195305,Surv-GAN
0.008202764154702384,0.9465034965034966,0.09583277422745438,0.6331360946745562,0.053485841375164905,1.0,0.38461538461538464,0.6435202977053762,Surv-GAN
0.007388974175508656,0.9583916083916084,0.06455683127983916,0.5967455621301775,0.09998593251925977,1.0,0.4230769230769231,0.6238556514420229,Surv-GAN
0.0074865184007423344,0.9580419580419579,0.07282554980206662,0.613794378698225,0.04588431071452437,1.0,0.40384615384615385,0.6902520536781789,Surv-GAN
0.006918222707698201,0.9566433566433566,0.05573019366983064,0.6133875739644971,0.05077828087909193,1.0,0.47307692307692306,0.6282078207693976,Surv-GAN
0.007439158039862116,0.9513986013986013,0.07413122778551534,0.5711538461538461,0.0684947246095558,1.0,0.4307692307692308,0.6174736559687666,Surv-GAN
0.008193754236664318,0.9468531468531469,0.08276552556248859,0.591715976331361,0.050454872715475864,2.0,0.4076923076923077,0.6261496570606367,Surv-GAN
0.007363622778404171,0.955244755244755,0.06734129381838608,0.61198224852071,0.061023852212057535,1.0,0.4230769230769231,0.6730741278536873,Surv-GAN
0.007232786908965488,0.9562937062937062,0.0671753400310133,0.6065828402366864,0.06134679330500566,1.0,0.38846153846153847,0.6438699274424563,Surv-GAN
0.007450292668042439,0.951048951048951,0.061166754307755596,0.5846153846153845,0.053149265815795335,2.0,0.4230769230769231,0.6732533927426411,Surv-GAN
0.007501699549873925,0.9552447552447553,0.055943701940401956,0.580103550295858,0.06806023238448883,1.0,0.4346153846153846,0.6660574264446482,Surv-GAN
0.007808638446539065,0.9489510489510488,0.07608073353396654,0.6039201183431953,0.08392975802594575,1.0,0.39615384615384613,0.687108674164598,Surv-GAN
0.00751465393544656,0.9524475524475524,0.08964768795478482,0.573594674556213,0.057902240482732424,1.0,0.41923076923076924,0.621471755511652,Surv-GAN
0.007317324493771449,0.9527972027972029,0.08424512870668872,0.6001849112426035,0.05452896401541939,1.0,0.4,0.6169911339426527,Surv-GAN
0.0076435503760503174,0.9524475524475524,0.045720423311926564,0.6046967455621302,0.051478871920355045,1.0,0.43846153846153846,0.6459183892733739,Surv-GAN
0.006871307956169054,0.9597902097902097,0.05659046681222572,0.6189349112426036,0.05867349924012548,1.0,0.45,0.639198488525219,Surv-GAN
0.008050440856327919,0.954895104895105,0.07243432031358199,0.5873150887573964,0.0653575276763046,1.0,0.4115384615384615,0.6358117857956346,Surv-GAN
0.007635950915329695,0.955944055944056,0.08294958405127557,0.6088757396449703,0.06319039610833796,1.0,0.36153846153846153,0.6555859857748324,Surv-GAN
0.008867480027729753,0.9461538461538462,0.08486323781498084,0.5971523668639053,0.05865061583664365,1.0,0.4346153846153846,0.6427995720854591,Surv-GAN
0.007697635928797964,0.9545454545454546,0.06614353524835179,0.5677884615384616,0.05125831051829841,1.0,0.43846153846153846,0.62518589389232,Surv-GAN
0.004865368736472932,0.9636363636363636,0.07951149680297509,0.5907914201183431,0.049611894648281064,1.0,0.4307692307692308,0.6505954750363504,Surv-GAN
0.008292192669154565,0.9527972027972027,0.0882088956374747,0.5954511834319526,0.06846517681362858,1.0,0.4115384615384615,0.6523632672771239,Surv-GAN
0.00705223477597788,0.9587412587412587,0.06856648724476508,0.5707470414201183,0.0536872753135329,1.0,0.4461538461538462,0.6175192469456732,Surv-GAN
0.006256815451610362,0.9594405594405593,0.07884923659911502,0.6162352071005917,0.05077920514953709,2.0,0.4076923076923077,0.6255453258882766,Surv-GAN
0.007623002099587556,0.9611888111888113,0.05756431362872244,0.5815458579881657,0.046914995459532545,1.0,0.4576923076923077,0.6463317083265986,Surv-GAN
0.005938086005365589,0.9643356643356643,0.06246861425756342,0.512389053254438,0.09386232485858063,2.0,0.41923076923076924,0.6617067653967695,Surv-GAN
0.007426945970944276,0.9517482517482516,0.08060090134507535,0.5757026627218936,0.0726773277490538,1.0,0.45384615384615384,0.6296439231725225,Surv-GAN
0.006782603486364086,0.9545454545454546,0.06902184302236354,0.6229289940828402,0.07216621883550724,1.0,0.4076923076923077,0.652707130086567,Surv-GAN
0.006899556792858041,0.9597902097902097,0.06290617663091713,0.5214497041420119,0.09350819661926034,1.0,0.4,0.6666820409949974,Surv-GAN
0.007631054392364356,0.9545454545454546,0.08439540039604289,0.6298446745562132,0.054020237193344,2.0,0.34615384615384615,0.6534958596926512,Surv-GAN
0.0070709437753174445,0.9538461538461539,0.1024266529853009,0.6025887573964497,0.07661829729383027,1.0,0.4269230769230769,0.6219855524153265,Surv-GAN
0.007723189213999443,0.951048951048951,0.0676004872257808,0.5650147928994083,0.05425943223187784,1.0,0.4269230769230769,0.6493471240062385,Surv-GAN
0.008777447856285377,0.9493006993006993,0.0975237662976005,0.5767011834319526,0.07552095557628284,1.0,0.4,0.6293621373473074,Surv-GAN
0.007764521328428691,0.9566433566433566,0.07269368701696352,0.5784023668639053,0.054408400647326494,1.0,0.3769230769230769,0.6514522749956121,Surv-GAN
0.008563546146356104,0.955944055944056,0.06970182847714983,0.6089497041420119,0.096424707149127,1.0,0.4230769230769231,0.6315710858517513,Surv-GAN
0.007198466919813451,0.9517482517482517,0.07886102598107737,0.5597633136094675,0.056451574859377185,1.0,0.40384615384615385,0.6526023536535809,Surv-GAN
0.007921422924584311,0.9527972027972027,0.061325444408590786,0.6060281065088756,0.04644092254090141,1.0,0.4346153846153846,0.6179113918369086,Surv-GAN
0.00614318383902662,0.9601398601398603,0.06850472068518663,0.6391272189349112,0.10622780120876445,1.0,0.40384615384615385,0.632742505697703,Surv-GAN
0.009180219025036997,0.9475524475524476,0.08435999876595476,0.5406434911242604,0.056339380806794626,1.0,0.4461538461538462,0.6564611687071916,Surv-GAN
0.008012839352998805,0.9503496503496502,0.08414700708138707,0.5671227810650887,0.06253857668322867,1.0,0.4076923076923077,0.644968931463108,Surv-GAN
0.007310513830285726,0.9503496503496504,0.08922573747537065,0.5615384615384615,0.057720737045055155,1.0,0.4346153846153846,0.6508434043885833,Surv-GAN
0.0057458285310734184,0.961188811188811,0.06589597095777268,0.5494822485207101,0.0778536975537015,2.0,0.4,0.6544842533639393,Surv-GAN
0.008287065771530442,0.9475524475524476,0.08424494022851362,0.5485576923076924,0.09902925286101565,1.0,0.38076923076923075,0.6557238482736011,Surv-GAN
0.009213029234789146,0.9454545454545454,0.0916006547710441,0.5825073964497042,0.0566436277117085,1.0,0.39615384615384613,0.5997584072863171,Surv-GAN
0.00679257362932826,0.960839160839161,0.05152232308278945,0.6154585798816568,0.05691037506070857,1.0,0.4461538461538462,0.6343078599619304,Surv-GAN
0.006789987150140794,0.9569930069930069,0.06101103804859421,0.5857618343195267,0.048457698036817494,1.0,0.4230769230769231,0.6278042496177494,Surv-GAN
0.00925948282239176,0.9458041958041957,0.08457401696439158,0.5783284023668639,0.05147899630837607,1.0,0.4461538461538462,0.646459727792754,Surv-GAN
0.008024859269630301,0.9486013986013987,0.07534504131124807,0.6190828402366864,0.050720755277476076,1.0,0.4576923076923077,0.6569132500367569,Surv-GAN
0.008597859503880074,0.9472027972027971,0.08597677023458758,0.5846893491124261,0.07259567557404963,1.0,0.4153846153846154,0.629069881657874,Surv-GAN
0.008138391242400057,0.9465034965034964,0.09504045086359122,0.5749260355029586,0.050384619619813505,1.0,0.4269230769230769,0.6860743373986463,Surv-GAN
0.006987481182739994,0.9566433566433564,0.07560536505643846,0.6268491124260355,0.04724931838750979,1.0,0.4,0.663477688388117,Surv-GAN
0.0068347164364620785,0.9538461538461537,0.07402393297881929,0.5735576923076924,0.11387310803004043,1.0,0.4115384615384615,0.6194834215114956,Surv-GAN
0.00808471560265059,0.9479020979020979,0.0871706555785521,0.5912721893491123,0.11516449337126751,1.0,0.4346153846153846,0.6335588916534037,Surv-GAN
0.006074257485116841,0.9629370629370629,0.07677207719227445,0.5204511834319526,0.0498541261885669,1.0,0.3923076923076923,0.6402701531582058,Surv-GAN
0.007648357899419806,0.952097902097902,0.07828232081072348,0.5845414201183432,0.06343639787402047,1.0,0.4115384615384615,0.6763633490338983,Surv-GAN
0.005345300852260835,0.9632867132867132,0.08968476964538984,0.6149778106508876,0.05115467097582858,1.0,0.4115384615384615,0.6583145125679818,Surv-GAN
0.006304246719420664,0.9576923076923076,0.07264296261977378,0.5000369822485207,0.07276582469006648,1.0,0.38846153846153847,0.6279189927559075,Surv-GAN
0.007925730733625564,0.9562937062937064,0.08133924976977051,0.6078772189349112,0.04904169445009161,1.0,0.4076923076923077,0.6512253315387968,Surv-GAN
0.007445233383003181,0.9531468531468531,0.07793164426040636,0.6247781065088758,0.05036141648747051,1.0,0.4153846153846154,0.6386999051718923,Surv-GAN
0.0075694555985535514,0.9552447552447553,0.0722161228441104,0.5507026627218934,0.07450164756776032,1.0,0.4115384615384615,0.6494997436391742,Surv-GAN
0.006195755000439582,0.9583916083916084,0.062158989116085354,0.6137573964497041,0.06251071174706486,1.0,0.4346153846153846,0.5972666335458602,Surv-GAN
0.005097565250638287,0.961888111888112,0.06124376190198488,0.5434541420118343,0.05409707338315309,1.0,0.4153846153846154,0.6591088216013787,Surv-GAN
0.006989096984593938,0.955944055944056,0.08103018236572823,0.5798816568047337,0.050883950184313825,2.0,0.39615384615384613,0.665503472986353,Surv-GAN
0.007233791750834865,0.9573426573426573,0.057455975558649716,0.591087278106509,0.10938067274577773,1.0,0.4307692307692308,0.6601982843005713,Surv-GAN
0.00894772202136075,0.9426573426573427,0.10111876402114536,0.5831360946745563,0.04674811034948027,1.0,0.4346153846153846,0.6327216973310605,Surv-GAN
0.007845876282436888,0.952097902097902,0.075379678187389,0.5900147928994083,0.09424167009716154,1.0,0.4269230769230769,0.6769647223767387,Surv-GAN
0.008365717734795053,0.9465034965034964,0.08778156035592126,0.6009985207100591,0.09572448069104182,1.0,0.36923076923076925,0.6339801977806506,Surv-GAN
0.006638296293179579,0.9531468531468531,0.08526326637687841,0.600628698224852,0.08787996993650513,1.0,0.4,0.6618527305084005,Surv-GAN
0.0087917940014408,0.9461538461538462,0.08554459670714815,0.6299186390532545,0.05318623966694107,2.0,0.38461538461538464,0.6679255477608056,Surv-GAN
0.007616290528436292,0.9545454545454546,0.06317317134065749,0.5742603550295857,0.05092995982523632,1.0,0.3923076923076923,0.6405968270400303,Surv-GAN
0.009100601506216607,0.9437062937062937,0.08527729153405503,0.5990754437869822,0.05496311716191375,3.0,0.43846153846153846,0.6342718226848522,Surv-GAN
0.006780182823663289,0.9587412587412587,0.06930617658295159,0.6042899408284024,0.09601261878859481,1.0,0.3923076923076923,0.6346119012197144,Surv-GAN
0.006686591549407642,0.9615384615384616,0.06568783647808381,0.5569526627218935,0.04635424428911813,2.0,0.41923076923076924,0.6416806183394848,Surv-GAN
0.007477124246436309,0.955944055944056,0.07095731110055754,0.535576923076923,0.048332346754959586,1.0,0.41923076923076924,0.6606556481492792,Surv-GAN
0.008033536371502349,0.9493006993006993,0.09665291169873363,0.6064349112426035,0.07859444811891737,1.0,0.39615384615384613,0.664747971550022,Surv-GAN
0.008408601683389007,0.9531468531468531,0.07266061448300104,0.5963017751479289,0.07716084663206911,1.0,0.4115384615384615,0.6125738614517532,Surv-GAN
0.008243094525638161,0.9503496503496502,0.07184508814151275,0.5655695266272189,0.048887491462573915,1.0,0.4076923076923077,0.6625884522504814,Surv-GAN
0.005262283189858444,0.9604895104895106,0.06135729083106492,0.5593934911242603,0.07959016625603162,1.0,0.43846153846153846,0.6352633317251573,Surv-GAN
0.00782850804288117,0.9541958041958041,0.07757591929887414,0.6230029585798815,0.06132404412250833,1.0,0.4,0.6284819295899141,Surv-GAN
0.0076804734933784,0.9541958041958043,0.0784528559675275,0.567862426035503,0.06198482016171014,1.0,0.4346153846153846,0.6617608013172545,Surv-GAN
0.006659947274803726,0.9541958041958041,0.07248848193987097,0.5392011834319527,0.11761979409293949,1.0,0.39615384615384613,0.6318762698182637,Surv-GAN
0.006668142578793371,0.9594405594405594,0.07644159964565207,0.6134985207100592,0.04511464808753161,1.0,0.4076923076923077,0.6567880205336118,Surv-GAN
0.007027033233495359,0.9524475524475524,0.07642216053244631,0.6171227810650888,0.05611453640586386,1.0,0.4115384615384615,0.6510909622365711,Surv-GAN
0.007907150077342493,0.9482517482517481,0.07042424831073152,0.578439349112426,0.06352411496130417,1.0,0.4576923076923077,0.6169161222779815,Surv-GAN
0.008221345919534183,0.9506993006993006,0.07480876567054831,0.62551775147929,0.06363925069169986,1.0,0.36923076923076925,0.6562986273910988,Surv-GAN
0.007623647173781053,0.9538461538461539,0.08673805906637798,0.5778846153846153,0.07874060131559413,1.0,0.4346153846153846,0.6401984633174144,Surv-GAN
0.008048840413741709,0.9534965034965034,0.07816014840099386,0.5495562130177515,0.07817468719109424,1.0,0.4115384615384615,0.6327042213739262,Surv-GAN
0.00835016929358438,0.9503496503496504,0.08491941457286444,0.6456360946745562,0.04707512152111528,1.0,0.4,0.6526714345894071,Surv-GAN
0.006894693612309996,0.959090909090909,0.08037324659513738,0.5573224852071006,0.05974551628346108,2.0,0.47307692307692306,0.6381988636919815,Surv-GAN
0.006611704948808747,0.9576923076923076,0.0681479428008414,0.6338757396449705,0.0492932470773769,1.0,0.3923076923076923,0.6551067748940227,Surv-GAN
0.008788588236228134,0.9506993006993006,0.07978793797713077,0.6147928994082841,0.0709120101073352,1.0,0.4269230769230769,0.6272370597218951,Surv-GAN
0.006532320122093008,0.9555944055944057,0.08677222696173789,0.5697485207100591,0.062447984509031655,1.0,0.36923076923076925,0.6532336546942087,Surv-GAN
0.00739968066097949,0.956993006993007,0.06240506217323769,0.5453402366863905,0.10461870547566147,1.0,0.43846153846153846,0.6707840603977152,Surv-GAN
0.00688198874412943,0.9531468531468531,0.0781017670525129,0.6245192307692308,0.04976084920900659,1.0,0.4,0.6663402372329879,Surv-GAN
0.007031302434062469,0.956993006993007,0.07662821213540924,0.6240754437869823,0.05270499586776547,1.0,0.40384615384615385,0.6531976447087201,Surv-GAN
0.007571762566534762,0.9517482517482516,0.08119386814275778,0.6048076923076924,0.06222441048006115,1.0,0.4076923076923077,0.6562003825017574,Surv-GAN
0.007141343570545896,0.9566433566433566,0.07671642068208354,0.5441568047337279,0.09689531787658637,1.0,0.3730769230769231,0.6086350027442633,Surv-GAN
0.007080971886332484,0.9541958041958041,0.08174293035756476,0.5416050295857987,0.11309724944137958,1.0,0.4,0.6524487327923072,Surv-GAN
0.008610243572349343,0.9461538461538462,0.08871842101192422,0.5811390532544378,0.05090487914252124,1.0,0.39615384615384613,0.6443579339783029,Surv-GAN
0.008364695927285221,0.9465034965034966,0.09694830533980553,0.6004068047337279,0.0956105554389399,1.0,0.45,0.6151832735167793,Surv-GAN
0.008297110561734348,0.948951048951049,0.07041760373343739,0.6212278106508876,0.07393349426536872,1.0,0.39615384615384613,0.6401485246542293,Surv-GAN
0.007522303646518663,0.9545454545454546,0.06884260057833394,0.5720044378698225,0.06139556222276504,1.0,0.4153846153846154,0.6454422300482903,Surv-GAN
0.008030839975653558,0.9493006993006993,0.0833650446238827,0.5592455621301775,0.06074106808509743,1.0,0.4307692307692308,0.6404206723004161,Surv-GAN
0.006340041925224717,0.961888111888112,0.061351099900710686,0.5806582840236687,0.050995873615506525,1.0,0.39615384615384613,0.6204986056502275,Surv-GAN
0.005790205971188764,0.961888111888112,0.0711849229121923,0.5596153846153846,0.10573348768593792,1.0,0.45384615384615384,0.6269454094226082,Surv-GAN
0.007426883144615584,0.9534965034965034,0.08053490144448407,0.5700443786982248,0.0469576056509711,1.0,0.4576923076923077,0.6283704348565662,Surv-GAN
0.008279009748154527,0.9506993006993006,0.07653868806394774,0.5952662721893491,0.053997999645185105,1.0,0.4461538461538462,0.644508507878704,Surv-GAN
0.007980498123892205,0.9486013986013987,0.06867652856502493,0.6428254437869823,0.08246730684528343,1.0,0.38846153846153847,0.6474699833907658,Surv-GAN
0.007600395125261961,0.9548951048951048,0.07708685550814837,0.5689718934911243,0.055982948671247916,1.0,0.41923076923076924,0.638473525074959,Surv-GAN
0.007836830582068214,0.9496503496503497,0.07068880451830031,0.5507766272189348,0.04825293667183216,1.0,0.4423076923076923,0.6347187849803285,Surv-GAN
0.0075118121547692925,0.9541958041958043,0.07954876445339214,0.6117603550295858,0.049152042349229506,1.0,0.39615384615384613,0.617709418609446,Surv-GAN
0.005946170146235697,0.9583916083916084,0.06855545167142105,0.5960798816568047,0.11095781920122424,1.0,0.4115384615384615,0.629509891035236,Surv-GAN
0.008222533444364076,0.9534965034965036,0.06757145153139693,0.6200073964497042,0.07184462031059947,1.0,0.41923076923076924,0.6522202736766616,Surv-GAN
0.007707791903396715,0.9538461538461539,0.07376397319924416,0.6156804733727811,0.058409503846597405,1.0,0.4115384615384615,0.6466357293267836,Surv-GAN
0.00712040766493117,0.955944055944056,0.07270471310760922,0.5875739644970415,0.07945571800573174,1.0,0.41923076923076924,0.6247849738726825,Surv-GAN
0.006505338766677684,0.9583916083916083,0.06263370193241917,0.5793639053254438,0.04773436299748516,1.0,0.43846153846153846,0.6405333831877051,Surv-GAN
0.0067534504302163125,0.9611888111888113,0.07596727049601058,0.5728920118343195,0.06379608098898978,1.0,0.4076923076923077,0.6354336470917381,Surv-GAN
0.008339950062910285,0.9482517482517483,0.08220844195051302,0.6060281065088757,0.054378271979405604,1.0,0.40384615384615385,0.6632596370171634,Surv-GAN
0.008902282968290947,0.9454545454545454,0.07638926121232513,0.545525147928994,0.049803070813527826,1.0,0.38846153846153847,0.6412965867393539,Surv-GAN
0.007594967760733622,0.9541958041958041,0.08525799423647878,0.5233357988165681,0.0912127329978425,1.0,0.38846153846153847,0.6254265014048006,Surv-GAN
0.007050472781594874,0.9552447552447553,0.07592433023848932,0.6178994082840236,0.05434824333484112,1.0,0.38846153846153847,0.6399382417091343,Surv-GAN
0.004388050650694339,0.9702797202797203,0.06280219026686344,0.5530325443786983,0.09020075740817776,1.0,0.4307692307692308,0.6354839621416456,Surv-GAN
0.00673892812020909,0.9608391608391608,0.06321482145851824,0.5780325443786982,0.05411603799435076,1.0,0.4230769230769231,0.6174347370242111,Surv-GAN
0.0072382476705285465,0.956993006993007,0.07055190214088226,0.5090976331360946,0.04893471804863079,1.0,0.4230769230769231,0.6391195999021928,Surv-GAN
0.008903522060629561,0.9503496503496502,0.08895745220773517,0.6136834319526627,0.0535839088781971,1.0,0.41923076923076924,0.6450214858369777,Surv-GAN
0.0078762561935848,0.9520979020979022,0.08607486575307227,0.5773668639053254,0.10419521254772611,1.0,0.4269230769230769,0.6361302905011651,Surv-GAN
0.007258946553031703,0.9510489510489509,0.08939765065142405,0.5524778106508875,0.052086310027632955,2.0,0.4115384615384615,0.6270561533326515,Surv-GAN
0.00784134971952117,0.951048951048951,0.08852698300022317,0.5718565088757397,0.0714246936217649,1.0,0.4153846153846154,0.6250282530072799,Surv-GAN
0.007520738524952241,0.9555944055944056,0.07651172240430022,0.602551775147929,0.09217903115809896,1.0,0.4269230769230769,0.661393256858967,Surv-GAN
0.008429412761355379,0.9461538461538462,0.10585195068849627,0.6505917159763314,0.05506872172699488,3.0,0.4153846153846154,0.6514261146920844,Surv-GAN
0.007963748573222925,0.9472027972027973,0.07220550737064367,0.6159763313609468,0.05175592088525621,2.0,0.3923076923076923,0.6520721971156151,Surv-GAN
0.006843252162739288,0.9583916083916083,0.08553389678092466,0.5600221893491124,0.05643482839081632,1.0,0.45,0.6405603165255046,Surv-GAN
0.008613149569267075,0.9461538461538462,0.09258609133387448,0.5897559171597633,0.07118999427402403,1.0,0.45,0.6383772013593727,Surv-GAN
0.007570051439806874,0.9486013986013986,0.09124854471743453,0.5851701183431953,0.0685251367354312,1.0,0.4346153846153846,0.6554682439325921,Surv-GAN
0.0055891334333572846,0.9643356643356643,0.08156182504432898,0.5818417159763314,0.0524363530920715,1.0,0.4307692307692308,0.6405983357281096,Surv-GAN
0.0077896318525045635,0.9538461538461539,0.0626775912770825,0.5774778106508875,0.05985570459399035,1.0,0.4269230769230769,0.6647050279463278,Surv-GAN
0.00729029176458367,0.9503496503496504,0.08135329992169785,0.618491124260355,0.05659232179202401,3.0,0.4115384615384615,0.6575922264695735,Surv-GAN
0.007772631742489853,0.952097902097902,0.07848955749250876,0.5632026627218936,0.0653435300972309,1.0,0.41923076923076924,0.6348503925927195,Surv-GAN
0.0065794304156312575,0.9622377622377623,0.061547869570882374,0.5578032544378698,0.09876771508638481,1.0,0.4461538461538462,0.6198068799882785,Surv-GAN
0.007266370657902018,0.9545454545454544,0.07663791238539175,0.585207100591716,0.0730754293015063,1.0,0.4307692307692308,0.6590388614475696,Surv-GAN
0.008788162538362941,0.9447552447552447,0.08036148643483933,0.6037721893491124,0.05053163143939933,2.0,0.46153846153846156,0.6463516491390088,Surv-GAN
0.005998377585973436,0.9597902097902097,0.06100052552537722,0.6017011834319527,0.08897611124413803,1.0,0.36538461538461536,0.6350550458253458,Surv-GAN
0.007713134289739412,0.9468531468531469,0.1023086439348833,0.5626109467455622,0.061743680175190975,1.0,0.4,0.6479758833895451,Surv-GAN
0.006680667760236317,0.9552447552447553,0.07657001456529589,0.5225221893491124,0.07778192849111176,1.0,0.40384615384615385,0.6345380673945521,Surv-GAN
0.007588628392547087,0.9506993006993008,0.08818963851393556,0.5950073964497041,0.06351680335421325,1.0,0.4269230769230769,0.6403828202528614,Surv-GAN
0.008293228944153684,0.9524475524475524,0.0869730070161733,0.6565458579881657,0.11039118795536738,1.0,0.36538461538461536,0.6236723739073066,Surv-GAN
0.007324870419895478,0.9534965034965034,0.09295540575845206,0.5553994082840237,0.09006652211801087,1.0,0.4153846153846154,0.6890103867645828,Surv-GAN
0.0074421924104721374,0.9548951048951048,0.08645189761249607,0.6043639053254437,0.05022222458828687,1.0,0.3923076923076923,0.6431642321505122,Surv-GAN
0.006042991034582574,0.9615384615384616,0.0553031449989693,0.5435650887573965,0.048598534348096564,1.0,0.4307692307692308,0.6299898125184524,Surv-GAN
0.008378135322243175,0.9493006993006994,0.09524487137329472,0.614164201183432,0.055558074398224785,1.0,0.38846153846153847,0.64420798360322,Surv-GAN
0.006524219591402273,0.9615384615384616,0.06693113452664821,0.5577292899408283,0.1323005732144597,1.0,0.3730769230769231,0.6134659462066878,Surv-GAN
0.007521072790466343,0.952097902097902,0.07617313502076363,0.6110946745562131,0.06108705957203379,1.0,0.36153846153846153,0.6246385447768589,Surv-GAN
0.006531994064818816,0.9615384615384616,0.07289533856822637,0.5789201183431952,0.05552108866176251,1.0,0.43846153846153846,0.6618092200954568,Surv-GAN
0.007879284783764722,0.9493006993006993,0.09393288746559737,0.5640162721893491,0.058108716602981184,1.0,0.4115384615384615,0.6248129373764336,Surv-GAN
0.007086997099072342,0.9527972027972029,0.07793341739433216,0.639681952662722,0.04854153869480078,1.0,0.38461538461538464,0.6266824894626254,Surv-GAN
0.007722630119580795,0.9517482517482517,0.10535109381480239,0.5951183431952662,0.05282331898485362,3.0,0.40384615384615385,0.6576526298903548,Surv-GAN
0.005994005289095757,0.9608391608391608,0.06390943704973844,0.5820266272189348,0.12573292322357377,1.0,0.4230769230769231,0.6259761113737202,Surv-GAN
0.008060092931366976,0.9510489510489509,0.09116296653006532,0.5950813609467455,0.07197985377819537,1.0,0.3923076923076923,0.6686826733023463,Surv-GAN
0.007322918153274019,0.9541958041958041,0.06961094582047539,0.575776627218935,0.05103289384035414,1.0,0.38461538461538464,0.6536296868195476,Surv-GAN
0.008043673083210526,0.9506993006993006,0.07457172322693342,0.6282174556213018,0.06408612137227179,1.0,0.4230769230769231,0.672598759936833,Surv-GAN
0.005600893496218697,0.9636363636363636,0.06649699110583754,0.5683801775147928,0.054940083452669104,1.0,0.4461538461538462,0.6504116341466597,Surv-GAN
0.0070089712903859845,0.9569930069930069,0.08263059430130733,0.6095784023668639,0.07414400304479636,1.0,0.39615384615384613,0.6165117752112445,Surv-GAN
0.009016483550482483,0.9486013986013987,0.09021380631848042,0.5924186390532544,0.06209825846383985,1.0,0.40384615384615385,0.6187795282923202,Surv-GAN
0.006453636372372251,0.9590909090909091,0.07921314324057284,0.5545488165680473,0.05465331212815169,1.0,0.4076923076923077,0.6249392153122383,Surv-GAN
0.006862170970822012,0.959090909090909,0.06546431524033781,0.6049186390532544,0.09256354529230627,1.0,0.4115384615384615,0.659048803553173,Surv-GAN
0.007490825778375851,0.955944055944056,0.07368329221517701,0.6239644970414202,0.11606461834630256,1.0,0.4153846153846154,0.6420531405400952,Surv-GAN
0.006115719833412911,0.9604895104895106,0.0479259766734538,0.5926775147928993,0.05395145582623905,1.0,0.4076923076923077,0.6899614820778064,Surv-VAE
0.009131531497669683,0.951048951048951,0.06003635979118108,0.5754437869822485,0.09677972754767766,1.0,0.4153846153846154,0.6563126294677505,Surv-VAE
0.006031821959725652,0.9594405594405594,0.034798551207006354,0.5813979289940828,0.11348984405355952,1.0,0.4269230769230769,0.6527099466273013,Surv-VAE
0.010225490065445776,0.9367132867132867,0.069259894687372,0.6396079881656804,0.049083574348098014,1.0,0.43846153846153846,0.6611255373789914,Surv-VAE
0.006555688539306867,0.9573426573426573,0.03906292993660906,0.615051775147929,0.10846430696633277,1.0,0.4076923076923077,0.6430405078476907,Surv-VAE
0.009226311257143951,0.9416083916083916,0.08013133743476764,0.6536612426035503,0.05590545453884262,1.0,0.3576923076923077,0.6523482410488214,Surv-VAE
0.009242048163934353,0.9440559440559441,0.059794112367987186,0.6247781065088758,0.06822901548951515,1.0,0.4846153846153846,0.6502512689361962,Surv-VAE
0.007901782049033586,0.9506993006993008,0.06682811790716615,0.6592085798816567,0.05294136691860927,1.0,0.4269230769230769,0.6561390419731183,Surv-VAE
0.009727309906695748,0.9423076923076923,0.07928152904471632,0.6213387573964497,0.052334425298430444,1.0,0.4153846153846154,0.641593738531404,Surv-VAE
0.007943323467194443,0.9475524475524476,0.06944881961958123,0.6522189349112426,0.047259761408062526,1.0,0.41923076923076924,0.6666602483501007,Surv-VAE
0.00879756328304402,0.945104895104895,0.05139512952620793,0.6715236686390533,0.10324587143270672,1.0,0.3576923076923077,0.6387687349385872,Surv-VAE
0.007849553724149071,0.9472027972027971,0.05705953468529338,0.6225591715976331,0.07432401027485559,1.0,0.41923076923076924,0.600980631289022,Surv-VAE
0.007157295212271428,0.9513986013986014,0.03631169157641884,0.6452292899408285,0.07232289030218149,1.0,0.4076923076923077,0.6542276971576426,Surv-VAE
0.00815529987188026,0.9482517482517483,0.04455513268959531,0.6509615384615385,0.09000617978231587,1.0,0.4230769230769231,0.6459915599774958,Surv-VAE
0.007074742548512116,0.9538461538461539,0.06519708909279083,0.6300665680473373,0.05971926719693384,1.0,0.45384615384615384,0.6667259006221219,Surv-VAE
0.008201636651548118,0.9496503496503497,0.0685157121510299,0.6593934911242603,0.0801684597210216,1.0,0.39615384615384613,0.6614016719270294,Surv-VAE
0.00942818122854076,0.9419580419580419,0.06890555397104826,0.6263683431952662,0.10038105386241926,1.0,0.4153846153846154,0.6484117344160912,Surv-VAE
0.009604854604816337,0.9416083916083917,0.05289895816660257,0.6277366863905326,0.058904939035533746,2.0,0.4115384615384615,0.6500969827202485,Surv-VAE
0.007079128644720333,0.9527972027972027,0.040585511274146335,0.6520710059171597,0.09322703781373036,1.0,0.39615384615384613,0.6443779217470883,Surv-VAE
0.009291136387879508,0.943006993006993,0.07613963040586937,0.6674926035502959,0.05159640238587557,2.0,0.39615384615384613,0.6783937022139788,Surv-VAE
0.006580831605056812,0.9583916083916084,0.04366739068216841,0.6112056213017751,0.07141053439682729,1.0,0.4269230769230769,0.6542793825448026,Surv-VAE
0.009027258276246094,0.9419580419580419,0.07931308112708732,0.6427884615384615,0.05987975182539856,1.0,0.41923076923076924,0.6607385815314953,Surv-VAE
0.006848196411857361,0.9555944055944056,0.06399489537824,0.6359467455621302,0.04724806092078869,1.0,0.4115384615384615,0.6615231341034041,Surv-VAE
0.008426896531116623,0.9472027972027971,0.06897769389079307,0.5674926035502958,0.0903142333831339,1.0,0.3769230769230769,0.6387274297085346,Surv-VAE
0.006737742197319533,0.9587412587412587,0.03631668043411841,0.537758875739645,0.045590129388580335,4.0,0.45384615384615384,0.6475520264968914,Surv-VAE
0.006879327301843233,0.9583916083916084,0.05843276829965499,0.5619452662721893,0.14403920394660058,1.0,0.4,0.6547605204044671,Surv-VAE
0.008475658703218836,0.9475524475524476,0.03528107453543438,0.6590236686390533,0.05370977075220906,2.0,0.40384615384615385,0.6713140323425962,Surv-VAE
0.006983211457729884,0.9545454545454546,0.06623647043617999,0.6244452662721893,0.04910738810310572,1.0,0.4153846153846154,0.666238960528665,Surv-VAE
0.008110722352046146,0.9524475524475524,0.0568897770701694,0.6342825443786981,0.048212911302020565,2.0,0.45384615384615384,0.6362686250626203,Surv-VAE
0.008641224351858805,0.9482517482517481,0.08005702380577107,0.6412721893491125,0.07078995578646691,1.0,0.4076923076923077,0.6392603546632739,Surv-VAE
0.008954454996433991,0.9437062937062937,0.06964750602973806,0.6941568047337278,0.08460627294107081,1.0,0.3769230769230769,0.6590189139262109,Surv-VAE
0.007894752632975843,0.9531468531468531,0.06955406077037048,0.5959319526627219,0.08641098151548793,1.0,0.43846153846153846,0.6440269229402384,Surv-VAE
0.0064897291431797784,0.9576923076923076,0.036711961759681076,0.6176405325443787,0.07148555039859394,1.0,0.46153846153846156,0.6336566854429122,Surv-VAE
0.008299435555635613,0.9496503496503497,0.0657363555270919,0.6319526627218934,0.09653801891454662,1.0,0.43846153846153846,0.6509547373243372,Surv-VAE
0.007345778364092114,0.9482517482517483,0.06487632098178761,0.6626849112426034,0.06950760534364762,1.0,0.4115384615384615,0.639713721196521,Surv-VAE
0.008589033590383379,0.9517482517482517,0.036206297146261654,0.6598002958579882,0.06728996431742887,3.0,0.43846153846153846,0.6397011640815611,Surv-VAE
0.008590259194272632,0.9475524475524474,0.07827727194620925,0.6517751479289942,0.07311853349145808,1.0,0.4076923076923077,0.6629902111233333,Surv-VAE
0.008680331138870692,0.941958041958042,0.08935356500286097,0.6750369822485208,0.05979179028719555,1.0,0.3923076923076923,0.6639002714970541,Surv-VAE
0.006670275610787096,0.9608391608391608,0.04473857045258199,0.6389423076923076,0.0530810619481822,1.0,0.4115384615384615,0.6620738795662459,Surv-VAE
0.008163998800414456,0.9475524475524476,0.06197853151695013,0.6353550295857989,0.04878471162201351,1.0,0.4115384615384615,0.6803119821394273,Surv-VAE
0.00785101488385666,0.9517482517482517,0.04761718978654475,0.5967825443786983,0.07250030156047226,2.0,0.4230769230769231,0.6716565002551842,Surv-VAE
0.007282495032347631,0.9552447552447553,0.07072283747293616,0.6099112426035503,0.07211368941783186,1.0,0.4,0.6622880743878216,Surv-VAE
0.008922117421534393,0.9451048951048953,0.055376090614796175,0.6133875739644971,0.05164286075492959,1.0,0.4076923076923077,0.6735447575965487,Surv-VAE
0.00985545686855883,0.9391608391608393,0.08827943657695705,0.6271819526627219,0.053612561829414845,1.0,0.4269230769230769,0.647043482523584,Surv-VAE
0.008000864539972657,0.9458041958041957,0.04722369433450929,0.6184911242603551,0.058611320108858306,1.0,0.4461538461538462,0.6594523730411774,Surv-VAE
0.008493593190540147,0.9444055944055944,0.06602547946591303,0.6290680473372781,0.06434144600752788,1.0,0.4461538461538462,0.6751936651165188,Surv-VAE
0.008077628862185344,0.9475524475524476,0.052804341370753745,0.6563239644970414,0.0866644199873051,1.0,0.4461538461538462,0.6339273496940133,Surv-VAE
0.009556122950532363,0.9451048951048953,0.06000997151720363,0.6226331360946745,0.07109293473154588,2.0,0.40384615384615385,0.6450445272066699,Surv-VAE
0.007572579394209602,0.9506993006993006,0.06720306817434618,0.63125,0.09654262372899677,1.0,0.4153846153846154,0.6441175327330096,Surv-VAE
0.007890573431349966,0.9513986013986013,0.050606899458889465,0.6267381656804732,0.06838342175828137,1.0,0.4346153846153846,0.6041759903128343,Surv-VAE
0.010383763940959464,0.9377622377622378,0.07869321643077527,0.6539940828402366,0.05051453519228268,1.0,0.3923076923076923,0.687231229736616,Surv-VAE
0.007363811817419664,0.9479020979020979,0.05635883224527802,0.6039201183431953,0.07550540638330226,1.0,0.48846153846153845,0.6755452305888776,Surv-VAE
0.007874719154895557,0.9517482517482517,0.06654819941515461,0.6117973372781065,0.05056971127594608,1.0,0.4153846153846154,0.6635060335471386,Surv-VAE
0.007322988024693911,0.9538461538461539,0.04674855544295792,0.6410133136094673,0.07550055961241771,1.0,0.4115384615384615,0.6347763756030486,Surv-VAE
0.009984958745184984,0.938111888111888,0.08798427953381618,0.6350221893491124,0.0839133842189176,1.0,0.40384615384615385,0.6396610563167665,Surv-VAE
0.006886532078481424,0.956993006993007,0.03759822659371559,0.6534763313609467,0.06768596340379972,1.0,0.4076923076923077,0.6458228380354054,Surv-VAE
0.00890332629079252,0.9426573426573427,0.05269679562255452,0.634689349112426,0.06764928425730797,1.0,0.4269230769230769,0.6625992219809455,Surv-VAE
0.009577317313333946,0.9412587412587413,0.08886065752886242,0.6597263313609467,0.05181104810827196,1.0,0.4,0.6481816601508944,Surv-VAE
0.009982702901404237,0.9353146853146853,0.08717299736014908,0.6431952662721894,0.05158126600286477,1.0,0.4653846153846154,0.6358731799192451,Surv-VAE
0.0071662496189961395,0.953146853146853,0.051327890289775135,0.627551775147929,0.0705708831754319,1.0,0.4115384615384615,0.6294245471864706,Surv-VAE
0.007818428002942118,0.9517482517482517,0.05757040722465203,0.6246671597633136,0.09060817333592527,1.0,0.4153846153846154,0.6401604418553867,Surv-VAE
0.009772853810590882,0.9402097902097902,0.06870619116881697,0.6803254437869823,0.05487941074901387,2.0,0.43846153846153846,0.6677872653034671,Surv-VAE
0.009080060913247482,0.9465034965034964,0.05475457306596694,0.6751109467455623,0.0648277279146934,1.0,0.4,0.6698286538955038,Surv-VAE
0.008493399546815593,0.9465034965034964,0.06245198601371288,0.6390162721893491,0.14480666419972343,1.0,0.39615384615384613,0.6537496854334657,Surv-VAE
0.007438019773274616,0.9524475524475524,0.054226710466160975,0.5973742603550297,0.12048384033702525,1.0,0.38461538461538464,0.658914992245772,Surv-VAE
0.0072977043500519236,0.9493006993006993,0.05485288109665291,0.6292529585798816,0.053291579048259013,1.0,0.4153846153846154,0.6220270643781204,Surv-VAE
0.009327919559148757,0.9437062937062937,0.07692427590157422,0.626664201183432,0.07834838899338924,1.0,0.3769230769230769,0.6758601886728385,Surv-VAE
0.007853015501000192,0.9496503496503497,0.06614293553671752,0.6254437869822486,0.048616271661776254,1.0,0.40384615384615385,0.6760814589328714,Surv-VAE
0.00696120767300327,0.9541958041958043,0.052842235262016736,0.6289571005917161,0.07477110355937734,1.0,0.3769230769230769,0.6617500302159189,Surv-VAE
0.010419803401601526,0.9367132867132867,0.0481270534261833,0.6591346153846154,0.04887135563791887,1.0,0.4346153846153846,0.6685417305426293,Surv-VAE
0.005156274334334522,0.9636363636363636,0.039515069444145665,0.6442307692307693,0.06446039544254861,1.0,0.4269230769230769,0.6579826316875133,Surv-VAE
0.008345798818496685,0.9493006993006994,0.04264720173802631,0.6799556213017752,0.07607313403280372,1.0,0.38076923076923075,0.6529298913025413,Surv-VAE
0.008088094913563514,0.9465034965034963,0.0755180482239257,0.6467825443786982,0.07254770580848684,1.0,0.4269230769230769,0.6529934391906195,Surv-VAE
0.009157911713289883,0.9398601398601397,0.06975157411266744,0.6670488165680473,0.051418109416160845,1.0,0.41923076923076924,0.63722981075888,Surv-VAE
0.008370838736989692,0.9475524475524474,0.053408297978140666,0.5850221893491124,0.0946900266104692,1.0,0.4230769230769231,0.6643189983547872,Surv-VAE
0.00915997885074073,0.9416083916083916,0.05827934145730823,0.6090606508875739,0.07579557095954366,1.0,0.3923076923076923,0.6454324107689604,Surv-VAE
0.008478132756860471,0.9465034965034964,0.05191621835584186,0.6137573964497042,0.07962113978921298,1.0,0.4230769230769231,0.6570440559925218,Surv-VAE
0.008057194387195656,0.947902097902098,0.06310706134380391,0.6221523668639053,0.05964321162065782,1.0,0.36153846153846153,0.6596439230211488,Surv-VAE
0.00804050637220516,0.9479020979020979,0.05785303063055892,0.6203402366863905,0.049086758001001145,2.0,0.45,0.6595124275383805,Surv-VAE
0.007523764149156564,0.9534965034965036,0.07221532097499651,0.6383505917159764,0.0706221963794542,1.0,0.39615384615384613,0.6635493503881669,Surv-VAE
0.0070173598748040295,0.9545454545454546,0.06697648048127523,0.5986316568047337,0.0886997143608325,1.0,0.40384615384615385,0.657794294414089,Surv-VAE
0.006352600225697125,0.9555944055944057,0.039892112962305,0.6690088757396451,0.11696243678173912,1.0,0.3923076923076923,0.6464207411925195,Surv-VAE
0.008654321591097953,0.9486013986013986,0.07135301628595997,0.6282914201183433,0.049900331752300596,1.0,0.43846153846153846,0.6450875549963644,Surv-VAE
0.00989329101805162,0.9447552447552446,0.07681707533962079,0.6240384615384615,0.052504555547910024,1.0,0.40384615384615385,0.6030532936682684,Surv-VAE
0.009841205783208459,0.9426573426573427,0.08041770901132063,0.6365754437869823,0.05586509858000634,1.0,0.39615384615384613,0.6510860310420861,Surv-VAE
0.008168819542554608,0.9479020979020979,0.07277757037230866,0.633912721893491,0.05386801764971695,1.0,0.4153846153846154,0.6602295519605511,Surv-VAE
0.006729477653251322,0.9573426573426573,0.040536591183625036,0.623853550295858,0.06366120441253213,2.0,0.40384615384615385,0.6391993271879544,Surv-VAE
0.007647339441757265,0.9527972027972029,0.05308971110009729,0.6396819526627219,0.0925741732838709,1.0,0.4230769230769231,0.639829809515674,Surv-VAE
0.006660390918494497,0.9576923076923076,0.07235891766726665,0.6360576923076924,0.06778319202207295,1.0,0.40384615384615385,0.6520795595259932,Surv-VAE
0.008174860870265675,0.9513986013986013,0.03995121045011443,0.6295488165680473,0.05905289338353429,2.0,0.3923076923076923,0.6675042475214656,Surv-VAE
0.008369829014542658,0.9479020979020979,0.04524031764516778,0.6678994082840236,0.07260277131875936,1.0,0.4461538461538462,0.6610534392360714,Surv-VAE
0.0072694274150283894,0.9527972027972029,0.03610660171020412,0.6317307692307692,0.06728877562561211,1.0,0.40384615384615385,0.6319736794585141,Surv-VAE
0.008460756648051373,0.95,0.05818137838033015,0.6086168639053254,0.04777745753096482,1.0,0.4307692307692308,0.6528978527467726,Surv-VAE
0.007443920592180308,0.9496503496503497,0.0510647710936832,0.6727810650887575,0.047897956578234265,3.0,0.39615384615384613,0.6402390957183137,Surv-VAE
0.008908626993477348,0.9451048951048953,0.06847273704523422,0.6638683431952662,0.07457762160370258,1.0,0.39615384615384613,0.6760336686820558,Surv-VAE
0.0075016907797294,0.954895104895105,0.04937649658459409,0.6133875739644971,0.060768722907338805,1.0,0.4115384615384615,0.6233175533310888,Surv-VAE
0.007953153288456694,0.9496503496503497,0.07618184017688628,0.6752218934911242,0.06594690694804789,1.0,0.41923076923076924,0.6614236435200507,Surv-VAE
0.006934746290990757,0.9506993006993006,0.057309904351747896,0.6051035502958579,0.04487060926837066,1.0,0.45384615384615384,0.6487505410432437,Surv-VAE
0.007609979657989243,0.948951048951049,0.06681639685685643,0.6105029585798816,0.10967713523157707,1.0,0.46153846153846156,0.6557330297745881,Surv-VAE
0.008697447175715125,0.9486013986013986,0.05601699154512438,0.6045118343195266,0.048642206413754115,1.0,0.4423076923076923,0.6533387841852879,Surv-VAE
0.008818427307664507,0.9419580419580419,0.06636276674825166,0.6157174556213018,0.07837402385317643,1.0,0.4230769230769231,0.6628009412010416,Surv-VAE
0.008891653632968281,0.9506993006993008,0.06416389912587285,0.6083949704142012,0.04975194006644805,1.0,0.4076923076923077,0.6736973091825095,Surv-VAE
0.007970855300432988,0.9503496503496504,0.05238306875969287,0.6094674556213018,0.12084645148649148,1.0,0.4153846153846154,0.6519320486350371,Surv-VAE
0.00752520836079901,0.9500000000000001,0.06337863125590903,0.5656434911242603,0.1153504082275494,1.0,0.39615384615384613,0.628685187609796,Surv-VAE
0.00812913830356807,0.9506993006993006,0.041144738740446385,0.6214866863905325,0.055356112790026536,2.0,0.40384615384615385,0.6198987050007494,Surv-VAE
0.00980939858019584,0.9409090909090909,0.06588608153858569,0.6086538461538461,0.06713498233915435,1.0,0.3730769230769231,0.6358650946185366,Surv-VAE
0.010289571394285617,0.9409090909090909,0.03674017851058646,0.6024778106508876,0.1209350509808459,1.0,0.4,0.6369692752016142,Surv-VAE
0.008415221928010965,0.9402097902097902,0.09568111223859058,0.6394230769230769,0.09175654359070289,1.0,0.39615384615384613,0.6814849482127524,Surv-VAE
0.007951135767148248,0.9496503496503497,0.05701179451241182,0.658801775147929,0.07116182150326615,1.0,0.3923076923076923,0.6869216190554278,Surv-VAE
0.007844433902500031,0.9475524475524476,0.062090639041415374,0.5177514792899409,0.08787323474937277,1.0,0.4576923076923077,0.6404789269331861,Surv-VAE
0.008585103504285287,0.946153846153846,0.06351423793382764,0.6422337278106509,0.05355247640185778,1.0,0.4461538461538462,0.659710658172693,Surv-VAE
0.00630563278777389,0.9552447552447553,0.05345352422703596,0.6145340236686391,0.053133984074904925,1.0,0.4115384615384615,0.6504115386206267,Surv-VAE
0.008042414258174663,0.948951048951049,0.052948397797412665,0.6031434911242604,0.050175527566687035,1.0,0.4346153846153846,0.6608543360843426,Surv-VAE
0.009617013723320094,0.9412587412587413,0.06751576721661338,0.6411612426035503,0.0982133298827529,1.0,0.4076923076923077,0.6167089819003858,Surv-VAE
0.00929327969584073,0.9433566433566434,0.05340653251205164,0.629215976331361,0.08895485439067102,1.0,0.41923076923076924,0.6286852304454595,Surv-VAE
0.007122442943943951,0.9576923076923076,0.055982430790493976,0.6430103550295858,0.05022600530525565,2.0,0.4076923076923077,0.6812046160652402,Surv-VAE
0.008582685105210507,0.9423076923076921,0.07694927838375248,0.6512573964497042,0.076271092413185,1.0,0.3730769230769231,0.6561326266422867,Surv-VAE
0.0085643233213791,0.9458041958041957,0.07133155501005374,0.6734467455621301,0.059146527353084614,1.0,0.3923076923076923,0.6544635985277025,Surv-VAE
0.007183390994112479,0.9531468531468531,0.0841246690860132,0.6426035502958579,0.050356453728878946,1.0,0.4,0.6639158139509116,Surv-VAE
0.00787638714863365,0.9520979020979022,0.04434234331740372,0.6113165680473374,0.05032051496809732,1.0,0.4346153846153846,0.6562518657100543,Surv-VAE
0.009112289349471588,0.9409090909090909,0.08094790715311395,0.6115754437869821,0.08207349553293546,1.0,0.4076923076923077,0.6561373601799867,Surv-VAE
0.007663104123578179,0.9489510489510488,0.07828036287963726,0.6363165680473373,0.0511760051367875,1.0,0.3923076923076923,0.6503209210605795,Surv-VAE
0.009887848596193509,0.9405594405594404,0.08521947860685798,0.6316568047337279,0.05294144888999883,1.0,0.4230769230769231,0.6816069941116107,Surv-VAE
0.007323028893201604,0.9524475524475524,0.06650553010892456,0.5974852071005918,0.05133836924614771,1.0,0.4,0.6328566806987306,Surv-VAE
0.007062402234760874,0.9538461538461539,0.051606393641392814,0.6526627218934911,0.046756845902919265,1.0,0.39615384615384613,0.672480476113503,Surv-VAE
0.00637770311791579,0.956993006993007,0.0509689989835648,0.6430103550295858,0.07447622019156536,1.0,0.40384615384615385,0.6634107339696892,Surv-VAE
0.008213940448218831,0.9426573426573427,0.0452465440908271,0.6244452662721893,0.0683497197125803,1.0,0.4269230769230769,0.649734734513874,Surv-VAE
0.0061794113394247644,0.9604895104895104,0.057578312885184044,0.5901627218934911,0.06245482337122274,2.0,0.41923076923076924,0.6318162224043885,Surv-VAE
0.008429784870098113,0.948951048951049,0.05957890881530138,0.597448224852071,0.0842743583562564,1.0,0.4230769230769231,0.6259714922110513,Surv-VAE
0.008137976578143281,0.9545454545454546,0.06830358404661976,0.64948224852071,0.09973435337637818,1.0,0.4115384615384615,0.666820968463703,Surv-VAE
0.010403548286984636,0.9374125874125874,0.06355083535702818,0.6306952662721893,0.15294456703997183,1.0,0.40384615384615385,0.6723508172537944,Surv-VAE
0.007935943627714803,0.947902097902098,0.06550332481826582,0.6501109467455621,0.047941601132744274,1.0,0.4076923076923077,0.6693860205634093,Surv-VAE
0.008450622223559488,0.9465034965034964,0.0792861334256197,0.645525147928994,0.05093812614552765,2.0,0.3923076923076923,0.696116907517792,Surv-VAE
0.00928465571878023,0.9440559440559441,0.05765331044247302,0.576405325443787,0.08187022539751022,1.0,0.4269230769230769,0.6302433896469377,Surv-VAE
0.008908906783248337,0.946153846153846,0.06564395488189914,0.618860946745562,0.06179103142475835,1.0,0.4115384615384615,0.693211000676599,Surv-VAE
0.0077744961380547505,0.946153846153846,0.05632151121603645,0.6219304733727811,0.16357168222323226,1.0,0.4115384615384615,0.641075648612894,Surv-VAE
0.009660687440354213,0.9398601398601397,0.06722634666251436,0.6556582840236687,0.07369225355507691,1.0,0.35384615384615387,0.66858819939719,Surv-VAE
0.007851935311977363,0.9496503496503497,0.06951814886514851,0.6134245562130177,0.09587343140679958,1.0,0.4115384615384615,0.6262894817378243,Surv-VAE
0.010141600057040644,0.9374125874125874,0.07694609140025849,0.6459319526627219,0.07012342575827289,1.0,0.36923076923076925,0.6556298005931503,Surv-VAE
0.009457674142469018,0.9374125874125874,0.07924523677728702,0.6641272189349112,0.054851335750195365,1.0,0.4,0.6475766552116491,Surv-VAE
0.006993862125027602,0.9541958041958041,0.06594277367660363,0.5911612426035504,0.053886272461884405,3.0,0.40384615384615385,0.6538785690400025,Surv-VAE
0.008655343753558498,0.9465034965034964,0.04858926188642453,0.6508136094674557,0.07361938986179156,1.0,0.4423076923076923,0.6603707034396378,Surv-VAE
0.008651934139838204,0.9472027972027971,0.04294121280207119,0.6172337278106509,0.09236722626939452,1.0,0.4461538461538462,0.6448286678573196,Surv-VAE
0.007940951618046662,0.952097902097902,0.052933779405241944,0.6605029585798816,0.0954921350591454,1.0,0.4153846153846154,0.6760495187704042,Surv-VAE
0.009740244489376602,0.9395104895104894,0.07515932199975205,0.6161242603550295,0.06588602887375634,1.0,0.4,0.6409975974559884,Surv-VAE
0.009194744511200226,0.9409090909090909,0.07199689558060676,0.6870931952662722,0.06663536592091121,1.0,0.4461538461538462,0.6743614902608134,Surv-VAE
0.007292611378882113,0.9552447552447553,0.041791086564614624,0.6214497041420117,0.04634414437558814,4.0,0.41923076923076924,0.6400658469731978,Surv-VAE
0.009319627157506229,0.9433566433566433,0.05200025556917089,0.6086168639053254,0.19015810938056088,1.0,0.4269230769230769,0.6306641044602868,Surv-VAE
0.007690700465629694,0.9510489510489509,0.05759471583780842,0.6259245562130177,0.06626008275968398,1.0,0.4269230769230769,0.6522116600431622,Surv-VAE
0.0066273844250884055,0.9555944055944057,0.03427644449493536,0.6334319526627219,0.05553482076918243,1.0,0.38461538461538464,0.659275915576317,Surv-VAE
0.008620925382892157,0.9475524475524474,0.04287525739859981,0.6388313609467454,0.07507532524787236,2.0,0.4115384615384615,0.6542348793673547,Surv-VAE
0.007977727738520339,0.9520979020979022,0.06719688235171759,0.6545118343195266,0.052106011769681104,1.0,0.38461538461538464,0.6824072701882384,Surv-VAE
0.0068861680187217444,0.9604895104895106,0.058832784211871034,0.6390162721893491,0.05036185383576346,1.0,0.38846153846153847,0.6692847706941585,Surv-VAE
0.0077119099716586375,0.9506993006993008,0.05853515805320902,0.5850961538461539,0.1048413577649616,1.0,0.4230769230769231,0.6545917332482539,Surv-VAE
0.010372573289197301,0.933216783216783,0.07903966859057716,0.6213757396449704,0.05571347040116976,1.0,0.38846153846153847,0.677307558031333,Surv-VAE
0.00863711704278114,0.9468531468531467,0.07535599717248896,0.6337278106508876,0.08787391573517683,1.0,0.4230769230769231,0.6474047149114245,Surv-VAE
0.006729830234374023,0.9538461538461539,0.059512922930253946,0.6100961538461539,0.09179241177794013,1.0,0.39615384615384613,0.6411647981834552,Surv-VAE
0.007764265008485983,0.952097902097902,0.04972152392544084,0.6245192307692308,0.04627729911752838,1.0,0.4269230769230769,0.6628003196423312,Surv-VAE
0.007990592022748667,0.9486013986013987,0.05524478831076681,0.6615384615384616,0.07498916852167216,1.0,0.4230769230769231,0.6634681683256927,Surv-VAE
0.008606631405126153,0.9503496503496504,0.060789224858245915,0.6151997041420119,0.07144268041382885,1.0,0.43846153846153846,0.620618264100807,Surv-VAE
0.008766979101151835,0.9489510489510488,0.06894433481382688,0.6360946745562129,0.08636288122228514,1.0,0.4269230769230769,0.6303745292029864,Surv-VAE
0.007977777680821417,0.9461538461538462,0.06885234995466658,0.663646449704142,0.05355341053676525,1.0,0.4,0.6514598998841912,Surv-VAE
0.007193067885263458,0.9531468531468531,0.03821093585942593,0.585465976331361,0.05875607550658863,1.0,0.41923076923076924,0.6644073623562292,Surv-VAE
0.008011624672585059,0.9506993006993006,0.06102464310752996,0.6005547337278107,0.05082505228517268,1.0,0.4230769230769231,0.6669570108684775,Surv-VAE
0.007516747757058301,0.9482517482517481,0.0647209380489651,0.6170488165680473,0.048230918403408436,1.0,0.41923076923076924,0.665563594220851,Surv-VAE
0.007963992875272835,0.9454545454545454,0.05089604049832491,0.6249999999999999,0.102980552419567,1.0,0.4346153846153846,0.6753719723042938,Surv-VAE
0.0075373832398564706,0.9465034965034966,0.06536345023856394,0.6591346153846154,0.050250310969573546,2.0,0.4269230769230769,0.6647412044390182,Surv-VAE
0.008949570710405563,0.9447552447552447,0.062182324719920086,0.6170118343195267,0.06292022208377913,1.0,0.4230769230769231,0.6522219756170089,Surv-VAE
0.008816136415617291,0.9493006993006993,0.07043469218927989,0.6433431952662721,0.04972001531637234,1.0,0.38461538461538464,0.6477078715479555,Surv-VAE
0.007019408942274555,0.9524475524475524,0.043598708186397585,0.6143121301775147,0.05096414698769828,2.0,0.4307692307692308,0.6671482460956585,Surv-VAE
0.009443921030199866,0.9433566433566433,0.04498800944495211,0.6487056213017752,0.07371221521387716,1.0,0.4346153846153846,0.6665573489573399,Surv-VAE
0.009184926699314153,0.9416083916083916,0.0712440252387994,0.6166789940828401,0.050447222847261004,1.0,0.4115384615384615,0.6047369775213276,Surv-VAE
0.00847266352397954,0.9472027972027971,0.06922168813197567,0.6487056213017752,0.05580285683004843,1.0,0.4115384615384615,0.697615278759619,Surv-VAE
0.008298534371139622,0.9475524475524476,0.0669352038509162,0.596930473372781,0.04615850867539806,1.0,0.3923076923076923,0.6562527483512262,Surv-VAE
0.007231269371093726,0.951048951048951,0.059507275957745305,0.6524038461538462,0.07957521705913737,1.0,0.4423076923076923,0.6549520636794619,Surv-VAE
0.009148160661830539,0.9447552447552446,0.072911069055885,0.6533284023668637,0.05669672611412375,1.0,0.4076923076923077,0.6421652131317849,Surv-VAE
0.006499450684266814,0.9534965034965034,0.03969465387964875,0.6192307692307691,0.1360800580111687,1.0,0.41923076923076924,0.6697134174223298,Surv-VAE
0.010013764330313186,0.9402097902097903,0.046845789602406894,0.6583949704142011,0.06849973355388866,1.0,0.38076923076923075,0.6204598318857045,Surv-VAE
0.006413507776666716,0.952097902097902,0.048011183163399876,0.6267381656804734,0.09939185092865369,1.0,0.40384615384615385,0.6539079241033322,Surv-VAE
0.008520867580543783,0.9468531468531467,0.06210359981037306,0.6423816568047337,0.10410439428528852,1.0,0.38076923076923075,0.6611220863097974,Surv-VAE
0.008047736261714072,0.9430069930069931,0.0615293599170566,0.6328402366863906,0.12257907566244236,1.0,0.4576923076923077,0.6579868277479308,Surv-VAE
0.009128397701497344,0.9423076923076923,0.07805732478528396,0.599112426035503,0.055983045165652875,2.0,0.4461538461538462,0.6354125568764227,Surv-VAE
0.008095155513326848,0.9493006993006994,0.06414196607091664,0.6223742603550295,0.0596955265763454,3.0,0.38076923076923075,0.6330188277508811,Surv-VAE
0.008323030248899242,0.9493006993006993,0.08617432002822543,0.5800665680473372,0.06681672261822016,1.0,0.4115384615384615,0.6390844166546698,Surv-VAE
0.008236954242173992,0.9517482517482517,0.07225409167520983,0.6376109467455622,0.07267690393513855,2.0,0.38076923076923075,0.6521288548135896,Surv-VAE
0.008127033761690477,0.9475524475524474,0.06616899100722017,0.6452292899408283,0.0519524353246753,1.0,0.3769230769230769,0.6536821355941207,Surv-VAE
0.007487720586069334,0.9496503496503497,0.06419863560255425,0.5914201183431953,0.05225429394699289,1.0,0.4,0.6382069260736604,Surv-VAE
0.008171585194581606,0.9486013986013987,0.05780379098746188,0.5922337278106509,0.057966516111203556,1.0,0.4,0.6837193096077492,Surv-VAE
0.006603177330256113,0.9566433566433566,0.07318548188209925,0.5892381656804735,0.052630095045355346,1.0,0.40384615384615385,0.6291930862315999,Surv-VAE
0.006540171027959277,0.9548951048951048,0.04700325014865055,0.6301035502958581,0.047056412967175346,1.0,0.4423076923076923,0.6473569561455818,Surv-VAE
0.007246947697089107,0.9541958041958041,0.049037071133367235,0.6639792899408284,0.07511144882195253,1.0,0.4307692307692308,0.6388075268534692,Surv-VAE
0.008258341462847858,0.9465034965034966,0.07257055977751092,0.6256656804733728,0.06388301604234815,1.0,0.4,0.6487191178432848,Surv-VAE
0.008055831361209192,0.951048951048951,0.04456144421776883,0.5986316568047337,0.12853121475165,1.0,0.39615384615384613,0.6458685336212289,Surv-VAE
0.00842267163377177,0.9482517482517483,0.058889340377771215,0.6676775147928994,0.05359006245830296,1.0,0.38846153846153847,0.6429316083791178,Surv-VAE
0.008734545522221802,0.9454545454545454,0.05496746252861841,0.6274778106508876,0.0505977918786777,2.0,0.4307692307692308,0.6599731386889942,Surv-VAE
0.007994048126765997,0.9496503496503497,0.04940279614435357,0.5927514792899409,0.06579066658772477,1.0,0.4,0.6586971836228905,Surv-VAE
0.006728020380911331,0.9559440559440557,0.06123111995519518,0.6335059171597633,0.05046993411382524,1.0,0.4346153846153846,0.6464323556700544,Surv-VAE
0.008651579516114491,0.9465034965034964,0.05420072980868173,0.6344304733727811,0.05147440252907408,1.0,0.34615384615384615,0.6829315418101349,Surv-VAE
0.005863226413637324,0.9601398601398601,0.0450069082350728,0.5741863905325444,0.054157507005273144,2.0,0.4115384615384615,0.648587121807406,Surv-VAE
0.00807218623237435,0.9496503496503497,0.07476894028336227,0.6541789940828402,0.053602724074450804,2.0,0.4,0.6576860716430956,Surv-VAE
0.009640641699048094,0.9486013986013986,0.03798249860177225,0.5303994082840237,0.20612387637349203,4.0,0.41923076923076924,0.692058237789168,HI-VAE_weibull_diffusion
0.011318942114296144,0.9339160839160839,0.04313617308202488,0.5272559171597633,0.12788956088824036,2.0,0.41923076923076924,0.7111932046511638,HI-VAE_weibull_diffusion
0.009310178450342032,0.95,0.03523339920151996,0.5370931952662723,0.14081849079926093,1.0,0.4230769230769231,0.7308920809600684,HI-VAE_weibull_diffusion
0.009513452502457175,0.945104895104895,0.050483497296168627,0.47744082840236696,0.15615857084912008,3.0,0.49230769230769234,0.6888966606662589,HI-VAE_weibull_diffusion
0.010586134903760121,0.941958041958042,0.06816491385636865,0.5515902366863905,0.21080945479817068,2.0,0.4346153846153846,0.7001786854113083,HI-VAE_weibull_diffusion
0.012806202233239068,0.9307692307692309,0.05670273956591277,0.5905695266272188,0.16841349150124393,1.0,0.40384615384615385,0.7143026826130671,HI-VAE_weibull_diffusion
0.010357050118331594,0.9419580419580419,0.030244357554632853,0.5387573964497041,0.1674097057128481,3.0,0.4423076923076923,0.7348211536182622,HI-VAE_weibull_diffusion
0.009347567866341487,0.9458041958041957,0.04374706162532523,0.5702662721893492,0.05078130256049973,8.0,0.46153846153846156,0.7213097141799856,HI-VAE_weibull_diffusion
0.009808459783101877,0.9444055944055944,0.029189818479535945,0.5507396449704143,0.08244733858698014,3.0,0.4115384615384615,0.7140496508471046,HI-VAE_weibull_diffusion
0.01061644641949974,0.9377622377622378,0.044553323185498754,0.5542529585798818,0.06361315470836865,1.0,0.4076923076923077,0.7102343441022861,HI-VAE_weibull_diffusion
0.010405246374742438,0.9402097902097902,0.04067988951356737,0.5662352071005917,0.15420795988907585,2.0,0.45384615384615384,0.7034457656081654,HI-VAE_weibull_diffusion
0.010899396204213605,0.9332167832167833,0.04811947647438682,0.5508136094674556,0.18881103105440514,4.0,0.43846153846153846,0.6877503154088792,HI-VAE_weibull_diffusion
0.011260280487459431,0.9293706293706293,0.06873819114391373,0.5245562130177515,0.1763499181081975,4.0,0.47692307692307695,0.7274073869914153,HI-VAE_weibull_diffusion
0.010083238656293542,0.9426573426573426,0.07601266867629101,0.5069896449704142,0.1419011657238947,2.0,0.5076923076923077,0.7327037109337202,HI-VAE_weibull_diffusion
0.009787213807184838,0.9503496503496504,0.03616665853398684,0.5363165680473373,0.12813032622768666,1.0,0.4230769230769231,0.7005939771968266,HI-VAE_weibull_diffusion
0.00911006482097476,0.9437062937062937,0.0655161810717253,0.5289940828402366,0.09661007731069234,4.0,0.4653846153846154,0.7112530482781811,HI-VAE_weibull_diffusion
0.010104924211159688,0.9423076923076923,0.026900251669738487,0.5043639053254437,0.15257138988631924,2.0,0.5153846153846153,0.7093418878732084,HI-VAE_weibull_diffusion
0.01008862281585244,0.9447552447552447,0.031446879998011296,0.5221153846153845,0.09250261206156889,2.0,0.4576923076923077,0.6922045210031419,HI-VAE_weibull_diffusion
0.010167861785739708,0.9503496503496502,0.04266905008540442,0.5395710059171597,0.0944071043589104,3.0,0.4076923076923077,0.7095962063243587,HI-VAE_weibull_diffusion
0.010473745082784506,0.9454545454545454,0.05628398174910223,0.5732248520710058,0.11370248368142824,4.0,0.45,0.710608334482659,HI-VAE_weibull_diffusion
0.010239465509550908,0.9409090909090909,0.06372487544870775,0.5263313609467455,0.12095863654032153,2.0,0.45384615384615384,0.7110595431807593,HI-VAE_weibull_diffusion
0.010918666653180902,0.9391608391608393,0.057553909034293894,0.5386094674556212,0.23516052095906845,3.0,0.4423076923076923,0.7052330675877299,HI-VAE_weibull_diffusion
0.010444822442544731,0.944055944055944,0.03435513089345199,0.551923076923077,0.11626067762641568,2.0,0.46923076923076923,0.6935196007179291,HI-VAE_weibull_diffusion
0.00965207781685158,0.9458041958041957,0.03089842344505721,0.5259245562130177,0.1296865488433119,2.0,0.46153846153846156,0.6973738681963234,HI-VAE_weibull_diffusion
0.011843788413115041,0.9342657342657342,0.07694575325889544,0.5617973372781064,0.16530002500829852,3.0,0.4230769230769231,0.7049263817461114,HI-VAE_weibull_diffusion
0.009515539280054785,0.945104895104895,0.047892807487265064,0.5129437869822485,0.1548066188399421,2.0,0.4230769230769231,0.714113104347897,HI-VAE_weibull_diffusion
0.00925845955366021,0.944055944055944,0.03886805363580452,0.5163461538461538,0.1423900161703628,4.0,0.4269230769230769,0.7057370352497029,HI-VAE_weibull_diffusion
0.009749657540300976,0.9416083916083916,0.05500913254735553,0.5634615384615385,0.12799496754768855,4.0,0.46923076923076923,0.7041075495119286,HI-VAE_weibull_diffusion
0.009428440235923291,0.9437062937062937,0.06646733163908591,0.5263313609467455,0.17938720759873839,3.0,0.4423076923076923,0.6796842180995023,HI-VAE_weibull_diffusion
0.010183285752214635,0.9423076923076923,0.053281758366594906,0.5334689349112425,0.1143451911159778,2.0,0.41923076923076924,0.7210723591108665,HI-VAE_weibull_diffusion
0.011426254092015907,0.9356643356643356,0.06902979213173155,0.5750000000000001,0.15096305199678028,3.0,0.4115384615384615,0.7309022491434695,HI-VAE_weibull_diffusion
0.008604668200417762,0.9541958041958041,0.030667932766250124,0.5569156804733728,0.07184008035949037,2.0,0.41923076923076924,0.7205353424928236,HI-VAE_weibull_diffusion
0.010094052271471844,0.9367132867132867,0.0619507782156706,0.595525147928994,0.146889865584148,4.0,0.4269230769230769,0.713066599624493,HI-VAE_weibull_diffusion
0.00835082232163145,0.9465034965034964,0.03305295251209442,0.520044378698225,0.2076599730001838,2.0,0.4346153846153846,0.7357028042372947,HI-VAE_weibull_diffusion
0.010091266543460504,0.9426573426573427,0.0585038655178392,0.5230769230769231,0.18044232759645276,4.0,0.38846153846153847,0.7118133274121247,HI-VAE_weibull_diffusion
0.010748697385060775,0.9454545454545454,0.03330981431896043,0.5647189349112426,0.1037709055251718,2.0,0.4807692307692308,0.7224829180513139,HI-VAE_weibull_diffusion
0.011456503515466855,0.934965034965035,0.04629586178336387,0.5852071005917159,0.08014594728771474,4.0,0.4461538461538462,0.7077533244498774,HI-VAE_weibull_diffusion
0.009350317624072872,0.9437062937062937,0.035253211220775765,0.5443786982248521,0.10446653220939164,3.0,0.46923076923076923,0.7062863434755491,HI-VAE_weibull_diffusion
0.008396373335590474,0.9513986013986013,0.055075150555932095,0.4590976331360947,0.17744084440468585,4.0,0.48846153846153845,0.7002992276387345,HI-VAE_weibull_diffusion
0.011017600118362383,0.9381118881118881,0.05010489690943197,0.5653846153846154,0.1622645421801309,2.0,0.4461538461538462,0.7218287391387257,HI-VAE_weibull_diffusion
0.010143551686814033,0.9468531468531467,0.04210482351910604,0.5892751479289939,0.17490549166562877,3.0,0.46153846153846156,0.7188964678449788,HI-VAE_weibull_diffusion
0.011722661540754676,0.9335664335664337,0.053980742962560384,0.5149408284023668,0.10213754408233239,1.0,0.4807692307692308,0.7233589541461577,HI-VAE_weibull_diffusion
0.010352596544186273,0.9416083916083916,0.03577787678346497,0.5463757396449703,0.10387072740740583,2.0,0.5,0.7159640878270057,HI-VAE_weibull_diffusion
0.009794245126201194,0.9458041958041957,0.01953678275608561,0.5707100591715977,0.141409202971395,3.0,0.4653846153846154,0.7085797735376157,HI-VAE_weibull_diffusion
0.010945963691827891,0.9381118881118881,0.07096180257956128,0.5121671597633136,0.20013355490887888,5.0,0.4307692307692308,0.7141979360745581,HI-VAE_weibull_diffusion
0.009680844191224383,0.945104895104895,0.0326412340646517,0.5137204142011835,0.18108324057634634,3.0,0.49230769230769234,0.7150386236914256,HI-VAE_weibull_diffusion
0.010095007806756217,0.9384615384615386,0.0633959423395633,0.5402366863905326,0.11128917754884582,2.0,0.4461538461538462,0.7091902294748014,HI-VAE_weibull_diffusion
0.011666752522704032,0.9346153846153846,0.0406939032820753,0.49985207100591716,0.14712885424595953,1.0,0.45384615384615384,0.6768953049888821,HI-VAE_weibull_diffusion
0.011693386345873203,0.9325174825174826,0.068888845495118,0.5208579881656805,0.20905612901263934,4.0,0.4307692307692308,0.7163955388076524,HI-VAE_weibull_diffusion
0.011462980808604882,0.9332167832167833,0.06704405945811918,0.5232248520710059,0.10508277214123948,3.0,0.43846153846153846,0.7062396596581221,HI-VAE_weibull_diffusion
0.011744378214202012,0.9339160839160839,0.06943105104145841,0.5496301775147929,0.07573686593582406,3.0,0.4653846153846154,0.7003462827874126,HI-VAE_weibull_diffusion
0.009715684967846137,0.9398601398601399,0.053907230969691015,0.5381656804733728,0.19876885423131288,4.0,0.5076923076923077,0.711396776619855,HI-VAE_weibull_diffusion
0.011024745360650613,0.9409090909090909,0.05286905628458251,0.5585059171597634,0.16606263712356234,2.0,0.4115384615384615,0.7100933475696658,HI-VAE_weibull_diffusion
0.00851336327253984,0.9493006993006993,0.028431839256084775,0.5251109467455621,0.13714461554382915,1.0,0.4807692307692308,0.6794083672149364,HI-VAE_weibull_diffusion
0.010197786053031429,0.9437062937062937,0.047423474296374515,0.5529585798816569,0.1584752440403732,3.0,0.4307692307692308,0.7157579065785334,HI-VAE_weibull_diffusion
0.009732442830109194,0.9426573426573427,0.0330285106414826,0.5090976331360946,0.11355741557891989,4.0,0.5,0.7042460334272134,HI-VAE_weibull_diffusion
0.00834767345605103,0.9545454545454544,0.028444456035827237,0.540310650887574,0.07928907435388179,1.0,0.47307692307692306,0.6937821996798897,HI-VAE_weibull_diffusion
0.010197955396980783,0.9412587412587411,0.05996363888313342,0.5409763313609467,0.10007692503718821,3.0,0.3923076923076923,0.7147328738232298,HI-VAE_weibull_diffusion
0.012506523808140803,0.9353146853146853,0.06768807201155133,0.5604289940828402,0.13226878566533545,4.0,0.45384615384615384,0.7081942344264713,HI-VAE_weibull_diffusion
0.011416761541754972,0.9286713286713287,0.06454063862753837,0.4993343195266272,0.12960516330779495,5.0,0.4461538461538462,0.7184688580555303,HI-VAE_weibull_diffusion
0.009265368838740825,0.95,0.04690435296268436,0.5325443786982248,0.12644403399890344,2.0,0.47692307692307695,0.7156060947760138,HI-VAE_weibull_diffusion
0.010525562249680846,0.9346153846153846,0.045435032940881956,0.5737426035502959,0.12317563305100837,4.0,0.4576923076923077,0.6848368147120716,HI-VAE_weibull_diffusion
0.009323791115720508,0.9444055944055944,0.04463148629351225,0.5303994082840237,0.07617531947579868,2.0,0.43846153846153846,0.6797207096145397,HI-VAE_weibull_diffusion
0.010093360126502087,0.9384615384615386,0.0548349096556058,0.536612426035503,0.07699846894219817,4.0,0.43846153846153846,0.729302413527782,HI-VAE_weibull_diffusion
0.008657422529005941,0.95,0.03340356693208211,0.4663091715976332,0.13295552124711382,3.0,0.5192307692307693,0.7040710339126187,HI-VAE_weibull_diffusion
0.009721444066029856,0.944055944055944,0.04824737360795316,0.49955621301775155,0.1042731152953398,3.0,0.4423076923076923,0.6978687886107718,HI-VAE_weibull_diffusion
0.009572775823398789,0.9402097902097902,0.07247337821144162,0.5207100591715977,0.12908083878492607,4.0,0.43846153846153846,0.7019028422988752,HI-VAE_weibull_diffusion
0.010539207204351224,0.9346153846153846,0.05979616923353026,0.5899038461538462,0.22366318696955131,4.0,0.4115384615384615,0.707535605545115,HI-VAE_weibull_diffusion
0.008627134641943774,0.9506993006993006,0.05781843128359735,0.5216346153846153,0.13977565544256948,3.0,0.46153846153846156,0.7227220315010172,HI-VAE_weibull_diffusion
0.010501390050325089,0.9412587412587411,0.05707887380138526,0.5982988165680474,0.1635310845809272,1.0,0.46153846153846156,0.7113810802902354,HI-VAE_weibull_diffusion
0.009713318950816847,0.945104895104895,0.05443909385604983,0.496301775147929,0.19322796982248733,5.0,0.4461538461538462,0.7368492161244479,HI-VAE_weibull_diffusion
0.009292037963087042,0.945104895104895,0.04558044419898739,0.536612426035503,0.19942375449960661,3.0,0.46923076923076923,0.7111216365894718,HI-VAE_weibull_diffusion
0.009960001421075233,0.9461538461538462,0.02930391211011612,0.5133136094674555,0.09599288471905283,2.0,0.4307692307692308,0.7268787214225534,HI-VAE_weibull_diffusion
0.012171945721430622,0.9307692307692307,0.06106215645519112,0.5769230769230769,0.09241296642187202,2.0,0.46153846153846156,0.7184948228848669,HI-VAE_weibull_diffusion
0.012749636142217776,0.9335664335664334,0.04387013086986723,0.5258136094674557,0.15547043955782816,3.0,0.45,0.7361100193074355,HI-VAE_weibull_diffusion
0.009969469706056234,0.9461538461538462,0.04388388087396023,0.5309911242603551,0.13615156441518636,3.0,0.38846153846153847,0.7104436690225902,HI-VAE_weibull_diffusion
0.011251841089640092,0.9328671328671327,0.0775202140365111,0.5653846153846154,0.1780972795636773,6.0,0.46153846153846156,0.687973442842686,HI-VAE_weibull_diffusion
0.011719117332830141,0.9374125874125874,0.05055166141462509,0.5901997041420117,0.10884056445672796,3.0,0.4307692307692308,0.7098384518719577,HI-VAE_weibull_diffusion
0.01286979526411407,0.9265734265734266,0.08761013966453632,0.49755917159763313,0.16619425082229533,2.0,0.47307692307692306,0.7059341894035284,HI-VAE_weibull_diffusion
0.008688735060195034,0.9479020979020979,0.0573484421171889,0.5392381656804733,0.1287068783906786,1.0,0.46923076923076923,0.7023109820762569,HI-VAE_weibull_diffusion
0.010480208911300066,0.9444055944055944,0.047701700247615324,0.5332840236686391,0.0970924281356611,2.0,0.39615384615384613,0.7293381681257868,HI-VAE_weibull_diffusion
0.00887376901137468,0.947902097902098,0.04014855398602675,0.5699704142011834,0.08680183310448815,4.0,0.49230769230769234,0.7111769975947564,HI-VAE_weibull_diffusion
0.009267872301062734,0.9395104895104894,0.06291055610004756,0.5189349112426036,0.1322397248940047,5.0,0.4230769230769231,0.7215913665428993,HI-VAE_weibull_diffusion
0.009327834702437964,0.9489510489510488,0.03321692214356539,0.5678994082840237,0.178698464506796,3.0,0.4423076923076923,0.7033230352776789,HI-VAE_weibull_diffusion
0.008781387375136741,0.9503496503496504,0.03000151252690375,0.5414940828402367,0.10350248647664854,2.0,0.48846153846153845,0.713415228031979,HI-VAE_weibull_diffusion
0.009690100596830372,0.941958041958042,0.03685068064925463,0.47522189349112426,0.13105574597085587,2.0,0.41923076923076924,0.7032375306423068,HI-VAE_weibull_diffusion
0.010817027758342602,0.9416083916083916,0.03783775559373297,0.5637573964497042,0.10309084292512068,2.0,0.4153846153846154,0.7337072466828461,HI-VAE_weibull_diffusion
0.010260355186352172,0.9367132867132867,0.04337884429913843,0.5310281065088758,0.13445197575807824,2.0,0.43846153846153846,0.7019323676575681,HI-VAE_weibull_diffusion
0.00820587724283406,0.9517482517482517,0.029109502220335242,0.4599852071005917,0.15851251108739522,3.0,0.4307692307692308,0.713679523354245,HI-VAE_weibull_diffusion
0.010662664372278585,0.9374125874125874,0.05609948842356775,0.572818047337278,0.16019257575856383,3.0,0.46153846153846156,0.7370541613822151,HI-VAE_weibull_diffusion
0.011031730358799728,0.9398601398601399,0.0640914769477967,0.5438979289940828,0.09162952602747465,5.0,0.5,0.718167441137701,HI-VAE_weibull_diffusion
0.010508864398783015,0.9367132867132867,0.06413623484099382,0.5773668639053254,0.11138434259337648,3.0,0.4230769230769231,0.7075023794275331,HI-VAE_weibull_diffusion
0.01086049986090399,0.9377622377622377,0.07830928329633914,0.5619082840236685,0.1672722340887066,4.0,0.4576923076923077,0.7154711098794119,HI-VAE_weibull_diffusion
0.011400116400837941,0.9339160839160839,0.046236698769715284,0.5735946745562129,0.11366764894499293,1.0,0.40384615384615385,0.7112382839417059,HI-VAE_weibull_diffusion
0.010954191973538939,0.9363636363636364,0.06309764350074282,0.5285872781065089,0.12021149779977273,4.0,0.4307692307692308,0.7068194415895706,HI-VAE_weibull_diffusion
0.010964594520232273,0.9412587412587411,0.059961218883466796,0.5129437869822485,0.17313133587742446,5.0,0.4423076923076923,0.7213210121572184,HI-VAE_weibull_diffusion
0.010327707847955546,0.9447552447552447,0.03575193277086547,0.5335059171597634,0.18255480034628696,2.0,0.4307692307692308,0.7058149970600803,HI-VAE_weibull_diffusion
0.012041677683768959,0.929020979020979,0.08892507065223312,0.6116863905325444,0.18279617462696138,5.0,0.3923076923076923,0.7350854265524462,HI-VAE_weibull_diffusion
0.010859793099034048,0.9388111888111887,0.07176536404478451,0.5348002958579882,0.12721318970561193,5.0,0.4653846153846154,0.726071562803073,HI-VAE_weibull_diffusion
0.011240661187789207,0.9419580419580419,0.016861186930396548,0.5557692307692308,0.11793972002956638,1.0,0.39615384615384613,0.7162056170347197,HI-VAE_weibull_diffusion
0.009154416162670435,0.9423076923076923,0.056451094849290555,0.49519230769230765,0.16403871312967858,2.0,0.43846153846153846,0.7065857119548946,HI-VAE_weibull_diffusion
0.011114885811087764,0.936013986013986,0.06662469536218299,0.559689349112426,0.1531559957779028,5.0,0.43846153846153846,0.7093362599682804,HI-VAE_weibull_diffusion
0.010462096648378468,0.9402097902097902,0.06721252304343785,0.5495192307692307,0.13363826706587778,3.0,0.38846153846153847,0.6830454597310869,HI-VAE_weibull_diffusion
0.008936843017197136,0.9458041958041957,0.06913191757176321,0.5140532544378699,0.09196921580484921,4.0,0.4807692307692308,0.6902472086262581,HI-VAE_weibull_diffusion
0.010164169203045784,0.9381118881118881,0.06808093969826873,0.5092455621301776,0.17799850280772467,4.0,0.47692307692307695,0.6867274969606919,HI-VAE_weibull_diffusion
0.011218534889360398,0.939160839160839,0.03460549704016316,0.509171597633136,0.20094356972186442,1.0,0.45384615384615384,0.7039606311881168,HI-VAE_weibull_diffusion
0.01075591613973302,0.9402097902097902,0.04319746125032254,0.5754437869822485,0.167358185583124,3.0,0.4115384615384615,0.7409684800744689,HI-VAE_weibull_diffusion
0.007927684981893916,0.952097902097902,0.04151723506658019,0.5065458579881656,0.11141129412400283,1.0,0.4846153846153846,0.6811423294738601,HI-VAE_weibull_diffusion
0.009237132575441755,0.9444055944055944,0.05148753556599582,0.5106508875739645,0.2096172295532064,4.0,0.4346153846153846,0.7222710421288855,HI-VAE_weibull_diffusion
0.009433487168518022,0.9496503496503497,0.030302414353658855,0.5089497041420118,0.18923917362984227,3.0,0.47307692307692306,0.7259598169513704,HI-VAE_weibull_diffusion
0.01121747997616799,0.9367132867132867,0.05964958480562594,0.5704881656804733,0.09854596088773329,2.0,0.46153846153846156,0.7227404158027879,HI-VAE_weibull_diffusion
0.010445407507525506,0.9405594405594406,0.04262972200726362,0.5332100591715976,0.19251624748717047,4.0,0.47307692307692306,0.6972822051038524,HI-VAE_weibull_diffusion
0.012491795826393043,0.9339160839160839,0.046156176202232696,0.5597633136094674,0.1638083564367927,3.0,0.46923076923076923,0.7002976884766983,HI-VAE_weibull_diffusion
0.011626786567257519,0.9353146853146853,0.05380806232868883,0.5414940828402367,0.1937194602986045,2.0,0.4,0.7138301447353012,HI-VAE_weibull_diffusion
0.011945042443453284,0.9335664335664334,0.042939156976384146,0.5554733727810651,0.15134603637245056,4.0,0.47307692307692306,0.7065322897787419,HI-VAE_weibull_diffusion
0.008578504543110927,0.952097902097902,0.045180907029760825,0.5479659763313609,0.042660458850895915,4.0,0.43846153846153846,0.71038155384284,HI-VAE_weibull_diffusion
0.010265310597658707,0.937062937062937,0.05320338090411818,0.5518121301775147,0.12268791212809009,4.0,0.45,0.6948876250543687,HI-VAE_weibull_diffusion
0.01169501784833525,0.9332167832167833,0.05942529091275115,0.5776257396449704,0.13176400673723798,3.0,0.4653846153846154,0.730015395530491,HI-VAE_weibull_diffusion
0.01239355026031878,0.9314685314685316,0.04822958279531612,0.5015162721893491,0.09395930441442511,2.0,0.45,0.7260360453812272,HI-VAE_weibull_diffusion
0.010998452214293073,0.9398601398601397,0.06192130887334503,0.5833579881656805,0.12414972066005604,2.0,0.43846153846153846,0.7297015673406052,HI-VAE_weibull_diffusion
0.010817801291039993,0.9374125874125874,0.05714858589154881,0.5396819526627219,0.17508405151475848,5.0,0.4653846153846154,0.7287576003638817,HI-VAE_weibull_diffusion
0.011539939451969093,0.937062937062937,0.05898653885010241,0.572448224852071,0.14949087987343523,4.0,0.4461538461538462,0.7409833543658225,HI-VAE_weibull_diffusion
0.01045660455221397,0.9416083916083916,0.052429746249259626,0.5019230769230769,0.18446601288107248,4.0,0.46153846153846156,0.6526535774442035,HI-VAE_weibull_diffusion
0.010947410838307782,0.9367132867132867,0.06048070234713583,0.5240014792899409,0.09811278227936697,2.0,0.4230769230769231,0.695464609472458,HI-VAE_weibull_diffusion
0.01038999831503704,0.9444055944055944,0.04118835692941084,0.5348742603550296,0.08818777322472982,1.0,0.43846153846153846,0.6827057814638553,HI-VAE_weibull_diffusion
0.009708284844034323,0.9412587412587413,0.04028189386027489,0.5610946745562131,0.0789780871930617,1.0,0.4423076923076923,0.7288207448567168,HI-VAE_weibull_diffusion
0.011991909283839657,0.932867132867133,0.05614176859504765,0.5789940828402368,0.1546913097243219,4.0,0.39615384615384613,0.7163945055790815,HI-VAE_weibull_diffusion
0.011745458150805537,0.9381118881118881,0.06318929932245564,0.5805103550295858,0.10474279273828081,3.0,0.46153846153846156,0.7217249628539836,HI-VAE_weibull_diffusion
0.010543150042079372,0.9367132867132867,0.0527584032526405,0.5323224852071007,0.16278406629754374,3.0,0.39615384615384613,0.7278212578323449,HI-VAE_weibull_diffusion
0.011335599386232392,0.9381118881118881,0.04662532679244928,0.5666050295857988,0.15099374458595496,2.0,0.4307692307692308,0.7107984830514469,HI-VAE_weibull_diffusion
0.009651376497497331,0.9496503496503496,0.04162679068779874,0.5376479289940829,0.0841818335927852,2.0,0.46923076923076923,0.70326191798024,HI-VAE_weibull_diffusion
0.009941521176172917,0.9433566433566433,0.0382083279421808,0.5379437869822485,0.15515092068854383,1.0,0.41923076923076924,0.6916725135806674,HI-VAE_weibull_diffusion
0.009711203170290006,0.944055944055944,0.060671756483899504,0.5673076923076923,0.1163631398515816,2.0,0.49615384615384617,0.7108807597408534,HI-VAE_weibull_diffusion
0.010598851178199779,0.9402097902097902,0.054671577282564644,0.5479289940828402,0.14421236228214634,4.0,0.41923076923076924,0.7232590209065001,HI-VAE_weibull_diffusion
0.010071683473472844,0.9447552447552446,0.04820696283356947,0.4974112426035503,0.1949026829995904,4.0,0.4307692307692308,0.7041252830351891,HI-VAE_weibull_diffusion
0.010844174864497947,0.9398601398601397,0.06006235858318746,0.5187130177514793,0.12708952496714485,3.0,0.46153846153846156,0.6970442830592455,HI-VAE_weibull_diffusion
0.010505434301463085,0.9409090909090909,0.02020317853476053,0.5541420118343195,0.11286708157470296,2.0,0.4346153846153846,0.7453006627466345,HI-VAE_weibull_diffusion
0.00863423176643726,0.9472027972027971,0.03846447389535022,0.5215976331360948,0.09254902511451271,2.0,0.46153846153846156,0.7192578114296079,HI-VAE_weibull_diffusion
0.012917349370636249,0.9321678321678323,0.03879545007396792,0.5775887573964497,0.06664233324854885,3.0,0.4115384615384615,0.715222700959279,HI-VAE_weibull_diffusion
0.009938348254026824,0.9437062937062937,0.0784192066417178,0.533801775147929,0.12271445132407832,3.0,0.49615384615384617,0.7037409767615284,HI-VAE_weibull_diffusion
0.009060115416344107,0.9444055944055944,0.02090196624479956,0.5561390532544379,0.12863255978430935,2.0,0.4230769230769231,0.681721346580996,HI-VAE_weibull_diffusion
0.010608810954040355,0.9342657342657342,0.03051505185118337,0.5892011834319526,0.140752990507667,3.0,0.4076923076923077,0.7099010669541067,HI-VAE_weibull_diffusion
0.010902826901842137,0.9346153846153846,0.05871803935556163,0.5852810650887574,0.11723816834776059,4.0,0.4115384615384615,0.6946186590590825,HI-VAE_weibull_diffusion
0.010042629788771351,0.9444055944055944,0.033805037294602505,0.5441937869822484,0.11644066692485555,3.0,0.4307692307692308,0.7073205118486493,HI-VAE_weibull_diffusion
0.009535573397048807,0.9433566433566434,0.05196616614290468,0.5345784023668638,0.08266549594635828,1.0,0.4461538461538462,0.6895017876126205,HI-VAE_weibull_diffusion
0.010499425980913872,0.9405594405594404,0.05025304862845375,0.5083579881656805,0.1470321606766464,3.0,0.4653846153846154,0.7338021864703514,HI-VAE_weibull_diffusion
0.009113369821577776,0.9503496503496502,0.02500470410019958,0.4943047337278107,0.19192242529192402,4.0,0.4846153846153846,0.7311413046374924,HI-VAE_weibull_diffusion
0.0108994961798146,0.9363636363636363,0.07244212178140787,0.47418639053254436,0.20112255663958284,5.0,0.5307692307692308,0.7257687704790523,HI-VAE_weibull_diffusion
0.00895702029654435,0.9468531468531469,0.05048321289245325,0.4715976331360947,0.1543186621391922,2.0,0.46923076923076923,0.7044720904450248,HI-VAE_weibull_diffusion
0.010184000532260505,0.9465034965034964,0.03334873807272958,0.5497041420118343,0.11587382788620844,1.0,0.4,0.6923942436552272,HI-VAE_weibull_diffusion
0.01056861466755141,0.9482517482517483,0.045074216716429964,0.5340976331360947,0.1345462277086963,5.0,0.4653846153846154,0.7056756144403582,HI-VAE_weibull_diffusion
0.010749425852073235,0.9423076923076923,0.04692067495880363,0.46153846153846156,0.16163073667865793,4.0,0.4653846153846154,0.7215831123049642,HI-VAE_weibull_diffusion
0.011623010254159051,0.9377622377622377,0.06793358169096345,0.527810650887574,0.11758046158925183,3.0,0.4423076923076923,0.7177424768232754,HI-VAE_weibull_diffusion
0.00910149847002695,0.9461538461538462,0.04249474893563141,0.4725221893491124,0.10030752181071069,1.0,0.46923076923076923,0.701906512859934,HI-VAE_weibull_diffusion
0.011423362444570541,0.9381118881118881,0.03627795653541351,0.5019970414201184,0.18024691063445372,3.0,0.46923076923076923,0.7081796218461075,HI-VAE_weibull_diffusion
0.0099463099064016,0.9468531468531469,0.03561147922683129,0.4697115384615385,0.12009557224260851,1.0,0.46153846153846156,0.7170001178267502,HI-VAE_weibull_diffusion
0.00954725853778078,0.9482517482517481,0.04437478416670589,0.6045857988165679,0.15909011618413565,2.0,0.4653846153846154,0.7079235471062543,HI-VAE_weibull_diffusion
0.01043169224690438,0.9426573426573426,0.04880827676372347,0.5198224852071006,0.1748468755126272,6.0,0.47307692307692306,0.6950502927218934,HI-VAE_weibull_diffusion
0.008657639980686267,0.9482517482517481,0.02751951336166396,0.5477440828402367,0.08328630746296826,1.0,0.45384615384615384,0.7168076373783586,HI-VAE_weibull_diffusion
0.010017363472866227,0.9437062937062937,0.032515963670990036,0.540162721893491,0.08039685833397556,1.0,0.4576923076923077,0.6923698919466442,HI-VAE_weibull_diffusion
0.009811374039477313,0.9458041958041957,0.037501973723769434,0.4840236686390532,0.10528443396508261,4.0,0.4576923076923077,0.7338751211599818,HI-VAE_weibull_diffusion
0.009110774181770809,0.9517482517482516,0.04248966194944558,0.5013683431952662,0.050845552787818445,1.0,0.45,0.6831372766109078,HI-VAE_weibull_diffusion
0.009853571619777976,0.9416083916083916,0.05551537381031034,0.5979289940828402,0.13979130204567422,3.0,0.4269230769230769,0.7333623517853076,HI-VAE_weibull_diffusion
0.011543008959025656,0.9339160839160839,0.0766182740651073,0.5221153846153845,0.17632884594812442,3.0,0.47692307692307695,0.703913578705692,HI-VAE_weibull_diffusion
0.010312063111466459,0.9423076923076923,0.05995290399197586,0.5430473372781066,0.18516502366772492,6.0,0.43846153846153846,0.7215117868126104,HI-VAE_weibull_diffusion
0.010710624731543526,0.943006993006993,0.06293080809245448,0.5611686390532544,0.06011420967005797,4.0,0.45384615384615384,0.7126235330203393,HI-VAE_weibull_diffusion
0.011059300724621713,0.9363636363636363,0.0835691049944912,0.5552514792899409,0.11502034361583363,4.0,0.45,0.7122897175570376,HI-VAE_weibull_diffusion
0.010332628519866598,0.9398601398601399,0.05879484892331426,0.5403846153846154,0.09950050635922236,2.0,0.43846153846153846,0.7144888743498202,HI-VAE_weibull_diffusion
0.010332227132606632,0.9416083916083916,0.03714585784572831,0.5500739644970414,0.11656687687105542,3.0,0.4,0.7232343368669909,HI-VAE_weibull_diffusion
0.009311134382714012,0.944055944055944,0.05170017471096879,0.49042159763313603,0.1352370921768544,3.0,0.4576923076923077,0.7056065644468283,HI-VAE_weibull_diffusion
0.009601960562289983,0.9475524475524476,0.04189863904953109,0.5452662721893491,0.10150914951298742,3.0,0.45,0.7030980150800977,HI-VAE_weibull_diffusion
0.010282585087546729,0.9384615384615386,0.045026583037853986,0.5364275147928994,0.11813877938487198,3.0,0.4346153846153846,0.7190512575793278,HI-VAE_weibull_diffusion
0.009543160267636823,0.9486013986013986,0.040709279949528505,0.5482988165680472,0.10422990728073656,2.0,0.4269230769230769,0.6992616068204788,HI-VAE_weibull_diffusion
0.010812872950228652,0.9395104895104894,0.04777494513097664,0.5628698224852071,0.15919753726978475,4.0,0.46923076923076923,0.7270708845327473,HI-VAE_weibull_diffusion
0.010166375933440707,0.945104895104895,0.04610351931606234,0.5241863905325443,0.09410694039425652,2.0,0.45384615384615384,0.7201068544938827,HI-VAE_weibull_diffusion
0.010820616713098856,0.9381118881118881,0.04519920907787989,0.5735207100591715,0.15065910969949442,2.0,0.4307692307692308,0.718578164581397,HI-VAE_weibull_diffusion
0.009683570943536795,0.9433566433566433,0.050701603272047695,0.5596153846153846,0.12340933152207764,4.0,0.4230769230769231,0.719944877989715,HI-VAE_weibull_diffusion
0.010632407616228162,0.9398601398601397,0.05816621473206036,0.5411612426035503,0.1944092794054905,3.0,0.4423076923076923,0.7061635806272494,HI-VAE_weibull_diffusion
0.010266675222271053,0.9468531468531467,0.04911414985501279,0.5193047337278107,0.15330684302059525,2.0,0.4846153846153846,0.7196954276712072,HI-VAE_weibull_diffusion
0.011034574139619916,0.9349650349650349,0.03338715198365397,0.5464497041420119,0.15258291849925149,3.0,0.4307692307692308,0.7043457065527896,HI-VAE_weibull_diffusion
0.011297407824843682,0.9384615384615386,0.037697989769411765,0.5072115384615384,0.09588647538573414,4.0,0.45384615384615384,0.6868148749106885,HI-VAE_weibull_diffusion
0.009224237022045943,0.9475524475524474,0.025969495780823953,0.5313979289940829,0.10438571645438902,3.0,0.4230769230769231,0.7252085157747239,HI-VAE_weibull_diffusion
0.008830920193916693,0.9506993006993006,0.04446009441324723,0.5139053254437871,0.08191633248765251,2.0,0.46153846153846156,0.710547722080787,HI-VAE_weibull_diffusion
0.009315405016877092,0.9475524475524474,0.03044543644955583,0.5206360946745561,0.14858770746365116,3.0,0.4423076923076923,0.7214470096074291,HI-VAE_weibull_diffusion
0.011171733449304187,0.9377622377622378,0.04684156672740087,0.5440088757396448,0.145616317364216,4.0,0.4307692307692308,0.6998281798275323,HI-VAE_weibull_diffusion
0.010858634096483355,0.9398601398601397,0.07294901780210973,0.5408284023668639,0.0823321386665137,1.0,0.4346153846153846,0.7030324000995388,HI-VAE_weibull_diffusion
0.009650068894462021,0.9468531468531467,0.061432273289286105,0.49245562130177517,0.13854907467921682,3.0,0.43846153846153846,0.6956133030520832,HI-VAE_weibull_diffusion
0.009191491343901568,0.9475524475524476,0.05162315597864642,0.5177514792899409,0.12255868616109301,6.0,0.4115384615384615,0.6748264531341138,HI-VAE_weibull_diffusion
0.011088752641803116,0.936013986013986,0.0580565538216668,0.5777736686390532,0.11916915303432794,4.0,0.47307692307692306,0.7025089400855978,HI-VAE_weibull_diffusion
0.011611817293598042,0.9318181818181818,0.06847703166210488,0.5524408284023667,0.20393833717789392,5.0,0.39615384615384613,0.7140405605673904,HI-VAE_weibull_diffusion
0.009346276639894874,0.9419580419580419,0.061137730831292494,0.5349112426035503,0.19135962222541902,4.0,0.4230769230769231,0.7050926422888941,HI-VAE_weibull_diffusion
0.00924308629916938,0.9506993006993006,0.0265888417751735,0.5142751479289941,0.12792863496438053,3.0,0.46923076923076923,0.7061819624266913,HI-VAE_weibull_diffusion
0.010552828032457816,0.9444055944055944,0.05268463693094101,0.5574704142011835,0.13237174211657177,3.0,0.4230769230769231,0.7326378488237602,HI-VAE_weibull_diffusion
0.010858978147845469,0.9405594405594404,0.05532237587673152,0.5152366863905324,0.08638158712663378,2.0,0.46923076923076923,0.7006076656369664,HI-VAE_weibull_diffusion
0.010299796779447671,0.9353146853146853,0.05340216203287319,0.5491494082840236,0.132919512465528,4.0,0.47307692307692306,0.722089293844041,HI-VAE_weibull_diffusion
0.009264893785493526,0.95,0.03223585173610587,0.501405325443787,0.11460162905932253,3.0,0.4423076923076923,0.7132484301853214,HI-VAE_weibull_diffusion
0.009484827736712857,0.9433566433566434,0.042471182977393544,0.5343934911242604,0.1554176287867198,3.0,0.4346153846153846,0.7281887501766287,HI-VAE_weibull_diffusion
0.01037585586653953,0.939160839160839,0.07080107977182573,0.5034763313609468,0.08115171640720821,4.0,0.4230769230769231,0.6940212539832431,HI-VAE_weibull_diffusion
0.010665027925011804,0.9426573426573426,0.06647038761723362,0.5335798816568047,0.16316980765032138,4.0,0.41923076923076924,0.7156031594513231,HI-VAE_weibull_diffusion
0.011753863079681398,0.9297202797202797,0.0841450944436076,0.5774778106508875,0.2266065697964925,3.0,0.4230769230769231,0.700952983375276,HI-VAE_weibull_diffusion
0.025806277913054322,0.8615384615384616,0.14571003104097985,0.718121301775148,0.14185550774474037,2.0,0.4269230769230769,0.7820175149735556,HI-VAE_piecewise_diffusion
0.026175345725920784,0.8636363636363636,0.11140909816110142,0.7321745562130177,0.20904059388737836,3.0,0.46153846153846156,0.7749662799747948,HI-VAE_piecewise_diffusion
0.0247953102368534,0.8727272727272727,0.15521194211195033,0.7520710059171598,0.10051008826588748,2.0,0.38846153846153847,0.8073930314381726,HI-VAE_piecewise_diffusion
0.026625335899927813,0.8573426573426574,0.13694435896277976,0.7585059171597633,0.06963032768582483,3.0,0.4653846153846154,0.7892161349172145,HI-VAE_piecewise_diffusion
0.02603780176158205,0.8625874125874127,0.13982362951360558,0.741715976331361,0.1361944250394181,4.0,0.4423076923076923,0.7825863365363788,HI-VAE_piecewise_diffusion
0.028159536159088505,0.8433566433566434,0.15884859860323647,0.7694526627218935,0.13137538522718345,3.0,0.4153846153846154,0.8001978801466784,HI-VAE_piecewise_diffusion
0.029089868266287223,0.85,0.15699575667488397,0.7378328402366864,0.2224740514011628,5.0,0.43846153846153846,0.7821922899928161,HI-VAE_piecewise_diffusion
0.025391072133963036,0.8699300699300699,0.1305462059627436,0.6870562130177515,0.18650376614080943,6.0,0.4346153846153846,0.801246941837409,HI-VAE_piecewise_diffusion
0.0282435301431791,0.8506993006993007,0.17903762840235554,0.7380917159763314,0.1645158109648117,6.0,0.4307692307692308,0.7810756519229701,HI-VAE_piecewise_diffusion
0.02830456875244852,0.85,0.1748107923470687,0.7463757396449704,0.07455188159862171,3.0,0.46153846153846156,0.7689343701746814,HI-VAE_piecewise_diffusion
0.024237963718993904,0.8713286713286713,0.13332263550728202,0.7008875739644971,0.1416108999708407,4.0,0.4076923076923077,0.7678561348429352,HI-VAE_piecewise_diffusion
0.025444875366080654,0.872027972027972,0.1188752278798658,0.7454881656804735,0.15538200237173236,5.0,0.4307692307692308,0.7727768650257394,HI-VAE_piecewise_diffusion
0.02485049647664707,0.8702797202797202,0.11553508204135395,0.6811020710059171,0.10269422627833862,3.0,0.46923076923076923,0.7494794911516609,HI-VAE_piecewise_diffusion
0.026220547082617195,0.8622377622377623,0.13381523434464135,0.75051775147929,0.1783550844188089,5.0,0.4153846153846154,0.7784271154203153,HI-VAE_piecewise_diffusion
0.027787567618596087,0.8534965034965034,0.16303116740911508,0.7210798816568048,0.21550341108170315,4.0,0.4230769230769231,0.7880249891047463,HI-VAE_piecewise_diffusion
0.028191642152207083,0.8524475524475524,0.15586838746559806,0.7521079881656803,0.08935231547928138,5.0,0.45,0.7836985883426513,HI-VAE_piecewise_diffusion
0.02956845124653717,0.8524475524475524,0.16893318795722245,0.7461538461538462,0.08349257637337917,4.0,0.41923076923076924,0.7698581333895577,HI-VAE_piecewise_diffusion
0.027050400847218405,0.855944055944056,0.15911946857516104,0.7641272189349112,0.24035354286913832,7.0,0.41923076923076924,0.7771654120555193,HI-VAE_piecewise_diffusion
0.026469535066316018,0.8601398601398601,0.1267760336479972,0.714792899408284,0.1254092038589408,2.0,0.4153846153846154,0.7774583021821493,HI-VAE_piecewise_diffusion
0.02937740297067911,0.8486013986013986,0.18020678992397834,0.7747781065088757,0.19926413926238595,3.0,0.4115384615384615,0.7912813587619535,HI-VAE_piecewise_diffusion
0.028445889852553304,0.8541958041958041,0.16449585399155256,0.7475591715976332,0.12251471865592475,5.0,0.4153846153846154,0.790983072225946,HI-VAE_piecewise_diffusion
0.026432572910996145,0.8597902097902097,0.15468028737543524,0.7186390532544379,0.258504150624769,7.0,0.4153846153846154,0.7733608430157296,HI-VAE_piecewise_diffusion
0.027689644466078623,0.8566433566433566,0.15616839319188067,0.7104289940828402,0.17655978565587138,4.0,0.4423076923076923,0.7851912777762752,HI-VAE_piecewise_diffusion
0.027483308899174032,0.8506993006993007,0.16753819454771635,0.7523298816568047,0.1867914540118774,4.0,0.41923076923076924,0.7795759966781439,HI-VAE_piecewise_diffusion
0.02722318394506772,0.8573426573426574,0.15787324326575444,0.7124260355029586,0.10990317520740289,3.0,0.4576923076923077,0.7650348507857202,HI-VAE_piecewise_diffusion
0.028531347471076052,0.852097902097902,0.16465847903268466,0.7224852071005918,0.10101297877119098,5.0,0.46923076923076923,0.7766212608838248,HI-VAE_piecewise_diffusion
0.02805914724191635,0.852097902097902,0.18184524961513193,0.7323594674556213,0.16930232188697306,6.0,0.4230769230769231,0.7936413408835136,HI-VAE_piecewise_diffusion
0.026515065471510228,0.8608391608391609,0.1464792979568281,0.7307322485207101,0.19329921579862247,6.0,0.4307692307692308,0.767559715256258,HI-VAE_piecewise_diffusion
0.026850398464199284,0.8555944055944056,0.16237310578447595,0.7767381656804734,0.06103040826896311,2.0,0.38846153846153847,0.7660374425065501,HI-VAE_piecewise_diffusion
0.026132379440444907,0.856993006993007,0.17133814270032616,0.7211168639053256,0.1496230657176541,4.0,0.4115384615384615,0.7647963902931783,HI-VAE_piecewise_diffusion
0.028377602823030455,0.8534965034965034,0.1335831019046515,0.7385355029585798,0.1543853527556445,3.0,0.45384615384615384,0.7760309036346161,HI-VAE_piecewise_diffusion
0.02752261271883005,0.8517482517482518,0.16161395432848427,0.7411612426035503,0.2154884683456793,4.0,0.4269230769230769,0.7826651745859983,HI-VAE_piecewise_diffusion
0.027487153024095493,0.8503496503496504,0.1753230990524224,0.7505917159763313,0.14472627765380586,5.0,0.4115384615384615,0.7807722456301154,HI-VAE_piecewise_diffusion
0.02575440914900171,0.8667832167832169,0.11468505950876016,0.7132396449704143,0.12162792760166592,2.0,0.4153846153846154,0.7685642247530334,HI-VAE_piecewise_diffusion
0.028765401982506596,0.848951048951049,0.18023328051400336,0.744008875739645,0.048866961203931546,6.0,0.40384615384615385,0.7883922369788543,HI-VAE_piecewise_diffusion
0.026931332449483526,0.8534965034965034,0.1641136130999187,0.7492603550295858,0.23071203508556248,5.0,0.4346153846153846,0.7954372904992459,HI-VAE_piecewise_diffusion
0.029874569316247376,0.841958041958042,0.1546849046161869,0.7471153846153846,0.08516152478732955,5.0,0.4576923076923077,0.7910190450859045,HI-VAE_piecewise_diffusion
0.02392868652644611,0.863986013986014,0.129195565072588,0.680103550295858,0.11117989506840424,5.0,0.4076923076923077,0.7900330317736153,HI-VAE_piecewise_diffusion
0.028936748987271096,0.8447552447552447,0.13142903218805896,0.7568047337278107,0.06933598220512222,2.0,0.4230769230769231,0.7896992458965112,HI-VAE_piecewise_diffusion
0.02862109637053365,0.8573426573426572,0.13864363848260133,0.7373150887573965,0.05583671835914736,1.0,0.4307692307692308,0.7693627479535249,HI-VAE_piecewise_diffusion
0.027316528300098772,0.85,0.1859966598276774,0.7700443786982248,0.18255466566594844,3.0,0.39615384615384613,0.775091241862461,HI-VAE_piecewise_diffusion
0.02881145112580735,0.8447552447552448,0.17576242513563461,0.7367603550295858,0.07284358760433929,7.0,0.4269230769230769,0.777918667161383,HI-VAE_piecewise_diffusion
0.026912091361729538,0.8552447552447553,0.17285296083435758,0.7188609467455622,0.21052711862400109,5.0,0.4461538461538462,0.7828447914558926,HI-VAE_piecewise_diffusion
0.028399705805946397,0.8555944055944056,0.1344856706904388,0.720784023668639,0.13616219642956887,2.0,0.4346153846153846,0.7662545818866986,HI-VAE_piecewise_diffusion
0.030157196021618524,0.8454545454545456,0.19542749047084473,0.7513313609467456,0.21394582193739659,6.0,0.4115384615384615,0.7692130796515511,HI-VAE_piecewise_diffusion
0.026765394882851457,0.8562937062937063,0.1324499814344544,0.7552514792899407,0.15191389001045297,2.0,0.38076923076923075,0.7624745734528786,HI-VAE_piecewise_diffusion
0.02667298214151901,0.854895104895105,0.14394602147701946,0.7344674556213018,0.14489540440256132,5.0,0.40384615384615385,0.771621049008832,HI-VAE_piecewise_diffusion
0.02776219981139781,0.8618881118881118,0.12592092519425754,0.719896449704142,0.04859863005186965,3.0,0.4269230769230769,0.7443047796867507,HI-VAE_piecewise_diffusion
0.027077638399789303,0.8576923076923076,0.17404056412628055,0.6996301775147928,0.14961568886408308,6.0,0.4153846153846154,0.7629868524017109,HI-VAE_piecewise_diffusion
0.02861913269335008,0.8545454545454546,0.11651242251046551,0.7667899408284023,0.21735978376984263,5.0,0.4115384615384615,0.7826164842675214,HI-VAE_piecewise_diffusion
0.02696371172986366,0.858041958041958,0.15528762197850682,0.6758875739644971,0.1810626224270778,5.0,0.40384615384615385,0.7796799693046377,HI-VAE_piecewise_diffusion
0.02700256028891645,0.8583916083916083,0.17813864478743174,0.7370192307692307,0.15678321462916145,5.0,0.4,0.793168529158667,HI-VAE_piecewise_diffusion
0.02532946566400619,0.866083916083916,0.15028409142415358,0.6928994082840236,0.07024831124300872,5.0,0.45,0.7798977078497041,HI-VAE_piecewise_diffusion
0.027909522578167676,0.8513986013986014,0.18419676710816968,0.6984097633136095,0.2338198169900555,7.0,0.4115384615384615,0.7681017890721755,HI-VAE_piecewise_diffusion
0.026881946732015796,0.859090909090909,0.13447815502967492,0.7410133136094674,0.19431680568384488,6.0,0.43846153846153846,0.7905197985809201,HI-VAE_piecewise_diffusion
0.030242222965395027,0.846153846153846,0.14552792187000355,0.7563609467455621,0.16772679305264468,4.0,0.4346153846153846,0.7796124021663448,HI-VAE_piecewise_diffusion
0.0274738823469967,0.8496503496503497,0.17201655224946236,0.7563609467455621,0.3459798412708348,6.0,0.4153846153846154,0.7926884360706612,HI-VAE_piecewise_diffusion
0.02638809035917342,0.8643356643356643,0.14507588902022403,0.6962278106508875,0.10111291294053569,3.0,0.3730769230769231,0.7661431259864695,HI-VAE_piecewise_diffusion
0.02841304233650134,0.8531468531468532,0.1480000812218061,0.7472633136094674,0.09497843427292449,2.0,0.46153846153846156,0.7642626980091712,HI-VAE_piecewise_diffusion
0.026933974561672614,0.862937062937063,0.11887022928600623,0.7294378698224853,0.23345973969283684,5.0,0.4307692307692308,0.7980973415509844,HI-VAE_piecewise_diffusion
0.028361262630997565,0.8555944055944056,0.14846182227374247,0.7574704142011834,0.11619686312886418,5.0,0.45,0.778036298627675,HI-VAE_piecewise_diffusion
0.02466309716953122,0.8681818181818183,0.13856373871698463,0.7182692307692308,0.23872101410383362,6.0,0.4269230769230769,0.7762600040893729,HI-VAE_piecewise_diffusion
0.027701909107726366,0.8517482517482518,0.1472252242757077,0.7390902366863905,0.18093794459589138,4.0,0.4153846153846154,0.7820762440789817,HI-VAE_piecewise_diffusion
0.028490067428270514,0.848951048951049,0.1430193223869589,0.7399408284023667,0.08174904839823172,2.0,0.4423076923076923,0.7837874085232018,HI-VAE_piecewise_diffusion
0.02741731123227459,0.8552447552447553,0.15836557753836394,0.7286242603550296,0.2578577109209332,7.0,0.43846153846153846,0.786435609516319,HI-VAE_piecewise_diffusion
0.028051257840550622,0.8531468531468532,0.1663952436586385,0.7190828402366863,0.1699174089468793,5.0,0.4346153846153846,0.7602923917300766,HI-VAE_piecewise_diffusion
0.027804146245043314,0.8545454545454546,0.14053616537878652,0.7156065088757396,0.12085801991159206,3.0,0.4307692307692308,0.7893133845921343,HI-VAE_piecewise_diffusion
0.025814254406715788,0.8643356643356643,0.14523848434559553,0.7109467455621301,0.23395450019504013,6.0,0.4076923076923077,0.7718790384119335,HI-VAE_piecewise_diffusion
0.024932255132921532,0.8699300699300699,0.11619123969277931,0.717973372781065,0.12279129645001757,4.0,0.4461538461538462,0.78846111844502,HI-VAE_piecewise_diffusion
0.028198571689928672,0.8486013986013986,0.14331186714917063,0.7715236686390533,0.16573797268852977,3.0,0.4153846153846154,0.7876709992533726,HI-VAE_piecewise_diffusion
0.026327375929280947,0.8576923076923076,0.1583894582621423,0.7264792899408283,0.17567766689918551,6.0,0.43846153846153846,0.7904342908068368,HI-VAE_piecewise_diffusion
0.025656445087161316,0.8678321678321678,0.1618127866411262,0.7321005917159764,0.22991851010275494,6.0,0.4307692307692308,0.779934587576735,HI-VAE_piecewise_diffusion
0.025707501242397648,0.8601398601398601,0.13768459250195564,0.6861686390532544,0.14988051042578035,3.0,0.4461538461538462,0.7802439100407544,HI-VAE_piecewise_diffusion
0.02451300691686271,0.8667832167832169,0.1586112106286899,0.7454881656804734,0.20370208272833096,7.0,0.4115384615384615,0.7934253334034516,HI-VAE_piecewise_diffusion
0.029017736187615637,0.848951048951049,0.16216174124640317,0.7510724852071006,0.1957116002663335,5.0,0.43846153846153846,0.7750104208917208,HI-VAE_piecewise_diffusion
0.027982369035648002,0.8513986013986014,0.14973058362403696,0.7351331360946747,0.09732612434884308,2.0,0.4230769230769231,0.7821800899069897,HI-VAE_piecewise_diffusion
0.028681323831225045,0.855944055944056,0.17352684635915705,0.7389792899408285,0.1696197515741831,4.0,0.4115384615384615,0.7654389140745018,HI-VAE_piecewise_diffusion
0.027715527892545958,0.852797202797203,0.17894242041480413,0.7459689349112427,0.24691133251887099,6.0,0.45384615384615384,0.7626761445012372,HI-VAE_piecewise_diffusion
0.02573899686405483,0.8657342657342657,0.14435883986550033,0.6963757396449705,0.27785123214172736,6.0,0.4115384615384615,0.7762179166591564,HI-VAE_piecewise_diffusion
0.025591734674322797,0.862937062937063,0.1527497029637029,0.6939349112426035,0.14651465182436174,4.0,0.40384615384615385,0.759393844248116,HI-VAE_piecewise_diffusion
0.026528868611451595,0.8576923076923078,0.14967739436575275,0.7116124260355029,0.08849700074633474,5.0,0.4423076923076923,0.8006453756096575,HI-VAE_piecewise_diffusion
0.027848136259080204,0.848951048951049,0.13947494748714817,0.7391272189349112,0.07727173180056635,1.0,0.40384615384615385,0.7738608682020994,HI-VAE_piecewise_diffusion
0.026890637488622846,0.8611888111888113,0.17047857026460453,0.7198224852071006,0.13736478791001033,5.0,0.3923076923076923,0.7453841535226609,HI-VAE_piecewise_diffusion
0.026058333128053224,0.855944055944056,0.12191215086297678,0.7460798816568047,0.16965813629910975,4.0,0.45,0.7891104232336007,HI-VAE_piecewise_diffusion
0.029344060771114153,0.8479020979020979,0.13760281685090714,0.7690828402366864,0.13886079920177372,2.0,0.3923076923076923,0.7865992748262023,HI-VAE_piecewise_diffusion
0.02604696180437087,0.8660839160839161,0.17919470328458054,0.6876479289940829,0.18212634084068124,6.0,0.47692307692307695,0.7694170458887697,HI-VAE_piecewise_diffusion
0.026137692020250524,0.8681818181818183,0.13133971215934193,0.748705621301775,0.1869061242657166,5.0,0.45384615384615384,0.7682039848119858,HI-VAE_piecewise_diffusion
0.02839091907213132,0.8479020979020979,0.19693784156861907,0.754733727810651,0.1490400943044391,5.0,0.43846153846153846,0.7688971131546565,HI-VAE_piecewise_diffusion
0.02656248266232206,0.8622377622377623,0.13854526392541197,0.7410502958579881,0.2270369124055394,3.0,0.4153846153846154,0.7742468595674267,HI-VAE_piecewise_diffusion
0.028733649578810153,0.8493006993006993,0.18561481800681803,0.7503698224852071,0.20064592911525989,5.0,0.4153846153846154,0.7555439224694238,HI-VAE_piecewise_diffusion
0.028763329498522703,0.8496503496503497,0.18036589464642291,0.7304733727810651,0.20345054801755838,4.0,0.4,0.7682630931550084,HI-VAE_piecewise_diffusion
0.025850180226538396,0.8566433566433567,0.16529269440468727,0.7661242603550296,0.16922161367351346,3.0,0.4,0.77463277958389,HI-VAE_piecewise_diffusion
0.027879256402424727,0.8531468531468532,0.12657198269874775,0.7539201183431953,0.13856637293908328,4.0,0.4,0.786320096088747,HI-VAE_piecewise_diffusion
0.025655305776585032,0.8639860139860139,0.12177292016108629,0.7350221893491125,0.13378428377993323,2.0,0.38461538461538464,0.782994393381753,HI-VAE_piecewise_diffusion
0.026289554402587612,0.8674825174825176,0.14929837605464114,0.7053994082840237,0.14025667946019643,2.0,0.4653846153846154,0.7844025331080728,HI-VAE_piecewise_diffusion
0.02886241857529277,0.8517482517482516,0.1332303664163599,0.7919378698224853,0.13540390804134653,4.0,0.38461538461538464,0.7911735622295015,HI-VAE_piecewise_diffusion
0.027449719137061533,0.8587412587412587,0.11380429476721246,0.7433431952662723,0.10277906634469756,2.0,0.39615384615384613,0.7772336202297926,HI-VAE_piecewise_diffusion
0.02823710863911597,0.85,0.15829151242403483,0.7493343195266273,0.23895981437523217,5.0,0.4307692307692308,0.7691523911197342,HI-VAE_piecewise_diffusion
0.025707007642109106,0.8646853146853146,0.1522220733011456,0.7504437869822486,0.18799036290237975,6.0,0.39615384615384613,0.7733650280306543,HI-VAE_piecewise_diffusion
0.025768215590258367,0.8664335664335664,0.16636593121470025,0.7388683431952663,0.1986878559730309,4.0,0.45,0.7685553162199463,HI-VAE_piecewise_diffusion
0.02813751203142884,0.8534965034965034,0.16301691218166767,0.7272928994082841,0.20784604820357122,6.0,0.40384615384615385,0.7819844701287006,HI-VAE_piecewise_diffusion
0.026230679578635053,0.866083916083916,0.1424176188003965,0.72551775147929,0.15729806258841858,6.0,0.40384615384615385,0.7745826829808965,HI-VAE_piecewise_diffusion
0.027910964170278187,0.8527972027972027,0.14500993389169312,0.7597633136094674,0.11569894105738038,4.0,0.4153846153846154,0.7825039946724001,HI-VAE_piecewise_diffusion
0.028723939379033,0.841958041958042,0.17959848753209057,0.7428994082840237,0.24675040821072505,7.0,0.4,0.7741268614015878,HI-VAE_piecewise_diffusion
0.029189082036631828,0.8496503496503497,0.15512123976795483,0.7340976331360947,0.08811409712405405,2.0,0.4153846153846154,0.7804861376628633,HI-VAE_piecewise_diffusion
0.02642584826941777,0.8594405594405594,0.1606296082894216,0.7511834319526628,0.06268968787832058,2.0,0.4076923076923077,0.7710513037642099,HI-VAE_piecewise_diffusion
0.02586162567897491,0.8615384615384616,0.14185690286924033,0.754215976331361,0.11005780308840309,2.0,0.4423076923076923,0.7721150692206667,HI-VAE_piecewise_diffusion
0.024309701129328495,0.8744755244755246,0.09599134375607363,0.7013313609467455,0.1176199537338568,3.0,0.4307692307692308,0.7607143253011053,HI-VAE_piecewise_diffusion
0.02868153979756374,0.851048951048951,0.16983819453962237,0.7400147928994084,0.1297376378495868,6.0,0.39615384615384613,0.7802588515598982,HI-VAE_piecewise_diffusion
0.027172032323830496,0.862937062937063,0.16277456934452716,0.745044378698225,0.19626027837402538,4.0,0.4269230769230769,0.7829571444489578,HI-VAE_piecewise_diffusion
0.023473979302222694,0.8776223776223776,0.12272356125467587,0.6619822485207101,0.13375537728042064,2.0,0.3769230769230769,0.7710149337774208,HI-VAE_piecewise_diffusion
0.026694749689442878,0.859090909090909,0.16006615122537288,0.7664940828402368,0.20526714226296783,4.0,0.4269230769230769,0.7669075931450191,HI-VAE_piecewise_diffusion
0.028608098936770774,0.852097902097902,0.18639040753414948,0.7491863905325443,0.22287206124943665,3.0,0.38461538461538464,0.7863898500804166,HI-VAE_piecewise_diffusion
0.026691753884063432,0.8548951048951049,0.16233462113197492,0.7585059171597633,0.12938986346273745,2.0,0.4423076923076923,0.7797935168618311,HI-VAE_piecewise_diffusion
0.027207313030276434,0.8583916083916083,0.1229688237905402,0.7618343195266273,0.13661226913948626,3.0,0.4461538461538462,0.7923751437522436,HI-VAE_piecewise_diffusion
0.02575209388120436,0.8653846153846154,0.1309072167826777,0.7138313609467456,0.06703697556228627,1.0,0.41923076923076924,0.7682353524199728,HI-VAE_piecewise_diffusion
0.02663348691805022,0.8590909090909092,0.13602759449122698,0.7326923076923076,0.11612405445342643,4.0,0.4076923076923077,0.7872206682655218,HI-VAE_piecewise_diffusion
0.02669732751452666,0.8622377622377623,0.1642713796322523,0.7478550295857989,0.1498521729964822,4.0,0.4076923076923077,0.7737848696842026,HI-VAE_piecewise_diffusion
0.02763312367883178,0.8493006993006993,0.17633344962103623,0.7621301775147928,0.08909350819835192,3.0,0.3923076923076923,0.7862869015143104,HI-VAE_piecewise_diffusion
0.026768401108301178,0.8583916083916083,0.15393908335132606,0.6880917159763313,0.0993999111541349,2.0,0.4230769230769231,0.7837679537339811,HI-VAE_piecewise_diffusion
0.027861055810583082,0.8555944055944056,0.15841821995636032,0.7568786982248521,0.18451668370278032,5.0,0.45,0.785275859412742,HI-VAE_piecewise_diffusion
0.027943683346350792,0.8524475524475523,0.15809090477803092,0.7187130177514792,0.20803678988742438,5.0,0.4230769230769231,0.7698908130089378,HI-VAE_piecewise_diffusion
0.026552977042101855,0.8548951048951049,0.16685873079367156,0.757396449704142,0.1424430650922058,3.0,0.3923076923076923,0.8089737308245373,HI-VAE_piecewise_diffusion
0.027292231900446592,0.856993006993007,0.13043851964771225,0.7316937869822485,0.17503215758029225,8.0,0.43846153846153846,0.7754616416144887,HI-VAE_piecewise_diffusion
0.026671604403303115,0.8615384615384616,0.15391329280926985,0.7254068047337278,0.14133386047697802,2.0,0.4230769230769231,0.7675562776691228,HI-VAE_piecewise_diffusion
0.026285316514031713,0.8608391608391609,0.17048890490198643,0.7271449704142011,0.21472315155037255,7.0,0.43846153846153846,0.7657441590786234,HI-VAE_piecewise_diffusion
0.025106206931642016,0.8667832167832167,0.12945283486035675,0.7263313609467456,0.07649400766100746,4.0,0.41923076923076924,0.7876580374478868,HI-VAE_piecewise_diffusion
0.02816627711349832,0.8433566433566434,0.17881388281520036,0.7367603550295858,0.16784114651362733,4.0,0.41923076923076924,0.7914698784856831,HI-VAE_piecewise_diffusion
0.025471294416529622,0.8692307692307693,0.10255926301145005,0.718121301775148,0.11529317144504268,2.0,0.41923076923076924,0.7945817346336385,HI-VAE_piecewise_diffusion
0.026455855614926745,0.8555944055944056,0.1699685729489178,0.746560650887574,0.17389243883896122,7.0,0.4269230769230769,0.7896504422306982,HI-VAE_piecewise_diffusion
0.028746274844546185,0.8510489510489511,0.16771135246325375,0.719526627218935,0.11573038232829184,4.0,0.4576923076923077,0.7820849590450569,HI-VAE_piecewise_diffusion
0.025952857386266157,0.8611888111888111,0.15761647544916743,0.7182692307692308,0.14303683745989712,6.0,0.4115384615384615,0.7745174656189746,HI-VAE_piecewise_diffusion
0.02726884602771282,0.8555944055944056,0.19125907772013687,0.7565828402366864,0.0904557217714893,3.0,0.4230769230769231,0.7791672980156253,HI-VAE_piecewise_diffusion
0.026048712036311348,0.8625874125874126,0.1021160819100362,0.7285502958579881,0.10897349488230304,3.0,0.4423076923076923,0.7759448558047449,HI-VAE_piecewise_diffusion
0.026807361875075087,0.859090909090909,0.1429282199627986,0.7523668639053254,0.18645944776400736,2.0,0.3923076923076923,0.7874356565194128,HI-VAE_piecewise_diffusion
0.02665698420289232,0.8622377622377623,0.13249288949385662,0.6818417159763314,0.06336303274087851,2.0,0.4423076923076923,0.7617798863287772,HI-VAE_piecewise_diffusion
0.02784735664123775,0.8576923076923076,0.1659803820676256,0.7277366863905326,0.23031168777310404,4.0,0.4076923076923077,0.7903254364033658,HI-VAE_piecewise_diffusion
0.026860654080056744,0.852097902097902,0.14814495910629244,0.7662721893491125,0.10694879695208145,2.0,0.4153846153846154,0.783863177756329,HI-VAE_piecewise_diffusion
0.027360602035487232,0.856993006993007,0.17146751825317552,0.7651257396449703,0.14216641595572416,4.0,0.4269230769230769,0.7991238064666935,HI-VAE_piecewise_diffusion
0.02718375579425048,0.858041958041958,0.14969503573144174,0.7479289940828402,0.2351327481726628,3.0,0.36538461538461536,0.7851900456383505,HI-VAE_piecewise_diffusion
0.027936308256773953,0.8552447552447553,0.16002600182756427,0.7157544378698224,0.11500896560063378,1.0,0.4115384615384615,0.7740295190954363,HI-VAE_piecewise_diffusion
0.027558353670794424,0.8517482517482518,0.14712369027859135,0.7397189349112427,0.06784996074733024,3.0,0.39615384615384613,0.7911072254839485,HI-VAE_piecewise_diffusion
0.027198169293723252,0.8566433566433566,0.1861823313678905,0.7965236686390532,0.20244163628821904,5.0,0.4346153846153846,0.7830862895778642,HI-VAE_piecewise_diffusion
0.029662012238869526,0.85,0.173638385056641,0.765680473372781,0.0564290507959183,3.0,0.4230769230769231,0.7734850970442083,HI-VAE_piecewise_diffusion
0.027101090563345694,0.8538461538461539,0.1697706169534461,0.7661612426035502,0.18117609207163382,8.0,0.41923076923076924,0.7814773582345478,HI-VAE_piecewise_diffusion
0.02613395872564057,0.8587412587412587,0.15236943871660416,0.7352440828402367,0.13959236001760883,2.0,0.41923076923076924,0.7642469850852599,HI-VAE_piecewise_diffusion
0.026534610095101704,0.856993006993007,0.18856766713625073,0.7170118343195266,0.08627009972561897,7.0,0.43846153846153846,0.7813385995046072,HI-VAE_piecewise_diffusion
0.02667067372662426,0.862937062937063,0.15704940872163442,0.7783284023668638,0.15044208130584544,4.0,0.41923076923076924,0.7706700500150918,HI-VAE_piecewise_diffusion
0.026527520942798342,0.8625874125874127,0.18302463945917813,0.7298446745562129,0.1577684932247612,5.0,0.45,0.7738704994602291,HI-VAE_piecewise_diffusion
0.026735295904419018,0.8604895104895104,0.12971363758266963,0.74844674556213,0.05263842203165368,7.0,0.4115384615384615,0.7948391801355378,HI-VAE_piecewise_diffusion
0.0285508179748999,0.8486013986013986,0.16513183293160846,0.7677514792899408,0.18261877989699934,6.0,0.39615384615384613,0.7802467929545851,HI-VAE_piecewise_diffusion
0.02917143121004692,0.8482517482517483,0.14442822094312616,0.7320266272189349,0.1495081209238445,2.0,0.38461538461538464,0.775166282084025,HI-VAE_piecewise_diffusion
0.026323119543210982,0.8562937062937063,0.1429552627837728,0.727810650887574,0.10570723010520357,2.0,0.4346153846153846,0.7788781178158466,HI-VAE_piecewise_diffusion
0.02840708941081085,0.8510489510489511,0.18545913075114293,0.7242603550295857,0.21764338252313617,6.0,0.4269230769230769,0.7836988192714563,HI-VAE_piecewise_diffusion
0.025584889431049765,0.8646853146853146,0.13864200423069226,0.7287721893491124,0.06462782308652831,2.0,0.38461538461538464,0.7804857335418807,HI-VAE_piecewise_diffusion
0.025445132146294517,0.8685314685314686,0.14576275103920763,0.6955991124260354,0.1917448828890862,5.0,0.4576923076923077,0.7688271181431298,HI-VAE_piecewise_diffusion
0.026157400033821995,0.8618881118881118,0.1285219972724204,0.7085059171597632,0.09894652109273605,3.0,0.4307692307692308,0.76724978451126,HI-VAE_piecewise_diffusion
0.027101139880346094,0.8573426573426574,0.1484768327978939,0.7221523668639053,0.13969441586315406,3.0,0.4576923076923077,0.7602919962608885,HI-VAE_piecewise_diffusion
0.026539923536404678,0.8604895104895106,0.14125482908804268,0.7275147928994083,0.06804545244270417,2.0,0.43846153846153846,0.7634632296714412,HI-VAE_piecewise_diffusion
0.026892057188691577,0.8594405594405594,0.14923670568743552,0.7473742603550296,0.07688263235724908,2.0,0.4307692307692308,0.7677804451615721,HI-VAE_piecewise_diffusion
0.026332362892925256,0.8566433566433566,0.15368070729845176,0.7151627218934911,0.15740812334308077,3.0,0.4307692307692308,0.787119953421849,HI-VAE_piecewise_diffusion
0.02647563323205755,0.8555944055944056,0.17421674941393944,0.7080621301775147,0.1917221406324962,6.0,0.4115384615384615,0.7851143763094262,HI-VAE_piecewise_diffusion
0.02655486677997163,0.8618881118881118,0.1456013908143644,0.7730769230769231,0.20703882242473448,6.0,0.45,0.7905939114804716,HI-VAE_piecewise_diffusion
0.02637063384072962,0.8608391608391609,0.11486257310796327,0.7272928994082839,0.07758077844012583,2.0,0.45,0.762556466429762,HI-VAE_piecewise_diffusion
0.026499933822635803,0.8608391608391609,0.14550649523380585,0.7001849112426035,0.10862596832925449,5.0,0.4230769230769231,0.7871311701444877,HI-VAE_piecewise_diffusion
0.02899102110564442,0.8447552447552448,0.18748275204409798,0.7486686390532544,0.13090323617076288,4.0,0.4461538461538462,0.7764307531644432,HI-VAE_piecewise_diffusion
0.028357569390496207,0.8545454545454546,0.1874379633540689,0.7423816568047337,0.2279453954228598,5.0,0.4076923076923077,0.7914456631877361,HI-VAE_piecewise_diffusion
0.027265400444325807,0.8531468531468532,0.13757809770058213,0.7568047337278105,0.13370008159155414,4.0,0.4153846153846154,0.7728018336070768,HI-VAE_piecewise_diffusion
0.02635757180719968,0.862937062937063,0.1394818331594996,0.7354289940828401,0.1588892785741301,6.0,0.41923076923076924,0.7770420824614422,HI-VAE_piecewise_diffusion
0.026554646772435627,0.8573426573426574,0.1535675828929919,0.7137573964497042,0.09151109567271055,5.0,0.4461538461538462,0.7608894080976519,HI-VAE_piecewise_diffusion
0.027533736308907972,0.8513986013986014,0.17028772304724657,0.7373520710059172,0.23116704077196537,6.0,0.4076923076923077,0.7722486984948222,HI-VAE_piecewise_diffusion
0.025125562035321184,0.8681818181818183,0.13083619948566408,0.7058431952662723,0.19554015290674895,2.0,0.40384615384615385,0.7854669221910121,HI-VAE_piecewise_diffusion
0.028956664013505218,0.83986013986014,0.16878352974289026,0.7408653846153845,0.23675686399271564,3.0,0.4346153846153846,0.7951649357590095,HI-VAE_piecewise_diffusion
0.026948526860560006,0.8594405594405594,0.1815877346753215,0.7004437869822485,0.1726735594898182,6.0,0.4346153846153846,0.7690951085338608,HI-VAE_piecewise_diffusion
0.026931764800592884,0.8611888111888113,0.15463907216588652,0.7446005917159764,0.20674035187789103,4.0,0.40384615384615385,0.7626996088759952,HI-VAE_piecewise_diffusion
0.02518764233555838,0.8632867132867132,0.1730157061318564,0.7388313609467456,0.1950619202511089,3.0,0.43846153846153846,0.7842088137882746,HI-VAE_piecewise_diffusion
0.02685187776657604,0.8597902097902097,0.16895190494235565,0.7212278106508876,0.25097857440453286,8.0,0.45384615384615384,0.7914358257033154,HI-VAE_piecewise_diffusion
0.028462853237822713,0.8506993006993007,0.20424632846687504,0.747337278106509,0.19260203251994307,6.0,0.38076923076923075,0.7718052179051651,HI-VAE_piecewise_diffusion
0.025893458913699464,0.8583916083916083,0.12594896325918795,0.7260355029585799,0.1495223896712711,4.0,0.4307692307692308,0.7806586470617275,HI-VAE_piecewise_diffusion
0.02823005025693767,0.8482517482517481,0.18406432175740345,0.7524408284023669,0.15566005944292305,7.0,0.4346153846153846,0.7807426854690493,HI-VAE_piecewise_diffusion
0.027398002011157215,0.8527972027972027,0.16624733511534814,0.7275887573964497,0.1243278901812817,7.0,0.45,0.7621567262334707,HI-VAE_piecewise_diffusion
0.029065181731343707,0.841958041958042,0.13340111486341372,0.7717455621301775,0.13405274986328444,4.0,0.4153846153846154,0.7743819377450121,HI-VAE_piecewise_diffusion
0.025274835783010107,0.8699300699300699,0.12745642188919037,0.6968934911242602,0.07009831612454932,5.0,0.4153846153846154,0.7727352836863653,HI-VAE_piecewise_diffusion
0.0287077507491975,0.843006993006993,0.17663800588991813,0.7390532544378698,0.16667084301942645,8.0,0.4346153846153846,0.7902158544385254,HI-VAE_piecewise_diffusion
0.024828560012187775,0.8653846153846154,0.15168923601564988,0.759430473372781,0.06260030501568686,2.0,0.38846153846153847,0.8017282517989631,HI-VAE_piecewise_diffusion
0.028690565804196277,0.8433566433566434,0.18543610683565764,0.7289940828402367,0.18626474592310716,5.0,0.40384615384615385,0.7718978714138849,HI-VAE_piecewise_diffusion
0.026940979032659674,0.8576923076923078,0.14097088035097546,0.7457100591715976,0.15085338494606618,3.0,0.4269230769230769,0.7717279230638742,HI-VAE_piecewise_diffusion
0.027224426683297,0.8534965034965034,0.15970193827964818,0.7130177514792899,0.199577506400983,6.0,0.40384615384615385,0.7889712495043807,HI-VAE_piecewise_diffusion
0.02664849178083841,0.8636363636363636,0.14104899958332875,0.720784023668639,0.10426893766727069,1.0,0.4230769230769231,0.774136989793931,HI-VAE_piecewise_diffusion
0.02706720568575027,0.8552447552447553,0.20184794014198892,0.6928254437869823,0.22665215236612873,9.0,0.4461538461538462,0.7761972169418381,HI-VAE_piecewise_diffusion
0.026694354196647205,0.8604895104895104,0.14294423104243995,0.7398668639053254,0.11343252081977594,3.0,0.3923076923076923,0.7608452523037353,HI-VAE_piecewise_diffusion
0.02685342520744851,0.8541958041958041,0.18055656557321423,0.7182692307692307,0.1505860425989616,7.0,0.4115384615384615,0.7671912873565689,HI-VAE_piecewise_diffusion
0.02819954244062511,0.858041958041958,0.15527096740235494,0.6980029585798816,0.16282334606985424,5.0,0.45,0.7789186795342814,HI-VAE_piecewise_diffusion
0.029030164757272423,0.8506993006993007,0.16134037603703474,0.7950443786982249,0.24089573699500033,6.0,0.4,0.783393869201186,HI-VAE_piecewise_diffusion
0.025902530038490242,0.8615384615384616,0.14483823724586475,0.6715236686390532,0.13255946528455487,2.0,0.4269230769230769,0.7682420402198923,HI-VAE_piecewise_diffusion
0.02876547213641806,0.8482517482517483,0.17438338869684988,0.7409763313609468,0.1800544662388449,3.0,0.4346153846153846,0.7961743105126348,HI-VAE_piecewise_diffusion
0.02891209291519684,0.855944055944056,0.16904183176153018,0.7431952662721893,0.18612520284252457,6.0,0.43846153846153846,0.7745693063150203,HI-VAE_piecewise_diffusion
0.02573274022750308,0.863986013986014,0.16613039510461916,0.7107988165680473,0.17398272397878897,6.0,0.4307692307692308,0.7635187041053025,HI-VAE_piecewise_diffusion
0.026669308909356634,0.8524475524475524,0.1384996458559124,0.7698224852071005,0.2603464422787871,4.0,0.41923076923076924,0.7891405819734725,HI-VAE_piecewise_diffusion
0.030900370497280782,0.8395104895104896,0.20420852633029854,0.7988905325443787,0.16725889745819805,7.0,0.45384615384615384,0.7843045536048885,HI-VAE_piecewise_diffusion
