J-S distance,KS test,Survival curves distance,Detection XGB,NSND,K-map score,Identifiability score,NNDR,generator
0.0043688642487002445,0.9763531266421439,0.02407647378537721,0.4689867947178872,0.13237280748123886,1.0,0.4797687861271676,0.6585588611624221,HI-VAE_weibull
0.006811386686989304,0.9616395165528114,0.06143366442518067,0.5183001200480192,0.08573489830405355,2.0,0.5144508670520231,0.6909770231600327,HI-VAE_weibull
0.004553367807214539,0.9716237519705726,0.03183605733784877,0.45865786314525814,0.11123993362776478,2.0,0.4797687861271676,0.6817882952257414,HI-VAE_weibull
0.004107272517319121,0.9758276405675249,0.04231979958384688,0.5169939975990395,0.16265361123904143,2.0,0.47398843930635837,0.6774243921461913,HI-VAE_weibull
0.007678849921729501,0.954282711508145,0.018650522204466353,0.5572725090036015,0.10179597277359917,1.0,0.4682080924855491,0.7271978419643441,HI-VAE_weibull
0.004170420468512861,0.9742511823436678,0.043173130733336756,0.47293637454981996,0.1335292980184882,3.0,0.5144508670520231,0.6820575294836196,HI-VAE_weibull
0.006796229174770233,0.9616395165528112,0.02885397847166207,0.48554621848739493,0.1168962836278957,1.0,0.4393063583815029,0.6828490476829988,HI-VAE_weibull
0.004493059997028328,0.9737256962690488,0.03954505711409057,0.451078031212485,0.09923192575130124,1.0,0.4797687861271676,0.683556821093584,HI-VAE_weibull
0.005392599425379232,0.9679453494482396,0.0313016184613585,0.4953613445378151,0.1825046843131476,2.0,0.5317919075144508,0.6795419909244996,HI-VAE_weibull
0.003818224391003036,0.9705727798213348,0.03245252402676537,0.4436038415366146,0.15172772058033318,3.0,0.43352601156069365,0.6932052453786006,HI-VAE_weibull
0.00478351646927072,0.9721492380451917,0.047278125621713185,0.49087635054021617,0.13261804103321592,2.0,0.49710982658959535,0.7151545503489096,HI-VAE_weibull
0.0044922290272058,0.9726747241198109,0.051553489975343154,0.46982472989195684,0.1374519939870691,2.0,0.49710982658959535,0.7002930786960156,HI-VAE_weibull
0.002763415127383399,0.97845507094062,0.03912697602925929,0.47811284513805524,0.12367296264182175,3.0,0.45664739884393063,0.7322819848982347,HI-VAE_weibull
0.005107642475887469,0.9679453494482395,0.0479055774737712,0.5140552220888355,0.0750608014081184,1.0,0.45664739884393063,0.6914660422514717,HI-VAE_weibull
0.005442859842902568,0.9689963215974777,0.02630339644710474,0.4954909963985594,0.2133340356749932,2.0,0.5144508670520231,0.7064514483733499,HI-VAE_weibull
0.004426143023654455,0.9668943772990016,0.03887317378029567,0.5384201680672269,0.10320621199224665,3.0,0.4797687861271676,0.6997669579567993,HI-VAE_weibull
0.004812712228375644,0.9742511823436679,0.03640489272586258,0.5273709483793517,0.08274845531912339,2.0,0.4624277456647399,0.6793597588448309,HI-VAE_weibull
0.005387469120017704,0.9663688912243825,0.04037748295630439,0.5102064825930371,0.10405455901435819,2.0,0.4913294797687861,0.7012591877120955,HI-VAE_weibull
0.005095829797226023,0.9658434051497635,0.04763596126951736,0.4987899159663865,0.1341279856604375,3.0,0.44508670520231214,0.6828262161520323,HI-VAE_weibull
0.0048000991692704964,0.9737256962690488,0.019005431523568206,0.4227995198079232,0.09002639866117837,2.0,0.48554913294797686,0.7156703301142617,HI-VAE_weibull
0.0038882616905647235,0.9716237519705726,0.028480140631898226,0.4030444177671069,0.06947612027847216,3.0,0.47398843930635837,0.6671179907441886,HI-VAE_weibull
0.003866163769418149,0.9753021544929059,0.027824097519051214,0.47434333733493406,0.19017927697666934,2.0,0.4624277456647399,0.6884949774821146,HI-VAE_weibull
0.004030696660543212,0.9705727798213346,0.04632823673337583,0.5212725090036014,0.06305595927175336,2.0,0.45664739884393063,0.6937067404951637,HI-VAE_weibull
0.003361936912635829,0.9742511823436678,0.0550979617524399,0.4550540216086434,0.1839991393901855,3.0,0.49710982658959535,0.6963904258635385,HI-VAE_weibull
0.0043470305771497455,0.9732002101944299,0.03963669824989159,0.4880144057623049,0.2724490813154608,4.0,0.49710982658959535,0.6708016706653505,HI-VAE_weibull
0.005852767956779774,0.9663688912243825,0.015305997504817457,0.46443697478991597,0.1378912390517103,2.0,0.4913294797687861,0.7042238918486202,HI-VAE_weibull
0.004915990431957757,0.9695218076720966,0.05146508273778683,0.48125810324129653,0.18172173924200197,2.0,0.48554913294797686,0.6977741386003213,HI-VAE_weibull
0.0051869926132451566,0.9689963215974777,0.0500371156278867,0.4813541416566626,0.15903366718492745,1.0,0.48554913294797686,0.6772614217019137,HI-VAE_weibull
0.00524058993039388,0.9737256962690488,0.034128773562482846,0.4166290516206482,0.1000266523964838,1.0,0.4797687861271676,0.6624546749369564,HI-VAE_weibull
0.004239274116752533,0.9700472937467157,0.04851448159905281,0.4817959183673469,0.21460621474321456,3.0,0.4682080924855491,0.6844911167618943,HI-VAE_weibull
0.006777772047797526,0.9558591697320021,0.04524441827839752,0.4560384153661465,0.08219827209774973,2.0,0.44508670520231214,0.6930475702446761,HI-VAE_weibull
0.003927451379492913,0.977404098791382,0.016188360740860292,0.5146170468187276,0.11425322039797117,2.0,0.4508670520231214,0.6644645801430351,HI-VAE_weibull
0.004849348032595841,0.9742511823436679,0.02791972230102509,0.47607683073229295,0.09438480386731617,2.0,0.4277456647398844,0.7001260049681904,HI-VAE_weibull
0.003773716669114968,0.9753021544929059,0.03839979988295928,0.5287010804321729,0.05453380032921256,1.0,0.42196531791907516,0.6826192564539608,HI-VAE_weibull
0.005650205027013879,0.9700472937467158,0.036018834607275126,0.5534165666266506,0.1021168827820583,1.0,0.44508670520231214,0.6910321838160115,HI-VAE_weibull
0.005414346430122326,0.9647924330005254,0.057676048226101166,0.47618247298919575,0.10088901742530024,1.0,0.4393063583815029,0.7176684546012915,HI-VAE_weibull
0.006741299161773098,0.9563846558066212,0.05232094537118945,0.43636974789915967,0.1506125544536173,2.0,0.5260115606936416,0.70012051690828,HI-VAE_weibull
0.0027000757394335466,0.9826589595375722,0.022411066387345142,0.5311788715486194,0.09383379192308769,2.0,0.43352601156069365,0.6924749478116089,HI-VAE_weibull
0.006252648471381517,0.9637414608512873,0.03613853336316653,0.5183169267707083,0.08971938416133313,1.0,0.49710982658959535,0.6594777460393192,HI-VAE_weibull
0.00582047924160235,0.9626904887020493,0.0571834114292553,0.5097959183673471,0.1231313649985913,3.0,0.4393063583815029,0.6772203777082781,HI-VAE_weibull
0.005946688376388692,0.9632159747766685,0.043617743357067654,0.44411524609843933,0.08865100708969739,4.0,0.47398843930635837,0.6990330814414392,HI-VAE_weibull
0.006988761739710509,0.9637414608512874,0.023063680361962574,0.5469723889555823,0.09672386917617384,1.0,0.41040462427745666,0.714329513826842,HI-VAE_weibull
0.0062351440600149155,0.9611140304781923,0.02288228199622477,0.6106026410564225,0.10454911688382408,2.0,0.47398843930635837,0.7160578326694222,HI-VAE_weibull
0.004987065436112568,0.9668943772990016,0.051227022661809445,0.5142376950780313,0.12739432617429955,4.0,0.44508670520231214,0.6760038290734678,HI-VAE_weibull
0.0052035958933631075,0.9695218076720967,0.03919433132636607,0.49862424969988,0.13066902471438838,2.0,0.4508670520231214,0.6931026866660543,HI-VAE_weibull
0.005645511927207309,0.9642669469259065,0.09041106290390002,0.494765906362545,0.16354029202096312,4.0,0.4913294797687861,0.7000440997164578,HI-VAE_weibull
0.005469944100280626,0.9642669469259064,0.03914803550170329,0.4230156062424969,0.15316862045822657,3.0,0.5606936416184971,0.7010504676817434,HI-VAE_weibull
0.005609702817760361,0.9674198633736207,0.023762656831172433,0.4996974789915967,0.11351943016276239,2.0,0.4624277456647399,0.6615064785228008,HI-VAE_weibull
0.006008468866341717,0.9663688912243825,0.015655015052533312,0.5346626650660264,0.10321075356139157,2.0,0.47398843930635837,0.7079127069238724,HI-VAE_weibull
0.003815207303096066,0.9737256962690488,0.03970274448741378,0.42290036014405763,0.12972974567107975,2.0,0.4624277456647399,0.6678655927223768,HI-VAE_weibull
0.005622310257817778,0.9647924330005254,0.02722556718481669,0.507750300120048,0.12972046326922884,1.0,0.4797687861271676,0.6649501808611289,HI-VAE_weibull
0.004186541387322392,0.9753021544929061,0.02311964977448705,0.4914669867947179,0.13104205393500204,2.0,0.47398843930635837,0.6788107193725661,HI-VAE_weibull
0.006835401313858339,0.956384655806621,0.05114681037827937,0.484436974789916,0.10119373409782172,3.0,0.43352601156069365,0.6967682222405083,HI-VAE_weibull
0.003723104689543238,0.9758276405675249,0.01650435006806898,0.42974789915966394,0.1261301718912678,1.0,0.49710982658959535,0.709191162155354,HI-VAE_weibull
0.003409206192507408,0.975827640567525,0.031639057596217705,0.4720336134453781,0.07713940223903448,2.0,0.42196531791907516,0.6832150722885356,HI-VAE_weibull
0.005238080255065357,0.9689963215974777,0.017466204119673524,0.48313805522208886,0.10452268993847798,1.0,0.4797687861271676,0.6787873354605626,HI-VAE_weibull
0.005801053031029496,0.9674198633736204,0.051779131900369466,0.4469963985594238,0.1141713583003874,1.0,0.4508670520231214,0.6870705548338142,HI-VAE_weibull
0.005241444365858292,0.9689963215974777,0.05215739875559226,0.46715006002400966,0.09996691762458634,2.0,0.45664739884393063,0.6877253941501329,HI-VAE_weibull
0.003556502658010158,0.977404098791382,0.019845972521132665,0.4305378151260504,0.12913975068202477,2.0,0.48554913294797686,0.6685338169515055,HI-VAE_weibull
0.005541275041902413,0.9658434051497635,0.03474213785608555,0.5136038415366146,0.1017575100028361,1.0,0.4277456647398844,0.6884529867747169,HI-VAE_weibull
0.004493413206329896,0.9732002101944299,0.033538087073662015,0.4686962785114045,0.17491750616731772,3.0,0.4508670520231214,0.6961401201894669,HI-VAE_weibull
0.005006876160479821,0.9668943772990016,0.04401262801330732,0.48808643457382955,0.1689826436617986,2.0,0.43352601156069365,0.6945313859534809,HI-VAE_weibull
0.0033190241736913164,0.9747766684182868,0.040147053578279746,0.4574093637454982,0.12366055579376269,1.0,0.5086705202312138,0.6953835684706661,HI-VAE_weibull
0.005241983690915043,0.9668943772990015,0.016774824915131253,0.5465882352941176,0.1282028856790895,2.0,0.47398843930635837,0.7046997206358908,HI-VAE_weibull
0.007290545955813502,0.9595375722543352,0.025624299489901577,0.5190108043217286,0.10170733356843116,1.0,0.4913294797687861,0.7196167018799197,HI-VAE_weibull
0.004161050522023191,0.9737256962690488,0.040639942662266386,0.4664297719087635,0.11589627651417923,1.0,0.4913294797687861,0.6854648522765238,HI-VAE_weibull
0.004375659442967485,0.9737256962690488,0.021323373473671137,0.47511164465786315,0.13126888099922007,2.0,0.5086705202312138,0.6910706351262791,HI-VAE_weibull
0.004081535555237616,0.9726747241198108,0.014816851187896827,0.521594237695078,0.08925088592253659,1.0,0.4682080924855491,0.710768707814222,HI-VAE_weibull
0.004361736863163216,0.9695218076720966,0.07218012776937618,0.49310444177671064,0.11909534470894743,4.0,0.41040462427745666,0.6891761667196454,HI-VAE_weibull
0.005913613202752844,0.9647924330005256,0.034251416322207066,0.47890996398559416,0.08122832814277911,2.0,0.4624277456647399,0.6956585713909631,HI-VAE_weibull
0.004023615645610949,0.9742511823436679,0.03602781040720748,0.4820864345738295,0.19608562429054086,2.0,0.45664739884393063,0.6757993718786934,HI-VAE_weibull
0.004575819909221947,0.9726747241198107,0.02032800479793364,0.5030300120048019,0.11075255229659683,2.0,0.4797687861271676,0.6771700328027368,HI-VAE_weibull
0.005340538907208963,0.9679453494482396,0.07038539357124139,0.5055126050420168,0.10850653983795201,1.0,0.45664739884393063,0.6716309914148955,HI-VAE_weibull
0.0040157508852479,0.9684708355228586,0.028829178189311768,0.5147106842737095,0.08079026199356744,1.0,0.5086705202312138,0.6563909735463039,HI-VAE_weibull
0.004685163567035373,0.9684708355228586,0.075721587292226,0.4195246098439376,0.18532508156168603,1.0,0.5433526011560693,0.6665342952450904,HI-VAE_weibull
0.005347727467228037,0.9668943772990016,0.05645080873470912,0.4649603841536615,0.1928836339519121,3.0,0.48554913294797686,0.6986954006216398,HI-VAE_weibull
0.005204016188847921,0.9668943772990015,0.04616509151054709,0.46426890756302513,0.06789549898783293,2.0,0.43352601156069365,0.6920954493237317,HI-VAE_weibull
0.006609691845544108,0.9663688912243825,0.03273588412794674,0.47939975990396155,0.09341146954749605,1.0,0.5028901734104047,0.696891141957263,HI-VAE_weibull
0.003915609735772513,0.9753021544929059,0.02692902759645445,0.44977190876350537,0.140537324653171,4.0,0.5144508670520231,0.7012956163074464,HI-VAE_weibull
0.005971722233231311,0.9595375722543351,0.05254982070224965,0.49606482593037216,0.061488551244105565,2.0,0.5028901734104047,0.6845109539665387,HI-VAE_weibull
0.003826025589544481,0.9726747241198108,0.0359984201844271,0.4190492196878751,0.12047658237434168,1.0,0.5375722543352601,0.6890620733036039,HI-VAE_weibull
0.005102812962656485,0.9621650026274302,0.052566905740722036,0.5086386554621849,0.14378481877137886,2.0,0.5202312138728323,0.6777157092757862,HI-VAE_weibull
0.004390289621029836,0.9763531266421439,0.03354619793753306,0.5289891956782713,0.07750587535787512,1.0,0.5260115606936416,0.6625112015771508,HI-VAE_weibull
0.005492211541046198,0.9684708355228586,0.04499967175627575,0.4752316926770709,0.06327378593430613,1.0,0.48554913294797686,0.6626826069283663,HI-VAE_weibull
0.004785447860254016,0.9710982658959537,0.04664932229665157,0.49118847539015603,0.0960545162122212,1.0,0.44508670520231214,0.6991627392063086,HI-VAE_weibull
0.004923775768377165,0.9689963215974777,0.056737576421839936,0.48850180072028804,0.10063164729581144,3.0,0.45664739884393063,0.6912275063931348,HI-VAE_weibull
0.004580681355042633,0.9710982658959537,0.03109884102198726,0.4623049219687875,0.1469295613131727,2.0,0.5260115606936416,0.6974721495411321,HI-VAE_weibull
0.005876965459600087,0.9647924330005253,0.03395432980534875,0.555563025210084,0.0807956276733115,1.0,0.4797687861271676,0.6947982686356389,HI-VAE_weibull
0.00434829914244697,0.9747766684182868,0.04223520521736901,0.4849891956782713,0.22975577172854314,4.0,0.4682080924855491,0.7105127091753165,HI-VAE_weibull
0.007883989248744082,0.9600630583289541,0.03127110307671046,0.5052773109243698,0.08353136686084994,2.0,0.4624277456647399,0.6815396824585593,HI-VAE_weibull
0.005564208585151211,0.9684708355228586,0.024229830935784673,0.5482785114045619,0.12147484572634545,1.0,0.4624277456647399,0.6910314495570293,HI-VAE_weibull
0.0059005502679471905,0.9674198633736206,0.054536230947579326,0.4449123649459784,0.11279201006556142,3.0,0.5144508670520231,0.7037814872388739,HI-VAE_weibull
0.005219591134633632,0.9695218076720967,0.017269009161865505,0.42489795918367346,0.14206125417328638,1.0,0.4913294797687861,0.6520405419910069,HI-VAE_weibull
0.004877152506854749,0.9695218076720967,0.03923545435277687,0.34847058823529414,0.1549303146088271,1.0,0.4797687861271676,0.6837393503745631,HI-VAE_weibull
0.004732529277250297,0.9684708355228587,0.04606384525801672,0.5338007202881152,0.13631551440937903,2.0,0.5317919075144508,0.7035076087704254,HI-VAE_weibull
0.004692237992923642,0.9753021544929059,0.014575761659503635,0.49681152460984396,0.14562698348021005,2.0,0.4797687861271676,0.6895596799780495,HI-VAE_weibull
0.004633548024327369,0.9737256962690488,0.025039263316400894,0.4750588235294118,0.1654750185400863,2.0,0.4682080924855491,0.6852441805018794,HI-VAE_weibull
0.005204661230438153,0.9695218076720967,0.02879275046095648,0.46549819927971187,0.12457713413713374,2.0,0.47398843930635837,0.6672426935569985,HI-VAE_weibull
0.003986645415961113,0.9742511823436679,0.02687048894416054,0.5773565426170468,0.07274049805923247,1.0,0.4624277456647399,0.704356816741769,HI-VAE_weibull
0.004214526785856667,0.9674198633736206,0.048296735607611094,0.4837791116446578,0.19445139128369088,3.0,0.48554913294797686,0.6669518887781745,HI-VAE_weibull
0.00530859601259981,0.9684708355228586,0.03654115054862708,0.5248835534213685,0.11971230001493006,1.0,0.47398843930635837,0.6745467392596269,HI-VAE_weibull
0.004679008890663527,0.9695218076720966,0.04691132736940162,0.4737719087635055,0.06859202082243336,3.0,0.41040462427745666,0.6849290798277469,HI-VAE_weibull
0.004819800387955548,0.9710982658959537,0.02541853481415589,0.5278511404561825,0.09824999453947651,1.0,0.45664739884393063,0.6767409425641207,HI-VAE_weibull
0.006005050819508126,0.9658434051497635,0.026087501554020696,0.5152941176470588,0.0860451901007962,3.0,0.48554913294797686,0.6838901391733005,HI-VAE_weibull
0.003851900203227258,0.9726747241198107,0.032455464856557925,0.4440576230492197,0.11420309534973751,4.0,0.4682080924855491,0.6969458521986507,HI-VAE_weibull
0.005741704789882849,0.9726747241198108,0.02514470159175742,0.4844033613445379,0.10522574960471484,1.0,0.3988439306358382,0.7001087510742017,HI-VAE_weibull
0.005687351700456869,0.9647924330005254,0.01969259154159537,0.49722208883553415,0.1180160873682302,3.0,0.4624277456647399,0.6987925500777294,HI-VAE_weibull
0.00608515299011144,0.9637414608512874,0.05470821279432202,0.5250708283313326,0.09946099035808387,2.0,0.4682080924855491,0.7122118867083521,HI-VAE_weibull
0.004171616767992909,0.9737256962690488,0.048398367800913174,0.49264825930372147,0.12205385614510857,2.0,0.43352601156069365,0.6724953293620533,HI-VAE_weibull
0.005239530806424134,0.9647924330005254,0.033016236972042985,0.5278463385354142,0.18543158488982975,4.0,0.49710982658959535,0.7003447598247192,HI-VAE_weibull
0.004834022971854064,0.9737256962690488,0.04322367133375708,0.4798991596638656,0.1003084756879069,1.0,0.4508670520231214,0.6731542292863978,HI-VAE_weibull
0.0043786513145762694,0.9742511823436678,0.03891315826081625,0.49765666266506603,0.059294441741365084,1.0,0.4508670520231214,0.6834012677828263,HI-VAE_weibull
0.004812885158406304,0.9689963215974777,0.03466800636551425,0.40942617046818724,0.07904584513725331,1.0,0.4913294797687861,0.6899934605926356,HI-VAE_weibull
0.003687713219532617,0.9784550709406201,0.03449297204223921,0.47284993997599034,0.05567862728207446,4.0,0.44508670520231214,0.6836547487581187,HI-VAE_weibull
0.005244000090226316,0.9674198633736206,0.019213326821227804,0.42467226890756304,0.16415576549598704,2.0,0.5028901734104047,0.6899212761647158,HI-VAE_weibull
0.0045889643799718275,0.9679453494482396,0.04800544487761779,0.5348019207683073,0.16466438605456415,1.0,0.4277456647398844,0.6967985803197506,HI-VAE_weibull
0.004251783445236434,0.9679453494482396,0.0658973822003335,0.519046818727491,0.15920936716674855,5.0,0.4624277456647399,0.7129322347821765,HI-VAE_weibull
0.00626334823025417,0.9684708355228586,0.024287904126311054,0.4507563025210084,0.06525299791886174,2.0,0.4682080924855491,0.6992222935624548,HI-VAE_weibull
0.0037876699774098844,0.9732002101944297,0.025338555475053863,0.45143817527010804,0.23306841203017561,2.0,0.4277456647398844,0.6727889102654829,HI-VAE_weibull
0.0048119394562521345,0.9674198633736206,0.050097764876638,0.47287875150060027,0.2159991826408621,1.0,0.48554913294797686,0.6852100123867741,HI-VAE_weibull
0.005327232998200173,0.9674198633736206,0.047004695069964866,0.45267226890756307,0.12124220929330955,2.0,0.4508670520231214,0.7102152940932915,HI-VAE_weibull
0.006107242790188667,0.9611140304781923,0.054826241090216055,0.4583073229291717,0.14365990882694607,4.0,0.4797687861271676,0.7141455547900613,HI-VAE_weibull
0.005182105718080894,0.9637414608512874,0.02954432163569511,0.4726458583433374,0.10269179204628053,1.0,0.47398843930635837,0.6720583273454535,HI-VAE_weibull
0.0036727030677307137,0.9726747241198108,0.031114010887346492,0.44429051620648263,0.12321986323100521,3.0,0.48554913294797686,0.664797009572274,HI-VAE_weibull
0.00477399636917898,0.9710982658959537,0.04040182096680159,0.46951260504201675,0.15762524639331732,3.0,0.4393063583815029,0.6782001737551593,HI-VAE_weibull
0.005834927889605586,0.9616395165528114,0.04956443449904453,0.44403841536614647,0.12310392315622157,3.0,0.4682080924855491,0.7001841522494411,HI-VAE_weibull
0.004813494920869269,0.9721492380451917,0.01604972793916306,0.43937094837935176,0.09674586396210305,1.0,0.5144508670520231,0.6945630046703786,HI-VAE_weibull
0.004630508884243302,0.9737256962690488,0.03836913449532861,0.4992364945978392,0.09863609993346463,4.0,0.48554913294797686,0.7221262370815933,HI-VAE_weibull
0.007092100370727892,0.9637414608512874,0.04699639250397626,0.4606170468187275,0.09727265217761383,2.0,0.49710982658959535,0.6627321568046467,HI-VAE_weibull
0.003338253458871411,0.976878612716763,0.028257006099803503,0.49002641056422575,0.09745567906818658,2.0,0.47398843930635837,0.7013265584817,HI-VAE_weibull
0.005384759394750658,0.9684708355228586,0.06993226039888052,0.47351740696278516,0.16697210129006163,3.0,0.4624277456647399,0.6757197081518012,HI-VAE_weibull
0.00408223356406105,0.9726747241198108,0.02705562193531162,0.43145738295318126,0.16895249311030916,2.0,0.48554913294797686,0.661263451642951,HI-VAE_weibull
0.004525181795912904,0.9700472937467157,0.03510717799745305,0.5831500600240096,0.11614927107166917,1.0,0.4508670520231214,0.695144027424319,HI-VAE_weibull
0.00465684300691187,0.9674198633736206,0.052640897170775025,0.48312124849939975,0.0968472303003461,3.0,0.4682080924855491,0.695705581891428,HI-VAE_weibull
0.004652539263731442,0.9689963215974777,0.050861647882818314,0.4728259303721488,0.23632505612973367,2.0,0.4161849710982659,0.6870634896549509,HI-VAE_weibull
0.0052323309314208375,0.9710982658959537,0.038098185684633044,0.4297767106842737,0.08731570991557003,2.0,0.4913294797687861,0.698341397949344,HI-VAE_weibull
0.003642134146888952,0.9737256962690488,0.05422811784637065,0.4611260504201681,0.0959271555468314,2.0,0.4277456647398844,0.6648307955923862,HI-VAE_weibull
0.003577222879101834,0.9805570152390962,0.026275683056352712,0.4228091236494597,0.13718776914547795,2.0,0.5028901734104047,0.6985835283448124,HI-VAE_weibull
0.004735569558157793,0.9747766684182868,0.024041008960564922,0.46571908763505404,0.09482075803461969,2.0,0.48554913294797686,0.695559477001949,HI-VAE_weibull
0.0049751018100899595,0.9721492380451917,0.046155084319377634,0.5117070828331333,0.17803172301940842,1.0,0.4508670520231214,0.6931604825026534,HI-VAE_weibull
0.004584851039397037,0.9721492380451919,0.043891392625828494,0.4773349339735894,0.1935332066607097,3.0,0.4161849710982659,0.7154635709181235,HI-VAE_weibull
0.004326619683833338,0.974776668418287,0.0327229901389469,0.46288595438175273,0.12321960113612518,3.0,0.47398843930635837,0.684648033404646,HI-VAE_weibull
0.004684461983782585,0.9716237519705728,0.061227289001950756,0.47963505402160866,0.1444442343578751,2.0,0.49710982658959535,0.6901760764872776,HI-VAE_weibull
0.004306617391063638,0.9732002101944299,0.03504717394286024,0.5026362545018006,0.06502578551981213,2.0,0.5086705202312138,0.6889953028573151,HI-VAE_weibull
0.004878765217163656,0.9726747241198109,0.032112641814876684,0.4984345738295318,0.1195754565911922,1.0,0.4797687861271676,0.6746648866204484,HI-VAE_weibull
0.005885012570323639,0.9663688912243825,0.03243604495803478,0.4788379351740696,0.14068637993034486,2.0,0.4624277456647399,0.6886525221466964,HI-VAE_weibull
0.004431298539266517,0.9726747241198108,0.05777507291196034,0.5250036014405761,0.08117536442119597,1.0,0.5028901734104047,0.6836552069562983,HI-VAE_weibull
0.00579940906204656,0.9663688912243825,0.03337793731777841,0.49270108043217287,0.0705868392679835,4.0,0.5028901734104047,0.6649271154383459,HI-VAE_weibull
0.004714659390612493,0.9663688912243825,0.03407994642773199,0.5881440576230492,0.09790549341005432,2.0,0.4797687861271676,0.6957111538665097,HI-VAE_weibull
0.004642995906802084,0.9742511823436679,0.027560361579845687,0.5069723889555822,0.06835257580824194,4.0,0.4161849710982659,0.7030374352029494,HI-VAE_weibull
0.005813673726621383,0.9674198633736206,0.034124834811691596,0.48375030012004805,0.17190643014849086,2.0,0.45664739884393063,0.7151159797096791,HI-VAE_weibull
0.0055432488752836795,0.9647924330005254,0.05020381122628624,0.4911164465786314,0.17602147413849334,4.0,0.5202312138728323,0.6951250785614862,HI-VAE_weibull
0.004691893816686764,0.9732002101944299,0.025587264309308234,0.4747563025210084,0.15986841157796114,2.0,0.4508670520231214,0.6993402607943989,HI-VAE_weibull
0.00559601718417064,0.9668943772990015,0.04194830622657693,0.43947178871548614,0.08704896114458603,1.0,0.48554913294797686,0.6902120485218338,HI-VAE_weibull
0.0049035327810319955,0.9716237519705728,0.05069013644175334,0.4050516206482593,0.2194205623050937,3.0,0.4624277456647399,0.6795357641534019,HI-VAE_weibull
0.005174409291482543,0.9726747241198107,0.02939772752752462,0.40287154861944785,0.05795985316458191,3.0,0.49710982658959535,0.6725601244985561,HI-VAE_weibull
0.005452506246531261,0.9668943772990015,0.049564635754150314,0.5121968787515006,0.08640466756277332,2.0,0.4797687861271676,0.6865903599142776,HI-VAE_weibull
0.0046911046883827785,0.9689963215974777,0.03430793554331265,0.48375510204081634,0.0668680136761759,1.0,0.45664739884393063,0.6977512008365931,HI-VAE_weibull
0.003275491224765191,0.9826589595375722,0.02279782618631425,0.39561824729891953,0.13595317181751826,2.0,0.41040462427745666,0.6700296372899859,HI-VAE_weibull
0.004832499965403681,0.9726747241198108,0.01780972116779831,0.4973685474189676,0.14059629129977758,2.0,0.43352601156069365,0.6792930789782562,HI-VAE_weibull
0.005334785952750437,0.9626904887020493,0.035621507078932954,0.5151788715486194,0.08936870994283762,2.0,0.4913294797687861,0.6879201420878439,HI-VAE_weibull
0.006410973131078509,0.9668943772990016,0.029472286984524636,0.48559423769507803,0.12934500356899206,2.0,0.5433526011560693,0.6865646925405706,HI-VAE_weibull
0.00616899179352908,0.9569101418812401,0.04661583636443431,0.5354981992797119,0.11172311081417872,1.0,0.4277456647398844,0.7066215278316896,HI-VAE_weibull
0.005970005932797922,0.9658434051497635,0.03583701125863131,0.515608643457383,0.07340167395754509,2.0,0.42196531791907516,0.6672996434329814,HI-VAE_weibull
0.007101843964530174,0.9605885444035734,0.018646624646793914,0.4466314525810324,0.12640374305630664,2.0,0.5260115606936416,0.668386586195888,HI-VAE_weibull
0.003923854311062889,0.9763531266421441,0.0326047586284939,0.4900192076830733,0.11676623077696278,4.0,0.4046242774566474,0.6910125601018453,HI-VAE_weibull
0.006335168341816224,0.9653179190751444,0.045588935488903165,0.45913565426170466,0.09732404109083759,1.0,0.4393063583815029,0.6779637366669569,HI-VAE_weibull
0.0032979959587767014,0.9753021544929058,0.048065270487134805,0.5269723889555823,0.18651760052600083,2.0,0.47398843930635837,0.6763569395571409,HI-VAE_weibull
0.0024110189747513482,0.9816079873883342,0.030928367957127435,0.491126050420168,0.09372018035563341,1.0,0.48554913294797686,0.6932459230530917,HI-VAE_weibull
0.0061399956431902524,0.9668943772990016,0.05646788499845687,0.4881080432172869,0.16980567091676285,2.0,0.4682080924855491,0.6883635470007228,HI-VAE_weibull
0.005403389388586886,0.9679453494482396,0.043527965895705074,0.5266746698679471,0.1080089007713596,2.0,0.4393063583815029,0.6985138204683422,HI-VAE_weibull
0.0051788607191518435,0.9705727798213348,0.05711614178654173,0.4664297719087635,0.09616749237805645,3.0,0.5028901734104047,0.7155917872398361,HI-VAE_weibull
0.004869207633052861,0.9621650026274303,0.06189503861150201,0.48451380552220885,0.14027898066316863,2.0,0.5028901734104047,0.6829445234844933,HI-VAE_weibull
0.006610266360408305,0.9647924330005254,0.04814424256461372,0.47845618247298916,0.09487306140132684,3.0,0.5028901734104047,0.6879413041340511,HI-VAE_weibull
0.004332207905622867,0.9726747241198108,0.03234679696908903,0.48527490996398565,0.07363247362158866,2.0,0.4797687861271676,0.6877079542170446,HI-VAE_weibull
0.005338625611993891,0.9584866001050972,0.07014947037956322,0.4861800720288115,0.16751304232406866,3.0,0.44508670520231214,0.6780593331029455,HI-VAE_weibull
0.004443247955883242,0.9763531266421439,0.03889845460289029,0.48630252100840343,0.07503487963915861,1.0,0.4797687861271676,0.6904633448967232,HI-VAE_weibull
0.005571966153550317,0.9653179190751445,0.034225910864976956,0.507563025210084,0.09977078678497105,2.0,0.4624277456647399,0.6887960636621635,HI-VAE_weibull
0.00558862616526041,0.9705727798213348,0.0382960747920409,0.47315726290516213,0.17260990896421438,2.0,0.4624277456647399,0.6873843612934197,HI-VAE_weibull
0.003606769506317402,0.9742511823436679,0.03766505775799272,0.4824873949579832,0.13836327422494296,2.0,0.4913294797687861,0.688181631911533,HI-VAE_weibull
0.004870657932313588,0.9710982658959537,0.03751997739046371,0.5260312124849941,0.08197281803195186,2.0,0.4682080924855491,0.677077344916641,HI-VAE_weibull
0.0047310915441067525,0.9721492380451919,0.023131937271976013,0.44117166866746704,0.08197827986989804,2.0,0.5028901734104047,0.6593828309411449,HI-VAE_weibull
0.0040377473771035675,0.9721492380451917,0.03853155901115612,0.5309651860744298,0.18853690470494802,2.0,0.48554913294797686,0.6729871327232457,HI-VAE_weibull
0.0041804041836680655,0.9768786127167629,0.04158443488034185,0.5035390156062425,0.15975231314536492,1.0,0.43352601156069365,0.6679302303858528,HI-VAE_weibull
0.004267547360980912,0.9679453494482396,0.05720850757237311,0.5115726290516206,0.1224304212645687,2.0,0.45664739884393063,0.6819371346934172,HI-VAE_weibull
0.00452687730676539,0.9732002101944297,0.04438845427273158,0.4661224489795918,0.15353006103020383,1.0,0.4913294797687861,0.6893499563114841,HI-VAE_weibull
0.004584173017397524,0.9716237519705726,0.03074193086484687,0.4838031212484994,0.17799957388987744,1.0,0.42196531791907516,0.6939112940579739,HI-VAE_weibull
0.00424404382154217,0.9700472937467158,0.036022007848509646,0.5571044417767107,0.24663904018557065,2.0,0.4797687861271676,0.7004618411438692,HI-VAE_weibull
0.004155943149684039,0.9721492380451917,0.03265741247672345,0.4926290516206483,0.09009779571631572,1.0,0.49710982658959535,0.6796476001827496,HI-VAE_weibull
0.0032949378424315836,0.9795060430898581,0.018021393159236,0.44769027611044415,0.09435860559232857,1.0,0.5491329479768786,0.6863379305851955,HI-VAE_weibull
0.0034736291516831662,0.9679453494482396,0.04380603174939829,0.45200480192076836,0.06922615686067383,1.0,0.5433526011560693,0.6884704837440062,HI-VAE_weibull
0.005283882310971522,0.9663688912243825,0.05941781027443248,0.5149123649459784,0.1793074965376343,3.0,0.45664739884393063,0.700817743712609,HI-VAE_weibull
0.004540711890982506,0.9726747241198108,0.03535733293550665,0.5223097238895559,0.06484357969086303,3.0,0.4913294797687861,0.6761027192280767,HI-VAE_weibull
0.005058453463173635,0.9710982658959537,0.03452034419140213,0.4802641056422569,0.05548873480870126,1.0,0.4046242774566474,0.685447168883182,HI-VAE_weibull
0.004809605422241981,0.9710982658959537,0.024194771033462986,0.49660024009603837,0.07080040477233761,2.0,0.4624277456647399,0.6747597959604873,HI-VAE_weibull
0.006253287989640452,0.9605885444035732,0.03698605078547907,0.48344297719087637,0.08031310033186335,1.0,0.4508670520231214,0.6840514401103333,HI-VAE_weibull
0.0051930776598477744,0.9721492380451919,0.02603068564385434,0.44259303721488585,0.14982775347088262,3.0,0.4797687861271676,0.6404192411165384,HI-VAE_weibull
0.0031690291737678632,0.9816079873883342,0.016740525594776453,0.44617046818727496,0.07618741407461574,2.0,0.44508670520231214,0.6765931443636899,HI-VAE_weibull
0.0033707904492229547,0.9800315291644771,0.020356346201867888,0.49229531812725086,0.11744846965210617,3.0,0.4913294797687861,0.7263763589460926,HI-VAE_weibull
0.00585998944874511,0.9679453494482396,0.027791706180795264,0.48492677070828333,0.11812777473679087,2.0,0.5086705202312138,0.6846810624215853,HI-VAE_weibull
0.0045454112000651295,0.9747766684182868,0.011163521343385326,0.42413925570228095,0.06623757361434333,2.0,0.4508670520231214,0.6471920817129501,HI-VAE_piecewise
0.0044235037989604955,0.9705727798213348,0.02439604989787577,0.4515102040816326,0.1125879301165402,3.0,0.4913294797687861,0.6896572208735653,HI-VAE_piecewise
0.004998091541825531,0.9753021544929059,0.012697827922860309,0.46487875150060026,0.13905546422817705,2.0,0.49710982658959535,0.6841312635510992,HI-VAE_piecewise
0.003779529067312951,0.9737256962690488,0.035839269443849,0.44467707082833136,0.09085924680712142,1.0,0.49710982658959535,0.6641725952913259,HI-VAE_piecewise
0.005767794157932676,0.9626904887020494,0.02617058289850036,0.47221128451380545,0.205676764352842,2.0,0.4913294797687861,0.676507520961064,HI-VAE_piecewise
0.004823559224369584,0.9668943772990016,0.013610894821589017,0.48722448979591837,0.16320338615173627,2.0,0.4797687861271676,0.6730299324863278,HI-VAE_piecewise
0.004924586816546692,0.9653179190751445,0.028872712121147497,0.44791596638655456,0.11144697717041036,4.0,0.47398843930635837,0.6564576392495661,HI-VAE_piecewise
0.005668215307415129,0.9695218076720966,0.014059359063225118,0.4238559423769508,0.20892213925964248,2.0,0.5317919075144508,0.6487059559110094,HI-VAE_piecewise
0.004316211750180924,0.9700472937467157,0.01786287767460959,0.5065978391356543,0.08625743092221372,2.0,0.4682080924855491,0.6586456383292865,HI-VAE_piecewise
0.005208355087142123,0.9695218076720967,0.029594120133980335,0.49271548619447775,0.1198723408287658,1.0,0.45664739884393063,0.6709521552030657,HI-VAE_piecewise
0.005345795079623498,0.9695218076720966,0.018493177508326377,0.491327731092437,0.11762480928739188,1.0,0.4508670520231214,0.6651160969540854,HI-VAE_piecewise
0.003914900804456099,0.9747766684182868,0.0274619755026344,0.45601440576230495,0.13733874894867104,3.0,0.5260115606936416,0.6606455758080575,HI-VAE_piecewise
0.003435678519287468,0.9763531266421439,0.019025863371208263,0.4590972388955583,0.07712170140218778,4.0,0.4913294797687861,0.6949133708187297,HI-VAE_piecewise
0.004756359078374217,0.975827640567525,0.011694436709321134,0.42278031212485,0.08154300986899624,1.0,0.5433526011560693,0.6747370603776921,HI-VAE_piecewise
0.004322423922443425,0.9726747241198108,0.02196897626111004,0.5250132052821128,0.10356430547611505,4.0,0.4161849710982659,0.6769436598352057,HI-VAE_piecewise
0.005242837011242666,0.9658434051497635,0.019804208360640417,0.4662136854741896,0.08814541043435455,4.0,0.4797687861271676,0.7067982921546476,HI-VAE_piecewise
0.004915077054124291,0.9590120861797161,0.03635579412883661,0.5531236494597838,0.09409714513151772,1.0,0.3815028901734104,0.657177466722792,HI-VAE_piecewise
0.003481758325110468,0.977929584866001,0.01855574572196038,0.45385594237695076,0.12730110215445511,2.0,0.4624277456647399,0.6799203564917681,HI-VAE_piecewise
0.003940632905006361,0.9742511823436679,0.01814969109610159,0.4525858343337335,0.08929546457674584,1.0,0.49710982658959535,0.6661216550612739,HI-VAE_piecewise
0.004378733655019905,0.9705727798213348,0.03281383153081086,0.43165186074429773,0.20638422034764378,2.0,0.4624277456647399,0.6602085976961833,HI-VAE_piecewise
0.0047849864781021835,0.9663688912243824,0.03657802385791867,0.4523457382953181,0.13702721560236367,3.0,0.41040462427745666,0.6806452392355853,HI-VAE_piecewise
0.004143437614539575,0.9689963215974775,0.015269795107293026,0.42531092436974793,0.14564319619477828,1.0,0.5144508670520231,0.6767724114551805,HI-VAE_piecewise
0.005793250930720503,0.9668943772990015,0.019141170784149317,0.5184777911164465,0.13062325804376895,1.0,0.44508670520231214,0.6734312347125014,HI-VAE_piecewise
0.0035817666335045935,0.9789805570152391,0.016920603318331694,0.4746362545018008,0.08051799963675428,1.0,0.47398843930635837,0.6953478030051555,HI-VAE_piecewise
0.005046567508853148,0.9710982658959537,0.014536659463608135,0.45178391356542624,0.11124310075104914,1.0,0.45664739884393063,0.6897461362611831,HI-VAE_piecewise
0.004003767783939819,0.9753021544929059,0.019160296632815547,0.5039807923169267,0.10917578179350945,2.0,0.3930635838150289,0.6674272130348302,HI-VAE_piecewise
0.004493441174153638,0.9695218076720966,0.022696224563690685,0.447985594237695,0.05748759908196945,1.0,0.47398843930635837,0.6905952605366324,HI-VAE_piecewise
0.004822413031601548,0.9663688912243825,0.030169592878840315,0.40333253301320526,0.08047585838645036,1.0,0.49710982658959535,0.6599363542695015,HI-VAE_piecewise
0.005101890103604779,0.9726747241198108,0.022135253994014045,0.5083337334933973,0.09765746880674485,1.0,0.4624277456647399,0.6546548988764301,HI-VAE_piecewise
0.003988366838641216,0.977404098791382,0.019119878675523755,0.45927490996398557,0.15255141528841512,4.0,0.4797687861271676,0.6768876761736655,HI-VAE_piecewise
0.0039458383119586014,0.977929584866001,0.010357580861821598,0.48969027611044413,0.12461687590701835,3.0,0.5260115606936416,0.6624447227848298,HI-VAE_piecewise
0.004821573151221891,0.9721492380451919,0.01355930472813505,0.4488931572629052,0.10652001266555997,3.0,0.45664739884393063,0.6659806350856204,HI-VAE_piecewise
0.0037201671326996897,0.9732002101944299,0.02722454027595598,0.45815606242497,0.10911149844891502,1.0,0.4624277456647399,0.6880299314031229,HI-VAE_piecewise
0.004363158316908929,0.9689963215974775,0.0335821770036079,0.5476254501800721,0.10412516604508296,3.0,0.47398843930635837,0.6795203106439996,HI-VAE_piecewise
0.005522942988707872,0.9684708355228586,0.01980481617148629,0.47000000000000003,0.10172439305230865,2.0,0.4393063583815029,0.6664622667087757,HI-VAE_piecewise
0.005508156124299346,0.9611140304781923,0.03003204691392325,0.4984273709483794,0.08678791067754442,1.0,0.49710982658959535,0.6578387451591771,HI-VAE_piecewise
0.004215936941234272,0.9674198633736206,0.01653403593684411,0.4938343337334934,0.0664851857956237,2.0,0.47398843930635837,0.7020317994814543,HI-VAE_piecewise
0.004094032598773647,0.9753021544929059,0.03529742002699546,0.4567250900360144,0.0946844934191865,1.0,0.4393063583815029,0.6588988065380295,HI-VAE_piecewise
0.004587453252519271,0.9647924330005256,0.027981259434336443,0.522782713085234,0.10247903414679313,1.0,0.48554913294797686,0.6916923140812319,HI-VAE_piecewise
0.004939802799568871,0.9721492380451917,0.027519395098748074,0.442016806722689,0.17348419929754996,2.0,0.4682080924855491,0.6686424689999779,HI-VAE_piecewise
0.006377902008448319,0.9653179190751445,0.019775947085947116,0.45163505402160864,0.06473055679703935,2.0,0.4624277456647399,0.6592128303863636,HI-VAE_piecewise
0.00462444595186482,0.9737256962690488,0.014500475518712563,0.36642496998799523,0.0888724637002277,3.0,0.4913294797687861,0.6495944722596271,HI-VAE_piecewise
0.005185572639441784,0.9663688912243824,0.04536990819770227,0.44559183673469394,0.2068470492964022,3.0,0.49710982658959535,0.6613900114625902,HI-VAE_piecewise
0.006438223874573757,0.9626904887020494,0.04577505708885964,0.4688787515006002,0.20029139632864643,4.0,0.4161849710982659,0.6741841967186115,HI-VAE_piecewise
0.004214068116237346,0.9753021544929059,0.017794340465435196,0.48675870348139255,0.07524560659198708,4.0,0.44508670520231214,0.664112844427819,HI-VAE_piecewise
0.0075529251123383915,0.9579611140304781,0.03917635119635408,0.495327731092437,0.13786006546590837,1.0,0.43352601156069365,0.6802371723276432,HI-VAE_piecewise
0.002598888206535048,0.9753021544929061,0.028244184809108425,0.4850132052821129,0.15137556884447873,1.0,0.49710982658959535,0.6584896654427789,HI-VAE_piecewise
0.0037877186566003113,0.9716237519705728,0.016450676064508406,0.5244465786314526,0.12355160679697033,3.0,0.4508670520231214,0.6653609029386567,HI-VAE_piecewise
0.0051945297039106475,0.9732002101944297,0.014713987091584852,0.45568787515006004,0.1107917333933707,2.0,0.47398843930635837,0.651843281346407,HI-VAE_piecewise
0.00354961384829605,0.9768786127167629,0.03221785566004158,0.45623049219687867,0.16381164128342343,2.0,0.48554913294797686,0.646825359769421,HI-VAE_piecewise
0.004234959615008151,0.9742511823436679,0.018454003180234848,0.44236734693877555,0.1340988566139527,2.0,0.5144508670520231,0.6854811057177649,HI-VAE_piecewise
0.003831612704138406,0.9721492380451917,0.01725331215512652,0.43384393757503004,0.16430096705506386,1.0,0.5086705202312138,0.6688613552743985,HI-VAE_piecewise
0.0042888243739635816,0.9700472937467157,0.022727895013315538,0.5188427370948381,0.20454909552941325,1.0,0.4277456647398844,0.6578972501856654,HI-VAE_piecewise
0.005453441570303087,0.9726747241198108,0.023213824974248072,0.527937575030012,0.168176181074673,2.0,0.45664739884393063,0.6785534525230463,HI-VAE_piecewise
0.0035830045974131375,0.9753021544929059,0.012354332358135961,0.48858583433373354,0.07382739778986762,1.0,0.5144508670520231,0.6755297442411908,HI-VAE_piecewise
0.005267572384422604,0.9663688912243825,0.018875057530632813,0.4645810324129652,0.07702219015527537,1.0,0.5260115606936416,0.6633374401961131,HI-VAE_piecewise
0.0046694029019146025,0.9710982658959537,0.03328106807147857,0.44035774309723885,0.09886390565629985,1.0,0.5028901734104047,0.673573899493178,HI-VAE_piecewise
0.0038255808828952316,0.975827640567525,0.019295232030936044,0.39051620648259305,0.08984402000659057,1.0,0.5202312138728323,0.7028004535681045,HI-VAE_piecewise
0.0037378710040459006,0.9763531266421439,0.019807368516557757,0.4284897959183674,0.12168154169787172,1.0,0.5202312138728323,0.6633978422506103,HI-VAE_piecewise
0.003703572034976739,0.9758276405675249,0.016127616577011807,0.40157022809123655,0.1288236871035763,3.0,0.49710982658959535,0.6780921551398943,HI-VAE_piecewise
0.0054306496290680425,0.9705727798213348,0.0137739030497467,0.4089651860744298,0.09223978178156014,3.0,0.49710982658959535,0.6851093186541817,HI-VAE_piecewise
0.005028662444344192,0.9684708355228587,0.0209815063028228,0.4916950780312125,0.07792242018826609,2.0,0.5491329479768786,0.6633906319393525,HI-VAE_piecewise
0.005440094266821063,0.9700472937467158,0.02481707021286933,0.5021752701080432,0.15510463870038052,2.0,0.4393063583815029,0.6905407081929313,HI-VAE_piecewise
0.004230652293796078,0.9726747241198108,0.01826358310511446,0.48427370948379356,0.14812523178121187,2.0,0.5028901734104047,0.6816551732006296,HI-VAE_piecewise
0.005718385181097959,0.9663688912243825,0.019399906655897404,0.41192797118847546,0.10527077985896237,1.0,0.5028901734104047,0.6732703824177776,HI-VAE_piecewise
0.004960392108716873,0.9674198633736206,0.024891514023703497,0.49172629051620653,0.07412797735496653,2.0,0.48554913294797686,0.693713306978942,HI-VAE_piecewise
0.004285242007091655,0.9737256962690488,0.020945141853634407,0.43677310924369744,0.15108261689552419,2.0,0.5028901734104047,0.6693274729038521,HI-VAE_piecewise
0.00504847735612277,0.9737256962690488,0.023159876327229777,0.45761344537815124,0.07634333742269354,1.0,0.47398843930635837,0.6768150922924756,HI-VAE_piecewise
0.006169657661476303,0.9637414608512874,0.01883320326324935,0.46473229291716683,0.17687519816239788,3.0,0.4624277456647399,0.664176915535832,HI-VAE_piecewise
0.006589614682180189,0.9658434051497635,0.011627009032415557,0.45673949579831935,0.09715241600844261,2.0,0.4797687861271676,0.6833508759119513,HI-VAE_piecewise
0.005321311649125111,0.9689963215974777,0.032583723304210804,0.5557815126050419,0.12016923055644932,3.0,0.47398843930635837,0.6742467081199585,HI-VAE_piecewise
0.0053129370743657985,0.9679453494482396,0.0382480095270073,0.4534765906362545,0.16218520312519838,4.0,0.48554913294797686,0.6660104774822504,HI-VAE_piecewise
0.0052918463797841046,0.9732002101944297,0.017284488603262375,0.41734453781512604,0.08697512418785237,2.0,0.48554913294797686,0.6851685801981187,HI-VAE_piecewise
0.0054332988180484714,0.9632159747766685,0.03466884070505991,0.5041656662665066,0.10307125648685105,2.0,0.4624277456647399,0.6833344522556108,HI-VAE_piecewise
0.004175762717666346,0.9700472937467157,0.025964621154502543,0.4995342136854742,0.08881248484360262,1.0,0.4682080924855491,0.674764861780324,HI-VAE_piecewise
0.005865769768849491,0.9647924330005254,0.02871225643670453,0.4749243697478992,0.09498747738277064,1.0,0.5028901734104047,0.6885686641279716,HI-VAE_piecewise
0.0038789554433629166,0.976878612716763,0.015463140614820722,0.45757983193277313,0.07147438248967694,2.0,0.41040462427745666,0.6860646300286734,HI-VAE_piecewise
0.004450438508240528,0.9789805570152391,0.011133934343041338,0.4502304921968787,0.1451793505349016,2.0,0.4508670520231214,0.6820767948386655,HI-VAE_piecewise
0.0035883891359420866,0.9753021544929059,0.02209619199567304,0.515126050420168,0.0703042738801284,1.0,0.4508670520231214,0.6871393104252588,HI-VAE_piecewise
0.007323940095414343,0.9595375722543352,0.010847589449798679,0.4410444177671068,0.09698508424780275,1.0,0.4393063583815029,0.6679248754156325,HI-VAE_piecewise
0.004645783681315138,0.9742511823436679,0.01507029618967338,0.4727707082833133,0.11413164389615434,3.0,0.4624277456647399,0.708502959523257,HI-VAE_piecewise
0.003924370668444731,0.9716237519705728,0.01739508694449237,0.43782232893157264,0.09831821592419944,3.0,0.4682080924855491,0.6757186507913164,HI-VAE_piecewise
0.005331784359860128,0.9674198633736206,0.01528126954158692,0.37378391356542623,0.13861309061867644,2.0,0.5260115606936416,0.6931544830672702,HI-VAE_piecewise
0.0035817412326594705,0.9742511823436678,0.03141679977722047,0.4243073229291717,0.11341705907016486,2.0,0.48554913294797686,0.6673580123037246,HI-VAE_piecewise
0.004105659670162221,0.9721492380451917,0.01739958656970688,0.5122424969987995,0.1161626393472976,1.0,0.48554913294797686,0.6738155387167005,HI-VAE_piecewise
0.0033224700119005453,0.9789805570152391,0.01626778717243969,0.4418199279711884,0.09822717855695837,2.0,0.4682080924855491,0.6894973990882787,HI-VAE_piecewise
0.006276079636906396,0.9642669469259065,0.042122745980973667,0.43890996398559423,0.1108382997502651,3.0,0.4913294797687861,0.6698050066197097,HI-VAE_piecewise
0.004845289632101539,0.9710982658959537,0.022135704529026985,0.45591356542617045,0.1244876228591846,1.0,0.4797687861271676,0.6418068817473583,HI-VAE_piecewise
0.006411481483744041,0.9647924330005254,0.03501655164242469,0.4894885954381752,0.09901218625778814,4.0,0.45664739884393063,0.6509211651067481,HI-VAE_piecewise
0.003522063216593511,0.9789805570152391,0.016306394602952048,0.5170948379351741,0.08183641590190747,1.0,0.43352601156069365,0.686469593543255,HI-VAE_piecewise
0.004471298660434715,0.9716237519705728,0.020844799773466087,0.4839615846338535,0.13194240474681565,2.0,0.42196531791907516,0.6991183064803629,HI-VAE_piecewise
0.0038686850134091355,0.9753021544929059,0.02247938858956535,0.41059783913565423,0.13804384655620708,2.0,0.4913294797687861,0.65566037980676,HI-VAE_piecewise
0.003871156171151469,0.975827640567525,0.027195288098684,0.5027322929171669,0.1630156270957682,2.0,0.4682080924855491,0.6791219852380652,HI-VAE_piecewise
0.0033461201278915135,0.9753021544929059,0.016297334595609506,0.5180192076830732,0.10064796420951302,1.0,0.4797687861271676,0.6853923488675139,HI-VAE_piecewise
0.003560945958712193,0.9705727798213348,0.03029686178442239,0.38395438175270113,0.06014217525939356,1.0,0.5086705202312138,0.6581838121321195,HI-VAE_piecewise
0.003788290961157205,0.9821334734629531,0.01416980976749807,0.39461224489795915,0.2010926681504542,1.0,0.4797687861271676,0.6767043470453346,HI-VAE_piecewise
0.0043575382121394364,0.9710982658959537,0.013884772389263108,0.4398559423769508,0.07808211272289747,3.0,0.4508670520231214,0.6978286191174301,HI-VAE_piecewise
0.004356680016293332,0.9763531266421441,0.02114844124120856,0.3998727490996398,0.06931882878566502,2.0,0.5722543352601156,0.6732964915476991,HI-VAE_piecewise
0.004961297022455216,0.9716237519705728,0.01471483929916581,0.4326338535414166,0.07946158778328004,3.0,0.49710982658959535,0.6651591667272667,HI-VAE_piecewise
0.0040320571382965,0.9721492380451917,0.023565544942880906,0.4706170468187275,0.09483851660764331,3.0,0.4624277456647399,0.6783498704594031,HI-VAE_piecewise
0.00474035483726918,0.9737256962690488,0.025986824030940398,0.45847298919567836,0.09604534907583068,1.0,0.45664739884393063,0.6784025653546533,HI-VAE_piecewise
0.003322231979250408,0.9816079873883343,0.015088317325034345,0.44959903961584635,0.17786941045062357,2.0,0.45664739884393063,0.716461651041501,HI-VAE_piecewise
0.0045121055314062825,0.9747766684182868,0.026928994934426874,0.4737911164465786,0.13896062590266586,1.0,0.5028901734104047,0.6924107656574112,HI-VAE_piecewise
0.00348133501207495,0.9742511823436679,0.014629025370049674,0.4986122448979592,0.17790173497378572,3.0,0.44508670520231214,0.6775795215021814,HI-VAE_piecewise
0.004895379289702762,0.9674198633736207,0.018403008918106433,0.47706602641056417,0.09293904352558167,2.0,0.47398843930635837,0.6552675312494083,HI-VAE_piecewise
0.004001605369732105,0.9742511823436679,0.015856996519072093,0.43223529411764705,0.10704867403809663,2.0,0.45664739884393063,0.6776806150936248,HI-VAE_piecewise
0.0052822525678662,0.9726747241198108,0.013064039349597024,0.42200000000000004,0.0719125783943375,2.0,0.4913294797687861,0.6688561228948743,HI-VAE_piecewise
0.004859224604086509,0.9705727798213348,0.010666437410537702,0.4712701080432174,0.08491522195573839,2.0,0.5780346820809249,0.6842218720519639,HI-VAE_piecewise
0.005637085540349225,0.9621650026274303,0.017696814961814827,0.4831308523409364,0.07738752429639714,1.0,0.4682080924855491,0.6752973490700891,HI-VAE_piecewise
0.003349174943917787,0.977929584866001,0.01952016256817053,0.41579831932773115,0.08773092076287836,2.0,0.5144508670520231,0.6842946646691187,HI-VAE_piecewise
0.0035256686272505094,0.9800315291644772,0.012786843223438024,0.39857382953181275,0.12571049081013042,2.0,0.48554913294797686,0.6708038953839487,HI-VAE_piecewise
0.005142231206972481,0.9695218076720966,0.011819744293669847,0.48440336134453776,0.06493658846101961,1.0,0.4682080924855491,0.6843459831990366,HI-VAE_piecewise
0.005250975597646096,0.9679453494482395,0.021097711987441408,0.536422569027611,0.0757700345444728,1.0,0.3988439306358382,0.6740948416514515,HI-VAE_piecewise
0.005790915972129862,0.9674198633736206,0.012989045446822972,0.5122448979591836,0.15630727275903547,2.0,0.5433526011560693,0.6873913060868667,HI-VAE_piecewise
0.0036035856577762483,0.9810825013137151,0.02208290537898676,0.4596062424969988,0.10749013962021885,1.0,0.4797687861271676,0.659944965070693,HI-VAE_piecewise
0.004788470706518815,0.9695218076720966,0.01862613108062595,0.616499399759904,0.11108499387686875,2.0,0.4161849710982659,0.6981613270407395,HI-VAE_piecewise
0.003460260104833662,0.9810825013137151,0.01947306899711526,0.48170468187274906,0.1742842115291945,2.0,0.44508670520231214,0.6818350156197591,HI-VAE_piecewise
0.004335113998929927,0.9726747241198108,0.023480684655191916,0.46409123649459777,0.10359525384583397,1.0,0.4624277456647399,0.6731896946642139,HI-VAE_piecewise
0.0046434230359251386,0.9737256962690488,0.025579083370297385,0.43826170468187275,0.19974920096373083,3.0,0.4913294797687861,0.6579469738678945,HI-VAE_piecewise
0.005048635049154534,0.9732002101944297,0.027189145579160294,0.44727010804321726,0.10809799151374767,2.0,0.4624277456647399,0.6801202201608297,HI-VAE_piecewise
0.00650405519764,0.9616395165528112,0.043942442259654005,0.4888547418967587,0.13040793449749385,4.0,0.5144508670520231,0.644874389744815,HI-VAE_piecewise
0.003469714996189768,0.9747766684182868,0.015713719098495227,0.4356350540216086,0.08418923639042913,3.0,0.5144508670520231,0.6586274415912406,HI-VAE_piecewise
0.003052402264001636,0.9789805570152391,0.02637237316276073,0.4827274909963986,0.07185674973828876,4.0,0.44508670520231214,0.672913571836206,HI-VAE_piecewise
0.004254528728652728,0.9705727798213346,0.012844069482905717,0.45210564225690264,0.07837508266873437,2.0,0.47398843930635837,0.6658314669187676,HI-VAE_piecewise
0.006352420664068926,0.9590120861797161,0.05508944574029099,0.45673949579831935,0.12683855742340616,3.0,0.4913294797687861,0.6736051607941471,HI-VAE_piecewise
0.003981013503496816,0.9742511823436679,0.015541256305611137,0.440391356542617,0.07928424570850091,3.0,0.42196531791907516,0.6844781296672194,HI-VAE_piecewise
0.007430510617163013,0.955333683657383,0.0361264124600855,0.5301944777911164,0.14686931539681214,2.0,0.4797687861271676,0.7016396721235009,HI-VAE_piecewise
0.006345041185734734,0.9647924330005254,0.039466797916836056,0.4572004801920769,0.16174795531720887,3.0,0.4913294797687861,0.6608573296548789,HI-VAE_piecewise
0.004905476530957225,0.9705727798213348,0.01557718777429268,0.4734453781512606,0.1383376942848138,1.0,0.5375722543352601,0.6586387515753411,HI-VAE_piecewise
0.005463552002953901,0.9684708355228586,0.03679918070213488,0.5342833133253302,0.07073672462727469,1.0,0.47398843930635837,0.6911338524237314,HI-VAE_piecewise
0.006639808831053109,0.9632159747766683,0.026107946689007955,0.5094645858343337,0.07312679048686577,1.0,0.5375722543352601,0.6780640059972713,HI-VAE_piecewise
0.004431348830336811,0.9674198633736204,0.024043675181833462,0.4670348139255703,0.06349227688576042,1.0,0.47398843930635837,0.6553715139792156,HI-VAE_piecewise
0.002916035632078788,0.977404098791382,0.021829475791786047,0.4827058823529412,0.11095112137595071,4.0,0.5433526011560693,0.66741231679761,HI-VAE_piecewise
0.0026306671515613396,0.9805570152390962,0.01739993593003077,0.38468187274909965,0.08188199613891366,2.0,0.5260115606936416,0.6774506481381818,HI-VAE_piecewise
0.004136310943210184,0.9726747241198108,0.022011744649506764,0.4755198079231692,0.10522426861110794,2.0,0.47398843930635837,0.6555470495446647,HI-VAE_piecewise
0.0043948134370728874,0.9742511823436678,0.025945948677880387,0.4474525810324129,0.1431013163278184,2.0,0.5317919075144508,0.6878203428902587,HI-VAE_piecewise
0.004834390126648616,0.9700472937467157,0.020670485155008834,0.39971668667466986,0.17832945078818474,2.0,0.4393063583815029,0.6807186761859824,HI-VAE_piecewise
0.0028828522899038856,0.9795060430898581,0.019547482302018963,0.4407202881152461,0.14432401920465898,1.0,0.47398843930635837,0.6633176078557542,HI-VAE_piecewise
0.003172466993741215,0.9753021544929059,0.014396064854768782,0.5163217286914766,0.1616105053130405,2.0,0.4682080924855491,0.691235367931743,HI-VAE_piecewise
0.005523150190750323,0.9632159747766683,0.023642611469965484,0.4936182472989197,0.0971805833463854,2.0,0.4046242774566474,0.6963384991724382,HI-VAE_piecewise
0.003949780323019055,0.9721492380451919,0.018826238381370427,0.5138247298919567,0.09002106111405035,1.0,0.49710982658959535,0.6737368708626681,HI-VAE_piecewise
0.004492666797893349,0.9758276405675249,0.016926129887170835,0.3982593037214886,0.09165251400127118,1.0,0.5375722543352601,0.6708507727922906,HI-VAE_piecewise
0.006998359283702748,0.9632159747766683,0.018759670224290485,0.4856758703481393,0.12698771624499033,2.0,0.49710982658959535,0.6558179253638493,HI-VAE_piecewise
0.0030300435706976897,0.9816079873883343,0.013393974094800433,0.438249699879952,0.08255007601184511,2.0,0.5028901734104047,0.6780789572930325,HI-VAE_piecewise
0.0059618461997718785,0.9695218076720966,0.021694392569226048,0.4755918367346939,0.09864102915995691,1.0,0.5086705202312138,0.6665134704476805,HI-VAE_piecewise
0.0035486851749259056,0.9758276405675249,0.01918987184700901,0.48658823529411765,0.10475661758704556,1.0,0.4913294797687861,0.6462651057686393,HI-VAE_piecewise
0.0035578616314132796,0.9732002101944299,0.021239724085607346,0.4641128451380553,0.10516443790260156,1.0,0.47398843930635837,0.6766722827986797,HI-VAE_piecewise
0.005090250881949931,0.9705727798213348,0.021944578584301683,0.49011764705882344,0.11372372115452735,1.0,0.44508670520231214,0.664933168043622,HI-VAE_piecewise
0.004225418984980554,0.9732002101944299,0.026660255866730546,0.519032412965186,0.08329460229496671,3.0,0.4682080924855491,0.6712131715992556,HI-VAE_piecewise
0.0034885626805446403,0.9726747241198108,0.02163486362283464,0.4851284513805522,0.0853617767707071,2.0,0.4508670520231214,0.6929688079567804,HI-VAE_piecewise
0.0034413500095746593,0.977929584866001,0.0218488910735227,0.4300672268907563,0.09000489530632813,1.0,0.5144508670520231,0.6999094330123418,HI-VAE_piecewise
0.0027154665520021455,0.9795060430898581,0.022391381474674274,0.4609939975990396,0.12942801411533914,2.0,0.47398843930635837,0.6782959712434984,HI-VAE_piecewise
0.004021929780790981,0.9726747241198107,0.014242284761411839,0.4969699879951981,0.09303901719877401,2.0,0.4624277456647399,0.6742055613993225,HI-VAE_piecewise
0.0035654277618799857,0.9816079873883342,0.013139079019296347,0.4439279711884754,0.07769640474649486,1.0,0.49710982658959535,0.6774138191987327,HI-VAE_piecewise
0.003495304128060602,0.976878612716763,0.024171431913268645,0.516436974789916,0.06833996073896972,1.0,0.5144508670520231,0.6716753067215443,HI-VAE_piecewise
0.005856430110384295,0.9632159747766683,0.048717948529278146,0.5001584633853542,0.12652235301046855,1.0,0.5144508670520231,0.6789885526746878,HI-VAE_piecewise
0.00391685892194373,0.9784550709406201,0.023402083367336967,0.3853925570228091,0.09337694666949278,3.0,0.5086705202312138,0.684495929886084,HI-VAE_piecewise
0.004886570534515805,0.9732002101944297,0.03236622974877851,0.3638559423769508,0.06533670292273516,3.0,0.5202312138728323,0.6820420288598336,HI-VAE_piecewise
0.003666307409229561,0.9710982658959537,0.03475358308015691,0.4342400960384154,0.16709882988373526,3.0,0.44508670520231214,0.6505666379221706,HI-VAE_piecewise
0.0032385437650657993,0.9821334734629531,0.01828439908922513,0.43618487394957983,0.1175362812570693,1.0,0.4682080924855491,0.6896653430469403,HI-VAE_piecewise
0.003978931506224421,0.9732002101944297,0.021022485023561247,0.4663193277310925,0.12566199931828478,1.0,0.4277456647398844,0.6830020603114143,HI-VAE_piecewise
0.0032828393023688397,0.9753021544929059,0.01454727934233796,0.4514861944777911,0.17349351963236398,3.0,0.49710982658959535,0.6656521201533996,HI-VAE_piecewise
0.0052062729699553275,0.9721492380451917,0.009779487452035485,0.4581800720288115,0.08816483073669562,2.0,0.4797687861271676,0.6667286506471023,HI-VAE_piecewise
0.004114377008670401,0.9732002101944297,0.02194817667362392,0.5175054021608643,0.07234084712375724,2.0,0.5433526011560693,0.6400609447448219,HI-VAE_piecewise
0.002999623593018462,0.9800315291644772,0.016100505067044652,0.4684561824729892,0.11031503064121287,2.0,0.5144508670520231,0.6508350463996451,HI-VAE_piecewise
0.004993588084068519,0.9684708355228586,0.03419509498825285,0.47248019207683073,0.09409216038252789,1.0,0.49710982658959535,0.6662275236783669,HI-VAE_piecewise
0.004058533343239139,0.9763531266421439,0.011905973957275816,0.4784177671068428,0.0798421124262106,2.0,0.5028901734104047,0.678472297163759,HI-VAE_piecewise
0.006137952637273209,0.9674198633736204,0.032204249011933805,0.4051572629051621,0.07504142472131672,2.0,0.4913294797687861,0.6726428788884915,HI-VAE_piecewise
0.004856556292335701,0.9663688912243825,0.023065882378068742,0.44841296518607443,0.1429425804806423,2.0,0.45664739884393063,0.6680640563581255,HI-VAE_piecewise
0.003876096275528713,0.9747766684182868,0.01891205832493967,0.4804585834333734,0.07942475002985305,2.0,0.4913294797687861,0.692091931176456,HI-VAE_piecewise
0.0051341877993824414,0.9700472937467157,0.015196806398426495,0.44863865546218495,0.12939402053955623,2.0,0.5086705202312138,0.6880204802064624,HI-VAE_piecewise
0.004238558296803147,0.9705727798213346,0.018915837077075122,0.4189819927971189,0.07772402936336184,1.0,0.47398843930635837,0.6571684519598983,HI-VAE_piecewise
0.0038212784841770205,0.976878612716763,0.0203986151845927,0.4730612244897959,0.08507595970111179,1.0,0.45664739884393063,0.6954533916809894,HI-VAE_piecewise
0.0038757972258271866,0.977404098791382,0.023387899368731712,0.449421368547419,0.12513343605714006,1.0,0.5260115606936416,0.7064414556167864,HI-VAE_piecewise
0.003810497322262345,0.9758276405675249,0.01746162811519142,0.4729987995198079,0.10916983835840081,1.0,0.4913294797687861,0.6622816075784944,HI-VAE_piecewise
0.004449677357033126,0.9695218076720966,0.0253384540393396,0.4273061224489796,0.09151685201480798,2.0,0.4797687861271676,0.6619179591172416,HI-VAE_piecewise
0.0026699935367543465,0.9789805570152391,0.021373905457220906,0.5047875150060024,0.10531186558684148,2.0,0.4797687861271676,0.667901514867732,HI-VAE_piecewise
0.003974800638222664,0.9742511823436679,0.013279742069399941,0.40794237695078034,0.1325095240439353,1.0,0.43352601156069365,0.6543148332197986,HI-VAE_piecewise
0.0038829565548197404,0.9763531266421439,0.016629649592804375,0.48666746698679464,0.11385248963500057,1.0,0.49710982658959535,0.6649566494425823,HI-VAE_piecewise
0.002991822244351801,0.9763531266421439,0.015013468674696214,0.5109723889555823,0.12701982657346952,1.0,0.4046242774566474,0.6962702631294261,HI-VAE_piecewise
0.004868342873374269,0.9742511823436678,0.020295217353650457,0.4477358943577431,0.102735155761881,1.0,0.48554913294797686,0.6691309263441948,HI-VAE_piecewise
0.004542149656168757,0.9663688912243825,0.02076687520319813,0.508110444177671,0.07829069380542886,1.0,0.45664739884393063,0.6801469287508498,HI-VAE_piecewise
0.0053939663461237495,0.9700472937467157,0.029036788263648982,0.4441680672268908,0.14240678230241033,3.0,0.5664739884393064,0.6787673661134969,HI-VAE_piecewise
0.004869448809603863,0.9737256962690488,0.026015160648374513,0.4691332533013206,0.16986976199176038,2.0,0.4682080924855491,0.655320629914199,HI-VAE_piecewise
0.003799134645035638,0.975827640567525,0.028109455266753798,0.4928691476590636,0.13925902686586597,1.0,0.3988439306358382,0.6988899161508558,HI-VAE_piecewise
0.0042526120470315724,0.9747766684182868,0.022490596262006883,0.44777911164465783,0.16151037320744832,3.0,0.5260115606936416,0.6651248555945406,HI-VAE_piecewise
0.003181120225169781,0.9726747241198109,0.02073486265509048,0.4064705882352941,0.09592056148157013,3.0,0.48554913294797686,0.658766750693969,HI-VAE_piecewise
0.004935813012822522,0.9705727798213348,0.01966962376049025,0.489188475390156,0.0734837484418287,1.0,0.43352601156069365,0.6766337807646972,HI-VAE_piecewise
0.004673008754261501,0.9700472937467157,0.029275745938722345,0.4882545018007202,0.13568750626966983,1.0,0.43352601156069365,0.6446310250927234,HI-VAE_piecewise
0.003316479492438534,0.9768786127167629,0.014585716293515861,0.4694933973589436,0.13132673253664964,1.0,0.4393063583815029,0.6741201064343498,HI-VAE_piecewise
0.0048171933751342206,0.9689963215974777,0.030281868140137558,0.478170468187275,0.13187134746069484,2.0,0.4682080924855491,0.6696518688648632,HI-VAE_piecewise
0.003988034174890674,0.9742511823436679,0.019195529641965404,0.47821368547418963,0.11939498371419108,1.0,0.5144508670520231,0.6910775399194926,HI-VAE_piecewise
0.0069356161475576834,0.9590120861797163,0.02072672319819024,0.5125954381752701,0.0767946786521751,1.0,0.45664739884393063,0.6656068387220977,HI-VAE_piecewise
0.003840818592079124,0.977929584866001,0.017796720351907592,0.44623769507803124,0.11304621194535557,1.0,0.4797687861271676,0.6703931346437602,HI-VAE_piecewise
0.004783153160310207,0.9726747241198108,0.020468857037416945,0.43795198079231695,0.1064670885705834,1.0,0.48554913294797686,0.6708254670684496,HI-VAE_piecewise
0.004663796426420613,0.9721492380451919,0.03448118242708675,0.4817887154861945,0.17729366060327725,3.0,0.47398843930635837,0.6764043162007267,HI-VAE_piecewise
0.005159988685684974,0.9695218076720966,0.035280049972189476,0.41139015606242496,0.18467511886563573,3.0,0.47398843930635837,0.6707692477107672,HI-VAE_piecewise
0.004228322275767935,0.9737256962690488,0.04612850143350699,0.40279951980792317,0.12191634031399558,4.0,0.4624277456647399,0.6768632622607017,HI-VAE_piecewise
0.003963974440987071,0.9795060430898581,0.013678522038670817,0.43699399759903956,0.17142797101754503,3.0,0.43352601156069365,0.681208607965544,HI-VAE_piecewise
0.005480174636362433,0.9658434051497636,0.026389786883407897,0.529639855942377,0.0879730986240886,1.0,0.47398843930635837,0.7028768821410982,HI-VAE_piecewise
0.010613053406223377,0.933263268523384,0.08200254859487702,0.6730948379351741,0.058509979072210734,1.0,0.3930635838150289,0.6253721178531726,Surv-GAN
0.006304226236281186,0.9527062532842879,0.05878819330189613,0.5917358943577431,0.09433405705941779,1.0,0.43352601156069365,0.6224158545538577,Surv-GAN
0.009037666063423794,0.9411455596426695,0.03874052008340647,0.5028571428571429,0.05552426403668557,2.0,0.4682080924855491,0.6378820567403347,Surv-GAN
0.007388743001115945,0.9548081975827641,0.03282592928218625,0.5802112845138054,0.10318375725889399,1.0,0.42196531791907516,0.6182080942528249,Surv-GAN
0.009720030089836615,0.9369416710457174,0.0653979133862434,0.6491572629051621,0.055769471756034195,1.0,0.42196531791907516,0.6212051222176442,Surv-GAN
0.008672539828636576,0.9458749343142405,0.04927681143696888,0.5935918367346938,0.057213527382446394,1.0,0.4161849710982659,0.6489494473399812,Surv-GAN
0.011392997983814455,0.9306358381502889,0.031491271765815114,0.6333109243697479,0.1144097394285628,1.0,0.42196531791907516,0.655265550031291,Surv-GAN
0.007283043454649469,0.9479768786127167,0.045188022144364806,0.6670660264105642,0.06092208414719329,1.0,0.45664739884393063,0.6295850641194743,Surv-GAN
0.009099337608045106,0.9485023646873358,0.05004669560091996,0.6018007202881153,0.058828311306972504,1.0,0.3930635838150289,0.6266349158190374,Surv-GAN
0.006699968903479999,0.9532317393589071,0.06888601846997552,0.6581224489795918,0.07836764599267493,1.0,0.3699421965317919,0.6189586517035128,Surv-GAN
0.007615900167260719,0.9495533368365737,0.046497697403392976,0.5910828331332534,0.07990875906574395,1.0,0.36416184971098264,0.6417143102057015,Surv-GAN
0.010963844746628938,0.932212296374146,0.04981091289942802,0.6644489795918367,0.12277467263152624,1.0,0.3930635838150289,0.6636046652239589,Surv-GAN
0.007063924860272386,0.9490278507619547,0.03438670891580975,0.6494573829531813,0.13022173581799024,1.0,0.44508670520231214,0.6330098839084842,Surv-GAN
0.010441343619074383,0.9353652128218602,0.042568528436913784,0.6276158463385354,0.09353407419225608,1.0,0.4161849710982659,0.5979576912368375,Surv-GAN
0.006540333396559613,0.9569101418812401,0.03093923935129121,0.5790540216086434,0.053186184709997836,1.0,0.4508670520231214,0.650071740531022,Surv-GAN
0.007068016903427618,0.953757225433526,0.033460760183583,0.5421848739495798,0.0684468866596984,1.0,0.4797687861271676,0.6566304916392458,Surv-GAN
0.0108230938724262,0.9364161849710982,0.06861153852778511,0.6885906362545018,0.06658812126327535,1.0,0.45664739884393063,0.648858670574205,Surv-GAN
0.008428890307213806,0.9500788229111929,0.048034131243282756,0.5813325330132053,0.05930922707630476,1.0,0.43352601156069365,0.6736143530515974,Surv-GAN
0.007698426623678736,0.9474513925380976,0.04658676896400775,0.5719447779111644,0.05845422245515308,1.0,0.43352601156069365,0.6402334146784092,Surv-GAN
0.008980612971181738,0.9453494482396216,0.042697931940934915,0.5196782713085234,0.06393974247586225,1.0,0.48554913294797686,0.6600671749634284,Surv-GAN
0.00779940449405922,0.9563846558066212,0.045965383023817086,0.6057695078031212,0.06706069723006924,1.0,0.3872832369942196,0.6161450548215992,Surv-GAN
0.009027429856858253,0.9427220178665265,0.06563035740744902,0.5796302521008403,0.05502496514683377,3.0,0.47398843930635837,0.637704482935823,Surv-GAN
0.007042339007714797,0.9542827115081451,0.044914875584739146,0.5916854741896759,0.056373820680707856,1.0,0.43352601156069365,0.6192957345709319,Surv-GAN
0.008091438669687201,0.9490278507619547,0.04967974914067018,0.6614645858343338,0.08375263382199742,1.0,0.3930635838150289,0.6390329095697613,Surv-GAN
0.006551850463556704,0.9516552811350497,0.07531351899508415,0.6398559423769508,0.05936431258571833,1.0,0.37572254335260113,0.634519742167914,Surv-GAN
0.006083744270404464,0.9590120861797163,0.05004981869872269,0.5220336134453782,0.0755336984133249,1.0,0.5028901734104047,0.6603598743613188,Surv-GAN
0.008486709646738045,0.9479768786127167,0.041550800461077536,0.574953181272509,0.06373491523162583,1.0,0.5086705202312138,0.6108517171079111,Surv-GAN
0.008008257827026157,0.9479768786127167,0.05366516379742366,0.5801200480192077,0.08069663396708346,1.0,0.4277456647398844,0.6169553491989873,Surv-GAN
0.005188546310882789,0.9621650026274305,0.05648190430906511,0.6114429771908763,0.05782118068921034,1.0,0.3988439306358382,0.625498398346314,Surv-GAN
0.00594772586945719,0.9590120861797163,0.040320214417117084,0.545438175270108,0.12102815118006198,1.0,0.4393063583815029,0.6210460745861089,Surv-GAN
0.0072699140356080605,0.9563846558066212,0.041440944336206806,0.632998799519808,0.060351762275827475,1.0,0.4277456647398844,0.6448265562029538,Surv-GAN
0.006925866687093193,0.95165528113505,0.038992827129566435,0.6184273709483794,0.05746577812001953,1.0,0.45664739884393063,0.6634562583139645,Surv-GAN
0.007391559989769564,0.9548081975827639,0.03732229035960262,0.5697599039615847,0.057170897440915525,1.0,0.4508670520231214,0.6146997930136252,Surv-GAN
0.007655183652723977,0.9490278507619547,0.07777299752517196,0.5763049219687875,0.06363554785737444,1.0,0.42196531791907516,0.6375913660995319,Surv-GAN
0.0077950429900996284,0.9485023646873358,0.05484009492775051,0.6034165666266507,0.06356972728035913,1.0,0.4682080924855491,0.6328617413645234,Surv-GAN
0.0075769136196717326,0.954282711508145,0.041832457588637684,0.563171668667467,0.09460667512114758,1.0,0.3815028901734104,0.6481135451294,Surv-GAN
0.008706072577668726,0.9506043089858118,0.04047220962286588,0.5691236494597839,0.08425780274235756,1.0,0.48554913294797686,0.6019718572640534,Surv-GAN
0.009535899408426444,0.9432475039411456,0.051782458975082955,0.6019615846338536,0.05882429760015945,1.0,0.3930635838150289,0.629803564098601,Surv-GAN
0.00668100743692549,0.9558591697320022,0.043252194627057955,0.5209075630252101,0.06338941365025352,1.0,0.4913294797687861,0.6725428947180592,Surv-GAN
0.007432188941839149,0.9479768786127167,0.033330444588375883,0.6049003601440577,0.07819750823585601,1.0,0.4508670520231214,0.6497174073944955,Surv-GAN
0.008574655069240978,0.9500788229111928,0.04859513934006524,0.5595702280912365,0.06661587470774738,2.0,0.4913294797687861,0.6218180737926353,Surv-GAN
0.008285807762801155,0.9479768786127167,0.043758319362745726,0.6273277310924369,0.0662222546590708,1.0,0.44508670520231214,0.632736694558793,Surv-GAN
0.006073949574090837,0.9548081975827641,0.0496818012053494,0.5985354141656664,0.08031747176764933,1.0,0.45664739884393063,0.6324264843119366,Surv-GAN
0.00846739603313257,0.9432475039411456,0.0703469193489328,0.564890756302521,0.06120034048059608,1.0,0.3988439306358382,0.6691870038816968,Surv-GAN
0.00729901594879842,0.9421965317919075,0.077947916261239,0.6455222088835535,0.05703957864602556,1.0,0.41040462427745666,0.6283614083814537,Surv-GAN
0.008762444470630612,0.9453494482396216,0.034208481214462454,0.6029819927971188,0.12666204459094704,1.0,0.45664739884393063,0.6377726924249445,Surv-GAN
0.008468367243098896,0.95165528113505,0.05302124700255404,0.6172004801920767,0.07448743623464968,1.0,0.4046242774566474,0.6440604932221596,Surv-GAN
0.00551436951536757,0.9590120861797161,0.04586806262994603,0.550967587034814,0.11849710870941861,1.0,0.4797687861271676,0.6300366384460986,Surv-GAN
0.007418322758411503,0.9553336836573831,0.030190934241422322,0.6084657863145259,0.061768813930529895,2.0,0.4277456647398844,0.6246530346183514,Surv-GAN
0.008126198703747036,0.9448239621650025,0.0593443592670054,0.5644513805522209,0.07715228708694169,1.0,0.42196531791907516,0.6208465588588277,Surv-GAN
0.006117750466121366,0.953757225433526,0.046141957456411704,0.6090684273709484,0.06184944128914662,1.0,0.41040462427745666,0.6132967257385554,Surv-GAN
0.007610545039792405,0.9521807672096689,0.031059284030746998,0.6214165666266507,0.13056230398922847,1.0,0.42196531791907516,0.6247034141609499,Surv-GAN
0.008618516645830064,0.9369416710457172,0.05175515670609751,0.643109243697479,0.0534277706778668,1.0,0.3872832369942196,0.6444539733129746,Surv-GAN
0.005960228464574117,0.952706253284288,0.024812876840156654,0.5917382953181273,0.11285329839891908,1.0,0.44508670520231214,0.6448492981918307,Surv-GAN
0.007880928703373084,0.9442984760903836,0.04444001048261651,0.5861440576230492,0.05317674599320576,1.0,0.43352601156069365,0.6868263875862076,Surv-GAN
0.008863642408340545,0.9458749343142407,0.037794554463765985,0.5552220888355343,0.057490964372515295,1.0,0.4624277456647399,0.6394659461534908,Surv-GAN
0.009157137673794228,0.9416710457172885,0.06265128118568547,0.619951980792317,0.06659149179879516,1.0,0.36416184971098264,0.6169252188592717,Surv-GAN
0.008556394202097483,0.9511297950604308,0.045208669130757745,0.5597310924369749,0.05559443404710357,2.0,0.42196531791907516,0.6412605540373383,Surv-GAN
0.007826476576463714,0.9506043089858118,0.03176149758064715,0.6068667466986795,0.06734366171345511,1.0,0.4046242774566474,0.6285444934486308,Surv-GAN
0.007716117897599706,0.954282711508145,0.04462177132298566,0.5821656662665066,0.05705333104903398,2.0,0.4393063583815029,0.640638439280411,Surv-GAN
0.008074099358979696,0.9542827115081451,0.029597409244537035,0.5839327731092437,0.06686750770723351,2.0,0.4277456647398844,0.6448894636455698,Surv-GAN
0.007771378195720774,0.9500788229111928,0.037912594696486245,0.6089819927971188,0.05793245549808224,1.0,0.4277456647398844,0.6378057528273998,Surv-GAN
0.00828633134358636,0.9521807672096688,0.04136977590264206,0.5903985594237695,0.06211140759531786,1.0,0.43352601156069365,0.6245679969614276,Surv-GAN
0.006662677102049675,0.9574356279558592,0.04494863589295481,0.5695414165666267,0.08794571330944898,1.0,0.3699421965317919,0.6241315358564735,Surv-GAN
0.008138962496990917,0.9406200735680504,0.05796157645552887,0.6462088835534214,0.06161025046005334,3.0,0.3930635838150289,0.6207454550080345,Surv-GAN
0.005754554552561079,0.9590120861797161,0.04523273632596997,0.5717118847539016,0.055161718550571545,1.0,0.47398843930635837,0.6341457373708725,Surv-GAN
0.006870012711057628,0.953757225433526,0.051132436168431855,0.568516206482593,0.05781981763597013,1.0,0.43352601156069365,0.6449422082455013,Surv-GAN
0.009455130411325686,0.9453494482396216,0.04110735149855417,0.5863505402160865,0.06062315307636608,2.0,0.4508670520231214,0.658487701535022,Surv-GAN
0.007602058246783622,0.9442984760903838,0.06351691681372183,0.5952653061224489,0.05693078211824265,1.0,0.4508670520231214,0.6688636347707017,Surv-GAN
0.008134985443103544,0.953231739358907,0.03624601324451054,0.6441536614645857,0.07736992273064924,1.0,0.3988439306358382,0.6494160064405278,Surv-GAN
0.009234563144156115,0.9395691014188123,0.046152095384640025,0.6246698679471788,0.07265631724128745,1.0,0.42196531791907516,0.6651103700058668,Surv-GAN
0.006601707112054094,0.9611140304781923,0.02510293511722072,0.5892533013205282,0.06449929999777172,1.0,0.4508670520231214,0.6574811622790657,Surv-GAN
0.007234431183685128,0.9563846558066212,0.04080520957089878,0.5712869147659063,0.0552354368891424,1.0,0.4797687861271676,0.6173272941535428,Surv-GAN
0.007478952720307589,0.9521807672096689,0.03791604957239231,0.5640816326530611,0.06226476903286858,1.0,0.43352601156069365,0.6202647537197293,Surv-GAN
0.007169134984890088,0.9521807672096689,0.04582586733779612,0.6012749099639856,0.12749578502954906,1.0,0.3815028901734104,0.6109327516862261,Surv-GAN
0.008627530972162867,0.955333683657383,0.0316241873484811,0.5974789915966386,0.06110799209279071,3.0,0.37572254335260113,0.6431532698436596,Surv-GAN
0.006676991272957522,0.9584866001050972,0.029892674785878863,0.5808499399759903,0.11583434092854743,2.0,0.4913294797687861,0.6152089365703582,Surv-GAN
0.008625658959542776,0.9406200735680504,0.03200734965528047,0.6501152460984394,0.10914887802104245,1.0,0.4277456647398844,0.6200266245242453,Surv-GAN
0.007608478197916263,0.9453494482396217,0.062197691834262124,0.6363985594237694,0.10158231599010276,1.0,0.36416184971098264,0.640769942397283,Surv-GAN
0.007315063198449726,0.9485023646873358,0.05315620241208153,0.601330132052821,0.058064995227629486,4.0,0.42196531791907516,0.6302226637088226,Surv-GAN
0.007336433156271125,0.9490278507619547,0.021756085348470677,0.6154429771908764,0.17059368781675247,1.0,0.45664739884393063,0.6507283363406539,Surv-GAN
0.008022629349360273,0.9490278507619547,0.04485674386819636,0.6204609843937575,0.08160562235477031,1.0,0.4046242774566474,0.6409697163685989,Surv-GAN
0.006405280910676633,0.953231739358907,0.05496175511118179,0.555342136854742,0.05699460842267106,2.0,0.4393063583815029,0.6064342136224945,Surv-GAN
0.005690805073586882,0.9647924330005253,0.04270480994258509,0.6338391356542618,0.06908096509987859,1.0,0.42196531791907516,0.6540142249477716,Surv-GAN
0.007163756829625238,0.955333683657383,0.03523162436443928,0.5471644657863145,0.09808020696472128,1.0,0.4797687861271676,0.6150200733047657,Surv-GAN
0.007830354460508539,0.953757225433526,0.039424591209319605,0.5963217286914767,0.05984778277590527,1.0,0.4508670520231214,0.6278863961780633,Surv-GAN
0.007733870673181481,0.9474513925380978,0.019877345556656153,0.6032893157262906,0.08587053828735158,1.0,0.42196531791907516,0.6581930932599446,Surv-GAN
0.006116413502088391,0.9574356279558592,0.05173677227977691,0.5767779111644658,0.09067398761803384,1.0,0.3988439306358382,0.6333432468420421,Surv-GAN
0.0073217397518852805,0.9527062532842879,0.02674296590219698,0.5756134453781513,0.06358194240453906,3.0,0.4508670520231214,0.633830260070619,Surv-GAN
0.009527916725242289,0.9390436153441933,0.028201127102449687,0.6498295318127252,0.10327629292027504,1.0,0.42196531791907516,0.6176014737176198,Surv-GAN
0.008247836524831569,0.9332632685233843,0.04976855080061627,0.6714669867947178,0.062136716881064785,1.0,0.3930635838150289,0.6238854143891337,Surv-GAN
0.009030538221177909,0.9458749343142407,0.03798975018078957,0.6231956782713086,0.06517266718522291,1.0,0.43352601156069365,0.6282623358054297,Surv-GAN
0.0060560824794865355,0.956384655806621,0.053259030720763635,0.5657334933973589,0.10064045771688268,1.0,0.4277456647398844,0.67339591145647,Surv-GAN
0.0064492807134196315,0.9569101418812401,0.04268946231800749,0.5917262905162064,0.05526337649729383,1.0,0.4161849710982659,0.6472796171101066,Surv-GAN
0.007272569297164946,0.9548081975827641,0.04460113731771806,0.547781512605042,0.06409841544707554,1.0,0.4682080924855491,0.633356847452225,Surv-GAN
0.007725536449835083,0.9479768786127167,0.028640585256635893,0.5457575030012004,0.10310542335919944,1.0,0.4508670520231214,0.6245440416408239,Surv-GAN
0.008489027499920181,0.9442984760903834,0.04053930931513877,0.5380624249699879,0.05303362561086652,1.0,0.43352601156069365,0.6246520856200686,Surv-GAN
0.008684627819972727,0.9485023646873357,0.07068431986716134,0.5232989195678271,0.05584317057526174,3.0,0.4624277456647399,0.6419667675598363,Surv-GAN
0.00801065121443968,0.9458749343142407,0.05372854522132634,0.6455678271308523,0.05291707542132383,1.0,0.4277456647398844,0.629574793051341,Surv-GAN
0.007785419511263291,0.9548081975827639,0.035305854188310205,0.5543313325330133,0.062286174832979074,1.0,0.44508670520231214,0.6230512607960225,Surv-GAN
0.005939271948280108,0.9626904887020494,0.03282119315025405,0.5219639855942377,0.17628053594477047,1.0,0.4797687861271676,0.6081073122451968,Surv-GAN
0.007925601330644391,0.9495533368365738,0.042268377529833236,0.6002929171668667,0.15100777516690925,1.0,0.4161849710982659,0.6531330999660573,Surv-GAN
0.007757722458426392,0.9442984760903834,0.0447426320291508,0.644686674669868,0.05686441872425256,1.0,0.4508670520231214,0.6531974076789703,Surv-GAN
0.0070161841964090504,0.9569101418812401,0.040845564520346725,0.590201680672269,0.05880990572675612,1.0,0.41040462427745666,0.6234170180671113,Surv-GAN
0.009288184674936542,0.9453494482396216,0.04756479795623318,0.636845138055222,0.05932887315433937,1.0,0.4393063583815029,0.6711646617529059,Surv-GAN
0.008513918676990844,0.9432475039411456,0.04677152338240501,0.6302424969987995,0.10225284112258308,1.0,0.4508670520231214,0.6382891651513064,Surv-GAN
0.0068762344741106615,0.9548081975827641,0.04256714546786651,0.5584825930372149,0.1025633875059958,1.0,0.4624277456647399,0.64822714574817,Surv-GAN
0.00821359938643839,0.9458749343142405,0.062452845553938666,0.5746482593037214,0.059550344138536576,3.0,0.3988439306358382,0.6446152704497476,Surv-GAN
0.008978433252269259,0.9427220178665265,0.05318710460707145,0.6471764705882354,0.1203117602827887,1.0,0.4393063583815029,0.6400900313319376,Surv-GAN
0.006824886199462934,0.9490278507619547,0.06708397127290415,0.6395198079231693,0.08412843247864048,1.0,0.44508670520231214,0.646555706853751,Surv-GAN
0.008899224731293405,0.9485023646873358,0.03569190290723102,0.5952220888355342,0.057133942547986004,3.0,0.4277456647398844,0.5993683743819596,Surv-GAN
0.007377063683292214,0.9506043089858118,0.05251977542418984,0.5947154861944778,0.06425816911971267,1.0,0.44508670520231214,0.6256660151984003,Surv-GAN
0.006348319787117338,0.9527062532842879,0.05384416355011844,0.5879783913565426,0.06152054290896385,1.0,0.43352601156069365,0.6537505326724209,Surv-GAN
0.008665342926928879,0.9458749343142407,0.040788204256250335,0.6368379351740696,0.06560157533041677,1.0,0.3930635838150289,0.6261563255666468,Surv-GAN
0.008386473852671484,0.9464004203888596,0.02675397244465833,0.6167298919567827,0.14110696011127333,1.0,0.4161849710982659,0.6534067060033545,Surv-GAN
0.00580465667643278,0.9647924330005254,0.04529241527163747,0.5369411764705883,0.056559525431686575,2.0,0.3988439306358382,0.601095510214977,Surv-GAN
0.006869170117549228,0.9521807672096689,0.03740624170079304,0.5555726290516206,0.09007301304623251,1.0,0.4277456647398844,0.6095837733847586,Surv-GAN
0.008195615387004827,0.9521807672096689,0.05991853272890898,0.5757911164465787,0.05512103856957413,1.0,0.4797687861271676,0.6095805130088368,Surv-GAN
0.00664236357424764,0.9548081975827641,0.03395578296822721,0.5883361344537815,0.0738104190920679,2.0,0.4508670520231214,0.607783733321327,Surv-GAN
0.006772765833359437,0.9521807672096689,0.04001288173528054,0.6034093637454981,0.13033013650803602,2.0,0.3930635838150289,0.6550391400342745,Surv-GAN
0.008973941343943831,0.9416710457172885,0.06267107767230888,0.590405762304922,0.08527870699857257,1.0,0.4508670520231214,0.6584925311980074,Surv-GAN
0.006050884081757971,0.9647924330005254,0.05484979481567732,0.5661632653061224,0.05341479489342852,1.0,0.4508670520231214,0.6632132345549056,Surv-GAN
0.006101995674198063,0.9600630583289541,0.049551080380288846,0.595438175270108,0.05672691996283964,1.0,0.4797687861271676,0.6549415424289271,Surv-GAN
0.007339043722802584,0.9548081975827641,0.04802147448187515,0.5619351740696279,0.10509055959522015,1.0,0.4046242774566474,0.6309075714897767,Surv-GAN
0.008815514080423479,0.9479768786127167,0.032801508215998,0.6473565426170468,0.0680195328328951,1.0,0.42196531791907516,0.6295408865190336,Surv-GAN
0.007898832456930273,0.9458749343142407,0.04110526095417431,0.6417022809123649,0.08387453991683992,1.0,0.45664739884393063,0.6366100561431685,Surv-GAN
0.00641866151593723,0.9563846558066212,0.04536895536123396,0.6480648259303721,0.10455995389576188,1.0,0.45664739884393063,0.6180713274038746,Surv-GAN
0.0074299042504043684,0.9500788229111929,0.05251990562173554,0.5654381752701081,0.055277285485964285,1.0,0.4277456647398844,0.6281299612175659,Surv-GAN
0.007453235292535321,0.955333683657383,0.04541341864940003,0.6118007202881153,0.06562693559761597,1.0,0.4277456647398844,0.6387742304943554,Surv-GAN
0.007572924736374503,0.9495533368365737,0.04132252791542751,0.5454165666266507,0.07013835066852467,1.0,0.3988439306358382,0.6498279361709399,Surv-GAN
0.0083370378417296,0.9427220178665265,0.051772606731076885,0.6121800720288115,0.09574578908825114,1.0,0.4161849710982659,0.6403319734519107,Surv-GAN
0.0076271306737957815,0.954282711508145,0.0478851035345348,0.5333613445378151,0.0665679519780203,1.0,0.4393063583815029,0.5951993449348781,Surv-GAN
0.007135201881706573,0.9521807672096689,0.029344422018492803,0.633935174069628,0.06318538168272847,1.0,0.44508670520231214,0.6287715527322902,Surv-GAN
0.006444275663262983,0.9521807672096689,0.034885011695204,0.634905162064826,0.062353329762597595,1.0,0.43352601156069365,0.6124283896263559,Surv-GAN
0.008201873328112945,0.9479768786127167,0.041167384471121185,0.614360144057623,0.07215053852476071,1.0,0.3930635838150289,0.6390832725427388,Surv-GAN
0.007667362691212878,0.9490278507619547,0.03617071324934155,0.5751044417767106,0.054139140519717806,1.0,0.4277456647398844,0.6225483644650088,Surv-GAN
0.006422358314655998,0.955333683657383,0.060309029025784285,0.6044873949579832,0.05719644382727234,1.0,0.41040462427745666,0.631676025918679,Surv-GAN
0.009363767752979214,0.9406200735680504,0.022201687989000744,0.5970156062424969,0.08638373231727917,2.0,0.45664739884393063,0.6112244186201141,Surv-GAN
0.00905767191634022,0.949027850761955,0.03846821452477961,0.5262472989195679,0.06103059334650388,1.0,0.4393063583815029,0.6306089135466749,Surv-GAN
0.007717953928561513,0.949027850761955,0.06262818991997728,0.587265306122449,0.05746756944309708,1.0,0.4508670520231214,0.6417521064124604,Surv-GAN
0.008767476482063606,0.9348397267472411,0.05822931679571921,0.6271260504201681,0.0569506904169781,2.0,0.4277456647398844,0.651002468546495,Surv-GAN
0.006991708947098482,0.9485023646873358,0.032209717134686365,0.6254549819927971,0.10462955498248325,2.0,0.44508670520231214,0.6492014990750462,Surv-GAN
0.010785831482477125,0.9390436153441933,0.056105949165490034,0.5677454981992798,0.08171257280519512,1.0,0.44508670520231214,0.6281206579648975,Surv-GAN
0.008709283401747347,0.9474513925380976,0.05134332752279154,0.5923529411764706,0.058342477971216715,1.0,0.4277456647398844,0.6388777108027103,Surv-GAN
0.00742456246081657,0.954282711508145,0.05992122291077435,0.6414429771908763,0.07077523890668545,1.0,0.45664739884393063,0.6087012128570546,Surv-GAN
0.006442058006127392,0.953231739358907,0.05048086402375861,0.5795966386554622,0.06580373427327199,1.0,0.44508670520231214,0.6288025361665728,Surv-GAN
0.007628166870068387,0.9537572254335259,0.04843832435595503,0.6217839135654263,0.05546312792088749,3.0,0.41040462427745666,0.6242210588926067,Surv-GAN
0.008872596913397654,0.9364161849710981,0.033702033856174506,0.6443505402160865,0.057927809618058476,2.0,0.4161849710982659,0.6692892374245623,Surv-GAN
0.008603619897074526,0.949027850761955,0.061818398848956235,0.5760024009603841,0.05825132338349658,1.0,0.41040462427745666,0.6365427169189738,Surv-GAN
0.007976943673155882,0.9500788229111928,0.04263651506030709,0.5783673469387755,0.09370559168252551,1.0,0.3872832369942196,0.6110985463034266,Surv-GAN
0.007617123517728297,0.95165528113505,0.041958019035275435,0.5681464585834334,0.06389577116686768,1.0,0.4277456647398844,0.6046182532920872,Surv-GAN
0.00936640558595744,0.9411455596426695,0.049383316230482414,0.6779591836734694,0.07629555285988195,1.0,0.3930635838150289,0.6581625149992673,Surv-GAN
0.007153494735092998,0.9516552811350497,0.04565249333114572,0.600076830732293,0.11784212955601732,1.0,0.44508670520231214,0.6544231282378589,Surv-GAN
0.007105964689444039,0.9506043089858118,0.04011958515743585,0.6317238895558224,0.060226678961057455,1.0,0.37572254335260113,0.657678421657325,Surv-GAN
0.008504913712122704,0.9453494482396216,0.044788119856071736,0.6194813925570227,0.10734272053204957,1.0,0.4277456647398844,0.639671795778223,Surv-GAN
0.006483417375575628,0.9584866001050972,0.0533005938303758,0.5232316926770709,0.05851667129514114,1.0,0.4682080924855491,0.6548010740706869,Surv-GAN
0.009510224276118764,0.9437729900157646,0.062012810815420774,0.6354021608643458,0.07438254149410285,2.0,0.4508670520231214,0.642409134657111,Surv-GAN
0.008755979062829034,0.9442984760903834,0.040540675629432636,0.5776710684273709,0.07235483967748899,1.0,0.43352601156069365,0.6499792080934015,Surv-GAN
0.008899929609248392,0.9416710457172885,0.0420199511758086,0.6351116446578631,0.07394860895093162,1.0,0.37572254335260113,0.6307937997995445,Surv-GAN
0.00633204654796993,0.9579611140304781,0.053987004217353654,0.6558463385354142,0.0581454672637182,1.0,0.3815028901734104,0.6446780065529004,Surv-GAN
0.007936364143005798,0.9458749343142407,0.03931295496216125,0.5867346938775511,0.06267339506271812,1.0,0.4508670520231214,0.608359627722886,Surv-GAN
0.0075083507143512114,0.9516552811350499,0.04417932233021733,0.6163529411764707,0.061868620032887886,1.0,0.41040462427745666,0.6601832296200499,Surv-GAN
0.008705787958752252,0.9421965317919074,0.05065036713747175,0.6270684273709485,0.061868817668517644,1.0,0.42196531791907516,0.6530464622753166,Surv-GAN
0.006843054900954049,0.954282711508145,0.043693566489950826,0.5270900360144057,0.10774768707957837,1.0,0.44508670520231214,0.6476576283730692,Surv-GAN
0.00827146340012532,0.9427220178665265,0.0400641017882503,0.5504393757503001,0.11082832699137572,1.0,0.44508670520231214,0.6348412256143722,Surv-GAN
0.005267941455956373,0.955333683657383,0.06838168484997138,0.6418703481392557,0.057864162369228915,1.0,0.4508670520231214,0.6223576078057759,Surv-GAN
0.007902227738042769,0.9516552811350499,0.05100127234468877,0.5855918367346938,0.06801361712746413,1.0,0.47398843930635837,0.6569702658772569,Surv-GAN
0.007244681970550109,0.9458749343142407,0.04971487460949322,0.6578991596638655,0.059589092647499335,1.0,0.41040462427745666,0.6573984797891932,Surv-GAN
0.008157752503835457,0.9479768786127167,0.05452047986067211,0.6139591836734695,0.060749568268705846,1.0,0.4277456647398844,0.6388590833183054,Surv-GAN
0.00856643464656635,0.9395691014188124,0.060657455895378284,0.630170468187275,0.059884617343474306,2.0,0.4161849710982659,0.6258743582169947,Surv-GAN
0.008477447152406593,0.9511297950604308,0.05613098663306632,0.5664321728691476,0.06372103447269663,1.0,0.45664739884393063,0.6387271737448196,Surv-GAN
0.007126663263197958,0.9521807672096689,0.05007681558395545,0.5420984393757504,0.09433937780176434,1.0,0.4277456647398844,0.6359288172575747,Surv-GAN
0.008157444179131496,0.9453494482396216,0.051986367062753815,0.591779111644658,0.05704841194940346,3.0,0.36416184971098264,0.6276139039254883,Surv-GAN
0.007584997491212843,0.9558591697320021,0.037355494421461306,0.6221848739495799,0.051629306926413786,1.0,0.4624277456647399,0.6481704612075769,Surv-GAN
0.00596548924747686,0.9595375722543352,0.04323747453699237,0.5574309723889556,0.05694351645985791,1.0,0.48554913294797686,0.6584773499088209,Surv-GAN
0.006250659343395747,0.9558591697320021,0.05672374150629682,0.6276206482593036,0.061505249099185935,1.0,0.4046242774566474,0.6234034141054322,Surv-GAN
0.008202744307041139,0.9537572254335259,0.05277985414873649,0.5261992797118848,0.10702315414676937,1.0,0.3872832369942196,0.6034002429552784,Surv-GAN
0.008812575680746974,0.9464004203888596,0.03628339271409493,0.6296302521008402,0.05659906106593576,1.0,0.41040462427745666,0.6391658826174349,Surv-GAN
0.008305052295267788,0.9416710457172885,0.03760525078515683,0.6296590636254501,0.06446524244651029,1.0,0.3699421965317919,0.6520871418373738,Surv-GAN
0.008561169964171859,0.9464004203888596,0.052561229215726646,0.5573349339735894,0.11446641872694377,1.0,0.42196531791907516,0.6250155913241086,Surv-GAN
0.00847801322441233,0.9474513925380976,0.036303597688040555,0.5944225690276111,0.06905847424471075,1.0,0.4277456647398844,0.629934652014895,Surv-GAN
0.009460896898359307,0.9458749343142407,0.056208895746078735,0.626420168067227,0.07273332688800731,1.0,0.4277456647398844,0.6189154557190883,Surv-GAN
0.007900697528609916,0.9558591697320019,0.04107616813453171,0.571205282112845,0.06234517332024441,1.0,0.4797687861271676,0.6156619895576315,Surv-GAN
0.007379096060338341,0.9469259064634787,0.06431645129296279,0.5905162064825931,0.06353731599724469,1.0,0.3815028901734104,0.6217455895914532,Surv-GAN
0.007615717435611875,0.9537572254335259,0.059302687969233304,0.6210132052821129,0.06315828178158107,1.0,0.4161849710982659,0.654908495165103,Surv-GAN
0.008983751964513679,0.9469259064634787,0.03625066614474132,0.5158031212484995,0.0947735917063991,2.0,0.4393063583815029,0.6377920599175774,Surv-GAN
0.009869560469028836,0.9348397267472411,0.03761312290927518,0.580905162064826,0.09881202027406821,1.0,0.43352601156069365,0.6087805375008685,Surv-GAN
0.009029562248433605,0.9448239621650025,0.06330578330588808,0.6286818727490997,0.06739804061827986,1.0,0.43352601156069365,0.6565372410721181,Surv-GAN
0.009073327948157156,0.9416710457172885,0.06154845731425259,0.6152220888355343,0.06542663348389692,1.0,0.3930635838150289,0.6106820950096445,Surv-GAN
0.008154308744466635,0.9485023646873357,0.03891806134049062,0.6083457382953181,0.05186464112471012,2.0,0.4624277456647399,0.642983668554046,Surv-GAN
0.010013545762802683,0.9374671571203362,0.05591378796322247,0.6638295318127252,0.0698925094009451,1.0,0.3699421965317919,0.6507412098669952,Surv-GAN
0.006340867191083097,0.9574356279558592,0.046438360497570344,0.5732581032412966,0.06398725013002382,1.0,0.4393063583815029,0.6065480717139203,Surv-GAN
0.006144839208615103,0.9653179190751445,0.03616776064331258,0.5793757503001201,0.08080607479042272,1.0,0.4682080924855491,0.6275564382255338,Surv-GAN
0.007221222215913867,0.953231739358907,0.023145563841665634,0.5837142857142857,0.058222765961095824,1.0,0.41040462427745666,0.641574049421739,Surv-GAN
0.009297626355479044,0.9479768786127167,0.032257685623491024,0.5754045618247299,0.08014406470153197,2.0,0.42196531791907516,0.656620098363159,Surv-GAN
0.010012588004450422,0.9400945874934314,0.05845887668361996,0.6275390156062425,0.0569808294813325,1.0,0.3468208092485549,0.6135541733161152,Surv-GAN
0.007942406678621942,0.9453494482396216,0.03409651626914975,0.6141848739495799,0.0870667033413166,1.0,0.4161849710982659,0.6345185008068036,Surv-GAN
0.008932249000294499,0.9474513925380978,0.034049037764328535,0.5714093637454983,0.13848578691778374,1.0,0.41040462427745666,0.6357071170037933,Surv-GAN
0.009808240059231803,0.9379926431949552,0.0555114851098782,0.6182136854741898,0.07770301146435576,1.0,0.43352601156069365,0.6396352773125467,Surv-GAN
0.009201525469894509,0.9442984760903834,0.05281729191855644,0.6414477791116446,0.06306438874808291,1.0,0.4277456647398844,0.5998863426760256,Surv-GAN
0.008306046497934134,0.9495533368365737,0.06317419833838182,0.6345258103241297,0.05571507264247271,1.0,0.4508670520231214,0.6039056577392474,Surv-VAE
0.007267835823608318,0.9506043089858117,0.06587308614481883,0.6472148859543817,0.054901027980942964,1.0,0.44508670520231214,0.6098330605668427,Surv-VAE
0.0082433105557099,0.9495533368365737,0.05965476676819084,0.6236206482593037,0.05516085406239815,1.0,0.4682080924855491,0.6123117117812056,Surv-VAE
0.007226809661488445,0.9605885444035734,0.05686943916489036,0.6235654261704682,0.05483626661275683,1.0,0.43352601156069365,0.6356718413969628,Surv-VAE
0.007692817636832629,0.9574356279558592,0.04500435271868501,0.5901896758703481,0.06695204262431004,1.0,0.4682080924855491,0.6087238142516537,Surv-VAE
0.008898187642207116,0.9474513925380976,0.057967869602667685,0.5811764705882354,0.061195059632828765,1.0,0.47398843930635837,0.6178909759627804,Surv-VAE
0.009196071780222428,0.9416710457172885,0.06187758684058272,0.6899735894357744,0.0574163380282453,1.0,0.4508670520231214,0.598505784725689,Surv-VAE
0.0072004538511406535,0.9506043089858118,0.05619850108307518,0.6394117647058823,0.0811140348717131,1.0,0.41040462427745666,0.6299247692640075,Surv-VAE
0.008775274767069552,0.9485023646873358,0.05873764743893478,0.5926626650660264,0.055931992876367076,1.0,0.4393063583815029,0.6302520470793276,Surv-VAE
0.007379969161791375,0.9558591697320019,0.06098468606827411,0.5745066026410565,0.05513344068273093,1.0,0.4682080924855491,0.5966593172504024,Surv-VAE
0.009627703565740713,0.9432475039411456,0.04572835913734217,0.605015606242497,0.05677157566427244,2.0,0.43352601156069365,0.5960996355614284,Surv-VAE
0.007948668999782232,0.9490278507619547,0.044552239278242325,0.62137575030012,0.09807604995220852,2.0,0.44508670520231214,0.5767063136010626,Surv-VAE
0.008639259991019986,0.9469259064634787,0.06713070582115045,0.6299399759903961,0.05601273126840247,1.0,0.5317919075144508,0.5840617361518442,Surv-VAE
0.007506174934207627,0.9500788229111928,0.07584557286737999,0.5967298919567827,0.10594279380766072,1.0,0.4508670520231214,0.6228565958801224,Surv-VAE
0.008772462144393213,0.9500788229111929,0.05424342325975172,0.6370348139255702,0.055269919617077945,1.0,0.49710982658959535,0.6339282170333629,Surv-VAE
0.008131081757214888,0.9495533368365738,0.04975335880004979,0.6711164465786315,0.06755846411994369,1.0,0.43352601156069365,0.6232510631318692,Surv-VAE
0.008856292812280663,0.9495533368365737,0.0693541248762839,0.5880648259303721,0.05710867234354665,2.0,0.4508670520231214,0.6193060689840864,Surv-VAE
0.008497657440577162,0.9495533368365738,0.06779407223040776,0.6362136854741898,0.05560514213060006,1.0,0.44508670520231214,0.6208879585765992,Surv-VAE
0.007685209908247021,0.9558591697320021,0.062333597551904665,0.6226530612244897,0.05706788716030769,3.0,0.45664739884393063,0.642747516026951,Surv-VAE
0.008729096965735253,0.9479768786127167,0.0612976688266415,0.6639351740696278,0.05734368283883072,2.0,0.4393063583815029,0.6297226080699929,Surv-VAE
0.007469923611787923,0.953231739358907,0.055522008071115576,0.6244561824729892,0.05403561919563436,2.0,0.4161849710982659,0.6310568520317804,Surv-VAE
0.008070323831918821,0.9527062532842879,0.04048979127357601,0.5877454981992798,0.06818942744198904,1.0,0.4913294797687861,0.6291364463034609,Surv-VAE
0.008122341270851548,0.953231739358907,0.04900965334732061,0.6373637454981993,0.056553233784179764,1.0,0.3930635838150289,0.6426425078791785,Surv-VAE
0.008364895358313458,0.952706253284288,0.04860642849631224,0.5672196878751501,0.08492152315052355,1.0,0.5028901734104047,0.620803739208033,Surv-VAE
0.008547856211310576,0.9521807672096689,0.05584744241399107,0.6751980792316926,0.07601905440113257,1.0,0.44508670520231214,0.6236453489732678,Surv-VAE
0.00858987922215431,0.9511297950604309,0.0609755517307793,0.587937575030012,0.05599867592379294,2.0,0.42196531791907516,0.5861089045559857,Surv-VAE
0.007986867551359484,0.9527062532842879,0.04734812825863015,0.5963001200480191,0.06407265866663064,1.0,0.47398843930635837,0.6242455716363811,Surv-VAE
0.009174548954468582,0.9448239621650028,0.0625286545547797,0.6295414165666268,0.05814588992222417,1.0,0.3988439306358382,0.6185287867493618,Surv-VAE
0.009088115293998396,0.9464004203888599,0.05347489483830168,0.606717887154862,0.052502571372791074,2.0,0.5028901734104047,0.6209977407803284,Surv-VAE
0.008636774867391941,0.9495533368365738,0.06664032300810326,0.628295318127251,0.06629156192038217,1.0,0.44508670520231214,0.6113113642826468,Surv-VAE
0.007918945895344837,0.9548081975827639,0.07379295425689401,0.5699399759903961,0.054107737039982264,1.0,0.43352601156069365,0.601232463707183,Surv-VAE
0.007751401831455065,0.9527062532842879,0.06267949854684482,0.616045618247299,0.06745823182933539,1.0,0.4624277456647399,0.6194193600055377,Surv-VAE
0.008074560795283762,0.9500788229111928,0.06356121741533097,0.5943361344537814,0.05924759697025012,1.0,0.41040462427745666,0.6040021831629817,Surv-VAE
0.009048216915380868,0.9479768786127167,0.05463503209756474,0.6154237695078032,0.06292474891550444,2.0,0.48554913294797686,0.5898623376462064,Surv-VAE
0.00816260957225827,0.9506043089858118,0.044874423499148386,0.6059159663865546,0.0571708303454317,2.0,0.49710982658959535,0.6092683935771971,Surv-VAE
0.009469270955746954,0.9453494482396216,0.06167979954764776,0.6604489795918368,0.05879638952579988,1.0,0.4277456647398844,0.6601293594871763,Surv-VAE
0.008936977063529016,0.9442984760903836,0.04971160249179782,0.6883409363745497,0.05833678315592611,1.0,0.4624277456647399,0.6008918031064518,Surv-VAE
0.008453673273545997,0.9521807672096689,0.05855003618954618,0.6622665066026411,0.054640673057460246,2.0,0.3988439306358382,0.6317372541771235,Surv-VAE
0.005935134818542215,0.9637414608512874,0.06233371764718663,0.6405018007202882,0.0576935306718153,3.0,0.44508670520231214,0.6288438996174852,Surv-VAE
0.007728373656191648,0.9495533368365737,0.06784517280956451,0.6754213685474191,0.05783158098641395,2.0,0.3988439306358382,0.6299993641924444,Surv-VAE
0.008041708113292191,0.9490278507619546,0.05823241324198909,0.6856926770708283,0.05714814203009895,4.0,0.44508670520231214,0.6210674853982261,Surv-VAE
0.009199800234826973,0.9511297950604308,0.050188085299271046,0.6495702280912365,0.06280387193363121,1.0,0.44508670520231214,0.621519136138674,Surv-VAE
0.008200141678539132,0.9506043089858118,0.055391030302646214,0.5867130852340936,0.059769834818760366,1.0,0.4624277456647399,0.6132850371382216,Surv-VAE
0.007470597609165592,0.955333683657383,0.06649496208458103,0.668093637454982,0.09871008261521262,1.0,0.4161849710982659,0.6068153798097062,Surv-VAE
0.0080637259725662,0.9479768786127167,0.07964935254833214,0.5730180072028812,0.07024323318155161,1.0,0.48554913294797686,0.6417124381698442,Surv-VAE
0.00809911499802224,0.955333683657383,0.06340644774614672,0.6158511404561824,0.05474861423811564,1.0,0.4913294797687861,0.6353142246377894,Surv-VAE
0.007832511308627365,0.954282711508145,0.06197848320298392,0.6502376950780313,0.05443081460334589,1.0,0.4508670520231214,0.5892546579118352,Surv-VAE
0.008301250253434107,0.9490278507619546,0.04252146965976909,0.5785642256902761,0.09935971211627777,1.0,0.4277456647398844,0.6027534720671858,Surv-VAE
0.008023496724759611,0.957435627955859,0.03992404551102312,0.5586530612244898,0.07821491922839933,1.0,0.4277456647398844,0.6163842932097378,Surv-VAE
0.006514281094655935,0.9605885444035732,0.055921346687948244,0.5726530612244899,0.05414381057242814,2.0,0.4508670520231214,0.6004435772921896,Surv-VAE
0.007940496055391377,0.9537572254335259,0.04853033308955274,0.6208715486194478,0.0580546916990043,2.0,0.3815028901734104,0.6161442043665457,Surv-VAE
0.009346810409411108,0.9479768786127167,0.07244518949474729,0.6071668667466987,0.05947207097772982,1.0,0.4508670520231214,0.6118460981502487,Surv-VAE
0.008805438775146014,0.9458749343142405,0.04701417353687355,0.6437839135654262,0.07027620393472983,1.0,0.4508670520231214,0.6152344905070429,Surv-VAE
0.007607344153575451,0.9521807672096689,0.062241564518074145,0.6120600240096038,0.0612593597984653,1.0,0.4161849710982659,0.6336392547721913,Surv-VAE
0.007688698000147626,0.9527062532842879,0.054023639778205665,0.6025978391356542,0.08818160780663527,1.0,0.49710982658959535,0.6177722330170929,Surv-VAE
0.00676421208452617,0.9621650026274303,0.049302148788869744,0.631296518607443,0.05516691198655077,2.0,0.45664739884393063,0.6492256081388372,Surv-VAE
0.007883266653420219,0.9532317393589068,0.050582007729411335,0.5672148859543817,0.06612192354179529,1.0,0.45664739884393063,0.6365436785168196,Surv-VAE
0.007721700174022041,0.953757225433526,0.04903691815193688,0.5816446578631453,0.0572841699193604,3.0,0.4682080924855491,0.5921454399922906,Surv-VAE
0.00839214492643942,0.9516552811350499,0.03866983327020817,0.6033973589435775,0.05604393510519867,2.0,0.4624277456647399,0.5920192265721297,Surv-VAE
0.008636997651169464,0.9448239621650028,0.06806932539514213,0.6194237695078031,0.0647390740198864,1.0,0.43352601156069365,0.601733673223154,Surv-VAE
0.008314319854401618,0.9506043089858118,0.06622065302076176,0.6570348139255702,0.05623038925888324,1.0,0.43352601156069365,0.6107231619896902,Surv-VAE
0.007131140084250839,0.9579611140304781,0.06692544244760565,0.6399903961584635,0.06072972232112995,1.0,0.4393063583815029,0.57695763458901,Surv-VAE
0.006914142657777984,0.9595375722543352,0.05740692395784926,0.5995030012004803,0.062239970350029955,1.0,0.4508670520231214,0.6570814256512744,Surv-VAE
0.0070011093642292875,0.9558591697320021,0.0658970095302692,0.6152124849939976,0.061657139598673215,3.0,0.48554913294797686,0.6446089266030749,Surv-VAE
0.008181321544901506,0.9506043089858118,0.06811999746190943,0.6349147659063625,0.06899014234924757,1.0,0.4624277456647399,0.611829403002268,Surv-VAE
0.008984039029423472,0.9495533368365738,0.05166897157558184,0.6612557022809123,0.054628931055478606,1.0,0.48554913294797686,0.637996759176365,Surv-VAE
0.009580893959620597,0.9390436153441932,0.09011127881654642,0.5865210084033613,0.060095699937500885,2.0,0.4508670520231214,0.6096681541936846,Surv-VAE
0.009543633095636496,0.9469259064634787,0.060647885835125516,0.6154333733493398,0.054727173764473086,2.0,0.4624277456647399,0.6338182982178574,Surv-VAE
0.006145842944806568,0.9626904887020494,0.03592120355204053,0.6647611044417767,0.055964171876728794,1.0,0.44508670520231214,0.626494709749632,Surv-VAE
0.008466920039221058,0.953231739358907,0.04614969660413949,0.57953181272509,0.05705107660708398,1.0,0.43352601156069365,0.6142016497013523,Surv-VAE
0.006571566774283158,0.9616395165528112,0.06487524455681268,0.634062424969988,0.05623249624601933,1.0,0.4277456647398844,0.6253230391671443,Surv-VAE
0.008844136125266482,0.9506043089858118,0.06980415079703799,0.6225402160864346,0.054708875372276033,3.0,0.4913294797687861,0.6052110505506875,Surv-VAE
0.007730254942410298,0.9516552811350499,0.08533302817447952,0.6164129651860744,0.05869867616511409,1.0,0.4393063583815029,0.6306877900140895,Surv-VAE
0.007688994214027577,0.95165528113505,0.07681595545336053,0.5417382953181272,0.058429514959227456,2.0,0.47398843930635837,0.6099710170957812,Surv-VAE
0.008365493611802834,0.9506043089858118,0.05643932544406412,0.5981848739495798,0.05307807818849489,1.0,0.48554913294797686,0.6072125021916162,Surv-VAE
0.007490628930954421,0.9500788229111929,0.04125216316677844,0.6022400960384153,0.1037614582964874,1.0,0.4277456647398844,0.6153042537565512,Surv-VAE
0.008548801553056528,0.9474513925380978,0.06966973890463408,0.6067875150060024,0.06138424869156352,2.0,0.41040462427745666,0.5827990566650206,Surv-VAE
0.008211535919553923,0.9485023646873357,0.07608583763069961,0.6735414165666267,0.06628287919868657,1.0,0.4046242774566474,0.6223212060165563,Surv-VAE
0.00792476069587991,0.956384655806621,0.0505076025976211,0.6061944777911165,0.06129552192565481,1.0,0.49710982658959535,0.6076680200687231,Surv-VAE
0.008351971827568798,0.9500788229111928,0.048661470502365134,0.5223073229291717,0.0823984336790692,1.0,0.4797687861271676,0.6104725714530664,Surv-VAE
0.0089526770890003,0.9479768786127167,0.0637544603851603,0.6486650660264106,0.06753131450344833,2.0,0.45664739884393063,0.5915607997227338,Surv-VAE
0.008972682972994516,0.9458749343142407,0.05075946925646638,0.6547370948379352,0.057662993171271625,3.0,0.43352601156069365,0.5950016239241706,Surv-VAE
0.007969895016464782,0.9553336836573831,0.055630873898878996,0.5959567827130853,0.05785496636715044,1.0,0.43352601156069365,0.6295958732993376,Surv-VAE
0.009815156003144447,0.9411455596426694,0.07468876368475534,0.6406914765906363,0.06943870664663879,1.0,0.43352601156069365,0.5995534249969355,Surv-VAE
0.011283197881938134,0.9385181292695743,0.05277200921852931,0.5868259303721488,0.0563533828473649,5.0,0.4393063583815029,0.6245859710614606,Surv-VAE
0.010648075729608228,0.9406200735680504,0.04947035647524519,0.66446818727491,0.057646580944591824,3.0,0.4508670520231214,0.5891349653181501,Surv-VAE
0.00814907510334004,0.9495533368365737,0.0754258238228625,0.6232941176470589,0.05251464264410102,1.0,0.48554913294797686,0.6059445698989753,Surv-VAE
0.008951817490266885,0.9464004203888596,0.07376526670705033,0.6780576230492197,0.059531553173310436,2.0,0.37572254335260113,0.6336082486562823,Surv-VAE
0.009031771292911816,0.9490278507619547,0.07888141664342542,0.5959903961584634,0.05757441055326427,3.0,0.43352601156069365,0.6106566604841512,Surv-VAE
0.010187342989879531,0.9416710457172885,0.06217570143841623,0.6139279711884755,0.06398648039479224,1.0,0.4682080924855491,0.6372764666148163,Surv-VAE
0.008356722852979745,0.9521807672096688,0.051685448857682115,0.6255294117647059,0.0736273394847356,1.0,0.4682080924855491,0.6095619804605465,Surv-VAE
0.008336207155447887,0.9458749343142405,0.05535841397403443,0.6182569027611045,0.08052916526160202,1.0,0.44508670520231214,0.6391283513830199,Surv-VAE
0.008394307285563634,0.9490278507619547,0.07951707213295808,0.6175654261704683,0.05553011265846963,1.0,0.44508670520231214,0.6036936722512429,Surv-VAE
0.008668335604726591,0.9416710457172885,0.07616954190059111,0.6331236494597839,0.05630524139313908,5.0,0.4797687861271676,0.6185098712422987,Surv-VAE
0.0070229046801683175,0.9569101418812401,0.06546695653920802,0.5833397358943577,0.05920544635290438,1.0,0.48554913294797686,0.6496673640044601,Surv-VAE
0.007364167162385615,0.9574356279558592,0.05485195414959449,0.6235702280912364,0.053765303240233764,1.0,0.4797687861271676,0.6402523840871054,Surv-VAE
0.009498575260698939,0.9432475039411454,0.05473522865817129,0.6335582232893157,0.06427477455866253,1.0,0.5144508670520231,0.6310660988459609,Surv-VAE
0.00867943221064833,0.9511297950604308,0.043148407373766816,0.6086842737094837,0.07031335082912724,1.0,0.45664739884393063,0.6000709173424427,Surv-VAE
0.008952704659473475,0.9485023646873357,0.040529760357432984,0.6281032412965186,0.05680950517285842,2.0,0.43352601156069365,0.6284864117121205,Surv-VAE
0.009889956447474547,0.9464004203888596,0.06569403827638197,0.6338607442977191,0.05897782020349122,3.0,0.3815028901734104,0.6338750291275587,Surv-VAE
0.008356437270833066,0.9495533368365738,0.07320172123170755,0.6242088835534214,0.0616922503126566,1.0,0.4682080924855491,0.6338034753846765,Surv-VAE
0.007916871011531589,0.9500788229111928,0.07337483855431054,0.6435582232893158,0.0556895161610689,1.0,0.42196531791907516,0.5964265601038243,Surv-VAE
0.008404773207938511,0.9500788229111928,0.057446467866797836,0.6155102040816327,0.05922810630670708,1.0,0.45664739884393063,0.5800420271261708,Surv-VAE
0.008243373098629901,0.9527062532842879,0.07261159782639745,0.6315846338535415,0.06081382320517085,1.0,0.4277456647398844,0.6029215766234732,Surv-VAE
0.009681529115209862,0.9437729900157645,0.07120206864567612,0.5984297719087635,0.05948402558806222,1.0,0.5028901734104047,0.5944094066929236,Surv-VAE
0.01002224403055669,0.9427220178665265,0.06435477088763913,0.6135990396158462,0.05632478627935618,3.0,0.4682080924855491,0.5915331422387092,Surv-VAE
0.0075523520835255875,0.9553336836573831,0.06550673904050928,0.5784249699879952,0.05919586817105662,1.0,0.4797687861271676,0.5962756276295584,Surv-VAE
0.008116366496286496,0.9516552811350499,0.06340527006835878,0.6516686674669868,0.05711181986055698,4.0,0.41040462427745666,0.6336254826542765,Surv-VAE
0.007509564882460298,0.9506043089858118,0.07893035351623648,0.6313685474189676,0.068926657734381,1.0,0.42196531791907516,0.585619853622636,Surv-VAE
0.00799043690492736,0.9506043089858117,0.06520773393441448,0.6448451380552221,0.05553803235276669,1.0,0.4913294797687861,0.6015334126515199,Surv-VAE
0.007579257976920207,0.953757225433526,0.07767284142212914,0.5760816326530612,0.05798638676680717,2.0,0.45664739884393063,0.6050496562950967,Surv-VAE
0.008566999250465347,0.9464004203888596,0.07396080322864328,0.6360960384153662,0.05753319718873814,1.0,0.4508670520231214,0.646377144193448,Surv-VAE
0.008481493170755939,0.9490278507619547,0.0627282051923314,0.6307466986794718,0.05779615714996006,2.0,0.45664739884393063,0.6160663768328788,Surv-VAE
0.007979247317228962,0.9511297950604309,0.0779713905267144,0.6275678271308524,0.06055444301609264,2.0,0.4277456647398844,0.6232701345332096,Surv-VAE
0.010183702793071698,0.9437729900157645,0.05675118522182028,0.5897959183673469,0.06175664867864119,3.0,0.4393063583815029,0.5904696183663947,Surv-VAE
0.008968062028976258,0.9421965317919074,0.09170096601541777,0.6249267707082833,0.06215918926480706,1.0,0.4508670520231214,0.6175555379977388,Surv-VAE
0.009874528686461609,0.9369416710457172,0.08816014916996688,0.6618487394957983,0.06367169493582171,1.0,0.4277456647398844,0.6024282622961148,Surv-VAE
0.00669876784761004,0.9605885444035732,0.0552542170637659,0.5642448979591836,0.05646374728269737,1.0,0.4508670520231214,0.6195950400790324,Surv-VAE
0.008622568141340959,0.9479768786127167,0.06703968844454761,0.6592845138055222,0.05590267134242655,1.0,0.43352601156069365,0.6330890734367891,Surv-VAE
0.008881759383537843,0.9469259064634786,0.07444101876381877,0.6524345738295318,0.05380024285538822,1.0,0.4508670520231214,0.6129273886846635,Surv-VAE
0.00844700828080668,0.9479768786127167,0.05586371333894614,0.604093637454982,0.06838327451784496,1.0,0.4797687861271676,0.6039303815792145,Surv-VAE
0.008185942750369306,0.9548081975827643,0.05997007884204133,0.6403529411764706,0.06475216310839846,1.0,0.4277456647398844,0.6026182672981517,Surv-VAE
0.008119865079294507,0.9521807672096689,0.05795699240979536,0.6731500600240096,0.06463517682586811,1.0,0.4682080924855491,0.6130356614674316,Surv-VAE
0.007086523241643993,0.955333683657383,0.06142165536704536,0.6267418967587035,0.05765868793346617,3.0,0.4913294797687861,0.6075383106940583,Surv-VAE
0.007117126593442366,0.9605885444035732,0.05792777515827959,0.5944513805522208,0.06519498522105456,1.0,0.4797687861271676,0.59806473117834,Surv-VAE
0.008193525113653628,0.9516552811350499,0.06771175833672861,0.6041536614645859,0.05818989590994919,2.0,0.45664739884393063,0.62160479142956,Surv-VAE
0.007955744783362693,0.9500788229111928,0.06301176108968924,0.6500192076830733,0.06310516864629492,1.0,0.4682080924855491,0.6130741555808527,Surv-VAE
0.009593947702168044,0.9469259064634786,0.057483819990372394,0.6306506602641055,0.05488713207299037,1.0,0.4277456647398844,0.5883141255163282,Surv-VAE
0.007496687123584416,0.953231739358907,0.07440753258985237,0.556873949579832,0.0859723630908372,1.0,0.4797687861271676,0.6337119165106506,Surv-VAE
0.009259474152268332,0.9485023646873357,0.07483191098920301,0.6411236494597838,0.055353426873477427,1.0,0.44508670520231214,0.6259533120717258,Surv-VAE
0.009347032748086721,0.9474513925380976,0.05398573791718194,0.6118943577430972,0.07434509568967576,1.0,0.45664739884393063,0.6395931667108739,Surv-VAE
0.007457756170640783,0.9548081975827641,0.06649197769879868,0.6587611044417766,0.055385257720455223,2.0,0.42196531791907516,0.611152361291589,Surv-VAE
0.006744186102013539,0.9595375722543352,0.06804503221167675,0.6099279711884754,0.05754521976997856,1.0,0.4682080924855491,0.6030967725852467,Surv-VAE
0.007602028337433567,0.9521807672096689,0.08137506265773226,0.6179543817527011,0.05578944084027441,3.0,0.43352601156069365,0.600064230713589,Surv-VAE
0.007981853027801947,0.9537572254335259,0.05727453249800586,0.5773853541416566,0.059270860949489954,1.0,0.4797687861271676,0.62438037691365,Surv-VAE
0.008600644666435907,0.949027850761955,0.046310151591520694,0.6297599039615847,0.06058204160755429,1.0,0.4797687861271676,0.6119679141185842,Surv-VAE
0.008811250304179135,0.9506043089858118,0.06375746531584461,0.6507515006002401,0.05595232575864376,1.0,0.4797687861271676,0.6202539434178772,Surv-VAE
0.008015953407503228,0.953231739358907,0.054376980426716175,0.5879591836734694,0.10651157814894649,1.0,0.4624277456647399,0.6258069579393057,Surv-VAE
0.009091768509409594,0.9506043089858118,0.056867922575141054,0.5391524609843937,0.06096036689797595,1.0,0.4913294797687861,0.6234474569320919,Surv-VAE
0.00817880425668948,0.955333683657383,0.051076721734670136,0.629080432172869,0.06034991742563206,1.0,0.4393063583815029,0.608611160228819,Surv-VAE
0.00778923714595409,0.9584866001050972,0.05335242464249631,0.5456110444177671,0.07157304440204941,1.0,0.45664739884393063,0.6003084892372812,Surv-VAE
0.007534394198906926,0.9521807672096688,0.06991854921840067,0.5864825930372148,0.05515835563439858,1.0,0.5028901734104047,0.622508953980702,Surv-VAE
0.007768342371283599,0.955333683657383,0.03224187218440557,0.6484369747899159,0.06741358960460692,1.0,0.47398843930635837,0.621909945178214,Surv-VAE
0.008767418934455143,0.9469259064634787,0.046609883862979117,0.5430108043217288,0.059199161585675016,1.0,0.4913294797687861,0.6242701850008429,Surv-VAE
0.008355009146318067,0.9442984760903836,0.054255798067522475,0.6975366146458584,0.07533446256973467,1.0,0.41040462427745666,0.6316520781332284,Surv-VAE
0.008681200091572942,0.9485023646873358,0.05896357300982913,0.5551500600240096,0.06642493188746432,1.0,0.43352601156069365,0.6148338642522547,Surv-VAE
0.007523695915284768,0.9511297950604308,0.06940362033091711,0.5803817527010804,0.08200213416470188,1.0,0.49710982658959535,0.5879804098001484,Surv-VAE
0.007739665154311704,0.9506043089858118,0.06606662006718615,0.5536374549819928,0.1045282968034316,1.0,0.4682080924855491,0.6284392740320046,Surv-VAE
0.007339639298125387,0.9553336836573831,0.0777966683438376,0.6230516206482595,0.06573686106706604,1.0,0.44508670520231214,0.6573407440332278,Surv-VAE
0.007726048219554676,0.9558591697320021,0.05348047223206034,0.6604897959183673,0.05970482904343009,1.0,0.4797687861271676,0.5954680130888621,Surv-VAE
0.009158861740676877,0.95165528113505,0.06684152746453718,0.6266986794717887,0.05509427826108926,1.0,0.47398843930635837,0.5854320725759435,Surv-VAE
0.009208538549230094,0.9469259064634786,0.06670530043265113,0.619109243697479,0.057178862716363875,1.0,0.3930635838150289,0.6297910532187763,Surv-VAE
0.008421689088288956,0.9542827115081451,0.05115829463534009,0.6146122448979592,0.0577828046217191,1.0,0.4393063583815029,0.6075727872877009,Surv-VAE
0.008908223428186507,0.953757225433526,0.05510235634027584,0.5950540216086434,0.061156206150842565,1.0,0.47398843930635837,0.6127311493063402,Surv-VAE
0.008002787647961801,0.9558591697320021,0.056824107609389544,0.5947298919567827,0.05543937016183602,1.0,0.4508670520231214,0.6044832802148816,Surv-VAE
0.007532988365252375,0.9521807672096688,0.057964656307416484,0.6415798319327731,0.05900728184539134,1.0,0.4508670520231214,0.6312570511153733,Surv-VAE
0.007892595430793868,0.9542827115081448,0.06340238179690454,0.5816350540216086,0.05456884142163744,1.0,0.5028901734104047,0.6184040827654813,Surv-VAE
0.00936790813173043,0.9442984760903836,0.0675226448342805,0.6863649459783915,0.05962587399357411,1.0,0.4624277456647399,0.6148292444619812,Surv-VAE
0.007923979714166487,0.9537572254335259,0.0503675833053942,0.6372725090036014,0.054436747865881444,1.0,0.4797687861271676,0.631070582320155,Surv-VAE
0.008260081920924995,0.9579611140304783,0.06307683630507381,0.5997118847539016,0.059042665855974466,2.0,0.44508670520231214,0.5795003546006355,Surv-VAE
0.0084060057914011,0.9479768786127167,0.053571058913061465,0.5937623049219688,0.05578834233585468,1.0,0.5260115606936416,0.6048585283214458,Surv-VAE
0.008555206064208282,0.9469259064634787,0.05078476319182889,0.6308691476590635,0.09167377643761378,1.0,0.47398843930635837,0.6032107326955618,Surv-VAE
0.006529808387336042,0.9600630583289543,0.046285941103771856,0.5987106842737094,0.06445481965588058,1.0,0.44508670520231214,0.6166624033036882,Surv-VAE
0.009007451113139551,0.9469259064634787,0.06209093396428273,0.6697286914765908,0.08271899633955108,1.0,0.3583815028901734,0.6137056987442367,Surv-VAE
0.00978152783697533,0.9469259064634787,0.05890813427177656,0.6593133253301321,0.05349257341508034,1.0,0.45664739884393063,0.6257186517326117,Surv-VAE
0.008195684460039364,0.9495533368365738,0.040131451148616194,0.622045618247299,0.05415612004352992,2.0,0.4913294797687861,0.6371732447062984,Surv-VAE
0.00763200953000143,0.9584866001050972,0.0414755766977397,0.5922112845138054,0.06533592840212009,1.0,0.4161849710982659,0.6147808636239904,Surv-VAE
0.005829193409158209,0.9663688912243824,0.05302437579273183,0.5635750300120048,0.059787597119302496,2.0,0.5086705202312138,0.6449696187781945,Surv-VAE
0.007354965484521816,0.9500788229111929,0.052218274501975075,0.6760456182472989,0.0754949730588203,1.0,0.43352601156069365,0.6400718336009978,Surv-VAE
0.007078970457874537,0.953757225433526,0.042110571978454886,0.5789819927971188,0.056095740911100665,1.0,0.47398843930635837,0.5879996920257383,Surv-VAE
0.011388579394841286,0.9374671571203362,0.05903957873710449,0.64875150060024,0.054705785917454994,1.0,0.4797687861271676,0.5730757555629278,Surv-VAE
0.00855313735062161,0.9500788229111928,0.054697500481815674,0.6222953181272509,0.05828537203392902,2.0,0.43352601156069365,0.6117894674217742,Surv-VAE
0.007077204639477619,0.9563846558066212,0.07088085700551336,0.6343817527010804,0.06299312899647239,1.0,0.5028901734104047,0.6096245985229051,Surv-VAE
0.008495458703334631,0.9500788229111928,0.06562456021333302,0.6303337334933973,0.058531364414562116,2.0,0.44508670520231214,0.5983934339823722,Surv-VAE
0.009817387680354507,0.9437729900157645,0.05109350466186803,0.5887154861944778,0.09071717094512244,1.0,0.4682080924855491,0.5990050094379075,Surv-VAE
0.0069895433501263255,0.9642669469259064,0.04727250479512405,0.6663409363745498,0.06190232145368007,1.0,0.45664739884393063,0.5953324521138915,Surv-VAE
0.007582760160499339,0.9521807672096688,0.07083218005279883,0.6366530612244897,0.06023794398907196,2.0,0.42196531791907516,0.6166811072191888,Surv-VAE
0.007915181853747559,0.9516552811350497,0.0780971787725946,0.6002208883553422,0.05599309430058911,2.0,0.5260115606936416,0.6172326166369146,Surv-VAE
0.008370133757711782,0.9469259064634786,0.06247486270329597,0.6907635054021609,0.05912292815897753,3.0,0.4277456647398844,0.5897331505786566,Surv-VAE
0.007655107172071667,0.952706253284288,0.052609297048085264,0.6010852340936375,0.10246355432751605,1.0,0.4913294797687861,0.6015880392506389,Surv-VAE
0.0072123207079492265,0.9574356279558592,0.05315346980777609,0.5941152460984392,0.057920950842104996,1.0,0.47398843930635837,0.6219981502986404,Surv-VAE
0.008236914338412836,0.9548081975827641,0.05319401454048701,0.592609843937575,0.06924184029929145,1.0,0.4046242774566474,0.6454162892672431,Surv-VAE
0.007494288935241753,0.953231739358907,0.06615791448431467,0.5808355342136854,0.0596518977085443,3.0,0.41040462427745666,0.6165932363543812,Surv-VAE
0.00788038083956512,0.9563846558066212,0.05486906858302939,0.5932725090036015,0.0785199813280941,1.0,0.48554913294797686,0.6083661256458127,Surv-VAE
0.008860326199089429,0.9474513925380976,0.06093084854523265,0.6328859543817527,0.06111848627989136,1.0,0.4277456647398844,0.6092097782281194,Surv-VAE
0.00710598949582387,0.9590120861797163,0.0551861185725429,0.5632412965186074,0.08218124602782012,1.0,0.4624277456647399,0.5941065306800616,Surv-VAE
0.009568806887772015,0.9458749343142407,0.06718280136399198,0.6171044417767106,0.05906170523327888,2.0,0.42196531791907516,0.6133634496195811,Surv-VAE
0.00822856378232926,0.9595375722543352,0.05345283190307573,0.6071524609843938,0.06122155393450581,1.0,0.44508670520231214,0.6392479288218975,Surv-VAE
0.01017639818815793,0.9400945874934314,0.050369302719410765,0.6895606242496999,0.05285270931422357,1.0,0.4277456647398844,0.6328643372532313,Surv-VAE
0.008226488191165738,0.9469259064634787,0.07391792292232484,0.6380744297719088,0.053625101852596745,1.0,0.42196531791907516,0.6102644133025974,Surv-VAE
0.00909344379958085,0.9448239621650028,0.04891212531165842,0.6242569027611043,0.057592948441322234,1.0,0.4682080924855491,0.6114031339204283,Surv-VAE
0.008080593999284432,0.9506043089858118,0.08708050907505893,0.63046818727491,0.06267429273807791,1.0,0.47398843930635837,0.6088831909994291,Surv-VAE
0.008914207108332252,0.9479768786127167,0.040996425614371106,0.5898655462184874,0.05556396051516822,1.0,0.4913294797687861,0.5957399331299852,Surv-VAE
0.007898487367173414,0.9516552811350499,0.06860343594113348,0.5893997599039617,0.06061284882566913,2.0,0.4046242774566474,0.6144196780821607,Surv-VAE
0.008225088429884696,0.9474513925380978,0.06481028726784818,0.5847923169267706,0.05932645655745753,3.0,0.44508670520231214,0.6117414228363929,Surv-VAE
0.009308434647071005,0.9469259064634787,0.06300173718362112,0.62184393757503,0.05762513860817097,1.0,0.43352601156069365,0.6170029333371816,Surv-VAE
0.007008889245854472,0.9548081975827641,0.07276581217379319,0.6661848739495798,0.059869688113606705,3.0,0.4161849710982659,0.6314747996914742,Surv-VAE
0.008533244208756483,0.9527062532842879,0.05636828062216498,0.5755462184873948,0.0540379868776472,2.0,0.44508670520231214,0.5953435675048451,Surv-VAE
0.007003007375859917,0.9563846558066212,0.055634773158436686,0.635078031212485,0.05288875275798735,1.0,0.4624277456647399,0.608685666067861,Surv-VAE
0.007135808093866504,0.9558591697320021,0.0616108999713084,0.5804393757503001,0.05633464191041683,1.0,0.4682080924855491,0.5882508415729015,Surv-VAE
0.006008298561311845,0.9653179190751444,0.02863274106556853,0.49972148859543825,0.09758317850502307,2.0,0.48554913294797686,0.7074341201414125,HI-VAE_weibull_diffusion
0.004368380779133613,0.9737256962690488,0.0353982680021879,0.47609123649459784,0.1410734959457419,3.0,0.5028901734104047,0.6819307826507783,HI-VAE_weibull_diffusion
0.0054468604994911,0.9679453494482396,0.03741315624999331,0.46798559423769504,0.1758399134848827,2.0,0.44508670520231214,0.6896462111762623,HI-VAE_weibull_diffusion
0.005613479714642792,0.9653179190751444,0.04685017409404782,0.44733733493397365,0.17682687968624394,5.0,0.5433526011560693,0.6728720561171926,HI-VAE_weibull_diffusion
0.005251873902218509,0.9700472937467155,0.02731526874333363,0.47425210084033614,0.11233919535010992,2.0,0.43352601156069365,0.7164626945446915,HI-VAE_weibull_diffusion
0.00599088409741072,0.9689963215974777,0.020952858611061893,0.45686914765906367,0.11814213639972686,2.0,0.4913294797687861,0.7000615649985878,HI-VAE_weibull_diffusion
0.00515324005922717,0.9726747241198108,0.0365841900133358,0.47708043217286916,0.22826716348487563,4.0,0.49710982658959535,0.6685369033996444,HI-VAE_weibull_diffusion
0.005173745580008917,0.9674198633736206,0.02444816900209682,0.46356542617046814,0.08768217898481258,1.0,0.5549132947976878,0.7020436347220648,HI-VAE_weibull_diffusion
0.008165891069426438,0.9548081975827641,0.04155513541148956,0.5278247298919567,0.06295667375312902,2.0,0.4277456647398844,0.689549129375634,HI-VAE_weibull_diffusion
0.006172950204623426,0.9637414608512874,0.05236301825953389,0.4639231692677071,0.22227064012624162,3.0,0.4682080924855491,0.6977285072775352,HI-VAE_weibull_diffusion
0.006653097885784286,0.9611140304781923,0.02736328423613375,0.5199639855942377,0.12650143244042666,2.0,0.4393063583815029,0.6921971025429096,HI-VAE_weibull_diffusion
0.004497873759309379,0.9684708355228586,0.04666203450177013,0.42857142857142855,0.1008264582763683,1.0,0.5028901734104047,0.683046603736656,HI-VAE_weibull_diffusion
0.007236382364267513,0.9605885444035734,0.029660150555172286,0.4376854741896759,0.1796851571622949,2.0,0.4508670520231214,0.6846809164309986,HI-VAE_weibull_diffusion
0.0047794630370336854,0.9700472937467157,0.0274471578388461,0.45477551020408163,0.06010334133484397,2.0,0.47398843930635837,0.6872820156879086,HI-VAE_weibull_diffusion
0.006522527834889747,0.9579611140304781,0.01942801866542867,0.4926218487394959,0.08300279080871104,2.0,0.4624277456647399,0.6883992170805016,HI-VAE_weibull_diffusion
0.008602716256767996,0.9490278507619547,0.05009191177248783,0.5241680672268908,0.10234111488662664,2.0,0.4508670520231214,0.6765101830896771,HI-VAE_weibull_diffusion
0.005299750205299524,0.9700472937467157,0.021241655184664306,0.46806482593037213,0.09906688282263997,1.0,0.5028901734104047,0.7087199613346975,HI-VAE_weibull_diffusion
0.006163168490221012,0.9684708355228586,0.021426843693755457,0.48968547418967584,0.11987682846194561,2.0,0.5086705202312138,0.6855864316516044,HI-VAE_weibull_diffusion
0.006950358026120525,0.9574356279558592,0.05372117655641726,0.4732364945978391,0.12496534035427206,1.0,0.4393063583815029,0.6616172069843074,HI-VAE_weibull_diffusion
0.005547040253045366,0.9663688912243825,0.023938626951433208,0.47499399759903965,0.15152038507564128,2.0,0.4277456647398844,0.6968132786126606,HI-VAE_weibull_diffusion
0.005933446274114127,0.9658434051497636,0.045386251330961594,0.5240648259303721,0.10819450042752828,2.0,0.5086705202312138,0.701450191846547,HI-VAE_weibull_diffusion
0.005721291290232184,0.9584866001050972,0.044765210918597455,0.48916926770708286,0.09926782726531472,2.0,0.4682080924855491,0.6789393498297175,HI-VAE_weibull_diffusion
0.006020421826807843,0.9632159747766683,0.03886350280569476,0.4959711884753902,0.24125085790777617,3.0,0.45664739884393063,0.7057349628531164,HI-VAE_weibull_diffusion
0.006351422402530608,0.9695218076720966,0.043736850212341784,0.5021800720288115,0.0854815395781116,1.0,0.47398843930635837,0.6737622521647957,HI-VAE_weibull_diffusion
0.00692052349553949,0.9584866001050972,0.04506812009788407,0.4334717887154862,0.0589424856707831,2.0,0.5260115606936416,0.6776072093677882,HI-VAE_weibull_diffusion
0.004425767451070507,0.9753021544929058,0.027800548223922836,0.42642977190876347,0.08537599567532927,1.0,0.48554913294797686,0.6709588982015949,HI-VAE_weibull_diffusion
0.005372622644555501,0.9668943772990015,0.030315567344515987,0.41517887154861943,0.17874786754630653,2.0,0.5202312138728323,0.6647665619426719,HI-VAE_weibull_diffusion
0.006064619573411833,0.9590120861797163,0.06750402697420135,0.5507442977190877,0.08111743015468102,2.0,0.5028901734104047,0.7019136729251902,HI-VAE_weibull_diffusion
0.007480526118474518,0.9558591697320021,0.018323881601213683,0.5252629051620648,0.1118988632040921,2.0,0.49710982658959535,0.6486815077724634,HI-VAE_weibull_diffusion
0.006185111975500357,0.9637414608512874,0.028294388369545346,0.5031452581032413,0.11176666802165697,3.0,0.4508670520231214,0.6972695435055405,HI-VAE_weibull_diffusion
0.005975594778867943,0.9653179190751445,0.032379776944462826,0.48108043217286917,0.10149522191109892,1.0,0.4682080924855491,0.683675271860439,HI-VAE_weibull_diffusion
0.006231233412570042,0.9663688912243824,0.03143751285003352,0.49745498199279714,0.13914952867467634,3.0,0.4913294797687861,0.6914839756620759,HI-VAE_weibull_diffusion
0.005585560101596376,0.9668943772990015,0.03355209540256305,0.5214981992797119,0.09303119424486637,3.0,0.4913294797687861,0.6880935755037614,HI-VAE_weibull_diffusion
0.007743923285140563,0.9579611140304781,0.01856927067788511,0.5544921968787516,0.1280268343315121,2.0,0.4277456647398844,0.6626361827334111,HI-VAE_weibull_diffusion
0.004783914219915266,0.9674198633736206,0.030416121799357182,0.5291692677070828,0.07030620995550038,2.0,0.3872832369942196,0.6835834301077721,HI-VAE_weibull_diffusion
0.004404797331851434,0.974776668418287,0.020664320063620772,0.3898967587034814,0.08052849733226909,2.0,0.5549132947976878,0.6922936486709587,HI-VAE_weibull_diffusion
0.005389910204616832,0.9684708355228586,0.04192799779740576,0.5011740696278512,0.1484536431658929,3.0,0.4797687861271676,0.6872144371886735,HI-VAE_weibull_diffusion
0.007167247408265274,0.9600630583289543,0.019858803700003952,0.48686674669867946,0.08821519013961945,2.0,0.49710982658959535,0.6969587249592174,HI-VAE_weibull_diffusion
0.005498509651973787,0.9684708355228586,0.025087210999134274,0.5747563025210084,0.06551440579940766,4.0,0.4624277456647399,0.6988416888992969,HI-VAE_weibull_diffusion
0.007303870246546545,0.9642669469259064,0.03087220353846508,0.4703577430972389,0.1419579395134163,1.0,0.4913294797687861,0.6909397648102601,HI-VAE_weibull_diffusion
0.004842197066833187,0.9700472937467157,0.025616759489474845,0.4871500600240096,0.14360648378358382,3.0,0.48554913294797686,0.6860837247311722,HI-VAE_weibull_diffusion
0.00661016594528977,0.9647924330005253,0.025527561489941435,0.4696374549819929,0.10955892292561437,1.0,0.4682080924855491,0.6723256946129517,HI-VAE_weibull_diffusion
0.005892531495474273,0.9637414608512874,0.027106186669721834,0.45701320528211287,0.10642474613388761,1.0,0.5086705202312138,0.667296889608525,HI-VAE_weibull_diffusion
0.0065767981284824166,0.9632159747766683,0.046023897948980735,0.5420648259303722,0.10445478520842864,3.0,0.48554913294797686,0.695749431670091,HI-VAE_weibull_diffusion
0.006238587038923385,0.9632159747766685,0.03375536272517857,0.47551500600240093,0.07573206176802369,3.0,0.4624277456647399,0.6667571014087409,HI-VAE_weibull_diffusion
0.005753205980680051,0.9632159747766683,0.03472842056676339,0.4790444177671068,0.11440380620390894,1.0,0.45664739884393063,0.7032088066408881,HI-VAE_weibull_diffusion
0.007667384193536035,0.953757225433526,0.0184005994138851,0.5362737094837936,0.07929579839402899,2.0,0.4161849710982659,0.6870245037416386,HI-VAE_weibull_diffusion
0.007609221639938027,0.9600630583289543,0.0152007129000291,0.43846818727490994,0.1373384728870139,2.0,0.4913294797687861,0.6841377269114686,HI-VAE_weibull_diffusion
0.006055938034945908,0.9600630583289543,0.01611651830903742,0.47081392557022805,0.09210081670263887,2.0,0.4797687861271676,0.6651361460465766,HI-VAE_weibull_diffusion
0.005427334341215157,0.9605885444035734,0.05747364679739959,0.5069195678271309,0.11493888618308636,3.0,0.4682080924855491,0.6738877644588472,HI-VAE_weibull_diffusion
0.0060218065451914625,0.9684708355228586,0.03525466646822716,0.5041872749099641,0.10380275840149245,1.0,0.5028901734104047,0.680183720265065,HI-VAE_weibull_diffusion
0.00526811569285768,0.9653179190751445,0.024258515894059397,0.4408499399759903,0.12455677711972782,3.0,0.48554913294797686,0.6703090047092704,HI-VAE_weibull_diffusion
0.0060127580068603135,0.9679453494482395,0.018578522203064923,0.46825690276110443,0.1034387535044119,3.0,0.48554913294797686,0.6713868962978694,HI-VAE_weibull_diffusion
0.004938689213108484,0.9621650026274303,0.06698665259353415,0.4996686674669869,0.13060468546972168,4.0,0.5202312138728323,0.6977185768094971,HI-VAE_weibull_diffusion
0.005367293758535698,0.9642669469259065,0.03274048393368863,0.48731812725090035,0.191076502672748,2.0,0.49710982658959535,0.7106388723260509,HI-VAE_weibull_diffusion
0.00845816825715926,0.9485023646873358,0.0316170660882907,0.5251740696278511,0.2326765884313923,3.0,0.48554913294797686,0.6804301066693943,HI-VAE_weibull_diffusion
0.005959161847610378,0.9668943772990015,0.018813824193992273,0.5452148859543817,0.1632736387668443,1.0,0.5260115606936416,0.6638579772685145,HI-VAE_weibull_diffusion
0.005084325297178399,0.9700472937467157,0.028480705223157505,0.4682521008403362,0.11310137377897862,3.0,0.5086705202312138,0.6703360905916927,HI-VAE_weibull_diffusion
0.006739848962317948,0.9621650026274303,0.024166936465710904,0.4873661464585835,0.07796383149413316,1.0,0.5202312138728323,0.6840014896918446,HI-VAE_weibull_diffusion
0.006459953464474319,0.9626904887020493,0.02918909349591356,0.5266602641056423,0.10099946851403188,1.0,0.4508670520231214,0.6814152855342354,HI-VAE_weibull_diffusion
0.0044256142032159254,0.9726747241198108,0.02918172498474159,0.5145090036014406,0.1467711560859564,2.0,0.49710982658959535,0.688882566014696,HI-VAE_weibull_diffusion
0.005854099059329983,0.9637414608512873,0.02235762244204825,0.462170468187275,0.15699323300897364,2.0,0.5086705202312138,0.6704389079644247,HI-VAE_weibull_diffusion
0.004145451038860839,0.9742511823436679,0.015091546623677305,0.4242737094837935,0.05893885969737079,1.0,0.5086705202312138,0.6874711174310683,HI-VAE_weibull_diffusion
0.006702901900080007,0.9595375722543352,0.023677982272699023,0.504264105642257,0.08539480833106854,1.0,0.4797687861271676,0.727839426386312,HI-VAE_weibull_diffusion
0.007485733971751971,0.9590120861797163,0.04158541133553814,0.514578631452581,0.1362257281047385,1.0,0.4682080924855491,0.7058525741592534,HI-VAE_weibull_diffusion
0.007780209480197969,0.9569101418812401,0.03876163568313667,0.5415534213685473,0.08657561815588921,1.0,0.44508670520231214,0.6838589377083031,HI-VAE_weibull_diffusion
0.0075757757774747745,0.9579611140304783,0.014791771196076029,0.510499399759904,0.0962043239316869,1.0,0.5144508670520231,0.6876489673276519,HI-VAE_weibull_diffusion
0.005354025330497577,0.9674198633736206,0.02776547144097427,0.4373685474189676,0.09944280967525838,2.0,0.5202312138728323,0.6877211412481206,HI-VAE_weibull_diffusion
0.004728015490842208,0.9668943772990016,0.04869561468060876,0.45737815126050413,0.09891420428600511,2.0,0.4682080924855491,0.6960065502551043,HI-VAE_weibull_diffusion
0.0057098252730196225,0.9637414608512874,0.034074455699687194,0.5133973589435774,0.12436807274921705,1.0,0.4797687861271676,0.6630765379413261,HI-VAE_weibull_diffusion
0.006559691308815809,0.9632159747766685,0.031338452784386246,0.4931860744297718,0.08107489863323487,1.0,0.48554913294797686,0.667580602973319,HI-VAE_weibull_diffusion
0.005611585000186126,0.9668943772990016,0.0290863626896136,0.47141896758703483,0.1676825349706929,3.0,0.49710982658959535,0.6974808350463427,HI-VAE_weibull_diffusion
0.004492608480324238,0.9700472937467157,0.019930805709802497,0.47348379351740694,0.06644432438539279,1.0,0.48554913294797686,0.6741108306761807,HI-VAE_weibull_diffusion
0.006449301202127265,0.9626904887020493,0.031896114491178434,0.5020120048019208,0.1689350948076412,2.0,0.5202312138728323,0.6994687937401424,HI-VAE_weibull_diffusion
0.007897885139889179,0.9595375722543352,0.020260345835561862,0.43926050420168067,0.09318848501608647,1.0,0.5202312138728323,0.7129938646504165,HI-VAE_weibull_diffusion
0.007544084154156535,0.953231739358907,0.03016108777913994,0.44875630252100845,0.11111454575051245,1.0,0.48554913294797686,0.6995315541841483,HI-VAE_weibull_diffusion
0.006393241340715902,0.9637414608512874,0.030651253893841303,0.5293061224489796,0.10207959463007273,2.0,0.42196531791907516,0.6454281490433067,HI-VAE_weibull_diffusion
0.005272338146887799,0.9674198633736206,0.018255368441580693,0.4861632653061224,0.09193774890628005,1.0,0.4624277456647399,0.680920213114837,HI-VAE_weibull_diffusion
0.005482660652694885,0.9705727798213348,0.03036406362084551,0.522861944777911,0.14244232750161517,2.0,0.5260115606936416,0.6888680404056962,HI-VAE_weibull_diffusion
0.0077266695345326744,0.9600630583289541,0.03814542614873844,0.5618487394957983,0.07515852558726087,2.0,0.42196531791907516,0.6931616359426106,HI-VAE_weibull_diffusion
0.007708875948251009,0.9611140304781922,0.025320892176112785,0.49920288115246103,0.11147518685791157,1.0,0.4797687861271676,0.6577890832599148,HI-VAE_weibull_diffusion
0.00446946049894399,0.9758276405675249,0.026087034093425294,0.5133829531812725,0.09875375526272784,1.0,0.4393063583815029,0.6908700715820465,HI-VAE_weibull_diffusion
0.004660420312041898,0.9700472937467157,0.018542770889335876,0.4860360144057624,0.08720123325306567,4.0,0.4393063583815029,0.7014087346501493,HI-VAE_weibull_diffusion
0.006235298914485141,0.9653179190751444,0.02936327578702517,0.5419255702280912,0.12301748953285824,3.0,0.4913294797687861,0.6699673009137681,HI-VAE_weibull_diffusion
0.005086128785171117,0.9689963215974777,0.03059015600628512,0.5275966386554621,0.1035919344127554,1.0,0.4624277456647399,0.683541228665106,HI-VAE_weibull_diffusion
0.007482383472447048,0.9600630583289541,0.02872614483769823,0.4840384153661465,0.07950628542038571,1.0,0.4797687861271676,0.6739172293490777,HI-VAE_weibull_diffusion
0.004473199360631095,0.9716237519705726,0.03340047462994636,0.5458775510204081,0.1534779615499172,1.0,0.44508670520231214,0.6876800940668343,HI-VAE_weibull_diffusion
0.0067898288798996405,0.9626904887020493,0.018515654381670528,0.5168211284513806,0.09079483296738236,2.0,0.5144508670520231,0.6890279925546888,HI-VAE_weibull_diffusion
0.007411934644999698,0.9611140304781923,0.029579443462755747,0.5416158463385354,0.06825749132419166,1.0,0.5028901734104047,0.7183178251802017,HI-VAE_weibull_diffusion
0.006816071312275696,0.9595375722543351,0.024790363889208113,0.5097983193277311,0.1641577066760192,1.0,0.4161849710982659,0.6895977086112646,HI-VAE_weibull_diffusion
0.006382551237308017,0.9600630583289543,0.02273950363592092,0.49345498199279725,0.08545362119950853,2.0,0.45664739884393063,0.691263102273375,HI-VAE_weibull_diffusion
0.003946880625541558,0.976878612716763,0.022998440974926423,0.5037839135654262,0.10365179143463342,2.0,0.47398843930635837,0.6948474094824082,HI-VAE_weibull_diffusion
0.005244837183551135,0.9710982658959537,0.018751229792829643,0.47968307322929177,0.10292937636798348,1.0,0.5144508670520231,0.7005071164830117,HI-VAE_weibull_diffusion
0.006209168388201444,0.9700472937467157,0.02555964025205989,0.41399759903961586,0.07379181038254218,1.0,0.47398843930635837,0.7005726952205436,HI-VAE_weibull_diffusion
0.005552063529488401,0.9663688912243825,0.02631624817383978,0.45619927971188473,0.13862534420931552,1.0,0.4277456647398844,0.6889990151806237,HI-VAE_weibull_diffusion
0.005028960581086633,0.9700472937467157,0.04497470278325795,0.471781512605042,0.14524585486044073,4.0,0.47398843930635837,0.6850126017847454,HI-VAE_weibull_diffusion
0.004191216080608405,0.9742511823436679,0.028049324954153857,0.4747442977190876,0.08297686785147902,1.0,0.48554913294797686,0.6835153604543819,HI-VAE_weibull_diffusion
0.007068668666648215,0.9579611140304783,0.031193053180550923,0.5629483793517407,0.1445369658094185,3.0,0.4624277456647399,0.7055979105027914,HI-VAE_weibull_diffusion
0.004238857662307708,0.9732002101944299,0.012475572220088205,0.4265738295318127,0.1363486870355743,2.0,0.4913294797687861,0.7114356433133159,HI-VAE_weibull_diffusion
0.00727420686731923,0.9605885444035732,0.024498779331860697,0.5123673469387755,0.09476031038228296,2.0,0.48554913294797686,0.6592689788570335,HI-VAE_weibull_diffusion
0.008758788559691321,0.9521807672096689,0.02236373537118356,0.528048019207683,0.16421078644668335,2.0,0.4682080924855491,0.7008152473467091,HI-VAE_weibull_diffusion
0.007077704155028394,0.9584866001050972,0.0436723184637318,0.46071548619447783,0.08967938559301891,1.0,0.48554913294797686,0.6783077749940161,HI-VAE_weibull_diffusion
0.006114486151011875,0.9653179190751444,0.022445224019240668,0.5379399759903961,0.1996695519649499,1.0,0.4682080924855491,0.7096509855279393,HI-VAE_weibull_diffusion
0.007659218242733282,0.9569101418812401,0.03197668458259741,0.5598055222088836,0.08252726431396658,1.0,0.4682080924855491,0.6932089633246353,HI-VAE_weibull_diffusion
0.008640175290745294,0.9490278507619547,0.05323746919723417,0.5698151260504201,0.15337696421497257,3.0,0.5260115606936416,0.6822827207397802,HI-VAE_weibull_diffusion
0.006246463301157396,0.9637414608512874,0.0391261495428896,0.5081608643457383,0.09005980407440022,1.0,0.4682080924855491,0.6711121705811023,HI-VAE_weibull_diffusion
0.005291767581900326,0.9632159747766683,0.020186537043713756,0.5050660264105643,0.058827344107119275,1.0,0.49710982658959535,0.6992492859441135,HI-VAE_weibull_diffusion
0.005500987763887835,0.9653179190751445,0.02590540680561024,0.46665066026410573,0.09210964426950957,2.0,0.4508670520231214,0.6796768753133092,HI-VAE_weibull_diffusion
0.006341870554263499,0.9626904887020494,0.016207448736489372,0.5283649459783912,0.11200124757626378,1.0,0.47398843930635837,0.693373702664392,HI-VAE_weibull_diffusion
0.00684703676060218,0.9595375722543352,0.03024779498593826,0.500062424969988,0.08085907162719046,3.0,0.45664739884393063,0.7066588255261237,HI-VAE_weibull_diffusion
0.005436276226450356,0.9658434051497635,0.03511745406283978,0.48645858343337334,0.1012580317160128,1.0,0.47398843930635837,0.6956635154643958,HI-VAE_weibull_diffusion
0.005468430940776748,0.9668943772990015,0.052759061420036966,0.5260408163265305,0.09529729038158506,1.0,0.49710982658959535,0.683929660346891,HI-VAE_weibull_diffusion
0.007161617122653549,0.9611140304781923,0.034410982612156714,0.44484513805522213,0.12979115464252652,3.0,0.5086705202312138,0.6979605861967628,HI-VAE_weibull_diffusion
0.007381230885687371,0.9595375722543352,0.04140808192617682,0.5136950780312125,0.12494939197837361,1.0,0.5433526011560693,0.6868566016201835,HI-VAE_weibull_diffusion
0.006402201115400222,0.9621650026274303,0.024997198601321848,0.5244513805522208,0.15588163125336668,2.0,0.4797687861271676,0.6796118023399583,HI-VAE_weibull_diffusion
0.0070835018610485015,0.9579611140304781,0.041846992439034836,0.5828211284513805,0.14102111981096166,1.0,0.41040462427745666,0.6849470973352247,HI-VAE_weibull_diffusion
0.006563785510405844,0.9663688912243824,0.026098053084613767,0.4203937575030012,0.07672332689303434,1.0,0.48554913294797686,0.6768990336445923,HI-VAE_weibull_diffusion
0.007131949894683579,0.9590120861797161,0.01574322140111163,0.5160768307322929,0.1340449948638182,2.0,0.4913294797687861,0.7104187478780152,HI-VAE_weibull_diffusion
0.00518075220448645,0.9689963215974777,0.03246042466223475,0.4654549819927971,0.07959699497578532,2.0,0.4508670520231214,0.6737638755928893,HI-VAE_weibull_diffusion
0.00519614614311394,0.9658434051497635,0.027928884386921416,0.4722376950780312,0.06361625188571078,3.0,0.4797687861271676,0.6889325770390727,HI-VAE_weibull_diffusion
0.004298700218655736,0.976878612716763,0.025131246234646736,0.5547731092436975,0.09766471139776928,1.0,0.4682080924855491,0.710391767463131,HI-VAE_weibull_diffusion
0.006221293446963801,0.9679453494482396,0.04228807432262277,0.5174093637454982,0.16429974090716593,3.0,0.48554913294797686,0.689011682166445,HI-VAE_weibull_diffusion
0.005315632720459423,0.9658434051497636,0.024107054557846945,0.4547899159663865,0.08997631098934859,2.0,0.45664739884393063,0.6896846718647277,HI-VAE_weibull_diffusion
0.00594676039206651,0.9700472937467158,0.022267252845959613,0.5173109243697479,0.09523587109786102,1.0,0.5086705202312138,0.7108207003358692,HI-VAE_weibull_diffusion
0.005515094513019774,0.9653179190751445,0.023129825520315964,0.5095366146458583,0.12369174380428447,1.0,0.5028901734104047,0.6847620897804988,HI-VAE_weibull_diffusion
0.008045810287060244,0.9590120861797163,0.022358195079593916,0.4850324129651861,0.0638876156288061,2.0,0.4682080924855491,0.6904668774236477,HI-VAE_weibull_diffusion
0.005723003187366891,0.9611140304781923,0.08060790207592418,0.51046818727491,0.1545081901240346,4.0,0.5664739884393064,0.6838377897319212,HI-VAE_weibull_diffusion
0.00421135914249306,0.9732002101944299,0.04622826748340964,0.4851332533013205,0.12762877109290255,3.0,0.49710982658959535,0.6878568540877349,HI-VAE_weibull_diffusion
0.007039850883069731,0.956384655806621,0.03536090938775389,0.48539255702280915,0.18119914461686273,3.0,0.47398843930635837,0.6580132162442842,HI-VAE_weibull_diffusion
0.0053017913262586236,0.9689963215974777,0.030933585904845035,0.4516974789915967,0.09287158598460045,1.0,0.4797687861271676,0.6978667705788782,HI-VAE_weibull_diffusion
0.004999708032351888,0.9658434051497635,0.046540631626256684,0.4783673469387755,0.18395428205113973,3.0,0.5317919075144508,0.6856586992064343,HI-VAE_weibull_diffusion
0.006291157508023886,0.9611140304781923,0.02597716882711067,0.42048019207683074,0.07832496336661675,1.0,0.48554913294797686,0.6700076303247355,HI-VAE_weibull_diffusion
0.004561006239299507,0.9705727798213348,0.04246178828066228,0.5276110444177671,0.11832822834199903,3.0,0.5028901734104047,0.6671012682642329,HI-VAE_weibull_diffusion
0.008792207515062283,0.9474513925380976,0.056594732277995274,0.5268955582232893,0.09168475915490577,3.0,0.45664739884393063,0.6934798879345836,HI-VAE_weibull_diffusion
0.0072906993639835415,0.9600630583289543,0.02212584523831249,0.5493997599039615,0.13918003394251832,1.0,0.4624277456647399,0.6978641082460928,HI-VAE_weibull_diffusion
0.010286501876299427,0.9442984760903834,0.020354053199792003,0.5256182472989196,0.13650505682449293,2.0,0.4624277456647399,0.6664674274628188,HI-VAE_weibull_diffusion
0.004907994478419801,0.9684708355228586,0.019000698960835234,0.5657863145258103,0.09434798689628174,1.0,0.4682080924855491,0.6969027558361277,HI-VAE_weibull_diffusion
0.0073966768160222,0.9595375722543352,0.016322866447604688,0.4747611044417767,0.06733978182062837,1.0,0.4624277456647399,0.6762253015126501,HI-VAE_weibull_diffusion
0.0043424731191763185,0.9795060430898581,0.03847511825554659,0.549781512605042,0.13973533783284497,3.0,0.43352601156069365,0.6962338137171799,HI-VAE_weibull_diffusion
0.0057061886298638625,0.9679453494482396,0.03425974782505346,0.4842112845138056,0.05939982714913301,2.0,0.5144508670520231,0.6918613187277314,HI-VAE_weibull_diffusion
0.005688303007764006,0.9679453494482396,0.03215016669924918,0.49542857142857155,0.09690243772602546,1.0,0.5202312138728323,0.6602013912334502,HI-VAE_weibull_diffusion
0.004655603928749808,0.9684708355228587,0.03919773509734871,0.4414933973589436,0.11708662067628028,2.0,0.5144508670520231,0.6930715793161323,HI-VAE_weibull_diffusion
0.0061338040208060085,0.9632159747766683,0.027181038755172904,0.5047106842737095,0.103232397390322,2.0,0.44508670520231214,0.6632858038991544,HI-VAE_weibull_diffusion
0.005569257376109946,0.9700472937467157,0.04623470268363245,0.486328931572629,0.09712693842322594,1.0,0.48554913294797686,0.6974395802869892,HI-VAE_weibull_diffusion
0.006106305714298239,0.9626904887020493,0.03856227523445481,0.48625210084033615,0.11239802679432674,1.0,0.4508670520231214,0.7057514580512082,HI-VAE_weibull_diffusion
0.005568689370343038,0.9679453494482396,0.05882004259648382,0.46288115246098444,0.18351898921996107,3.0,0.49710982658959535,0.6888261732805813,HI-VAE_weibull_diffusion
0.0065171039696173385,0.9574356279558592,0.028748358388074456,0.5218319327731094,0.08230780011021747,2.0,0.4624277456647399,0.6833512200535133,HI-VAE_weibull_diffusion
0.007761008646237979,0.9600630583289543,0.028623475353214873,0.47619207683073234,0.06550130183325993,2.0,0.45664739884393063,0.690546741454796,HI-VAE_weibull_diffusion
0.005887785148902294,0.9605885444035732,0.022370769458635816,0.4865114045618248,0.07394020217097039,1.0,0.4046242774566474,0.6848801648487873,HI-VAE_weibull_diffusion
0.005949359208550344,0.9647924330005254,0.04067622303637532,0.513733493397359,0.08276526817608995,3.0,0.4682080924855491,0.6939311630876164,HI-VAE_weibull_diffusion
0.006688238664030305,0.9621650026274303,0.027833847495734004,0.46952460984393757,0.1990414880308466,3.0,0.49710982658959535,0.685089621102606,HI-VAE_weibull_diffusion
0.004806249660931469,0.9653179190751444,0.043119009230965726,0.5244009603841537,0.07625311335473503,1.0,0.4682080924855491,0.6939550218527903,HI-VAE_weibull_diffusion
0.004914707281796951,0.9695218076720966,0.022953147842994123,0.5006074429771908,0.12532685479343242,3.0,0.44508670520231214,0.6753119207621466,HI-VAE_weibull_diffusion
0.005476245085324139,0.9674198633736206,0.04745089027071042,0.5035270108043217,0.20154845539506444,3.0,0.4508670520231214,0.6894374290429461,HI-VAE_weibull_diffusion
0.006334448550790845,0.9563846558066212,0.034699717392146806,0.5198631452581032,0.12015775244000168,2.0,0.4277456647398844,0.6995138931450506,HI-VAE_weibull_diffusion
0.004394285033199916,0.9768786127167629,0.02362851080121652,0.5192653061224489,0.08627587022893626,2.0,0.5144508670520231,0.6941481898380691,HI-VAE_weibull_diffusion
0.005529592817446576,0.9626904887020494,0.03309413818262441,0.46979351740696285,0.09887803882150083,1.0,0.4393063583815029,0.670246493859447,HI-VAE_weibull_diffusion
0.007735688664674913,0.9511297950604309,0.04275526077139486,0.5614645858343337,0.11194241182361189,1.0,0.4161849710982659,0.6747560776219591,HI-VAE_weibull_diffusion
0.005587161921924045,0.9611140304781923,0.03142460312207406,0.4929891956782713,0.08381368287113365,1.0,0.4624277456647399,0.6714987263994212,HI-VAE_weibull_diffusion
0.006625040455541684,0.9595375722543352,0.02232985298747139,0.5068139255702281,0.07352981517993558,1.0,0.4508670520231214,0.6795369601130246,HI-VAE_weibull_diffusion
0.004918374719919272,0.9710982658959537,0.03203872431619118,0.46084513805522215,0.08081129542497816,3.0,0.49710982658959535,0.6961288776039484,HI-VAE_weibull_diffusion
0.006691898267085075,0.9590120861797163,0.028612635554164507,0.4257358943577431,0.06911513730800131,3.0,0.5144508670520231,0.6870674550534136,HI-VAE_weibull_diffusion
0.005625094207490074,0.9611140304781923,0.034852193424866604,0.4400480192076831,0.13472816057502268,2.0,0.44508670520231214,0.6585796200825283,HI-VAE_weibull_diffusion
0.005970809567949658,0.9674198633736206,0.021614387411304045,0.49293157262905163,0.13258352818952177,3.0,0.4393063583815029,0.6784721077356852,HI-VAE_weibull_diffusion
0.006392860114413051,0.9679453494482396,0.016017610317815,0.4388283313325331,0.09925922830462428,2.0,0.4508670520231214,0.7122495724658283,HI-VAE_weibull_diffusion
0.004670454141487332,0.9695218076720966,0.041638904268167444,0.5210612244897959,0.15405037738141922,3.0,0.4913294797687861,0.6763865849920614,HI-VAE_weibull_diffusion
0.0059742021863910776,0.9695218076720966,0.033378699926089876,0.5324753901560625,0.07006674788077576,1.0,0.49710982658959535,0.7197464723889173,HI-VAE_weibull_diffusion
0.0067684102454325995,0.9616395165528112,0.03160145990944256,0.5117406962785115,0.07361426883763425,1.0,0.4682080924855491,0.7163661523551912,HI-VAE_weibull_diffusion
0.005083590058886705,0.9637414608512874,0.04939532695230406,0.48070108043217286,0.11689480833976362,2.0,0.4682080924855491,0.6767993714365721,HI-VAE_weibull_diffusion
0.00781352843112336,0.9563846558066212,0.03708504589367844,0.4747106842737095,0.07324088003403116,2.0,0.48554913294797686,0.6708962648245016,HI-VAE_weibull_diffusion
0.008663922617939555,0.9500788229111929,0.047098757554159106,0.5219351740696279,0.14136489247433276,3.0,0.5202312138728323,0.69318538368892,HI-VAE_weibull_diffusion
0.0033249507674313335,0.977404098791382,0.022520532985334726,0.5157935174069628,0.19106852578055833,3.0,0.4913294797687861,0.6931664157165115,HI-VAE_weibull_diffusion
0.005710890527320142,0.9705727798213348,0.03207666405133948,0.45136614645858336,0.09527670208724959,1.0,0.5144508670520231,0.6899642622689044,HI-VAE_weibull_diffusion
0.0068874478214478035,0.9632159747766683,0.027236316133774068,0.5085282112845138,0.07491331022299716,2.0,0.4797687861271676,0.6851721820961028,HI-VAE_weibull_diffusion
0.004769554829784307,0.974776668418287,0.032895140161502474,0.485733493397359,0.0987001074247029,1.0,0.4624277456647399,0.6819379321210906,HI-VAE_weibull_diffusion
0.005336242645810881,0.9689963215974777,0.02120268005202674,0.45915486194477795,0.12020232245951436,1.0,0.5028901734104047,0.6768074603320803,HI-VAE_weibull_diffusion
0.008405847890677552,0.9548081975827639,0.03884706138031566,0.581032412965186,0.12710674890631657,2.0,0.43352601156069365,0.7256571223797448,HI-VAE_weibull_diffusion
0.0035521152657700507,0.976878612716763,0.020229073309959225,0.481421368547419,0.07891535438446336,1.0,0.45664739884393063,0.7129261244621743,HI-VAE_weibull_diffusion
0.00550627484096602,0.9705727798213346,0.018489905209862684,0.4261632653061224,0.11071187779696481,1.0,0.4797687861271676,0.6913392502671835,HI-VAE_weibull_diffusion
0.005988521298209582,0.9637414608512874,0.01896116509802042,0.49507322929171665,0.19807093528391134,3.0,0.47398843930635837,0.6829161686320899,HI-VAE_weibull_diffusion
0.006563003768666247,0.956384655806621,0.025243308283753155,0.6145378151260504,0.09038109981551022,1.0,0.41040462427745666,0.6836318605124277,HI-VAE_weibull_diffusion
0.005890630011714678,0.9663688912243825,0.04134554986228397,0.48299879951980795,0.08028598165147223,5.0,0.47398843930635837,0.6959361226598478,HI-VAE_weibull_diffusion
0.006314243946752804,0.9663688912243824,0.03687218603125255,0.46949339735894363,0.10519959932485144,1.0,0.47398843930635837,0.6822402898636796,HI-VAE_weibull_diffusion
0.006635336731287325,0.9663688912243824,0.02328238953004779,0.47823289315726286,0.07677734533946218,2.0,0.48554913294797686,0.6835082198524899,HI-VAE_weibull_diffusion
0.005500325538835784,0.9663688912243824,0.03307540716130214,0.5196446578631452,0.143749342225156,3.0,0.44508670520231214,0.7105392029547731,HI-VAE_weibull_diffusion
0.0056613026881805065,0.9668943772990016,0.02322248539243294,0.48901320528211284,0.070800004327602,1.0,0.49710982658959535,0.7146301047050748,HI-VAE_weibull_diffusion
0.005712220049423533,0.9632159747766683,0.04018561024575533,0.48483553421368547,0.12140733227257372,2.0,0.47398843930635837,0.6926300121228308,HI-VAE_weibull_diffusion
0.004896039899523799,0.9689963215974777,0.020887866934344718,0.45913085234093637,0.07288582744214324,1.0,0.4913294797687861,0.6769161489447779,HI-VAE_weibull_diffusion
0.004719634959430682,0.9695218076720967,0.028867263700259143,0.4817791116446578,0.0992887886885794,2.0,0.45664739884393063,0.6867590033817345,HI-VAE_weibull_diffusion
0.00584859327161176,0.9616395165528114,0.039283730162852505,0.5141104441776712,0.1327728227236632,3.0,0.5028901734104047,0.7220497040014102,HI-VAE_weibull_diffusion
0.006868174782427747,0.9632159747766683,0.023590427289055534,0.5396326530612244,0.06593187958906745,1.0,0.3930635838150289,0.7052335152883451,HI-VAE_weibull_diffusion
0.00592351866602068,0.9684708355228586,0.022377107895432524,0.48848979591836733,0.1868862920495236,2.0,0.5144508670520231,0.6908650075883671,HI-VAE_weibull_diffusion
0.0073462687516259876,0.9574356279558592,0.03699978081010112,0.5310732292917167,0.10216386758988064,1.0,0.48554913294797686,0.6795714732983136,HI-VAE_weibull_diffusion
0.005468201291637587,0.9626904887020493,0.02924142611488497,0.48914765906362556,0.0552371960368549,3.0,0.4393063583815029,0.6980118057294838,HI-VAE_weibull_diffusion
0.004893728561115568,0.9732002101944299,0.025108650104169485,0.4459879951980792,0.22518639584469752,2.0,0.48554913294797686,0.699646077365,HI-VAE_weibull_diffusion
0.004770477598891612,0.9663688912243825,0.029628406925357363,0.49907803121248506,0.14065146990075875,2.0,0.4393063583815029,0.6855060745847235,HI-VAE_weibull_diffusion
0.006124460421296816,0.9647924330005256,0.0382349118355906,0.5501176470588236,0.07487808689721245,1.0,0.4797687861271676,0.6921241256232926,HI-VAE_weibull_diffusion
0.005917313633858659,0.9663688912243825,0.029634843586620208,0.4996350540216087,0.06973864281879714,1.0,0.49710982658959535,0.7168063671758821,HI-VAE_weibull_diffusion
0.007033922400291467,0.9548081975827641,0.05385630905744863,0.47480912364945976,0.1593615956169475,4.0,0.45664739884393063,0.6866664049484413,HI-VAE_weibull_diffusion
0.0058007505837780965,0.9621650026274303,0.031178809127100048,0.48332292917166864,0.09492216160881803,2.0,0.43352601156069365,0.6938131433848411,HI-VAE_weibull_diffusion
0.007175806924692235,0.9611140304781923,0.04805946559573149,0.45839855942376956,0.10748056638991473,2.0,0.4913294797687861,0.6554456182188061,HI-VAE_piecewise_diffusion
0.00475863867291825,0.9716237519705728,0.01673437125955226,0.4706602641056423,0.14462116668260033,2.0,0.49710982658959535,0.6430528983337097,HI-VAE_piecewise_diffusion
0.006014799992081094,0.9637414608512874,0.029303992410303473,0.49885234093637454,0.06466906308017034,3.0,0.5144508670520231,0.6585660787302057,HI-VAE_piecewise_diffusion
0.005728879684979071,0.9637414608512874,0.030418572598805507,0.5134861944777911,0.08290178849729779,1.0,0.4161849710982659,0.6769924384748707,HI-VAE_piecewise_diffusion
0.005079996055243514,0.9700472937467157,0.02931162246395313,0.4912557022809123,0.10216964082972604,3.0,0.5202312138728323,0.6463008012829072,HI-VAE_piecewise_diffusion
0.005860678220234314,0.9679453494482395,0.021049271630550818,0.45080432172869156,0.11233232888718855,2.0,0.5202312138728323,0.6948364110307005,HI-VAE_piecewise_diffusion
0.006715932516469823,0.9626904887020494,0.0165823998688672,0.4459255702280913,0.1258204537323088,2.0,0.5375722543352601,0.6946862433419144,HI-VAE_piecewise_diffusion
0.0071738280318878545,0.955333683657383,0.04031919794875852,0.46597358943577427,0.16226496540279245,2.0,0.45664739884393063,0.6440073757147283,HI-VAE_piecewise_diffusion
0.008885043100647382,0.9569101418812401,0.01358151933659108,0.44131092436974784,0.11259748543114341,1.0,0.5260115606936416,0.6695868975040773,HI-VAE_piecewise_diffusion
0.006649644547118025,0.9637414608512874,0.018405882249432775,0.5485090036014406,0.09311594846562068,2.0,0.48554913294797686,0.6674704960941025,HI-VAE_piecewise_diffusion
0.005901520537754607,0.9668943772990015,0.025431348713337337,0.4283553421368548,0.10596717214391048,3.0,0.49710982658959535,0.6534241363480189,HI-VAE_piecewise_diffusion
0.0066652837855262085,0.9653179190751445,0.019779957713987557,0.4372436974789916,0.09033303320995201,2.0,0.5260115606936416,0.6619268393237202,HI-VAE_piecewise_diffusion
0.008579758020567006,0.9558591697320021,0.0266327065984592,0.47703241296518606,0.10626893244687426,1.0,0.5260115606936416,0.6860297884224786,HI-VAE_piecewise_diffusion
0.0061646665473663155,0.9658434051497635,0.023676606092889203,0.4949435774309724,0.11191511930849539,1.0,0.5317919075144508,0.6744848468022907,HI-VAE_piecewise_diffusion
0.008630592052981447,0.9563846558066212,0.022322924787778635,0.4199399759903962,0.08685222328388127,1.0,0.4913294797687861,0.654195730571972,HI-VAE_piecewise_diffusion
0.006619325846821894,0.9658434051497635,0.02262146586692189,0.5320912364945978,0.16565912034632793,3.0,0.45664739884393063,0.6740681347899085,HI-VAE_piecewise_diffusion
0.007961173975182128,0.9521807672096689,0.036524827454234424,0.5431836734693878,0.08800539110446705,1.0,0.4797687861271676,0.661673737613702,HI-VAE_piecewise_diffusion
0.006609623374255352,0.9632159747766683,0.0230915275136922,0.5060312124849939,0.08440411793992804,2.0,0.4161849710982659,0.6454018311025125,HI-VAE_piecewise_diffusion
0.006459877283100165,0.9621650026274302,0.014733756380075555,0.4852244897959184,0.09912722159888072,1.0,0.49710982658959535,0.6709459623139434,HI-VAE_piecewise_diffusion
0.006282127201314388,0.9584866001050973,0.04895460195616156,0.45977911164465785,0.10730795866352918,3.0,0.49710982658959535,0.6873622150070068,HI-VAE_piecewise_diffusion
0.006497283617190666,0.9611140304781923,0.06473370157604122,0.41892917166866744,0.09570967310818014,2.0,0.4913294797687861,0.6401435469068698,HI-VAE_piecewise_diffusion
0.0062020624149435625,0.9626904887020493,0.020366038529527796,0.479123649459784,0.09975004525453565,1.0,0.49710982658959535,0.6476250565605585,HI-VAE_piecewise_diffusion
0.007191263738702817,0.9590120861797163,0.032805939672863146,0.463625450180072,0.14111777993972932,1.0,0.4624277456647399,0.6597078521819341,HI-VAE_piecewise_diffusion
0.005936597654927941,0.9647924330005254,0.03220689203014535,0.4608715486194478,0.11404873542776578,5.0,0.5028901734104047,0.6485864882233608,HI-VAE_piecewise_diffusion
0.005156139713280389,0.9700472937467157,0.04307984421775277,0.40534693877551026,0.10864959090249487,4.0,0.49710982658959535,0.6604773963940495,HI-VAE_piecewise_diffusion
0.005409937559730926,0.9658434051497635,0.03132630351106382,0.5024345738295318,0.10880871872516497,2.0,0.4797687861271676,0.6587423140977294,HI-VAE_piecewise_diffusion
0.007016295853540188,0.9579611140304783,0.02956894934299888,0.4595630252100841,0.0757934904521592,3.0,0.4682080924855491,0.6557352782821279,HI-VAE_piecewise_diffusion
0.004966106669454056,0.9663688912243825,0.05390113364003751,0.5468739495798319,0.10974438331150259,3.0,0.47398843930635837,0.6506980475675505,HI-VAE_piecewise_diffusion
0.008298653523928865,0.9558591697320021,0.034675375099848235,0.5220360144057624,0.09889723773504366,1.0,0.5317919075144508,0.6610487536091376,HI-VAE_piecewise_diffusion
0.006516604821694022,0.9611140304781922,0.06591567404896627,0.4343193277310924,0.12830686355926374,5.0,0.4797687861271676,0.6740594969966965,HI-VAE_piecewise_diffusion
0.006817616371424623,0.9642669469259065,0.020553268070994814,0.5120480192076831,0.1130963954246956,2.0,0.4913294797687861,0.6856642061441167,HI-VAE_piecewise_diffusion
0.006282707835637319,0.9637414608512874,0.02012835455421269,0.43548139255702284,0.11944102485620339,1.0,0.48554913294797686,0.6487782951912118,HI-VAE_piecewise_diffusion
0.005660889820447085,0.9700472937467157,0.018231344562811266,0.4394573829531813,0.1053400645104027,3.0,0.4508670520231214,0.6529856315847374,HI-VAE_piecewise_diffusion
0.006130615614947054,0.9637414608512873,0.0323873911804962,0.42290996398559433,0.1175839330251185,1.0,0.48554913294797686,0.6577821615773501,HI-VAE_piecewise_diffusion
0.005899521349619615,0.9611140304781923,0.0343950057747543,0.5256038415366147,0.1449899354089276,1.0,0.49710982658959535,0.6337800133953393,HI-VAE_piecewise_diffusion
0.0070942044567680225,0.9595375722543352,0.026095544127206143,0.48249219687875156,0.10957412343858777,1.0,0.4797687861271676,0.6808195524881753,HI-VAE_piecewise_diffusion
0.006620375171031547,0.9653179190751445,0.03052428665063059,0.3942208883553421,0.10131441298616624,3.0,0.48554913294797686,0.6585180286520803,HI-VAE_piecewise_diffusion
0.006923813491936221,0.9600630583289543,0.0199151765849109,0.47012004801920765,0.14037820546815033,2.0,0.49710982658959535,0.6480517079037756,HI-VAE_piecewise_diffusion
0.007063856443637672,0.9616395165528112,0.0361269314492865,0.4390804321728692,0.06280993059866767,3.0,0.5664739884393064,0.6557343170691499,HI-VAE_piecewise_diffusion
0.007126947335960856,0.9595375722543352,0.01144166611930978,0.4390084033613445,0.12226308232654866,1.0,0.5317919075144508,0.6935242273635409,HI-VAE_piecewise_diffusion
0.005390532414202444,0.9700472937467157,0.013127635555168495,0.42557983193277316,0.13572305717091196,1.0,0.45664739884393063,0.6379545983967128,HI-VAE_piecewise_diffusion
0.007805758803619936,0.9516552811350499,0.06698816306737437,0.5044897959183674,0.12290184533252763,2.0,0.4161849710982659,0.6485796548952808,HI-VAE_piecewise_diffusion
0.006406496704849386,0.9595375722543352,0.031187018871164946,0.45674909963985594,0.15992920564912946,2.0,0.49710982658959535,0.6567874042759875,HI-VAE_piecewise_diffusion
0.00589342506337531,0.9647924330005254,0.02222131750035865,0.4501128451380552,0.12207498116411122,1.0,0.5028901734104047,0.7045440419209209,HI-VAE_piecewise_diffusion
0.005718889012340772,0.9689963215974777,0.03526074795166798,0.4648211284513805,0.09812492500253608,1.0,0.4624277456647399,0.662183856620074,HI-VAE_piecewise_diffusion
0.006439625314844557,0.9642669469259065,0.015338986841932752,0.4544297719087635,0.09772028834494638,2.0,0.5202312138728323,0.6459379612784834,HI-VAE_piecewise_diffusion
0.006029650244062235,0.9674198633736206,0.018149557770948357,0.47272028811524613,0.09657663589321985,1.0,0.4624277456647399,0.6644208857129448,HI-VAE_piecewise_diffusion
0.008029429440940636,0.9563846558066212,0.00983974488768892,0.511015606242497,0.12180287606577972,2.0,0.4508670520231214,0.6707396336389649,HI-VAE_piecewise_diffusion
0.006256351535514828,0.9653179190751445,0.017440676745931295,0.42644417767106846,0.10772919447898095,3.0,0.5260115606936416,0.6308815296805589,HI-VAE_piecewise_diffusion
0.006938141399534739,0.9632159747766685,0.018170055526346263,0.4180120048019208,0.0645689908215656,1.0,0.4913294797687861,0.6555628031775679,HI-VAE_piecewise_diffusion
0.007155493304380609,0.9569101418812401,0.03670178593148611,0.47367106842737094,0.06506018238544199,1.0,0.5260115606936416,0.6453446454855664,HI-VAE_piecewise_diffusion
0.00574363961649752,0.9642669469259065,0.025201461257204853,0.4612797118847539,0.14895378387383862,3.0,0.5260115606936416,0.642941606696678,HI-VAE_piecewise_diffusion
0.006660066204977744,0.9579611140304781,0.02651636286779958,0.38536374549819924,0.1073307413151892,3.0,0.5433526011560693,0.6685569155782316,HI-VAE_piecewise_diffusion
0.006966362251992302,0.9611140304781923,0.02017754661904937,0.4739927971188475,0.10238817925418157,1.0,0.4277456647398844,0.6680282054908352,HI-VAE_piecewise_diffusion
0.00818825178029688,0.9485023646873357,0.041219664254116016,0.482391356542617,0.20785120089788733,3.0,0.44508670520231214,0.6718804215513895,HI-VAE_piecewise_diffusion
0.005860216282192965,0.9621650026274303,0.051769301081942165,0.45288355342136855,0.1755486558288811,4.0,0.47398843930635837,0.6312040583920568,HI-VAE_piecewise_diffusion
0.006496727063272101,0.9579611140304781,0.043170219631067694,0.4971980792316927,0.10013396583039522,2.0,0.4393063583815029,0.6778220002626183,HI-VAE_piecewise_diffusion
0.006457967573900537,0.9653179190751445,0.02181618437113512,0.4680192076830732,0.11025080229307674,2.0,0.45664739884393063,0.6832605496179209,HI-VAE_piecewise_diffusion
0.006931117825648956,0.9626904887020494,0.017067089613478317,0.534076830732293,0.11475521662563583,2.0,0.4913294797687861,0.6595289132041464,HI-VAE_piecewise_diffusion
0.006366006488465436,0.9574356279558592,0.014878659783751842,0.470828331332533,0.11737182412886335,1.0,0.5028901734104047,0.6952868611217203,HI-VAE_piecewise_diffusion
0.006064201273950894,0.9658434051497635,0.021047090726992762,0.47987995198079225,0.0669368121198376,2.0,0.48554913294797686,0.6457275254891691,HI-VAE_piecewise_diffusion
0.008436582773015623,0.9474513925380976,0.03434079568735099,0.43372869147659066,0.11834610422999581,3.0,0.48554913294797686,0.6421997227685103,HI-VAE_piecewise_diffusion
0.007372333444866207,0.9584866001050972,0.020031858737612374,0.49500840336134455,0.10861483568615439,2.0,0.4797687861271676,0.659642063048273,HI-VAE_piecewise_diffusion
0.0048998667210764955,0.9679453494482395,0.02036487172333766,0.4566674669867948,0.16558017370618952,2.0,0.4913294797687861,0.6711064421284509,HI-VAE_piecewise_diffusion
0.006513304330182396,0.9647924330005254,0.013713717325525373,0.47747659063625447,0.12138520681223694,1.0,0.5375722543352601,0.6689476915407567,HI-VAE_piecewise_diffusion
0.007128198047689786,0.9590120861797161,0.027898945648337784,0.4517551020408163,0.154073430563552,2.0,0.5028901734104047,0.6613485989613884,HI-VAE_piecewise_diffusion
0.006251446942679825,0.9663688912243825,0.015010550877100681,0.44001680672268906,0.07643677883419207,1.0,0.42196531791907516,0.6561000894097438,HI-VAE_piecewise_diffusion
0.006468967830738025,0.9674198633736206,0.02200375207508574,0.4087322929171669,0.08702492848932555,1.0,0.5317919075144508,0.640223624304549,HI-VAE_piecewise_diffusion
0.00661398398951672,0.9595375722543354,0.03411507699773792,0.5019495798319328,0.11276768340806145,1.0,0.5144508670520231,0.6682808624977877,HI-VAE_piecewise_diffusion
0.00816022287965207,0.9532317393589068,0.01947289217634653,0.4918607442977191,0.09312240667029739,1.0,0.45664739884393063,0.6694138732419779,HI-VAE_piecewise_diffusion
0.007004829781356108,0.9584866001050972,0.01747146927381094,0.43256902761104443,0.07302698092840851,4.0,0.5433526011560693,0.6448609033644384,HI-VAE_piecewise_diffusion
0.005847450352662122,0.9679453494482395,0.034686982554755386,0.4393853541416567,0.1199601427280889,1.0,0.5375722543352601,0.6543373129649259,HI-VAE_piecewise_diffusion
0.006114520376421673,0.9616395165528112,0.013000986595391324,0.5026506602641057,0.11964344381929987,1.0,0.4797687861271676,0.6470626098178569,HI-VAE_piecewise_diffusion
0.005854865101103224,0.9668943772990015,0.01780176052689696,0.4710444177671068,0.13051623137898308,3.0,0.5549132947976878,0.6705357380543282,HI-VAE_piecewise_diffusion
0.00826710042524254,0.955333683657383,0.04394419321400776,0.4305474189675871,0.08736682927999002,3.0,0.5028901734104047,0.667976826602338,HI-VAE_piecewise_diffusion
0.0071285547188152725,0.9558591697320021,0.04011008659216142,0.4591644657863146,0.10569921520157097,2.0,0.4393063583815029,0.6589034317344542,HI-VAE_piecewise_diffusion
0.006790405732974811,0.9600630583289543,0.013103283935949199,0.4212869147659063,0.1360050441362984,1.0,0.5606936416184971,0.679554771486881,HI-VAE_piecewise_diffusion
0.0066321718643084235,0.9626904887020494,0.013259163795360518,0.44172869147659066,0.12383481380488019,3.0,0.5375722543352601,0.6719187238075502,HI-VAE_piecewise_diffusion
0.00678727348302739,0.9611140304781923,0.030091317111598525,0.4402881152460985,0.1306097205757371,1.0,0.5202312138728323,0.6513034689994769,HI-VAE_piecewise_diffusion
0.00654911726546616,0.9621650026274303,0.030659389585564665,0.4357262905162065,0.08986475843433218,3.0,0.48554913294797686,0.6575917835025044,HI-VAE_piecewise_diffusion
0.006830289462766175,0.9595375722543352,0.0434457978645054,0.5247442977190876,0.06991029639697875,2.0,0.4913294797687861,0.6736677189585837,HI-VAE_piecewise_diffusion
0.006457474825852381,0.9584866001050972,0.021172355661559984,0.46753181272509003,0.11263772463566873,2.0,0.4508670520231214,0.6388682857550422,HI-VAE_piecewise_diffusion
0.0071240425597864955,0.9621650026274303,0.016976461098293844,0.486905162064826,0.09767836271368355,2.0,0.48554913294797686,0.6770572183527603,HI-VAE_piecewise_diffusion
0.005352510163121904,0.9668943772990015,0.015635676914505313,0.4195054021608643,0.0945236374786353,1.0,0.5144508670520231,0.6521573341556101,HI-VAE_piecewise_diffusion
0.007336950470231862,0.9548081975827641,0.05046686935899655,0.44770468187274914,0.11648594769547903,2.0,0.45664739884393063,0.6711190730052448,HI-VAE_piecewise_diffusion
0.006334159449878271,0.9611140304781923,0.023699247751322084,0.40946458583433376,0.13994072147096517,2.0,0.4913294797687861,0.6888201680406845,HI-VAE_piecewise_diffusion
0.006171782372006723,0.9632159747766683,0.02614976100499866,0.544093637454982,0.1255719449500514,4.0,0.48554913294797686,0.6766804946078847,HI-VAE_piecewise_diffusion
0.005568420617524352,0.9658434051497636,0.03669393197652,0.4838991596638655,0.11450782478852033,3.0,0.4797687861271676,0.6424174763097144,HI-VAE_piecewise_diffusion
0.006020665413519934,0.9668943772990016,0.030853022661095526,0.3990828331332533,0.11691740056000703,1.0,0.5375722543352601,0.6892663864442772,HI-VAE_piecewise_diffusion
0.00621825061210256,0.9668943772990016,0.01774560197745949,0.3647731092436975,0.06642322878581874,1.0,0.5375722543352601,0.6834654193696771,HI-VAE_piecewise_diffusion
0.00471040880069029,0.9732002101944299,0.019175078203555386,0.476797118847539,0.09172637699603566,1.0,0.49710982658959535,0.6527212546535769,HI-VAE_piecewise_diffusion
0.006109447112449656,0.9632159747766685,0.03283662884111077,0.5344465786314526,0.1044642894718804,1.0,0.44508670520231214,0.6558635751754869,HI-VAE_piecewise_diffusion
0.008538178673143345,0.952706253284288,0.01866510476800186,0.48745258103241296,0.15845255644011683,2.0,0.5086705202312138,0.6469415881781504,HI-VAE_piecewise_diffusion
0.006660608022019011,0.9595375722543351,0.0383190739728869,0.5285162064825931,0.13270062619293496,3.0,0.4797687861271676,0.6758554304076273,HI-VAE_piecewise_diffusion
0.0038203570367638397,0.9753021544929059,0.02052699054128298,0.4018559423769508,0.06091364072700556,1.0,0.5664739884393064,0.6483804276790754,HI-VAE_piecewise_diffusion
0.007981156529426806,0.953231739358907,0.032910225807092394,0.4552869147659063,0.08449510387965449,3.0,0.5317919075144508,0.6630937590391461,HI-VAE_piecewise_diffusion
0.007472319962289421,0.9605885444035732,0.0351273726601715,0.5174165666266507,0.09863381395033077,2.0,0.49710982658959535,0.6728386880111018,HI-VAE_piecewise_diffusion
0.0068767814263130675,0.9621650026274303,0.02540902527978394,0.5000528211284514,0.07725633773735027,3.0,0.4624277456647399,0.6864308493642169,HI-VAE_piecewise_diffusion
0.006375939740189582,0.9621650026274305,0.024603019366076728,0.45412484993997604,0.14271892564426053,2.0,0.48554913294797686,0.6634349821432789,HI-VAE_piecewise_diffusion
0.006407279241212555,0.9632159747766683,0.017964901686228173,0.4035342136854741,0.15768734260206377,3.0,0.5144508670520231,0.6695626385095256,HI-VAE_piecewise_diffusion
0.007474149065504248,0.9579611140304783,0.033504298675490714,0.49507803121248506,0.189644192400438,2.0,0.5202312138728323,0.6687655293833016,HI-VAE_piecewise_diffusion
0.0063922070484629025,0.9548081975827639,0.04702342278311433,0.3924561824729892,0.1365691824320514,2.0,0.5433526011560693,0.6589162919398581,HI-VAE_piecewise_diffusion
0.006374279545096234,0.9621650026274305,0.018383681278599778,0.46171428571428574,0.10682430257694586,3.0,0.5202312138728323,0.6412233855216388,HI-VAE_piecewise_diffusion
0.006869645233700189,0.9595375722543352,0.01721550425529098,0.470170468187275,0.1265531267538209,2.0,0.4624277456647399,0.6643133854501208,HI-VAE_piecewise_diffusion
0.005879615352053908,0.9626904887020494,0.05224330164330412,0.43170228091236496,0.11270755272874175,5.0,0.4624277456647399,0.6566992974207604,HI-VAE_piecewise_diffusion
0.005683130493577258,0.9668943772990015,0.03520126274803952,0.49090996398559417,0.14448406208336637,1.0,0.49710982658959535,0.674825137836952,HI-VAE_piecewise_diffusion
0.0064069413188983645,0.9616395165528112,0.04235299392989229,0.4475174069627851,0.10926426677293599,3.0,0.4624277456647399,0.6688566378470888,HI-VAE_piecewise_diffusion
0.005975523253867498,0.9632159747766683,0.027428775648598948,0.44754861944777913,0.09632674542736509,2.0,0.41040462427745666,0.6421481028592909,HI-VAE_piecewise_diffusion
0.007750286630043262,0.954282711508145,0.019483399457476912,0.43267947178871546,0.07732165259392644,3.0,0.5144508670520231,0.6747038649784094,HI-VAE_piecewise_diffusion
0.007682762442169996,0.9574356279558592,0.018776296322044014,0.4153469387755101,0.13446363343700138,3.0,0.5433526011560693,0.6209755028139881,HI-VAE_piecewise_diffusion
0.006541122289533858,0.9621650026274303,0.029902130187970073,0.3977214885954382,0.17789562710499127,3.0,0.48554913294797686,0.651734061185879,HI-VAE_piecewise_diffusion
0.006850683476527075,0.9621650026274303,0.01841787979784653,0.48754861944777916,0.10280165191358825,1.0,0.4913294797687861,0.6528626699167271,HI-VAE_piecewise_diffusion
0.0052430826122456635,0.9695218076720967,0.012663830272639365,0.4489483793517407,0.06404213511571373,1.0,0.48554913294797686,0.6428766303078106,HI-VAE_piecewise_diffusion
0.006881715162118087,0.9569101418812401,0.05964928747917564,0.4712100840336134,0.10017878872629461,5.0,0.4913294797687861,0.6625776947504121,HI-VAE_piecewise_diffusion
0.00653047306962043,0.9611140304781925,0.020870553657802493,0.44399759903961583,0.21939076762490406,3.0,0.4624277456647399,0.687753931931143,HI-VAE_piecewise_diffusion
0.005752542645548143,0.9637414608512874,0.019777997354066795,0.4442689075630252,0.20317600085271717,3.0,0.5028901734104047,0.6756483808562116,HI-VAE_piecewise_diffusion
0.008057768398120292,0.9542827115081451,0.0432132586231846,0.4881368547418967,0.08630631953160167,4.0,0.4913294797687861,0.6563858277550163,HI-VAE_piecewise_diffusion
0.006854295790089035,0.9590120861797163,0.028919518559790365,0.5163841536614646,0.10393164671623054,3.0,0.48554913294797686,0.6582770141888494,HI-VAE_piecewise_diffusion
0.0074907212151397555,0.956384655806621,0.022049300380974586,0.48438895558223294,0.13638615851303426,1.0,0.48554913294797686,0.6716343556186515,HI-VAE_piecewise_diffusion
0.006819788899676587,0.9605885444035732,0.009566298575213773,0.48234333733493395,0.07229286801528073,2.0,0.49710982658959535,0.6669518534362675,HI-VAE_piecewise_diffusion
0.006860270376624319,0.9642669469259064,0.01644566136962995,0.47043937575030015,0.0971121295594024,2.0,0.5202312138728323,0.6518231760617349,HI-VAE_piecewise_diffusion
0.006558564329320957,0.9632159747766683,0.01855158880189112,0.44949819927971185,0.10009910703500927,1.0,0.49710982658959535,0.6800439325904867,HI-VAE_piecewise_diffusion
0.006633687420596809,0.956384655806621,0.04435303303586715,0.4928523409363746,0.12957729699002207,4.0,0.5028901734104047,0.6705634757169179,HI-VAE_piecewise_diffusion
0.006610033818698658,0.9595375722543352,0.019566041572337923,0.4974429771908763,0.09026606058383914,1.0,0.5202312138728323,0.6336801732983092,HI-VAE_piecewise_diffusion
0.007188761744586345,0.9595375722543352,0.01080780710153551,0.4385594237695078,0.0735719260254914,2.0,0.44508670520231214,0.6781787758903406,HI-VAE_piecewise_diffusion
0.0068821966789399365,0.9611140304781923,0.02716164857398222,0.3928139255702281,0.1105481342218511,1.0,0.5028901734104047,0.6553813581383775,HI-VAE_piecewise_diffusion
0.006638418767155635,0.9626904887020494,0.024313853060211988,0.47381512605042014,0.07168756188487378,1.0,0.47398843930635837,0.6552026737099488,HI-VAE_piecewise_diffusion
0.00533303317073014,0.9674198633736207,0.018859768633113456,0.41504441776710693,0.08524195133277412,1.0,0.5144508670520231,0.6476064096931627,HI-VAE_piecewise_diffusion
0.006969936732894724,0.9647924330005254,0.01352302568279932,0.41015606242497,0.11088031242354036,1.0,0.5144508670520231,0.6772272237252416,HI-VAE_piecewise_diffusion
0.005800625849106453,0.9679453494482396,0.013627691935727803,0.4257118847539016,0.11113265547839936,1.0,0.5202312138728323,0.6286771204025372,HI-VAE_piecewise_diffusion
0.005413873978919045,0.9684708355228587,0.0280798171846556,0.4267707082833133,0.090141279021913,3.0,0.4913294797687861,0.7018750239829247,HI-VAE_piecewise_diffusion
0.0060347493604889215,0.9658434051497635,0.027314644255345702,0.49290996398559417,0.11516735907049457,2.0,0.5317919075144508,0.6507272309749146,HI-VAE_piecewise_diffusion
0.007224676892745993,0.9584866001050972,0.04881589844827643,0.4591212484993997,0.1048097516550343,2.0,0.5433526011560693,0.6566972800698756,HI-VAE_piecewise_diffusion
0.006242652103049501,0.9621650026274303,0.019730404808851184,0.4678103241296519,0.11088335358517709,1.0,0.4508670520231214,0.679523060487303,HI-VAE_piecewise_diffusion
0.006745681246126909,0.9600630583289541,0.0236913523126311,0.5339039615846338,0.10408718290269874,4.0,0.4161849710982659,0.6598211305823689,HI-VAE_piecewise_diffusion
0.00771895299045721,0.953231739358907,0.02719544551532762,0.4943553421368548,0.0787899227657758,1.0,0.4624277456647399,0.6797339575126227,HI-VAE_piecewise_diffusion
0.006610508344363456,0.9653179190751444,0.01651024848587133,0.40130852340936374,0.0926463858772885,3.0,0.47398843930635837,0.6829031897216641,HI-VAE_piecewise_diffusion
0.007699404169982868,0.9574356279558592,0.01920464738731209,0.4845426170468188,0.11628495678294654,1.0,0.44508670520231214,0.6705941645574731,HI-VAE_piecewise_diffusion
0.007321980316565507,0.9558591697320021,0.057983118726328706,0.4648163265306122,0.11602550151719751,1.0,0.3988439306358382,0.6504062751644151,HI-VAE_piecewise_diffusion
0.008086950155365633,0.9537572254335259,0.043827459215054806,0.4749747899159664,0.11461747408991874,2.0,0.47398843930635837,0.6810205826021912,HI-VAE_piecewise_diffusion
0.0076530852997141454,0.9605885444035732,0.030949104497653045,0.4895558223289315,0.15290722837772106,2.0,0.4797687861271676,0.6611552671470281,HI-VAE_piecewise_diffusion
0.0057584234691413026,0.9637414608512874,0.03958889836836906,0.42746698679471784,0.13262001974688842,3.0,0.5491329479768786,0.6662016327892698,HI-VAE_piecewise_diffusion
0.007048833414255803,0.958486600105097,0.028424897545370684,0.5299111644657863,0.10385426154321838,3.0,0.5433526011560693,0.6753691074453805,HI-VAE_piecewise_diffusion
0.006427761298750467,0.9611140304781923,0.04130702343110794,0.48861464585834335,0.12174484209247158,1.0,0.4797687861271676,0.668208049450831,HI-VAE_piecewise_diffusion
0.005907038146357162,0.9653179190751445,0.024486547186611602,0.4489267707082833,0.10352478355946636,2.0,0.42196531791907516,0.660968885938336,HI-VAE_piecewise_diffusion
0.00717642585548055,0.9590120861797163,0.03359812115056964,0.5069675870348138,0.12782171299882727,2.0,0.43352601156069365,0.6433257867365719,HI-VAE_piecewise_diffusion
0.006744277856500106,0.9626904887020494,0.037191519001375246,0.4341968787515006,0.11680018263745841,3.0,0.47398843930635837,0.6625375197299005,HI-VAE_piecewise_diffusion
0.005905006720977007,0.9679453494482395,0.01915516464004231,0.4237430972388956,0.06594541430586565,3.0,0.49710982658959535,0.6712384542742709,HI-VAE_piecewise_diffusion
0.004663895204969134,0.9721492380451917,0.03926846684549034,0.4637767106842737,0.13676983860087613,1.0,0.4913294797687861,0.6393698341410824,HI-VAE_piecewise_diffusion
0.00669141352023912,0.9590120861797163,0.044182508572004627,0.45660504201680674,0.10400357390582801,2.0,0.5086705202312138,0.6591284627030767,HI-VAE_piecewise_diffusion
0.005308966722717559,0.9689963215974777,0.014929645473240657,0.4155414165666267,0.14711809062157594,2.0,0.5086705202312138,0.6405187817480625,HI-VAE_piecewise_diffusion
0.006524806749680362,0.9611140304781923,0.02525828775111262,0.5084177671068427,0.07694303254317046,3.0,0.49710982658959535,0.6634907470113608,HI-VAE_piecewise_diffusion
0.009910454681687964,0.9464004203888596,0.016171164426274313,0.42897959183673473,0.12013323261303718,2.0,0.5086705202312138,0.6854423916258071,HI-VAE_piecewise_diffusion
0.00609545509776312,0.9621650026274303,0.012594495993736219,0.445858343337335,0.16086983022383092,2.0,0.49710982658959535,0.6690507323536263,HI-VAE_piecewise_diffusion
0.007694193231284566,0.9569101418812401,0.027661041097592078,0.4270756302521009,0.11996694542522549,3.0,0.5722543352601156,0.6648706426082961,HI-VAE_piecewise_diffusion
0.005677810028727821,0.9642669469259065,0.018836823933452845,0.4860360144057623,0.13896276940226887,2.0,0.4913294797687861,0.6741973484013113,HI-VAE_piecewise_diffusion
0.007438256075317112,0.9611140304781922,0.05992444204690054,0.4402833133253301,0.10676570558432917,3.0,0.47398843930635837,0.6573355659179325,HI-VAE_piecewise_diffusion
0.007906907227687316,0.9590120861797161,0.02757537995841437,0.45870348139255696,0.12476155928756738,1.0,0.4161849710982659,0.6623525477300793,HI-VAE_piecewise_diffusion
0.006969216706938289,0.9584866001050972,0.04531180086583317,0.4530180072028812,0.11768212553790527,2.0,0.4682080924855491,0.6585433484864581,HI-VAE_piecewise_diffusion
0.0073350497632776405,0.9590120861797163,0.013553957122113968,0.476561824729892,0.14713743966199047,1.0,0.48554913294797686,0.6705063298427394,HI-VAE_piecewise_diffusion
0.005782419703943841,0.9668943772990016,0.02392389930410225,0.49024249699879957,0.12152226327212963,2.0,0.5086705202312138,0.6471869582761457,HI-VAE_piecewise_diffusion
0.005582722856001372,0.9642669469259065,0.010639494810645906,0.47511164465786315,0.14415094939243814,3.0,0.48554913294797686,0.6264203348721369,HI-VAE_piecewise_diffusion
0.00560395108453517,0.9653179190751444,0.027476734714116057,0.48417767106842735,0.13541773952111238,1.0,0.4508670520231214,0.6784010887984393,HI-VAE_piecewise_diffusion
0.007508652246345934,0.9563846558066212,0.04412082026111181,0.5165138055222089,0.18276582474829578,2.0,0.4913294797687861,0.6675319690907552,HI-VAE_piecewise_diffusion
0.006569870927201854,0.9605885444035734,0.066490782070445,0.4710348139255702,0.17408888628738617,3.0,0.5491329479768786,0.6592115745509016,HI-VAE_piecewise_diffusion
0.005712183266940402,0.9716237519705728,0.02166680925592509,0.4147130852340936,0.08954425274371078,2.0,0.5086705202312138,0.6466497707525612,HI-VAE_piecewise_diffusion
0.0059043636188331975,0.9658434051497635,0.02379566713893423,0.41755342136854734,0.16853100431925724,3.0,0.5664739884393064,0.6683426405101659,HI-VAE_piecewise_diffusion
0.005458195093125428,0.9705727798213346,0.015112111562321947,0.43234813925570237,0.06971627800380446,2.0,0.5838150289017341,0.660683695622491,HI-VAE_piecewise_diffusion
0.007573378789986959,0.9590120861797163,0.038244098776443726,0.5159255702280913,0.08671365581089673,1.0,0.4508670520231214,0.6632633700016933,HI-VAE_piecewise_diffusion
0.007792253843851257,0.957435627955859,0.02959320484229222,0.5011452581032414,0.09716510725150897,1.0,0.4682080924855491,0.6130825336501101,HI-VAE_piecewise_diffusion
0.007944654935632624,0.956384655806621,0.019871002149019226,0.42878031212484985,0.11759579835610977,3.0,0.4797687861271676,0.6347796822203962,HI-VAE_piecewise_diffusion
0.005958615687576257,0.9674198633736207,0.017292229711261906,0.4445186074429772,0.07855999925217791,1.0,0.49710982658959535,0.6653324435938535,HI-VAE_piecewise_diffusion
0.0066402215694179,0.9621650026274303,0.01607074081680287,0.4384921968787515,0.12659968374508382,1.0,0.5144508670520231,0.6573891257541762,HI-VAE_piecewise_diffusion
0.006701503510952819,0.9605885444035732,0.04576535269167373,0.5271068427370948,0.07579239453162408,1.0,0.43352601156069365,0.6511887399851909,HI-VAE_piecewise_diffusion
0.006500831876526721,0.9684708355228586,0.019539328771013477,0.465875150060024,0.11361021089816968,1.0,0.5028901734104047,0.6788893344571493,HI-VAE_piecewise_diffusion
0.006238770983515241,0.9679453494482396,0.008097469328660222,0.42054501800720284,0.11740087793534854,3.0,0.49710982658959535,0.6541603178323316,HI-VAE_piecewise_diffusion
0.008485301874250686,0.9516552811350499,0.0335669121463438,0.5024153661464587,0.11704580149580626,4.0,0.4624277456647399,0.6391984595497217,HI-VAE_piecewise_diffusion
0.00958922104785414,0.9490278507619547,0.017011535347341344,0.46293877551020407,0.09994698998377236,1.0,0.4393063583815029,0.6698243347894233,HI-VAE_piecewise_diffusion
0.005150161066610489,0.9653179190751445,0.06096835722058245,0.440422569027611,0.15211967627578338,4.0,0.5028901734104047,0.6468128364694905,HI-VAE_piecewise_diffusion
0.006495038232092104,0.9642669469259064,0.01938345702395668,0.4476926770708284,0.10468037638312264,4.0,0.4913294797687861,0.6739560657373075,HI-VAE_piecewise_diffusion
0.006043250088707679,0.9637414608512874,0.03810193055961759,0.47478031212484995,0.09788496541813164,3.0,0.4393063583815029,0.6497242532374383,HI-VAE_piecewise_diffusion
0.006924389556984532,0.9584866001050972,0.03011396436080908,0.4998031212484994,0.09365813539391782,2.0,0.3930635838150289,0.67454284691003,HI-VAE_piecewise_diffusion
0.00658728752116003,0.9642669469259065,0.022508863281602703,0.43368307322929167,0.07502759823615347,3.0,0.5260115606936416,0.6695803127186656,HI-VAE_piecewise_diffusion
0.005691928432800666,0.9658434051497635,0.02844872647674583,0.42998079231692676,0.1398734841289932,3.0,0.4682080924855491,0.652791679541033,HI-VAE_piecewise_diffusion
0.008914038221477042,0.949027850761955,0.02775491939761464,0.4757070828331333,0.09351283084137745,1.0,0.43352601156069365,0.6571960788495611,HI-VAE_piecewise_diffusion
0.0069437604803951605,0.9595375722543351,0.038421027300713756,0.47617767106842745,0.158781048058872,2.0,0.47398843930635837,0.658091296635014,HI-VAE_piecewise_diffusion
0.006893953958972593,0.9595375722543354,0.03958494788832922,0.4601584633853541,0.08189592468568688,3.0,0.5491329479768786,0.6568887838091418,HI-VAE_piecewise_diffusion
0.00629269099994098,0.9521807672096688,0.02353406030077028,0.5241008403361345,0.18399597679987684,2.0,0.45664739884393063,0.6498249648643937,HI-VAE_piecewise_diffusion
0.006248238738583048,0.9637414608512873,0.01916189745980344,0.41189435774309724,0.0761310229880606,2.0,0.5260115606936416,0.6787682642813471,HI-VAE_piecewise_diffusion
0.005754478077695521,0.9674198633736206,0.02063027328630533,0.47727731092436976,0.07559270755489,1.0,0.4624277456647399,0.6629684127399078,HI-VAE_piecewise_diffusion
0.008044324231689891,0.9605885444035732,0.019106091006405302,0.44604561824729894,0.10449320223366261,2.0,0.5086705202312138,0.649166262739741,HI-VAE_piecewise_diffusion
0.005646525369920969,0.9689963215974775,0.015074891287780607,0.4620840336134454,0.10626652072924601,1.0,0.44508670520231214,0.6695907275756254,HI-VAE_piecewise_diffusion
0.007287827249479745,0.956384655806621,0.03620538211892376,0.47973589435774305,0.09155601931398147,2.0,0.4913294797687861,0.6559593671248812,HI-VAE_piecewise_diffusion
0.0064238966802223265,0.9653179190751444,0.016509203469936326,0.4199087635054021,0.11041388316608196,2.0,0.49710982658959535,0.6442938709609419,HI-VAE_piecewise_diffusion
0.004469766876799718,0.9705727798213348,0.04488431377348245,0.40360144057623054,0.1128122276389781,5.0,0.5260115606936416,0.6646255561097455,HI-VAE_piecewise_diffusion
0.0063705683568647704,0.9632159747766683,0.03164106695472228,0.4706362545018007,0.058172132016714534,1.0,0.5202312138728323,0.6830795568672166,HI-VAE_piecewise_diffusion
0.005825151106320998,0.9611140304781923,0.029896453984468416,0.4544921968787515,0.12296010356183755,2.0,0.5144508670520231,0.6562366570731193,HI-VAE_piecewise_diffusion
0.00664191028353123,0.9632159747766683,0.033600493536008975,0.4967923169267707,0.09108185151411394,2.0,0.4277456647398844,0.6358032662423325,HI-VAE_piecewise_diffusion
0.006772846953311164,0.9621650026274303,0.046153398090461824,0.4175942376950781,0.09409712716054015,3.0,0.5144508670520231,0.6494734732062953,HI-VAE_piecewise_diffusion
0.005110153117623811,0.9689963215974775,0.03208067709180258,0.5379615846338535,0.17266737306638621,3.0,0.4624277456647399,0.6776152134109524,HI-VAE_piecewise_diffusion
