J-S distance,KS test,Survival curves distance,Detection XGB,NSND,K-map score,Identifiability score,NNDR,generator
0.006940392283636839,0.9535984848484849,0.023361176549193056,0.5914056396050855,0.08364528157439638,2.0,0.5052083333333334,0.8000809605824872,HI-VAE_weibull
0.007099693939841589,0.9507575757575757,0.01690639246011182,0.497698700191775,0.10433643589064286,4.0,0.5520833333333334,0.7979454968478662,HI-VAE_weibull
0.007732205851498014,0.9540719696969696,0.017676572428152768,0.5758612117337879,0.17127908815455192,1.0,0.53125,0.7876817918497037,HI-VAE_weibull
0.006997372897079409,0.9474431818181818,0.016479024179975044,0.5419454506712125,0.11947574832520069,5.0,0.5104166666666666,0.7961344276296638,HI-VAE_weibull
0.008951549836032649,0.9441287878787878,0.01389289009780618,0.5691668442360964,0.14344081671623396,1.0,0.4479166666666667,0.7995480228823073,HI-VAE_weibull
0.007164104773597915,0.953125,0.02214159037396796,0.5276084949215143,0.10632957616620646,1.0,0.53125,0.8013044691395962,HI-VAE_weibull
0.007238390850932913,0.949810606060606,0.013847565542314687,0.5688117053768023,0.12065020328786456,1.0,0.5,0.7888557363417131,HI-VAE_weibull
0.0076306003847372884,0.9446022727272727,0.03399523628407655,0.5501278499893459,0.10315066028488389,1.0,0.4791666666666667,0.801003047087467,HI-VAE_weibull
0.009409315880750847,0.9460227272727271,0.02788877702798498,0.5427587186589957,0.13177504240983073,1.0,0.515625,0.7974181513541492,HI-VAE_weibull
0.00689461533861473,0.9479166666666667,0.008228183581368075,0.601360181831096,0.14649350005969988,1.0,0.4895833333333333,0.8062090348766201,HI-VAE_weibull
0.007742380731386026,0.9502840909090909,0.017987143833871396,0.4934050713829107,0.10955881650940362,4.0,0.4895833333333333,0.7916695024221396,HI-VAE_weibull
0.007059104489940487,0.9464962121212122,0.019476536337816062,0.5573655799417573,0.13235034975617088,1.0,0.515625,0.7888102840115641,HI-VAE_weibull
0.009161147913106,0.9408143939393938,0.027072412422089517,0.5868634135947156,0.17703498925888192,1.0,0.4583333333333333,0.7993729663813914,HI-VAE_weibull
0.010509809948053674,0.9346590909090909,0.06778674673652352,0.5449108601463172,0.10794838918434535,2.0,0.4791666666666667,0.799953021676819,HI-VAE_weibull
0.008097502692890291,0.9488636363636364,0.025116779327437222,0.5197705802968962,0.230781269789457,2.0,0.5885416666666666,0.8033091585689701,HI-VAE_weibull
0.005560451602420378,0.9602272727272727,0.00843817914596508,0.5542581149229349,0.22606993343169232,1.0,0.5052083333333334,0.8067385515995105,HI-VAE_weibull
0.006574317067224655,0.9583333333333333,0.020974761555746724,0.5488457987072946,0.10084292827162859,3.0,0.5364583333333334,0.803881387939774,HI-VAE_weibull
0.008530215408803476,0.9483901515151515,0.018027628677091657,0.5654520917678811,0.13744098527417056,1.0,0.4739583333333333,0.8006480395397149,HI-VAE_weibull
0.008022771924481044,0.9512310606060606,0.03308324183633341,0.5881525676539526,0.20323356232668885,2.0,0.5052083333333334,0.8120014334767625,HI-VAE_weibull
0.00881243461464525,0.9379734848484848,0.023659871682231312,0.597641877974288,0.10984227917267668,1.0,0.546875,0.8007353545516792,HI-VAE_weibull
0.009083667887477278,0.9446022727272727,0.03234913086877455,0.47333262305561474,0.11016378063664463,1.0,0.515625,0.7923085611795164,HI-VAE_weibull
0.007342515994496363,0.9521780303030304,0.01543487054441033,0.5401733077633354,0.19538348091872756,1.0,0.484375,0.8118160455827877,HI-VAE_weibull
0.008443317655328013,0.9469696969696971,0.022104001341802695,0.5930889977981391,0.13874007136850008,1.0,0.484375,0.806903964796297,HI-VAE_weibull
0.007110863701618723,0.9517045454545454,0.022337222940652914,0.5071205341288444,0.1329827567876435,1.0,0.5,0.8042347522829333,HI-VAE_weibull
0.00877341156562473,0.949810606060606,0.05233591939815237,0.5169472263655089,0.19383553789299166,1.0,0.4791666666666667,0.8041355545394172,HI-VAE_weibull
0.0076714405210355,0.9512310606060606,0.037026447279240635,0.5670821791320406,0.12290286259516785,1.0,0.4583333333333333,0.7928054795927425,HI-VAE_weibull
0.007828323375787524,0.9469696969696969,0.0156247682828556,0.5582250159812487,0.09643239953217571,3.0,0.5364583333333334,0.789227365486091,HI-VAE_weibull
0.008070669436900813,0.9488636363636364,0.04040200677555967,0.5488422473187016,0.10619051846469024,2.0,0.453125,0.7919229398307058,HI-VAE_weibull
0.008244130570201224,0.9521780303030302,0.025472350147426766,0.5244477590737978,0.2501890159949425,1.0,0.4947916666666667,0.802817015567808,HI-VAE_weibull
0.0075793116550969515,0.949810606060606,0.024270402326413747,0.596338518360679,0.13869153828514072,1.0,0.46875,0.8054737867607847,HI-VAE_weibull
0.00811634309147412,0.9474431818181818,0.03830178694376152,0.528396903189147,0.07566762119686582,1.0,0.5,0.8024194846898541,HI-VAE_weibull
0.006677583295613778,0.9545454545454546,0.02412384072956836,0.5636586405284467,0.2563037805851806,1.0,0.4791666666666667,0.8052051182852646,HI-VAE_weibull
0.006759302976304315,0.9479166666666667,0.021694456095332076,0.5819376376163079,0.21178159316149978,1.0,0.46875,0.7940739105294995,HI-VAE_weibull
0.007998147527524343,0.9502840909090909,0.016884154642470527,0.4902301299808225,0.16461776840626619,2.0,0.5208333333333334,0.8075428432598538,HI-VAE_weibull
0.009387012952876876,0.9417613636363636,0.01389440147993255,0.5752255131756516,0.12809044348445683,1.0,0.4947916666666667,0.7948726453499853,HI-VAE_weibull
0.0069672710474068915,0.9483901515151516,0.024488161132246573,0.5842886568648341,0.14906504460904532,1.0,0.4635416666666667,0.7923754848704225,HI-VAE_weibull
0.008685099451245059,0.9493371212121211,0.021143590334018247,0.5241174799346545,0.08950499279022295,2.0,0.515625,0.7877946140801534,HI-VAE_weibull
0.008921199790087458,0.9502840909090909,0.036401305742144105,0.5497443000213084,0.16004995734267138,1.0,0.46875,0.8190425227518572,HI-VAE_weibull
0.007335954894061411,0.9521780303030304,0.023905017486355047,0.5334505291569004,0.20130340069618793,2.0,0.5,0.8075064476779897,HI-VAE_weibull
0.007902476300026329,0.9427083333333333,0.017204362398475226,0.5652745223382342,0.12610529226366696,2.0,0.5416666666666666,0.7915791912485384,HI-VAE_weibull
0.008602515961855958,0.946496212121212,0.01962785075398227,0.5133319127778961,0.09790906857784987,4.0,0.4583333333333333,0.806655121021741,HI-VAE_weibull
0.009693293767603977,0.9403409090909091,0.014246927119755198,0.5991263584061368,0.09963742061276142,2.0,0.4375,0.8141589488014285,HI-VAE_weibull
0.007575569383765531,0.9493371212121212,0.0173151707631528,0.5226045883940621,0.17642828717574965,1.0,0.46875,0.7893413790572446,HI-VAE_weibull
0.008290813710058978,0.9507575757575757,0.03519156799568017,0.5327402514383124,0.142477430675819,1.0,0.4947916666666667,0.8033141752090686,HI-VAE_weibull
0.0063435330972295275,0.9540719696969696,0.009074404543709814,0.526386817245543,0.10427155110459956,2.0,0.5,0.8082286705058968,HI-VAE_weibull
0.008212231934537927,0.9460227272727273,0.015577980236304832,0.5873037857802401,0.11046810272878166,2.0,0.4375,0.814354390029171,HI-VAE_weibull
0.00718564340209581,0.9569128787878788,0.019028499076118466,0.4971233752397187,0.21994691502313476,1.0,0.515625,0.7967079770902503,HI-VAE_weibull
0.008685671442466281,0.9422348484848484,0.022995232607972572,0.5254101853824846,0.0985226718445432,1.0,0.515625,0.8011823399118577,HI-VAE_weibull
0.008532223705926312,0.9493371212121212,0.0299810287794584,0.5426095603380923,0.18576113743891484,1.0,0.5104166666666666,0.8102073874204871,HI-VAE_weibull
0.008600807902920336,0.9398674242424242,0.02342809434214699,0.5330137083599686,0.14620360916294062,1.0,0.4739583333333333,0.8105216820291423,HI-VAE_weibull
0.007450537709685985,0.9531249999999999,0.023730569761503385,0.5417820867959372,0.11912146285240537,1.0,0.5,0.7986596663210609,HI-VAE_weibull
0.00800906452824898,0.9483901515151515,0.021322824757195352,0.5686199303927835,0.2524228045531945,1.0,0.453125,0.8025943382368937,HI-VAE_weibull
0.007351939782661591,0.9488636363636362,0.02027375331112211,0.5415974145891044,0.1696525110911861,1.0,0.4947916666666667,0.813539021735666,HI-VAE_weibull
0.0065850686843189335,0.9526515151515151,0.01918722493254108,0.5375594857589318,0.129503923977788,2.0,0.5,0.8137824491352008,HI-VAE_weibull
0.007673157808358322,0.9507575757575758,0.03887162257633082,0.5121315434334826,0.15787716053826886,1.0,0.5833333333333334,0.7892907067298177,HI-VAE_weibull
0.0077431993312531205,0.9521780303030304,0.04063833208932448,0.5803182044179274,0.1030428799688386,3.0,0.4895833333333333,0.7989410534132448,HI-VAE_weibull
0.006185026819032311,0.9592803030303031,0.020056243700385445,0.5242169188152567,0.11087673304817847,3.0,0.453125,0.7959853268051632,HI-VAE_weibull
0.007751269012237597,0.9483901515151515,0.01995665173902346,0.5542687690887137,0.21231328916358816,1.0,0.4895833333333333,0.8087348512242793,HI-VAE_weibull
0.008208495293236116,0.9446022727272727,0.02396144105891514,0.5363804247460757,0.10422476635062423,1.0,0.5,0.8041343080203891,HI-VAE_weibull
0.008271537563223776,0.949810606060606,0.030015925011495637,0.5651644292918532,0.12937539544418178,1.0,0.5260416666666666,0.8032054221656342,HI-VAE_weibull
0.007005160538926835,0.9488636363636364,0.01759923870119213,0.5781376518218624,0.18899320380202858,1.0,0.4947916666666667,0.8117176486303033,HI-VAE_weibull
0.00860140845181419,0.949810606060606,0.01934530198562151,0.5495454222601037,0.17492344652360947,2.0,0.5,0.7978112064398153,HI-VAE_weibull
0.008125108804883456,0.9455492424242423,0.01176242929535838,0.5277825129625684,0.22587417586389927,1.0,0.453125,0.7939103482316971,HI-VAE_weibull
0.008161969166995997,0.9483901515151516,0.03915153215987993,0.5129235030897081,0.12278280879420367,1.0,0.5,0.7973587883493372,HI-VAE_weibull
0.007153665088775854,0.9507575757575758,0.051544237981512614,0.5159279778393351,0.21339805157032912,1.0,0.4635416666666667,0.8024037227945554,HI-VAE_weibull
0.00739278919910048,0.9526515151515151,0.02120826372613491,0.5206300163363875,0.10652774372502112,1.0,0.515625,0.7943329015997624,HI-VAE_weibull
0.007633652815328331,0.9450757575757575,0.029803024837989623,0.5177711485190709,0.13618092535313678,1.0,0.5677083333333334,0.8041927712217213,HI-VAE_weibull
0.00796322502929747,0.9441287878787878,0.01679669791541517,0.5964308544640955,0.1823606641288973,1.0,0.4791666666666667,0.8096456959397385,HI-VAE_weibull
0.00807491325433295,0.9446022727272727,0.02938978404497671,0.5864976205696427,0.1330232368031066,2.0,0.484375,0.8069936292818594,HI-VAE_weibull
0.008088946750002449,0.9469696969696969,0.03757213076999556,0.5683997443000213,0.2588096904584975,1.0,0.4791666666666667,0.7943399339354058,HI-VAE_weibull
0.007852992827790797,0.9521780303030302,0.031952929178236146,0.5634100433269408,0.10298998925350093,1.0,0.5,0.8087094127870517,HI-VAE_weibull
0.006996909023653076,0.9526515151515151,0.015069613830675057,0.4662511542012927,0.16398777622726154,1.0,0.5364583333333334,0.8040270093909904,HI-VAE_weibull
0.010253647947259756,0.9360795454545456,0.017671072526275852,0.6367178066624051,0.23818258261882508,1.0,0.4947916666666667,0.7993440222646842,HI-VAE_weibull
0.005796378034055017,0.9550189393939394,0.0081828085423658,0.5123659350806165,0.09081311228780166,3.0,0.515625,0.8105476263959371,HI-VAE_weibull
0.007065987679495825,0.9535984848484849,0.0282971092628614,0.5508345763193409,0.08424074892649143,2.0,0.5208333333333334,0.7996355969869607,HI-VAE_weibull
0.007772732045841706,0.9498106060606062,0.0170363046197228,0.5029263442005825,0.14692152589045002,2.0,0.53125,0.7947458691083359,HI-VAE_weibull
0.008432577968585002,0.9446022727272729,0.02479168538446948,0.5636479863626678,0.10107990578699015,1.0,0.4895833333333333,0.7860140188781459,HI-VAE_weibull
0.009282377149881116,0.9436553030303029,0.01850041631665105,0.5229313161446126,0.10877103443455789,3.0,0.53125,0.8019735535239231,HI-VAE_weibull
0.007386523835825844,0.9583333333333333,0.03253166206170102,0.5387563037147525,0.22222731602414839,1.0,0.4635416666666667,0.8049705934273289,HI-VAE_weibull
0.009640041676382704,0.9412878787878789,0.02433302945695721,0.5813907237729952,0.0874909200892849,2.0,0.46875,0.8077777451344341,HI-VAE_weibull
0.009002173208635179,0.9469696969696971,0.03747175531304276,0.5768911144257405,0.12115669155012021,1.0,0.4791666666666667,0.8029073654886649,HI-VAE_weibull
0.00747271036196323,0.9507575757575758,0.024917736745252505,0.5237907521841041,0.09423026532653724,2.0,0.4791666666666667,0.8080340287668872,HI-VAE_weibull
0.007066455944935574,0.9578598484848484,0.011379875160473034,0.5101179061012856,0.12803941963222287,1.0,0.5260416666666666,0.8062471084270927,HI-VAE_weibull
0.006308347764079697,0.9550189393939394,0.016396303790644474,0.4624831309041835,0.10452995821109072,4.0,0.5208333333333334,0.7949807121510089,HI-VAE_weibull
0.006631993097052544,0.9588068181818182,0.022486256315365424,0.6309041835357625,0.10152567947567111,2.0,0.5,0.8091081997852368,HI-VAE_weibull
0.00843664032978119,0.9512310606060606,0.03848870466634296,0.6084132395766745,0.10911981306480108,1.0,0.46875,0.8098109731828672,HI-VAE_weibull
0.008748189605189598,0.9464962121212122,0.02815728794472649,0.5478833723986078,0.20243795662818306,1.0,0.5364583333333334,0.8002042456855866,HI-VAE_weibull
0.008619560674136587,0.9469696969696969,0.03546399015498677,0.586188649762057,0.12249074091744,1.0,0.4583333333333333,0.8015928660719926,HI-VAE_weibull
0.009159718499893598,0.9441287878787878,0.02880216623435201,0.5625648128418211,0.17457128455663787,1.0,0.5260416666666666,0.7934768590475394,HI-VAE_weibull
0.008666953963684741,0.9469696969696969,0.017525229035528767,0.518122735989772,0.13639969213689693,1.0,0.4635416666666667,0.791994235606224,HI-VAE_weibull
0.009536016966929297,0.9422348484848485,0.02178255618918881,0.5747886923787201,0.26573223399845625,1.0,0.4739583333333333,0.8000187217807275,HI-VAE_weibull
0.00618773652413477,0.9592803030303031,0.012512477155214523,0.5502450458129128,0.1698647826744346,1.0,0.4479166666666667,0.8035193277970833,HI-VAE_weibull
0.007777016585479685,0.9502840909090909,0.013071078202173023,0.530463811350238,0.10388656639858995,2.0,0.5052083333333334,0.7983267103010041,HI-VAE_weibull
0.007306395297003856,0.9550189393939394,0.020638877701337165,0.5437104908019036,0.13373563473993058,4.0,0.5052083333333334,0.7947934757977074,HI-VAE_weibull
0.008198434155683028,0.946496212121212,0.011597266578971853,0.5676965693586192,0.16321528964321733,1.0,0.5260416666666666,0.8029982492135989,HI-VAE_weibull
0.00924438850968218,0.9389204545454547,0.015998300567278224,0.5627139711627246,0.12028982719806436,1.0,0.5208333333333334,0.806805765815486,HI-VAE_weibull
0.008019646201484574,0.9474431818181817,0.038002280413786615,0.6015306484835571,0.12946168805941152,1.0,0.4791666666666667,0.8072029965020592,HI-VAE_weibull
0.00660902943973069,0.9521780303030302,0.03491884717337085,0.567824419347965,0.1866271579069081,2.0,0.5260416666666666,0.8045442777385684,HI-VAE_weibull
0.007501493816721897,0.9488636363636364,0.029088891123672387,0.5593756658853611,0.11285149866853877,2.0,0.5260416666666666,0.8156156500722839,HI-VAE_weibull
0.007679683036215541,0.9469696969696969,0.026583607901646326,0.5625932239505647,0.20757043050875065,1.0,0.46875,0.807675171126578,HI-VAE_weibull
0.00801673054375325,0.9479166666666665,0.02537216087958678,0.5668087222103843,0.2042352245166851,2.0,0.4895833333333333,0.7992065889372291,HI-VAE_weibull
0.006933416212987111,0.946496212121212,0.010423648484645503,0.547876269621422,0.21098020561214345,1.0,0.5052083333333334,0.8118915721806015,HI-VAE_weibull
0.007525657672615712,0.9564393939393938,0.013797136399432721,0.5205483343987499,0.12921067444594989,1.0,0.53125,0.7904404244358094,HI-VAE_weibull
0.006555510230059872,0.9521780303030304,0.010686896978749175,0.5353292137225655,0.11079687603521844,2.0,0.4479166666666667,0.7926061951349963,HI-VAE_weibull
0.005810490962478231,0.963068181818182,0.013258672275789802,0.5260387811634348,0.2154770569982755,2.0,0.5208333333333334,0.8028761119339258,HI-VAE_weibull
0.007791050050129711,0.9502840909090909,0.025879173815963538,0.5624724767384046,0.09560702338621667,2.0,0.4895833333333333,0.8099039258554389,HI-VAE_weibull
0.00788547326322592,0.9493371212121212,0.01860474006643231,0.42321187584345477,0.09391056551615277,2.0,0.5260416666666666,0.8093934300525194,HI-VAE_weibull
0.008804937104395859,0.9455492424242425,0.02216512460944638,0.5966545919454507,0.1126964485263509,3.0,0.46875,0.7994358684211472,HI-VAE_weibull
0.007791037109927333,0.9460227272727273,0.019454581686401677,0.5548725051495135,0.10332820740983967,2.0,0.4739583333333333,0.798980793584973,HI-VAE_weibull
0.007220219715277848,0.9535984848484848,0.027268309758350377,0.5665707791746573,0.1425881326776495,1.0,0.4635416666666667,0.8016206512899945,HI-VAE_weibull
0.007738600111542965,0.9493371212121211,0.027079237751151283,0.5416968534697066,0.1376522278827598,1.0,0.4739583333333333,0.8064874605316774,HI-VAE_weibull
0.007635514116653372,0.9507575757575758,0.013110943751494025,0.5673982527168123,0.12772500629865138,3.0,0.4947916666666667,0.811302451414273,HI-VAE_weibull
0.005772331791205187,0.959753787878788,0.006900220573940949,0.557617728531856,0.12085035467531878,1.0,0.484375,0.7974470793847008,HI-VAE_weibull
0.008769312391852085,0.9436553030303031,0.019610186644198703,0.5183251651395696,0.2346229956651911,1.0,0.5052083333333334,0.798286559589877,HI-VAE_weibull
0.00895366324279292,0.9474431818181818,0.023146548263823036,0.5640244335535194,0.12250789107949962,1.0,0.40625,0.7912570190336813,HI-VAE_weibull
0.008429696962874584,0.9474431818181818,0.06248310354164647,0.5640528446622628,0.1235645443517726,1.0,0.4947916666666667,0.7995776563262025,HI-VAE_weibull
0.008059119138186834,0.9479166666666667,0.017051592862893192,0.4833901555508203,0.15323055422780854,2.0,0.53125,0.8037396897127527,HI-VAE_weibull
0.008197139255037083,0.9517045454545454,0.01836756528377693,0.5619965906669508,0.10498584102487886,1.0,0.4947916666666667,0.7965076871181282,HI-VAE_weibull
0.009025697466429032,0.9412878787878789,0.026859159247141134,0.5830101569713758,0.11996988082908046,1.0,0.4635416666666667,0.8021186721229651,HI-VAE_weibull
0.005967472928926306,0.9578598484848484,0.013264130957885239,0.5707294552169898,0.09465023717059573,1.0,0.515625,0.7890065599805365,HI-VAE_weibull
0.00825580403084497,0.9517045454545454,0.011924997405547725,0.52939129199517,0.11492624354942842,2.0,0.5364583333333334,0.7941219626335329,HI-VAE_weibull
0.006537147972799432,0.9602272727272727,0.018202040403519776,0.518825910931174,0.12352171368722764,2.0,0.5208333333333334,0.8139953911918829,HI-VAE_weibull
0.006141396540852578,0.9569128787878789,0.028705983766552784,0.573790752184104,0.20969957618409532,1.0,0.5,0.8024321077911786,HI-VAE_weibull
0.0076794056033365286,0.9474431818181818,0.016313103120426217,0.5931103061296967,0.11333532853513817,2.0,0.484375,0.8015072666359178,HI-VAE_weibull
0.006989038326361235,0.9474431818181818,0.019221703696354557,0.5354428581575397,0.1895924836905077,1.0,0.5,0.794193410697684,HI-VAE_weibull
0.008940642792130546,0.9417613636363636,0.018795630618829825,0.5546132537822289,0.11428417496486447,1.0,0.5104166666666666,0.8030574824624721,HI-VAE_weibull
0.008191276059461473,0.9526515151515151,0.0216579992346706,0.5283649406918105,0.2172590486724724,2.0,0.4479166666666667,0.7976761393499169,HI-VAE_weibull
0.006805620943233293,0.9545454545454546,0.008404016670056778,0.5429575964202003,0.10306339829838694,1.0,0.5625,0.8063309754929961,HI-VAE_weibull
0.009296178568321848,0.9450757575757577,0.029958868777434408,0.5294126003267278,0.09291905988559752,1.0,0.5625,0.7957338961650756,HI-VAE_weibull
0.007105507982096027,0.9479166666666667,0.013600474843373844,0.5370800482988849,0.15815239445777893,1.0,0.453125,0.8088413263993907,HI-VAE_weibull
0.008971103297376522,0.9446022727272726,0.015697051128108905,0.5637616307976419,0.164928097976803,3.0,0.5052083333333334,0.8142227320838878,HI-VAE_weibull
0.00831816451963658,0.9464962121212122,0.02780998342023858,0.59220825342709,0.11316284937848871,3.0,0.4583333333333333,0.8010524670739735,HI-VAE_weibull
0.008772929307931093,0.9450757575757577,0.02078288638792045,0.5373499538319483,0.24497968583606947,1.0,0.53125,0.800213310583079,HI-VAE_weibull
0.00721791786795134,0.953125,0.017743229547393227,0.5324490375736912,0.14178993162158407,1.0,0.5,0.8080443806207713,HI-VAE_weibull
0.00822725506973764,0.9488636363636364,0.022519033292501288,0.5483734640244335,0.10529023943592468,2.0,0.4947916666666667,0.8156911115015587,HI-VAE_weibull
0.005833832571895335,0.9531250000000001,0.01878569403631236,0.5202393635911642,0.11009898484800479,3.0,0.4947916666666667,0.7910142444745976,HI-VAE_weibull
0.007287135419035895,0.9460227272727273,0.02285689214602932,0.5281909226507565,0.12179202542977467,1.0,0.453125,0.8017379302575124,HI-VAE_weibull
0.007382695870219977,0.9545454545454546,0.02922720861780865,0.5441828254847645,0.13709838352318837,1.0,0.4791666666666667,0.7968510511618093,HI-VAE_weibull
0.00728721561250599,0.9455492424242423,0.03570317648103592,0.5167341430499325,0.11648559172667827,2.0,0.4427083333333333,0.8074447146600929,HI-VAE_weibull
0.007079019068928749,0.9517045454545454,0.019096666004469867,0.5075467007599972,0.23437217262645868,1.0,0.5104166666666666,0.7934662080519738,HI-VAE_weibull
0.008013342443201564,0.9483901515151515,0.020109512134006382,0.5698700191774984,0.1548214751174487,1.0,0.4947916666666667,0.7990497017949648,HI-VAE_weibull
0.009255690006267074,0.9427083333333333,0.028126340935750838,0.5457028198025428,0.14414224400099354,2.0,0.5104166666666666,0.7998968068991253,HI-VAE_weibull
0.009013893410538954,0.9450757575757577,0.03972778525225925,0.5649477945876838,0.09178707919586264,1.0,0.4583333333333333,0.8037595897243216,HI-VAE_weibull
0.007331879455696479,0.9460227272727273,0.019286756249976344,0.4875275232615953,0.10217105954470611,1.0,0.484375,0.7986369049415609,HI-VAE_weibull
0.0075791409529505326,0.9450757575757575,0.013879937122154273,0.5270651324667945,0.11661903478519631,1.0,0.4791666666666667,0.7912587621762496,HI-VAE_weibull
0.00955249629431713,0.9412878787878788,0.015902130283097025,0.5295795155905959,0.14229767186074493,1.0,0.4791666666666667,0.7961924678461484,HI-VAE_weibull
0.00963500979661902,0.9417613636363636,0.03245382805503811,0.509031181191846,0.1519259921312229,1.0,0.5208333333333334,0.8005392103252859,HI-VAE_weibull
0.008463811021185192,0.9469696969696969,0.009519087487657984,0.519596562255842,0.1224003408554234,1.0,0.5104166666666666,0.7882077891487107,HI-VAE_weibull
0.008764790870757202,0.9431818181818182,0.027956219226654904,0.5293593294978336,0.12135520227694789,1.0,0.5364583333333334,0.8183634652379521,HI-VAE_weibull
0.005968145539040724,0.9550189393939393,0.015600795252936917,0.5308438099296825,0.12984207092479846,1.0,0.4635416666666667,0.7973019838393772,HI-VAE_weibull
0.00885255926527873,0.9474431818181817,0.030658396861258104,0.5474003835499681,0.1095760426486309,4.0,0.4739583333333333,0.8018453133824679,HI-VAE_weibull
0.007277411658369181,0.9474431818181818,0.02474574572578325,0.5444207685204915,0.1464697672832554,1.0,0.5104166666666666,0.801822919035302,HI-VAE_weibull
0.006904345094036935,0.9578598484848485,0.021928838452128747,0.5679664748916827,0.16030001764647586,1.0,0.5052083333333334,0.803808432635233,HI-VAE_weibull
0.007573627723638071,0.9540719696969696,0.0110354166260256,0.5661446125435046,0.11105236186198353,3.0,0.4895833333333333,0.8038879651790695,HI-VAE_weibull
0.00747021892404403,0.9493371212121212,0.02147857041976147,0.48923574117479945,0.09299317407298242,2.0,0.5104166666666666,0.8007266037210929,HI-VAE_weibull
0.008597947530321766,0.9446022727272726,0.029640193591005868,0.5410149868598622,0.09590908676353509,2.0,0.46875,0.7994919706344435,HI-VAE_weibull
0.007338940912161563,0.9526515151515151,0.010555165907363722,0.581110164074153,0.25358414845560723,1.0,0.4322916666666667,0.7870014000031617,HI-VAE_weibull
0.006274409763397214,0.9540719696969696,0.0233632987950632,0.5274912990979473,0.11626222306784188,1.0,0.515625,0.7985467626323782,HI-VAE_weibull
0.008733896450699975,0.9464962121212122,0.024172331494059455,0.5556289509198097,0.11796282966720223,1.0,0.484375,0.8037055058161668,HI-VAE_weibull
0.009616539426958812,0.9450757575757575,0.027366052911528643,0.5527026067192272,0.2832226021906487,3.0,0.5208333333333334,0.800141607733468,HI-VAE_weibull
0.00745204407584129,0.9526515151515151,0.019835341325410517,0.603483912209674,0.13573129627798375,1.0,0.4947916666666667,0.7951698069773581,HI-VAE_weibull
0.008172646673223911,0.9517045454545454,0.011684242971460089,0.556843525818595,0.1532526971680986,1.0,0.4895833333333333,0.8110272579470501,HI-VAE_weibull
0.006747310434489673,0.9583333333333333,0.010024390936029574,0.5244655160167626,0.09862224143287394,2.0,0.5520833333333334,0.800740240260367,HI-VAE_weibull
0.008072519568853204,0.9474431818181818,0.024410368368266985,0.5698487108459408,0.12288341456385855,1.0,0.4895833333333333,0.8103555197675076,HI-VAE_weibull
0.007732279905490938,0.9441287878787878,0.008742070584407813,0.5152745223382342,0.12592399181288771,1.0,0.5,0.8132563745459334,HI-VAE_weibull
0.00883921416530904,0.9450757575757577,0.027339789681537545,0.5563605369699552,0.10780679588418711,1.0,0.5208333333333334,0.8083946474424082,HI-VAE_weibull
0.00595320918562923,0.9588068181818182,0.016215611011895652,0.5246963562753036,0.2113515281448521,2.0,0.5208333333333334,0.7941162197736741,HI-VAE_weibull
0.008342023893431905,0.9483901515151515,0.011181261816709778,0.5364336955749698,0.10005593935869772,2.0,0.4427083333333333,0.798029638818061,HI-VAE_weibull
0.00626736988658503,0.9573863636363634,0.009127329764846108,0.5318914695645998,0.09301805995008654,1.0,0.5260416666666666,0.8018792617239145,HI-VAE_weibull
0.008304938902666373,0.9517045454545454,0.02295001784135563,0.5469351516442928,0.24953286793893822,1.0,0.4635416666666667,0.8015448297599791,HI-VAE_weibull
0.006629796105779801,0.9550189393939394,0.022708317503028163,0.5353221109453796,0.0887656501522925,1.0,0.4895833333333333,0.7924499934770035,HI-VAE_weibull
0.008816980410390172,0.9493371212121212,0.03340788910431782,0.555728389800412,0.11124984776171232,3.0,0.4635416666666667,0.7993025325282542,HI-VAE_weibull
0.009845601223180645,0.9370265151515152,0.039189631592276945,0.5676646068612828,0.19562608840170348,1.0,0.4895833333333333,0.8080972205805884,HI-VAE_weibull
0.008100234331325958,0.9455492424242425,0.013239863972215351,0.5991973861779956,0.10949732552822654,2.0,0.4895833333333333,0.808545247047768,HI-VAE_weibull
0.00848154775618021,0.9507575757575758,0.022322795045941167,0.6288976489807514,0.12677097576318375,1.0,0.4583333333333333,0.8036284938194832,HI-VAE_weibull
0.006912117833971465,0.9578598484848485,0.03204042675584363,0.5511328929611479,0.19969610264684354,2.0,0.484375,0.7992060852324814,HI-VAE_weibull
0.008686126646081097,0.9436553030303029,0.014002544826650828,0.6180872221038426,0.17209701962703106,1.0,0.515625,0.8025408587742628,HI-VAE_weibull
0.007518941863003808,0.9517045454545454,0.017812247885537133,0.5178954471198238,0.15783986032331684,1.0,0.5208333333333334,0.8019573434803035,HI-VAE_weibull
0.0076205510917016165,0.9521780303030304,0.02453050713163051,0.5638291071809078,0.08906847666100219,3.0,0.5052083333333334,0.7977029295001519,HI-VAE_weibull
0.008333169570284345,0.9450757575757577,0.027414168107233516,0.5195681511470985,0.1731645739956119,1.0,0.5625,0.802889422253178,HI-VAE_weibull
0.009575507776203133,0.9393939393939394,0.04203324797068977,0.4802968960863699,0.09482992948788867,4.0,0.53125,0.7946912544281907,HI-VAE_weibull
0.008033460071107414,0.9441287878787878,0.02838789217386866,0.5441508629874281,0.21202925467145073,2.0,0.5208333333333334,0.8071086138229436,HI-VAE_weibull
0.009120333528256658,0.9436553030303031,0.009934634008341917,0.5822572625896725,0.1427322225038849,1.0,0.4166666666666667,0.799893624595414,HI-VAE_weibull
0.008405745343349829,0.9469696969696971,0.019376624736878807,0.5152070459549684,0.16927430578082636,1.0,0.4739583333333333,0.8010794341804987,HI-VAE_weibull
0.005927929657969638,0.9550189393939393,0.015514212302982536,0.5573620285531642,0.0913528306237083,1.0,0.5364583333333334,0.7995481617112342,HI-VAE_weibull
0.006994427235188638,0.9578598484848485,0.006890396422521458,0.5914731159883515,0.19617431913991998,1.0,0.4791666666666667,0.8030286919887744,HI-VAE_weibull
0.008478371594669637,0.9460227272727273,0.03309067798677163,0.5869237872007955,0.11595815569307699,1.0,0.5104166666666666,0.7996758342826046,HI-VAE_weibull
0.009101920082538946,0.9379734848484849,0.010578755610099097,0.6529405497549542,0.1093128740491144,1.0,0.4791666666666667,0.7992229757952721,HI-VAE_weibull
0.007426675614840923,0.940814393939394,0.02428731339282935,0.5789615739754245,0.23460719546160833,1.0,0.5104166666666666,0.8030608594035081,HI-VAE_weibull
0.00880978497996595,0.946496212121212,0.024923217911970635,0.5261169117124795,0.19921651201600768,1.0,0.4895833333333333,0.799824733091371,HI-VAE_weibull
0.007436085604673507,0.9526515151515151,0.0058249373786820385,0.5453512323318417,0.10701438990585048,5.0,0.515625,0.7991004791996683,HI-VAE_weibull
0.006966307963828588,0.9550189393939393,0.01956771665937754,0.49925065700688964,0.1376116887193603,2.0,0.5052083333333334,0.8156186509125509,HI-VAE_weibull
0.00925598941963151,0.9422348484848484,0.007363279496566808,0.5194047872718233,0.16403278379020936,1.0,0.5,0.7908064788951984,HI-VAE_weibull
0.006944005495699969,0.9535984848484849,0.011563130533984865,0.5456602031394275,0.11176541451200928,3.0,0.4895833333333333,0.7949046107743153,HI-VAE_weibull
0.008283555102946413,0.9493371212121211,0.028489237594129115,0.5544996093472548,0.20437970163275762,1.0,0.4635416666666667,0.8150395849957426,HI-VAE_weibull
0.0073175590004029,0.949810606060606,0.02241894846915961,0.5182150720931885,0.11151650482415876,1.0,0.4791666666666667,0.8038912232582389,HI-VAE_weibull
0.007081861685190555,0.9493371212121211,0.01973424985065289,0.5189502095319269,0.08703934616475673,2.0,0.53125,0.8028322867136664,HI-VAE_weibull
0.00840759486866987,0.9441287878787878,0.019668466871399202,0.5427800269905533,0.09556740348085824,1.0,0.4583333333333333,0.7993163106187786,HI-VAE_weibull
0.011154007087681293,0.9318181818181818,0.05119994838198554,0.6178918957312309,0.09919302690041291,2.0,0.5364583333333334,0.7990235756551686,HI-VAE_weibull
0.008251836098290756,0.9474431818181818,0.03216785650326095,0.561272107393991,0.14598217019502494,1.0,0.5,0.7947059294557639,HI-VAE_weibull
0.005729682693855264,0.9569128787878788,0.03554704869767654,0.5165636763974714,0.21379953734002174,1.0,0.4947916666666667,0.7754428041290732,HI-VAE_piecewise
0.0065266351244605385,0.953125,0.029623736411567764,0.5442396477022514,0.10908056443602258,3.0,0.53125,0.8038464939241524,HI-VAE_piecewise
0.00571939007158585,0.9625946969696971,0.03231082810974402,0.4695219830953903,0.09404418228173834,4.0,0.5260416666666666,0.7739054417224662,HI-VAE_piecewise
0.007135246580538529,0.9535984848484849,0.0516475510619473,0.5426308686696498,0.1288772090113724,2.0,0.5208333333333334,0.7938918137947995,HI-VAE_piecewise
0.005123893135210691,0.9640151515151515,0.021513517663736346,0.5076354854748206,0.1102667080601754,2.0,0.5416666666666666,0.7794254472935102,HI-VAE_piecewise
0.006242989187307293,0.9559659090909091,0.01975381238620238,0.5719795440017046,0.14231439503824062,1.0,0.5416666666666666,0.7769623300872052,HI-VAE_piecewise
0.006193886784473007,0.9545454545454546,0.02859714793512833,0.489136302294197,0.19971866254363527,2.0,0.546875,0.7812622961537109,HI-VAE_piecewise
0.0077341892421911645,0.9441287878787878,0.026488621357967614,0.48809929682505854,0.14044667817636391,2.0,0.5,0.7751961981955474,HI-VAE_piecewise
0.005497607950363416,0.9588068181818183,0.013036540785366561,0.5628595780950352,0.10047930844198912,1.0,0.4791666666666667,0.7909004382210404,HI-VAE_piecewise
0.004978961915265138,0.9625946969696971,0.007153683031534296,0.5227182328290362,0.24495596021099317,1.0,0.6041666666666666,0.7721218410249011,HI-VAE_piecewise
0.0055471349247336954,0.9607007575757577,0.02257584781506178,0.5432168477874849,0.18944454057019114,1.0,0.515625,0.788880821573628,HI-VAE_piecewise
0.007985331317969765,0.9550189393939393,0.01614621058580125,0.5485013140137793,0.14924741668967959,1.0,0.4739583333333333,0.7810211577549353,HI-VAE_piecewise
0.00489811059596853,0.9635416666666667,0.012485706766920816,0.5022515803679239,0.10908365251796358,3.0,0.5677083333333334,0.7735256543016994,HI-VAE_piecewise
0.0070291567691312985,0.9564393939393938,0.01996781097470281,0.5137509766318631,0.0981121295161993,1.0,0.53125,0.782435550791279,HI-VAE_piecewise
0.006997754503508505,0.9512310606060606,0.04768642074021488,0.5377086440798353,0.08794156371851829,2.0,0.5104166666666666,0.77915729848028,HI-VAE_piecewise
0.007253771217011077,0.953125,0.010308880661350382,0.569184601179061,0.11123104656266221,2.0,0.453125,0.7959051011991028,HI-VAE_piecewise
0.005704422064743539,0.9588068181818182,0.059594335306411665,0.4725548689537609,0.11788889248813701,1.0,0.5625,0.7825747487581426,HI-VAE_piecewise
0.006512589375135913,0.9569128787878789,0.016869458610343203,0.5264578450174018,0.18339180041508643,1.0,0.5416666666666666,0.7919692825571363,HI-VAE_piecewise
0.005628654841301024,0.9625946969696969,0.02190753741378715,0.4507031749414021,0.13564538635930498,2.0,0.4583333333333333,0.7847894913859058,HI-VAE_piecewise
0.005340470801309395,0.9616477272727273,0.009761345729945786,0.4907699410469494,0.12716819119834497,2.0,0.5364583333333334,0.7885578548607936,HI-VAE_piecewise
0.007195643081831437,0.9517045454545454,0.04829417993503224,0.5782264365366858,0.16886235336030123,1.0,0.5729166666666666,0.7847854532420542,HI-VAE_piecewise
0.006618835723897221,0.955965909090909,0.04144273725041134,0.5211449676823638,0.126566483137271,2.0,0.484375,0.7965903260506378,HI-VAE_piecewise
0.006478241265867332,0.9540719696969696,0.017787757909791226,0.5710064635272392,0.08664196102567769,1.0,0.5416666666666666,0.7879209531719045,HI-VAE_piecewise
0.005780262151611309,0.9550189393939394,0.023244552457513144,0.5558562397897578,0.2006149323269748,2.0,0.5625,0.78143458863096,HI-VAE_piecewise
0.006339176398556651,0.9535984848484849,0.019579001582260645,0.5185737623410753,0.1289817036474801,4.0,0.5364583333333334,0.7883481800963827,HI-VAE_piecewise
0.005947385103739573,0.9597537878787878,0.010545317196190429,0.4938632005114,0.12880398159439302,1.0,0.59375,0.781082419502123,HI-VAE_piecewise
0.004088686863931431,0.9682765151515152,0.01179141701145032,0.5352439803963349,0.19563966898016738,1.0,0.5416666666666666,0.7923097312730774,HI-VAE_piecewise
0.005528939207170087,0.9550189393939393,0.035513954074228214,0.511513601818311,0.09693837413211127,1.0,0.5260416666666666,0.7909756824587666,HI-VAE_piecewise
0.005585114303799125,0.9630681818181818,0.014083685953656236,0.5004581291284892,0.13152174698920022,1.0,0.5104166666666666,0.7830970111401419,HI-VAE_piecewise
0.007279040973976261,0.9488636363636364,0.045813361517843154,0.508448753462604,0.1256503265869363,1.0,0.5833333333333334,0.7749818063356417,HI-VAE_piecewise
0.005436706489377878,0.9583333333333333,0.025008451030093512,0.4722032814830599,0.08895777170157337,2.0,0.515625,0.7869519734793143,HI-VAE_piecewise
0.0056668349103934455,0.9583333333333333,0.026849575456472003,0.5330279139143406,0.10998051348841897,2.0,0.546875,0.7866260710615077,HI-VAE_piecewise
0.006160996093801121,0.9592803030303031,0.018566985144857554,0.5226898217202927,0.15332944716234756,2.0,0.546875,0.7942734040232229,HI-VAE_piecewise
0.005571954791228294,0.9607007575757577,0.03621815572945869,0.46816890404148015,0.21944062353006913,1.0,0.5260416666666666,0.7825053596047236,HI-VAE_piecewise
0.00694965967804922,0.9588068181818182,0.04653169312483754,0.5032885858370623,0.16172936320523051,1.0,0.5104166666666666,0.7977612385125222,HI-VAE_piecewise
0.008114519333253955,0.953125,0.06730993274849141,0.46860572483841184,0.18645811214721855,1.0,0.484375,0.8020239197941168,HI-VAE_piecewise
0.007247490871324447,0.9512310606060606,0.03562746054754322,0.5534768094324881,0.17702306606908902,1.0,0.515625,0.7820039327162814,HI-VAE_piecewise
0.005972276758238768,0.9554924242424243,0.026841079197671768,0.5242914979757085,0.15943266766587103,1.0,0.4791666666666667,0.7910494025542794,HI-VAE_piecewise
0.00630552811454311,0.9625946969696971,0.016628752217747803,0.47762270047588606,0.2398183125418384,2.0,0.53125,0.7872590353122024,HI-VAE_piecewise
0.00646608209392722,0.9588068181818182,0.02523391619368949,0.5472157113431352,0.10810725442841822,2.0,0.53125,0.7832093157346877,HI-VAE_piecewise
0.005679228670171001,0.9559659090909091,0.03235203304766522,0.5182541373677108,0.11389769758654116,1.0,0.5208333333333334,0.7942153687301828,HI-VAE_piecewise
0.006331823498935507,0.9573863636363634,0.03700619204982293,0.543980396334967,0.1919139066306368,1.0,0.5260416666666666,0.7818264664796927,HI-VAE_piecewise
0.00783629890962558,0.9493371212121211,0.03771071564269255,0.49209460899211593,0.08993923658622499,2.0,0.578125,0.7822349307905747,HI-VAE_piecewise
0.007052856479606137,0.9526515151515151,0.03188857447231189,0.5732367355636054,0.12992945256954408,1.0,0.5208333333333334,0.7774812844826728,HI-VAE_piecewise
0.004802303234446895,0.9654356060606062,0.025840075822789927,0.5158143334043611,0.13247733213806426,1.0,0.4947916666666667,0.7893589832848708,HI-VAE_piecewise
0.007235005691545554,0.9517045454545454,0.04063550849757001,0.5726507564457702,0.12784894446972742,1.0,0.515625,0.795398270242725,HI-VAE_piecewise
0.006179467171338721,0.9535984848484849,0.011570788706567374,0.486067902549897,0.15766586320065404,2.0,0.53125,0.7808339617765653,HI-VAE_piecewise
0.007239695931343437,0.9573863636363636,0.044260811782443545,0.5290645642446197,0.11785342815169075,1.0,0.5416666666666666,0.7897057492708408,HI-VAE_piecewise
0.007380162135719537,0.953125,0.04356689669841373,0.5394985439306769,0.14705673100468283,1.0,0.4791666666666667,0.795329905332177,HI-VAE_piecewise
0.006102465019613296,0.9607007575757577,0.030420004380302904,0.47677391860217344,0.23182702229513016,1.0,0.5,0.7905838683592694,HI-VAE_piecewise
0.007753018495948999,0.9540719696969698,0.05007531627408885,0.5419774131685489,0.135215230726027,1.0,0.5,0.7819808965310869,HI-VAE_piecewise
0.006671916348890052,0.9597537878787878,0.011789522229302803,0.47596775339157615,0.098617951192611,4.0,0.5416666666666666,0.7777221196942671,HI-VAE_piecewise
0.0072575930358458555,0.9479166666666665,0.03925753486252957,0.5935116130406989,0.23395142359160173,1.0,0.5364583333333334,0.7909445664396616,HI-VAE_piecewise
0.006012867319637094,0.956439393939394,0.02890539689477403,0.5568186660984444,0.13580845952933585,1.0,0.515625,0.7962146693713065,HI-VAE_piecewise
0.006367680555677089,0.9569128787878789,0.03094840234629097,0.5218552454009517,0.11737498402324625,1.0,0.5364583333333334,0.7865066162960807,HI-VAE_piecewise
0.007291513387450723,0.9540719696969696,0.024613349980955723,0.518112081823993,0.2553591517720202,2.0,0.5364583333333334,0.7893110326570287,HI-VAE_piecewise
0.005488400180047071,0.9588068181818182,0.026486101285966627,0.5949179629235031,0.10058651725902878,1.0,0.5,0.7803863612255234,HI-VAE_piecewise
0.0056945880716124005,0.9583333333333335,0.0177251018800307,0.5200973080474466,0.09953172818944644,2.0,0.5364583333333334,0.7791689551534058,HI-VAE_piecewise
0.00668458155734493,0.9545454545454546,0.016755568161755625,0.4839938916116201,0.10825397669732152,3.0,0.5364583333333334,0.8048649470299504,HI-VAE_piecewise
0.007067034979103773,0.9588068181818182,0.04540146275683012,0.4625470558988565,0.0910367299320372,2.0,0.5052083333333334,0.7904086961070381,HI-VAE_piecewise
0.005623105910479743,0.9583333333333333,0.03291600634012891,0.5553235315008168,0.1293588333061774,1.0,0.5104166666666666,0.7934617699753553,HI-VAE_piecewise
0.0072337912999831475,0.9507575757575757,0.07206491869780056,0.4714432843241708,0.08292040111740599,1.0,0.5260416666666666,0.789887779482237,HI-VAE_piecewise
0.0065271898521557245,0.9578598484848484,0.05384753437638189,0.5099048227857093,0.13412088082386342,2.0,0.5416666666666666,0.7972261742349391,HI-VAE_piecewise
0.005248841973305564,0.9673295454545454,0.027901242642956212,0.4774415796576462,0.0978122763950195,1.0,0.5208333333333334,0.7781989341866852,HI-VAE_piecewise
0.00612027462516512,0.9559659090909091,0.029211204469338472,0.5190389942467505,0.14270752328712882,1.0,0.53125,0.7943613696720037,HI-VAE_piecewise
0.006893620924069772,0.9517045454545454,0.028792123557313688,0.5374493927125507,0.12125843283369382,1.0,0.4895833333333333,0.7829833422505736,HI-VAE_piecewise
0.006830934552036518,0.9588068181818183,0.03018174278163763,0.5356239789757795,0.19549276690938652,2.0,0.4583333333333333,0.784866483135569,HI-VAE_piecewise
0.004166599832108956,0.9630681818181818,0.01907272884761204,0.49138433127352793,0.09385771875001592,2.0,0.5364583333333334,0.7848077060609141,HI-VAE_piecewise
0.007589127178190657,0.949810606060606,0.05500205776379413,0.5302684849776262,0.12068208759691496,2.0,0.4895833333333333,0.7826580157933493,HI-VAE_piecewise
0.00725255551976134,0.9526515151515152,0.026907746242584334,0.5431387172384403,0.22707036535132408,1.0,0.53125,0.785206143286339,HI-VAE_piecewise
0.005242709969276975,0.9602272727272727,0.013037533432395637,0.4748597201505788,0.2301784528446862,2.0,0.59375,0.7771251732309193,HI-VAE_piecewise
0.00537764671272002,0.9611742424242423,0.008156825948574718,0.5356808011932666,0.10540393194703646,3.0,0.5416666666666666,0.7870203260585528,HI-VAE_piecewise
0.00618925699305577,0.9535984848484849,0.03294381418686506,0.5617266851338873,0.20708935257048214,2.0,0.5260416666666666,0.7883853813682624,HI-VAE_piecewise
0.006983153561671961,0.9521780303030304,0.014467046136563572,0.5390865828538959,0.12259526176662582,1.0,0.53125,0.8023923995063039,HI-VAE_piecewise
0.006802743307228181,0.9512310606060606,0.032435730741349776,0.5546132537822289,0.09749785654736504,1.0,0.5572916666666666,0.7771731987650209,HI-VAE_piecewise
0.005736012328885907,0.9592803030303029,0.045459108138482175,0.5429646991973861,0.15206380323345794,1.0,0.5,0.7852038373168909,HI-VAE_piecewise
0.006088461482615734,0.9588068181818182,0.014548052337010791,0.46806946516087783,0.09695349131041393,1.0,0.484375,0.7954190404342075,HI-VAE_piecewise
0.005824553620428482,0.959753787878788,0.017195412750262987,0.48961573975424394,0.18852615288430372,3.0,0.4791666666666667,0.787995675175439,HI-VAE_piecewise
0.006870142442541999,0.9554924242424243,0.03689027081448517,0.5132750905604091,0.0868790639735086,3.0,0.5260416666666666,0.7931094686385364,HI-VAE_piecewise
0.006886706312051371,0.9526515151515152,0.02391614679594868,0.5565736202855316,0.16059960606202345,1.0,0.4947916666666667,0.7847123985937731,HI-VAE_piecewise
0.006819536887963407,0.949810606060606,0.03798733369342107,0.5151040556857731,0.10496629395188177,1.0,0.5572916666666666,0.7839163352516944,HI-VAE_piecewise
0.006429630002328033,0.955965909090909,0.030113873585221367,0.5252681298387669,0.216297044669261,1.0,0.5052083333333334,0.7862840184397482,HI-VAE_piecewise
0.007879985251438399,0.9521780303030304,0.04632397591820074,0.5186128276155977,0.15586317238523908,1.0,0.515625,0.7762586881051414,HI-VAE_piecewise
0.007363861073985603,0.9526515151515151,0.03623424724136217,0.5357589317423113,0.09938777351777976,1.0,0.5104166666666666,0.7859991847380258,HI-VAE_piecewise
0.007301686929525899,0.9535984848484849,0.041699270467631486,0.5300802613822004,0.14258349979251098,1.0,0.5729166666666666,0.7759920241300484,HI-VAE_piecewise
0.005658182058679914,0.9621212121212122,0.022090259892911412,0.5021698984302863,0.19928184714629738,1.0,0.5364583333333334,0.7955223447940238,HI-VAE_piecewise
0.0050810241133956505,0.9644886363636364,0.009516884106082769,0.5147382626607003,0.1888582423438201,2.0,0.5416666666666666,0.7916235304260894,HI-VAE_piecewise
0.0051538478239696135,0.9616477272727271,0.02381478911941779,0.4383407912493785,0.14713437861901854,2.0,0.484375,0.7899793011332701,HI-VAE_piecewise
0.005759713116517712,0.9592803030303031,0.022061126259657754,0.5413949854393069,0.08307465701669907,2.0,0.53125,0.7869894306956733,HI-VAE_piecewise
0.0063335755382280335,0.9502840909090909,0.035346459031256224,0.44911570424035796,0.1135040932133025,1.0,0.578125,0.7923434927329835,HI-VAE_piecewise
0.005396323176079549,0.9607007575757575,0.011790229226271608,0.5044108246324313,0.13962148027979673,2.0,0.5260416666666666,0.7893964358314486,HI-VAE_piecewise
0.005686688315130215,0.9554924242424242,0.009695539098685866,0.4675509624263087,0.09562686411442593,1.0,0.5260416666666666,0.7918922560742844,HI-VAE_piecewise
0.007353376249288751,0.9526515151515151,0.029769327837158906,0.5766531713900135,0.1470512630177418,1.0,0.5104166666666666,0.7846559282416379,HI-VAE_piecewise
0.006158325483442051,0.9569128787878788,0.02864245193287613,0.546516087790326,0.12180770531165626,1.0,0.5,0.7774401492770651,HI-VAE_piecewise
0.005990763426090668,0.956439393939394,0.025627965000433014,0.5341004332694083,0.09426331812040568,1.0,0.5364583333333334,0.7968579880673836,HI-VAE_piecewise
0.006531899875434341,0.9569128787878788,0.04330822952295877,0.5096881880815399,0.21284162490415112,1.0,0.5364583333333334,0.7805639379522099,HI-VAE_piecewise
0.005772406597548246,0.9554924242424242,0.03191178081455889,0.5203423538603594,0.15693976574696186,2.0,0.5208333333333334,0.7915554856836072,HI-VAE_piecewise
0.00732205823231597,0.9483901515151515,0.048597724759300624,0.507969316002557,0.1790518215324289,1.0,0.5572916666666666,0.800432009025144,HI-VAE_piecewise
0.0050048885727665355,0.9607007575757577,0.02229802693341463,0.5242204702038498,0.2871789678420765,2.0,0.5208333333333334,0.7875666542349387,HI-VAE_piecewise
0.005331790427936814,0.9592803030303031,0.013339405189516693,0.5196143191988067,0.1740405271586061,1.0,0.4739583333333333,0.7969252519231347,HI-VAE_piecewise
0.00685835045766231,0.9559659090909091,0.03888512725346624,0.5201505788763406,0.13193791192051582,1.0,0.546875,0.7782085792728367,HI-VAE_piecewise
0.006358102394654003,0.9625946969696969,0.043250720727549805,0.49056751189715175,0.1573488446898985,2.0,0.46875,0.7913387801725125,HI-VAE_piecewise
0.005538678758164765,0.9625946969696971,0.012988690187965215,0.47794942822643655,0.10032144109195917,1.0,0.546875,0.7839240600821327,HI-VAE_piecewise
0.005790506143794095,0.9578598484848485,0.015043019418619356,0.4590844520207401,0.12510676473162116,1.0,0.5677083333333334,0.7887248842970772,HI-VAE_piecewise
0.004643894344074359,0.9644886363636364,0.00891556209030208,0.5246430854464096,0.12458121663478994,3.0,0.5260416666666666,0.7924628799752935,HI-VAE_piecewise
0.006808778558780204,0.9526515151515151,0.02572401620932595,0.5507528943817033,0.1736720418693257,3.0,0.5364583333333334,0.7820609449009455,HI-VAE_piecewise
0.00637716495324401,0.9578598484848485,0.02464734585321302,0.47960792669933944,0.1434053909259523,1.0,0.5364583333333334,0.7876628501040701,HI-VAE_piecewise
0.0061096880950370636,0.9526515151515151,0.02944696005668469,0.4988848639818169,0.19323723872486706,2.0,0.5364583333333334,0.7882489708636606,HI-VAE_piecewise
0.006522789479566976,0.9540719696969698,0.04422937527875831,0.5404467646849918,0.1021420625508369,4.0,0.5416666666666666,0.7789025256284372,HI-VAE_piecewise
0.006312724398337946,0.9554924242424242,0.0291355291739363,0.49695290858725755,0.15764711782323879,1.0,0.546875,0.7909494150644544,HI-VAE_piecewise
0.006338433497226261,0.9540719696969696,0.04020509857393059,0.5239718730023439,0.2560757784614731,1.0,0.53125,0.790140780335453,HI-VAE_piecewise
0.006067806616045229,0.9578598484848484,0.035230539586606324,0.5214823495986931,0.13029770195175117,1.0,0.5364583333333334,0.7831356629836272,HI-VAE_piecewise
0.005903279832371513,0.9554924242424242,0.02216918933362207,0.49949570281980255,0.1063701849000589,1.0,0.5208333333333334,0.7863137938881122,HI-VAE_piecewise
0.005374585223228783,0.9621212121212122,0.03415897230565699,0.522725335606222,0.16954711708874384,1.0,0.5416666666666666,0.7822534681590513,HI-VAE_piecewise
0.006169033960861378,0.9597537878787878,0.02001730512871179,0.5620747212159954,0.19168706915397635,2.0,0.46875,0.7772864468182444,HI-VAE_piecewise
0.006755407787023298,0.9554924242424243,0.02846434668984937,0.5237658924639534,0.10907923818199634,3.0,0.5260416666666666,0.7728034403441248,HI-VAE_piecewise
0.006244980287762653,0.9540719696969698,0.02960023720704141,0.5552134384544358,0.09943792560434546,1.0,0.5052083333333334,0.7858110273878032,HI-VAE_piecewise
0.007907226662097313,0.9535984848484849,0.01934797436383689,0.4282228851480929,0.263242815082475,2.0,0.5260416666666666,0.7792667065246545,HI-VAE_piecewise
0.006553219308559282,0.9559659090909091,0.032815978720902174,0.46250443923574114,0.12010659527070161,3.0,0.4427083333333333,0.778895752562967,HI-VAE_piecewise
0.005297290715906298,0.9597537878787878,0.015245228260330408,0.4463882378009802,0.09367882582461062,4.0,0.5260416666666666,0.7977246055490053,HI-VAE_piecewise
0.00690603352791112,0.9441287878787878,0.03644138231824223,0.5219333759499964,0.09856273606691518,2.0,0.5104166666666666,0.7784069102109848,HI-VAE_piecewise
0.007502824506725182,0.9559659090909093,0.011781282991168499,0.5155941473115988,0.19585713910537847,1.0,0.484375,0.7921548149565395,HI-VAE_piecewise
0.006436057304986731,0.9569128787878788,0.017370269593969093,0.5840187513317707,0.1291925095316079,1.0,0.5364583333333334,0.7883635789082776,HI-VAE_piecewise
0.007542016087124129,0.9517045454545456,0.047670346005902246,0.5051246537396122,0.20391948216430741,1.0,0.515625,0.7934267758552068,HI-VAE_piecewise
0.0054652284886328685,0.959753787878788,0.006181588269170424,0.48137651821862343,0.24731721580789315,2.0,0.5,0.7843349729880195,HI-VAE_piecewise
0.006505734767291053,0.9611742424242423,0.018425390113325224,0.4644967682363804,0.24103664189023008,1.0,0.5,0.7863101902684105,HI-VAE_piecewise
0.007361236162479506,0.9521780303030304,0.010171780490713211,0.5221464592655729,0.11305386302261387,2.0,0.5677083333333334,0.7890806329852057,HI-VAE_piecewise
0.007353267330487758,0.953125,0.02472885346879101,0.529870729455217,0.12726010812135277,1.0,0.4635416666666667,0.7849508343930512,HI-VAE_piecewise
0.005513079662208186,0.9545454545454546,0.020671949566994457,0.5281980254279424,0.08187563276267308,5.0,0.5,0.7889876519752249,HI-VAE_piecewise
0.006697803690361084,0.9474431818181818,0.033315081921724256,0.5091874422899354,0.10224026432474546,3.0,0.5625,0.8010172508502083,HI-VAE_piecewise
0.005443007021032793,0.9630681818181818,0.04454271964412747,0.5056751189715178,0.14347124524498067,1.0,0.5208333333333334,0.7986352599256693,HI-VAE_piecewise
0.006796685340852574,0.9621212121212122,0.030499268786007415,0.5422224589814617,0.15073697767212127,2.0,0.4895833333333333,0.7881618035291821,HI-VAE_piecewise
0.006031552061308358,0.9588068181818182,0.03338148642144777,0.4518431706797358,0.14765614485738646,1.0,0.53125,0.7893499646781977,HI-VAE_piecewise
0.006229549863173714,0.9592803030303029,0.01530367972306905,0.509684636692947,0.0821064724917386,1.0,0.5,0.7944759993624582,HI-VAE_piecewise
0.005349972677728651,0.9644886363636364,0.032599372593314635,0.5146636835002486,0.20926289938165052,4.0,0.5260416666666666,0.7756749975006288,HI-VAE_piecewise
0.006717391945608341,0.9554924242424242,0.016338884651178723,0.5846757582214647,0.11402792645760591,1.0,0.453125,0.7919775170920488,HI-VAE_piecewise
0.006064865050114826,0.9569128787878789,0.013771999137120869,0.47203991760778463,0.09264022466329007,4.0,0.53125,0.7994650060501917,HI-VAE_piecewise
0.005603839426571997,0.9611742424242423,0.011874828592672757,0.5405355493998154,0.14898831275666405,1.0,0.4947916666666667,0.7942443501828711,HI-VAE_piecewise
0.007213291359741533,0.9573863636363636,0.035664455365740144,0.5259357908942397,0.13180796361474675,1.0,0.53125,0.7840051824147166,HI-VAE_piecewise
0.006879157885617638,0.9483901515151516,0.014812545081970798,0.5649158320903473,0.12336543858426925,1.0,0.4791666666666667,0.7774398033149985,HI-VAE_piecewise
0.0053889095510113024,0.9554924242424243,0.028120932672586887,0.5007209318843667,0.11189153482690177,2.0,0.5520833333333334,0.8013551613060789,HI-VAE_piecewise
0.007357424482275155,0.9460227272727273,0.03720061734910814,0.5140350877192982,0.19630745598884183,1.0,0.4947916666666667,0.8019171638314407,HI-VAE_piecewise
0.005513298892946471,0.9607007575757575,0.008667881784240102,0.5320477306626891,0.08913395702644122,1.0,0.5625,0.7854872885187166,HI-VAE_piecewise
0.006267169277466222,0.9569128787878788,0.02122742683095001,0.5522977484196321,0.12848470640681817,1.0,0.4895833333333333,0.7865649805717406,HI-VAE_piecewise
0.006271901201856268,0.9517045454545456,0.040877854443736775,0.4961929114283684,0.14326255576073774,1.0,0.515625,0.7979268679908701,HI-VAE_piecewise
0.006379288867165416,0.9545454545454546,0.008409541296270456,0.5072377299524113,0.1268480927510243,1.0,0.578125,0.7948524681614917,HI-VAE_piecewise
0.00539795667247933,0.9573863636363634,0.015548955222165138,0.5108601463172101,0.18708360406003918,1.0,0.5364583333333334,0.7886569482949956,HI-VAE_piecewise
0.0057027708581764425,0.959753787878788,0.01817340849326055,0.48665388166773216,0.10616177746082532,1.0,0.5364583333333334,0.7749070523024351,HI-VAE_piecewise
0.007152499685276281,0.9550189393939394,0.049402211151872766,0.5569926841394987,0.17208219182294585,1.0,0.5729166666666666,0.7894672920010146,HI-VAE_piecewise
0.005978906659859299,0.9588068181818182,0.02502999499779774,0.5044001704666524,0.10219462768691041,1.0,0.53125,0.7825357924814464,HI-VAE_piecewise
0.006375542851168972,0.959753787878788,0.0304858185925946,0.5365899566730592,0.1173386617839093,1.0,0.5677083333333334,0.7957246981816943,HI-VAE_piecewise
0.007750182057870122,0.946496212121212,0.02882352570426539,0.5640563960508558,0.10848513571818685,1.0,0.515625,0.7858007075970121,HI-VAE_piecewise
0.005681570356937435,0.9554924242424242,0.026794828290853476,0.5468357127636906,0.0802048752616173,1.0,0.546875,0.7820204692047902,HI-VAE_piecewise
0.007649524915212522,0.9521780303030302,0.03558109285680324,0.5160203139427517,0.14386479641627292,1.0,0.5364583333333334,0.7947045722386671,HI-VAE_piecewise
0.006696175429096849,0.9526515151515152,0.019346766602652044,0.5535158747070105,0.10024430432855684,1.0,0.5104166666666666,0.7776117011040047,HI-VAE_piecewise
0.007248944379234085,0.953125,0.02990008912728199,0.5180517082179132,0.13651392090647577,1.0,0.5104166666666666,0.78078863526541,HI-VAE_piecewise
0.00677310073736822,0.9583333333333333,0.03875331113574124,0.5101498685986221,0.11509901063323487,2.0,0.515625,0.7922296082042134,HI-VAE_piecewise
0.007252633550080767,0.9559659090909091,0.015661064807487166,0.4783471837488458,0.1090842511131302,1.0,0.515625,0.794725365789533,HI-VAE_piecewise
0.006655424870797869,0.9512310606060606,0.03396765180267638,0.5320370764969102,0.15287880362811715,2.0,0.5052083333333334,0.7818783514232621,HI-VAE_piecewise
0.007176867968987241,0.9507575757575758,0.03760928500234093,0.5136692946942254,0.24324532079233416,2.0,0.515625,0.7893295010977038,HI-VAE_piecewise
0.007303407515719762,0.9483901515151516,0.024453776098444825,0.5617089281909227,0.10145578290990098,2.0,0.5364583333333334,0.7789463055040557,HI-VAE_piecewise
0.00932092529311052,0.9441287878787878,0.04217883665497392,0.5631578947368421,0.10200418993635223,2.0,0.5104166666666666,0.7860961659332124,HI-VAE_piecewise
0.007131425726366359,0.9512310606060606,0.01657773335763516,0.522725335606222,0.13764759691056871,2.0,0.5104166666666666,0.7753449034457633,HI-VAE_piecewise
0.006772313336919063,0.9540719696969696,0.05769491243192194,0.49873570566091346,0.15200807975494324,1.0,0.609375,0.7790659941326147,HI-VAE_piecewise
0.006890402804219181,0.953125,0.021903082080203078,0.5528091483770153,0.08877079754204437,1.0,0.5520833333333334,0.7874581909756048,HI-VAE_piecewise
0.007031722800489445,0.9521780303030304,0.03314341019621485,0.5851374387385467,0.2553920526152605,2.0,0.5052083333333334,0.7905764400199025,HI-VAE_piecewise
0.007720408550460697,0.9483901515151516,0.03798201028386988,0.5364017330776333,0.11607345728200531,1.0,0.5520833333333334,0.7869335991562879,HI-VAE_piecewise
0.005386167760150858,0.9550189393939394,0.015441801835922165,0.5128595780950351,0.13363376414433079,1.0,0.5572916666666666,0.7710777394576831,HI-VAE_piecewise
0.007331356148948207,0.9526515151515152,0.020218014119520608,0.5071738049577384,0.21035360376324466,2.0,0.6041666666666666,0.7800537999840276,HI-VAE_piecewise
0.006268556570948519,0.9550189393939394,0.008859451685675727,0.5094360394914411,0.25081307617736465,1.0,0.5052083333333334,0.7891359978965327,HI-VAE_piecewise
0.005212726509836709,0.9625946969696969,0.008075071013657818,0.518360679025499,0.10194703614265256,1.0,0.5416666666666666,0.783251620293565,HI-VAE_piecewise
0.004774964262074469,0.9602272727272727,0.017687615353409066,0.5350095887492009,0.15187445613857498,1.0,0.53125,0.7860732908763863,HI-VAE_piecewise
0.006470126530065051,0.9550189393939394,0.01133855721114284,0.5382591093117409,0.17307819473611263,1.0,0.6041666666666666,0.7840234742309284,HI-VAE_piecewise
0.005804477233560215,0.9635416666666667,0.02004327522608992,0.5210739399105051,0.16214335040705982,1.0,0.5260416666666666,0.7770534880838703,HI-VAE_piecewise
0.005958395259649695,0.956439393939394,0.024605092785478153,0.5608033240997229,0.1575213146760238,1.0,0.5260416666666666,0.7791367768269873,HI-VAE_piecewise
0.005944375325602978,0.9569128787878789,0.00869341224745378,0.48559911925562893,0.20403742157019286,1.0,0.5052083333333334,0.7890174907321638,HI-VAE_piecewise
0.005897168968790287,0.955965909090909,0.06016083054440865,0.5561012856026707,0.1511889230351068,1.0,0.515625,0.7852945261386485,HI-VAE_piecewise
0.006236135146342639,0.9559659090909091,0.025711626077865153,0.5166844236096313,0.11321848743409152,1.0,0.578125,0.7802545663022681,HI-VAE_piecewise
0.005288131714142128,0.9602272727272727,0.028437953054308754,0.47607074366077134,0.10837851240086216,1.0,0.5208333333333334,0.7841524434800463,HI-VAE_piecewise
0.007453629458373792,0.9507575757575758,0.03608744331467808,0.5215995454222601,0.14877509882413487,2.0,0.546875,0.7882773369586543,HI-VAE_piecewise
0.00489424986188437,0.9630681818181818,0.00790142736189578,0.4864123872434122,0.16340372856251884,1.0,0.453125,0.7872660709808386,HI-VAE_piecewise
0.005802435057583251,0.9545454545454546,0.03924205964598868,0.5138433127352795,0.17569190178242688,2.0,0.5520833333333334,0.7668311344603135,HI-VAE_piecewise
0.007782022217503742,0.9507575757575758,0.03198492087249363,0.5296398891966759,0.18117070898764367,2.0,0.5625,0.7797691917927999,HI-VAE_piecewise
0.006862698029053343,0.9564393939393938,0.03196761217576997,0.5715036579302508,0.10411703062027805,2.0,0.5416666666666666,0.7804824008829896,HI-VAE_piecewise
0.007240192767773717,0.9469696969696969,0.025650460809730803,0.5350379998579445,0.11194335487403088,2.0,0.4947916666666667,0.7833248048034398,HI-VAE_piecewise
0.006511373615264982,0.9550189393939394,0.03927069166024883,0.525626820086654,0.11106766498687955,3.0,0.5260416666666666,0.8061764474083051,HI-VAE_piecewise
0.007093640310584018,0.9521780303030302,0.021434259692153627,0.5415121812628737,0.1114418039752405,1.0,0.53125,0.7825828762266797,HI-VAE_piecewise
0.007884816985744105,0.9469696969696969,0.03251528403192372,0.5545280204559982,0.1224338149384455,1.0,0.53125,0.7877034227282338,HI-VAE_piecewise
0.006304582216367769,0.9559659090909091,0.0463760852987904,0.5351942609560338,0.1440557915607563,1.0,0.5104166666666666,0.7879021922466706,HI-VAE_piecewise
0.005320928880237835,0.9592803030303031,0.012508384250771215,0.4771219546842816,0.11468464460051424,1.0,0.578125,0.7815474512630496,HI-VAE_piecewise
0.006282080703112664,0.9588068181818182,0.02864053542206613,0.4876518218623481,0.13852001301215697,1.0,0.5208333333333334,0.7818303651768042,HI-VAE_piecewise
0.006187141626234165,0.9564393939393938,0.02208312566681566,0.5895837772569075,0.16199683895790654,1.0,0.5208333333333334,0.7931612453396674,HI-VAE_piecewise
0.006476578810985873,0.953125,0.02107281604837634,0.5086653881667733,0.14534509590583908,1.0,0.484375,0.78666339445119,HI-VAE_piecewise
0.005917263101151696,0.9540719696969696,0.03294741855902984,0.5112436962852476,0.12670716081682162,2.0,0.5052083333333334,0.7856909544897682,HI-VAE_piecewise
0.007428970839851906,0.9479166666666665,0.05413144274874329,0.5181440443213295,0.16765714726637385,1.0,0.5052083333333334,0.7928177135908484,HI-VAE_piecewise
0.006058815832557556,0.9602272727272727,0.006407916002495049,0.4796718516940123,0.22215067371349903,1.0,0.5260416666666666,0.7821896509869594,HI-VAE_piecewise
0.00594579832559628,0.9616477272727273,0.017151807652088888,0.47491299097947304,0.10568283641067411,3.0,0.484375,0.786999632030043,HI-VAE_piecewise
0.008352588671330225,0.9479166666666667,0.045171744065297136,0.5156012500887848,0.16226784772361505,2.0,0.59375,0.7734027830892,HI-VAE_piecewise
0.007105184738899129,0.9545454545454547,0.040648421638504816,0.5133887349953832,0.1350881396809136,1.0,0.5625,0.7975214174466614,HI-VAE_piecewise
0.0058832768196588345,0.9625946969696969,0.04619534934813646,0.45702464663683495,0.23543649888660254,2.0,0.5364583333333334,0.7797140982732579,HI-VAE_piecewise
0.018366978448588974,0.8655303030303031,0.03004076152278069,0.7675332054833439,0.0970178783936745,1.0,0.4322916666666667,0.7440509496105789,Surv-GAN
0.020457180154328913,0.8650568181818182,0.044919122938723584,0.7993039278357837,0.09720567061513248,1.0,0.4583333333333333,0.7463920859600689,Surv-GAN
0.014423113839850192,0.8877840909090909,0.023957024923679,0.7922153562042759,0.11807969235605793,1.0,0.4739583333333333,0.7477854736776658,Surv-GAN
0.020058789639296838,0.8532196969696969,0.02545671712765891,0.7849705234746785,0.09086603514628716,2.0,0.4739583333333333,0.7304339132685285,Surv-GAN
0.018609641823980297,0.8688446969696969,0.011601160518535924,0.7819589459478656,0.10129597276616624,3.0,0.4479166666666667,0.7273264936123498,Surv-GAN
0.01314137291420487,0.9053030303030304,0.021664131557794692,0.7632715391718162,0.07984847985875283,2.0,0.5104166666666666,0.7365554350619523,Surv-GAN
0.021628670445041468,0.8484848484848484,0.027586293528879823,0.8068790397045245,0.10224145677865713,2.0,0.4114583333333333,0.725268454832399,Surv-GAN
0.020770569970344124,0.8536931818181818,0.01583742813978961,0.7776617657504085,0.105470874849303,2.0,0.4479166666666667,0.718776011376097,Surv-GAN
0.023727074496241694,0.8442234848484849,0.028605021009083853,0.8129767739186022,0.09912931286112252,1.0,0.4322916666666667,0.7385444904962711,Surv-GAN
0.017964129378226796,0.8678977272727273,0.02100114450970794,0.7917572270757867,0.09757483951815309,2.0,0.4270833333333333,0.7551284275004491,Surv-GAN
0.017299534754753914,0.8697916666666667,0.022752656949401193,0.7589779103629519,0.0929309252822249,1.0,0.4270833333333333,0.7550080994246252,Surv-GAN
0.022619183314945137,0.84375,0.018265721274972255,0.816993394417217,0.09908791536745842,1.0,0.4114583333333333,0.7465055403739715,Surv-GAN
0.017937417007028025,0.8731060606060607,0.03339263567346678,0.792442645074224,0.09658172103848899,1.0,0.4114583333333333,0.7495459087078654,Surv-GAN
0.02089663668433607,0.8612689393939394,0.03149813322425965,0.7947581504368209,0.08726472457588763,1.0,0.4114583333333333,0.7471416020712053,Surv-GAN
0.017859608040913525,0.8759469696969698,0.03992347347930566,0.7809503515874707,0.09007364300135227,1.0,0.390625,0.7389178160592541,Surv-GAN
0.018901327691151375,0.8650568181818182,0.046044701429892226,0.8203423538603595,0.09004414535656098,1.0,0.4583333333333333,0.7483020039368968,Surv-GAN
0.02398387330846177,0.8413825757575758,0.03490263005300267,0.8223275800838128,0.0965947479467516,1.0,0.5,0.7396752094810012,Surv-GAN
0.016939780946088726,0.8773674242424243,0.025159907323445578,0.807908942396477,0.09984633101137204,1.0,0.4010416666666667,0.7346010060770055,Surv-GAN
0.021153490692841583,0.8508522727272727,0.020735930706300407,0.8356736984160807,0.09754716432729656,1.0,0.3802083333333333,0.7353189909441317,Surv-GAN
0.021015036963148333,0.8551136363636364,0.022715062742071433,0.7839015555082036,0.09476421012205964,1.0,0.421875,0.7394372100613802,Surv-GAN
0.013051492647784243,0.8939393939393938,0.018212628979411886,0.7974252432701185,0.09245418231450042,1.0,0.4895833333333333,0.7434949788869343,Surv-GAN
0.01572277129436521,0.8910984848484849,0.032145104785379415,0.7969777683074082,0.09526666760580516,2.0,0.4010416666666667,0.7334554428083383,Surv-GAN
0.020498717888430346,0.852746212121212,0.02009260050076179,0.7697989914056396,0.0940952750142464,1.0,0.4479166666666667,0.72864101114218,Surv-GAN
0.01928569694463252,0.8669507575757577,0.023215095025706272,0.8111691171247959,0.08788710025364292,2.0,0.4010416666666667,0.723977023610507,Surv-GAN
0.017016910605142127,0.8768939393939394,0.013252265939574551,0.8104268769088714,0.10918972006872363,1.0,0.4947916666666667,0.7383430967470517,Surv-GAN
0.02201127419382167,0.8409090909090909,0.03300208263534379,0.7927906811563321,0.10230534910020106,1.0,0.4270833333333333,0.7237791906832465,Surv-GAN
0.02167778379671997,0.8551136363636364,0.03433668487667124,0.8147205057177358,0.09140222479006388,1.0,0.4479166666666667,0.7350741322157157,Surv-GAN
0.01801887930504884,0.8674242424242423,0.010816066169897715,0.8233255202784289,0.09810161010238212,1.0,0.4635416666666667,0.7411934838442776,Surv-GAN
0.021432830845592492,0.8546401515151516,0.01087092091325211,0.7994530861566874,0.09737100135171821,1.0,0.46875,0.7355163136736366,Surv-GAN
0.017254936444805472,0.875,0.0329570179074277,0.7596242630868669,0.08851332672935618,1.0,0.4479166666666667,0.7388542926764725,Surv-GAN
0.019206440667356255,0.8641098484848485,0.015652743268781622,0.7874067760494353,0.09424749138486972,2.0,0.4479166666666667,0.738584782385734,Surv-GAN
0.018864080752102257,0.8631628787878788,0.014655001125781126,0.8030968108530436,0.0986381492960537,1.0,0.4635416666666667,0.7357622312222273,Surv-GAN
0.019094404466395643,0.8617424242424242,0.010222749996962656,0.8118261240144896,0.09901292738539973,3.0,0.4427083333333333,0.7347620922841742,Surv-GAN
0.014955890613043837,0.8854166666666667,0.03557744785521978,0.7580758576603452,0.1003057132059985,1.0,0.46875,0.737633117042033,Surv-GAN
0.018857393240346517,0.8697916666666665,0.019516231459586537,0.7941757227075786,0.09429779406453243,2.0,0.453125,0.7422340755339017,Surv-GAN
0.01802867337337888,0.866003787878788,0.027360980248662927,0.7792208253427091,0.09715509234225528,2.0,0.453125,0.7427253387150383,Surv-GAN
0.01871729476252633,0.8650568181818182,0.02823189618885569,0.8001775694296469,0.09420146038292103,2.0,0.46875,0.736419475828334,Surv-GAN
0.016780720626830847,0.8778409090909091,0.018443269660112244,0.7849065984800057,0.10435298802113284,1.0,0.3854166666666667,0.7447617489635572,Surv-GAN
0.01923892409761528,0.8584280303030302,0.01543292014676804,0.828446622629448,0.0989312173041982,2.0,0.4114583333333333,0.7446942279661837,Surv-GAN
0.02493466241929131,0.8257575757575758,0.03888461702643158,0.7980680446054407,0.09615278677016392,1.0,0.390625,0.7302025933861797,Surv-GAN
0.0207948811025769,0.8536931818181818,0.034552034157697496,0.7859151928404006,0.10491108951973993,1.0,0.453125,0.7411535846092001,Surv-GAN
0.0177515581794089,0.8740530303030304,0.019412907196403,0.7842105263157896,0.1030389341078588,1.0,0.484375,0.7357717792998534,Surv-GAN
0.016751644912032345,0.878314393939394,0.010074384250796918,0.7675189999289722,0.09704719453693657,2.0,0.453125,0.7498574233692938,Surv-GAN
0.016063895066551485,0.8806818181818182,0.016041046323977112,0.7900348036082108,0.0981923884169525,1.0,0.4322916666666667,0.7288925321869507,Surv-GAN
0.0193399747322525,0.8622159090909091,0.021734877280824526,0.7978940265643867,0.0938545772557481,2.0,0.421875,0.750277261083584,Surv-GAN
0.01292316260057787,0.9019886363636364,0.013807829840221893,0.7779529796150294,0.09815860490940985,1.0,0.4635416666666667,0.7489609554711265,Surv-GAN
0.017560668750276745,0.8745265151515151,0.02399437439092438,0.7649726543078342,0.09108933801132058,3.0,0.4479166666666667,0.7463174729720613,Surv-GAN
0.02054015037818915,0.8589015151515151,0.01843822927479563,0.8014063498828042,0.08796605805390016,1.0,0.4375,0.7291845773535574,Surv-GAN
0.015614337970398002,0.8835227272727273,0.012662278343436308,0.7727359897720009,0.09786996217633709,1.0,0.4635416666666667,0.7373094503053397,Surv-GAN
0.021554977844146363,0.8461174242424243,0.041489113647603486,0.804836991263584,0.09627854777132706,1.0,0.4895833333333333,0.740900812543104,Surv-GAN
0.019307823582956598,0.8650568181818182,0.032011785328009995,0.794981887918176,0.09787944445099567,2.0,0.4114583333333333,0.7482679464800142,Surv-GAN
0.018680250935687603,0.8707386363636364,0.019422063957344946,0.8063534341927694,0.11323758746947127,1.0,0.4322916666666667,0.7558200425767098,Surv-GAN
0.017372016356157923,0.8716856060606062,0.014203347673840494,0.7935009588749201,0.10337118906240557,1.0,0.4479166666666667,0.7458469967259934,Surv-GAN
0.02077218368456821,0.8555871212121211,0.041893942894190905,0.8081788479295404,0.0994429229465786,1.0,0.421875,0.7562090096040887,Surv-GAN
0.017239580772186177,0.8707386363636364,0.03755592500967519,0.7720044037218552,0.08656812865397025,1.0,0.4739583333333333,0.7454162511189738,Surv-GAN
0.019748924276431972,0.8560606060606062,0.019103866528953472,0.7878187371262163,0.10636799512817112,2.0,0.4270833333333333,0.7538602463315995,Surv-GAN
0.016749540016948512,0.8778409090909091,0.0334177029543656,0.7590666950777754,0.07703788693862491,3.0,0.4739583333333333,0.7527172353723154,Surv-GAN
0.017249750513580613,0.8778409090909091,0.02427374815109861,0.8034448469351517,0.09610632480709051,1.0,0.484375,0.7242152768945905,Surv-GAN
0.01888461252191313,0.8655303030303029,0.011323670276761746,0.7565487605653811,0.08609374795876802,1.0,0.4322916666666667,0.7533176583029842,Surv-GAN
0.023860018985517137,0.8399621212121212,0.04506734210105012,0.8138433127352795,0.095720836248137,1.0,0.4010416666666667,0.7459611255109502,Surv-GAN
0.019995746947972626,0.8631628787878789,0.02034134843238669,0.7476099154769515,0.09192512782587343,1.0,0.4479166666666667,0.7344599195268984,Surv-GAN
0.018154552931050557,0.868371212121212,0.029893797657064975,0.7881561190425457,0.10201217602618594,1.0,0.4166666666666667,0.7404561124100544,Surv-GAN
0.017630775250648864,0.8678977272727273,0.010625401649772912,0.799051779245685,0.10193447651849523,1.0,0.40625,0.7484381496437975,Surv-GAN
0.023631609951349032,0.8385416666666665,0.055093635507027096,0.8032353150081682,0.09945646038247768,1.0,0.4375,0.7308821517328883,Surv-GAN
0.019094784973248482,0.8650568181818182,0.021362802617590097,0.7643227501953265,0.09661674820872657,1.0,0.453125,0.7504059361694737,Surv-GAN
0.019432748576414756,0.8636363636363636,0.028173389236983794,0.7829284750337381,0.0961338054845177,2.0,0.484375,0.7426457008093084,Surv-GAN
0.016906890731457788,0.8882575757575758,0.03446918788016741,0.7786987712195468,0.10232852626197202,3.0,0.4270833333333333,0.7578324720230613,Surv-GAN
0.020235919962983226,0.8574810606060607,0.011621774327925355,0.8052667092833298,0.1083029912323356,1.0,0.3645833333333333,0.739810962099811,Surv-GAN
0.01868588423102846,0.8674242424242425,0.01673399433242004,0.7736664535833511,0.08410517781069433,1.0,0.3854166666666667,0.7426937894401092,Surv-GAN
0.018505296732960055,0.8716856060606062,0.018766537643315116,0.8047908232118758,0.09947960577606131,1.0,0.4114583333333333,0.7447880778237386,Surv-GAN
0.020975769422376646,0.856060606060606,0.02157523637904342,0.82797783933518,0.09006271723058908,3.0,0.4635416666666667,0.7447357709644943,Surv-GAN
0.01930607048524916,0.866003787878788,0.010544505071712982,0.8151395695717024,0.08540976458752729,1.0,0.4375,0.7452769075851992,Surv-GAN
0.01743521864356466,0.8693181818181818,0.025718904094197133,0.7970416933020811,0.09365770504875504,1.0,0.3958333333333333,0.745925549292549,Surv-GAN
0.018307815432860173,0.8674242424242425,0.02516823732291149,0.7887527523261595,0.08928357804210278,2.0,0.4479166666666667,0.7337161563051723,Surv-GAN
0.019634824173875857,0.8570075757575757,0.022179835462476212,0.7979686057248384,0.09352131942837914,1.0,0.4322916666666667,0.7418019886643005,Surv-GAN
0.019178671117791226,0.8650568181818182,0.04059545776373976,0.7842993110306129,0.11260677944163157,1.0,0.4583333333333333,0.7429083659741452,Surv-GAN
0.018905771796146935,0.8612689393939394,0.019275677672420596,0.8283258754172881,0.10254926253119023,1.0,0.4479166666666667,0.7348183795166665,Surv-GAN
0.017544309246669804,0.8726325757575758,0.016023567605580675,0.754126713544996,0.09382421209100796,1.0,0.375,0.7619024682933024,Surv-GAN
0.016649972358110672,0.8783143939393938,0.023666030192663633,0.8062433411463882,0.08758668192230179,1.0,0.4166666666666667,0.7477894616922706,Surv-GAN
0.02047055882053057,0.8631628787878789,0.03293834597967062,0.7756907450813268,0.09541442414937014,1.0,0.484375,0.7310806519056695,Surv-GAN
0.017180470491984564,0.871685606060606,0.03488568111273754,0.7678031110164074,0.08415475785445181,1.0,0.453125,0.7367151727919611,Surv-GAN
0.019315036914710402,0.859375,0.021115769765975814,0.7565167980680446,0.09624325250769661,2.0,0.4479166666666667,0.7446277835757119,Surv-GAN
0.019335833061599642,0.8622159090909091,0.01932615570921442,0.8213793593294977,0.10608224546302109,1.0,0.4270833333333333,0.7323755128086437,Surv-GAN
0.018103798710805166,0.8683712121212122,0.0308862763790917,0.7813658640528447,0.10129758509040947,2.0,0.4322916666666667,0.7371106334254004,Surv-GAN
0.017760961809761708,0.8754734848484848,0.014756729411845939,0.7814333404361105,0.0923908144108525,1.0,0.453125,0.7469518102767713,Surv-GAN
0.015481692178542316,0.8844696969696969,0.016870540967184048,0.7631543433482492,0.09202548963082523,1.0,0.453125,0.7445368360745074,Surv-GAN
0.020331334472418548,0.8484848484848484,0.015465606543326967,0.8183926415228354,0.10031346629202868,2.0,0.4114583333333333,0.7418251573041529,Surv-GAN
0.020113323385199562,0.862689393939394,0.0408613749861008,0.8335641735918744,0.09656130867225259,1.0,0.3802083333333333,0.7538281460429456,Surv-GAN
0.019743181016637416,0.8598484848484849,0.01953899900543658,0.7763513033596137,0.09544368606138558,2.0,0.4010416666666667,0.7461754245447851,Surv-GAN
0.02046750149810335,0.8532196969696969,0.03371775064541831,0.8161694722636552,0.09421021020408209,3.0,0.46875,0.7367701041318281,Surv-GAN
0.01824396824041412,0.8716856060606062,0.01427591213363033,0.7574898785425102,0.10513476031330606,1.0,0.46875,0.750047112663979,Surv-GAN
0.02043839171351924,0.8603219696969696,0.03324095924510323,0.8044250301868031,0.09436175784760513,2.0,0.4375,0.7473456264786998,Surv-GAN
0.020960891537158396,0.8522727272727273,0.04137613846742145,0.8124298600752894,0.10216275147504535,1.0,0.4427083333333333,0.7367051217086319,Surv-GAN
0.017436310289855598,0.8731060606060607,0.03668262021829242,0.7547695148803182,0.09220228335465759,2.0,0.453125,0.7598820362690155,Surv-GAN
0.013888850318479102,0.8986742424242425,0.00975570802792703,0.7639463030044747,0.08330522762939,2.0,0.4635416666666667,0.7393538014179646,Surv-GAN
0.02310976939948012,0.8409090909090909,0.035050990220550214,0.818122735989772,0.09648671101971511,1.0,0.4270833333333333,0.7505999240430888,Surv-GAN
0.02030218839874675,0.8527462121212122,0.01956698374682113,0.8123091128631295,0.1033934176342207,1.0,0.4427083333333333,0.7344971285679202,Surv-GAN
0.021429325281254116,0.8494318181818182,0.03473136348040827,0.8018467220683287,0.10029160840951971,1.0,0.4583333333333333,0.7524435998804685,Surv-GAN
0.016700369625397362,0.8702651515151516,0.01988263027243233,0.8350770651324668,0.09775973769348896,1.0,0.4166666666666667,0.7477407855967924,Surv-GAN
0.016655451424109978,0.8816287878787878,0.009725540553484945,0.7947794587683784,0.0868779289076046,1.0,0.453125,0.75113194621033,Surv-GAN
0.020854263480323456,0.8560606060606062,0.018253252518683042,0.8146352723915051,0.0865181605749326,1.0,0.4635416666666667,0.7275918789345999,Surv-GAN
0.022320802437496654,0.8432765151515152,0.03010504217619719,0.763516584984729,0.0955343168370381,1.0,0.484375,0.7370200628423048,Surv-GAN
0.018839291022163838,0.8650568181818182,0.035538446721370076,0.8037715746857022,0.09877364567301737,1.0,0.46875,0.7465266516102426,Surv-GAN
0.019275633880857075,0.8570075757575758,0.010958843760606601,0.8305312877335037,0.10627269836760585,2.0,0.375,0.7451060439147681,Surv-GAN
0.021894704127364887,0.8499053030303031,0.011617581915163154,0.8114638823780098,0.09994698718719958,1.0,0.4322916666666667,0.7324203726487307,Surv-GAN
0.02031156481181752,0.8589015151515151,0.035939595793666804,0.785943603949144,0.08373670940808509,1.0,0.4479166666666667,0.7616376716413281,Surv-GAN
0.021465965617354383,0.8574810606060606,0.05217089704892621,0.8173307763335463,0.09529716387500227,1.0,0.390625,0.7559755272053114,Surv-GAN
0.018499392543950353,0.8693181818181818,0.019487808864171573,0.7963598266922367,0.09735427646383511,2.0,0.453125,0.7271741979052847,Surv-GAN
0.02217874861728695,0.8461174242424243,0.016716637274351742,0.8137367710774914,0.09138461591349488,2.0,0.4270833333333333,0.7470862921368441,Surv-GAN
0.015833759731216077,0.8731060606060607,0.03495600904730375,0.7796363378080831,0.08897122559584715,1.0,0.4010416666666667,0.7484945770934731,Surv-GAN
0.017457916257657562,0.8768939393939393,0.047111597019300434,0.7826230556147454,0.0875756282605995,1.0,0.484375,0.7345063887621484,Surv-GAN
0.01659704985714776,0.8792613636363636,0.011167784573462748,0.7593756658853612,0.0942321749166064,1.0,0.4635416666666667,0.7421383001616858,Surv-GAN
0.01973475833670071,0.8645833333333333,0.04563755006868416,0.7731230911286313,0.10620892442582991,1.0,0.4114583333333333,0.7464439796386007,Surv-GAN
0.020065016762267095,0.8598484848484849,0.026515621949142313,0.784949215143121,0.09313359614789891,2.0,0.4270833333333333,0.7359750959350165,Surv-GAN
0.01854455094485968,0.8655303030303031,0.020284268623808062,0.8199303927835784,0.10496620342105811,1.0,0.484375,0.733794028428856,Surv-GAN
0.017104360187848076,0.8773674242424243,0.03230665073497604,0.761865189289012,0.09603407444872385,2.0,0.4479166666666667,0.7530660372408097,Surv-GAN
0.0190944987278401,0.8664772727272727,0.029753434049211897,0.7824277292421337,0.11212377844218092,2.0,0.4010416666666667,0.7514153408376639,Surv-GAN
0.017859145850514544,0.8764204545454546,0.030367307124072446,0.8061616592087505,0.08977553421428452,2.0,0.4322916666666667,0.7396315312232298,Surv-GAN
0.019008936375052767,0.866003787878788,0.011719273869863727,0.7586263228922507,0.11319151214586883,1.0,0.453125,0.742020965053682,Surv-GAN
0.01448743852207372,0.8849431818181818,0.021357355180165207,0.7959940336671638,0.09263292230697406,1.0,0.4322916666666667,0.7477794241373305,Surv-GAN
0.020680182624922692,0.8489583333333333,0.0201140174583181,0.8000426166631153,0.09654423747648215,2.0,0.4635416666666667,0.7349705495079167,Surv-GAN
0.015521938905807104,0.8754734848484849,0.017416947177001756,0.8045067121244406,0.09560548141013488,1.0,0.4375,0.7548287964411367,Surv-GAN
0.017762270484416563,0.8773674242424242,0.03850832129764094,0.7731550536259678,0.10258434290758167,1.0,0.4114583333333333,0.7420724487021573,Surv-GAN
0.018523426544686195,0.8707386363636364,0.04681986001599649,0.8152745223382342,0.10016239438814496,2.0,0.4427083333333333,0.7365438212913924,Surv-GAN
0.020388404508760758,0.8603219696969698,0.029544009436166016,0.7813267987783223,0.09272486069670345,1.0,0.4479166666666667,0.7379878718017688,Surv-GAN
0.01491555319167578,0.8910984848484849,0.038345429351814134,0.7513814901626535,0.10535461542785345,2.0,0.4739583333333333,0.740633997144456,Surv-GAN
0.020748033257219425,0.8551136363636364,0.039583535637157954,0.8049683926415229,0.09819870616928685,1.0,0.4635416666666667,0.7395888482265587,Surv-GAN
0.015103070741722317,0.890625,0.011090478375265982,0.7630371475246821,0.09404301992652393,3.0,0.4583333333333333,0.7409307708096433,Surv-GAN
0.018815445531063582,0.8650568181818182,0.03000303428760568,0.8105156616236948,0.10020923352611226,2.0,0.4166666666666667,0.7454250210983596,Surv-GAN
0.022178806969452944,0.8413825757575757,0.032521618310037886,0.7984480431848853,0.10123798183773662,1.0,0.4270833333333333,0.7448250509006393,Surv-GAN
0.02039339217748607,0.8570075757575758,0.04536701919095448,0.8232225300092336,0.11816874170545393,1.0,0.4114583333333333,0.7434847072639118,Surv-GAN
0.017908872245652664,0.8660037878787878,0.03870426040629183,0.7918673201221678,0.09926736113977086,1.0,0.40625,0.7377829030004454,Surv-GAN
0.017580191560812246,0.8712121212121211,0.02984402107752379,0.8230982314084807,0.09329943952594211,2.0,0.4166666666666667,0.7367604239114419,Surv-GAN
0.017677122367270284,0.8731060606060607,0.014398020202027292,0.7897151786348462,0.09417414576863814,1.0,0.4010416666666667,0.7397375284919231,Surv-GAN
0.017867398938955305,0.8731060606060606,0.03546305570219452,0.7949676823638042,0.09565309327757199,2.0,0.421875,0.728252692264682,Surv-GAN
0.02009622094440322,0.8636363636363636,0.03606354160324312,0.7728496342069748,0.09728910443770876,1.0,0.4791666666666667,0.7344686750466948,Surv-GAN
0.020696975733186792,0.8579545454545454,0.03736503917197831,0.797411037715747,0.09255815185570249,1.0,0.421875,0.7457626211218076,Surv-GAN
0.013400910003280059,0.8944128787878789,0.015395772746761863,0.816116201434761,0.10728268530137085,1.0,0.3697916666666667,0.7445880855485036,Surv-GAN
0.01851971660430842,0.8678977272727273,0.042293681966545184,0.7715746857021095,0.08704473348634302,1.0,0.4791666666666667,0.7350557738239685,Surv-GAN
0.01667493404648487,0.8764204545454546,0.015611045752999084,0.8185560053981107,0.09925654076879074,1.0,0.453125,0.7420674867886731,Surv-GAN
0.02404560357777274,0.840435606060606,0.02946620103795895,0.7544321329639889,0.08428198991914837,1.0,0.4583333333333333,0.7476253568455238,Surv-GAN
0.01764597687231634,0.8773674242424243,0.01910541973629285,0.7819553945592727,0.08827792916192949,2.0,0.4479166666666667,0.7360177360996615,Surv-GAN
0.022518862813581564,0.8499053030303031,0.013447907148048348,0.7767028908303146,0.09517266990522784,1.0,0.4322916666666667,0.7337262702896916,Surv-GAN
0.019972269538053766,0.8555871212121211,0.046433925249311794,0.8420448895518147,0.09886164406455526,1.0,0.4479166666666667,0.7452560918268657,Surv-GAN
0.021065133369505298,0.847064393939394,0.01749623901419223,0.8098551033454081,0.10118923795567929,1.0,0.4635416666666667,0.7466322192309853,Surv-GAN
0.016536508246107584,0.8721590909090909,0.04796943947081364,0.7565416577881952,0.09168804129999814,1.0,0.4947916666666667,0.7386642851365165,Surv-GAN
0.022620332861267647,0.8508522727272727,0.02777732483165516,0.8340187513317708,0.09217101276199709,1.0,0.4166666666666667,0.7445092420441918,Surv-GAN
0.0182360538112968,0.8650568181818182,0.026221476695104978,0.8016407415299381,0.08958663125571613,1.0,0.453125,0.7329992942218827,Surv-GAN
0.02215071927250731,0.8390151515151515,0.02609039432320478,0.8169223666453582,0.1068745900181159,2.0,0.3958333333333333,0.7397773507599502,Surv-GAN
0.02214498584557805,0.8527462121212122,0.051062746857080274,0.8307621279920449,0.1018777620155364,1.0,0.4895833333333333,0.7494745240105937,Surv-GAN
0.022696101821336138,0.8413825757575757,0.0551301134337181,0.837840045457774,0.10754242683364373,1.0,0.375,0.724195989278808,Surv-GAN
0.018320817281172675,0.8792613636363636,0.024620417997003215,0.7507493429931105,0.08195360874516124,1.0,0.4427083333333333,0.7161921489800185,Surv-GAN
0.02471107354078911,0.8352272727272727,0.04259866726522693,0.7960757156048015,0.09659192528609367,1.0,0.40625,0.7348659530884291,Surv-GAN
0.02098976963677793,0.8622159090909091,0.04754203437970978,0.7756268200866538,0.09011041381280414,1.0,0.4791666666666667,0.7427577633219757,Surv-GAN
0.017829454586651815,0.8688446969696971,0.015170420690448381,0.7769585908090063,0.08859870160794799,1.0,0.4895833333333333,0.729365354307293,Surv-GAN
0.018613569663706513,0.8655303030303029,0.038609297636834704,0.7978514099012715,0.09768588463363248,1.0,0.4322916666666667,0.7553200513842555,Surv-GAN
0.018434003793380695,0.8674242424242423,0.02237027006817251,0.7956815114709851,0.0983284003434085,1.0,0.4583333333333333,0.7400303614132723,Surv-GAN
0.017775134010942516,0.8702651515151515,0.04003957627387363,0.7816890404148022,0.10185438037350825,2.0,0.4270833333333333,0.7549547196171957,Surv-GAN
0.021280224236552535,0.8494318181818182,0.011271635741918312,0.8180410540521343,0.09499818282571997,2.0,0.4010416666666667,0.7440257140623622,Surv-GAN
0.016459643420105793,0.8787878787878788,0.030314031742306347,0.7912955465587046,0.09789796466695161,1.0,0.40625,0.7357141043640052,Surv-GAN
0.022980645571153643,0.8428030303030304,0.0218958398670878,0.7904645216279566,0.08962347663886028,1.0,0.4166666666666667,0.7407954069559206,Surv-GAN
0.01976952304406624,0.8607954545454546,0.04697498329064595,0.7924071311882945,0.08732513274957954,1.0,0.453125,0.7475158638168033,Surv-GAN
0.02005796364505983,0.8660037878787878,0.022324312309986296,0.737602102422047,0.08908855778911644,1.0,0.4166666666666667,0.7361124530482727,Surv-GAN
0.01948002516489554,0.859375,0.03559716998439962,0.7719120676184389,0.09559333955699835,1.0,0.4270833333333333,0.7331503507751428,Surv-GAN
0.01873442539370675,0.8683712121212122,0.025006932868060675,0.816293770864408,0.11017901924019942,1.0,0.4322916666666667,0.7401469714685976,Surv-GAN
0.019506549892970383,0.8645833333333335,0.014940327188607888,0.8132253711201078,0.08787047004216819,3.0,0.4322916666666667,0.7293144622487016,Surv-GAN
0.016014216843247987,0.8806818181818182,0.022185638498968298,0.7803039988635557,0.10550003721371888,1.0,0.390625,0.7417260894029934,Surv-GAN
0.016347857983882507,0.878314393939394,0.03851033769511012,0.7748206548760566,0.09891116718816462,1.0,0.5208333333333334,0.7548971354138044,Surv-GAN
0.020468585783936843,0.8570075757575758,0.03774518504376898,0.7679061012856027,0.10259115138491137,2.0,0.4375,0.7529468085494321,Surv-GAN
0.019878419949088125,0.8612689393939394,0.041155971967288846,0.7707330066055829,0.09260982826076851,1.0,0.5104166666666666,0.7437350528300516,Surv-GAN
0.021202630900488087,0.8603219696969698,0.03421861865214722,0.7425775978407556,0.09960661703507694,1.0,0.390625,0.7420717548473525,Surv-GAN
0.020845233393662493,0.8565340909090909,0.02849204166133137,0.808970807585766,0.09976074346203721,3.0,0.4166666666666667,0.7354884987412641,Surv-GAN
0.021553183477203388,0.8503787878787878,0.027405575783888775,0.8000390652745223,0.089318855839764,1.0,0.4583333333333333,0.7449645675973449,Surv-GAN
0.020006141446202417,0.8612689393939393,0.039067857467601656,0.7898004119610768,0.10681480668857307,1.0,0.4479166666666667,0.7354794497157132,Surv-GAN
0.019441874788991523,0.8622159090909091,0.010744597330173604,0.7923716173023652,0.09190070587833331,2.0,0.4322916666666667,0.7427721536047712,Surv-GAN
0.018719300905952512,0.8716856060606062,0.03831726910187956,0.7785922295617587,0.10129716945462953,1.0,0.4635416666666667,0.7300659290861649,Surv-GAN
0.0192146364168288,0.862689393939394,0.04659079147779247,0.8076390368634137,0.10330580360868957,1.0,0.40625,0.7329760192332194,Surv-GAN
0.01739932799644839,0.8735795454545454,0.0187199197856183,0.8211414162937707,0.10388076301701343,1.0,0.40625,0.7214491848857012,Surv-GAN
0.015149981908034882,0.8778409090909091,0.016482196273655585,0.7901058313800696,0.09477321267692836,1.0,0.4270833333333333,0.7425128122338385,Surv-GAN
0.018457440428111895,0.8726325757575757,0.016003407960512916,0.7604979046807301,0.08873279034695002,1.0,0.4375,0.7537781636124868,Surv-GAN
0.01617178346391552,0.8745265151515151,0.03064063031107348,0.8059130620072448,0.09915797458513148,1.0,0.4114583333333333,0.7443085938547863,Surv-GAN
0.019932232785830648,0.8612689393939394,0.024691765920336905,0.802830456708573,0.10234734363716975,2.0,0.46875,0.734377880806644,Surv-GAN
0.013928393318517189,0.8963068181818182,0.02434364925056611,0.7718978620640671,0.10051244317751377,2.0,0.390625,0.7392727315779409,Surv-GAN
0.024012421513056235,0.8385416666666667,0.02761846250795544,0.7659315292279283,0.09188630488158739,2.0,0.5104166666666666,0.7372200412660163,Surv-GAN
0.02323283150186216,0.8432765151515151,0.0455004412961408,0.8236238369202358,0.09508878782374848,1.0,0.3958333333333333,0.747450651890672,Surv-GAN
0.02264797420518002,0.8451704545454546,0.04313893774585051,0.8073407202216067,0.09454830455846937,2.0,0.453125,0.7452470495461772,Surv-GAN
0.020412034796774146,0.8532196969696971,0.05122148273274949,0.7587435187158179,0.10278731077468951,2.0,0.421875,0.7380905360579622,Surv-GAN
0.017040173216182126,0.8721590909090909,0.022934816679371958,0.7869486469209461,0.09592331129679453,1.0,0.4739583333333333,0.7436595803859014,Surv-GAN
0.0214416144526022,0.852746212121212,0.010146250353469709,0.7836955749698132,0.08566731575803566,1.0,0.4739583333333333,0.7367148134689159,Surv-GAN
0.020892766891551742,0.8555871212121211,0.041576902726903744,0.8242808438099297,0.0896175501538996,1.0,0.4583333333333333,0.7380742552066948,Surv-GAN
0.020492811072919285,0.856060606060606,0.043056497704999024,0.7831877264010227,0.0866047265482644,1.0,0.4895833333333333,0.7452603714854145,Surv-GAN
0.020375974498631117,0.8522727272727273,0.04388645549446494,0.8129696711414163,0.10232621168082105,1.0,0.3958333333333333,0.7475572784478797,Surv-GAN
0.02146931984728451,0.8461174242424242,0.02654230383164938,0.7938241352368777,0.09698183467639077,2.0,0.4479166666666667,0.7367498196653666,Surv-GAN
0.022775293317512747,0.8461174242424242,0.03613145697237124,0.7846189360039777,0.09973039841276728,1.0,0.4322916666666667,0.7393429818941026,Surv-GAN
0.015677921253612365,0.8868371212121212,0.02727944203874235,0.7848462248739257,0.10716887143698935,1.0,0.453125,0.7425614842451047,Surv-GAN
0.024194960053588375,0.8342803030303029,0.02537488490281425,0.7981248668229277,0.09888978613302322,2.0,0.4322916666666667,0.7363353353585019,Surv-GAN
0.021499080505951982,0.8527462121212122,0.0250347218740061,0.7531145677960083,0.10023340692549694,1.0,0.4322916666666667,0.7344521054600172,Surv-GAN
0.02013020619771377,0.8589015151515152,0.02610367761775962,0.810689679664749,0.08977005774288833,1.0,0.4114583333333333,0.7476217068773645,Surv-GAN
0.019839091228398498,0.8688446969696969,0.044828176885453465,0.8356985581362313,0.08854350553893829,1.0,0.4375,0.7461514466796674,Surv-GAN
0.016001805801329,0.8835227272727273,0.02254072796580169,0.7727715036579303,0.09621087546152222,1.0,0.4479166666666667,0.7404974148786142,Surv-GAN
0.014576930040132786,0.8910984848484848,0.015858752169562753,0.7436536685844166,0.10371771591433226,1.0,0.4479166666666667,0.8226935843045635,Surv-VAE
0.01890009616476688,0.8693181818181818,0.057937569415108046,0.7458803892321898,0.11804185676923191,1.0,0.5052083333333334,0.8137097160075376,Surv-VAE
0.012869646422455049,0.8982007575757577,0.05801579407773421,0.7239470132821935,0.1429716153596913,1.0,0.4947916666666667,0.8100031883545091,Surv-VAE
0.01354687006961755,0.8939393939393938,0.01565288863471857,0.7476880460259961,0.15227768507875833,1.0,0.4635416666666667,0.8109187674065096,Surv-VAE
0.012705578955288094,0.8972537878787878,0.03570758707576324,0.6917004048582995,0.15137729074763515,1.0,0.4947916666666667,0.8040626423261577,Surv-VAE
0.014953141802180013,0.8925189393939393,0.05463370800237283,0.6802933446977768,0.13703375857344338,1.0,0.453125,0.8171078130417903,Surv-VAE
0.016137704632236072,0.8863636363636364,0.04337591609519987,0.783294268058811,0.14555871162663295,2.0,0.46875,0.7995992547773674,Surv-VAE
0.01292217245886493,0.9010416666666665,0.023414025971300018,0.746168051708218,0.09592669900995195,2.0,0.4947916666666667,0.8080414427639896,Surv-VAE
0.013912795305712782,0.8967803030303031,0.05659515050486565,0.7186128276155976,0.10722006794380612,2.0,0.4739583333333333,0.8043369032719226,Surv-VAE
0.01421763789693759,0.8877840909090909,0.05404738467618266,0.7508736415938632,0.19743585603695044,1.0,0.5052083333333334,0.8043689301607542,Surv-VAE
0.015699568278442568,0.8948863636363636,0.01145383579256129,0.7254421478798211,0.12034537787218297,1.0,0.46875,0.8206776557916988,Surv-VAE
0.011688313271413066,0.9024621212121211,0.013263315639263001,0.7438987143973294,0.15966089391577185,1.0,0.515625,0.8061235924916571,Surv-VAE
0.013103280194311758,0.9038825757575758,0.04075410845640907,0.668119184601179,0.13929571754023776,1.0,0.4739583333333333,0.8003474330773884,Surv-VAE
0.012009790546317418,0.9048295454545454,0.05912193773185858,0.7063996022444776,0.16778550977846743,1.0,0.4739583333333333,0.8190750651777768,Surv-VAE
0.01566844566828091,0.8792613636363636,0.02706120245003177,0.7446658143334044,0.19497072058865705,1.0,0.515625,0.8175655407188523,Surv-VAE
0.014450587634549561,0.8783143939393938,0.02115672853518847,0.7881525676539527,0.1319673377529197,1.0,0.4583333333333333,0.8072674017925534,Surv-VAE
0.014351674647569585,0.8901515151515151,0.07132907573781389,0.7085126784572767,0.1238071713000584,2.0,0.4739583333333333,0.8044060647465782,Surv-VAE
0.015698652725592042,0.8887310606060606,0.047132942823236865,0.7174550749342993,0.11891410243038607,1.0,0.5,0.8045396072867983,Surv-VAE
0.016034118661293548,0.8929924242424242,0.055735130214816214,0.7030648483557072,0.1369367548381192,1.0,0.4739583333333333,0.8198921380936398,Surv-VAE
0.014420288570257123,0.8986742424242425,0.05411674598443631,0.7077704382413524,0.14556085310980837,1.0,0.484375,0.811227970988387,Surv-VAE
0.016343333111518643,0.8797348484848484,0.03489807608638544,0.7452624476170182,0.14818888959966917,1.0,0.4791666666666667,0.7998859772146368,Surv-VAE
0.015285253169586715,0.8901515151515151,0.041303236800116626,0.6980858015484055,0.10131195881419497,1.0,0.4895833333333333,0.8114720279327767,Surv-VAE
0.018689470627605665,0.875,0.06898900828747756,0.7203920733006606,0.16391245275442512,1.0,0.4791666666666667,0.8057140445880369,Surv-VAE
0.014474041845600716,0.8986742424242423,0.032120005189370866,0.7601782797073656,0.12029028420885117,1.0,0.453125,0.8177358957013948,Surv-VAE
0.015483785949986855,0.8806818181818182,0.06992006832790756,0.7399886355565026,0.16703913555989755,1.0,0.4583333333333333,0.817389869569479,Surv-VAE
0.014596582813680174,0.8910984848484849,0.05375852829613727,0.7038141913488174,0.1144680099430649,1.0,0.4791666666666667,0.8111023992361006,Surv-VAE
0.013768993332550477,0.8910984848484848,0.02197487525101582,0.7222956175864763,0.08097533506690748,1.0,0.4791666666666667,0.7976805229749884,Surv-VAE
0.015033807926119526,0.8944128787878788,0.04462220454478388,0.7116698629164004,0.13589484035613994,1.0,0.4635416666666667,0.8163197762014407,Surv-VAE
0.016555640400932874,0.8797348484848484,0.05478822135766402,0.7257972867391149,0.13323083062094473,1.0,0.421875,0.8096739332635573,Surv-VAE
0.015247917029595558,0.8948863636363636,0.0215950513318673,0.7312131543433482,0.15201488990204012,2.0,0.5208333333333334,0.8072424366848655,Surv-VAE
0.012433522552033926,0.9005681818181817,0.011458608393041554,0.7075431493714042,0.15664917883542082,3.0,0.484375,0.8096779335169728,Surv-VAE
0.013508070856911535,0.8986742424242423,0.07247618812033484,0.7231443994601889,0.09826520031246343,1.0,0.4375,0.8143619437512272,Surv-VAE
0.018621281026918752,0.8745265151515151,0.15500619300585847,0.7674160096597771,0.13030327933644315,2.0,0.4895833333333333,0.81029417007352,Surv-VAE
0.012674257290423823,0.9000946969696969,0.05087986640180875,0.7518680303998864,0.1385040790602957,1.0,0.4583333333333333,0.8025248254842455,Surv-VAE
0.01529013287948839,0.8901515151515152,0.048129100805747616,0.7145677960082393,0.13690060211373864,1.0,0.515625,0.8002818094493881,Surv-VAE
0.016183142824287757,0.8854166666666667,0.06617034816651407,0.7308864265927978,0.13123531338003794,1.0,0.4635416666666667,0.8031808291271639,Surv-VAE
0.013110354516077742,0.8910984848484848,0.026180354742922636,0.7636018183109596,0.13891042311993848,1.0,0.46875,0.820160441984751,Surv-VAE
0.013091432255900714,0.8920454545454546,0.010716943962513027,0.7288834434263798,0.18363619106523857,1.0,0.5,0.8061615806839144,Surv-VAE
0.012642655148340239,0.8972537878787878,0.010521882996993678,0.7242701896441508,0.11257286859534586,1.0,0.4739583333333333,0.8036408132417774,Surv-VAE
0.012937281272401043,0.8977272727272727,0.07574905755362986,0.7592442645074223,0.15353316505968065,1.0,0.4791666666666667,0.8017857908057303,Surv-VAE
0.01736990554297417,0.8735795454545454,0.017763921035409108,0.7430073158605014,0.09611666623633079,2.0,0.4895833333333333,0.8109344667388307,Surv-VAE
0.014676073970831253,0.8958333333333333,0.015595816333164989,0.7101782797073656,0.13525676142287468,1.0,0.4895833333333333,0.8105525156663314,Surv-VAE
0.015363081039568367,0.8844696969696969,0.055618654321115776,0.7147631223808509,0.13648420153346452,1.0,0.5104166666666666,0.8072171330167847,Surv-VAE
0.013436050779803426,0.9000946969696971,0.015817249281365568,0.7115278073726827,0.15509686865172648,1.0,0.4791666666666667,0.7988481334169115,Surv-VAE
0.015300121803787908,0.8787878787878788,0.041796848343977185,0.7195042261524256,0.1348092940479855,1.0,0.4322916666666667,0.8157086501546115,Surv-VAE
0.017435561874159063,0.8740530303030302,0.05943955710136389,0.7162795653100363,0.15422111810068587,2.0,0.4895833333333333,0.8178043358417467,Surv-VAE
0.012554091754137402,0.9071969696969696,0.04415970096826746,0.7005113999573833,0.1429504195361593,1.0,0.4739583333333333,0.8087499278394794,Surv-VAE
0.014860141865406622,0.8868371212121212,0.03483971987334264,0.7465409475104766,0.128195674010013,2.0,0.4479166666666667,0.8251288666831529,Surv-VAE
0.016780691587618433,0.8816287878787878,0.0837542714380033,0.747933091838909,0.1552629349513481,2.0,0.484375,0.8068702602451358,Surv-VAE
0.017912632965446776,0.8707386363636364,0.01908708807797692,0.7509908374174301,0.11128381544034645,1.0,0.5104166666666666,0.8149521062651269,Surv-VAE
0.015337707766407334,0.8882575757575758,0.05142599670799961,0.7276546629732226,0.15485522150673225,1.0,0.40625,0.8018165688794777,Surv-VAE
0.014395547778380624,0.8958333333333335,0.018710142745928266,0.6868421052631579,0.11634610423885584,1.0,0.484375,0.8092775693276488,Surv-VAE
0.011690877396739647,0.9076704545454546,0.016364910366030782,0.6882306982029973,0.13721181461147325,1.0,0.515625,0.8050621012013908,Surv-VAE
0.014401707876588139,0.8929924242424242,0.08587189648604653,0.719490020598054,0.15735878079031507,1.0,0.4739583333333333,0.8115800318971407,Surv-VAE
0.012104355784873804,0.9034090909090909,0.05408040551143103,0.6682825484764543,0.12253574116983468,1.0,0.5260416666666666,0.8182321377942356,Surv-VAE
0.011558789512064955,0.909090909090909,0.01245425044365876,0.6808296043753108,0.10972010774921337,1.0,0.5104166666666666,0.8018529597594397,Surv-VAE
0.01638622355647358,0.875,0.0824333570053639,0.7068577313729668,0.15008002252019073,3.0,0.5052083333333334,0.8067423369159418,Surv-VAE
0.013556002282271192,0.8986742424242425,0.03174345405993337,0.7382235954258116,0.1312237644479098,1.0,0.4791666666666667,0.8083654186871613,Surv-VAE
0.014083620533600695,0.8929924242424242,0.06519576378931798,0.6884650898501314,0.1595109131728316,1.0,0.5208333333333334,0.8053416910019445,Surv-VAE
0.015563310435124222,0.8920454545454546,0.010650417085534056,0.705781660629306,0.09026722732078553,1.0,0.515625,0.8046492924570581,Surv-VAE
0.01424721677759031,0.8854166666666667,0.06620286164549395,0.7694154414376021,0.14374380896130992,1.0,0.4427083333333333,0.8085555467212837,Surv-VAE
0.014101990123330506,0.890625,0.059682275844331556,0.7077420271326089,0.12747450359607265,1.0,0.5,0.8137416173093763,Surv-VAE
0.014916416135214496,0.8934659090909091,0.08221005435734827,0.7226649620001421,0.1452823032417722,1.0,0.4739583333333333,0.8092598898763622,Surv-VAE
0.015114807795235862,0.890625,0.05817941516969167,0.7444704879607926,0.17724710464020288,2.0,0.515625,0.8118519232048638,Surv-VAE
0.015885658967878507,0.8849431818181818,0.06379523965546478,0.7172775055046523,0.13711258048116567,1.0,0.4791666666666667,0.8011788646512894,Surv-VAE
0.014263051364477712,0.8948863636363636,0.03975967587290735,0.7528624192059096,0.13536617889742053,1.0,0.5260416666666666,0.8155256069111728,Surv-VAE
0.013327537121575455,0.890625,0.060909933517312276,0.7455536614816394,0.1671308930427017,2.0,0.4635416666666667,0.8089464400258944,Surv-VAE
0.011982411250225313,0.9086174242424242,0.019315404472228917,0.7030506428013353,0.14335767624936682,1.0,0.5052083333333334,0.8096488550909477,Surv-VAE
0.017037217332007734,0.8773674242424242,0.016112767745870973,0.7987215001065416,0.12680123021017334,1.0,0.5104166666666666,0.7991172329581425,Surv-VAE
0.012564890258438143,0.8944128787878789,0.03959288168660259,0.7049222245898145,0.15672148604865208,1.0,0.46875,0.8153419298342612,Surv-VAE
0.014709110033663706,0.8982007575757577,0.02220137354727095,0.7053661481639322,0.08750639324242443,1.0,0.484375,0.8182327346447517,Surv-VAE
0.015187170127775528,0.893939393939394,0.041873634274902934,0.7133851836067902,0.11573282418575427,1.0,0.4895833333333333,0.8109062052338888,Surv-VAE
0.015009355357091513,0.8759469696969696,0.025814261258668793,0.7612614532282123,0.1466559443861167,1.0,0.5208333333333334,0.8199431610305413,Surv-VAE
0.015461778819456595,0.8887310606060607,0.051710246724213815,0.7529867178066624,0.17101068474781445,1.0,0.484375,0.8266005961255366,Surv-VAE
0.015527725368515943,0.8920454545454546,0.020837451408906995,0.7022799914766674,0.17340945365582447,1.0,0.5052083333333334,0.8161924402093732,Surv-VAE
0.0170799994330123,0.8811553030303031,0.10389387704605037,0.7482420626464947,0.14561762816953383,1.0,0.40625,0.8130335441685487,Surv-VAE
0.016331148558169327,0.8877840909090909,0.03771625592635607,0.7220186092762271,0.11886300856037983,2.0,0.5104166666666666,0.8102195236505785,Surv-VAE
0.015503693592133345,0.8882575757575758,0.047929146586083195,0.7177036721358051,0.14061558259009055,1.0,0.4739583333333333,0.8108891532603545,Surv-VAE
0.01633450374825098,0.8787878787878789,0.04563980746186288,0.7199907663896583,0.15030783385773375,2.0,0.4947916666666667,0.8024848437080127,Surv-VAE
0.01615289279448192,0.8816287878787878,0.026338059305925712,0.741618722920662,0.08632192605334836,1.0,0.4739583333333333,0.8138687130271369,Surv-VAE
0.014666185653128357,0.8948863636363636,0.04484149088714231,0.7037857802400739,0.122700570215438,1.0,0.4583333333333333,0.7976253352581307,Surv-VAE
0.013702143168940355,0.8944128787878788,0.029170890530391232,0.700124298600753,0.18150190871915853,1.0,0.4583333333333333,0.8158376689408099,Surv-VAE
0.012695845650514624,0.8982007575757577,0.014712460787171396,0.714113218268343,0.11724079913793321,1.0,0.421875,0.8165967835624403,Surv-VAE
0.013552030342259408,0.8967803030303031,0.057268379882254195,0.7508239221535621,0.13596892411792524,1.0,0.4791666666666667,0.8081570991381248,Surv-VAE
0.014764373739858073,0.9005681818181817,0.00819240949348534,0.7261417714326301,0.092884555334858,1.0,0.4479166666666667,0.8075546833029095,Surv-VAE
0.01621572500890457,0.8887310606060607,0.029939900353228178,0.6815114709851553,0.11463921488805838,1.0,0.4583333333333333,0.8019070152678459,Surv-VAE
0.01408265543677391,0.893939393939394,0.019799187442345538,0.6967327224944952,0.09764875615217773,1.0,0.4791666666666667,0.7987098797650491,Surv-VAE
0.019899967778257286,0.8674242424242425,0.05214066067880536,0.7390617231337453,0.13529618566382443,1.0,0.453125,0.8205421391538757,Surv-VAE
0.012619434023144638,0.8977272727272727,0.03828158070773325,0.7498366361247248,0.1411642568377976,1.0,0.4583333333333333,0.810693947694399,Surv-VAE
0.01158969707151033,0.9081439393939393,0.04422337728376102,0.7007955110448185,0.1360575258226088,1.0,0.5,0.8083415313262567,Surv-VAE
0.012221495703442388,0.9053030303030304,0.0383586518476718,0.7234888841537042,0.16274035704008502,1.0,0.5052083333333334,0.8104644910650045,Surv-VAE
0.014377477437567189,0.8892045454545454,0.017910413308657582,0.7444704879607926,0.09226065253349543,1.0,0.484375,0.8095427517353637,Surv-VAE
0.013566192439334114,0.8986742424242423,0.012702701402217985,0.7199943177782513,0.11160154302519988,1.0,0.5416666666666666,0.7984664975398826,Surv-VAE
0.014791876265270988,0.8958333333333333,0.04201538284512018,0.7410398465800128,0.17688796809275587,1.0,0.421875,0.813237026046831,Surv-VAE
0.01644126175125576,0.875,0.05687170887023802,0.7671141416293772,0.15739535110057368,1.0,0.4479166666666667,0.8177530852157396,Surv-VAE
0.014666107747714381,0.8944128787878788,0.08041435182642075,0.728688117053768,0.12267889487539181,1.0,0.4739583333333333,0.810028191847901,Surv-VAE
0.016295201279181906,0.8925189393939394,0.04539150925052902,0.7349279068115633,0.12573337095562367,1.0,0.4791666666666667,0.8083311453965996,Surv-VAE
0.01468468469858273,0.883996212121212,0.05439117963840216,0.7171354499609348,0.09836598550187899,1.0,0.515625,0.8052574024932988,Surv-VAE
0.012821052678386907,0.9038825757575757,0.026540708888057297,0.6542652177001207,0.1542181178154145,1.0,0.4947916666666667,0.8196083515567674,Surv-VAE
0.01314567069512772,0.90625,0.03194312678691548,0.6847929540450316,0.13695647706144998,1.0,0.4739583333333333,0.8132278857847516,Surv-VAE
0.013239147983083167,0.8849431818181818,0.030023861758117682,0.784004545777399,0.15142083605670834,1.0,0.4739583333333333,0.8105830875688199,Surv-VAE
0.011735967872885765,0.9109848484848484,0.010345264398161089,0.7039207330066055,0.09183470135716566,2.0,0.4895833333333333,0.8007829910211939,Surv-VAE
0.0168417060025915,0.8849431818181818,0.0592438889195084,0.7422047020384971,0.11979715332372586,1.0,0.46875,0.7999227601410496,Surv-VAE
0.013656554921763896,0.893939393939394,0.022964521934635693,0.7322750195326373,0.13890390312454307,2.0,0.546875,0.8055055624128064,Surv-VAE
0.014769229784252784,0.8948863636363636,0.013045242391799253,0.7261417714326301,0.1586977684383896,1.0,0.453125,0.8065060534290409,Surv-VAE
0.015706847971953906,0.8882575757575758,0.02283434121397925,0.7307834363236025,0.14174325224249307,2.0,0.4739583333333333,0.8121424250892646,Surv-VAE
0.014715095529696914,0.8925189393939394,0.031869112879896785,0.6693515164429292,0.09488114360240973,1.0,0.5260416666666666,0.811384563859468,Surv-VAE
0.014600263848254302,0.8958333333333333,0.04657719709094127,0.7258860714539386,0.14303913741412838,1.0,0.4739583333333333,0.8067974775111334,Surv-VAE
0.01580477219835359,0.8863636363636364,0.04773132386298988,0.750003551388593,0.1664256369047636,1.0,0.4895833333333333,0.8048059742435434,Surv-VAE
0.014171607761759174,0.8953598484848485,0.06792258650604337,0.7463065558633426,0.14168677044016936,1.0,0.4583333333333333,0.8163896957411334,Surv-VAE
0.015836822362907038,0.8849431818181818,0.03761749243262798,0.6926770367213579,0.16841976114307156,1.0,0.4479166666666667,0.8028464846063668,Surv-VAE
0.015805147308123088,0.8849431818181818,0.07468891402732704,0.7087328645500391,0.15523541297247115,1.0,0.5364583333333334,0.8213584379808161,Surv-VAE
0.01606068253652523,0.8839962121212122,0.019890438326870333,0.7561900703174942,0.1230461807404984,1.0,0.4166666666666667,0.8042144602692686,Surv-VAE
0.015255260368468108,0.8929924242424242,0.02784344845726792,0.7170324596917396,0.11499634336947999,1.0,0.46875,0.8136136230960063,Surv-VAE
0.01275655717737263,0.9053030303030302,0.03929385953078501,0.7092975353363166,0.08619311067564955,2.0,0.4791666666666667,0.7938461573333783,Surv-VAE
0.011803309253635654,0.9053030303030304,0.04229660225574264,0.7540201718872078,0.1480256753703791,1.0,0.46875,0.8185774697072291,Surv-VAE
0.015845861889387233,0.8858901515151515,0.05427256348123591,0.7553057745578521,0.1100515491087445,1.0,0.4791666666666667,0.800461930674638,Surv-VAE
0.014914456737194914,0.8858901515151515,0.029671620097103623,0.7103203352510832,0.13028200760255526,1.0,0.46875,0.8051706743161191,Surv-VAE
0.01216371327192428,0.9019886363636364,0.02434415941727782,0.738845088429576,0.13291132189372543,2.0,0.4947916666666667,0.8013344227324863,Surv-VAE
0.011392121643040305,0.9105113636363636,0.01374429717746701,0.7020562539953122,0.14859715622548894,1.0,0.4270833333333333,0.8044732233390073,Surv-VAE
0.014333762402065669,0.8910984848484849,0.07429207608626345,0.7615349101498685,0.10853666255313005,1.0,0.4635416666666667,0.8157406455306425,Surv-VAE
0.015639275603644857,0.8768939393939394,0.030004812520176553,0.7426450742240217,0.14665737768528989,1.0,0.4427083333333333,0.8043728263697527,Surv-VAE
0.01485052313769571,0.8887310606060606,0.05697533816679717,0.7554620356559414,0.10846188682870268,1.0,0.4635416666666667,0.8119208833287626,Surv-VAE
0.014925439520936888,0.8877840909090909,0.06534223978036308,0.7725015981248669,0.10671088115023904,1.0,0.46875,0.8121508016452258,Surv-VAE
0.009971882736397734,0.9138257575757575,0.011358045012471106,0.7272213935648838,0.1475118643172588,1.0,0.5052083333333334,0.8085761184853513,Surv-VAE
0.016727007960628693,0.8787878787878788,0.0999630396440527,0.777217842176291,0.13967705043838383,1.0,0.4583333333333333,0.8155488893320034,Surv-VAE
0.015050279518599467,0.8887310606060606,0.021052647581798003,0.7141167696569358,0.12955714723597095,1.0,0.5260416666666666,0.80082252627937,Surv-VAE
0.013710716830253794,0.900568181818182,0.049168435570467274,0.7076994104694935,0.11734807594856426,3.0,0.4479166666666667,0.8036635986603398,Surv-VAE
0.01477274085348172,0.8934659090909091,0.029867716516419392,0.7053554939981532,0.1436949784645384,1.0,0.5,0.8142215309672307,Surv-VAE
0.015520487623834112,0.8825757575757575,0.01675033491922024,0.664873215427232,0.12411553905072548,1.0,0.5104166666666666,0.8065850100108328,Surv-VAE
0.0147228652902264,0.897253787878788,0.08137838633852823,0.7002592513672846,0.12897266146480427,1.0,0.46875,0.7970193803471418,Surv-VAE
0.01411369994057864,0.8920454545454546,0.05046171357054898,0.7734675758221463,0.1269794737610718,1.0,0.5,0.8145584701965356,Surv-VAE
0.011594291925150546,0.9109848484848485,0.04686496618836319,0.6784288656864834,0.12373704048064561,1.0,0.546875,0.808107784739716,Surv-VAE
0.013626262880787927,0.9015151515151515,0.04169867980288276,0.7710526315789472,0.08084926167933733,3.0,0.4947916666666667,0.8215661246926401,Surv-VAE
0.01632248404675454,0.8854166666666667,0.06374181752876236,0.7369735066410967,0.08600322127732796,4.0,0.46875,0.807566946822211,Surv-VAE
0.013861535383639455,0.8944128787878788,0.06076384299736021,0.6902265785922296,0.13892711788077786,1.0,0.4635416666666667,0.8134752836712074,Surv-VAE
0.013829294279168514,0.8873106060606062,0.07189614734240717,0.7480467362738831,0.1352495260175327,1.0,0.53125,0.8151323535357924,Surv-VAE
0.016432976614100835,0.8830492424242425,0.07288834575200707,0.7033596136089211,0.11979995139292954,2.0,0.484375,0.8110161059674497,Surv-VAE
0.016539961558728968,0.8854166666666665,0.09963513385027867,0.754538674621777,0.14018006761008941,1.0,0.484375,0.8053925771576782,Surv-VAE
0.015265812267353261,0.8948863636363636,0.02351896768990295,0.7894807869877123,0.14620122180872827,3.0,0.5052083333333334,0.7989231841312551,Surv-VAE
0.019687574517435122,0.8674242424242425,0.05227135748387643,0.7668619930392784,0.1294227820852283,1.0,0.4739583333333333,0.8144020184240351,Surv-VAE
0.01545233314487071,0.8877840909090909,0.014650547378696532,0.76705731941189,0.08683318172974752,1.0,0.484375,0.8071914104754525,Surv-VAE
0.011399864629755634,0.9076704545454546,0.011964349839284537,0.7067760494353292,0.0941811975595311,2.0,0.4895833333333333,0.8165001287164255,Surv-VAE
0.011941298430337194,0.9071969696969696,0.017504831306458205,0.7145038710135663,0.09053637727450985,1.0,0.4947916666666667,0.8187553353786543,Surv-VAE
0.014000175175574288,0.8963068181818182,0.023497111372664803,0.7035762483130904,0.11647047987602051,2.0,0.5364583333333334,0.8114661298495718,Surv-VAE
0.015525414947056547,0.8892045454545454,0.011762485396066088,0.7773137296683001,0.1323674897670659,1.0,0.4895833333333333,0.8135841547241471,Surv-VAE
0.015982840613478568,0.8783143939393938,0.08452817887813932,0.7492790681156333,0.13027951404885207,1.0,0.4895833333333333,0.8196868241069151,Surv-VAE
0.013860514658088212,0.8991477272727273,0.010386583616210567,0.7370125719156191,0.1477549672898977,1.0,0.5,0.8175431083943485,Surv-VAE
0.014010016956963467,0.8967803030303031,0.039011714779742926,0.7415974145891043,0.12557084064564164,1.0,0.5052083333333334,0.8101577647234782,Surv-VAE
0.017936449561350532,0.8735795454545454,0.07636760039964798,0.6889942467504794,0.130613606984335,1.0,0.4635416666666667,0.8292417236855961,Surv-VAE
0.016661426488477616,0.8816287878787878,0.04690894668682654,0.7246714965551531,0.12634957915686754,3.0,0.4270833333333333,0.8129562778828908,Surv-VAE
0.015245491203251972,0.887310606060606,0.0451372273243324,0.6699517011151361,0.08913400353817902,1.0,0.4947916666666667,0.8119458215465526,Surv-VAE
0.013142820864033922,0.9053030303030302,0.04850006549208588,0.6835712763690603,0.1755721733253669,2.0,0.53125,0.8108422267100138,Surv-VAE
0.01319279429277016,0.8982007575757577,0.058591678849327325,0.7045635343419278,0.1115521080046733,1.0,0.5416666666666666,0.8047243469740577,Surv-VAE
0.015016968364596579,0.8821022727272727,0.05292443854405772,0.744981887918176,0.1713978790458064,1.0,0.4427083333333333,0.8074721863297445,Surv-VAE
0.014738963883719407,0.8967803030303031,0.04324001632666983,0.7312415654520917,0.09707612523656305,1.0,0.4427083333333333,0.8170344504864501,Surv-VAE
0.011733639652408935,0.9076704545454544,0.02520495611588069,0.7125435045102635,0.15909994803013966,2.0,0.515625,0.8058263591567484,Surv-VAE
0.011517852864815674,0.9081439393939394,0.021251219334439766,0.702294197031039,0.13528505535010255,1.0,0.5260416666666666,0.8133502927200721,Surv-VAE
0.014599324849937378,0.8877840909090909,0.014007779448040705,0.721255060728745,0.13975851053007338,1.0,0.453125,0.8104283633755381,Surv-VAE
0.014284158521730532,0.8967803030303031,0.048890091865614424,0.7292883017259748,0.14856701454239382,1.0,0.453125,0.8077303342000607,Surv-VAE
0.013149841389469747,0.8991477272727271,0.04069915835632493,0.6926663825555792,0.1314356264122235,1.0,0.4322916666666667,0.8049290751408597,Surv-VAE
0.01095343078614309,0.9142992424242423,0.008757198687359143,0.7199481497265431,0.12389016956585808,3.0,0.4791666666666667,0.8103865737131348,Surv-VAE
0.016211729465226313,0.8745265151515151,0.05716975088818177,0.7060053981106613,0.12434824864215184,1.0,0.4583333333333333,0.8121519629756767,Surv-VAE
0.014361470108981998,0.8986742424242425,0.05690820249622354,0.7329710916968535,0.13616238967634656,1.0,0.5208333333333334,0.8157338962559515,Surv-VAE
0.017691986558061194,0.8731060606060606,0.03142373007185697,0.73589033312025,0.14182307099522093,1.0,0.4322916666666667,0.7949566069934724,Surv-VAE
0.016789689512764654,0.8821022727272727,0.04637692476505584,0.7122629448114213,0.15599262643743875,3.0,0.4947916666666667,0.8039308102622064,Surv-VAE
0.017294919609945378,0.8731060606060606,0.06468390127045041,0.7402478869237872,0.13785056125081066,1.0,0.4739583333333333,0.8157261867833248,Surv-VAE
0.013592773489907846,0.9019886363636364,0.06039694614514251,0.7001633638752752,0.15328362108886273,1.0,0.5,0.8121256701799741,Surv-VAE
0.015211721928295984,0.8892045454545454,0.03237222120604525,0.7575644577029619,0.1479311424878448,1.0,0.4583333333333333,0.8075170984538472,Surv-VAE
0.015524764829035325,0.8854166666666667,0.043012902055829604,0.710274167199375,0.1301623925988869,1.0,0.453125,0.8101616717481425,Surv-VAE
0.01380367974588667,0.897253787878788,0.022592100394642517,0.7660984444917963,0.0920030583789923,1.0,0.46875,0.8082474912899691,Surv-VAE
0.01573648862631731,0.878314393939394,0.03540405625099254,0.7259109311740891,0.12162914267981983,1.0,0.4947916666666667,0.8183843208829298,Surv-VAE
0.014242863277758677,0.9024621212121211,0.023017237139389326,0.7362916400312522,0.1488607652336881,1.0,0.4791666666666667,0.8121341245259683,Surv-VAE
0.012919469707429482,0.9005681818181818,0.021563039452851582,0.7356239789757796,0.1362852360338637,1.0,0.4947916666666667,0.8132182099673245,Surv-VAE
0.013945575864056342,0.8925189393939393,0.015762567515417627,0.7515697137580795,0.08255216706031625,2.0,0.4947916666666667,0.8252927252532268,Surv-VAE
0.011628461381365024,0.9048295454545454,0.06807901310850117,0.7242986007528944,0.1397809609836085,1.0,0.4791666666666667,0.8100389895218973,Surv-VAE
0.015617139268105257,0.8839962121212122,0.03300215518964026,0.7336884721926273,0.11626019633582328,1.0,0.453125,0.8100469765362036,Surv-VAE
0.016518116767784894,0.8806818181818182,0.08343714110685664,0.7591838909013424,0.12561525301932822,1.0,0.4739583333333333,0.8220012891144268,Surv-VAE
0.01293612819678708,0.8972537878787878,0.03110371317079242,0.7493323389445273,0.12964536453813386,1.0,0.46875,0.8135050470124944,Surv-VAE
0.014857520284340979,0.8877840909090909,0.03741975418383961,0.7227395411605938,0.12844968413858593,1.0,0.4791666666666667,0.8101127622007616,Surv-VAE
0.01500599178916822,0.8877840909090909,0.01597869941987743,0.7834363236025286,0.14520202239762078,1.0,0.4427083333333333,0.813430120350159,Surv-VAE
0.015059443660581368,0.8910984848484848,0.022316715489581362,0.7434867533205484,0.14233021336179483,2.0,0.4791666666666667,0.8072426563770329,Surv-VAE
0.012579682328991194,0.9019886363636364,0.05737300827629757,0.6742417785354073,0.15380802644438396,1.0,0.5,0.8158903306955742,Surv-VAE
0.013149379927238717,0.9005681818181818,0.0311195634204191,0.7298174586263229,0.15417461824060008,1.0,0.4583333333333333,0.8056139056934817,Surv-VAE
0.015325904130115107,0.8830492424242425,0.05640340190919938,0.6825378222885148,0.16904236618093096,1.0,0.4791666666666667,0.815538496782156,Surv-VAE
0.015014044654341136,0.8854166666666667,0.053107637971910496,0.7317210029121386,0.1175430219592123,1.0,0.5208333333333334,0.8022755436708751,Surv-VAE
0.014820923719356954,0.8910984848484848,0.06447513462368039,0.7195219830953903,0.16025453782105886,1.0,0.5104166666666666,0.815418517061246,Surv-VAE
0.016689009880913593,0.8773674242424243,0.00868310127506605,0.7601285602670644,0.1720967647647639,1.0,0.4583333333333333,0.8077659303816969,Surv-VAE
0.0130406800909465,0.9019886363636364,0.02680919806625677,0.7724944953476809,0.11760802423521692,1.0,0.4479166666666667,0.8117818928219531,Surv-VAE
0.015475122397576813,0.8868371212121211,0.030884649932211617,0.7471624405142412,0.1406139490172994,1.0,0.4947916666666667,0.8091247655212923,Surv-VAE
0.017740557287432193,0.8731060606060607,0.07262307658232572,0.7358725761772853,0.17901638967435463,1.0,0.484375,0.8089841803539228,Surv-VAE
0.013416708788782296,0.890625,0.023065666004761533,0.7470701044108247,0.14569274406468513,1.0,0.484375,0.8118520329673954,Surv-VAE
0.01515710830110441,0.8858901515151516,0.034089492936389826,0.7205057177356347,0.10848702980310872,1.0,0.4947916666666667,0.8136513932375441,Surv-VAE
0.015014398732746554,0.8892045454545454,0.05482592882017203,0.7106754741103771,0.14268990467983544,1.0,0.5052083333333334,0.8126411847201398,Surv-VAE
0.014040783790046897,0.8920454545454546,0.029110315587780457,0.7443106754741103,0.1380518339277218,1.0,0.4375,0.8122414733982184,Surv-VAE
0.015776409284575986,0.8877840909090909,0.03222255935706314,0.6668655444278713,0.1298972286904013,1.0,0.5,0.792963373481821,Surv-VAE
0.012978533219729515,0.9053030303030304,0.02394533093995968,0.685595567867036,0.1596243584926499,1.0,0.5104166666666666,0.8038243906684264,Surv-VAE
0.013156473126086683,0.8977272727272727,0.06917719456431835,0.6866787413878825,0.13887882210321478,1.0,0.4947916666666667,0.7982354541433209,Surv-VAE
0.010967441822594575,0.9024621212121211,0.008549007126997773,0.7042936288088641,0.16072593683190903,1.0,0.515625,0.8117287483108905,Surv-VAE
0.015401140025992709,0.8934659090909091,0.02547964471248682,0.7662298458697351,0.1392063134987339,2.0,0.484375,0.8042988987351725,Surv-VAE
0.011592631548049933,0.918560606060606,0.018947423198212097,0.6605227644008806,0.11759237813207839,1.0,0.4479166666666667,0.8062680246343379,HI-VAE_weibull_diffusion
0.010461860755658471,0.9256628787878789,0.056115111888354365,0.5634313516584986,0.17441624282136517,1.0,0.4479166666666667,0.8064831972144323,HI-VAE_weibull_diffusion
0.01236546003692219,0.9209280303030304,0.029164700925689745,0.5708146885432204,0.17287526498437997,1.0,0.484375,0.8027805378835661,HI-VAE_weibull_diffusion
0.012157656153340395,0.9247159090909091,0.042195387716367126,0.5370019177498403,0.1225387810540048,1.0,0.4583333333333333,0.7970257967282666,HI-VAE_weibull_diffusion
0.012665470665882271,0.9166666666666667,0.036669830088614706,0.5919738617799559,0.20243301306795802,1.0,0.453125,0.7952876823460477,HI-VAE_weibull_diffusion
0.013199318890268007,0.9147727272727273,0.025041229788704128,0.5811279210171177,0.19678463216464004,1.0,0.46875,0.8037506075522672,HI-VAE_weibull_diffusion
0.011784212645333452,0.9275568181818182,0.06976011966738965,0.6334860430428298,0.1878448036834082,1.0,0.484375,0.8139777920742234,HI-VAE_weibull_diffusion
0.00995973352211104,0.9256628787878789,0.022388213808088545,0.5892463953405782,0.11600257581325185,1.0,0.4635416666666667,0.809773978902716,HI-VAE_weibull_diffusion
0.011428093611405931,0.9242424242424242,0.029848066641338034,0.5901804105405214,0.13769293627761084,1.0,0.5052083333333334,0.807232388343613,HI-VAE_weibull_diffusion
0.010543863941636051,0.9232954545454546,0.037113672911201726,0.5517827970736559,0.19622761324378613,1.0,0.4895833333333333,0.7988347379024278,HI-VAE_weibull_diffusion
0.011315114174506155,0.9176136363636364,0.017758121897622218,0.5973542154982597,0.17057786951516163,1.0,0.3854166666666667,0.8019578193403895,HI-VAE_weibull_diffusion
0.012294685016690675,0.9247159090909093,0.044413612479683375,0.5999857944456283,0.11967856299814739,1.0,0.453125,0.8006584459878374,HI-VAE_weibull_diffusion
0.013850330816163015,0.9109848484848485,0.038484097716562735,0.5470701044108247,0.12397368932859172,1.0,0.4635416666666667,0.8068614253136224,HI-VAE_weibull_diffusion
0.011606626377032886,0.9261363636363636,0.021780738618219154,0.5679345123943461,0.11298136901093851,2.0,0.5,0.8064531946112805,HI-VAE_weibull_diffusion
0.011659106417665842,0.9303977272727273,0.018585808209636054,0.5520953192698345,0.12582752290877827,1.0,0.4895833333333333,0.7996587636565006,HI-VAE_weibull_diffusion
0.01240280231424511,0.9190340909090907,0.027035668484872665,0.5822892250870091,0.16055991527815727,1.0,0.46875,0.805350292062109,HI-VAE_weibull_diffusion
0.01189511488315968,0.9214015151515151,0.035284026431213415,0.5722494495347681,0.11697373132858098,1.0,0.5364583333333334,0.8062336346111504,HI-VAE_weibull_diffusion
0.012502414194107388,0.9237689393939394,0.0320484618348357,0.5343454790823211,0.2201628527062404,1.0,0.515625,0.7995310581683276,HI-VAE_weibull_diffusion
0.012909255019839428,0.9119318181818182,0.04330204105609272,0.6049648412529299,0.15324172361242236,1.0,0.4583333333333333,0.7970152943883272,HI-VAE_weibull_diffusion
0.009103037054450303,0.9251893939393938,0.020911479832615598,0.5890830314653029,0.16432506993496024,1.0,0.484375,0.7979466431871786,HI-VAE_weibull_diffusion
0.009870129833195547,0.9379734848484848,0.03357163558374807,0.5937282477448683,0.16919023324521046,2.0,0.5260416666666666,0.800425131435029,HI-VAE_weibull_diffusion
0.011608075427227905,0.9237689393939394,0.04862908704657567,0.608260529867178,0.27193788068226005,1.0,0.5104166666666666,0.7984646259579797,HI-VAE_weibull_diffusion
0.009814768617082225,0.9332386363636364,0.018986616380348535,0.5859009872860289,0.10613397882818416,2.0,0.4270833333333333,0.8154755173333221,HI-VAE_weibull_diffusion
0.011640923860365516,0.9242424242424242,0.014273070416183729,0.568889835925847,0.16675881428008607,1.0,0.453125,0.8017200447455588,HI-VAE_weibull_diffusion
0.011599286680933586,0.927556818181818,0.05776683834888293,0.5719156190070318,0.24019580132453688,1.0,0.4947916666666667,0.816669317676765,HI-VAE_weibull_diffusion
0.011358599493113814,0.9242424242424242,0.017146991981105534,0.5997904680730165,0.12198197731948639,2.0,0.4322916666666667,0.7953159076442816,HI-VAE_weibull_diffusion
0.011366335031837815,0.9332386363636364,0.026526692341673118,0.5664429291853115,0.14703036997763683,1.0,0.515625,0.7968787794300138,HI-VAE_weibull_diffusion
0.012209264992116348,0.916193181818182,0.03204291549291014,0.527391860217345,0.20874143758121153,1.0,0.4791666666666667,0.7963690255105833,HI-VAE_weibull_diffusion
0.01063532461077568,0.9204545454545454,0.02742370931449555,0.6037325094111798,0.19201849286335168,3.0,0.484375,0.8138831368446245,HI-VAE_weibull_diffusion
0.01048185765394584,0.9270833333333333,0.021585255142593778,0.5369308899779813,0.1623477888989078,1.0,0.4739583333333333,0.801455898190225,HI-VAE_weibull_diffusion
0.011900154128776614,0.9232954545454544,0.04764194895306181,0.5681760068186661,0.23276242842672176,1.0,0.4375,0.8021854039389134,HI-VAE_weibull_diffusion
0.011027590918223591,0.9303977272727273,0.026377135572231057,0.5122949073087577,0.14078006341193516,1.0,0.5208333333333334,0.7974406453318352,HI-VAE_weibull_diffusion
0.011227597095405648,0.9223484848484849,0.025967823452592166,0.5842922082534272,0.19444598049050824,1.0,0.4635416666666667,0.8111007429130657,HI-VAE_weibull_diffusion
0.009927456206972683,0.9266098484848485,0.036917222595036395,0.5836387527523261,0.11125337015226554,1.0,0.4791666666666667,0.80340937306596,HI-VAE_weibull_diffusion
0.010645560208603784,0.9251893939393938,0.04139154145516957,0.6094182825484765,0.12334054964170706,2.0,0.4947916666666667,0.7992666915761288,HI-VAE_weibull_diffusion
0.010184817734024713,0.9294507575757577,0.04217517130907377,0.5863200511399957,0.22661672336525104,2.0,0.4791666666666667,0.8017538481630276,HI-VAE_weibull_diffusion
0.010525220878945278,0.9313446969696971,0.027680919063122315,0.5350877192982455,0.1951445311396641,2.0,0.4739583333333333,0.7983617438134697,HI-VAE_weibull_diffusion
0.01142846299429197,0.9204545454545454,0.030272774368594785,0.5786987712195468,0.14261610975089842,1.0,0.4583333333333333,0.7964884266268543,HI-VAE_weibull_diffusion
0.009302003891750187,0.9303977272727273,0.02310564211357726,0.53730378578024,0.15149656093477673,1.0,0.453125,0.8027793271710935,HI-VAE_weibull_diffusion
0.01227121655935779,0.9237689393939394,0.046061862097414974,0.6006250443923574,0.10171828818627691,1.0,0.4479166666666667,0.8038471785942232,HI-VAE_weibull_diffusion
0.01016817810113197,0.9232954545454546,0.02221743496131739,0.635535194260956,0.09791602954069926,3.0,0.4947916666666667,0.7967197014288857,HI-VAE_weibull_diffusion
0.011913614239934634,0.9228219696969696,0.033507077356111,0.5865366858441651,0.18133745442698648,2.0,0.453125,0.7971410787317517,HI-VAE_weibull_diffusion
0.01184914773914317,0.9180871212121211,0.04791954025951468,0.5705518857873428,0.12380443476218643,1.0,0.4635416666666667,0.8093878327027672,HI-VAE_weibull_diffusion
0.01161802016970787,0.9157196969696969,0.016360856080607705,0.5789615739754244,0.1478388874567489,1.0,0.4739583333333333,0.8018067579863634,HI-VAE_weibull_diffusion
0.012115383306103589,0.9171401515151516,0.039202168340197886,0.5924639534057816,0.1687889736224184,1.0,0.4635416666666667,0.8066444652943426,HI-VAE_weibull_diffusion
0.012746140394975099,0.9180871212121211,0.05211088280405045,0.5651644292918532,0.1855132902778053,2.0,0.4791666666666667,0.8026335190200541,HI-VAE_weibull_diffusion
0.010393714872426784,0.9204545454545454,0.046911707203263084,0.576621208892677,0.21287800856318642,1.0,0.453125,0.8045305160520846,HI-VAE_weibull_diffusion
0.010117820011316963,0.9289772727272727,0.04729779041969305,0.558562397897578,0.14096081996324752,1.0,0.515625,0.8119885492208779,HI-VAE_weibull_diffusion
0.01117015790246985,0.9303977272727273,0.026100754782426416,0.513630229419703,0.15498075312142065,1.0,0.46875,0.7923599186871586,HI-VAE_weibull_diffusion
0.012155730034533846,0.9176136363636366,0.041897945128782095,0.620949641309752,0.20891894779483042,2.0,0.453125,0.8068872761796362,HI-VAE_weibull_diffusion
0.012076386990512692,0.9214015151515151,0.033355988371322295,0.5808757724270189,0.21770202805021968,1.0,0.4635416666666667,0.799231206961085,HI-VAE_weibull_diffusion
0.009451295950457963,0.931818181818182,0.02521793724852524,0.5388841537040983,0.10523782795087484,1.0,0.5052083333333334,0.811898242718126,HI-VAE_weibull_diffusion
0.011846563011763471,0.9204545454545454,0.02801050323519695,0.5579409048938135,0.18736728495064192,2.0,0.4739583333333333,0.8131572172603648,HI-VAE_weibull_diffusion
0.011771764975811623,0.9242424242424243,0.03011537424527125,0.5815434334824917,0.15422954249776244,1.0,0.5052083333333334,0.8085360219172362,HI-VAE_weibull_diffusion
0.012674754845771392,0.9209280303030304,0.03809429372445164,0.5776191490872931,0.15914365851838566,2.0,0.4947916666666667,0.8084501069168698,HI-VAE_weibull_diffusion
0.010301550685040071,0.9308712121212122,0.04207081018601743,0.6030435400241494,0.12396412193678974,3.0,0.4583333333333333,0.8145930695560161,HI-VAE_weibull_diffusion
0.011180182375267304,0.9261363636363636,0.017809523843898434,0.5748135520988706,0.15167783759753753,2.0,0.5260416666666666,0.8133850461947313,HI-VAE_weibull_diffusion
0.012572821404399996,0.9147727272727273,0.04337387167860574,0.6020598053839051,0.23545869359117355,1.0,0.4635416666666667,0.8067544076150869,HI-VAE_weibull_diffusion
0.012369083101744845,0.9223484848484848,0.03403681802764571,0.5649442431990908,0.19282936682918703,2.0,0.4479166666666667,0.8007700904361861,HI-VAE_weibull_diffusion
0.014627871503180212,0.9133522727272727,0.03503306772973404,0.6052027842886569,0.1355326777901674,1.0,0.4635416666666667,0.8203551925726423,HI-VAE_weibull_diffusion
0.011483470975568904,0.918560606060606,0.03769601471079658,0.5815611904254563,0.15547050053979464,2.0,0.4583333333333333,0.8027380546186127,HI-VAE_weibull_diffusion
0.012134155726100854,0.9138257575757577,0.046207645499794454,0.57355636053697,0.10694019650668109,1.0,0.5052083333333334,0.800051603344939,HI-VAE_weibull_diffusion
0.01278031771703385,0.9124053030303031,0.030069936236686107,0.6246430854464096,0.216386961491609,1.0,0.4895833333333333,0.7990768620427875,HI-VAE_weibull_diffusion
0.0097882703703233,0.9356060606060606,0.018785153611424212,0.6533489594431423,0.12841405354644173,2.0,0.453125,0.8003807427495566,HI-VAE_weibull_diffusion
0.012421774344721833,0.9166666666666667,0.04074723611851823,0.6136479863626678,0.16589692052468505,1.0,0.4427083333333333,0.801838045865765,HI-VAE_weibull_diffusion
0.01026368978614299,0.9299242424242425,0.03588779922771641,0.576266070033383,0.10603327370767086,3.0,0.484375,0.7961567090030974,HI-VAE_weibull_diffusion
0.010873405271975018,0.9280303030303031,0.027536551562764217,0.5330208111371546,0.24008805537718045,2.0,0.4947916666666667,0.8061246924327033,HI-VAE_weibull_diffusion
0.015069940331538995,0.9090909090909091,0.05446955401455073,0.5647276084949215,0.13283581264829647,2.0,0.5364583333333334,0.79876607350167,HI-VAE_weibull_diffusion
0.013006660229124946,0.9228219696969696,0.02829392774467879,0.5856026706442219,0.13131006546731772,1.0,0.4791666666666667,0.8167601059308621,HI-VAE_weibull_diffusion
0.011897708730087069,0.925189393939394,0.04631886469108665,0.580463811350238,0.19623600955372303,1.0,0.4375,0.8012408599350826,HI-VAE_weibull_diffusion
0.010931844743975398,0.9285037878787878,0.02122135267330527,0.5735634633141558,0.1777850734923154,2.0,0.5,0.8041096091734222,HI-VAE_weibull_diffusion
0.010811980954259597,0.9266098484848485,0.02391299461665659,0.5743376660274168,0.11614990425369731,1.0,0.4114583333333333,0.7998783046521626,HI-VAE_weibull_diffusion
0.012749283540426816,0.9157196969696969,0.03620807127395515,0.5751260742950495,0.12067155826095625,1.0,0.5,0.8036644854260034,HI-VAE_weibull_diffusion
0.011953620632769318,0.927556818181818,0.022555905458588568,0.577686625470559,0.08574943923330554,1.0,0.453125,0.8049349052732017,HI-VAE_weibull_diffusion
0.011575647830447268,0.9147727272727274,0.03796071021168678,0.6321613750976632,0.15140604120242676,1.0,0.4166666666666667,0.8048623135997581,HI-VAE_weibull_diffusion
0.012624232988362917,0.9114583333333333,0.06402796145433773,0.5267348533276511,0.12772999400380425,2.0,0.5052083333333334,0.8011716202346424,HI-VAE_weibull_diffusion
0.011009196055266186,0.9190340909090909,0.03413401724003072,0.5526280275587754,0.10274601846666044,1.0,0.515625,0.8078942236654185,HI-VAE_weibull_diffusion
0.010382170530954115,0.9308712121212122,0.023157049163305955,0.6071134313516585,0.09563749996918547,1.0,0.484375,0.7971414275037481,HI-VAE_weibull_diffusion
0.009462598412867972,0.9261363636363638,0.025149753866244285,0.548696640386391,0.1395505756189351,2.0,0.4270833333333333,0.801482958600214,HI-VAE_weibull_diffusion
0.011094187274535195,0.925189393939394,0.04826495464829986,0.5672739541160594,0.12414423278241804,2.0,0.5104166666666666,0.811351950876488,HI-VAE_weibull_diffusion
0.011278286245599838,0.9256628787878788,0.04799301765859763,0.5205057177356346,0.1213220798979542,1.0,0.484375,0.8055858339598364,HI-VAE_weibull_diffusion
0.010920133064425132,0.9256628787878788,0.03512304457260743,0.5419987215001065,0.09354542633711044,1.0,0.4739583333333333,0.7978444261767053,HI-VAE_weibull_diffusion
0.011890556905937606,0.9180871212121212,0.03759882422017711,0.5546381135023795,0.12900728097990588,2.0,0.4895833333333333,0.8108256365239505,HI-VAE_weibull_diffusion
0.013337531196618286,0.9067234848484849,0.04437407859104633,0.6012820512820513,0.14855015400323932,1.0,0.4895833333333333,0.7989745867513873,HI-VAE_weibull_diffusion
0.012292045252709539,0.9176136363636364,0.05255512017578811,0.518119184601179,0.13092909396946592,1.0,0.4791666666666667,0.8091912956533647,HI-VAE_weibull_diffusion
0.012148103337470139,0.9157196969696971,0.04196085770599136,0.6233716883301371,0.16662010404682367,1.0,0.4427083333333333,0.8089554253482122,HI-VAE_weibull_diffusion
0.011503630548070493,0.9289772727272727,0.02039772579697825,0.5499609347254776,0.235592717409475,1.0,0.4322916666666667,0.8121474724009576,HI-VAE_weibull_diffusion
0.010471061519394852,0.9299242424242425,0.025316922404791976,0.5413346118332267,0.1108632906848775,1.0,0.4791666666666667,0.8045121289903769,HI-VAE_weibull_diffusion
0.010853840975844943,0.9270833333333333,0.027440875789512757,0.5787058739967328,0.1319287304083637,1.0,0.5260416666666666,0.8110947007005294,HI-VAE_weibull_diffusion
0.012078060651544075,0.9176136363636364,0.03204408419829723,0.5959620711698274,0.1250238581225229,3.0,0.4947916666666667,0.8115434364963384,HI-VAE_weibull_diffusion
0.01214775001856282,0.9195075757575757,0.05789245817452558,0.5852510831735208,0.10263677961382968,1.0,0.4739583333333333,0.8053680515773253,HI-VAE_weibull_diffusion
0.010803336404090121,0.9228219696969698,0.03587421514290383,0.5970452446906741,0.10132783040903276,4.0,0.4739583333333333,0.7945351570233977,HI-VAE_weibull_diffusion
0.010859692389866575,0.9232954545454546,0.020400532756948826,0.5933269408338661,0.17842007953317107,1.0,0.4739583333333333,0.7949056949737116,HI-VAE_weibull_diffusion
0.009071103715426625,0.9327651515151515,0.02842695007414906,0.5587399673272249,0.19921614385319208,1.0,0.5104166666666666,0.7922469576682258,HI-VAE_weibull_diffusion
0.013372812284017361,0.9228219696969698,0.03612614294137572,0.5539597982811278,0.11882288082605452,1.0,0.4739583333333333,0.8110992022586319,HI-VAE_weibull_diffusion
0.011863011321014798,0.9204545454545456,0.051894311731783466,0.5784288656864834,0.15256197362583693,4.0,0.4947916666666667,0.7941581913018184,HI-VAE_weibull_diffusion
0.01038310589858005,0.9195075757575758,0.022567165218251597,0.5744228993536472,0.12228180961275621,2.0,0.5104166666666666,0.7991860444431091,HI-VAE_weibull_diffusion
0.010292132943251282,0.9204545454545453,0.03676173443705475,0.598231408480716,0.11604098123042016,1.0,0.5,0.7940243124811852,HI-VAE_weibull_diffusion
0.01267984352321772,0.9171401515151515,0.03251332286092382,0.670491512181263,0.14221521264029238,1.0,0.4479166666666667,0.7982145331924858,HI-VAE_weibull_diffusion
0.012930963798172497,0.9138257575757577,0.049014453582391336,0.5728744939271254,0.10140470451950868,2.0,0.453125,0.8121447337525586,HI-VAE_weibull_diffusion
0.008749405184770074,0.9308712121212122,0.013869382992843815,0.5706868385538745,0.19860556286949563,2.0,0.515625,0.8039650852415196,HI-VAE_weibull_diffusion
0.012167896735934684,0.9171401515151516,0.033899069942407475,0.6101214574898786,0.14909755317687004,1.0,0.4270833333333333,0.805409023567531,HI-VAE_weibull_diffusion
0.010666219697458871,0.9232954545454546,0.0558411207513502,0.5705873996732722,0.15820710158305695,2.0,0.4479166666666667,0.8099267289615418,HI-VAE_weibull_diffusion
0.01222159096082982,0.9228219696969698,0.03438267182701534,0.5906491938347894,0.11839095540154587,1.0,0.5,0.7983291819346225,HI-VAE_weibull_diffusion
0.012942165743909478,0.9176136363636364,0.03335317475933745,0.6056857731372967,0.13701824624069073,2.0,0.4166666666666667,0.7949759618632034,HI-VAE_weibull_diffusion
0.010742614674108917,0.9256628787878789,0.026999644884465292,0.6213616023865332,0.18233563230673708,1.0,0.5,0.801782160429888,HI-VAE_weibull_diffusion
0.01005032867372658,0.9280303030303031,0.035763250777339196,0.494335535194261,0.0929211938704601,2.0,0.5,0.8078916215971478,HI-VAE_weibull_diffusion
0.01046605641642215,0.9313446969696969,0.01425746381005673,0.582179132040628,0.1442328353102451,1.0,0.4895833333333333,0.7987366561713093,HI-VAE_weibull_diffusion
0.010555827380634087,0.9303977272727273,0.03145707768556723,0.5555579231479509,0.11310843267079072,2.0,0.484375,0.8031092768687351,HI-VAE_weibull_diffusion
0.01164269992741131,0.9223484848484849,0.026723054478711324,0.6118261240144897,0.1433456323273313,1.0,0.4583333333333333,0.8136015808292493,HI-VAE_weibull_diffusion
0.011024611114598673,0.9228219696969696,0.045687297138655394,0.4901733077633355,0.10354427232699677,3.0,0.5104166666666666,0.8037872308340148,HI-VAE_weibull_diffusion
0.012946655311738147,0.9109848484848485,0.0392122176680707,0.6604908019035443,0.2740705436977662,1.0,0.4375,0.8226518984824069,HI-VAE_weibull_diffusion
0.011287345897828443,0.9270833333333333,0.05367188496862538,0.5635556502592514,0.12993253637031085,2.0,0.53125,0.8060878042219899,HI-VAE_weibull_diffusion
0.012086625131130234,0.9190340909090909,0.033535843911987696,0.5513992471056183,0.10015738167010933,1.0,0.5,0.8021441551843518,HI-VAE_weibull_diffusion
0.011373666021443822,0.9204545454545453,0.06871910969973975,0.5702677746999077,0.1136326721432586,3.0,0.484375,0.8025176423690445,HI-VAE_weibull_diffusion
0.01109864038115375,0.9209280303030304,0.05940231968247098,0.6448504865402372,0.18653508867258503,1.0,0.4895833333333333,0.8091390518538866,HI-VAE_weibull_diffusion
0.01354975392063879,0.9119318181818182,0.0499712004839597,0.5737872007955109,0.14079695587744243,1.0,0.4791666666666667,0.8032601837466888,HI-VAE_weibull_diffusion
0.01189788004500667,0.9157196969696971,0.028822557958190023,0.5898110661268557,0.1485443275678869,1.0,0.5,0.7998113449036368,HI-VAE_weibull_diffusion
0.011020729475841366,0.9294507575757577,0.04783263494145412,0.521787769017686,0.135475944473333,1.0,0.421875,0.8007110240752351,HI-VAE_weibull_diffusion
0.012264547758698414,0.9133522727272727,0.040616245953540034,0.6424710561829675,0.12525067522107283,2.0,0.46875,0.8107887772527331,HI-VAE_weibull_diffusion
0.010458862499174349,0.9337121212121212,0.020462409002048515,0.5552702606719226,0.1092436973544703,1.0,0.4479166666666667,0.7966214512909998,HI-VAE_weibull_diffusion
0.011463352986172588,0.9237689393939394,0.013772234595090315,0.5688969387030329,0.10414875008076363,1.0,0.4739583333333333,0.8093592621171394,HI-VAE_weibull_diffusion
0.014067077831277901,0.911931818181818,0.04244307210663151,0.6067405355493998,0.1199941119904413,1.0,0.515625,0.8047497852202581,HI-VAE_weibull_diffusion
0.013551215031143905,0.9119318181818182,0.031099298220710753,0.5787697989914057,0.24863488507465026,2.0,0.5104166666666666,0.7960064578842386,HI-VAE_weibull_diffusion
0.011111917766736585,0.9318181818181818,0.039756951472235756,0.5912138646210667,0.16085207571246338,1.0,0.4583333333333333,0.8058083585268285,HI-VAE_weibull_diffusion
0.012101772545220683,0.9223484848484848,0.037554243004632316,0.5712621635059307,0.20156279975729582,1.0,0.484375,0.8054160050475406,HI-VAE_weibull_diffusion
0.013795750927926693,0.9109848484848485,0.061654414242358915,0.6139605085588465,0.20823685765776742,1.0,0.4427083333333333,0.808370707787495,HI-VAE_weibull_diffusion
0.011834846563133045,0.9256628787878789,0.04277985786454429,0.536714255273812,0.17344321365910953,3.0,0.4583333333333333,0.8096285942142671,HI-VAE_weibull_diffusion
0.011214372920613636,0.921875,0.035700959498909515,0.5853221109453797,0.17654905156775502,2.0,0.515625,0.803865706931664,HI-VAE_weibull_diffusion
0.011142437756038036,0.9152462121212122,0.04081328091640953,0.5652354570637119,0.2255779117807837,2.0,0.515625,0.797096953111499,HI-VAE_weibull_diffusion
0.012780412989928254,0.9209280303030304,0.040045668565667124,0.5799346544498899,0.0920254079389534,2.0,0.4947916666666667,0.8046318639556941,HI-VAE_weibull_diffusion
0.010523668552554466,0.9294507575757577,0.01481091953629867,0.48030755025214855,0.1159220109573806,2.0,0.4895833333333333,0.803027315344186,HI-VAE_weibull_diffusion
0.011977092120291745,0.9176136363636364,0.04540214883374029,0.5521414873215427,0.1264095175442427,2.0,0.4791666666666667,0.8120499462437023,HI-VAE_weibull_diffusion
0.009559517794891222,0.9299242424242425,0.028086447046463483,0.6178492790681156,0.12361578157077635,2.0,0.5,0.8132525921665719,HI-VAE_weibull_diffusion
0.010519247766549918,0.9251893939393938,0.030456871401732786,0.5698913275090561,0.12072011395088457,2.0,0.4739583333333333,0.8088822596777782,HI-VAE_weibull_diffusion
0.01244809797322492,0.9195075757575758,0.04529787246523092,0.5733042119468712,0.14500466387115546,1.0,0.5364583333333334,0.808015761862562,HI-VAE_weibull_diffusion
0.013228277242371527,0.912878787878788,0.029311368673505585,0.5822253000923361,0.1040196576781291,1.0,0.5104166666666666,0.8049350490635291,HI-VAE_weibull_diffusion
0.013484986445693048,0.9114583333333333,0.08083512515552072,0.5959975850557568,0.13837501598266022,1.0,0.53125,0.8005919745286104,HI-VAE_weibull_diffusion
0.012266225343272208,0.9157196969696971,0.04362018369889607,0.5878506996235527,0.17551583430564402,2.0,0.4375,0.8025398383487679,HI-VAE_weibull_diffusion
0.01194340295514207,0.9166666666666667,0.053649234747948096,0.62650401306911,0.14099132998862152,1.0,0.484375,0.8067947509974673,HI-VAE_weibull_diffusion
0.010623650900022036,0.9232954545454544,0.037590996694615686,0.5997158889125648,0.15474371324703784,1.0,0.5052083333333334,0.7997846787175312,HI-VAE_weibull_diffusion
0.012079930158743734,0.925189393939394,0.049806368988655994,0.6131934086227715,0.22022929216169262,2.0,0.484375,0.7952665058132835,HI-VAE_weibull_diffusion
0.010638182365280415,0.9289772727272726,0.033964801585236654,0.5415903118119185,0.08808968500381302,5.0,0.5364583333333334,0.8022138011337017,HI-VAE_weibull_diffusion
0.012402652636114205,0.9318181818181818,0.04599446865561616,0.5389409759215853,0.11244553338952268,2.0,0.453125,0.8063690606258324,HI-VAE_weibull_diffusion
0.011307434567547785,0.9261363636363636,0.045500418522256836,0.6102315505362597,0.13388970245027176,2.0,0.5104166666666666,0.7977244216759627,HI-VAE_weibull_diffusion
0.010631737969360596,0.9327651515151515,0.02304938686324968,0.5314475459904823,0.23425176305097342,2.0,0.4947916666666667,0.8064022564333682,HI-VAE_weibull_diffusion
0.008993134212479749,0.9332386363636364,0.01570629400114284,0.5575467007599972,0.15814005560535627,1.0,0.515625,0.8125268553953293,HI-VAE_weibull_diffusion
0.01056891163820108,0.9270833333333333,0.02664136265712079,0.5200688969387031,0.1847636519356711,2.0,0.5104166666666666,0.8054952249073081,HI-VAE_weibull_diffusion
0.009548539747510494,0.9379734848484848,0.02201326423703248,0.5351587470701045,0.14336257171508895,1.0,0.5,0.8023973146327938,HI-VAE_weibull_diffusion
0.012636779028491424,0.9161931818181818,0.03642786475950889,0.5845301512891542,0.10857175279037364,1.0,0.4739583333333333,0.7984213976645809,HI-VAE_weibull_diffusion
0.01231348666229239,0.9147727272727273,0.01977962238821673,0.6452802045599829,0.1971221283866504,1.0,0.421875,0.8052095822570962,HI-VAE_weibull_diffusion
0.011772427378157263,0.9223484848484849,0.02044045825639107,0.5369379927551673,0.09425676248496852,1.0,0.515625,0.7958415811021212,HI-VAE_weibull_diffusion
0.011726714244505831,0.921875,0.03699365200100561,0.5233965480502876,0.17571546591053747,2.0,0.4895833333333333,0.8013342068455717,HI-VAE_weibull_diffusion
0.011366548210004318,0.9209280303030302,0.03725023189989385,0.6388557425953548,0.1631353968376195,1.0,0.4375,0.8149005426995333,HI-VAE_weibull_diffusion
0.0089095580829825,0.9280303030303031,0.02018283057987185,0.5405604091199658,0.2145898276270876,1.0,0.5625,0.8018423303895504,HI-VAE_weibull_diffusion
0.01294747483710499,0.9161931818181817,0.06416556273460428,0.5760494353292137,0.1427276537425178,1.0,0.5416666666666666,0.8036986358738365,HI-VAE_weibull_diffusion
0.01243622165560198,0.909564393939394,0.04366615295431784,0.5516904609702393,0.11803393348798467,1.0,0.5260416666666666,0.8087852057462956,HI-VAE_weibull_diffusion
0.011245473977815038,0.9247159090909093,0.022646990976193906,0.5665956388948079,0.09911560968258788,2.0,0.5364583333333334,0.8061194024143297,HI-VAE_weibull_diffusion
0.010300621051076424,0.928503787878788,0.04494556540941078,0.6200866538816678,0.2313904165271774,1.0,0.5,0.8195781619452187,HI-VAE_weibull_diffusion
0.013819088425246201,0.9086174242424242,0.0390738407616265,0.5827082889409759,0.17125478829132965,1.0,0.4427083333333333,0.8143656797678127,HI-VAE_weibull_diffusion
0.012257244242999054,0.9152462121212122,0.05282075305699932,0.566648909723702,0.11724415145437828,2.0,0.5364583333333334,0.8060828092837683,HI-VAE_weibull_diffusion
0.012606998382059425,0.9166666666666667,0.042527159492381776,0.5955891753675687,0.1827191435429263,2.0,0.4114583333333333,0.81323847844406,HI-VAE_weibull_diffusion
0.010922073536602931,0.9157196969696969,0.023465930996078223,0.6159563889480787,0.22268865905676105,1.0,0.4895833333333333,0.797098171853337,HI-VAE_weibull_diffusion
0.011594408604969093,0.9100378787878789,0.03160449235673318,0.614997514027985,0.10289135492091683,1.0,0.484375,0.8012890759017506,HI-VAE_weibull_diffusion
0.011247861605375458,0.9266098484848485,0.030654818056441963,0.5629732225300093,0.10571962196467499,1.0,0.5260416666666666,0.8128583517985909,HI-VAE_weibull_diffusion
0.012405494078143004,0.9157196969696969,0.05464320033504996,0.5667696569358619,0.10550717646498543,3.0,0.4739583333333333,0.7985729418907527,HI-VAE_weibull_diffusion
0.0114521237723813,0.9232954545454546,0.03593010512724204,0.6083280062504438,0.13092585357904482,1.0,0.5,0.79942339814945,HI-VAE_weibull_diffusion
0.011075537421693833,0.9266098484848484,0.026268286442557406,0.5748064493216848,0.1059433369544086,1.0,0.4895833333333333,0.8151648015395202,HI-VAE_weibull_diffusion
0.01083972168997588,0.9256628787878788,0.028415947575463844,0.5660629306058669,0.1373368927838808,1.0,0.515625,0.802264737508027,HI-VAE_weibull_diffusion
0.014432480636472633,0.9081439393939393,0.05273452463781375,0.58411463882378,0.12078624466310262,1.0,0.4583333333333333,0.8100187909344546,HI-VAE_weibull_diffusion
0.010596728819999617,0.9322916666666665,0.028692028871204717,0.48277931671283475,0.11949404015939004,3.0,0.5052083333333334,0.7998321192159831,HI-VAE_weibull_diffusion
0.009507947091769187,0.9289772727272729,0.03924273137117529,0.547634775197102,0.15024014426946705,1.0,0.5052083333333334,0.8023757055625199,HI-VAE_weibull_diffusion
0.01265073056537127,0.912878787878788,0.04822749562748837,0.6027842886568648,0.13170788028870142,1.0,0.4583333333333333,0.7991215651532803,HI-VAE_weibull_diffusion
0.01315159028514673,0.9142992424242423,0.013654266479753173,0.6288479295404503,0.13733422404283754,3.0,0.4479166666666667,0.7992778300315847,HI-VAE_weibull_diffusion
0.011727133510826365,0.9195075757575758,0.05407458542702901,0.6307408196604872,0.13464720395212607,2.0,0.4114583333333333,0.8038660093384513,HI-VAE_weibull_diffusion
0.012362355527060841,0.9128787878787878,0.03345023692930392,0.5336742666382557,0.15262591171053816,1.0,0.4895833333333333,0.8155818648751674,HI-VAE_weibull_diffusion
0.012647832990795633,0.9180871212121212,0.016854646257728288,0.5552560551175509,0.11346508680453542,1.0,0.4479166666666667,0.8067983451101371,HI-VAE_weibull_diffusion
0.010954750096503941,0.9232954545454546,0.023668021908166817,0.522256552311954,0.1412761526711048,1.0,0.5,0.8068941900980385,HI-VAE_weibull_diffusion
0.010814256534972137,0.9308712121212122,0.029206479749761934,0.585059308189502,0.14238455496339017,1.0,0.453125,0.8041974176961093,HI-VAE_weibull_diffusion
0.013325662123380305,0.9114583333333333,0.031187340897887415,0.6075786632573337,0.14289589410911938,2.0,0.4895833333333333,0.8037004945766848,HI-VAE_weibull_diffusion
0.010318362465235225,0.927556818181818,0.029252137772693792,0.6058207259038284,0.19502246390910585,2.0,0.4791666666666667,0.7982408406630416,HI-VAE_weibull_diffusion
0.01240627617137058,0.912878787878788,0.054663403679340195,0.6042616663115278,0.132650607690174,2.0,0.46875,0.8074373999048395,HI-VAE_weibull_diffusion
0.012759391272823111,0.9147727272727273,0.05149146342425294,0.5983272959727254,0.1073953726508887,4.0,0.46875,0.8143540043188553,HI-VAE_weibull_diffusion
0.011552638293834875,0.925189393939394,0.030315852862695444,0.5572306271752255,0.1412575513433058,1.0,0.4479166666666667,0.8072753291341185,HI-VAE_weibull_diffusion
0.011061407423481343,0.9214015151515152,0.052221147995209896,0.5606293060586689,0.0982051397278907,2.0,0.484375,0.814179878975703,HI-VAE_weibull_diffusion
0.00976979176535984,0.9346590909090909,0.01843976468085103,0.545976276724199,0.16824176833655027,2.0,0.5260416666666666,0.811671649313083,HI-VAE_weibull_diffusion
0.012821885324415477,0.9161931818181818,0.040450557730704315,0.6312025001775694,0.14918929356586694,1.0,0.4635416666666667,0.8135851771714722,HI-VAE_weibull_diffusion
0.00970672680673479,0.930871212121212,0.020693593104354938,0.5850841679096528,0.14466598346003126,1.0,0.4947916666666667,0.794567410720924,HI-VAE_weibull_diffusion
0.011424682687744494,0.9237689393939394,0.02736492660675365,0.5538070885716315,0.14303560834119325,1.0,0.4739583333333333,0.8117059121570125,HI-VAE_weibull_diffusion
0.011590358350414968,0.9232954545454546,0.03154900416288671,0.5141735918744229,0.10626569394242395,1.0,0.4947916666666667,0.7982220921727663,HI-VAE_weibull_diffusion
0.01135561241766904,0.9180871212121212,0.012925793387931102,0.6013069110022018,0.16725238394709593,2.0,0.4791666666666667,0.8127091952511318,HI-VAE_weibull_diffusion
0.013222594061840159,0.915246212121212,0.053690032230035434,0.5810249307479225,0.10887567650960861,3.0,0.4427083333333333,0.7968159774540053,HI-VAE_weibull_diffusion
0.011677676301079647,0.921875,0.050484444242283655,0.5622700475886071,0.09234589040114927,2.0,0.5520833333333334,0.8095167246167649,HI-VAE_weibull_diffusion
0.011851600260188144,0.9261363636363636,0.04813128212713342,0.6476809432488103,0.14401915637052518,1.0,0.4479166666666667,0.8122280561359478,HI-VAE_weibull_diffusion
0.010749250731076835,0.928503787878788,0.048158674400330635,0.6037502663541445,0.1655024772936494,1.0,0.4947916666666667,0.8135065002411092,HI-VAE_weibull_diffusion
0.011576396963215309,0.9232954545454546,0.03510595380299488,0.5051921301228781,0.11307444144739914,1.0,0.4791666666666667,0.8066346550537065,HI-VAE_weibull_diffusion
0.011559636357466015,0.9209280303030304,0.02925710579360785,0.5345656651750834,0.1267389590812798,1.0,0.4895833333333333,0.8130286963186422,HI-VAE_weibull_diffusion
0.010510244906751672,0.931818181818182,0.018275007767937328,0.538369202358122,0.15661492606787844,1.0,0.4583333333333333,0.8166587152045146,HI-VAE_weibull_diffusion
0.01278499331985528,0.9138257575757577,0.05697918578312017,0.5544072732438383,0.15604566013404916,1.0,0.4479166666666667,0.810229155349768,HI-VAE_weibull_diffusion
0.01020328925231677,0.9294507575757577,0.03699041207868701,0.5774327011861637,0.14162785482601095,1.0,0.4635416666666667,0.8106365057208108,HI-VAE_weibull_diffusion
0.013833248399226934,0.9133522727272727,0.027661560739484302,0.6284324170750764,0.17864671019979075,1.0,0.4947916666666667,0.8002023604384795,HI-VAE_piecewise_diffusion
0.011779684920763105,0.9199810606060606,0.047925444158101016,0.5595603380921942,0.10726716873916632,1.0,0.515625,0.7962368969704784,HI-VAE_piecewise_diffusion
0.012558370589741337,0.925189393939394,0.024338931848707484,0.5441899282619505,0.18322148553063514,2.0,0.5416666666666666,0.8044728843518288,HI-VAE_piecewise_diffusion
0.011455540208313058,0.9289772727272727,0.017002994553391507,0.5772640102279991,0.09499253211895964,1.0,0.5364583333333334,0.7975681949553964,HI-VAE_piecewise_diffusion
0.012481271880954265,0.9247159090909091,0.015123591231463365,0.6051992329000638,0.09872856639914478,3.0,0.5104166666666666,0.8051078653952757,HI-VAE_piecewise_diffusion
0.011853011406088286,0.9223484848484848,0.020630034687309944,0.6090524895234036,0.15023741707141586,2.0,0.4739583333333333,0.8030672105674926,HI-VAE_piecewise_diffusion
0.011044398223607067,0.9308712121212122,0.02671594772014542,0.5739470132821933,0.18564696827038255,1.0,0.4895833333333333,0.7940938810258646,HI-VAE_piecewise_diffusion
0.013114077132472512,0.9161931818181818,0.056864494585463325,0.582708288940976,0.17844863442026404,1.0,0.5208333333333334,0.7963147673267823,HI-VAE_piecewise_diffusion
0.012074403195023007,0.9199810606060607,0.019452288383092865,0.5749378506996236,0.1018237302713451,1.0,0.53125,0.8076596230954426,HI-VAE_piecewise_diffusion
0.010366062650972957,0.9289772727272727,0.019312011103927388,0.6337417430215214,0.11166952946084459,3.0,0.5052083333333334,0.8004849582653918,HI-VAE_piecewise_diffusion
0.013683939987450705,0.9142992424242423,0.06450968151975109,0.5786064351161304,0.08704287374866164,3.0,0.4739583333333333,0.7994387239353129,HI-VAE_piecewise_diffusion
0.013627030781245879,0.9133522727272727,0.06245247108483648,0.6220896370480858,0.13179530600324682,1.0,0.5,0.7951864981406409,HI-VAE_piecewise_diffusion
0.012665082385632555,0.9166666666666667,0.03518942648931189,0.5036153135876128,0.10006524956959684,1.0,0.4947916666666667,0.7974444725393642,HI-VAE_piecewise_diffusion
0.01051715457257559,0.9308712121212122,0.008574971471529613,0.6157433056325023,0.12686950055217416,1.0,0.5052083333333334,0.8006955222420392,HI-VAE_piecewise_diffusion
0.01130553017913022,0.9294507575757577,0.01329551136711187,0.5643405071382911,0.14310535043940545,1.0,0.4947916666666667,0.7988656141138035,HI-VAE_piecewise_diffusion
0.013025695272451098,0.9171401515151515,0.029559195686194417,0.5910043326940835,0.12342074206281606,1.0,0.4895833333333333,0.796273724406059,HI-VAE_piecewise_diffusion
0.011809738454617686,0.9266098484848484,0.05559853819528,0.5406172313374529,0.19451873560962177,1.0,0.5052083333333334,0.7840200680024095,HI-VAE_piecewise_diffusion
0.012296324445851742,0.9190340909090909,0.05145537360114226,0.5631223808509127,0.148142962189012,1.0,0.5364583333333334,0.7904699582271777,HI-VAE_piecewise_diffusion
0.012970149470888032,0.9157196969696971,0.016408125291026178,0.5898998508416791,0.1508293711629561,1.0,0.4895833333333333,0.8015293002562499,HI-VAE_piecewise_diffusion
0.012416867536318559,0.9199810606060607,0.044767009570934664,0.6148483557070815,0.12412853136862545,2.0,0.4322916666666667,0.8117545595787029,HI-VAE_piecewise_diffusion
0.012931530833322753,0.9171401515151515,0.018070772068591447,0.5849030470914128,0.189081237975581,1.0,0.515625,0.8036425842901697,HI-VAE_piecewise_diffusion
0.013398070094005943,0.9157196969696969,0.04722408247368417,0.5843454790823212,0.10076318061090143,2.0,0.5052083333333334,0.7924753890828714,HI-VAE_piecewise_diffusion
0.011715609185044808,0.9261363636363636,0.027612430800977812,0.5903402230272036,0.1017273332058342,1.0,0.5364583333333334,0.8008335348922146,HI-VAE_piecewise_diffusion
0.012492320023883395,0.9157196969696969,0.023862244451343745,0.6235066410966688,0.13949833709294931,2.0,0.546875,0.8037963109973086,HI-VAE_piecewise_diffusion
0.012456805819819793,0.9161931818181817,0.038772765092849826,0.5676717096384687,0.13226029624002475,1.0,0.5052083333333334,0.7935123494025009,HI-VAE_piecewise_diffusion
0.011002051387603042,0.9256628787878788,0.011278000405849564,0.5709070246466368,0.10371198469467462,2.0,0.4635416666666667,0.7968648317292903,HI-VAE_piecewise_diffusion
0.013399549222152994,0.9176136363636362,0.03669949237912305,0.6012784998934584,0.11812930874071252,3.0,0.515625,0.794463586490878,HI-VAE_piecewise_diffusion
0.011719537021205824,0.9266098484848485,0.036771544215645977,0.5953263726116912,0.11429777107950057,1.0,0.515625,0.8002658266658272,HI-VAE_piecewise_diffusion
0.014219143097398324,0.9138257575757577,0.05339874464487746,0.6414837701541302,0.1183701707133924,1.0,0.453125,0.8112732555220104,HI-VAE_piecewise_diffusion
0.011199750655061623,0.9214015151515151,0.03366057242947763,0.5702002983166419,0.10938892071152108,1.0,0.5,0.7972443426696405,HI-VAE_piecewise_diffusion
0.0104833292563874,0.9308712121212122,0.021282466602532753,0.5902514383123801,0.27274196922064986,1.0,0.5,0.795530667316182,HI-VAE_piecewise_diffusion
0.012780982471794806,0.9161931818181818,0.04239086314981379,0.6571667021805526,0.17569348314468822,1.0,0.4895833333333333,0.7904653032148361,HI-VAE_piecewise_diffusion
0.012100082328440653,0.9218750000000001,0.023206851384097223,0.5902301299808225,0.1325514563897594,1.0,0.4739583333333333,0.7994449623537666,HI-VAE_piecewise_diffusion
0.01232949674116765,0.9128787878787878,0.051526706447695005,0.6147063001633638,0.11940868075883045,3.0,0.4635416666666667,0.7921971905675003,HI-VAE_piecewise_diffusion
0.012935065317024107,0.9119318181818182,0.047976158567037255,0.566233397258328,0.11009358557679418,1.0,0.5208333333333334,0.7967169001400083,HI-VAE_piecewise_diffusion
0.012302082402094506,0.9180871212121212,0.022108398181365323,0.5496377583635201,0.09866423118656971,2.0,0.4947916666666667,0.8016155785246405,HI-VAE_piecewise_diffusion
0.01311301063920427,0.9119318181818182,0.05185616266460049,0.6136835002485972,0.15460444973256013,1.0,0.5364583333333334,0.8044584267743603,HI-VAE_piecewise_diffusion
0.012628390258896992,0.9218750000000001,0.03610631018783216,0.5028730733716883,0.12993598548788185,2.0,0.4791666666666667,0.7906931943986353,HI-VAE_piecewise_diffusion
0.012796476521356525,0.9204545454545456,0.03317892087035875,0.5811634349030471,0.13147012545332215,4.0,0.5052083333333334,0.8037160264709543,HI-VAE_piecewise_diffusion
0.01311504794395303,0.9152462121212122,0.038465982767516116,0.5996626180836706,0.11741262101590134,1.0,0.53125,0.8077051464291086,HI-VAE_piecewise_diffusion
0.012668390934793357,0.9157196969696969,0.008482169575589976,0.616293770864408,0.1510527770572738,1.0,0.453125,0.788915808029652,HI-VAE_piecewise_diffusion
0.01283014189499841,0.9147727272727273,0.04086261291615356,0.5670182541373678,0.1788620061731099,1.0,0.46875,0.789182763298183,HI-VAE_piecewise_diffusion
0.012617297700999524,0.9199810606060606,0.03161260901579611,0.5918850770651325,0.11439662910086242,2.0,0.4947916666666667,0.7927048479773267,HI-VAE_piecewise_diffusion
0.011429958756367303,0.9270833333333333,0.02821739273566476,0.5915938632005113,0.14047830956431617,1.0,0.5364583333333334,0.7868046412393758,HI-VAE_piecewise_diffusion
0.011715186508241495,0.9209280303030304,0.02087671548659019,0.5855174373179913,0.09486160187987958,1.0,0.5,0.8012408910596039,HI-VAE_piecewise_diffusion
0.012553591064937236,0.9199810606060606,0.03478856344795398,0.583709780524185,0.12293381850122102,1.0,0.53125,0.8032890448081472,HI-VAE_piecewise_diffusion
0.013721180617961792,0.9133522727272727,0.05862048305842338,0.5863093969742168,0.10115666154066266,2.0,0.546875,0.7925575951846986,HI-VAE_piecewise_diffusion
0.010916941183156234,0.9256628787878788,0.027437362834770242,0.5442360963136587,0.24103268069803352,1.0,0.4583333333333333,0.8096078125471546,HI-VAE_piecewise_diffusion
0.014385716192876687,0.9105113636363636,0.04759787656787911,0.5834540805454933,0.16037609471322758,1.0,0.5208333333333334,0.8067891900245773,HI-VAE_piecewise_diffusion
0.010354782827023982,0.9280303030303031,0.02079796511576676,0.5564102564102564,0.09262609131980758,1.0,0.4739583333333333,0.7980053491622866,HI-VAE_piecewise_diffusion
0.014032016295351444,0.9142992424242425,0.044698167443040254,0.6419596562255843,0.18376235902520696,2.0,0.5052083333333334,0.7910091833317617,HI-VAE_piecewise_diffusion
0.012876971594762292,0.9232954545454547,0.04665948622136662,0.5777150365793025,0.07811818313848475,1.0,0.4791666666666667,0.8031691964543001,HI-VAE_piecewise_diffusion
0.01198254012914602,0.9247159090909091,0.03672298502950696,0.5382662120889268,0.2573236620809225,2.0,0.5208333333333334,0.798496724805519,HI-VAE_piecewise_diffusion
0.011703674172753803,0.9214015151515152,0.043910110055603704,0.5565949286170893,0.10959274625440811,1.0,0.5,0.8008673022891656,HI-VAE_piecewise_diffusion
0.012109154957618405,0.9133522727272727,0.049089012182001075,0.6171034874635983,0.1596113698466359,2.0,0.4791666666666667,0.7990306193664845,HI-VAE_piecewise_diffusion
0.012239038775903098,0.9237689393939394,0.02674057497384821,0.5171603096810854,0.1956923373733314,1.0,0.4375,0.8021914309470222,HI-VAE_piecewise_diffusion
0.012148745417489193,0.9195075757575757,0.009548092081143988,0.5338553874564955,0.15980090455882703,1.0,0.5,0.8081912554908538,HI-VAE_piecewise_diffusion
0.011765792128901666,0.9157196969696969,0.021167000048033093,0.5741956104836992,0.1917787048370169,1.0,0.4635416666666667,0.806264735923562,HI-VAE_piecewise_diffusion
0.013218728359126247,0.9171401515151516,0.03584108510350226,0.5857305206335678,0.10087785308235087,1.0,0.5364583333333334,0.8098564348606221,HI-VAE_piecewise_diffusion
0.011818016212825548,0.9237689393939394,0.010206541396913512,0.6622416364798637,0.144922333573017,1.0,0.4895833333333333,0.794671801142929,HI-VAE_piecewise_diffusion
0.01420523799278821,0.912878787878788,0.025155556183257745,0.6273279352226722,0.11052874743756243,1.0,0.53125,0.8048217413044483,HI-VAE_piecewise_diffusion
0.011289882477889935,0.930871212121212,0.05245853786159748,0.5533383052773634,0.23998597117299925,1.0,0.5052083333333334,0.795994699068053,HI-VAE_piecewise_diffusion
0.013916779324502648,0.9147727272727273,0.04042345187217639,0.6184565665175082,0.09130274297418169,1.0,0.5364583333333334,0.799488375917422,HI-VAE_piecewise_diffusion
0.011662815331312042,0.9209280303030302,0.028848916248180336,0.5591661339583777,0.09062642038942219,2.0,0.453125,0.794459892992195,HI-VAE_piecewise_diffusion
0.011429602447952025,0.9289772727272727,0.03221026958258172,0.6186767526102706,0.10628077167099266,2.0,0.484375,0.7996300247287009,HI-VAE_piecewise_diffusion
0.013397673649309659,0.921875,0.05085612613612978,0.6272498046736275,0.15517128096001384,1.0,0.515625,0.7958737380128266,HI-VAE_piecewise_diffusion
0.01290288207895945,0.9157196969696969,0.037833567829533614,0.6565736202855316,0.09437696559463475,1.0,0.5,0.7962239447825126,HI-VAE_piecewise_diffusion
0.012807498513113165,0.915246212121212,0.0588142593392505,0.5993181333901555,0.13549943227223582,1.0,0.4739583333333333,0.7863440471414441,HI-VAE_piecewise_diffusion
0.012252675530270875,0.9223484848484849,0.047680484274660866,0.550411961076781,0.11039182642987183,2.0,0.5,0.8013006932218141,HI-VAE_piecewise_diffusion
0.012982379494239015,0.9171401515151515,0.040063784455522305,0.6117302365224803,0.13487423208187957,1.0,0.4635416666666667,0.791704509106697,HI-VAE_piecewise_diffusion
0.009644469286302339,0.9365530303030302,0.012092926726800032,0.5519958803892322,0.16073193161128682,2.0,0.5572916666666666,0.7897301558833729,HI-VAE_piecewise_diffusion
0.012565238611631002,0.9133522727272727,0.0074821115445364616,0.644569926841395,0.19121672952860247,1.0,0.5052083333333334,0.7939075535821458,HI-VAE_piecewise_diffusion
0.011541084092074189,0.9214015151515152,0.039502349806470424,0.5268058810995099,0.16175936986461018,1.0,0.4895833333333333,0.8027838199961016,HI-VAE_piecewise_diffusion
0.009998245733374071,0.9299242424242425,0.014241240996365086,0.5589246395340579,0.08106682699256831,1.0,0.5572916666666666,0.8062715615537669,HI-VAE_piecewise_diffusion
0.01460200506163458,0.9109848484848485,0.007999502560870326,0.6297428794658712,0.12279773893081154,1.0,0.4635416666666667,0.8023709506355593,HI-VAE_piecewise_diffusion
0.013443815370123263,0.9176136363636364,0.035561762323777696,0.5990730875772428,0.12343507128917235,2.0,0.4583333333333333,0.8015728219797792,HI-VAE_piecewise_diffusion
0.012469599900541197,0.9204545454545454,0.03582359508730077,0.5938987143973293,0.10989784003696663,2.0,0.4635416666666667,0.802446671086409,HI-VAE_piecewise_diffusion
0.012422629427445118,0.9256628787878788,0.025224380219126423,0.6339619291142837,0.10387457569805898,1.0,0.515625,0.7847200273141716,HI-VAE_piecewise_diffusion
0.011089729359878482,0.9256628787878789,0.019604572490179908,0.5705802968960864,0.12283701248856689,1.0,0.5104166666666666,0.7983545804848483,HI-VAE_piecewise_diffusion
0.015177890473390273,0.9015151515151515,0.035564225843015496,0.573790752184104,0.12542346869115076,2.0,0.53125,0.7960232704340046,HI-VAE_piecewise_diffusion
0.012352934376918062,0.9180871212121212,0.02229080019448384,0.5775836352013637,0.10345165576200575,1.0,0.5104166666666666,0.8044529244661676,HI-VAE_piecewise_diffusion
0.014572486890593673,0.9105113636363636,0.05948940747081282,0.6109311740890689,0.10664154439836553,1.0,0.4895833333333333,0.7969411289628345,HI-VAE_piecewise_diffusion
0.012101664307975523,0.9223484848484849,0.04365309532534659,0.46334966972086084,0.1781749456893668,1.0,0.4635416666666667,0.7969655968800599,HI-VAE_piecewise_diffusion
0.012678984302895536,0.9228219696969696,0.036871417397458355,0.5076248313090417,0.13584706938242205,1.0,0.5208333333333334,0.8006075125068792,HI-VAE_piecewise_diffusion
0.013690601138799286,0.9109848484848484,0.040526660163737946,0.614819944598338,0.16490805275283957,1.0,0.4583333333333333,0.8084605479620336,HI-VAE_piecewise_diffusion
0.014180567285178912,0.9062500000000001,0.03736901090749835,0.5571809077349243,0.10567866030639107,1.0,0.5,0.788668184695727,HI-VAE_piecewise_diffusion
0.011930313976686856,0.925189393939394,0.024552944134464808,0.5929540450316073,0.17590076318314588,2.0,0.515625,0.8080364959532685,HI-VAE_piecewise_diffusion
0.013329218591221768,0.9152462121212122,0.013458738105593348,0.5664997514027984,0.12682039079185745,1.0,0.5677083333333334,0.8031019211851231,HI-VAE_piecewise_diffusion
0.011466630161282153,0.9232954545454546,0.01025479407703031,0.601125790183962,0.14785853853886508,1.0,0.5364583333333334,0.7916496771852614,HI-VAE_piecewise_diffusion
0.011095219669260001,0.9280303030303029,0.0186037182652574,0.6028020455998295,0.16589228014036667,1.0,0.46875,0.7976092885907528,HI-VAE_piecewise_diffusion
0.009988613717186557,0.9351325757575757,0.017106618270799838,0.5923893742453299,0.14057324510319447,2.0,0.5416666666666666,0.7965319821577739,HI-VAE_piecewise_diffusion
0.010577322117466733,0.934185606060606,0.007421184087299631,0.547403934938561,0.1485362038029954,1.0,0.5520833333333334,0.7952191287888221,HI-VAE_piecewise_diffusion
0.01074167576064051,0.9322916666666665,0.008919534619138086,0.6032317636195753,0.21424619109515644,1.0,0.4583333333333333,0.7972471066440355,HI-VAE_piecewise_diffusion
0.012468151713497227,0.9204545454545454,0.031944290187813446,0.6131898572341786,0.09855129856333207,1.0,0.515625,0.798361793335558,HI-VAE_piecewise_diffusion
0.01238402471911011,0.9209280303030302,0.05454994469896588,0.6032033525108317,0.09661942777046811,2.0,0.4479166666666667,0.7940808439496851,HI-VAE_piecewise_diffusion
0.012554705204703963,0.9204545454545454,0.039791097306521,0.5451914198451594,0.12109832440023892,1.0,0.515625,0.789375438424279,HI-VAE_piecewise_diffusion
0.013311314097285592,0.9124053030303029,0.032576620290805554,0.5475069252077562,0.10194884905232819,2.0,0.515625,0.8108729111080981,HI-VAE_piecewise_diffusion
0.01381388372547007,0.9133522727272726,0.016820690966463513,0.623854677178777,0.12860088577849266,1.0,0.5260416666666666,0.8033548700024085,HI-VAE_piecewise_diffusion
0.01386822868323982,0.9105113636363636,0.03014913318577318,0.6126891114425741,0.1561924564955798,1.0,0.421875,0.8135955111494525,HI-VAE_piecewise_diffusion
0.011641351973343051,0.9270833333333335,0.009671929750082553,0.6182328290361532,0.10361915821050027,2.0,0.484375,0.7958614067850641,HI-VAE_piecewise_diffusion
0.011730902508118578,0.9232954545454546,0.022283289914365446,0.5384970523474679,0.12560551236706188,1.0,0.4895833333333333,0.799879292354258,HI-VAE_piecewise_diffusion
0.012313251982534034,0.9247159090909091,0.013391069856114775,0.5346295901697564,0.12110281205450191,1.0,0.5052083333333334,0.7994261688378055,HI-VAE_piecewise_diffusion
0.011898155107258957,0.9247159090909091,0.019777708628692298,0.6129945308615669,0.12055983803288284,1.0,0.515625,0.7985159874871236,HI-VAE_piecewise_diffusion
0.01282850953470796,0.9128787878787878,0.03218179121627113,0.647286739114994,0.11393173312993819,1.0,0.4635416666666667,0.7844114365811862,HI-VAE_piecewise_diffusion
0.012427040308764875,0.9195075757575757,0.01817281204016989,0.5448327295972726,0.1636477358742578,1.0,0.5052083333333334,0.7916525102668058,HI-VAE_piecewise_diffusion
0.011148066342789266,0.9280303030303031,0.025948017282573926,0.5652283542865261,0.1250414785663829,1.0,0.5052083333333334,0.8064440767993752,HI-VAE_piecewise_diffusion
0.010461168126202151,0.9294507575757577,0.015819614250123966,0.5381525676539527,0.18941960696556728,1.0,0.5104166666666666,0.7932057637525407,HI-VAE_piecewise_diffusion
0.012251650045380664,0.925189393939394,0.019247028377524178,0.5845692165636764,0.16472145800588708,1.0,0.5052083333333334,0.807049467245622,HI-VAE_piecewise_diffusion
0.010828792651851459,0.9228219696969696,0.019345657750778473,0.6423290006392499,0.14034708978310104,1.0,0.4635416666666667,0.8061163064790567,HI-VAE_piecewise_diffusion
0.012597787406368483,0.9232954545454546,0.029284183503041225,0.5294694225442147,0.1537414204187262,2.0,0.5052083333333334,0.7906103075924837,HI-VAE_piecewise_diffusion
0.013523902536003685,0.9124053030303031,0.026628680574873574,0.608090063214717,0.09426215371112927,2.0,0.5364583333333334,0.8027817747881163,HI-VAE_piecewise_diffusion
0.011737677835784499,0.9327651515151515,0.031815831351593306,0.6084736131827544,0.09879009766528173,1.0,0.4635416666666667,0.794136235929531,HI-VAE_piecewise_diffusion
0.010624496921069966,0.925189393939394,0.016785457335182115,0.616883301370836,0.13083276083696083,1.0,0.4739583333333333,0.8083812747987031,HI-VAE_piecewise_diffusion
0.012803976946510691,0.9214015151515152,0.030761291890625733,0.5470097308047446,0.08723785261506804,1.0,0.484375,0.782905975968817,HI-VAE_piecewise_diffusion
0.011505089136725781,0.9275568181818182,0.01050778099505278,0.5848355707081468,0.13882568666430462,1.0,0.5208333333333334,0.7994095534052437,HI-VAE_piecewise_diffusion
0.012263818611758294,0.9157196969696971,0.03466278460814886,0.5772782157823709,0.19228504433722116,2.0,0.4375,0.8118281281649197,HI-VAE_piecewise_diffusion
0.014575716675103812,0.9057765151515151,0.06969263282446851,0.5723950564670787,0.13828228629498499,1.0,0.5104166666666666,0.8013208227365908,HI-VAE_piecewise_diffusion
0.009955898371264755,0.9275568181818182,0.027747103349696343,0.5644754599048227,0.10735055962940647,1.0,0.453125,0.7917682151776754,HI-VAE_piecewise_diffusion
0.01229789751294904,0.9195075757575758,0.03236774630940215,0.5868136941544144,0.09355984098413611,1.0,0.5208333333333334,0.7946520881934761,HI-VAE_piecewise_diffusion
0.010951505666897362,0.9303977272727273,0.010458265337331166,0.5523048511968179,0.12671984711520357,1.0,0.5052083333333334,0.7970885719010384,HI-VAE_piecewise_diffusion
0.01199619125027593,0.9171401515151515,0.030801007426118146,0.531294836280986,0.20215931925486066,1.0,0.4947916666666667,0.7884117552318244,HI-VAE_piecewise_diffusion
0.011301082524351467,0.925189393939394,0.04002325265167827,0.5722458981461752,0.11453841878393946,1.0,0.4739583333333333,0.81027876058421,HI-VAE_piecewise_diffusion
0.01321139610922632,0.9176136363636366,0.021179041399030013,0.615416577881952,0.09941442824415782,2.0,0.5260416666666666,0.8025073296933317,HI-VAE_piecewise_diffusion
0.011828458636745098,0.925189393939394,0.025037234237900084,0.5803856808011932,0.10643433092473524,1.0,0.5104166666666666,0.7865875018540851,HI-VAE_piecewise_diffusion
0.012670380271068944,0.9171401515151515,0.03116561943806094,0.6604233255202784,0.09625160803691707,1.0,0.515625,0.804384177070024,HI-VAE_piecewise_diffusion
0.013336391926216438,0.9209280303030304,0.01102601353982644,0.5623055614745365,0.1452599054870681,1.0,0.4322916666666667,0.8101706627554154,HI-VAE_piecewise_diffusion
0.012017218616247506,0.9242424242424242,0.0190109248286519,0.6286774628879892,0.10654260378154756,1.0,0.5208333333333334,0.8079601962045615,HI-VAE_piecewise_diffusion
0.010477258713619387,0.9247159090909091,0.034775104694750474,0.5993962639392002,0.13195188834642094,1.0,0.4947916666666667,0.7887665002763822,HI-VAE_piecewise_diffusion
0.011911137456020467,0.9275568181818182,0.03004238775919802,0.6020171887207898,0.11713573156533402,1.0,0.5260416666666666,0.816472552230325,HI-VAE_piecewise_diffusion
0.010527315871574483,0.9294507575757575,0.03865893490457465,0.552127281767171,0.10102782385995857,1.0,0.4427083333333333,0.8023754828261729,HI-VAE_piecewise_diffusion
0.009301986014252514,0.9360795454545454,0.011889766732040423,0.5471482349598693,0.12455016357309034,1.0,0.5208333333333334,0.7999641696977212,HI-VAE_piecewise_diffusion
0.008886868616036776,0.9375,0.013570939862839991,0.47354570637119114,0.15967689796792625,1.0,0.5,0.7865538527474075,HI-VAE_piecewise_diffusion
0.014680370812655734,0.9067234848484848,0.054443752092138545,0.5695539455927268,0.13232920517653485,1.0,0.4635416666666667,0.8080512638723507,HI-VAE_piecewise_diffusion
0.013121149347958189,0.9195075757575758,0.025168020460912204,0.6222778606435116,0.17183207037074863,1.0,0.4635416666666667,0.8039124951478926,HI-VAE_piecewise_diffusion
0.012287122192117812,0.9261363636363638,0.050410985336665964,0.5516300873641594,0.09695588486152633,2.0,0.4947916666666667,0.8049198904384719,HI-VAE_piecewise_diffusion
0.011776821035045466,0.927556818181818,0.00865903421836414,0.58447688046026,0.15021297366495223,1.0,0.46875,0.7953070088895888,HI-VAE_piecewise_diffusion
0.011841852098744315,0.9256628787878789,0.03346434487804229,0.5180765679380638,0.16482065211569397,2.0,0.5520833333333334,0.8002421427638787,HI-VAE_piecewise_diffusion
0.01268876020794349,0.9228219696969696,0.04957948758464343,0.6074579160451736,0.1538199999887673,2.0,0.5104166666666666,0.785153152547028,HI-VAE_piecewise_diffusion
0.009795597398542213,0.9356060606060606,0.00979958866474192,0.6412529298955892,0.13606476431502776,1.0,0.453125,0.8083328247098633,HI-VAE_piecewise_diffusion
0.012617462489305025,0.9237689393939393,0.02321846719144369,0.5760103700546914,0.12375778315696935,1.0,0.4427083333333333,0.8033032719066184,HI-VAE_piecewise_diffusion
0.012081633938154542,0.9261363636363636,0.02262099963237773,0.6481781376518219,0.18128640168615928,1.0,0.515625,0.7874728106875111,HI-VAE_piecewise_diffusion
0.013015976200653957,0.9147727272727273,0.026598590920196487,0.6340720221606648,0.12343388089941609,1.0,0.4947916666666667,0.787970669176273,HI-VAE_piecewise_diffusion
0.011436655328374606,0.9237689393939394,0.015377332497499865,0.579689608636977,0.10680352217422924,1.0,0.5625,0.8051190384021426,HI-VAE_piecewise_diffusion
0.010422387847822604,0.9322916666666665,0.012340846466926084,0.5936536685844164,0.09557064909764812,1.0,0.5052083333333334,0.801795143135136,HI-VAE_piecewise_diffusion
0.012679605090423708,0.9232954545454546,0.038995042990681225,0.581174089068826,0.1638386229397473,1.0,0.453125,0.8038482686009496,HI-VAE_piecewise_diffusion
0.009926331946558554,0.9379734848484848,0.01266722870961652,0.5222991689750692,0.0838411487217649,1.0,0.5625,0.8119449262350734,HI-VAE_piecewise_diffusion
0.008769703334502632,0.9389204545454544,0.019741681294558475,0.6407450813267989,0.12419189156057843,1.0,0.4895833333333333,0.7985273039219017,HI-VAE_piecewise_diffusion
0.011805234807628734,0.924715909090909,0.028146977645958707,0.5842815540876483,0.10931282445703465,1.0,0.46875,0.7887370058559967,HI-VAE_piecewise_diffusion
0.010343357944638344,0.9275568181818182,0.009573113001698517,0.6078982882306982,0.18889409912317776,1.0,0.453125,0.7892402036558667,HI-VAE_piecewise_diffusion
0.011817728137860296,0.9275568181818182,0.037634848809659505,0.5679522693373109,0.09589025458316051,1.0,0.546875,0.8087819663879718,HI-VAE_piecewise_diffusion
0.013286355248239352,0.9195075757575758,0.05246290602860819,0.5907060160522765,0.1408130126220449,1.0,0.5052083333333334,0.7996675645981952,HI-VAE_piecewise_diffusion
0.01027435678392424,0.9294507575757575,0.04094801818753764,0.5697492719653384,0.2383183438768053,1.0,0.5208333333333334,0.792792197325527,HI-VAE_piecewise_diffusion
0.013464966467271284,0.9138257575757575,0.022669080570283384,0.5842495915903119,0.18155692499264187,1.0,0.5052083333333334,0.8006531326055685,HI-VAE_piecewise_diffusion
0.010300197086942567,0.9294507575757575,0.006955245318564163,0.5694438525463457,0.133214448813942,1.0,0.546875,0.7938251522233079,HI-VAE_piecewise_diffusion
0.0094241420409525,0.9365530303030302,0.016442675261927008,0.5587577242701897,0.10443318485445241,1.0,0.5677083333333334,0.7951048788448183,HI-VAE_piecewise_diffusion
0.012386316116111103,0.9261363636363636,0.026556792572603335,0.5849137012571916,0.16603971327138803,2.0,0.453125,0.794415091366591,HI-VAE_piecewise_diffusion
0.011104321791846854,0.921875,0.012760009936539606,0.5328929611478087,0.14602632202202614,2.0,0.5104166666666666,0.7942963276145397,HI-VAE_piecewise_diffusion
0.011919670687013722,0.9232954545454546,0.02501558180477691,0.6140599474394488,0.15774111317816833,2.0,0.4895833333333333,0.8129274107443404,HI-VAE_piecewise_diffusion
0.013711037776103883,0.9185606060606062,0.03926545166205494,0.5084523048511969,0.11826277226649973,2.0,0.484375,0.7993097148800242,HI-VAE_piecewise_diffusion
0.013794720543123888,0.9109848484848485,0.06499716245144892,0.5204098302436252,0.11213408256091915,1.0,0.4479166666666667,0.799780975327376,HI-VAE_piecewise_diffusion
0.011174591242232136,0.924715909090909,0.021791474408474232,0.572128702322608,0.08819645895695488,1.0,0.5,0.7990921721963672,HI-VAE_piecewise_diffusion
0.011868145809035996,0.9195075757575758,0.04905609331235122,0.5388770509269125,0.10860210643925274,1.0,0.5052083333333334,0.8022551760841602,HI-VAE_piecewise_diffusion
0.013300889123813203,0.9133522727272727,0.04902735438495865,0.5401413452659989,0.11501065774978207,1.0,0.4479166666666667,0.780776513468808,HI-VAE_piecewise_diffusion
0.012524887229013048,0.9176136363636364,0.02896086051937688,0.5658640528446622,0.11305917711203116,1.0,0.4791666666666667,0.8000243770330584,HI-VAE_piecewise_diffusion
0.014272853137212778,0.9124053030303029,0.027028209399445228,0.6186057248384118,0.10989597444994526,1.0,0.5416666666666666,0.7915063363389426,HI-VAE_piecewise_diffusion
0.011925001579762819,0.9223484848484848,0.04349240054539656,0.6127885503231764,0.12464107491939318,3.0,0.515625,0.8000457218112452,HI-VAE_piecewise_diffusion
0.01199193640975829,0.9237689393939394,0.05510912195771785,0.5937779671851694,0.10446729229431646,1.0,0.5104166666666666,0.7971024055959495,HI-VAE_piecewise_diffusion
0.013094683536853361,0.9176136363636364,0.04028973933093355,0.5432239505646709,0.14607632007642543,2.0,0.5052083333333334,0.7954505204435723,HI-VAE_piecewise_diffusion
0.011222303416994445,0.9237689393939394,0.02366730273565367,0.5948895518147596,0.10614456503785845,1.0,0.4791666666666667,0.7875631647876378,HI-VAE_piecewise_diffusion
0.012557960530006377,0.9214015151515151,0.040525553889817614,0.6025001775694296,0.10533186945475363,2.0,0.46875,0.8109928941774683,HI-VAE_piecewise_diffusion
0.011822289465816054,0.9275568181818182,0.012722285387736978,0.6097343561332481,0.08376290887645638,1.0,0.5885416666666666,0.8087936119694736,HI-VAE_piecewise_diffusion
0.010798057136871965,0.9266098484848485,0.01099969056932847,0.6006641096668798,0.15148620778423416,1.0,0.546875,0.8008896035148534,HI-VAE_piecewise_diffusion
0.011927737165928732,0.9247159090909091,0.036759475105233724,0.5687193692733858,0.12497442514799506,1.0,0.5,0.8058235633089897,HI-VAE_piecewise_diffusion
0.012245829850813034,0.9256628787878789,0.016011813756984024,0.626976347751971,0.09922757625534391,2.0,0.5208333333333334,0.7909176947108959,HI-VAE_piecewise_diffusion
0.012391599136547854,0.9218749999999999,0.041889493541398676,0.5517366290219476,0.10323791386408303,2.0,0.5,0.807074869168541,HI-VAE_piecewise_diffusion
0.011345961352690635,0.9289772727272727,0.01279403813726067,0.5229384189217985,0.14704713929048666,1.0,0.515625,0.8036614781657361,HI-VAE_piecewise_diffusion
0.012110092097183677,0.925189393939394,0.06137224052264535,0.5880318204417927,0.14581414336848061,1.0,0.4739583333333333,0.8055625996414787,HI-VAE_piecewise_diffusion
0.013508900460579211,0.9138257575757575,0.07607093629264808,0.6257475672988139,0.09752362799413344,1.0,0.4427083333333333,0.7880289358697861,HI-VAE_piecewise_diffusion
0.010573194044551216,0.9337121212121212,0.02235476230442421,0.6258256978478585,0.11965320215617307,2.0,0.5052083333333334,0.793672416041875,HI-VAE_piecewise_diffusion
0.012675888883331255,0.9214015151515151,0.03540285108376828,0.5525356914553591,0.09563628812266549,4.0,0.515625,0.8012451874319848,HI-VAE_piecewise_diffusion
0.012892055210292207,0.9157196969696971,0.029122255434354698,0.6079977271113005,0.09723959284006935,1.0,0.4739583333333333,0.7883567280337256,HI-VAE_piecewise_diffusion
0.014959079937299146,0.9053030303030302,0.08145559120717731,0.5688081539882094,0.22348631527102691,1.0,0.5364583333333334,0.7937510291948959,HI-VAE_piecewise_diffusion
0.012371346117771366,0.9176136363636364,0.012834770692478042,0.6376731301939058,0.13538611490648478,1.0,0.4427083333333333,0.8092496617838559,HI-VAE_piecewise_diffusion
0.011380215583284604,0.9256628787878789,0.05076617555514892,0.6071951132892961,0.19675124568205485,1.0,0.453125,0.796647159627449,HI-VAE_piecewise_diffusion
0.011711037265935057,0.9266098484848484,0.032199775907554344,0.5379110732296327,0.19127436603618708,1.0,0.4427083333333333,0.7942292161239852,HI-VAE_piecewise_diffusion
0.011859991686751763,0.9223484848484849,0.031504932582921516,0.6069784785851269,0.11520334915105566,2.0,0.5572916666666666,0.8062222106725421,HI-VAE_piecewise_diffusion
0.013806343056026798,0.9176136363636366,0.028457828064531468,0.5736273883088288,0.1527623073470036,1.0,0.4322916666666667,0.800868823512147,HI-VAE_piecewise_diffusion
0.012667591014296103,0.9161931818181818,0.037006031673072357,0.5600326727750551,0.08980152614576509,1.0,0.4947916666666667,0.8060111966869491,HI-VAE_piecewise_diffusion
0.013605381131691319,0.9190340909090909,0.02439860094081863,0.5818524042900773,0.1029214285199181,4.0,0.4739583333333333,0.7902295108362887,HI-VAE_piecewise_diffusion
0.010388850065983201,0.9303977272727273,0.016064134192779855,0.5881738759855104,0.11941570809708586,1.0,0.546875,0.8001536994584089,HI-VAE_piecewise_diffusion
0.013286459493529768,0.9071969696969696,0.031751285641768594,0.6599829533347539,0.11058368655719764,1.0,0.4322916666666667,0.7991392402522018,HI-VAE_piecewise_diffusion
0.011840371741116129,0.9251893939393938,0.029492878428443083,0.54208750621493,0.1690130282222648,1.0,0.53125,0.8000129914562936,HI-VAE_piecewise_diffusion
0.011705970050378394,0.9256628787878788,0.010424089320595985,0.5754741103771575,0.09710022103007317,1.0,0.5052083333333334,0.7976023043715244,HI-VAE_piecewise_diffusion
0.011300769799055295,0.9242424242424243,0.013346679772382524,0.5588003409333049,0.10767692299622461,1.0,0.5104166666666666,0.7981289304206866,HI-VAE_piecewise_diffusion
0.012160134665489415,0.9180871212121212,0.026789201149493302,0.5732758008381278,0.11200392881138917,1.0,0.5104166666666666,0.811109450023392,HI-VAE_piecewise_diffusion
0.010799630618430648,0.9247159090909091,0.027672492346271543,0.5757688756303715,0.1827680258071838,2.0,0.5,0.7991502125403908,HI-VAE_piecewise_diffusion
0.012627680048019492,0.9204545454545454,0.04348386991776312,0.547755522409262,0.12507868021736346,3.0,0.4479166666666667,0.8139901053163037,HI-VAE_piecewise_diffusion
0.013720698704107777,0.9142992424242423,0.03434588448525657,0.60147382626607,0.20864206858679876,1.0,0.5208333333333334,0.8013126824881934,HI-VAE_piecewise_diffusion
0.01150316617192047,0.9289772727272729,0.023068154184088738,0.5809787626962143,0.19439430668967825,2.0,0.5,0.782827974968326,HI-VAE_piecewise_diffusion
0.013582570641592918,0.9171401515151516,0.055501995356044685,0.6230946800198878,0.1164797659463307,3.0,0.5,0.787049119151532,HI-VAE_piecewise_diffusion
