J-S distance,KS test,Survival curves distance,Detection XGB,NSND,K-map score,Identifiability score,NNDR,generator
0.005045736511425061,0.9684890499448557,0.01612056633103405,0.6707579688416662,0.11177866240463871,3.0,0.5008665511265165,0.8022575666468875,HI-VAE_weibull
0.004196565211542624,0.9706948164487159,0.015277595799914265,0.6820561892966561,0.09391064690081076,3.0,0.511265164644714,0.821150625111933,HI-VAE_weibull
0.005402403793617724,0.9626595241846541,0.009476520953499903,0.6881664819764032,0.09459765931937221,1.0,0.48873483535528595,0.803231556123488,HI-VAE_weibull
0.005273388549721065,0.9629746336852057,0.013237250587555458,0.6697284401277621,0.12762321537591872,7.0,0.5008665511265165,0.8051817773534694,HI-VAE_weibull
0.005265358254264259,0.9667559476918228,0.014856591975632645,0.6825659344240924,0.13089633389350722,6.0,0.4904679376083189,0.8155195844177746,HI-VAE_weibull
0.004357933769879277,0.9702221521978888,0.0123335572447907,0.6785528974643114,0.13623416597845028,7.0,0.5043327556325823,0.8155423766856463,HI-VAE_weibull
0.005651226920235758,0.9626595241846542,0.01848137644877187,0.6757861938595918,0.1353561228344591,3.0,0.4904679376083189,0.809641127078736,HI-VAE_weibull
0.0042565393687617635,0.9733732472034032,0.014009059082236604,0.6571013623622971,0.09883134383403622,2.0,0.5025996533795494,0.8065592834761446,HI-VAE_weibull
0.00439916814967401,0.9673861666929259,0.012320180715281624,0.6859778371683722,0.11338493432750578,1.0,0.49393414211438474,0.8144051506829939,HI-VAE_weibull
0.004360137594198034,0.9714825902000945,0.013759445018456077,0.6818860569715143,0.09397477630057749,2.0,0.48700173310225303,0.8197699559910843,HI-VAE_weibull
0.00520199142496652,0.9695919331967858,0.02227282341143265,0.6575719966103906,0.09116966422516166,2.0,0.5008665511265165,0.8138209047909295,HI-VAE_weibull
0.00408099565908281,0.9697494879470615,0.011797315449204137,0.6688011211785411,0.12183202779867346,4.0,0.4679376083188908,0.7980411814099914,HI-VAE_weibull
0.004201259490657749,0.9719552544509217,0.013314457324056336,0.6399535884231797,0.12165756251605636,5.0,0.49566724436741766,0.8160661123733464,HI-VAE_weibull
0.0044658740129101746,0.9710099259492673,0.01657935115716442,0.6409230167524933,0.11380340787776318,6.0,0.49393414211438474,0.8039862349146266,HI-VAE_weibull
0.004360506373057441,0.9702221521978889,0.017146687260543966,0.6799125219998696,0.12043106549991506,3.0,0.48180242634315423,0.8154975121147607,HI-VAE_weibull
0.0042072627728351195,0.9703797069481644,0.014959100036677875,0.6858949872889643,0.1612775820695008,4.0,0.4904679376083189,0.8133756669247988,HI-VAE_weibull
0.005135632161824027,0.9673861666929257,0.011828059730668132,0.6359700149925037,0.08184064456466814,7.0,0.511265164644714,0.8038419198116628,HI-VAE_weibull
0.004584217841296651,0.9688041594454073,0.01392881216834798,0.6895392738413402,0.13299562640398765,3.0,0.5077989601386482,0.8144911675924082,HI-VAE_weibull
0.004804871172608065,0.9686466046951314,0.01661333130046136,0.6700814809986312,0.10335012953521015,2.0,0.5095320623916811,0.8105681399694878,HI-VAE_weibull
0.00552411007523467,0.9636048526863085,0.03918121439444719,0.6738159181278927,0.16870572139071768,6.0,0.4748700173310225,0.8180183312544054,HI-VAE_weibull
0.004678905801694221,0.9719552544509217,0.012374760435940055,0.6612923538230884,0.11680861132589704,5.0,0.5043327556325823,0.8130981265955689,HI-VAE_weibull
0.004078924701066341,0.9725854734520246,0.011014291445046318,0.7009116745974838,0.11165952900068138,5.0,0.48180242634315423,0.8051203945577756,HI-VAE_weibull
0.004932850313843911,0.9680163856940287,0.012826969989615713,0.6349393129522195,0.12039444747109415,4.0,0.5337954939341422,0.8162712578092608,HI-VAE_weibull
0.005215527848338669,0.9677012761934772,0.011171134737006773,0.6688055537448667,0.09018223481875151,1.0,0.5095320623916811,0.8081235494337978,HI-VAE_weibull
0.004837386092021815,0.9667559476918228,0.013772889713235427,0.6548614823023271,0.1349437906380042,5.0,0.5181975736568457,0.8132665262987896,HI-VAE_weibull
0.005220689498745068,0.96612572869072,0.016815184406802446,0.6523994524476893,0.08956604625225816,1.0,0.49220103986135183,0.8096788990675824,HI-VAE_weibull
0.005033035051498179,0.9637624074365841,0.013109537906883163,0.6415630011081416,0.08218271349889807,3.0,0.48353552859618715,0.8173535200438793,HI-VAE_weibull
0.004613786536835224,0.9677012761934772,0.012432911975315616,0.6458118766703606,0.12556136247723412,4.0,0.537261698440208,0.8123969490524908,HI-VAE_weibull
0.004180571468922099,0.9721128092011976,0.010979152859150052,0.6693876539990874,0.12245990374121497,8.0,0.4662045060658579,0.8168085340957577,HI-VAE_weibull
0.004790334528686364,0.968489049944856,0.014956284283221901,0.6908003389609542,0.10199354662173386,1.0,0.5060658578856152,0.8038722203368123,HI-VAE_weibull
0.004894225873155936,0.9662832834409957,0.010375853150338607,0.6705710188384069,0.09692041386942166,3.0,0.5181975736568457,0.8244678627419985,HI-VAE_weibull
0.005061638693744979,0.9673861666929259,0.012620069158430443,0.6713675770810247,0.071939511630382,1.0,0.49566724436741766,0.8109226522563331,HI-VAE_weibull
0.005059146518611747,0.9656530644398931,0.015054845683797941,0.678328270647285,0.17595284590209517,7.0,0.4783362218370884,0.8142241817491379,HI-VAE_weibull
0.004349959836485998,0.9669135024420986,0.01302815443549888,0.617500423701193,0.11004226146125719,3.0,0.49913344887348354,0.8028886881968953,HI-VAE_weibull
0.005430230251585829,0.9615566409327241,0.011386501257335731,0.7063114529691676,0.09124017261043318,2.0,0.4610051993067591,0.8178122713726863,HI-VAE_weibull
0.004588481774836945,0.9675437214432013,0.015397001602706673,0.6832120461508376,0.13731413423803343,2.0,0.5043327556325823,0.8157517350185476,HI-VAE_weibull
0.0045223184352047915,0.9628170789349301,0.01941975246660679,0.6673072159572386,0.0985912182088574,2.0,0.49913344887348354,0.8103145741548514,HI-VAE_weibull
0.0050740315668301025,0.9659681739404443,0.012947161690418884,0.6457058861873411,0.1377886163922286,6.0,0.4783362218370884,0.8019594937251182,HI-VAE_weibull
0.004637115039675164,0.9699070426973374,0.025452115633631624,0.638964343914999,0.10786739566443579,1.0,0.5164644714038128,0.8050689643613185,HI-VAE_weibull
0.005040913215608792,0.9632897431857571,0.017738276580173327,0.6956537383482171,0.16269182817220054,3.0,0.49913344887348354,0.804913196505437,HI-VAE_weibull
0.0052805878662743385,0.9634472979360328,0.015648134461378974,0.6304204419529367,0.12399120957460631,2.0,0.5147313691507799,0.7993268296311217,HI-VAE_weibull
0.005109587486645687,0.9675437214432013,0.01684400369174218,0.6806231666775309,0.16768652866542746,4.0,0.49913344887348354,0.8115137111157361,HI-VAE_weibull
0.004771199535744584,0.9683314951945801,0.015336233151908374,0.6546006127371097,0.13700937160365387,4.0,0.48180242634315423,0.8121975976426103,HI-VAE_weibull
0.005497242113688013,0.9664408381912715,0.02536702748508767,0.6700106903070204,0.13159983359241562,3.0,0.511265164644714,0.8163092859737053,HI-VAE_weibull
0.0045637222897567005,0.968961714195683,0.011949089049385509,0.6777215305390782,0.12820084231102064,3.0,0.5268630849220104,0.8150947531549436,HI-VAE_weibull
0.004568782293033737,0.9669135024420986,0.029060400087268835,0.6764789779023532,0.09749772262103659,3.0,0.49740034662045063,0.8073636466042902,HI-VAE_weibull
0.0045701329440032195,0.9706948164487159,0.01308182806091183,0.6425259109575647,0.14697805288027962,3.0,0.4904679376083189,0.8054266868874407,HI-VAE_weibull
0.004359002293267567,0.9708523711989916,0.018058022975616057,0.6597316993677074,0.1251076850314615,6.0,0.49566724436741766,0.7973433619064324,HI-VAE_weibull
0.005065441461725645,0.9688041594454073,0.02089491843304607,0.6628673489342285,0.12405084110033053,4.0,0.4731369150779896,0.8154558433606264,HI-VAE_weibull
0.004444465161474185,0.9662832834409958,0.026984006271322487,0.652657975360146,0.12152906482633329,9.0,0.4714038128249567,0.8182362638986123,HI-VAE_weibull
0.005352750275344893,0.96612572869072,0.014387753377955172,0.6678603741607457,0.10279790279632742,4.0,0.48700173310225303,0.807071279794066,HI-VAE_weibull
0.005021736164923209,0.9680163856940287,0.025949414597291484,0.6317395215435762,0.10169477307008114,4.0,0.5095320623916811,0.8036768448101718,HI-VAE_weibull
0.005739047753411546,0.9598235386796912,0.01404420460111205,0.6899603676422659,0.10889118069959207,2.0,0.5025996533795494,0.8253922412124837,HI-VAE_weibull
0.005484569497846774,0.9625019694343784,0.01686104861352673,0.6515278013167329,0.12900907403395448,4.0,0.5181975736568457,0.8052950054988273,HI-VAE_weibull
0.005195545885853271,0.9654955096896171,0.02613155392394904,0.6425444234404537,0.10432905948555711,1.0,0.49740034662045063,0.8053378477809153,HI-VAE_weibull
0.005125177899702253,0.9675437214432016,0.01790948070636534,0.6582336223192752,0.13327837115705046,3.0,0.5424610051993067,0.7974852283938738,HI-VAE_weibull
0.005521789160206136,0.9681739404443044,0.02056236666571156,0.6747489733394173,0.11813471668612033,2.0,0.49220103986135183,0.8185317788674622,HI-VAE_weibull
0.006110542967110108,0.9596659839294155,0.02517361623039629,0.6833094322404015,0.1163510116511887,4.0,0.464471403812825,0.8219027432597498,HI-VAE_weibull
0.004156921103144109,0.9714825902000945,0.015093069409993163,0.6428642200638811,0.20022818681523807,6.0,0.4748700173310225,0.8123962099423209,HI-VAE_weibull
0.00527114993644899,0.9648652906885142,0.010072103098716433,0.6530580796558242,0.09938751722663011,1.0,0.49220103986135183,0.805847640524387,HI-VAE_weibull
0.004771397146101636,0.9714825902000945,0.02300944683589609,0.6761567042565674,0.0803797080077703,5.0,0.5008665511265165,0.8070134313323594,HI-VAE_weibull
0.004382454087673149,0.9706948164487159,0.014256169418183128,0.6519237337852812,0.09688464994817024,4.0,0.512998266897747,0.8128341406002688,HI-VAE_weibull
0.004946006063717433,0.9706948164487159,0.015004526103140433,0.6574597483866762,0.11934109061948527,3.0,0.464471403812825,0.7988881097304532,HI-VAE_weibull
0.004707245751074216,0.9706948164487159,0.015406168925878403,0.6798331269148035,0.09447301937784013,2.0,0.49740034662045063,0.8007124377242837,HI-VAE_weibull
0.003886531080642133,0.9736883567039545,0.01867756654527645,0.6179172153053908,0.16055954918695517,4.0,0.5025996533795494,0.8000891813746769,HI-VAE_weibull
0.0045320077080143574,0.968961714195683,0.013796398325847175,0.6620338960954306,0.1531162081445841,5.0,0.5008665511265165,0.8158353153162535,HI-VAE_weibull
0.0051993741793686715,0.9703797069481646,0.017812913270145184,0.6392103513460661,0.10265189971641712,3.0,0.49393414211438474,0.8157045363520217,HI-VAE_weibull
0.005101524113266986,0.968961714195683,0.019950261097587168,0.6791374747408906,0.12429424034504265,3.0,0.4783362218370884,0.806234674047485,HI-VAE_weibull
0.004899533641475059,0.9658106191901686,0.014617358880446154,0.655797144905808,0.09807620350611822,1.0,0.5095320623916811,0.8090316396286286,HI-VAE_weibull
0.00577712844179756,0.9618717504332754,0.020733946388940126,0.6838573756599962,0.08921490479532478,5.0,0.48353552859618715,0.809708743066201,HI-VAE_weibull
0.0037160630343273937,0.9729005829525761,0.011946594864604759,0.6060332442474415,0.11961103677925822,5.0,0.48353552859618715,0.8003570231892687,HI-VAE_weibull
0.005602658419243594,0.9623444146841028,0.01358757234882713,0.6572443778110945,0.11521272620958883,2.0,0.5060658578856152,0.8173943155316694,HI-VAE_weibull
0.0044804140080221015,0.9705372616984401,0.01705577337795694,0.6820535819046998,0.09024654094012992,4.0,0.5164644714038128,0.8063295354463161,HI-VAE_weibull
0.004698918252582997,0.9667559476918229,0.016500291618082932,0.6486870477804576,0.13337395008455402,2.0,0.4904679376083189,0.8015407147103292,HI-VAE_weibull
0.004789043002851204,0.9647077359382386,0.016826720137198183,0.6604302196727723,0.16097865937691552,3.0,0.49913344887348354,0.803016422538634,HI-VAE_weibull
0.0041141430235737235,0.9710099259492675,0.011205880288985115,0.6495663907176846,0.1230901649461129,5.0,0.49393414211438474,0.8144355798088883,HI-VAE_weibull
0.004342653918496463,0.9697494879470615,0.01790047250809659,0.6477992308193729,0.1707429552228623,7.0,0.48180242634315423,0.8155406944519528,HI-VAE_weibull
0.005700194184958318,0.9659681739404444,0.015393647636874334,0.6835369271885796,0.08755104526181094,3.0,0.4783362218370884,0.8199628051174734,HI-VAE_weibull
0.0046789133482403955,0.9673861666929257,0.010321587993580234,0.6709028094648327,0.13695033625822195,4.0,0.5060658578856152,0.8111641788191112,HI-VAE_weibull
0.0053440912335153724,0.9637624074365843,0.030222493968076438,0.6448423179714491,0.10575063704005436,2.0,0.462738301559792,0.8079802748720475,HI-VAE_weibull
0.004495823003019008,0.9662832834409958,0.017369250535669695,0.6644394759142168,0.13691448381603272,2.0,0.4506065857885615,0.8075493383773508,HI-VAE_weibull
0.0050983890293799785,0.9661257286907201,0.01253877071219588,0.6622835538752363,0.09277978413499131,2.0,0.48180242634315423,0.813747207699832,HI-VAE_weibull
0.004953890094012736,0.9667559476918229,0.015318284702719074,0.6243405253894792,0.1256303327431671,3.0,0.49740034662045063,0.8156849435736868,HI-VAE_weibull
0.004396219988524155,0.9699070426973374,0.018210929676931872,0.6521194185515936,0.13551636313617216,2.0,0.48180242634315423,0.8140897820088364,HI-VAE_weibull
0.005482387790675055,0.9647077359382387,0.014399445911034281,0.6819511114008214,0.1089849578883096,5.0,0.4800693240901213,0.8058001964036184,HI-VAE_weibull
0.004878377423468639,0.9680163856940287,0.012381948089128434,0.685132259956978,0.10194953097375455,1.0,0.4679376083188908,0.8126698932155195,HI-VAE_weibull
0.003560314625040088,0.9706948164487159,0.015091594115216576,0.6242291897529496,0.094919068860093,3.0,0.5043327556325823,0.8106071631669295,HI-VAE_weibull
0.005029624825398849,0.9669135024420986,0.013283609271630463,0.6804486017860634,0.12285547022629145,2.0,0.5008665511265165,0.8135113463117928,HI-VAE_weibull
0.003833509336143544,0.9733732472034031,0.00919572019582393,0.6729419203441758,0.14360350045283868,2.0,0.4488734835355286,0.8175093660437855,HI-VAE_weibull
0.005225053140230123,0.9681739404443044,0.017906953187794315,0.6709925037481259,0.1327742376269365,5.0,0.5025996533795494,0.8097805276216826,HI-VAE_weibull
0.0043096030496399635,0.9669135024420986,0.015255320275208713,0.6844424744149664,0.09493887549508923,5.0,0.5164644714038128,0.8120499235100067,HI-VAE_weibull
0.0042026312620400815,0.9681739404443043,0.020004463587598165,0.6502048106381592,0.11078391662262607,3.0,0.5268630849220104,0.816394955335939,HI-VAE_weibull
0.004365700173369888,0.9705372616984401,0.011012925202666076,0.6924081872107424,0.12032274671995456,4.0,0.49220103986135183,0.8042492044686764,HI-VAE_weibull
0.004805189251912507,0.9703797069481646,0.030240698856807354,0.6683705103969755,0.1603546060517294,4.0,0.48700173310225303,0.8129695931039822,HI-VAE_weibull
0.004606248694517409,0.9683314951945803,0.01247002368217113,0.6863529105012711,0.13662993225978848,4.0,0.49393414211438474,0.7898282206459944,HI-VAE_weibull
0.004652143642453175,0.9667559476918228,0.018084865365216685,0.6771696760315494,0.15153404605629806,4.0,0.5077989601386482,0.8107751928700723,HI-VAE_weibull
0.0048621543323419635,0.9703797069481644,0.017255931655012016,0.6555420116028943,0.10555514525737458,6.0,0.44540727902946275,0.8152941851673613,HI-VAE_weibull
0.005781536710571789,0.9637624074365843,0.017043499134106358,0.6653816569975881,0.09184762083069996,1.0,0.49220103986135183,0.8180695658944046,HI-VAE_weibull
0.0047853471420387745,0.9678588309437529,0.016194008045247267,0.6729635616974121,0.1040591574991931,2.0,0.4731369150779896,0.801355637948774,HI-VAE_weibull
0.005047148417264776,0.9665983929415473,0.010709037744340717,0.6804646372465941,0.1066678287422613,3.0,0.47660311958405543,0.8138651827652111,HI-VAE_weibull
0.005297524489999466,0.9640775169371356,0.029208187957189335,0.6526425917476045,0.11155132807286335,7.0,0.49220103986135183,0.7956301207485909,HI-VAE_weibull
0.005215167690185866,0.9683314951945801,0.02632865438761394,0.6874537513851771,0.10559248262020188,3.0,0.5181975736568457,0.8053614806324191,HI-VAE_weibull
0.003978768178952644,0.9711674806995432,0.013780206198233119,0.6426570627729614,0.12103543054734436,3.0,0.5147313691507799,0.8064291345517504,HI-VAE_weibull
0.005431494148897276,0.9642350716874115,0.017170575564033178,0.6634873867414119,0.12597267174569976,3.0,0.49220103986135183,0.8056286523479884,HI-VAE_weibull
0.005158762130159,0.9642350716874115,0.013711254167912613,0.7045937031484258,0.12207825897242815,4.0,0.4852686308492201,0.7895824337769256,HI-VAE_weibull
0.003937340135254503,0.9725854734520247,0.012985919648848512,0.6599146079134346,0.13048453993434553,1.0,0.48700173310225303,0.801942227444015,HI-VAE_weibull
0.004443674751963358,0.9675437214432016,0.015705842299565446,0.635117137083632,0.12004195175551079,2.0,0.5285961871750433,0.8028656320486207,HI-VAE_weibull
0.005967560269453304,0.9610839766818969,0.023193010371471773,0.6420148621341504,0.09843340304751896,2.0,0.4731369150779896,0.8022699752335987,HI-VAE_weibull
0.004465658937744906,0.9725854734520246,0.016948924737116313,0.6713780066488495,0.1433198083226318,1.0,0.5060658578856152,0.7922216463584357,HI-VAE_weibull
0.004747954884295025,0.968961714195683,0.021611819695395346,0.6577071898833192,0.13572844703271422,3.0,0.5095320623916811,0.8141858033215786,HI-VAE_weibull
0.005249142306315463,0.9639199621868599,0.016271284557880624,0.6694242878560719,0.10929215697558979,4.0,0.4748700173310225,0.8012425067510002,HI-VAE_weibull
0.005233611239263581,0.9667559476918228,0.020442147667106884,0.6743895443582556,0.11928144753588019,5.0,0.48873483535528595,0.8050043650332888,HI-VAE_weibull
0.0044091443498221194,0.9695919331967858,0.009543588729649756,0.6166492405970928,0.09502006514313195,3.0,0.5164644714038128,0.8005529533744423,HI-VAE_weibull
0.0038168245575604023,0.9760516779580907,0.011342776405239506,0.6481766508050322,0.17278339156689704,4.0,0.5233968804159446,0.8068466672943955,HI-VAE_weibull
0.0038068311873863973,0.972270363951473,0.01721125627969817,0.6507305912261261,0.10116797134584012,3.0,0.49393414211438474,0.809752440234689,HI-VAE_weibull
0.005724305382805858,0.9620293051835513,0.019038927973492756,0.653237859331204,0.09325588598066312,7.0,0.43847487001733104,0.8065458209785621,HI-VAE_weibull
0.005333941952564569,0.9688041594454073,0.017788552715061013,0.6736627338504662,0.09114775346046655,1.0,0.49220103986135183,0.8110737912584481,HI-VAE_weibull
0.004775591996308107,0.9683314951945801,0.014185775251174903,0.6505157421289355,0.1301663385545909,4.0,0.49393414211438474,0.7992058093570695,HI-VAE_weibull
0.004659446284362213,0.9714825902000946,0.011504365850646452,0.6598936184081872,0.10992377162659803,3.0,0.49393414211438474,0.8080974937244497,HI-VAE_weibull
0.004171993104947105,0.9694343784465101,0.012728105653488468,0.6862181083371357,0.17499358625212796,5.0,0.464471403812825,0.8092288991122989,HI-VAE_weibull
0.004986775296371776,0.968961714195683,0.016200369587968284,0.6593163418290854,0.10400699625545869,1.0,0.5060658578856152,0.8049055551881855,HI-VAE_weibull
0.004205983635013894,0.9692768236962345,0.015400252969072251,0.6620441952936575,0.09061451905681031,1.0,0.5043327556325823,0.8033410413685869,HI-VAE_weibull
0.004711664393368134,0.9681739404443044,0.011944310147653162,0.6781318036633858,0.09762611223602516,4.0,0.48873483535528595,0.8141259311723356,HI-VAE_weibull
0.00477816867755421,0.9686466046951316,0.02593234756438401,0.6327497555570041,0.0960756756770684,3.0,0.5095320623916811,0.8088622879660984,HI-VAE_weibull
0.003709399829363075,0.971797699700646,0.012592715758384665,0.6802061143341371,0.21450662250652106,4.0,0.5164644714038128,0.8097144833921389,HI-VAE_weibull
0.003959455998176593,0.971797699700646,0.01226308266803322,0.7000423701192882,0.13301082967425415,3.0,0.4852686308492201,0.8073848897902767,HI-VAE_weibull
0.0048352465413456025,0.9653379549393414,0.015897068192089008,0.6510509093279447,0.1107533854214033,3.0,0.4592720970537262,0.8169126709313567,HI-VAE_weibull
0.004549439510984975,0.9692768236962344,0.010587961294946952,0.6609208004693305,0.11116018758636848,3.0,0.49566724436741766,0.8123480617646092,HI-VAE_weibull
0.00486609494396054,0.96722861194265,0.010286224830291091,0.6672993937813703,0.12280240070364078,4.0,0.4783362218370884,0.8088747381700346,HI-VAE_weibull
0.004768028374779189,0.9703797069481644,0.014213753404195626,0.6681831692849227,0.08500992744669644,3.0,0.49393414211438474,0.8117000355310071,HI-VAE_weibull
0.005039658625617105,0.9665983929415471,0.019092153573933714,0.6368149403559089,0.09842375210214803,4.0,0.4904679376083189,0.8117443394792037,HI-VAE_weibull
0.004995918852270698,0.9661257286907201,0.019699009394961782,0.6757453881754775,0.10810674462351716,3.0,0.511265164644714,0.8105843562972886,HI-VAE_weibull
0.004713072474184426,0.9684890499448557,0.022202095451134225,0.6853838732807509,0.10742333826711502,2.0,0.49566724436741766,0.814146588662261,HI-VAE_weibull
0.0044286732579975376,0.9725854734520246,0.025179308838633032,0.6446781826478065,0.14860391673035703,3.0,0.5285961871750433,0.8140340169567051,HI-VAE_weibull
0.0059498562825738895,0.9637624074365843,0.03719714758302346,0.6828035982008995,0.07435390754389254,6.0,0.4904679376083189,0.8124941987087055,HI-VAE_weibull
0.003915551280818258,0.9732156924531273,0.012455876291931357,0.6445555048562676,0.123993280916977,2.0,0.49913344887348354,0.7998283133441624,HI-VAE_weibull
0.005229553454611089,0.9651804001890657,0.016795366164543895,0.6507870412619778,0.07712560142540094,1.0,0.4852686308492201,0.8074067128551494,HI-VAE_weibull
0.004948376315060093,0.9675437214432016,0.018588545070240898,0.6790153184277427,0.08636047438894588,4.0,0.48353552859618715,0.8068312797291508,HI-VAE_weibull
0.004062368731908321,0.9700645974476131,0.014399539558307854,0.6228566586272082,0.10168726955345193,2.0,0.4904679376083189,0.812281266865192,HI-VAE_weibull
0.004013072627637882,0.9710099259492675,0.019301922036727915,0.6514876474806075,0.1819557959380003,4.0,0.48873483535528595,0.795953031160511,HI-VAE_weibull
0.005518600621586262,0.9653379549393414,0.010198437902306587,0.6908318884036242,0.20446742257489744,3.0,0.49913344887348354,0.8086983080947107,HI-VAE_weibull
0.004805764844160488,0.9669135024420988,0.01244973841591888,0.6602825109184538,0.12050497472096065,1.0,0.5043327556325823,0.8093953031230141,HI-VAE_weibull
0.004888924017744078,0.9677012761934772,0.01031841940543973,0.670105599374226,0.08027018998357943,6.0,0.49220103986135183,0.8192006005524337,HI-VAE_weibull
0.003740967123382841,0.9725854734520247,0.016531969440888746,0.651970536470895,0.11229635898540954,1.0,0.4800693240901213,0.8181331085051889,HI-VAE_weibull
0.004943165642501996,0.9673861666929257,0.012678069906256865,0.6591160941268497,0.1552167329911291,6.0,0.49566724436741766,0.8122932529653563,HI-VAE_weibull
0.005244527002291261,0.9681739404443044,0.014798738910952482,0.6589155856854181,0.11859680093469115,3.0,0.5025996533795494,0.8131004791536175,HI-VAE_weibull
0.004599927773694096,0.9694343784465101,0.010143810936807118,0.6474235056384852,0.12343458135446841,6.0,0.49913344887348354,0.8037547547520982,HI-VAE_weibull
0.0057976750261242525,0.9645501811879629,0.02042051277546396,0.6591326510657715,0.1416968080630059,4.0,0.4800693240901213,0.8004223100159811,HI-VAE_weibull
0.0050197868290479015,0.9680163856940286,0.011280191271840958,0.6835300175998957,0.1251195727277188,3.0,0.5199306759098787,0.8085420590043694,HI-VAE_weibull
0.005536546176790952,0.9662832834409958,0.018369136443928097,0.6633160810898897,0.12208641126560671,3.0,0.4904679376083189,0.800833565237764,HI-VAE_weibull
0.0052823699670957154,0.96612572869072,0.020226840927272744,0.6667449318818852,0.09616218030276599,3.0,0.5268630849220104,0.8031691083320691,HI-VAE_weibull
0.004170782262858993,0.971167480699543,0.016732755124173562,0.654970601655694,0.11391153926744708,6.0,0.5389948006932409,0.8118044964264782,HI-VAE_weibull
0.005698905105195134,0.9658106191901686,0.01835058071989629,0.6689914607913435,0.14031337143340236,3.0,0.5077989601386482,0.7930381876319194,HI-VAE_weibull
0.005117404214685294,0.9653379549393414,0.015761446924732678,0.6769741216348347,0.11705934788963296,3.0,0.49740034662045063,0.81364906498737,HI-VAE_weibull
0.004330554442702931,0.969591933196786,0.013104761087535737,0.6820627077765464,0.155452458485708,3.0,0.5008665511265165,0.8061587795511254,HI-VAE_weibull
0.004599638966850795,0.9669135024420986,0.009388831564122934,0.6614244182256698,0.1257044550557353,3.0,0.49740034662045063,0.8123259298319581,HI-VAE_weibull
0.00557927875788388,0.9639199621868599,0.01684045954400142,0.6674048627859983,0.14373171086410946,6.0,0.5060658578856152,0.8128894398031403,HI-VAE_weibull
0.00550978194660908,0.9654955096896173,0.02629831388880099,0.7046571931425593,0.15424769269263355,6.0,0.4506065857885615,0.804954386622236,HI-VAE_weibull
0.004007824140568803,0.9721128092011974,0.01621529356513586,0.684537383482172,0.12810719681830374,4.0,0.47660311958405543,0.8230003979551905,HI-VAE_weibull
0.004955479117483746,0.9699070426973372,0.02520375718719052,0.6347256371814093,0.11098912724839394,7.0,0.48353552859618715,0.8155125410754649,HI-VAE_weibull
0.003963808527130293,0.9738459114542305,0.011597153752794442,0.6349601720878691,0.11312404691264107,5.0,0.4800693240901213,0.80773308858758,HI-VAE_weibull
0.004416822582791347,0.9677012761934772,0.02025708861373624,0.6640348086826151,0.11394623426198,2.0,0.5233968804159446,0.8095242120896446,HI-VAE_weibull
0.005940808351134964,0.9645501811879627,0.016065225392265865,0.6562333615800795,0.09540255743758208,5.0,0.48700173310225303,0.8060845348570943,HI-VAE_weibull
0.004603703773574446,0.9680163856940287,0.014686314697679302,0.6852550681181149,0.09802118378148111,3.0,0.48353552859618715,0.8101078303300955,HI-VAE_weibull
0.005011697234498093,0.9703797069481646,0.010359149723828774,0.672019164330878,0.10820124310805386,4.0,0.49913344887348354,0.8021324491163387,HI-VAE_weibull
0.005374329611980775,0.9678588309437529,0.012351146978733433,0.6606617560784824,0.12583957407082097,8.0,0.49566724436741766,0.7992770716877807,HI-VAE_weibull
0.004607975935168564,0.96612572869072,0.022626249174683748,0.6291283488690438,0.07671102461274132,2.0,0.48873483535528595,0.8211116823380302,HI-VAE_weibull
0.004732551146267526,0.972270363951473,0.03175068347412726,0.6868093344632032,0.07730821611623334,4.0,0.5025996533795494,0.8093137341218312,HI-VAE_weibull
0.004364613301498891,0.9695919331967858,0.015854219369512288,0.6733236425265627,0.12364124170403347,5.0,0.5043327556325823,0.8013572382768095,HI-VAE_weibull
0.004654786365688655,0.9648652906885143,0.013755954389919825,0.6621376702952871,0.14758135114317103,4.0,0.464471403812825,0.8123042107940743,HI-VAE_weibull
0.00424246584795877,0.9708523711989916,0.01352655551373491,0.6697143602111988,0.1400870581192654,10.0,0.49393414211438474,0.8086893092335677,HI-VAE_weibull
0.005031428222996732,0.9700645974476131,0.018731757682704218,0.6563420898246528,0.10435774010816544,4.0,0.4783362218370884,0.8130816042586158,HI-VAE_weibull
0.005348091788855774,0.9640775169371358,0.01843691004541234,0.6556905025747997,0.11333418502599674,4.0,0.5060658578856152,0.8018609221920036,HI-VAE_weibull
0.00528086140893748,0.9684890499448557,0.019773447087320265,0.6835822958086173,0.12579887820184996,3.0,0.5181975736568457,0.8141856502792845,HI-VAE_weibull
0.005245463061893063,0.9647077359382387,0.011982040782561822,0.654293983443061,0.08276758747499707,1.0,0.49393414211438474,0.8083265127338727,HI-VAE_weibull
0.004376336734228733,0.971797699700646,0.011381914889799026,0.6737976663841992,0.10153816742863779,1.0,0.464471403812825,0.8053360897449762,HI-VAE_weibull
0.004583634179192218,0.9695919331967858,0.013793668839487383,0.6984362166742716,0.13083650346124062,5.0,0.49220103986135183,0.8058594009151089,HI-VAE_weibull
0.0060027996076024185,0.9632897431857571,0.022521568103563937,0.7123715533537579,0.10049483083317542,2.0,0.49740034662045063,0.8210670763266456,HI-VAE_weibull
0.004126635244196105,0.9724279187017487,0.01089132843644709,0.6583328335832085,0.09497623665497514,1.0,0.49566724436741766,0.8272311156301572,HI-VAE_weibull
0.005637524557793559,0.961714195683,0.014082802162034022,0.6505379049605633,0.1121902906977136,2.0,0.5077989601386482,0.8005285367344316,HI-VAE_weibull
0.004885377895292197,0.9702221521978888,0.011821782213653998,0.6553621015579167,0.1399083572324705,4.0,0.464471403812825,0.8082805719391837,HI-VAE_weibull
0.00442913678481086,0.9705372616984402,0.009896822756576606,0.6678065315168503,0.10227829082866326,3.0,0.49740034662045063,0.79899143610587,HI-VAE_weibull
0.005113304652456504,0.9669135024420986,0.009902214063857644,0.683700410664233,0.10917694335881095,1.0,0.464471403812825,0.811128743762268,HI-VAE_weibull
0.005517021515316853,0.9629746336852055,0.024540429568190324,0.6322271038393846,0.09549372390841773,3.0,0.5095320623916811,0.8043321317186101,HI-VAE_weibull
0.005212480045702029,0.9645501811879629,0.01679540567492105,0.6370764617691156,0.09362831979401637,1.0,0.4783362218370884,0.7905130932395138,HI-VAE_weibull
0.005477636840773022,0.9658106191901686,0.01259923658239005,0.6677848901636139,0.08455160730455286,1.0,0.5095320623916811,0.8098330858717931,HI-VAE_weibull
0.005616280619674293,0.9629746336852055,0.017185927678450317,0.6623108011211787,0.11414496196825505,2.0,0.4748700173310225,0.8218837566276066,HI-VAE_weibull
0.0051560307146622415,0.9692768236962347,0.02189511078064234,0.6606944788475327,0.08534641837442399,1.0,0.4904679376083189,0.8125091665751152,HI-VAE_weibull
0.00398430397815988,0.9714825902000945,0.017296444293183916,0.6400745714099472,0.09729847285437696,2.0,0.49740034662045063,0.817627795180951,HI-VAE_weibull
0.005153170666903708,0.9670710571923743,0.01652004995893555,0.6774903852421614,0.11206343206394359,5.0,0.48353552859618715,0.8123881487362313,HI-VAE_weibull
0.005077924430444839,0.9677012761934772,0.019160150965585553,0.6636366599309041,0.12236383889238028,4.0,0.49913344887348354,0.8066338315435644,HI-VAE_weibull
0.005410424550455624,0.9688041594454073,0.021679065008201766,0.6495138517697672,0.11465327510444864,3.0,0.47660311958405543,0.8144429706537138,HI-VAE_weibull
0.004240345276700011,0.9717976997006459,0.011354999388907206,0.6555364057101885,0.1517873033426997,5.0,0.49913344887348354,0.7987710214087955,HI-VAE_weibull
0.004929179114375854,0.9681739404443046,0.035019384680316755,0.6503964539469396,0.10276155537519599,2.0,0.47660311958405543,0.8161765297216915,HI-VAE_weibull
0.0056991041044715885,0.964550181187963,0.024478645722351162,0.6822587836516524,0.14086903854660537,5.0,0.4696707105719237,0.7999426451765077,HI-VAE_weibull
0.0044973751416741755,0.9667559476918228,0.01010082999551574,0.651101492731895,0.10801608549259457,4.0,0.48873483535528595,0.800622771930257,HI-VAE_weibull
0.005691404778012678,0.962186859933827,0.013975829818532147,0.6803473046085653,0.11419915743101995,3.0,0.48700173310225303,0.808861659424721,HI-VAE_weibull
0.004765610799410537,0.9672286119426502,0.012438580167933292,0.6645985268235448,0.1279312957275214,2.0,0.5095320623916811,0.790815361372876,HI-VAE_weibull
0.0061792737397206275,0.9613990861824484,0.025077172821953965,0.6592529822045499,0.11239141405139166,3.0,0.49220103986135183,0.8021708279438192,HI-VAE_weibull
0.006093798771395372,0.9629746336852057,0.019641158865737657,0.695475653477609,0.10464413412641978,2.0,0.4748700173310225,0.7975229527544688,HI-VAE_weibull
0.003148568837301726,0.9741610209547819,0.009157016378415976,0.6067082980249006,0.14610887681926207,2.0,0.48700173310225303,0.8017115068868096,HI-VAE_piecewise
0.0034205605891554384,0.9721128092011976,0.007872622843112909,0.6206246007431067,0.09228239861922577,5.0,0.48700173310225303,0.798846342060641,HI-VAE_piecewise
0.0049570246688272306,0.9632897431857569,0.022013142251152838,0.6631187015188058,0.10133694876127049,2.0,0.511265164644714,0.8132079501850846,HI-VAE_piecewise
0.004168391932891043,0.9665983929415471,0.010401762119344673,0.6379211263933252,0.09587810550708449,2.0,0.5147313691507799,0.8017477833003942,HI-VAE_piecewise
0.003646396104675775,0.9725854734520246,0.006322549927534945,0.6176704256567368,0.10882550402703638,2.0,0.511265164644714,0.8087923095302161,HI-VAE_piecewise
0.0046208280116584455,0.9675437214432013,0.01766621956564622,0.6113099537187929,0.12615332264515935,4.0,0.5181975736568457,0.7971769944701129,HI-VAE_piecewise
0.0036136257110922702,0.9738459114542303,0.01515102062932456,0.6191086630597745,0.11207422693580098,6.0,0.5216637781629117,0.8049385667944143,HI-VAE_piecewise
0.003619384713225526,0.9711674806995432,0.01720762290639553,0.6233540186428524,0.08637285777399267,1.0,0.5285961871750433,0.809283230642655,HI-VAE_piecewise
0.003796038782061944,0.9703797069481646,0.016016211212200076,0.6361603546053061,0.09530084198144179,1.0,0.5181975736568457,0.7956529679385932,HI-VAE_piecewise
0.004303699249406573,0.9694343784465101,0.01306801490806351,0.6204997066684049,0.07793433885093932,9.0,0.49220103986135183,0.8080300168225821,HI-VAE_piecewise
0.003695589270183829,0.9719552544509217,0.018734558880114112,0.6573996480020858,0.11310228125973978,2.0,0.4852686308492201,0.8023761273623934,HI-VAE_piecewise
0.004217275513055834,0.9741610209547816,0.019028689459983435,0.6372666710123199,0.1630882755374695,4.0,0.5337954939341422,0.8043273200559713,HI-VAE_piecewise
0.0033213506578883656,0.9743185757050575,0.008203097637373596,0.6378434261130306,0.11378569760960247,5.0,0.49566724436741766,0.8057424489268865,HI-VAE_piecewise
0.0032473065171240586,0.9749487947061604,0.00915514252939041,0.6155721269799883,0.10681179699589637,1.0,0.5095320623916811,0.7957848449391453,HI-VAE_piecewise
0.003931184320735515,0.9699070426973374,0.013899312009154114,0.5946620168176782,0.10066522755232264,2.0,0.5025996533795494,0.8195555761794039,HI-VAE_piecewise
0.004153193425307133,0.9680163856940287,0.02241236114341024,0.6518559415944203,0.09140428609321864,3.0,0.5164644714038128,0.8116354048393031,HI-VAE_piecewise
0.0035070460584185332,0.9732156924531274,0.012465264776819121,0.6268802555244116,0.08948269244422037,1.0,0.48700173310225303,0.8117996466049342,HI-VAE_piecewise
0.0037237436715272863,0.9714825902000945,0.009383577639414054,0.6487114268952481,0.11025432490605443,2.0,0.5147313691507799,0.7986940507395789,HI-VAE_piecewise
0.0032829630128074286,0.975736568457539,0.006998567677945323,0.6551549442669968,0.0807371477562944,5.0,0.537261698440208,0.8090900419178707,HI-VAE_piecewise
0.004464364533407154,0.9684890499448557,0.01798100342467065,0.6088579623231862,0.0916727552893694,1.0,0.512998266897747,0.794754974557151,HI-VAE_piecewise
0.004054706053707568,0.9691192689459587,0.01075277444055519,0.6301157682028551,0.09530242933915987,1.0,0.48700173310225303,0.8130068125614228,HI-VAE_piecewise
0.003907472858721619,0.9733732472034031,0.025382662395057935,0.6178447298090085,0.18205872616763757,4.0,0.5303292894280762,0.7981114482579948,HI-VAE_piecewise
0.0026963521258153112,0.9760516779580903,0.014520861503958775,0.6174162049410079,0.0890678417244466,8.0,0.5303292894280762,0.8170829483031455,HI-VAE_piecewise
0.0038524341506530908,0.9732156924531274,0.015916635780653107,0.6056665145688025,0.15782161972504125,3.0,0.49393414211438474,0.8007909390477234,HI-VAE_piecewise
0.004116822479850085,0.9700645974476131,0.013273481958574583,0.6404602046802685,0.10556895695399934,2.0,0.49220103986135183,0.7989118751818944,HI-VAE_piecewise
0.004135932923369709,0.9719552544509217,0.019932404267904723,0.6541629619972622,0.1388083850521811,6.0,0.4731369150779896,0.80307537350389,HI-VAE_piecewise
0.002695336547155473,0.9765243422089175,0.010436722867220031,0.6218226973469786,0.07134117557924081,5.0,0.5285961871750433,0.7923196723206022,HI-VAE_piecewise
0.004254614544912518,0.9688041594454073,0.013745952049231017,0.6351609412684962,0.13189590603111653,4.0,0.4904679376083189,0.7958504984096828,HI-VAE_piecewise
0.0036373360259431414,0.9743185757050575,0.020894843923909133,0.6346923929339678,0.07170348986300114,2.0,0.5268630849220104,0.8018609939599469,HI-VAE_piecewise
0.003798404967496853,0.9741610209547819,0.013286101467182026,0.5955806010038458,0.07733808494958569,7.0,0.5459272097053726,0.800370456627879,HI-VAE_piecewise
0.0028613585670180294,0.9774696707105719,0.014943281356792671,0.6051151815396649,0.08380823453915262,2.0,0.5389948006932409,0.8043941506151822,HI-VAE_piecewise
0.003949604145207292,0.96612572869072,0.019547665862419038,0.6501547487126003,0.09775211791359502,1.0,0.49740034662045063,0.8075121756335231,HI-VAE_piecewise
0.003965076813601681,0.9719552544509217,0.009331608897780294,0.6286832670621212,0.20163971158421143,5.0,0.4800693240901213,0.8058517740010394,HI-VAE_piecewise
0.0032580261078593927,0.9762092327083661,0.017491905736450417,0.6125187406296851,0.09555654055393058,3.0,0.5077989601386482,0.80533515141486,HI-VAE_piecewise
0.004086840222126253,0.9721128092011974,0.012903731989631816,0.6378427742650413,0.09736320224042433,1.0,0.5511265164644714,0.8046564031984357,HI-VAE_piecewise
0.003099031835180814,0.971167480699543,0.011077275623981893,0.6154747408904244,0.07083547273435298,1.0,0.5424610051993067,0.7934227126185177,HI-VAE_piecewise
0.004651337901437896,0.9680163856940287,0.016187990611287235,0.6578069226256437,0.12499910425933611,4.0,0.5164644714038128,0.8066874540357996,HI-VAE_piecewise
0.003159732019348686,0.9743185757050575,0.009144601906181273,0.6435704321752167,0.1112795195017977,3.0,0.49740034662045063,0.80494069173592,HI-VAE_piecewise
0.0033055407091660996,0.9766818969591932,0.017868364335638556,0.5982246268170263,0.09252251189231628,2.0,0.5077989601386482,0.799532569893452,HI-VAE_piecewise
0.004714492213367358,0.96722861194265,0.013117586883326569,0.6490782869434847,0.13798416938585095,3.0,0.537261698440208,0.7991849823908607,HI-VAE_piecewise
0.002896464427340258,0.9744761304553332,0.005988490637900434,0.631071898833192,0.0951717935657632,1.0,0.5268630849220104,0.795417393245423,HI-VAE_piecewise
0.0033708827331380684,0.9713250354498189,0.01573368639333896,0.6566708819503292,0.10713875345773266,3.0,0.511265164644714,0.7962183962562209,HI-VAE_piecewise
0.0034162524277345117,0.9751063494564363,0.015747086982401272,0.6512194772179128,0.10213226796833091,4.0,0.5199306759098787,0.7970687419289506,HI-VAE_piecewise
0.0042016396523787865,0.9678588309437529,0.027251740061418277,0.6248580926927841,0.09854966573954828,1.0,0.49740034662045063,0.8014144147803226,HI-VAE_piecewise
0.0036862854884381,0.9727430282023003,0.01529655203416139,0.6168427090802424,0.08972466017129335,1.0,0.5251299826689775,0.8037329838587591,HI-VAE_piecewise
0.004294811481628049,0.9710099259492673,0.021683621627929046,0.6211466006127371,0.08572641992529545,1.0,0.5077989601386482,0.8009110733035458,HI-VAE_piecewise
0.004321656811227875,0.9684890499448557,0.00793070927044954,0.627933511505117,0.07648189653332309,8.0,0.5511265164644714,0.8017908588847744,HI-VAE_piecewise
0.0031890561927691626,0.9771545612100205,0.005699473688110293,0.6548067270712471,0.10370970343479473,3.0,0.5181975736568457,0.8115022613615059,HI-VAE_piecewise
0.003753407159568829,0.9699070426973372,0.025445132958242606,0.6293010885861418,0.07750602063451764,1.0,0.5147313691507799,0.8091526102431308,HI-VAE_piecewise
0.0034138770803611913,0.9768394517094691,0.016698699951501104,0.6235242813375921,0.11796748198520508,2.0,0.5389948006932409,0.798816698286729,HI-VAE_piecewise
0.003806702837959025,0.9744761304553332,0.015402524963444996,0.6489889837689851,0.12700737672516696,5.0,0.5095320623916811,0.8043972714310785,HI-VAE_piecewise
0.0041997641069067134,0.9670710571923745,0.028102930317542234,0.6377739391173979,0.10360565178584329,1.0,0.5251299826689775,0.7998559631396884,HI-VAE_piecewise
0.004633987463265051,0.9665983929415471,0.013602234296367106,0.6029283619060035,0.13628069461167155,2.0,0.49740034662045063,0.8164210459837061,HI-VAE_piecewise
0.004390882097808051,0.9705372616984402,0.00438839344099414,0.6198796688612216,0.07690800655867953,1.0,0.5077989601386482,0.7989720622221307,HI-VAE_piecewise
0.004801354760751248,0.9700645974476131,0.03051402337946306,0.6453507594029072,0.17811264073447128,3.0,0.4748700173310225,0.8005971384925175,HI-VAE_piecewise
0.0031650474484023676,0.975106349456436,0.012003524679250262,0.6270686395932469,0.09401963322606217,3.0,0.47660311958405543,0.8066813714650364,HI-VAE_piecewise
0.0038645338309910445,0.9713250354498189,0.014564650366399697,0.6049037220520175,0.08558396607902216,1.0,0.5320623916811091,0.8016006472919099,HI-VAE_piecewise
0.0033879371164378643,0.9725854734520246,0.006093363022250858,0.6018193077374356,0.08013886012127347,1.0,0.5285961871750433,0.7936159785062312,HI-VAE_piecewise
0.0042340184394874325,0.9695919331967858,0.02462064493082668,0.6651905351671992,0.1208587875300104,3.0,0.5147313691507799,0.8005379293199805,HI-VAE_piecewise
0.004868498029788748,0.96722861194265,0.019063320801946657,0.6276092823153641,0.10857774366520155,3.0,0.5320623916811091,0.7995028383996368,HI-VAE_piecewise
0.00404410599704207,0.9702221521978888,0.022073382682384943,0.6154858223062382,0.0982532421358859,1.0,0.5251299826689775,0.8042298109476156,HI-VAE_piecewise
0.0038091270907577674,0.9706948164487159,0.019790543061257607,0.6256886774004303,0.08846040014821997,3.0,0.5216637781629117,0.7988379666251705,HI-VAE_piecewise
0.003971296923002917,0.9706948164487159,0.00933207726483023,0.6482660843491298,0.1390249268220557,4.0,0.512998266897747,0.8172309366076932,HI-VAE_piecewise
0.003979154943126333,0.9677012761934772,0.014799884882184254,0.626286552375986,0.11471359213908956,2.0,0.512998266897747,0.8149720207338693,HI-VAE_piecewise
0.004100647871922521,0.974003466204506,0.01776561618219401,0.6093491949677334,0.19294172336976936,5.0,0.5008665511265165,0.8098105710722399,HI-VAE_piecewise
0.0035180492840611753,0.9760516779580904,0.003288499076445053,0.6101877322208461,0.12648546743951608,2.0,0.49566724436741766,0.8102956382368065,HI-VAE_piecewise
0.003383454678860151,0.9777847802111235,0.01689270713657416,0.6076019816178867,0.09137572797095496,1.0,0.49220103986135183,0.8048396500731385,HI-VAE_piecewise
0.003671210555022496,0.9713250354498189,0.010024602963932946,0.6121321947721791,0.09941385857466907,3.0,0.5441941074523396,0.8061681127537851,HI-VAE_piecewise
0.004376514024106679,0.968961714195683,0.009359839257700505,0.6287732220846098,0.122373723125492,3.0,0.5164644714038128,0.8099254488359072,HI-VAE_piecewise
0.003789546194101621,0.974003466204506,0.013364587494918477,0.6316083697281794,0.0899743243593915,3.0,0.49913344887348354,0.80678753609205,HI-VAE_piecewise
0.004098215009441893,0.9721128092011974,0.014842325719850466,0.6142681702626946,0.10780711352862872,2.0,0.5181975736568457,0.8041498660133735,HI-VAE_piecewise
0.003960302682808551,0.9702221521978889,0.020720138738377383,0.6346315103317905,0.11930033811460534,3.0,0.49566724436741766,0.8034550730435012,HI-VAE_piecewise
0.004408606186341416,0.9692768236962345,0.02336600990578718,0.6412344697216609,0.11014710779219303,3.0,0.5043327556325823,0.7995397889860649,HI-VAE_piecewise
0.00433456973164876,0.9669135024420986,0.01606025320995543,0.6254820415879018,0.13479171175893892,4.0,0.49740034662045063,0.7974840912429245,HI-VAE_piecewise
0.00411452410277628,0.9719552544509217,0.017866255338345627,0.6213139951763249,0.09163244261193601,1.0,0.5181975736568457,0.7980640507238563,HI-VAE_piecewise
0.0038217135891014994,0.9732156924531274,0.02868993021286959,0.6260896942832932,0.09474796828960166,1.0,0.5060658578856152,0.7971715293317401,HI-VAE_piecewise
0.003846553770828966,0.971797699700646,0.019120018889459762,0.6061229385307347,0.1045786398618663,2.0,0.5337954939341422,0.8076417551436802,HI-VAE_piecewise
0.0039280857954962795,0.9708523711989916,0.03070223140209261,0.5866577146209504,0.11384850071783305,4.0,0.5303292894280762,0.8055381007371746,HI-VAE_piecewise
0.00413112986574505,0.9719552544509217,0.008564735155193732,0.6138735414901244,0.1704817485396882,5.0,0.5268630849220104,0.7959942467583833,HI-VAE_piecewise
0.0040867164462235085,0.9675437214432016,0.00665053517703624,0.6417240075614367,0.10989326547354837,1.0,0.49393414211438474,0.8043499338531709,HI-VAE_piecewise
0.004008583162714643,0.9719552544509217,0.014097073822527584,0.6572988723029789,0.0964057380953539,1.0,0.4852686308492201,0.8076057881696899,HI-VAE_piecewise
0.004317274870935176,0.9691192689459588,0.02368784259625615,0.6286979988266737,0.08906764202309612,2.0,0.512998266897747,0.8076158136613694,HI-VAE_piecewise
0.0034974696170902335,0.974003466204506,0.014827261207834695,0.6154740890424353,0.09711136561456167,4.0,0.48700173310225303,0.8145459227275472,HI-VAE_piecewise
0.0027880006246043323,0.9774696707105721,0.013975662196136596,0.6367088195032918,0.11155856718877738,6.0,0.5025996533795494,0.8023411447400328,HI-VAE_piecewise
0.0036711217481474223,0.9686466046951316,0.010658039461836412,0.6305504204419529,0.13500409485556822,1.0,0.5320623916811091,0.8035643525892903,HI-VAE_piecewise
0.0035978419537632186,0.9744761304553332,0.008734264618583239,0.6559727527540578,0.11033172072175687,3.0,0.4904679376083189,0.8079230602255474,HI-VAE_piecewise
0.0036347526239499705,0.9747912399558846,0.014706826992812104,0.612644938400365,0.11093771439451734,6.0,0.5181975736568457,0.8146844785997767,HI-VAE_piecewise
0.0037268124253809886,0.9729005829525761,0.015303291612175213,0.6014044716772049,0.0888722930806546,1.0,0.5511265164644714,0.8091289818301132,HI-VAE_piecewise
0.003906116293289322,0.971167480699543,0.01992453666719632,0.639730656410925,0.09013525631039618,1.0,0.49740034662045063,0.7990847409182078,HI-VAE_piecewise
0.003442508274417018,0.9732156924531274,0.010126403007634099,0.5986564109249723,0.07905264568782654,2.0,0.537261698440208,0.8017112386962326,HI-VAE_piecewise
0.0033581533337844523,0.9752639042067117,0.022084551485653477,0.6439238641548791,0.10868369872411802,3.0,0.5008665511265165,0.7975177042957399,HI-VAE_piecewise
0.0029893089189679104,0.9754214589569876,0.01003268624834509,0.5832398148751711,0.1329933739581771,2.0,0.5060658578856152,0.7972417098972361,HI-VAE_piecewise
0.004611245278137597,0.9692768236962344,0.026718900192561092,0.6385103969754253,0.09657069891205439,2.0,0.512998266897747,0.8124003477021995,HI-VAE_piecewise
0.0034111850271348844,0.9732156924531274,0.021207185805996433,0.6231050127110358,0.1298839405242413,3.0,0.49566724436741766,0.7983795615006359,HI-VAE_piecewise
0.00380197723284771,0.9719552544509217,0.015018704371605702,0.6452630206635812,0.08751722371343708,1.0,0.49393414211438474,0.788280254950308,HI-VAE_piecewise
0.0037355328334329227,0.9755790137072633,0.014053204670993046,0.635847206831367,0.11172247854994989,2.0,0.5233968804159446,0.8019821155788314,HI-VAE_piecewise
0.00343709101988429,0.9740034662045062,0.009163350275803478,0.6418801903396127,0.13357276238033172,3.0,0.4904679376083189,0.8193436278700307,HI-VAE_piecewise
0.0037784207959335597,0.971797699700646,0.012444361938378046,0.6218019685809268,0.0883136085822512,1.0,0.49566724436741766,0.795400361126822,HI-VAE_piecewise
0.004146411232284208,0.9673861666929257,0.01200607752213004,0.6059696238837102,0.08735452326620395,2.0,0.5095320623916811,0.8005735801090242,HI-VAE_piecewise
0.004226313759719745,0.9719552544509217,0.01227935738329456,0.6297708102470504,0.12392637517697924,3.0,0.5251299826689775,0.8047411209563197,HI-VAE_piecewise
0.0035379791582141125,0.972900582952576,0.006606393548867723,0.6164336092823154,0.09382639917500897,4.0,0.4800693240901213,0.8113825376114584,HI-VAE_piecewise
0.0033694520554341215,0.975736568457539,0.012770149440971046,0.6493654911674598,0.10456517246694391,2.0,0.5147313691507799,0.8146110758579839,HI-VAE_piecewise
0.003841852939490073,0.9735308019536788,0.005288266379840943,0.6325922690828498,0.08509374440545561,4.0,0.5008665511265165,0.8107477753406761,HI-VAE_piecewise
0.004110344390869326,0.9673861666929259,0.01352165284238022,0.6359956978032724,0.08959796671167147,1.0,0.4904679376083189,0.8021331621748367,HI-VAE_piecewise
0.004156097207367685,0.9714825902000945,0.017306827884907432,0.6507805227820873,0.11823257900780718,4.0,0.5147313691507799,0.7994327072480563,HI-VAE_piecewise
0.0032027391914377303,0.9752639042067119,0.035642993373838174,0.6167667036047193,0.10537844829438026,4.0,0.5060658578856152,0.7996043865218424,HI-VAE_piecewise
0.003299206168803895,0.9710099259492675,0.009492259756771463,0.6131626360732677,0.0847125936920542,1.0,0.49740034662045063,0.8035069911035689,HI-VAE_piecewise
0.004126495328353256,0.9708523711989918,0.013927227825251133,0.6231622449644743,0.14151372474371157,3.0,0.5216637781629117,0.8018983305888928,HI-VAE_piecewise
0.004663976443053782,0.9695919331967858,0.00625883789647569,0.6303272276905025,0.11434280777149711,2.0,0.4852686308492201,0.8021651674003771,HI-VAE_piecewise
0.003160639729938824,0.9752639042067119,0.012869556177781483,0.6419421158985724,0.13071015879228456,2.0,0.49740034662045063,0.8099322489428529,HI-VAE_piecewise
0.0032784182794333245,0.9736883567039546,0.024218391924618842,0.6345596766833974,0.08959308666576296,2.0,0.5025996533795494,0.8114523445580318,HI-VAE_piecewise
0.0042237105552738845,0.9692768236962344,0.01264520112363739,0.5908287595332768,0.14950811579053577,3.0,0.5285961871750433,0.810747074877054,HI-VAE_piecewise
0.004100697403776823,0.9724279187017489,0.014487059105278137,0.6456962388371033,0.11093837713149104,2.0,0.512998266897747,0.8022526514685341,HI-VAE_piecewise
0.002843692499193232,0.9779423349613992,0.022454138738215577,0.6042216283162768,0.10657341549569195,3.0,0.511265164644714,0.8038608919605069,HI-VAE_piecewise
0.003546067369750634,0.9738459114542303,0.015748329061308918,0.6443693370705952,0.10853395274777115,3.0,0.48180242634315423,0.8164470069854234,HI-VAE_piecewise
0.0032845635613509435,0.9724279187017489,0.0069346735550254324,0.6387279838341698,0.10519034853966318,1.0,0.537261698440208,0.805660046257844,HI-VAE_piecewise
0.004181328564787812,0.9727430282023003,0.018431016002926473,0.6148651326510659,0.09836293363196451,1.0,0.5147313691507799,0.8101244061718388,HI-VAE_piecewise
0.0035709732423403378,0.9721128092011976,0.016378485192464605,0.6270914542728636,0.09060602313211477,1.0,0.48180242634315423,0.7885284485186478,HI-VAE_piecewise
0.00453406375701158,0.9727430282023004,0.016858249436801476,0.6425363405253895,0.07948892328610602,9.0,0.5060658578856152,0.8065027023664247,HI-VAE_piecewise
0.003755082057303209,0.9736883567039546,0.01633036763082359,0.6485282576103253,0.10141377544095241,3.0,0.5077989601386482,0.815451380673569,HI-VAE_piecewise
0.00320098963705211,0.9732156924531276,0.008962098750610646,0.6252933967798711,0.09673171017174262,1.0,0.5233968804159446,0.8061398153510442,HI-VAE_piecewise
0.0035980336492810057,0.9733732472034031,0.016837850945816295,0.6595322338830585,0.11244844635745263,2.0,0.5147313691507799,0.8037131088288604,HI-VAE_piecewise
0.003484642360509975,0.9749487947061606,0.007094546134396501,0.6143993220780914,0.11068697457326407,1.0,0.5164644714038128,0.8067183848788558,HI-VAE_piecewise
0.00317148902985616,0.9732156924531276,0.010095145167448388,0.6360554070790692,0.1652481799246016,2.0,0.49566724436741766,0.7905102757140638,HI-VAE_piecewise
0.0042341749182326725,0.9722703639514733,0.01450182755844741,0.6321814744801513,0.09983864152456572,6.0,0.49566724436741766,0.8130114136531073,HI-VAE_piecewise
0.003703092273273648,0.9727430282023004,0.0103432334570155,0.6285109184538166,0.10118791480915391,1.0,0.5285961871750433,0.8034279146055737,HI-VAE_piecewise
0.00450233625471708,0.9686466046951316,0.02143971899881215,0.6099453751385177,0.09617705954754105,2.0,0.5025996533795494,0.8103029258765191,HI-VAE_piecewise
0.0040250427765469695,0.9722703639514733,0.009153005031495924,0.6301136822892901,0.10342867270365032,2.0,0.5303292894280762,0.8033244222905327,HI-VAE_piecewise
0.0032060516919358117,0.9752639042067117,0.012422697965675862,0.6224042761228082,0.08674650738801544,1.0,0.5060658578856152,0.8122974667419453,HI-VAE_piecewise
0.003980481456078527,0.9700645974476131,0.014608925021287997,0.6213219477217913,0.16122616608584714,3.0,0.5060658578856152,0.8085808323743372,HI-VAE_piecewise
0.0037684446634495355,0.9708523711989918,0.006497999677518503,0.6684518610260087,0.09720850162861867,1.0,0.49220103986135183,0.79414142731447,HI-VAE_piecewise
0.0036103535308406863,0.9730581377028518,0.022802749515465726,0.6060247702235839,0.11059291646720847,3.0,0.5043327556325823,0.7935945467826798,HI-VAE_piecewise
0.004050920374068249,0.9686466046951316,0.015641972272855968,0.6479050909327944,0.08457476440097995,9.0,0.512998266897747,0.8071930446673601,HI-VAE_piecewise
0.0032284705132918164,0.9736883567039546,0.011525219951512412,0.6417603806792256,0.11278654752696671,3.0,0.5147313691507799,0.8063437611744293,HI-VAE_piecewise
0.0031652555264877025,0.9757365684575391,0.0051373874110579,0.591901962062447,0.13804506011435289,4.0,0.5268630849220104,0.7889724626331711,HI-VAE_piecewise
0.0037524058173882967,0.9721128092011976,0.020135133730618027,0.6391962714295026,0.08098193601819886,1.0,0.49220103986135183,0.8122171646815254,HI-VAE_piecewise
0.0045914461305328206,0.9692768236962344,0.01673076918918047,0.6368943354409751,0.13813717289966984,3.0,0.5337954939341422,0.803896010327148,HI-VAE_piecewise
0.003585066965998633,0.9664408381912715,0.017859853035711647,0.6233961280229451,0.1343473004267249,4.0,0.49740034662045063,0.803958880115046,HI-VAE_piecewise
0.003629586724479281,0.9708523711989916,0.010843817728322965,0.6351181800404145,0.09501735264015097,1.0,0.5268630849220104,0.8102864859231184,HI-VAE_piecewise
0.0039196315082996825,0.9716401449503703,0.004305933890039408,0.627382439215175,0.10339687614663003,1.0,0.4904679376083189,0.7990449421971296,HI-VAE_piecewise
0.0041721022839571915,0.9695919331967858,0.029617136530259592,0.6235742128935533,0.12362866610733797,3.0,0.537261698440208,0.7995410468227648,HI-VAE_piecewise
0.003975639984953535,0.9708523711989916,0.03239565109951134,0.6517648132455511,0.10255686963444868,7.0,0.49740034662045063,0.8076844240197903,HI-VAE_piecewise
0.0030997765704965695,0.9744761304553332,0.012052760614150653,0.6339899615409686,0.11325337341529175,1.0,0.49913344887348354,0.8063315835867644,HI-VAE_piecewise
0.0045025125247252435,0.9699070426973374,0.023866226699425466,0.6130120591877974,0.09633659675850245,2.0,0.4852686308492201,0.7923781192095537,HI-VAE_piecewise
0.004277806400521827,0.9677012761934772,0.006943915942683198,0.6125360797861938,0.09895082791378244,9.0,0.5320623916811091,0.7891241770646524,HI-VAE_piecewise
0.004379145117909687,0.9688041594454071,0.015033151143221336,0.635867023010234,0.08948620131889634,2.0,0.5268630849220104,0.7912584293248516,HI-VAE_piecewise
0.002939403010990921,0.9776272254608476,0.007492928499068528,0.6489378788866437,0.09188025981699144,1.0,0.5285961871750433,0.7922294037240731,HI-VAE_piecewise
0.0031969251052251205,0.9738459114542305,0.010741748317962386,0.6161482302327098,0.10955085002507342,3.0,0.537261698440208,0.7909823148019467,HI-VAE_piecewise
0.0038090075585540503,0.972270363951473,0.013503167333100889,0.6503735088977252,0.13571889034904616,4.0,0.5268630849220104,0.8046843008184422,HI-VAE_piecewise
0.004024491371244728,0.9683314951945801,0.028785585090297664,0.6542407926471547,0.09881375375498552,1.0,0.49393414211438474,0.7994334262710926,HI-VAE_piecewise
0.0037335842568242284,0.9714825902000945,0.025155184812904498,0.6399718401668731,0.09939127491315239,1.0,0.4748700173310225,0.7925716497802943,HI-VAE_piecewise
0.0037002250910908156,0.9746336852056089,0.02081815288915536,0.6172763183625578,0.11177842435134377,1.0,0.511265164644714,0.7939877823342802,HI-VAE_piecewise
0.004254723358474125,0.9713250354498186,0.022892054583779183,0.645831432110032,0.10451148562977279,3.0,0.5355285961871751,0.8053143737898706,HI-VAE_piecewise
0.004469078999430773,0.9691192689459588,0.020708586854533827,0.6224011472524607,0.0879485917638623,1.0,0.5216637781629117,0.8067360582774004,HI-VAE_piecewise
0.004054357519630139,0.9733732472034031,0.004042067881378908,0.6120448471416466,0.14062867778709934,4.0,0.5233968804159446,0.8066988151896547,HI-VAE_piecewise
0.0038841379341464327,0.9735308019536788,0.01941277575790896,0.6221454924711557,0.09787560712170297,1.0,0.5025996533795494,0.8036688152487435,HI-VAE_piecewise
0.003219521893040247,0.9725854734520247,0.01368779860298842,0.6273768333224693,0.12452300755262065,3.0,0.5060658578856152,0.8060823695015673,HI-VAE_piecewise
0.005130667227741721,0.9640775169371356,0.031198440970271663,0.6782825109184538,0.07672090474644476,4.0,0.48353552859618715,0.8120419785331174,HI-VAE_piecewise
0.0036982341544030874,0.9736883567039546,0.017046155747921083,0.6215605240857831,0.1144385857798299,2.0,0.5251299826689775,0.8025002661741724,HI-VAE_piecewise
0.0035915506099250525,0.9716401449503702,0.020802963202607976,0.5952627599243857,0.09596062017721421,1.0,0.5199306759098787,0.8034610838078109,HI-VAE_piecewise
0.0024791435854611865,0.9782574444619505,0.0052404186927511075,0.6162254090346131,0.11143366347158722,2.0,0.5268630849220104,0.8057993587193812,HI-VAE_piecewise
0.0037915678596735416,0.9714825902000945,0.010502715002393977,0.6234431914477544,0.12243585425183996,2.0,0.5233968804159446,0.8042480648888184,HI-VAE_piecewise
0.004070447106317661,0.9705372616984402,0.011517213569605327,0.6195036829411381,0.07987464999843386,11.0,0.511265164644714,0.810122604590781,HI-VAE_piecewise
0.004090805756386181,0.972900582952576,0.013606832798869626,0.621935597418682,0.07556862503546298,6.0,0.5095320623916811,0.8006012206650057,HI-VAE_piecewise
0.004013247984825408,0.9730581377028518,0.01578203167502064,0.6335946809204094,0.09205203744262698,2.0,0.5077989601386482,0.7943510260836235,HI-VAE_piecewise
0.004089248906762663,0.9702221521978888,0.007823578647368603,0.6607794798253048,0.09637439289363176,9.0,0.49220103986135183,0.805070705826628,HI-VAE_piecewise
0.0029695900636051735,0.9743185757050575,0.0163563627044436,0.5931738478586794,0.12746267183471202,2.0,0.5268630849220104,0.8103369811738911,HI-VAE_piecewise
0.004170448715898119,0.9706948164487159,0.008060064502584329,0.6330368294113813,0.1389241193386316,4.0,0.511265164644714,0.7936978418191382,HI-VAE_piecewise
0.0035878779324290387,0.9722703639514733,0.019576999038457856,0.6383435238902289,0.10257495216025309,4.0,0.48180242634315423,0.8055341855423646,HI-VAE_piecewise
0.0036535813782591765,0.9727430282023004,0.009740469281399431,0.6483191447754383,0.08887695588861881,7.0,0.49393414211438474,0.8078356400163743,HI-VAE_piecewise
0.0030361980410749667,0.9752639042067117,0.017225948738866556,0.5925823609934163,0.08326299019055752,11.0,0.5320623916811091,0.7984720167081132,HI-VAE_piecewise
0.003414913953721507,0.9708523711989918,0.004346529871307441,0.6427874323707712,0.06745288104847441,8.0,0.48873483535528595,0.7981724827328978,HI-VAE_piecewise
0.0037506258700746894,0.971797699700646,0.011468355025834763,0.6435000325923995,0.09193046102925714,5.0,0.49566724436741766,0.8065207089946723,HI-VAE_piecewise
0.0034700759988694125,0.975736568457539,0.017455669419207436,0.5803213610586011,0.09040069038814162,2.0,0.5545927209705372,0.8020765494507857,HI-VAE_piecewise
0.0029674144919730515,0.9727430282023003,0.014342984707940563,0.6318168307150772,0.0711746505424243,5.0,0.512998266897747,0.7895420072281183,HI-VAE_piecewise
0.003259020157106504,0.975106349456436,0.012614525238542333,0.6194806075223258,0.09044994746579012,2.0,0.5008665511265165,0.8048678024611418,HI-VAE_piecewise
0.0034286235649176587,0.9747912399558846,0.017670927375367847,0.6380308975946808,0.07155342252892732,1.0,0.5008665511265165,0.8078051546385502,HI-VAE_piecewise
0.003367554115560051,0.9738459114542305,0.00433643432802913,0.5965985268235448,0.12371677514481484,2.0,0.4748700173310225,0.8139728366247296,HI-VAE_piecewise
0.0032225042640517676,0.9747912399558847,0.008390482833359584,0.6241239814875171,0.08061525863454665,2.0,0.49393414211438474,0.803216382927723,HI-VAE_piecewise
0.0037052303209475944,0.9699070426973372,0.020470354954170093,0.6723821132911805,0.10498547230218498,4.0,0.5025996533795494,0.8120814689978377,HI-VAE_piecewise
0.004390723616436868,0.9651804001890657,0.010243106134856959,0.668290593833518,0.099226094527389,2.0,0.5077989601386482,0.8143038950246194,HI-VAE_piecewise
0.004809912084294213,0.9634472979360328,0.026738843360744148,0.6116214066879605,0.10364962319731055,3.0,0.48353552859618715,0.8006460797173084,HI-VAE_piecewise
0.0038774266753905996,0.971797699700646,0.013431009078653211,0.5936936314451471,0.08685247505941765,3.0,0.49220103986135183,0.8003580069487122,HI-VAE_piecewise
0.003877761599643191,0.9733732472034031,0.005779142563519454,0.6334628772570237,0.11175359756061526,5.0,0.5181975736568457,0.8032189012086645,HI-VAE_piecewise
0.0043643501984650885,0.9691192689459585,0.0038053981084276633,0.6422572192164786,0.11388870228864685,2.0,0.5216637781629117,0.7965347207016664,HI-VAE_piecewise
0.0039315699470979576,0.9669135024420986,0.009847102695546138,0.6397105794928621,0.09868629514475494,2.0,0.4904679376083189,0.7965718547983184,HI-VAE_piecewise
0.00369337406183534,0.9730581377028518,0.014846185419511581,0.6336438302587837,0.11752947307403248,4.0,0.5164644714038128,0.7998811566701907,HI-VAE_piecewise
0.0035673330170789093,0.971797699700646,0.009483364520303066,0.6393707059513721,0.08978429996546085,2.0,0.5251299826689775,0.8003050880266407,HI-VAE_piecewise
0.004348724312786347,0.968961714195683,0.01161917204667078,0.6593299002672577,0.15772238774683248,2.0,0.511265164644714,0.7908525208985144,HI-VAE_piecewise
0.0035015964530024967,0.972900582952576,0.010912156658343,0.6512507659213871,0.09467570397310829,1.0,0.5008665511265165,0.8021391126481325,HI-VAE_piecewise
0.004658985161491347,0.9678588309437529,0.00994445515001222,0.6008223714229841,0.08352125568960198,1.0,0.5164644714038128,0.7977213168603521,HI-VAE_piecewise
0.0030691285842862266,0.9755790137072631,0.005820478982437582,0.654987028225018,0.11125524317112234,2.0,0.4800693240901213,0.7911202527625736,HI-VAE_piecewise
0.004236000656204251,0.9749487947061604,0.01425943730008619,0.6455529626491103,0.11975974494752639,5.0,0.5025996533795494,0.8065904930602138,HI-VAE_piecewise
0.0034930619390613417,0.9732156924531274,0.02100238198788077,0.6133747474089043,0.08471565261819852,1.0,0.5511265164644714,0.8009472735154056,HI-VAE_piecewise
0.00438130149225189,0.971797699700646,0.02221075502715844,0.5759057427807835,0.08087855277580991,1.0,0.5147313691507799,0.7989071374893223,HI-VAE_piecewise
0.0038174279676172606,0.9724279187017487,0.02136002854077853,0.6638180040414575,0.11737556880176551,3.0,0.49393414211438474,0.8079253862181728,HI-VAE_piecewise
0.00443852042213742,0.9721128092011976,0.012327598289959114,0.6230017599895704,0.09261337169164996,2.0,0.5285961871750433,0.7856900348055449,HI-VAE_piecewise
0.003726518801523048,0.968489049944856,0.01618823295150718,0.629390000651848,0.07342721965528624,1.0,0.537261698440208,0.7830130535295505,HI-VAE_piecewise
0.005041651392411205,0.9653379549393416,0.03233260179530645,0.6345206961736523,0.081497169738897,6.0,0.47660311958405543,0.7938716089786273,HI-VAE_piecewise
0.004009489155483143,0.9724279187017489,0.009390521459496521,0.6268278469460922,0.14799343338550042,6.0,0.5320623916811091,0.8170910158276663,HI-VAE_piecewise
0.007533908823915873,0.9363478808886089,0.01040311821748976,0.7483861547487127,0.11786540901831699,8.0,0.45233968804159447,0.7962477564881387,Surv-GAN
0.008092062710731813,0.9322514573814402,0.02118772090056473,0.7706624079264716,0.1425561773751406,10.0,0.4558058925476603,0.8120118182587618,Surv-GAN
0.006913468206421802,0.9372932093902633,0.02088763188159449,0.7617289616061534,0.1345929088635743,10.0,0.44540727902946275,0.8067775333693801,Surv-GAN
0.008135289538794116,0.9287852528753743,0.01918828227533547,0.7705848380157747,0.10704555490901138,9.0,0.4696707105719237,0.8163333090240542,Surv-GAN
0.007433159047226814,0.9319363478808885,0.004475400220452817,0.7592441170718989,0.12231592789832746,10.0,0.4436741767764298,0.8022723225299171,Surv-GAN
0.007451498707402254,0.9382385378919175,0.01539790255573308,0.7413145166547161,0.12086988848059266,9.0,0.4506065857885615,0.8077951958183995,Surv-GAN
0.0087430806794974,0.9281550338742712,0.022618167862003543,0.782650413923473,0.16447412422716093,7.0,0.44020797227036396,0.7998127681235571,Surv-GAN
0.007439927153608822,0.936190326138333,0.0067482672760749455,0.7890823284010169,0.13841771483952253,11.0,0.44194107452339687,0.7886037254420768,Surv-GAN
0.009186452711801237,0.9287852528753742,0.011152151382530544,0.7561332377289616,0.12303103363425226,13.0,0.47660311958405543,0.797089517262057,Surv-GAN
0.008704154365071227,0.9259492673704113,0.0178634140137618,0.7807583599504596,0.1622130658886872,9.0,0.44540727902946275,0.7933514360045965,Surv-GAN
0.008905574456743896,0.9287852528753742,0.014180221832506123,0.7707479303826347,0.14769074904964993,14.0,0.4783362218370884,0.794426760266128,Surv-GAN
0.008310248063514368,0.9303608003781314,0.004986339518164602,0.7728846880907372,0.11670738495075167,5.0,0.42287694974003465,0.8114039950683138,Surv-GAN
0.007790740463834208,0.93114857412951,0.014178578549978407,0.7487139039176064,0.12674181594868547,6.0,0.4506065857885615,0.799400764087883,Surv-GAN
0.00830774109089424,0.9297305813770286,0.00791404791377951,0.7624243530408709,0.13367871555366884,11.0,0.462738301559792,0.8101676689089842,Surv-GAN
0.006999269579427119,0.9394989758941232,0.006480742131652998,0.7453087803924124,0.11969544563366327,12.0,0.4904679376083189,0.8017007777790403,Surv-GAN
0.008706919914631949,0.9267370411217898,0.021089499440927438,0.7884445603285315,0.12196482769113566,11.0,0.44194107452339687,0.8122019454475662,Surv-GAN
0.00910425171176648,0.9251614936190325,0.006627869843557507,0.7589399648002086,0.13384058596130533,12.0,0.4540727902946274,0.7986688647034805,Surv-GAN
0.007310271544177427,0.9342996691350244,0.012193321552431989,0.7707092106120852,0.1551952715310719,9.0,0.43674176776429807,0.8077838897447847,Surv-GAN
0.008632258623400568,0.9248463841184812,0.017853909132046764,0.760881428850792,0.11410424267269964,5.0,0.45233968804159447,0.8033786185757034,Surv-GAN
0.007477588866735794,0.9363478808886089,0.010760085081484596,0.7615774721334985,0.16027211084733345,7.0,0.4540727902946274,0.7928213203442155,Surv-GAN
0.008773395688078148,0.9287852528753742,0.007997026575234507,0.7755862068965517,0.12636844869342378,9.0,0.4610051993067591,0.8133765957357088,Surv-GAN
0.007932045022487873,0.9341421143847487,0.011301424437516413,0.7711265236946744,0.1143842412366149,12.0,0.43674176776429807,0.8054932447992756,Surv-GAN
0.008010869130320784,0.93004569087758,0.02292769708015841,0.7785399908741282,0.1701049710612124,14.0,0.44194107452339687,0.8091170129684396,Surv-GAN
0.007797183143104664,0.9363478808886089,0.014040586982279536,0.7726638419920474,0.13350011571150588,10.0,0.4592720970537262,0.8093299908759828,Surv-GAN
0.008468011167068199,0.9313061288797858,0.014864864436379414,0.7851771070986245,0.142685207690045,11.0,0.45753899480069327,0.811975911096841,Surv-GAN
0.007600318596622998,0.9372932093902631,0.01096626610106635,0.8060899550224887,0.1242572442600616,13.0,0.43674176776429807,0.7951807838952013,Surv-GAN
0.007780276581189479,0.9347723333858515,0.006781950365577462,0.7542578710644678,0.12329471545552931,10.0,0.462738301559792,0.8077092386365743,Surv-GAN
0.008340811575441504,0.9306759098786828,0.019142846432138788,0.7822390978423832,0.12153726109284196,12.0,0.43327556325823224,0.8102434451100213,Surv-GAN
0.0079878965810337,0.9317787931306131,0.004959451405330697,0.7701101623101494,0.1435634121354303,6.0,0.4592720970537262,0.7965707855420552,Surv-GAN
0.007844878811829388,0.933984559634473,0.003684882470859379,0.7778727592725376,0.12282706284850609,11.0,0.43154246100519933,0.7968864047545886,Surv-GAN
0.008502962422734428,0.9308334646289587,0.010919342831166958,0.772998631119223,0.13128245185217685,9.0,0.43847487001733104,0.805735695831461,Surv-GAN
0.009181014827384978,0.9297305813770286,0.015292323084198702,0.7782615214132065,0.137556241684413,5.0,0.43674176776429807,0.8044597254666092,Surv-GAN
0.007461362137541519,0.9317787931306128,0.007284227200663414,0.7703583860243792,0.12335246159907666,15.0,0.4506065857885615,0.8096435746657966,Surv-GAN
0.00755167177783147,0.9331967858830944,0.016503746140994795,0.7643613845251288,0.14785431835495064,10.0,0.47660311958405543,0.8179956137554819,Surv-GAN
0.008132316810131695,0.9342996691350244,0.01231563119012015,0.7680513656215371,0.1626333611023599,9.0,0.43674176776429807,0.7943448349985486,Surv-GAN
0.007586470831099368,0.9347723333858515,0.013131418237309445,0.7670387849553484,0.1314767860502799,11.0,0.464471403812825,0.811563876418449,Surv-GAN
0.007900924298098024,0.9322514573814402,0.011088432338027504,0.7815773417639007,0.10837704547360276,9.0,0.4610051993067591,0.7937183101269942,Surv-GAN
0.008555623595476094,0.9319363478808885,0.007229267108344834,0.7695940290724202,0.11141791359853698,10.0,0.44714038128249567,0.8029559474575577,Surv-GAN
0.008488405615154898,0.9354025523869545,0.008169320585616178,0.7788711296525651,0.10928651635019508,10.0,0.44194107452339687,0.7913274036559488,Surv-GAN
0.008108627603666095,0.9305183551284071,0.006025272793872523,0.7382070269213219,0.1483464379791872,11.0,0.49740034662045063,0.7990522350989471,Surv-GAN
0.008619569599872742,0.9257917126201355,0.010724778699798135,0.7725938335180236,0.1307793084457443,12.0,0.4506065857885615,0.8206089043289088,Surv-GAN
0.008235242780457418,0.9309910193792343,0.005618717123043169,0.7896761619190406,0.11767953105943445,15.0,0.45233968804159447,0.8040728699355244,Surv-GAN
0.00810278529841149,0.9354025523869545,0.009905565830716032,0.7532935271494687,0.10828483238685993,10.0,0.4488734835355286,0.8012003889119887,Surv-GAN
0.00896116100206746,0.9270521506223414,0.019879003389222716,0.7860018251743693,0.15015485060349998,8.0,0.4246100519930676,0.8139595440474657,Surv-GAN
0.007962013160563212,0.930518355128407,0.012061969621430689,0.7553592334267648,0.16041677357834583,8.0,0.5008665511265165,0.7902964719121699,Surv-GAN
0.008010016544125741,0.9275248148731684,0.01325744244382838,0.7694979466788344,0.10623249267623866,6.0,0.464471403812825,0.793283265704269,Surv-GAN
0.008575435502758475,0.9289428076256498,0.006400182626348369,0.7812060491493384,0.11192880124449886,14.0,0.4696707105719237,0.8029842707042069,Surv-GAN
0.009267425677971921,0.9284701433748228,0.022891666532969986,0.7612927449318819,0.10729465663722566,11.0,0.4488734835355286,0.8129684966572019,Surv-GAN
0.009145293176402265,0.9218528438632425,0.008162905039152403,0.7805436412228668,0.15614592726774473,9.0,0.4592720970537262,0.8008748747631834,Surv-GAN
0.007940538901972723,0.9354025523869545,0.012742022407641858,0.7623714229841602,0.15430541260784086,11.0,0.4610051993067591,0.8169265617293537,Surv-GAN
0.007382656609902178,0.9286276981250985,0.0072057211324605954,0.7756659930904113,0.11816364466276119,5.0,0.48180242634315423,0.8009282827975135,Surv-GAN
0.0091369931256283,0.9270521506223411,0.018510936680638048,0.7924367381526628,0.14703591270838562,9.0,0.41074523396880414,0.8084529027769041,Surv-GAN
0.007848376158394512,0.9365054356388843,0.014732515881402597,0.7869124568150707,0.1416304852706865,10.0,0.4696707105719237,0.7985486536054256,Surv-GAN
0.007801166091158823,0.9335118953836458,0.006612520311764396,0.7728858614171175,0.1555046025579504,8.0,0.4506065857885615,0.7983812861891846,Surv-GAN
0.009915412852769588,0.9209075153615881,0.017488675584819348,0.7500073006974775,0.141900680538641,7.0,0.44714038128249567,0.8000109757271315,Surv-GAN
0.007454794135231843,0.9363478808886089,0.010723853651852263,0.7502746887425853,0.1253012322172401,10.0,0.45233968804159447,0.7935607676539657,Surv-GAN
0.0080294010122623,0.9335118953836457,0.019659414026499938,0.7768213284662017,0.125876686061542,8.0,0.42980935875216636,0.7943798762377723,Surv-GAN
0.007993683151612875,0.9275248148731685,0.015113423712810582,0.7652495925950069,0.1444626752552494,14.0,0.44714038128249567,0.8046810855114075,Surv-GAN
0.00837190119657595,0.9302032456278556,0.015252630014511175,0.7822222801642658,0.12539458799242673,8.0,0.43500866551126516,0.8040579617716983,Surv-GAN
0.009676656997155265,0.9209075153615881,0.006061918510278156,0.7581380614040805,0.15680712743786526,13.0,0.4488734835355286,0.8004213825222619,Surv-GAN
0.008592771927340178,0.9328816763825429,0.017956172002469465,0.7805651522065055,0.10950232382184809,10.0,0.43500866551126516,0.7982469944844792,Surv-GAN
0.00890024090522617,0.9276823696234442,0.018171827750345402,0.7821225474219411,0.12845064096063352,8.0,0.462738301559792,0.8032938633096566,Surv-GAN
0.00930426762013805,0.9292579171262013,0.020058360903048023,0.7687732220846099,0.15189032066599967,10.0,0.4610051993067591,0.788500340741781,Surv-GAN
0.006887354537232648,0.9398140853946746,0.006594025013003813,0.7461173326380288,0.14541952695353597,11.0,0.4714038128249567,0.7953396550317756,Surv-GAN
0.00848317430197963,0.9295730266267529,0.008666665696023916,0.7783681637442148,0.10539997511855709,8.0,0.4904679376083189,0.7934911869306139,Surv-GAN
0.00831371477947403,0.9270521506223414,0.005186933803144059,0.7778088781696108,0.12529735812142695,11.0,0.49393414211438474,0.8004097903085479,Surv-GAN
0.006689264652760021,0.9382385378919175,0.007987201426876612,0.751608630467375,0.12152848693255304,13.0,0.48180242634315423,0.8083248683475799,Surv-GAN
0.007983732383908471,0.9278399243737199,0.009191439221937924,0.7832875301479694,0.10433606395946475,12.0,0.41594454072790293,0.8077234296590337,Surv-GAN
0.007539053668034577,0.9350874428864031,0.01637609171913082,0.7547687895182843,0.1262369496455584,5.0,0.4540727902946274,0.8090519690202091,Surv-GAN
0.008067665454040975,0.9313061288797858,0.020400456286720797,0.7874726549768594,0.12080341950563092,8.0,0.44540727902946275,0.8188616777308647,Surv-GAN
0.00845639302425613,0.9338270048841973,0.007654410479048369,0.7897243986702301,0.14147956216328897,11.0,0.4592720970537262,0.7978314465157417,Surv-GAN
0.007355975672890561,0.9354025523869545,0.0055709182686984465,0.7776452643243597,0.11855234672370445,10.0,0.4592720970537262,0.7913382481829844,Surv-GAN
0.008770008653929602,0.9317787931306128,0.008585982238498805,0.7782407926471546,0.11389212456488203,8.0,0.42634315424610053,0.8037103138998642,Surv-GAN
0.007929716991922813,0.9295730266267527,0.014698283034881698,0.7563822436607783,0.12207661487064332,11.0,0.4662045060658579,0.8051311399497819,Surv-GAN
0.008437206748508595,0.9276823696234441,0.01316519491226428,0.769470177954501,0.14339346055950897,9.0,0.464471403812825,0.7961441916332123,Surv-GAN
0.00774944322314122,0.9371356546399874,0.009966194451132693,0.7491619842252788,0.14235645434220787,10.0,0.48180242634315423,0.8061317916350725,Surv-GAN
0.009393696249613703,0.923270836615724,0.005596709756588785,0.7552703213610585,0.15627050173372053,10.0,0.4488734835355286,0.8009744560591462,Surv-GAN
0.007329802123811568,0.9350874428864029,0.004020636708629823,0.7610347434978164,0.14599976273591125,14.0,0.44540727902946275,0.7987168383583061,Surv-GAN
0.00829657723926699,0.9283125886245471,0.012133725962593813,0.7751585946157358,0.12209317170876743,7.0,0.4558058925476603,0.8111677816693252,Surv-GAN
0.008884274668847426,0.9283125886245469,0.006547476826050356,0.765200834365426,0.14170052611175718,8.0,0.4714038128249567,0.8071202150072363,Surv-GAN
0.007261682184671669,0.9360327713880575,0.008388097444985535,0.7726653412424223,0.14628785967698738,11.0,0.42634315424610053,0.8014500551844744,Surv-GAN
0.009287029099228787,0.9234283913659996,0.008759918844408873,0.7844154879082199,0.12757148274016233,11.0,0.4540727902946274,0.8061934938136827,Surv-GAN
0.009319206588637238,0.9279974791239956,0.018410026841160942,0.7458683267062121,0.11487697396180396,7.0,0.4800693240901213,0.7918196332247711,Surv-GAN
0.007017790332992809,0.9371356546399873,0.01904383727015842,0.7634448862525259,0.1023404116929867,12.0,0.44540727902946275,0.8057637712371274,Surv-GAN
0.00939003617608322,0.9239010556168268,0.014811401755559917,0.7685892705821002,0.11205567369621158,8.0,0.4610051993067591,0.8154089611547385,Surv-GAN
0.008850456091327747,0.9245312746179297,0.006938778653953558,0.7837899745779284,0.12558546989871383,6.0,0.4488734835355286,0.8064752274234095,Surv-GAN
0.006840414083838436,0.9376083188908144,0.00815204880421995,0.7699418551593767,0.15141998989620736,12.0,0.462738301559792,0.8119470056556167,Surv-GAN
0.009169984980795283,0.9267370411217898,0.017717181930201886,0.7748174173782674,0.12025461166759031,10.0,0.4610051993067591,0.8194152291845058,Surv-GAN
0.009273033851876887,0.9256341578698599,0.009563865067860422,0.7542465289094583,0.12160162413501123,9.0,0.43847487001733104,0.8046317847093933,Surv-GAN
0.008502854644218417,0.9273672601228927,0.01014753907471568,0.7706548464897987,0.13153846742865852,13.0,0.462738301559792,0.809026808125334,Surv-GAN
0.009380912068703739,0.9257917126201355,0.03101683942533393,0.7763572126979987,0.11682858193665416,6.0,0.42980935875216636,0.8013729109502541,Surv-GAN
0.008561885937680015,0.9303608003781314,0.0063890936538734,0.7871090541685678,0.11956625303991886,11.0,0.4592720970537262,0.7927529861528371,Surv-GAN
0.009455326256388528,0.9242161651173781,0.006252737439731664,0.7660238576363992,0.1178223510891895,10.0,0.43674176776429807,0.8179758382455767,Surv-GAN
0.007145811174908778,0.9360327713880573,0.006606559073007565,0.7750606870477805,0.10923283624585775,14.0,0.4558058925476603,0.8059732950960481,Surv-GAN
0.0076592982757629465,0.9358752166377816,0.01538230654545165,0.7645886187341112,0.12690574321931672,9.0,0.48873483535528595,0.8032022960055937,Surv-GAN
0.008086313165874352,0.9328816763825429,0.00430488988253646,0.7778125285183496,0.1513914169719905,8.0,0.4592720970537262,0.8036193636967364,Surv-GAN
0.007902154630709278,0.9291003623759259,0.013513472244808797,0.7594035590900201,0.16074948762003902,7.0,0.4679376083188908,0.7916803103144636,Surv-GAN
0.00961270386233496,0.9220103986135182,0.01828981441787292,0.7701737826738804,0.1134809604616703,14.0,0.49913344887348354,0.8197456271001662,Surv-GAN
0.008799381129386753,0.9305183551284071,0.007186320484871121,0.7670454338048367,0.1263786325439647,7.0,0.4592720970537262,0.8159323041594815,Surv-GAN
0.00801787929660621,0.9328816763825429,0.026196818229744585,0.7871313473697933,0.1134766998721063,6.0,0.4610051993067591,0.8133793616996133,Surv-GAN
0.008055323649984354,0.9369780998897117,0.019951158963720378,0.7454559676683399,0.11415234805340702,13.0,0.4488734835355286,0.7953785080519963,Surv-GAN
0.008825967168672314,0.9303608003781314,0.010368776270259585,0.784421484909719,0.12057770617199506,9.0,0.44020797227036396,0.8068333486001679,Surv-GAN
0.007790623434009879,0.9298881361273043,0.00590287432682297,0.7459152597614237,0.1194147889987797,12.0,0.47660311958405543,0.7996409534377743,Surv-GAN
0.00885056651651942,0.9248463841184812,0.02208190116264711,0.7594205071377355,0.1138217955830284,13.0,0.4558058925476603,0.7970340235873267,Surv-GAN
0.008163536082402235,0.9316212383803371,0.015031080086550158,0.7727871716315755,0.12694102770439067,7.0,0.4194107452339688,0.8062152390101578,Surv-GAN
0.008453427993141619,0.9309910193792345,0.009576633035785135,0.7693581904699824,0.13642505055479215,8.0,0.4852686308492201,0.8032947568243534,Surv-GAN
0.008330903673440356,0.9270521506223414,0.011350141195484133,0.7729543054559677,0.12333473222473955,11.0,0.45753899480069327,0.8092226802460174,Surv-GAN
0.008557865428090665,0.929415471876477,0.01986731790205436,0.7537959715794276,0.1468920284057853,11.0,0.44714038128249567,0.8047924497432069,Surv-GAN
0.007861948824163674,0.9317787931306131,0.011265956246044546,0.7896726419398996,0.14409420830139485,13.0,0.42980935875216636,0.8136533139237839,Surv-GAN
0.009071933481418588,0.9268945958720655,0.02085512416188236,0.7898419920474545,0.13030394713392407,7.0,0.4714038128249567,0.8072165962910037,Surv-GAN
0.00887401045633335,0.9213801796124153,0.0063357402881833785,0.7579702757316994,0.16241730748675057,8.0,0.43500866551126516,0.8002545408189543,Surv-GAN
0.008341725468083901,0.9273672601228927,0.007999111167583811,0.7630648588749105,0.12510862504148207,12.0,0.4714038128249567,0.8018149252095302,Surv-GAN
0.008007789584768521,0.936190326138333,0.015219329955603432,0.7520449775112444,0.11051040068143989,12.0,0.48180242634315423,0.8127714175390671,Surv-GAN
0.009015109592239797,0.9278399243737199,0.009363968234099596,0.7921228081611368,0.11142289381085642,9.0,0.4540727902946274,0.8150558142448381,Surv-GAN
0.008275284562604122,0.9319363478808885,0.01683458440301834,0.7711503813310736,0.13124449331991064,6.0,0.4506065857885615,0.8035645269504634,Surv-GAN
0.007779844289855988,0.9333543406333701,0.013192377604364631,0.7556568672185645,0.1295696171168396,5.0,0.44714038128249567,0.8110524130874887,Surv-GAN
0.00819250777064341,0.9295730266267529,0.012595978708946524,0.782102079395085,0.14254203046268493,14.0,0.4610051993067591,0.7920530502990099,Surv-GAN
0.007712105548692379,0.9330392311328187,0.006758183044389658,0.7769518284336094,0.12284987258755604,5.0,0.45233968804159447,0.8125165429588194,Surv-GAN
0.00785205790198647,0.9313061288797858,0.006375722581092155,0.781594941659605,0.16254127585189196,9.0,0.43154246100519933,0.8118911005863666,Surv-GAN
0.008661702979604806,0.9306759098786828,0.013722458680135611,0.7963012841405384,0.1040726042898921,11.0,0.462738301559792,0.8058640066584188,Surv-GAN
0.008497703641244884,0.9354025523869545,0.01910166044122494,0.7488806466332052,0.16028509973736046,11.0,0.43154246100519933,0.792506566512927,Surv-GAN
0.008234669979903292,0.9292579171262013,0.007048997213814018,0.7688312365556351,0.16720217616347213,11.0,0.4731369150779896,0.7938069807539955,Surv-GAN
0.00786583774659281,0.9355601071372303,0.0057552445466725385,0.7661504465158725,0.12614035009118788,10.0,0.4662045060658579,0.8112285810531042,Surv-GAN
0.007746567119329204,0.9342996691350245,0.015230656959727213,0.7505888794733069,0.11817841545739556,16.0,0.42807625649913345,0.8123031323165877,Surv-GAN
0.009318625436964123,0.9232708366157241,0.009288430211420022,0.7775424027116877,0.13795997551065386,4.0,0.4488734835355286,0.8049738595691813,Surv-GAN
0.008137258974341893,0.9354025523869545,0.01173151924163833,0.7509545661951634,0.13535761367657348,12.0,0.44194107452339687,0.8012401693096739,Surv-GAN
0.007620657776174578,0.9320939026311644,0.014832224719467857,0.7473078678052277,0.11340813168650786,9.0,0.4731369150779896,0.8018704685823305,Surv-GAN
0.008811305326655888,0.9308334646289587,0.01108001339389106,0.7672641939899616,0.10813684018331272,11.0,0.462738301559792,0.8012124721964453,Surv-GAN
0.008544413355859683,0.9302032456278557,0.005744116974370429,0.7904682875953328,0.13778987355622652,7.0,0.43327556325823224,0.8075710748037693,Surv-GAN
0.007605719313649547,0.9308334646289584,0.006762203630334197,0.7746554983377877,0.12032206577088142,10.0,0.45753899480069327,0.8225744795258025,Surv-GAN
0.0077500779281594965,0.9365054356388846,0.015537405544016843,0.7684685483345284,0.12141809807707288,7.0,0.4679376083188908,0.8018133016653919,Surv-GAN
0.00871341233087196,0.9286276981250985,0.008133223413780479,0.7737984486017859,0.14212343796181753,8.0,0.43847487001733104,0.7973903304278704,Surv-GAN
0.008122733089738116,0.9338270048841973,0.015200516483591017,0.7686050453034352,0.11105255513753816,11.0,0.4610051993067591,0.8017382711598818,Surv-GAN
0.008936430915867025,0.9327241216322671,0.009829313002182247,0.7748009908089433,0.11676216709622339,10.0,0.44020797227036396,0.7999319304146568,Surv-GAN
0.007585370416150244,0.9344572238853002,0.010270092831343265,0.7844289159767943,0.1142062859353382,8.0,0.43847487001733104,0.8017197923688857,Surv-GAN
0.009441364028868025,0.919331967858831,0.01929627870162974,0.7696849618668926,0.12968940820618408,9.0,0.43847487001733104,0.8100459366822363,Surv-GAN
0.009662858482968566,0.9254766031195839,0.017166755141861362,0.7853752688872955,0.16294492159112922,8.0,0.45753899480069327,0.8092773787692074,Surv-GAN
0.0077504463601628885,0.929415471876477,0.005915986720283376,0.7586629294048627,0.1303301578635923,13.0,0.42114384748700173,0.804991102195661,Surv-GAN
0.008446603122141015,0.9317787931306128,0.014392629861528809,0.7818431653738348,0.12112597311391371,10.0,0.47660311958405543,0.8015919541715563,Surv-GAN
0.00781347691822392,0.9313061288797858,0.01746924371999183,0.7676890685092237,0.14562764054845762,10.0,0.48180242634315423,0.805380551762881,Surv-GAN
0.007936247748604925,0.9309910193792343,0.008425142616897576,0.7702331008408839,0.12782492641519808,9.0,0.4679376083188908,0.8132668679925086,Surv-GAN
0.009175249601702727,0.9246888293682054,0.019376453390496314,0.787498337787628,0.14726807712546172,4.0,0.4488734835355286,0.8141914284738564,Surv-GAN
0.008014380321822083,0.9298881361273043,0.007920273905973527,0.7552091780196858,0.1152967941343703,8.0,0.41594454072790293,0.7978774581216747,Surv-GAN
0.008061238461323146,0.9344572238853001,0.01175259009243877,0.7621739130434783,0.11531590308765718,6.0,0.4558058925476603,0.8123292284435176,Surv-GAN
0.009109766081364679,0.9330392311328186,0.01643961559523939,0.7769153249462226,0.13106612831136966,9.0,0.4436741767764298,0.7927469495183367,Surv-GAN
0.007716900246109418,0.9286276981250985,0.01246216345420253,0.7763857636399192,0.12954563382046497,4.0,0.48873483535528595,0.8072353404602343,Surv-GAN
0.008595260803402244,0.9322514573814401,0.005889766631226973,0.768580535819047,0.12173552160307749,11.0,0.44020797227036396,0.7915279965561582,Surv-GAN
0.009204716199079768,0.926106822120687,0.021314642961198588,0.7856727723094975,0.1271797497435354,4.0,0.42980935875216636,0.8050649079574482,Surv-GAN
0.007923166346426341,0.9309910193792343,0.011378429606635194,0.7766480672707126,0.12182547209758005,8.0,0.4436741767764298,0.7968452365703417,Surv-GAN
0.007743105757008453,0.93114857412951,0.016080685558893176,0.7831996610390457,0.13278273677056499,12.0,0.464471403812825,0.8092903395287038,Surv-GAN
0.009839859355764825,0.9242161651173781,0.01435779251973282,0.7835727788279774,0.13442467145516257,9.0,0.42287694974003465,0.7994773059509337,Surv-GAN
0.00859473580077136,0.9320939026311645,0.01293510140827772,0.7663347891271755,0.19322240964266205,13.0,0.42634315424610053,0.8020324176113377,Surv-GAN
0.007528872790513916,0.9283125886245471,0.007002342879620063,0.7728411446450687,0.11347024994670386,14.0,0.4679376083188908,0.7983878697802779,Surv-GAN
0.007608191206365396,0.9346147786355758,0.004977282903988147,0.7764698520305064,0.09467661757314805,10.0,0.4800693240901213,0.8101680763116562,Surv-GAN
0.008367791678451624,0.9314636836300614,0.008848440005142545,0.7560232057884102,0.13470534151785038,14.0,0.44714038128249567,0.805649905657756,Surv-GAN
0.007782892605601158,0.9346147786355758,0.019025402638685865,0.775525063555179,0.14233196058639827,7.0,0.44714038128249567,0.7928112094040816,Surv-GAN
0.008055953840315145,0.9354025523869546,0.012254615050412377,0.7625392086565412,0.11620403383284304,7.0,0.48180242634315423,0.7989034854873448,Surv-GAN
0.008158005524493384,0.9298881361273043,0.008206396777483227,0.7887232905286489,0.14818329667535876,8.0,0.44714038128249567,0.809181485812931,Surv-GAN
0.008793280677806815,0.9237435008665511,0.007981167127299935,0.7814289811615931,0.12946482724669842,10.0,0.41767764298093585,0.7965081267299525,Surv-GAN
0.007363374715602464,0.9360327713880573,0.014013216757445176,0.7593632748842969,0.11717348358127777,17.0,0.4540727902946274,0.798142628772049,Surv-GAN
0.009487533266775457,0.9267370411217898,0.026500447917626582,0.7844792386415488,0.12164369465512948,8.0,0.4436741767764298,0.7968766204356821,Surv-GAN
0.008537885304434084,0.9314636836300615,0.009749949025640062,0.7775015970275732,0.1134434366250345,11.0,0.45233968804159447,0.809009387978801,Surv-GAN
0.008574193102826762,0.9317787931306128,0.006617880362407101,0.7742977641613975,0.15665606294209272,4.0,0.44020797227036396,0.8125735041515136,Surv-GAN
0.009185638563957732,0.9276823696234442,0.014710032751641473,0.7676283162766442,0.12923545501844982,13.0,0.464471403812825,0.7951327563652727,Surv-GAN
0.008433050911188277,0.9317787931306131,0.02113511587655076,0.761568867740043,0.12213312372741886,7.0,0.44540727902946275,0.8046025316454365,Surv-GAN
0.008075121174212836,0.933984559634473,0.009033413874600384,0.7827343719444626,0.11809062542648399,14.0,0.464471403812825,0.7961358148568326,Surv-GAN
0.007487639440899376,0.9317787931306128,0.014583932581274927,0.7445236946744019,0.1023275198058509,12.0,0.4592720970537262,0.8006841209945027,Surv-GAN
0.0075233226790406196,0.9369780998897116,0.009875580787543123,0.7929998044456033,0.10838244086666611,7.0,0.45753899480069327,0.7860232884914051,Surv-GAN
0.008375221425916103,0.9313061288797857,0.01636519424436944,0.790165113095626,0.11706773395825107,11.0,0.43154246100519933,0.8016875303960357,Surv-GAN
0.008274683534472745,0.9333543406333701,0.019673818743463328,0.7748202855094193,0.15516745294912002,9.0,0.4610051993067591,0.8070430981138674,Surv-GAN
0.0076792567255543846,0.9342996691350244,0.0070015385559835655,0.7652080046933055,0.148355561728138,9.0,0.4748700173310225,0.8130652629544919,Surv-GAN
0.007392408458637184,0.933511895383646,0.014496800539943648,0.7822724724594224,0.13505184092111117,10.0,0.4783362218370884,0.8017963412942867,Surv-GAN
0.007308121951398086,0.9336694501339217,0.006207050119105054,0.7525487256371814,0.13949309713642385,12.0,0.4714038128249567,0.8061281444055229,Surv-GAN
0.007269483344668654,0.9349298881361272,0.011826040173087325,0.7683211003194056,0.14887289870877718,8.0,0.42634315424610053,0.8075571452477271,Surv-GAN
0.008596864643589601,0.9357176618875058,0.009044997246495996,0.766325532885731,0.11609327011743156,4.0,0.4558058925476603,0.800218466582121,Surv-GAN
0.007136049652958199,0.9369780998897117,0.006768797893663443,0.7695924646372466,0.15044154548678496,14.0,0.49220103986135183,0.8092649393908183,Surv-GAN
0.008653560478894444,0.9286276981250985,0.011005884479668607,0.7806827455837297,0.1071970880855876,9.0,0.4610051993067591,0.8135848807359847,Surv-GAN
0.0082381195175158,0.9300456908775799,0.020004673579661427,0.7824199204745452,0.13403570663917536,12.0,0.4592720970537262,0.7970709303887501,Surv-GAN
0.008434006687277167,0.9358752166377816,0.007783876337302616,0.7842526562805554,0.1618049244999952,10.0,0.4696707105719237,0.8084771770758461,Surv-GAN
0.007852641476819874,0.9291003623759259,0.008965002270643375,0.7690346131282186,0.15480969864900576,7.0,0.4731369150779896,0.8124920214405285,Surv-GAN
0.007478624483416033,0.9346147786355758,0.018758105066709767,0.7859929600417184,0.1184185272823982,10.0,0.43847487001733104,0.8058213516825622,Surv-GAN
0.007711572564736579,0.9354025523869545,0.005033636454780838,0.7766940877387394,0.1525351837089421,8.0,0.4558058925476603,0.8002215071565104,Surv-GAN
0.00794526819482392,0.9333543406333701,0.014349562428964999,0.7808369728179388,0.16308736064287094,10.0,0.4003466204506066,0.8073939941870402,Surv-GAN
0.008317363739753602,0.9316212383803372,0.018936234557960216,0.7733100840883905,0.11843922545912615,9.0,0.4436741767764298,0.7887792424493942,Surv-GAN
0.0089554456901266,0.923270836615724,0.013058087168307963,0.7999470699432892,0.12575343559833638,6.0,0.4540727902946274,0.8006902166644042,Surv-GAN
0.008821014201365957,0.9267370411217898,0.009313335546742544,0.769215305390783,0.1417375238541026,11.0,0.4610051993067591,0.8142160108953458,Surv-GAN
0.007619600887119942,0.9341421143847487,0.0059565728884083185,0.7556687308519654,0.16104848575990482,12.0,0.464471403812825,0.8012317562839945,Surv-GAN
0.008277023099138735,0.9284701433748226,0.008378647296064677,0.7931459487647481,0.12391202176011115,11.0,0.45753899480069327,0.8038918243230149,Surv-GAN
0.0078088805031663495,0.9335118953836458,0.021179744285996387,0.7682055928557461,0.11056613615675255,8.0,0.4436741767764298,0.7952575536511302,Surv-GAN
0.008895648326697371,0.9268945958720655,0.011874792102901342,0.757402255394042,0.11309624101686304,8.0,0.4679376083188908,0.7992981376274496,Surv-GAN
0.008706243350293342,0.9298881361273043,0.020320791566918114,0.75846607131217,0.12145725636099311,10.0,0.4592720970537262,0.8094155169931642,Surv-GAN
0.008536298685226354,0.9267370411217898,0.010045412760910774,0.7578951828433611,0.14128607308757715,7.0,0.4783362218370884,0.8063445689191554,Surv-GAN
0.006493422751794781,0.940759413896329,0.006628461245229342,0.7774150316146274,0.1415652395940009,8.0,0.4679376083188908,0.8104074427641033,Surv-GAN
0.00922404534542461,0.9239010556168268,0.007849721520619352,0.7800542337526889,0.10393586251471429,8.0,0.44020797227036396,0.7987606959045049,Surv-GAN
0.007928125970984374,0.92894280762565,0.010161698313859456,0.7721333680985594,0.12213072454413001,5.0,0.44714038128249567,0.8074879817873366,Surv-GAN
0.007383799663644838,0.9331967858830944,0.008575483615717241,0.7610934098168307,0.13512486567021934,12.0,0.4679376083188908,0.8068048343666478,Surv-GAN
0.008859401815447053,0.9322514573814401,0.008000161314776209,0.7501677856723812,0.11557489803730339,5.0,0.4506065857885615,0.8090129886741498,Surv-GAN
0.008966246520480194,0.9248463841184811,0.01282815770740621,0.7850249657779804,0.12124923564171189,10.0,0.4558058925476603,0.8023078295878663,Surv-GAN
0.007339139009741023,0.9347723333858515,0.01677950217171883,0.7762347956456555,0.10854916487496576,14.0,0.4610051993067591,0.7959880118650121,Surv-GAN
0.008103395695809595,0.9313061288797858,0.007937783879476629,0.7697259631054039,0.11745047558075618,12.0,0.4540727902946274,0.7955071706663843,Surv-GAN
0.005813354219559094,0.954309122420041,0.014745171785874566,0.6993094322404014,0.07310311088389078,5.0,0.4904679376083189,0.7912517768149703,Surv-VAE
0.0063580494167945305,0.9481644871592878,0.012661098506581696,0.7504353040870869,0.07701076188988908,3.0,0.45233968804159447,0.7939303714655682,Surv-VAE
0.007646679118069311,0.9369780998897117,0.013270684624519847,0.736062968515742,0.07213304039733962,3.0,0.48353552859618715,0.7977347258974014,Surv-VAE
0.006217442780398878,0.9443831731526706,0.017663286063945842,0.7333391565087023,0.07439781071191175,2.0,0.4714038128249567,0.7838908820880013,Surv-VAE
0.006557871156137191,0.9470616039073577,0.016400011066482395,0.7351262629554787,0.07382609716680458,2.0,0.4679376083188908,0.7933932236862191,Surv-VAE
0.007260134698085437,0.9445407279029463,0.030007697623750024,0.7163446972166091,0.0719678927869208,6.0,0.47660311958405543,0.7885141594637706,Surv-VAE
0.007689483589718704,0.9428076256499135,0.022210262558446606,0.7269032005736262,0.06644508810839546,6.0,0.49220103986135183,0.788410968445339,Surv-VAE
0.006880398755001913,0.946904049157082,0.012873575591077744,0.7334999022228017,0.07160932231451698,2.0,0.49393414211438474,0.7837054263652887,Surv-VAE
0.007006926681441552,0.9429651804001892,0.009050273830098867,0.7388063359624536,0.06776191447490415,2.0,0.48180242634315423,0.7856255247214115,Surv-VAE
0.007838993871523783,0.937923428391366,0.010619693042175794,0.7519826608434913,0.07424472311103084,3.0,0.4748700173310225,0.7986026260655291,Surv-VAE
0.007855216065603854,0.943595399401292,0.017084796970039288,0.7422491363014145,0.0702421715339468,1.0,0.4558058925476603,0.7963959423631335,Surv-VAE
0.006727155522203442,0.9475342681581851,0.014865910589187297,0.7292658887947331,0.07202187766032979,3.0,0.4800693240901213,0.8064319049081295,Surv-VAE
0.007736420740008731,0.9374507641405387,0.010537783197039005,0.7304218760185125,0.06899139555245283,5.0,0.4679376083188908,0.7984569193396311,Surv-VAE
0.006511318467765536,0.942965180400189,0.013752797786575744,0.7399353366794863,0.07608108004448501,5.0,0.49393414211438474,0.7958741033056944,Surv-VAE
0.005709331319267444,0.953678903418938,0.010329028177551892,0.7179250374812594,0.07677041097357205,5.0,0.4610051993067591,0.7868958337359561,Surv-VAE
0.0072067765178348364,0.9380809831416418,0.013221971748570404,0.7255361449709927,0.07336067962936225,4.0,0.49740034662045063,0.8031486708824686,Surv-VAE
0.007031896631083045,0.9404443043957774,0.017318906746824125,0.7599735349716447,0.07459007738866924,2.0,0.4731369150779896,0.7783592794469874,Surv-VAE
0.007262407319892455,0.9453285016543248,0.014557466479112768,0.732438563327032,0.07077778018627952,4.0,0.4748700173310225,0.8006783402546965,Surv-VAE
0.0065702491930347134,0.9453285016543248,0.021831542213047977,0.7201949025487255,0.06678668953459375,2.0,0.49566724436741766,0.8010456375033062,Surv-VAE
0.00672219989644652,0.9453285016543248,0.01492392131016169,0.7166582360993417,0.07001804113721825,7.0,0.49566724436741766,0.7814960256615873,Surv-VAE
0.007337243014273287,0.9406018591460534,0.01452191457228741,0.7212404667231602,0.06928803663273765,4.0,0.4748700173310225,0.7975782299096678,Surv-VAE
0.006740884294705606,0.9486371514101151,0.012955178977556771,0.7101847337200964,0.07706465987472777,2.0,0.4852686308492201,0.8038444779743735,Surv-VAE
0.00736352838607249,0.9426500708996376,0.01815471078323428,0.7297133172544162,0.07089540186734174,5.0,0.49393414211438474,0.7882064541603288,Surv-VAE
0.006785723092801082,0.9435953994012919,0.01378967031007304,0.7406075223257936,0.07268728072633468,6.0,0.49566724436741766,0.7891465926265355,Surv-VAE
0.006885077102214515,0.9467464944068064,0.017865032089603224,0.7423736392673229,0.07545823803544773,6.0,0.4488734835355286,0.7834526658715,Surv-VAE
0.007797984176876372,0.9360327713880573,0.022071325486493373,0.7311422984160094,0.07218752313540741,7.0,0.4662045060658579,0.7993662389618351,Surv-VAE
0.006146475585867945,0.9472191586576336,0.015663785903656142,0.7454739586728374,0.07025296863273027,5.0,0.4662045060658579,0.794068618069397,Surv-VAE
0.006843025404851608,0.9450133921537733,0.014190953621399847,0.7480730069747734,0.06901525859301487,1.0,0.4662045060658579,0.8014312860777513,Surv-VAE
0.00678193929033467,0.9465889396565306,0.015272404685615696,0.724385894009517,0.06725886996260243,4.0,0.4714038128249567,0.79544678923326,Surv-VAE
0.007005419039513771,0.9453285016543248,0.013441426509095356,0.7060984290463465,0.06748047782017,4.0,0.48180242634315423,0.7937639089710139,Surv-VAE
0.00706082427439971,0.948006932409012,0.02185611524243723,0.7326814418877519,0.06972179611329707,7.0,0.48353552859618715,0.7879057233630752,Surv-VAE
0.005927804057763786,0.9476918229084607,0.011291651251699151,0.7336612997848901,0.06816652776509383,3.0,0.5043327556325823,0.7850215587721999,Surv-VAE
0.006090613968860731,0.9473767134079093,0.01465488731254997,0.7124244834104687,0.06456158547672829,6.0,0.5164644714038128,0.7902001051966177,Surv-VAE
0.006924356584181993,0.9440680636521193,0.00790600370657654,0.7212210416530865,0.06871240575274626,4.0,0.4696707105719237,0.7931495124469059,Surv-VAE
0.007522609082297267,0.9431227351504649,0.020893121500855143,0.7278525519848771,0.0749743638305481,5.0,0.4558058925476603,0.7985401916711562,Surv-VAE
0.005444592974787896,0.9502126989128722,0.005937582197538473,0.7073302913760512,0.06965937773627351,3.0,0.48700173310225303,0.7932798710373816,Surv-VAE
0.006524730198360198,0.9434378446510163,0.009739135173353397,0.6968256306629294,0.06949617507789797,5.0,0.48180242634315423,0.7784728637659456,Surv-VAE
0.007670823186205345,0.9409169686466047,0.014564860672245836,0.7567150772439868,0.07302942547716239,6.0,0.4852686308492201,0.7890622378914595,Surv-VAE
0.00632417315698744,0.9470616039073579,0.014594776031833902,0.7058993546704908,0.07036842622143048,3.0,0.4852686308492201,0.7999972798024719,Surv-VAE
0.007134414679937096,0.9402867496455017,0.017247129529499333,0.7572748842969821,0.07681680821090076,4.0,0.49220103986135183,0.8043050768653836,Surv-VAE
0.006084710778915584,0.9517882464156293,0.024817752622113113,0.7249239293396779,0.07206589535005829,7.0,0.49566724436741766,0.7902150352821957,Surv-VAE
0.00598277950805475,0.9473767134079091,0.010544967468212043,0.7328244573365491,0.06811155937389153,5.0,0.4696707105719237,0.7958944136292369,Surv-VAE
0.006703370494863852,0.9472191586576334,0.01559593956982009,0.7183500423701193,0.07193773648810536,6.0,0.464471403812825,0.7969579089841873,Surv-VAE
0.005810146777445932,0.9516306916653537,0.017852646597544028,0.7549528713903918,0.07470729359560913,2.0,0.44020797227036396,0.7856591990059876,Surv-VAE
0.007272619776973166,0.9431227351504649,0.013369678178645693,0.731535232383808,0.06978725581526184,4.0,0.5043327556325823,0.7866519690093524,Surv-VAE
0.006530548199575714,0.9489522609106664,0.02101249599495503,0.7331999217782414,0.08340007129007869,6.0,0.45753899480069327,0.7889787092352244,Surv-VAE
0.006508818555262655,0.9461162754057034,0.007228591972054401,0.7393597549051562,0.07183139595321661,4.0,0.4610051993067591,0.7900378943344276,Surv-VAE
0.0066802895821970335,0.9492673704112179,0.014543796628287453,0.7313641874714816,0.06584612022905255,4.0,0.4662045060658579,0.8039051562200359,Surv-VAE
0.005808874534079547,0.9511580274145266,0.006459175628765059,0.7170546900462812,0.06382029287436557,4.0,0.49393414211438474,0.7851944570513836,Surv-VAE
0.007306998843584268,0.9472191586576334,0.008333093803678492,0.7416354866045238,0.07920776995895214,7.0,0.43500866551126516,0.8042986036307432,Surv-VAE
0.006459169503470119,0.9450133921537733,0.014062141290166311,0.7230870217065379,0.07475682693188007,4.0,0.47660311958405543,0.7721436390820999,Surv-VAE
0.007179162097623521,0.9410745233968805,0.01969133604992975,0.7139090020207288,0.07561896649996117,7.0,0.47660311958405543,0.8013196088324848,Surv-VAE
0.006405260243568369,0.9524184654167324,0.02283331095362019,0.7082290593833517,0.0677725158826539,5.0,0.49566724436741766,0.7827808849025495,Surv-VAE
0.006367267907290682,0.9498975894123208,0.012750733536840751,0.7138628511831042,0.06695245666678079,3.0,0.48180242634315423,0.789278184559569,Surv-VAE
0.007347744628116321,0.944698282653222,0.02691009312680455,0.7333806140408057,0.07579913764133252,8.0,0.4748700173310225,0.7921058965006235,Surv-VAE
0.007749386344800016,0.9357176618875058,0.01563682391496415,0.7322254090346132,0.07154128974109716,3.0,0.4696707105719237,0.78976910846616,Surv-VAE
0.006685611709875173,0.9443831731526706,0.016100741106255943,0.7020348086826151,0.07717331459137924,3.0,0.4852686308492201,0.7900964582213301,Surv-VAE
0.005654029468319506,0.953678903418938,0.012019827025700574,0.7381895573952153,0.07019743705678465,1.0,0.49393414211438474,0.7862732824044456,Surv-VAE
0.007027291196604107,0.9453285016543248,0.019431408104134972,0.7233695326249918,0.0696593276584347,6.0,0.49566724436741766,0.7783071682497104,Surv-VAE
0.006743069290629871,0.9462738301559792,0.018052507249624736,0.7354411055341894,0.06553686734841653,7.0,0.4679376083188908,0.787380952946562,Surv-VAE
0.008281207010143512,0.9371356546399874,0.01639400378577222,0.721527019099146,0.06826777406390802,3.0,0.4852686308492201,0.7785979718168854,Surv-VAE
0.007139022735647977,0.9409169686466048,0.02754455081243123,0.7155873802229321,0.07454780419859196,4.0,0.45233968804159447,0.7961118067314141,Surv-VAE
0.005640008065044063,0.9480069324090123,0.015813648470728983,0.7448245877061469,0.0703005906899139,5.0,0.4610051993067591,0.7977123486683084,Surv-VAE
0.006458368156461935,0.947534268158185,0.018934087413414732,0.7334899941333681,0.07085424751251426,6.0,0.4714038128249567,0.797863558289268,Surv-VAE
0.006462390791180391,0.9498975894123208,0.013721720778754576,0.7131093149077635,0.07114816254380806,5.0,0.4748700173310225,0.8059975715250766,Surv-VAE
0.006707393038123896,0.9456436111548764,0.015670981053812205,0.7032954826934359,0.07449570077320572,4.0,0.464471403812825,0.7875622711232247,Surv-VAE
0.006724818906580301,0.9484795966598394,0.013205967176441761,0.7034661364969688,0.07025195707868342,6.0,0.48180242634315423,0.785962712286438,Surv-VAE
0.006165203704581865,0.9445407279029463,0.012473302229707998,0.7447404993155597,0.07445614752448175,5.0,0.48873483535528595,0.7926901541183395,Surv-VAE
0.0065538844892413855,0.9445407279029463,0.01954231602640683,0.7452287334593574,0.07531082845891462,2.0,0.49566724436741766,0.8068302022356433,Surv-VAE
0.006798343768037868,0.9442256184023949,0.015441010213977712,0.7277004106642331,0.07111293648640181,5.0,0.4540727902946274,0.804007187021137,Surv-VAE
0.006818531870382233,0.9429651804001892,0.013368443190704883,0.7103449579558048,0.0755250064105157,4.0,0.45753899480069327,0.8026865683638061,Surv-VAE
0.006634140553179962,0.9415471876477075,0.008024442266794402,0.7336847663124959,0.0752552012425622,1.0,0.4506065857885615,0.7997888600783202,Surv-VAE
0.0065919622495950484,0.9439105089018436,0.012930026274984022,0.7172326445472915,0.06624993034056402,5.0,0.4904679376083189,0.7857257675045966,Surv-VAE
0.005836046902558353,0.950370253663148,0.019327667021737053,0.7316131934032983,0.07136110048814981,6.0,0.4714038128249567,0.8110208005856238,Surv-VAE
0.005497679677849665,0.9492673704112181,0.01372330150906672,0.7231844077961019,0.0660926281992798,6.0,0.4800693240901213,0.7883139495164467,Surv-VAE
0.006669195937878538,0.9467464944068064,0.014364630346515798,0.7465397301349326,0.07333533870086441,5.0,0.4558058925476603,0.7923826030798676,Surv-VAE
0.006848739379574489,0.9409169686466048,0.015548231886323382,0.737899224300893,0.07529710068842564,6.0,0.462738301559792,0.795233859233508,Surv-VAE
0.0065852849348957574,0.9491098156609422,0.012434062634105857,0.7313000456293592,0.07309356636549456,4.0,0.4558058925476603,0.7845741428168429,Surv-VAE
0.006497123433042081,0.9442256184023949,0.012994254537406788,0.7099436803337462,0.07072957430555496,2.0,0.48353552859618715,0.792432122133781,Surv-VAE
0.006447851042910486,0.9481644871592878,0.019552959136098707,0.744729287530148,0.07752209086507324,4.0,0.4731369150779896,0.7842289632218328,Surv-VAE
0.006003493274546205,0.9476918229084607,0.016540280627724384,0.7282587184668535,0.07499722787549123,5.0,0.4800693240901213,0.7946483980662787,Surv-VAE
0.007638536977478416,0.9421774066488104,0.009423366388626363,0.7177605110488235,0.06873840995199487,3.0,0.4852686308492201,0.8038456483685362,Surv-VAE
0.0072562229877437025,0.9476918229084608,0.020176907653516832,0.7182998500749624,0.07760601612685465,4.0,0.44194107452339687,0.7897751897293023,Surv-VAE
0.005611810836655356,0.9470616039073579,0.008340239069254707,0.7313644482106774,0.07147021550191239,6.0,0.4696707105719237,0.7888205086496218,Surv-VAE
0.007981325553313877,0.9390263116432962,0.01887583827067299,0.7483191447754385,0.07263024052681252,3.0,0.462738301559792,0.79034410921263,Surv-VAE
0.006033478990722258,0.9487947061603907,0.010185728391160572,0.7014905156117593,0.06575717442949747,3.0,0.5095320623916811,0.7840940699341089,Surv-VAE
0.006024782774518677,0.9506853631636993,0.016944895269847268,0.7371949677335246,0.07076773922235835,6.0,0.462738301559792,0.7897471802142275,Surv-VAE
0.007734088794139753,0.9382385378919175,0.016121675325455588,0.692962388371032,0.07372628271299816,6.0,0.48700173310225303,0.7925176756448729,Surv-VAE
0.0067463195273249005,0.943595399401292,0.009670310436597484,0.7257888012515481,0.06942860377184926,3.0,0.4592720970537262,0.8038981971688672,Surv-VAE
0.006473790386988743,0.9473767134079093,0.017582067443167534,0.7228828629163679,0.0748065458114307,8.0,0.48180242634315423,0.7886033503798625,Surv-VAE
0.006672497995053863,0.9459587206554279,0.01541128391650647,0.7293803533016101,0.07296757521301338,1.0,0.48873483535528595,0.7869321951318033,Surv-VAE
0.007578673639340369,0.940759413896329,0.01228977609301638,0.7205946157356105,0.07369254852053267,5.0,0.43500866551126516,0.7900435160663956,Surv-VAE
0.006481444991332716,0.9489522609106664,0.013848678946588781,0.7260709210612084,0.07241566243538021,3.0,0.4662045060658579,0.8000792443163994,Surv-VAE
0.006010536937549809,0.9505278084134237,0.007346484216543694,0.7041619190404799,0.07546472634840502,6.0,0.4662045060658579,0.7971480752797508,Surv-VAE
0.0065247628196198285,0.9491098156609421,0.021293274792382955,0.721919170849358,0.07029874976531762,1.0,0.49220103986135183,0.7995145214069103,Surv-VAE
0.007692750595688227,0.9396565306443989,0.014254588124099,0.732762792516785,0.07056197223490554,4.0,0.464471403812825,0.7974839358816883,Surv-VAE
0.007062006575305804,0.9428076256499133,0.016881284231653068,0.7540687047780457,0.08127802434488327,9.0,0.4783362218370884,0.7948065790635183,Surv-VAE
0.0069835034887924105,0.944068063652119,0.027831442096477928,0.7325823609934163,0.0719038757695046,5.0,0.4731369150779896,0.7940735021949505,Surv-VAE
0.007119224058680204,0.9421774066488104,0.01603204345565367,0.7179842252786651,0.07324041361939712,4.0,0.4679376083188908,0.7974911108577883,Surv-VAE
0.005723097233280186,0.9524184654167324,0.012092955118759829,0.7375001629619973,0.07187972853167938,6.0,0.5164644714038128,0.7913454116426192,Surv-VAE
0.006753152876705465,0.944698282653222,0.01363419926311257,0.7358494231145296,0.07539475012917518,6.0,0.45753899480069327,0.7969031538382376,Surv-VAE
0.007309818752525893,0.9421774066488104,0.024181065916696918,0.729562740368946,0.06702672482998691,4.0,0.5060658578856152,0.791874965492536,Surv-VAE
0.006220976279403246,0.946431384906255,0.011815052530115042,0.7538442083306174,0.06740848971461168,5.0,0.49220103986135183,0.7889472139827246,Surv-VAE
0.006412609203982458,0.9491098156609421,0.018361064612117683,0.7087601851248289,0.07744948911874432,3.0,0.5025996533795494,0.7820173983931509,Surv-VAE
0.006677298799674932,0.946904049157082,0.012010243856831016,0.733544879734046,0.07177789706195382,4.0,0.45233968804159447,0.7797414873236374,Surv-VAE
0.007305967266831957,0.9428076256499133,0.026326152304887177,0.7326935662603482,0.0709996385596488,4.0,0.4696707105719237,0.7870881530110267,Surv-VAE
0.007516091600934532,0.9393414211438476,0.014345750084476912,0.7158224366077832,0.06808914963185973,2.0,0.4731369150779896,0.7953878666728993,Surv-VAE
0.006988493328486296,0.9434378446510162,0.02115851704430876,0.7360423701192882,0.07616849867328812,2.0,0.49393414211438474,0.7854589517075498,Surv-VAE
0.007532385192455655,0.9382385378919174,0.015240622385170995,0.7260276383547357,0.07222080725722778,3.0,0.49220103986135183,0.7999797724156171,Surv-VAE
0.0053632070680725554,0.9544666771703166,0.01658186730906739,0.7134185515937683,0.07153556034007041,2.0,0.4610051993067591,0.7933484978831677,Surv-VAE
0.007146254782732411,0.9406018591460533,0.014218135720713032,0.7480565804054495,0.06927218781127419,2.0,0.4592720970537262,0.7972871673155512,Surv-VAE
0.006967072190127225,0.9412320781471561,0.010498477209608207,0.7376331399517633,0.07423677156341908,6.0,0.48700173310225303,0.7824110325046867,Surv-VAE
0.006028866484326512,0.9404443043957774,0.013283761721166394,0.727594289811616,0.07247041174148895,3.0,0.4731369150779896,0.7837904990646015,Surv-VAE
0.0072458397180894816,0.9418622971482591,0.018445928939031853,0.7269750342220194,0.07067978321517641,4.0,0.4800693240901213,0.7868286321417984,Surv-VAE
0.006301351814781169,0.9450133921537733,0.021331346114624113,0.7500478456423962,0.070720318678741,6.0,0.49393414211438474,0.7990135221398745,Surv-VAE
0.0068941788101339494,0.9483220419095635,0.010633851046705002,0.7365987875627404,0.07195526724133845,4.0,0.49566724436741766,0.7832195621885981,Surv-VAE
0.00658803847370063,0.9454860564046005,0.026073603244992607,0.718158268691741,0.07303665168018482,4.0,0.4662045060658579,0.8011111650236088,Surv-VAE
0.00622145616068745,0.9476918229084608,0.01090325217839097,0.7467154683527802,0.07355728235165868,5.0,0.5077989601386482,0.7717610491376145,Surv-VAE
0.007413995935726201,0.9369780998897116,0.01593138701670284,0.7538529430936706,0.07336286736805522,5.0,0.4731369150779896,0.7998175013716233,Surv-VAE
0.006491383155301325,0.9431227351504649,0.015680256668376993,0.7142057232253439,0.07332110072588514,5.0,0.49393414211438474,0.7997090214692993,Surv-VAE
0.007732777193416946,0.9393414211438476,0.007817744185544281,0.746544814549247,0.07398074297176627,5.0,0.48873483535528595,0.7905285411348929,Surv-VAE
0.00572017099720235,0.9491098156609422,0.013664268846887801,0.7185629359233427,0.06563429106366664,7.0,0.512998266897747,0.7841773925905159,Surv-VAE
0.006214621688111999,0.9428076256499135,0.010862549252724844,0.7069178019685809,0.07494729082964935,7.0,0.48353552859618715,0.7919547585850146,Surv-VAE
0.006874991895087335,0.9429651804001892,0.017012604963882,0.7155787758294766,0.07264742249652284,7.0,0.4800693240901213,0.7823666542465938,Surv-VAE
0.0076538636684882954,0.9420198518985348,0.026200923301511195,0.7341736523042827,0.0753136132012414,3.0,0.4558058925476603,0.792748186559384,Surv-VAE
0.006880706433428487,0.9459587206554279,0.028114615992384257,0.697938335180236,0.07118673281020776,9.0,0.4488734835355286,0.8099236918202225,Surv-VAE
0.007892285323671411,0.9377658736410901,0.013247612260808667,0.7309630402190208,0.07323845750873852,4.0,0.49740034662045063,0.7814309538251628,Surv-VAE
0.006989884768895672,0.9429651804001892,0.009134329981686161,0.739387914738283,0.07634551504870692,4.0,0.4592720970537262,0.7993631927999764,Surv-VAE
0.0059599149357288835,0.9489522609106664,0.013067095667650274,0.7231157030180562,0.07417496397816015,5.0,0.4679376083188908,0.7830683306553977,Surv-VAE
0.00648398306936769,0.9412320781471561,0.011696849036729438,0.7347865197835863,0.07191062352595687,2.0,0.4714038128249567,0.7999629063009572,Surv-VAE
0.007333010263892937,0.9431227351504649,0.017776115253707755,0.74514047324164,0.06810733899094341,3.0,0.4714038128249567,0.798513804303693,Surv-VAE
0.006061834973362557,0.9495824799117695,0.011410761461412186,0.7101474480151229,0.07658694744104848,5.0,0.4783362218370884,0.7855665964059354,Surv-VAE
0.007185503979377806,0.947534268158185,0.025279104981082504,0.7238439475914217,0.06515922644873463,3.0,0.49913344887348354,0.7926601612150862,Surv-VAE
0.005983099205820741,0.9456436111548764,0.016922772302034175,0.7452340786128675,0.07246924965810048,1.0,0.49566724436741766,0.7898838651404806,Surv-VAE
0.00687416264275734,0.9461162754057034,0.027268554082491146,0.7257380874780003,0.0712819047198803,2.0,0.4731369150779896,0.793302816578583,Surv-VAE
0.005726079220872535,0.953678903418938,0.017494628552270703,0.7298839710579493,0.06937896060360066,5.0,0.49393414211438474,0.7987922938924844,Surv-VAE
0.00779767049619712,0.9424925161493618,0.017378456295280433,0.7297564695912913,0.07048952294619719,3.0,0.49740034662045063,0.7877660923475397,Surv-VAE
0.007314772303901326,0.943595399401292,0.01358532861788036,0.730506485887491,0.07444886060918603,2.0,0.4610051993067591,0.7984878448410025,Surv-VAE
0.007230275652464083,0.9401291948952261,0.023304847401217667,0.7323646437650739,0.07498231873462248,6.0,0.4748700173310225,0.7814379393284888,Surv-VAE
0.006574301402029332,0.9484795966598392,0.011314001083414809,0.7305887491037091,0.07269049687204797,6.0,0.5043327556325823,0.7841202063014716,Surv-VAE
0.006196783961158031,0.9495824799117693,0.015694208288320074,0.717448275862069,0.07324433389200884,4.0,0.48353552859618715,0.7842445612971799,Surv-VAE
0.006785317603884059,0.944068063652119,0.013949984578113696,0.740795776025031,0.07586481977716397,5.0,0.4904679376083189,0.7876792747553669,Surv-VAE
0.006403009215865508,0.9465889396565306,0.01751198823174282,0.7440522782087218,0.06987536660357953,6.0,0.4714038128249567,0.7942967188978177,Surv-VAE
0.006008030751163129,0.9478493776587363,0.017127694684645894,0.7222320578841014,0.07692455464147101,7.0,0.47660311958405543,0.7818348664459742,Surv-VAE
0.0067330106232375364,0.9462738301559792,0.018425746983520612,0.733634052538948,0.06936665725554271,5.0,0.49740034662045063,0.7922806654352463,Surv-VAE
0.0063247869370782524,0.9461162754057034,0.014264278834625778,0.695989048953784,0.0707109069561373,2.0,0.5164644714038128,0.7852849982135288,Surv-VAE
0.006965909326195382,0.9458011659051521,0.020073233195551144,0.7308253699237339,0.07266627994627729,4.0,0.44194107452339687,0.7831077558413743,Surv-VAE
0.0063887249105114225,0.9456436111548764,0.014920833083083661,0.7181539664950134,0.07081145674299981,7.0,0.47660311958405543,0.790228973031989,Surv-VAE
0.005579460192792276,0.953678903418938,0.01075322884876319,0.714117202268431,0.06872987140204273,4.0,0.48700173310225303,0.7774713544871031,Surv-VAE
0.00685465403472563,0.9448558374034978,0.016422683495099892,0.706015122873346,0.07059047960402247,4.0,0.462738301559792,0.7881290458523398,Surv-VAE
0.007815898218874353,0.9415471876477075,0.017160923712874733,0.7302697346978685,0.07147525177107644,4.0,0.4783362218370884,0.7937269514086321,Surv-VAE
0.006052168958884946,0.9470616039073577,0.010731310935435001,0.7323823740303761,0.06729024874427393,4.0,0.4714038128249567,0.7947987733678814,Surv-VAE
0.006541359190530152,0.9428076256499133,0.011438724835584705,0.7442990678573758,0.06567111916375656,6.0,0.4662045060658579,0.7916753926661073,Surv-VAE
0.005135709357026012,0.953206239168111,0.01389945113244169,0.6981269799882668,0.06600931032240834,8.0,0.5077989601386482,0.801410775779911,Surv-VAE
0.00837337701002365,0.9352449976366788,0.03310803173009577,0.7321821263281403,0.07718962483014281,6.0,0.4748700173310225,0.7937523920008467,Surv-VAE
0.008045410621742738,0.9401291948952261,0.01602297215240645,0.7317781109445278,0.06640141680656134,3.0,0.5164644714038128,0.7907385352349312,Surv-VAE
0.006752541670739225,0.9424925161493618,0.02196151960021502,0.7482891597679422,0.06935623268079709,4.0,0.48353552859618715,0.8000447904759568,Surv-VAE
0.0064064366677683785,0.946431384906255,0.011193407997819396,0.7213042174564891,0.0723094784364114,3.0,0.5233968804159446,0.8011036129673397,Surv-VAE
0.00709001199472158,0.9424925161493618,0.012763404694273351,0.7188816895899877,0.07416867629388194,4.0,0.49393414211438474,0.7870773776302457,Surv-VAE
0.0062473440472242655,0.9464313849062549,0.020701124624468936,0.7285433804836712,0.07749100338172972,3.0,0.4540727902946274,0.7938299609552709,Surv-VAE
0.006269039966587347,0.9459587206554279,0.017919558998994802,0.7396446124763705,0.07342906991404087,4.0,0.49220103986135183,0.7906406712876495,Surv-VAE
0.005997202795448456,0.9527335749172838,0.022918002797251178,0.7182117202268431,0.07715033000422984,7.0,0.44194107452339687,0.7966823621862128,Surv-VAE
0.0060769094214033785,0.9492673704112179,0.02024192965499158,0.7317030180561893,0.07460361800501326,4.0,0.49220103986135183,0.7906661223004702,Surv-VAE
0.006856742651061648,0.9450133921537737,0.010537074609655988,0.7375060295938989,0.07339552564645462,4.0,0.4679376083188908,0.7931420610334635,Surv-VAE
0.006249691151178114,0.9434378446510162,0.011554722010119114,0.7409526106511961,0.07051880739504367,6.0,0.4800693240901213,0.7899673045854231,Surv-VAE
0.006880997226976552,0.9432802899007405,0.026131191179133557,0.7289822045498989,0.07726334453030703,4.0,0.4610051993067591,0.7939276167002731,Surv-VAE
0.006890578287743857,0.9413896328974318,0.011471344256301013,0.7279528062055929,0.07276689044379461,1.0,0.4662045060658579,0.7887305517566018,Surv-VAE
0.005552801613146825,0.9513155821648023,0.016014890801585323,0.7351429502639985,0.07178451849209669,4.0,0.5164644714038128,0.7751543548493562,Surv-VAE
0.006777008524853471,0.9442256184023949,0.011367561554455615,0.7162147187275928,0.06926715509399567,5.0,0.4783362218370884,0.795791037038014,Surv-VAE
0.006363092227016865,0.9464313849062549,0.019411002261747842,0.7130323968450557,0.0723174221460249,4.0,0.49913344887348354,0.7929568243027021,Surv-VAE
0.00528432681085364,0.9495824799117693,0.012761914950771365,0.7188511831041001,0.07000074659974802,4.0,0.4679376083188908,0.7826472377646404,Surv-VAE
0.0064830823811701304,0.9437529541515677,0.013746684303473582,0.7341585294309367,0.0719906313181028,3.0,0.5008665511265165,0.7887684349356893,Surv-VAE
0.006909007063489973,0.9443831731526706,0.017738548484496266,0.731710058014471,0.07147641315195068,5.0,0.5095320623916811,0.8018317061934314,Surv-VAE
0.005993282222137586,0.9535213486686622,0.01349193813992486,0.7184118375594811,0.07024703703073114,6.0,0.512998266897747,0.7870506372407553,Surv-VAE
0.006734314658413613,0.9417047423979832,0.018105922035266415,0.7192271690241836,0.07288417241601725,7.0,0.4592720970537262,0.7878545986199178,Surv-VAE
0.007017913945961513,0.9420198518985349,0.013018334268439034,0.7331949677335245,0.07202483927776977,2.0,0.49740034662045063,0.7793780686845145,Surv-VAE
0.005920731844768121,0.9469040491570823,0.014989159144053306,0.7489119353366795,0.06717350986880453,5.0,0.4696707105719237,0.8003138320842473,Surv-VAE
0.0066459287231814684,0.9486371514101148,0.015946086426961704,0.7173176455250634,0.06595254547116756,4.0,0.48700173310225303,0.7921140694399714,Surv-VAE
0.007033284163890408,0.9437529541515677,0.024298601256622834,0.7337393911739782,0.0717103804313398,5.0,0.48353552859618715,0.7855331515802783,Surv-VAE
0.007355095710660688,0.9399716401449503,0.010222126260609738,0.7317545140473241,0.08021546578553723,3.0,0.48353552859618715,0.7929067883773834,Surv-VAE
0.0064614434423762405,0.9478493776587364,0.009696474049415472,0.7342235838602438,0.08114249554752725,5.0,0.4436741767764298,0.7898130999136174,Surv-VAE
0.007478006311376199,0.9431227351504649,0.013248148321715857,0.7212360341568347,0.07375319812746815,5.0,0.48180242634315423,0.7957540641871134,Surv-VAE
0.006327006276872395,0.9481644871592878,0.011285327805372435,0.7225658040544944,0.06875823029051721,4.0,0.49220103986135183,0.790125315375169,Surv-VAE
0.006072209734097117,0.9467464944068064,0.01877189225103243,0.7093558438172218,0.07050946027063545,4.0,0.4592720970537262,0.7979387995582601,Surv-VAE
0.0070406942124185655,0.9443831731526706,0.010931318313699541,0.7319973926080439,0.07297094629799991,5.0,0.4800693240901213,0.7803507199884901,Surv-VAE
0.006911687512347179,0.9487947061603909,0.028583761446810803,0.747331725441627,0.0709870612900439,5.0,0.47660311958405543,0.7970059589612537,Surv-VAE
0.006758321221889782,0.9478493776587363,0.011153784183586563,0.7065123525193925,0.07260376134121477,3.0,0.4731369150779896,0.8087116292829627,Surv-VAE
0.006508982324742363,0.9451709469040491,0.011741116454889566,0.7422810768528779,0.07010426686890125,6.0,0.5008665511265165,0.8157521353392153,Surv-VAE
0.007140891389486218,0.937923428391366,0.015073907652358701,0.7172125676292288,0.06654328982836759,3.0,0.49393414211438474,0.7985723648518693,Surv-VAE
0.006602803270586762,0.9458011659051521,0.020303912819782048,0.7283856332703214,0.07302419412823452,7.0,0.4696707105719237,0.7785418384792991,Surv-VAE
0.006810620125673888,0.9495824799117693,0.016265725457412495,0.6932322534384981,0.06860708380113674,6.0,0.49393414211438474,0.7711156808603223,Surv-VAE
0.00704221022130672,0.9418622971482591,0.00951934782225549,0.7333621015579167,0.07109066496647146,1.0,0.49566724436741766,0.7893860284942142,Surv-VAE
0.006686483266954781,0.9440680636521193,0.013072164166470014,0.7559547617495601,0.07781962760191388,4.0,0.4558058925476603,0.7956164311585572,Surv-VAE
0.006729790976932704,0.9450133921537734,0.008298072609302487,0.7425495078547681,0.0717358784569317,5.0,0.49220103986135183,0.7797297877013473,Surv-VAE
0.0060733358766170776,0.9464313849062549,0.010022614167230446,0.7290801121178542,0.07575469801371557,6.0,0.48700173310225303,0.7859523485615941,Surv-VAE
0.006353502328940092,0.9483220419095637,0.014224020102998962,0.7130211850596442,0.07227036306707685,6.0,0.49393414211438474,0.803675255110824,Surv-VAE
0.005740430957851173,0.9473767134079093,0.011914944007005502,0.7485054429307085,0.07122777637399956,7.0,0.4800693240901213,0.7817083678965359,Surv-VAE
0.007259807023916706,0.9435953994012919,0.01581331056062666,0.7444532950915846,0.07523440155145054,4.0,0.462738301559792,0.7982552963898439,Surv-VAE
0.006718633669683782,0.9439105089018436,0.012579058686027215,0.7028391891011017,0.07054690866828002,4.0,0.4610051993067591,0.7920291292211709,Surv-VAE
0.006022523474149047,0.9462738301559792,0.015429735248076918,0.7304083175803402,0.07477458069460541,7.0,0.4679376083188908,0.7946363061357653,Surv-VAE
0.005772530286299483,0.9563573341736255,0.015144085981723768,0.7285781891662865,0.09395852190153119,2.0,0.4540727902946274,0.811570357626244,HI-VAE_weibull_diffusion
0.005588634196342812,0.955412005671971,0.022172459284117405,0.7138369076331399,0.08531734455117357,1.0,0.4488734835355286,0.807863414102228,HI-VAE_weibull_diffusion
0.007256635569717301,0.9451709469040493,0.015018584476046218,0.6995292353823087,0.12514104560212175,3.0,0.4679376083188908,0.8104016800935196,HI-VAE_weibull_diffusion
0.005777226500635845,0.9576177721758312,0.021753926212776522,0.7008614823023271,0.0763933157608576,1.0,0.48180242634315423,0.7925249199466863,HI-VAE_weibull_diffusion
0.005657241852353905,0.958247991176934,0.01336478688149321,0.7108082915064207,0.09986585081002111,3.0,0.4783362218370884,0.8069327730058765,HI-VAE_weibull_diffusion
0.007146240362449949,0.946904049157082,0.015723410033696233,0.7053345935727788,0.1197753813171267,3.0,0.43154246100519933,0.8137990311417773,HI-VAE_weibull_diffusion
0.006789244834898031,0.9541515676697653,0.03845177256920979,0.7292356430480412,0.10806197759210374,2.0,0.4540727902946274,0.8004048002789127,HI-VAE_weibull_diffusion
0.006365772229216529,0.954309122420041,0.021693672573763544,0.7285098754970342,0.09019645696714693,2.0,0.4679376083188908,0.8185146712143453,HI-VAE_weibull_diffusion
0.005950713780420036,0.9530486844178353,0.011446678101393338,0.7473724007561436,0.11780157168123861,1.0,0.44020797227036396,0.8091886436650226,HI-VAE_weibull_diffusion
0.0067733356183491515,0.9505278084134239,0.01378614711987849,0.7273658822762531,0.09952531927897977,2.0,0.4731369150779896,0.7969928626685556,HI-VAE_weibull_diffusion
0.005953954143587874,0.9579328816763826,0.008860334681826383,0.7100423701192883,0.11576746735177533,2.0,0.43154246100519933,0.8093388573698991,HI-VAE_weibull_diffusion
0.006799634861467655,0.9459587206554277,0.03163232919894254,0.7038057492992634,0.11284566536794016,2.0,0.4488734835355286,0.8101587199068198,HI-VAE_weibull_diffusion
0.005124774819390627,0.9606113124310699,0.015280472231645293,0.7059548921191577,0.11270890702166177,1.0,0.4783362218370884,0.8110519005727632,HI-VAE_weibull_diffusion
0.006800879416919395,0.9530486844178352,0.021131871790291173,0.720232970471286,0.12177346916102517,3.0,0.43674176776429807,0.7968731090042661,HI-VAE_weibull_diffusion
0.006731303053815981,0.9511580274145264,0.018431357394744784,0.7202888990287465,0.10228499809909153,6.0,0.42807625649913345,0.801503638210872,HI-VAE_weibull_diffusion
0.005647188542964899,0.955412005671971,0.019603300163061502,0.7226197770679877,0.14190143392733556,1.0,0.4696707105719237,0.8120196206123524,HI-VAE_weibull_diffusion
0.0065683743378989025,0.9527335749172838,0.01485894754661713,0.6955184147056906,0.11840556282343283,4.0,0.464471403812825,0.8143460254559723,HI-VAE_weibull_diffusion
0.006625263796320063,0.9533637939183867,0.02461157491710965,0.7147978619385958,0.08729247658934149,3.0,0.4610051993067591,0.8092364490512568,HI-VAE_weibull_diffusion
0.006630886321979943,0.9498975894123208,0.01574948495339674,0.7242890293983443,0.1464820870535651,4.0,0.4783362218370884,0.8129913944940759,HI-VAE_weibull_diffusion
0.005938809801339062,0.953206239168111,0.014875072674546441,0.7197768072485496,0.1186628936778225,3.0,0.42980935875216636,0.8162438800518698,HI-VAE_weibull_diffusion
0.006232196048402535,0.9573026626752796,0.014076748461498,0.7222510918453817,0.09224277331416075,1.0,0.45233968804159447,0.8029717894496317,HI-VAE_weibull_diffusion
0.005717148359444036,0.9573026626752796,0.02216594389671365,0.703537318297373,0.13860553106725862,3.0,0.4592720970537262,0.8031001821210788,HI-VAE_weibull_diffusion
0.005472414547464731,0.9582479911769339,0.017541751667103343,0.7033287269408774,0.10979841678015675,1.0,0.4540727902946274,0.8178760908990362,HI-VAE_weibull_diffusion
0.006988741276828661,0.9467464944068062,0.017024147945700806,0.7086603220129065,0.13291931407085317,2.0,0.4436741767764298,0.8065094727907092,HI-VAE_weibull_diffusion
0.00714243605156443,0.9448558374034978,0.030655159673235396,0.6911962714295026,0.0904777514095002,4.0,0.48873483535528595,0.8221556940812955,HI-VAE_weibull_diffusion
0.005955292905271178,0.9573026626752796,0.01752259192458565,0.7037712013558439,0.10807167024865565,7.0,0.4540727902946274,0.8262060734522509,HI-VAE_weibull_diffusion
0.005495985475009263,0.957145107925004,0.01776181301768524,0.7000102991982271,0.16058732493802189,4.0,0.462738301559792,0.816900809863459,HI-VAE_weibull_diffusion
0.006254396385730474,0.9532062391681109,0.012912487256224537,0.7205294309367055,0.12765846476614118,2.0,0.4436741767764298,0.8037785053692604,HI-VAE_weibull_diffusion
0.00602027575011995,0.9568299984244525,0.015146931672752353,0.7127934293722704,0.09745770245569323,2.0,0.4696707105719237,0.8111814494559008,HI-VAE_weibull_diffusion
0.006927855508680267,0.9487947061603907,0.018452120175277028,0.6944946222540904,0.14345119091337674,3.0,0.43674176776429807,0.8160902740050365,HI-VAE_weibull_diffusion
0.0055621869957678816,0.9546242319205923,0.014759348143276731,0.7211950981031224,0.11508247749481211,1.0,0.42287694974003465,0.8163579575169231,HI-VAE_weibull_diffusion
0.006068248658408315,0.9489522609106665,0.01484418776318173,0.7332555895965062,0.1582254559395888,3.0,0.43500866551126516,0.820247235269,HI-VAE_weibull_diffusion
0.0060391565365117885,0.9535213486686623,0.02648286868772817,0.7051894922104166,0.09840350263979804,5.0,0.48180242634315423,0.8054625398600668,HI-VAE_weibull_diffusion
0.006874315676847939,0.9511580274145266,0.015950278928096452,0.7352069617365231,0.1089155920743296,4.0,0.43847487001733104,0.8150817274041043,HI-VAE_weibull_diffusion
0.007022796426908079,0.9522609106664567,0.015802860434948374,0.7212815331464701,0.13830429281169176,3.0,0.47660311958405543,0.8074870855869987,HI-VAE_weibull_diffusion
0.00670175318758646,0.9478493776587363,0.013368886104714883,0.7340018251743693,0.08292673299822849,1.0,0.44540727902946275,0.8101625776394918,HI-VAE_weibull_diffusion
0.005590059987083499,0.9596659839294154,0.020861667514665238,0.7105603285313866,0.09683725937907724,5.0,0.4783362218370884,0.8080102207432233,HI-VAE_weibull_diffusion
0.006287049003790749,0.9527335749172837,0.03118141389584924,0.719298090085392,0.17613999400352567,4.0,0.4558058925476603,0.807947670176354,HI-VAE_weibull_diffusion
0.006112816191837748,0.9513155821648023,0.028473092959140713,0.7135254546639723,0.10215256999756481,3.0,0.4731369150779896,0.8055139274389937,HI-VAE_weibull_diffusion
0.006479590985876821,0.9579328816763826,0.025628875122315646,0.722538817547748,0.12265522968716025,1.0,0.462738301559792,0.7992424499254996,HI-VAE_weibull_diffusion
0.006515682757751758,0.950370253663148,0.029900323849212446,0.7128960302457468,0.11575151360123292,2.0,0.4679376083188908,0.8073069228925218,HI-VAE_weibull_diffusion
0.006100466758980769,0.9541515676697653,0.017937814287600787,0.7223844599439411,0.09527351229206385,4.0,0.462738301559792,0.8132960747688787,HI-VAE_weibull_diffusion
0.0062412286122456445,0.9561997794233495,0.013651525224749515,0.7206699693631444,0.07813182532094969,1.0,0.43500866551126516,0.8135329340375345,HI-VAE_weibull_diffusion
0.006707073619824466,0.9535213486686623,0.017376202911139827,0.7307128609608239,0.10179451273108132,2.0,0.44020797227036396,0.8062726347834327,HI-VAE_weibull_diffusion
0.006454729649384357,0.9498975894123208,0.037490455953150426,0.7153793103448276,0.07999064546392667,1.0,0.464471403812825,0.804068193445101,HI-VAE_weibull_diffusion
0.006292974562551754,0.9546242319205924,0.027467596319653058,0.6990524737631185,0.11536213495095698,2.0,0.47660311958405543,0.8099773261475306,HI-VAE_weibull_diffusion
0.005862361405536785,0.9502126989128722,0.026985525029825926,0.7381504465158726,0.09317096836468301,1.0,0.4436741767764298,0.8177562488555513,HI-VAE_weibull_diffusion
0.007152215583152916,0.9478493776587363,0.034823826742773,0.707229646046542,0.09818951001392763,1.0,0.43847487001733104,0.8164207378298252,HI-VAE_weibull_diffusion
0.005596993730759685,0.9547817866708681,0.014197081810762301,0.7096921973795711,0.12824588195043327,5.0,0.42980935875216636,0.8057409320746849,HI-VAE_weibull_diffusion
0.005996642280964379,0.9563573341736255,0.01689075098598977,0.710356430480412,0.0897113507664862,1.0,0.4800693240901213,0.8029777777543221,HI-VAE_weibull_diffusion
0.0049472463601457715,0.9587206554277611,0.01591384672572276,0.7219680594485367,0.12004488048676701,3.0,0.4748700173310225,0.8250975524496075,HI-VAE_weibull_diffusion
0.005758450093185278,0.9547817866708681,0.020424418002029626,0.708557851509028,0.0928366878707497,1.0,0.4800693240901213,0.8088907517856747,HI-VAE_weibull_diffusion
0.006304751623712742,0.9538364581692137,0.01886807016230017,0.7329785542011603,0.0755578958460284,2.0,0.43674176776429807,0.810972670736942,HI-VAE_weibull_diffusion
0.006532398339713511,0.950370253663148,0.02346079129696801,0.7136052408578321,0.10126823214637475,2.0,0.4592720970537262,0.8151896467636538,HI-VAE_weibull_diffusion
0.00643706707343365,0.9527335749172837,0.028228992782420914,0.7289157160550159,0.12166102698172442,4.0,0.43674176776429807,0.7931189414811953,HI-VAE_weibull_diffusion
0.007050308220679094,0.9539940129194896,0.017567436196372556,0.7133166025682811,0.11199720965498043,1.0,0.42287694974003465,0.8132950310348384,HI-VAE_weibull_diffusion
0.007137998622518943,0.9506853631636993,0.016362962385655648,0.7213819177367837,0.08537101312423945,2.0,0.43847487001733104,0.7997733823827764,HI-VAE_weibull_diffusion
0.006824695515377335,0.9524184654167325,0.012158957346371466,0.7214284596832019,0.10967419631665011,3.0,0.47660311958405543,0.8179265514031483,HI-VAE_weibull_diffusion
0.0061389245939532135,0.9519458011659053,0.019351268407197565,0.7082560458900986,0.1128245123621866,5.0,0.44540727902946275,0.8017908719849075,HI-VAE_weibull_diffusion
0.006341972925981679,0.9497400346620452,0.02272817542928237,0.7090748973339418,0.10909147066992085,3.0,0.45753899480069327,0.8040285858088256,HI-VAE_weibull_diffusion
0.006885217032958171,0.950370253663148,0.01628877870340201,0.6979003976272733,0.09890005139610764,1.0,0.4610051993067591,0.8038526699446639,HI-VAE_weibull_diffusion
0.006246175870023782,0.9528911296675595,0.017848792855214332,0.73146131282185,0.14650538106395947,4.0,0.42634315424610053,0.8111567121353045,HI-VAE_weibull_diffusion
0.006041808716549687,0.9522609106664567,0.01930112335172767,0.7054435825565479,0.10428464803569686,2.0,0.4540727902946274,0.8143323893693998,HI-VAE_weibull_diffusion
0.005954121520688142,0.9505278084134237,0.020818702309814877,0.7185114399322078,0.10132790336500339,2.0,0.42287694974003465,0.814791972298784,HI-VAE_weibull_diffusion
0.006933203045201789,0.9516306916653537,0.023278350201617365,0.7041217652043543,0.1196980746082953,5.0,0.4540727902946274,0.8149155246269394,HI-VAE_weibull_diffusion
0.007086654064298151,0.9489522609106664,0.015698255233441247,0.7045178280425004,0.16924760777312003,4.0,0.4592720970537262,0.800791490927921,HI-VAE_weibull_diffusion
0.007671534117907878,0.9473767134079093,0.01786871122104348,0.7146159963496512,0.14152005170255472,3.0,0.4506065857885615,0.8088834107092081,HI-VAE_weibull_diffusion
0.006579097641624321,0.9478493776587364,0.023437843843152163,0.7101529235382309,0.1423403891149931,3.0,0.4714038128249567,0.8133574775934744,HI-VAE_weibull_diffusion
0.006566102034213362,0.953206239168111,0.03409992702306009,0.7127535362753405,0.09409439150862833,2.0,0.4679376083188908,0.8166625253321783,HI-VAE_weibull_diffusion
0.005706307057179443,0.9555695604222467,0.015138796353598813,0.7094976859396388,0.1059759380586609,1.0,0.4748700173310225,0.8128685085192068,HI-VAE_weibull_diffusion
0.0071673428563209666,0.9492673704112179,0.0394361342415917,0.7126313799621928,0.10901738858117123,1.0,0.4800693240901213,0.8120888474704803,HI-VAE_weibull_diffusion
0.006006983521512074,0.9539940129194896,0.026526735352549555,0.7599093931295221,0.09563715401276911,1.0,0.4731369150779896,0.7994974744647856,HI-VAE_weibull_diffusion
0.006165400694868325,0.9546242319205923,0.014472347698856323,0.7007923864154878,0.09470103019894408,2.0,0.4783362218370884,0.8162809822266548,HI-VAE_weibull_diffusion
0.007216004732018179,0.9459587206554277,0.010195294701613785,0.7388269343589076,0.10539425774050667,3.0,0.42807625649913345,0.8135898516625484,HI-VAE_weibull_diffusion
0.006416537134334452,0.9517882464156294,0.01887103459134807,0.7333143862851184,0.1466648781722066,5.0,0.4506065857885615,0.809911650717123,HI-VAE_weibull_diffusion
0.0052876350414529675,0.9550968961714195,0.01576705165756483,0.7213166025682811,0.07181201157871783,3.0,0.4800693240901213,0.8081355803280111,HI-VAE_weibull_diffusion
0.007213633643836375,0.9502126989128722,0.030536395547459988,0.7199607587510592,0.12492125914083377,3.0,0.44540727902946275,0.8158711608620962,HI-VAE_weibull_diffusion
0.006470998053438362,0.950370253663148,0.03675729121963745,0.6890584707646178,0.10474454389620519,1.0,0.45753899480069327,0.8162675962511223,HI-VAE_weibull_diffusion
0.007284861914949478,0.9525760201670082,0.022809258084815535,0.6923357017143601,0.1331306929013333,4.0,0.4610051993067591,0.8112472686149836,HI-VAE_weibull_diffusion
0.007582030810076078,0.9465889396565307,0.02758975404957034,0.7384449514373249,0.12178910013175008,2.0,0.4436741767764298,0.8212798957732044,HI-VAE_weibull_diffusion
0.005001408804267771,0.9593508744288641,0.03298121333273067,0.7093348543119744,0.10242173187640055,2.0,0.44194107452339687,0.8177878502909323,HI-VAE_weibull_diffusion
0.006333201110240632,0.9498975894123208,0.021610486710599307,0.6973690111466007,0.13197187522653012,1.0,0.47660311958405543,0.8094250118569083,HI-VAE_weibull_diffusion
0.005489653558690528,0.958878210178037,0.01904282200481772,0.7084860178606348,0.14386072470763325,7.0,0.49393414211438474,0.8163551001403138,HI-VAE_weibull_diffusion
0.0067265595491231185,0.9464313849062549,0.012356866529410915,0.7178395150250962,0.09411039153912076,2.0,0.44020797227036396,0.8102214445266019,HI-VAE_weibull_diffusion
0.0071525069764945765,0.9472191586576336,0.02693009471436373,0.7132326445472914,0.1528038411841435,3.0,0.49740034662045063,0.7990554344427403,HI-VAE_weibull_diffusion
0.006701261449247225,0.9514731369150781,0.022742756973214213,0.7227617495600025,0.10854878104480647,4.0,0.44714038128249567,0.8048143259506878,HI-VAE_weibull_diffusion
0.00625473525478543,0.9473767134079093,0.018885654956142042,0.712926015253243,0.09408095341995046,2.0,0.42287694974003465,0.8273593347968565,HI-VAE_weibull_diffusion
0.0061443290538964026,0.9535213486686623,0.023600672349777876,0.7267304608565281,0.1285718927209901,2.0,0.44540727902946275,0.8013828916408384,HI-VAE_weibull_diffusion
0.007020833168930926,0.9439105089018434,0.03571931454247195,0.7057069291441236,0.14549327537042603,3.0,0.4679376083188908,0.8132473241123468,HI-VAE_weibull_diffusion
0.007373825786533084,0.9450133921537734,0.016894459495986176,0.7258900984290464,0.11207672884240957,2.0,0.49220103986135183,0.8125814179658927,HI-VAE_weibull_diffusion
0.006601412421736485,0.9458011659051521,0.011341691237549054,0.7272439867023011,0.0846479038418308,1.0,0.43674176776429807,0.8145684345090353,HI-VAE_weibull_diffusion
0.007194847139716379,0.9486371514101151,0.02450499772767009,0.7113020011733264,0.09213729494569067,3.0,0.4610051993067591,0.8097969003756609,HI-VAE_weibull_diffusion
0.006263716319302564,0.950370253663148,0.012008097082661767,0.7343250114073397,0.0964267898187193,3.0,0.48700173310225303,0.8021052413184276,HI-VAE_weibull_diffusion
0.00786478828472862,0.9451709469040493,0.027593756336778918,0.7301660908676096,0.09698633138596326,2.0,0.4540727902946274,0.8022729961332223,HI-VAE_weibull_diffusion
0.00675150993478203,0.9506853631636993,0.02670702628311674,0.7251254155530931,0.10570281142285531,3.0,0.44540727902946275,0.7992653453972303,HI-VAE_weibull_diffusion
0.0069884638193583514,0.948006932409012,0.021232738189227558,0.7255164591617235,0.10742142050903264,3.0,0.43847487001733104,0.8182136571686874,HI-VAE_weibull_diffusion
0.00623787806638936,0.953678903418938,0.031646998912895116,0.7149683853725312,0.09387948971676559,4.0,0.44540727902946275,0.8075770119690859,HI-VAE_weibull_diffusion
0.005583893109962285,0.9565148889239011,0.012383428654971282,0.6709825956586923,0.09053260342185741,2.0,0.43327556325823224,0.800468613949775,HI-VAE_weibull_diffusion
0.006813396252604786,0.9502126989128722,0.022134099222840032,0.7283939769245812,0.08289110892401319,1.0,0.43154246100519933,0.8130767164515863,HI-VAE_weibull_diffusion
0.006418304228408614,0.9454860564046005,0.03071513075622888,0.7122510918453816,0.17404556412495997,4.0,0.45753899480069327,0.8118003939887419,HI-VAE_weibull_diffusion
0.006679511866820995,0.9522609106664567,0.013526978755081812,0.7253074766964345,0.11161598444241294,3.0,0.44714038128249567,0.8081564839369045,HI-VAE_weibull_diffusion
0.006378025914119592,0.9513155821648023,0.018814937903216516,0.6880400234665276,0.12292126564643871,2.0,0.4558058925476603,0.8081710303344238,HI-VAE_weibull_diffusion
0.005211368941843686,0.958247991176934,0.020034305763985766,0.7013708363209699,0.12280649945874175,2.0,0.48353552859618715,0.8083096531644536,HI-VAE_weibull_diffusion
0.006658700912854878,0.9511580274145266,0.021694223773480664,0.7410048888599179,0.12507489642234348,3.0,0.4558058925476603,0.8138057833312983,HI-VAE_weibull_diffusion
0.006382043824014256,0.9533637939183865,0.017621318590558724,0.7140688351476434,0.08142113858662879,2.0,0.4592720970537262,0.7998293053398737,HI-VAE_weibull_diffusion
0.0071646715465330585,0.9494249251614935,0.033647969923331265,0.737065901831693,0.12220384225652574,4.0,0.45753899480069327,0.8107369125276416,HI-VAE_weibull_diffusion
0.006176508647059745,0.9550968961714195,0.01708503645641608,0.7225731047519718,0.13294937845993,2.0,0.48180242634315423,0.8096414014413702,HI-VAE_weibull_diffusion
0.006220068901089138,0.9566724436741768,0.016054332490803524,0.7194736979336419,0.09971842860473025,1.0,0.4592720970537262,0.8197995345401744,HI-VAE_weibull_diffusion
0.006274011114567901,0.9510004726642507,0.020237438278830396,0.7160401538361254,0.08269400128512035,4.0,0.43847487001733104,0.8134311090645137,HI-VAE_weibull_diffusion
0.005523986625316874,0.9544666771703167,0.024905171413893246,0.7000501922951569,0.08508343944866477,6.0,0.44540727902946275,0.8132778672466358,HI-VAE_weibull_diffusion
0.006086709306741416,0.9492673704112179,0.021312312885209524,0.7028725637181409,0.0856964362322295,3.0,0.45233968804159447,0.816596835213124,HI-VAE_weibull_diffusion
0.007499131494594847,0.9448558374034978,0.03582974731413192,0.7369110227494948,0.15256017950910017,2.0,0.4714038128249567,0.8160704339993322,HI-VAE_weibull_diffusion
0.006419839990408715,0.9541515676697653,0.03689848040573072,0.7143186232970471,0.10429999323089205,2.0,0.4696707105719237,0.8228974562169754,HI-VAE_weibull_diffusion
0.00692398693500125,0.9458011659051521,0.0348363885124479,0.7430960172087869,0.10561080812445528,1.0,0.462738301559792,0.8003157688640261,HI-VAE_weibull_diffusion
0.005482675352346495,0.9573026626752796,0.03152478828639816,0.7155464441692196,0.10100979615522927,5.0,0.4731369150779896,0.8145326841087095,HI-VAE_weibull_diffusion
0.008229477762632022,0.9440680636521193,0.01830275874961352,0.7173773548008604,0.1102881895481498,3.0,0.42287694974003465,0.806058735583106,HI-VAE_weibull_diffusion
0.005799817303111223,0.9550968961714195,0.025729376798487733,0.6939189101101624,0.12375391808988642,2.0,0.44194107452339687,0.8107497002793683,HI-VAE_weibull_diffusion
0.006386614779965923,0.9544666771703166,0.010867651098991673,0.7280491493383743,0.09646787996147878,2.0,0.4679376083188908,0.8043752039723008,HI-VAE_weibull_diffusion
0.006164256406067551,0.9539940129194894,0.016493889202671343,0.7307330682484844,0.1601264364619219,3.0,0.43154246100519933,0.8137118570129566,HI-VAE_weibull_diffusion
0.007121149255636696,0.9528911296675595,0.017285811414753962,0.6947736131934034,0.09898679492359055,1.0,0.4558058925476603,0.8130315011361536,HI-VAE_weibull_diffusion
0.005176749139081197,0.9554120056719708,0.01953673537851757,0.706974643113226,0.12071367879510399,1.0,0.45233968804159447,0.8057223190222784,HI-VAE_weibull_diffusion
0.008011501900082473,0.9440680636521193,0.0258953495873175,0.7122587836516525,0.10914218298648953,3.0,0.4662045060658579,0.8103341010765794,HI-VAE_weibull_diffusion
0.006223596506215886,0.9538364581692139,0.021763456304262966,0.7226806596701649,0.10466753626565062,2.0,0.4506065857885615,0.7941600927701742,HI-VAE_weibull_diffusion
0.005928797906661132,0.957145107925004,0.018245302363450688,0.7031799752297763,0.10139518162102484,1.0,0.47660311958405543,0.8189638047394567,HI-VAE_weibull_diffusion
0.007589201243181216,0.945328501654325,0.02230165163393734,0.7275863372661495,0.10823479507329052,2.0,0.43154246100519933,0.8059579460921883,HI-VAE_weibull_diffusion
0.006242659256425912,0.9494249251614938,0.014591502120844762,0.730186428524868,0.10774552657609184,2.0,0.4904679376083189,0.7986792085977583,HI-VAE_weibull_diffusion
0.006106630436128532,0.955412005671971,0.01702795552799719,0.7045961801707842,0.08101183307695958,3.0,0.44020797227036396,0.813549672217547,HI-VAE_weibull_diffusion
0.007393214722116681,0.9495824799117693,0.013232391457293198,0.7058679355974187,0.12040241587662344,2.0,0.42114384748700173,0.7919202603309492,HI-VAE_weibull_diffusion
0.007159786047442603,0.9456436111548764,0.02846613599001231,0.6862971123134086,0.13623942221697957,4.0,0.4488734835355286,0.8064827716868663,HI-VAE_weibull_diffusion
0.006418195441837063,0.9528911296675595,0.012022865714054845,0.7085711492080047,0.10922748238260514,2.0,0.44194107452339687,0.7966020873396684,HI-VAE_weibull_diffusion
0.00632926783344381,0.9558846699227982,0.01948230484311524,0.7282323186232971,0.12584260409537998,1.0,0.462738301559792,0.8097150146319693,HI-VAE_weibull_diffusion
0.0061309113735642405,0.952576020167008,0.02068290063639939,0.7135689981096408,0.10578989268437061,4.0,0.4714038128249567,0.8168512431200649,HI-VAE_weibull_diffusion
0.006266434682158744,0.9481644871592878,0.021395594177912536,0.6916736848966821,0.08556615694503254,2.0,0.4696707105719237,0.8112787683483166,HI-VAE_weibull_diffusion
0.005442034591857338,0.954939341421144,0.019159131674442595,0.7210522130239229,0.1140845820470512,1.0,0.4592720970537262,0.7956627404485199,HI-VAE_weibull_diffusion
0.006209572724892406,0.9557271151725224,0.021175407043975348,0.7153567564044065,0.19272667942743524,5.0,0.4748700173310225,0.8136824878151537,HI-VAE_weibull_diffusion
0.005984185750293833,0.9498975894123208,0.02739041575233992,0.7145645003585164,0.10943714412822622,2.0,0.464471403812825,0.8050595564181215,HI-VAE_weibull_diffusion
0.00699126634099442,0.9494249251614936,0.011596241472444932,0.7194657453881754,0.0998742501593411,5.0,0.45753899480069327,0.8083859006130746,HI-VAE_weibull_diffusion
0.005860785577640432,0.9558846699227982,0.018507290275811616,0.6936633856984551,0.10057084413473735,3.0,0.4662045060658579,0.8071749839541715,HI-VAE_weibull_diffusion
0.006455048680182615,0.9535213486686626,0.03778472417068935,0.6912793168633075,0.12554644558509062,1.0,0.4748700173310225,0.8035174466084062,HI-VAE_weibull_diffusion
0.005972354185744489,0.9546242319205923,0.022554969266420012,0.7029962844664625,0.13688258244408089,2.0,0.45233968804159447,0.8135319676548352,HI-VAE_weibull_diffusion
0.00544797550458372,0.9574602174255553,0.02260754540719098,0.6983611237859331,0.13042007626716753,4.0,0.4696707105719237,0.8100181007998825,HI-VAE_weibull_diffusion
0.005525774878709953,0.9549393414211438,0.012413773655434751,0.7064648979857897,0.11033962386535018,2.0,0.49220103986135183,0.8035671438066389,HI-VAE_weibull_diffusion
0.006028983224253852,0.9554120056719708,0.015693960194823504,0.6969228863828955,0.1065652070158191,3.0,0.43327556325823224,0.8140049814767176,HI-VAE_weibull_diffusion
0.007187017409357793,0.9489522609106664,0.026402578118441735,0.7026614953392869,0.13814768729252577,2.0,0.4246100519930676,0.8049548253914101,HI-VAE_weibull_diffusion
0.006554970851539791,0.9513155821648023,0.01613033752758481,0.7317326119548921,0.12461943960360275,4.0,0.44020797227036396,0.8049157315697127,HI-VAE_weibull_diffusion
0.005661426181462211,0.9555695604222467,0.011436129004181603,0.6877096669056777,0.09916334352178091,2.0,0.4748700173310225,0.7986167446321593,HI-VAE_weibull_diffusion
0.0056198381407660146,0.9555695604222467,0.01983623487969724,0.719306303370054,0.10001749744788588,1.0,0.4748700173310225,0.8015220672845624,HI-VAE_weibull_diffusion
0.006697463672809781,0.9533637939183867,0.021826436001697303,0.7147149468743889,0.11206710888859138,2.0,0.4436741767764298,0.8106078158083949,HI-VAE_weibull_diffusion
0.006520440149565713,0.9538364581692139,0.016611832133552835,0.7075705625448145,0.09936400790634536,1.0,0.45233968804159447,0.8100783548413913,HI-VAE_weibull_diffusion
0.0063491058572938885,0.9539940129194896,0.025225481871671767,0.7108414053842644,0.16255486931734997,3.0,0.42807625649913345,0.8190440294808078,HI-VAE_weibull_diffusion
0.007294067525418672,0.9464313849062549,0.021396977000044972,0.731355061599635,0.1048921932780065,2.0,0.4488734835355286,0.8116305640661341,HI-VAE_weibull_diffusion
0.006068739584532994,0.9574602174255555,0.026480950186205204,0.6879863111922299,0.09800628071468184,2.0,0.4679376083188908,0.8085142129988114,HI-VAE_weibull_diffusion
0.006086786372289354,0.9555695604222467,0.018854177475247,0.7138513786584968,0.13370120394984836,3.0,0.45233968804159447,0.8096431695723809,HI-VAE_weibull_diffusion
0.00695246610711383,0.9494249251614936,0.01900909178122722,0.7234242878560718,0.10300180062261613,2.0,0.4800693240901213,0.8129373197851352,HI-VAE_weibull_diffusion
0.005818323614549453,0.9550968961714195,0.028084962162452286,0.69236607783065,0.11843396446810459,2.0,0.4662045060658579,0.8048448680983752,HI-VAE_weibull_diffusion
0.007486495502538427,0.9462738301559793,0.030848506366888042,0.7459986963040219,0.08441837854054574,2.0,0.4506065857885615,0.7985237376384946,HI-VAE_weibull_diffusion
0.005850307057088559,0.954309122420041,0.019871312077022713,0.7154246789648655,0.11854972589479992,4.0,0.4436741767764298,0.800461895440365,HI-VAE_weibull_diffusion
0.006523070437724748,0.9511580274145266,0.01886958025164042,0.717686070008474,0.07434163121490109,1.0,0.3968804159445407,0.8111638393462024,HI-VAE_weibull_diffusion
0.007785885925747341,0.9480069324090121,0.03017316640253567,0.7447030832409881,0.09085186722522572,1.0,0.42807625649913345,0.8086620869216045,HI-VAE_weibull_diffusion
0.007060977099370808,0.9502126989128723,0.026643475055157885,0.7220554070790692,0.11718915906452036,5.0,0.4558058925476603,0.8106863930839237,HI-VAE_weibull_diffusion
0.006372929922596133,0.9552544509216954,0.019602818071112162,0.7153431979662341,0.0853206517267948,5.0,0.4662045060658579,0.8057036421895627,HI-VAE_weibull_diffusion
0.00657853070088057,0.9476918229084608,0.021791373675167217,0.6933093018708038,0.085313708326026,2.0,0.4246100519930676,0.8163128856703188,HI-VAE_weibull_diffusion
0.006678296489382077,0.9492673704112179,0.014060484553744292,0.7051548138973992,0.12035784669057079,2.0,0.4540727902946274,0.7965300534337425,HI-VAE_weibull_diffusion
0.005810684537345876,0.9544666771703167,0.026632281419834085,0.696791604197901,0.10019552043081564,1.0,0.4540727902946274,0.8151298263415727,HI-VAE_weibull_diffusion
0.005977463335447089,0.9555695604222467,0.022493980242482517,0.7026686656671665,0.09981480582470298,1.0,0.45233968804159447,0.8091049576083431,HI-VAE_weibull_diffusion
0.006011191840931628,0.9535213486686626,0.01800170569703951,0.7477727657910176,0.08244733700083579,2.0,0.44540727902946275,0.8155884607452226,HI-VAE_weibull_diffusion
0.007403948137408533,0.9498975894123208,0.034839043787260285,0.6995111140082134,0.1215579628542049,4.0,0.48873483535528595,0.8193476705948097,HI-VAE_weibull_diffusion
0.0059464786101330715,0.958247991176934,0.020222535134506697,0.7301714360211198,0.08857793966169586,6.0,0.4436741767764298,0.8054585302274734,HI-VAE_weibull_diffusion
0.00700574080615585,0.9500551441625966,0.01757847634895819,0.7433063033700542,0.14930812186943007,3.0,0.4090121317157712,0.8113207911018897,HI-VAE_weibull_diffusion
0.0056565821125472504,0.9554120056719708,0.013335476192323302,0.6912592399452447,0.09169081640575158,3.0,0.41767764298093585,0.8056786680664385,HI-VAE_weibull_diffusion
0.006057920919011629,0.9588782101780368,0.01993463495819631,0.7352997848901637,0.11444111271288991,3.0,0.42287694974003465,0.8025683315472104,HI-VAE_weibull_diffusion
0.00609458467070682,0.9528911296675595,0.03219308159749359,0.7581278925754513,0.12559958717434197,2.0,0.47660311958405543,0.8076970661205892,HI-VAE_weibull_diffusion
0.006790705745316927,0.9525760201670082,0.02055157823454664,0.7075610455641744,0.08753658714109944,1.0,0.4714038128249567,0.8171445884808529,HI-VAE_weibull_diffusion
0.00660854216864234,0.9528911296675595,0.03937578626235646,0.7400803076722509,0.09857866433081473,2.0,0.4592720970537262,0.812037091015801,HI-VAE_weibull_diffusion
0.005800722644965783,0.957617772175831,0.016831829707023162,0.69080059970015,0.11100631755131848,2.0,0.44714038128249567,0.8127145492938611,HI-VAE_weibull_diffusion
0.005796667086483246,0.9565148889239011,0.010382968365841266,0.7032278860569716,0.09807346639674433,2.0,0.4540727902946274,0.8171866631616047,HI-VAE_weibull_diffusion
0.006118293183955261,0.953678903418938,0.012463738196586483,0.7343360928231536,0.11401507183510605,2.0,0.44540727902946275,0.8083205728538212,HI-VAE_weibull_diffusion
0.006863389497436368,0.9524184654167325,0.023150917100480412,0.7332339482432697,0.12641551288915942,3.0,0.41594454072790293,0.7992168217246652,HI-VAE_weibull_diffusion
0.007222728939032463,0.9528911296675595,0.02332199443523681,0.6917326119548921,0.10316917657811851,3.0,0.45233968804159447,0.8017779056282299,HI-VAE_weibull_diffusion
0.006904781620541097,0.953206239168111,0.020388121436637326,0.7120411967929079,0.09553243574511938,3.0,0.4679376083188908,0.8219489097895879,HI-VAE_weibull_diffusion
0.005844300259002319,0.9558846699227981,0.017551136056191737,0.7067738739325989,0.11002126943254441,3.0,0.4783362218370884,0.8117543333617203,HI-VAE_weibull_diffusion
0.00807197072464143,0.9429651804001892,0.04229097205937503,0.7255429241900788,0.09485539985923216,1.0,0.462738301559792,0.8107220947197553,HI-VAE_weibull_diffusion
0.006568831261098892,0.9489522609106665,0.01987841225451062,0.6896796818981814,0.08938244432510722,2.0,0.41421143847487,0.8068041320415551,HI-VAE_weibull_diffusion
0.006250556827988574,0.957617772175831,0.025036072167559563,0.718925233035656,0.08905552506218992,1.0,0.4800693240901213,0.8116554857104011,HI-VAE_weibull_diffusion
0.007759387778718135,0.9486371514101151,0.031226949790202845,0.7305264324359559,0.11673600391864672,5.0,0.4540727902946274,0.8119297257870913,HI-VAE_weibull_diffusion
0.006999715631792424,0.9513155821648023,0.011268153612885868,0.7237257023662083,0.0990553561424114,2.0,0.4558058925476603,0.8124904231111159,HI-VAE_weibull_diffusion
0.006055807249597195,0.9547817866708681,0.019065172563876562,0.698821067727006,0.1424139355840652,3.0,0.4696707105719237,0.8125840422419816,HI-VAE_weibull_diffusion
0.004801962919977649,0.9579328816763826,0.013483130134348934,0.6991765856202333,0.1709475538952839,1.0,0.4748700173310225,0.8079552504882455,HI-VAE_weibull_diffusion
0.006058362626965077,0.9505278084134239,0.019457888423261165,0.6964312626295548,0.11553172014743765,2.0,0.4540727902946274,0.8152648944988862,HI-VAE_weibull_diffusion
0.006501504446239249,0.954939341421144,0.018269883258431645,0.7045269539143473,0.1372085853338722,4.0,0.48353552859618715,0.8180880006835773,HI-VAE_weibull_diffusion
0.006898722581525816,0.9516306916653537,0.02278686663503428,0.7283561697412164,0.09808318936324144,3.0,0.4679376083188908,0.8140223861266135,HI-VAE_weibull_diffusion
0.006515516831942423,0.9495824799117693,0.021351316663608712,0.6977507333289876,0.13418776323251308,2.0,0.43674176776429807,0.7951988665475513,HI-VAE_weibull_diffusion
0.00679342483515465,0.9487947061603909,0.03350918611679733,0.7182821198096605,0.09569394494679828,1.0,0.462738301559792,0.8121317024309037,HI-VAE_weibull_diffusion
0.0054486754777397246,0.955412005671971,0.02549575610630277,0.7329013753992568,0.10755862879137111,4.0,0.4540727902946274,0.8061396713746356,HI-VAE_weibull_diffusion
0.007219461175432578,0.9458011659051522,0.026997000208935227,0.7250563848510527,0.11300972571297353,2.0,0.44540727902946275,0.8137592664362101,HI-VAE_weibull_diffusion
0.006020708993049534,0.9555695604222467,0.02689017097891667,0.708412619777068,0.09665827710977712,1.0,0.4731369150779896,0.8117397771575178,HI-VAE_weibull_diffusion
0.005663124004097625,0.9546242319205924,0.014042817728542871,0.7459899615409686,0.15478337703431808,3.0,0.45233968804159447,0.8169458402427834,HI-VAE_weibull_diffusion
0.006360188308451444,0.9552544509216951,0.014700354681796405,0.7320572322534384,0.12973525818367632,4.0,0.43847487001733104,0.814701791946544,HI-VAE_weibull_diffusion
0.00678903467970324,0.9500551441625966,0.02266695342456234,0.7082746887425853,0.1598003031285763,4.0,0.4488734835355286,0.800467416597129,HI-VAE_weibull_diffusion
0.00673880505230792,0.9502126989128723,0.012183885490446463,0.6863495208917281,0.10310236225555648,2.0,0.4592720970537262,0.8155399879328266,HI-VAE_weibull_diffusion
0.004999554275926695,0.957145107925004,0.009201792650301136,0.6427316341829086,0.11253587249511487,4.0,0.4904679376083189,0.8172353373175344,HI-VAE_piecewise_diffusion
0.0055478411915601935,0.9629746336852055,0.012186546107425696,0.6375440975164592,0.12241162243698546,3.0,0.49220103986135183,0.8065476220183996,HI-VAE_piecewise_diffusion
0.004335328222644766,0.9672286119426502,0.005686894804951977,0.6683594289811616,0.10373090412850304,3.0,0.47660311958405543,0.821169919228506,HI-VAE_piecewise_diffusion
0.006365224150119504,0.9544666771703167,0.003965981652088993,0.6537082328401016,0.14447717765935464,4.0,0.5285961871750433,0.7982148448986225,HI-VAE_piecewise_diffusion
0.004443265866806404,0.9636048526863086,0.015891159680068823,0.6921289355322339,0.18984101805581255,4.0,0.48700173310225303,0.7989108421379651,HI-VAE_piecewise_diffusion
0.00481502838589041,0.9654955096896171,0.013803226695596053,0.6519462877257023,0.13628344698892342,8.0,0.5337954939341422,0.8055863413663119,HI-VAE_piecewise_diffusion
0.006336034416255603,0.9563573341736255,0.01772420257388224,0.67974643113226,0.1375748580557208,4.0,0.49566724436741766,0.8079874204963742,HI-VAE_piecewise_diffusion
0.004758882312808111,0.9620293051835513,0.013238908580045469,0.6695323642526564,0.12534250055486865,3.0,0.4748700173310225,0.8144167005820294,HI-VAE_piecewise_diffusion
0.006831351764484025,0.952576020167008,0.009798853415774097,0.6806186037416075,0.14487173991294805,2.0,0.5077989601386482,0.8122650016988381,HI-VAE_piecewise_diffusion
0.005115500434177615,0.9613990861824484,0.00810574133437298,0.6295667818264781,0.08401430830422674,1.0,0.512998266897747,0.8143708624416651,HI-VAE_piecewise_diffusion
0.005711064942076085,0.9607688671813456,0.01036879510725436,0.666671012319927,0.11800513559784068,1.0,0.48353552859618715,0.8007084600773129,HI-VAE_piecewise_diffusion
0.004613475055510077,0.9680163856940287,0.010624939180919942,0.6566216022423571,0.115497674379838,3.0,0.48700173310225303,0.8159582955665801,HI-VAE_piecewise_diffusion
0.004578159554854193,0.9675437214432016,0.012165989409992434,0.6431428198944007,0.13917350119007693,5.0,0.49913344887348354,0.8232863930401451,HI-VAE_piecewise_diffusion
0.004188892095186918,0.9647077359382386,0.0057874385090847845,0.6594401929470048,0.1456387558196013,7.0,0.512998266897747,0.8246482824633067,HI-VAE_piecewise_diffusion
0.005477303386988839,0.9626595241846541,0.011552550563417452,0.6506191252199987,0.10661430552703774,2.0,0.511265164644714,0.810326113207004,HI-VAE_piecewise_diffusion
0.00578767059326799,0.9557271151725225,0.005320450217461256,0.6584941007756993,0.09972890308936566,4.0,0.4852686308492201,0.8151061748090183,HI-VAE_piecewise_diffusion
0.004546007934912285,0.9669135024420986,0.012666287886627338,0.673483214914282,0.1491543582011132,5.0,0.5199306759098787,0.8127813157193955,HI-VAE_piecewise_diffusion
0.004538845541969406,0.9677012761934772,0.009270531366616057,0.6351901440584056,0.1730101063212418,4.0,0.5095320623916811,0.8027327384400381,HI-VAE_piecewise_diffusion
0.006164232302721109,0.9574602174255553,0.006102730255288463,0.6783089759468093,0.13978345487298213,4.0,0.4852686308492201,0.8072327850359289,HI-VAE_piecewise_diffusion
0.004586782383205149,0.9636048526863086,0.0076530132685721985,0.6974972948308455,0.12527380363998866,7.0,0.512998266897747,0.8162038797585067,HI-VAE_piecewise_diffusion
0.0054210251453450575,0.9626595241846542,0.006173338747267656,0.6088476631249592,0.10039893445619852,4.0,0.5199306759098787,0.8043958015522932,HI-VAE_piecewise_diffusion
0.005268255275769468,0.9618717504332757,0.010681015383179225,0.66297203572127,0.1123638967996243,4.0,0.49393414211438474,0.8063015549567305,HI-VAE_piecewise_diffusion
0.006612406627050784,0.9516306916653536,0.007333223783902485,0.6665978749755557,0.1323311803275716,5.0,0.5025996533795494,0.8212467634655333,HI-VAE_piecewise_diffusion
0.0049958284595700755,0.9645501811879629,0.012471928742471924,0.6503078026204289,0.1284514925680241,3.0,0.5199306759098787,0.8087377490377524,HI-VAE_piecewise_diffusion
0.005152352835231949,0.9628170789349301,0.007769428748874663,0.6621640049540447,0.09659478268007786,5.0,0.4904679376083189,0.8039089688155073,HI-VAE_piecewise_diffusion
0.005721208583944672,0.9609264219316213,0.014190907125307501,0.6652267779153901,0.09512925230019076,4.0,0.5147313691507799,0.8096602099040057,HI-VAE_piecewise_diffusion
0.005905368927319646,0.957617772175831,0.0035367598303937156,0.6746119548921192,0.14015483049967628,3.0,0.5095320623916811,0.8183037621059941,HI-VAE_piecewise_diffusion
0.006528301381450721,0.9555695604222467,0.010266971772226257,0.6558049670816766,0.17027660400169,4.0,0.48700173310225303,0.8029170365491662,HI-VAE_piecewise_diffusion
0.004209439523964362,0.96943437844651,0.00501776509812495,0.6491196141059905,0.10515474776447856,4.0,0.5060658578856152,0.8071243109885293,HI-VAE_piecewise_diffusion
0.0051383761566638625,0.9636048526863085,0.004537389066048489,0.6651546835278013,0.10225706101596649,3.0,0.464471403812825,0.8177212404686334,HI-VAE_piecewise_diffusion
0.005034003404720954,0.96502284543879,0.004772381397208658,0.6722449644742847,0.1578404017531815,2.0,0.49393414211438474,0.8139136025567041,HI-VAE_piecewise_diffusion
0.005016117094356878,0.9631321884354812,0.014281728385805803,0.6552645850987551,0.09962641420936434,3.0,0.5077989601386482,0.8045010471137104,HI-VAE_piecewise_diffusion
0.004489907864403204,0.968961714195683,0.01212061287926683,0.6821526627990354,0.08754166882325816,4.0,0.49913344887348354,0.8065241145106313,HI-VAE_piecewise_diffusion
0.005180323932251165,0.9607688671813456,0.0067511718231072935,0.635141125089629,0.15864191347042453,7.0,0.5216637781629117,0.8158671596355825,HI-VAE_piecewise_diffusion
0.005883458901915539,0.9623444146841028,0.007143963093236492,0.6737259631054038,0.15133668811806733,6.0,0.4783362218370884,0.8041050330921249,HI-VAE_piecewise_diffusion
0.0040043621735490675,0.9677012761934772,0.004701488180485331,0.6534246789648653,0.09581689470120572,3.0,0.48180242634315423,0.814476360354499,HI-VAE_piecewise_diffusion
0.006447682692193477,0.9519458011659051,0.00839867861011309,0.6568968124633335,0.10257302826660868,2.0,0.5233968804159446,0.8221119724618496,HI-VAE_piecewise_diffusion
0.005090071852382116,0.9609264219316213,0.007909540774699467,0.6536378332572843,0.08324855486275848,1.0,0.5233968804159446,0.8148798523840773,HI-VAE_piecewise_diffusion
0.005252698776092932,0.9595084291791397,0.01665296811113125,0.6617062772961345,0.13196842365453396,3.0,0.48180242634315423,0.8199031744743209,HI-VAE_piecewise_diffusion
0.003652057186602402,0.9669135024420986,0.003736252274796189,0.676232318623297,0.09622491681310211,5.0,0.49393414211438474,0.8148715084654775,HI-VAE_piecewise_diffusion
0.005500009706969852,0.9590357649283127,0.010069795892102773,0.6668737370445212,0.1255685513427467,3.0,0.49220103986135183,0.8091776528043088,HI-VAE_piecewise_diffusion
0.004773398752184204,0.9639199621868599,0.01398315387984658,0.6685226517176195,0.11630666373522734,2.0,0.5043327556325823,0.8202746649796802,HI-VAE_piecewise_diffusion
0.005994026692211179,0.9573026626752796,0.00774875325826682,0.6721903396128023,0.1300075164165832,4.0,0.5251299826689775,0.8153761752717283,HI-VAE_piecewise_diffusion
0.004905845235193613,0.962186859933827,0.009115537868563665,0.6918990939312952,0.12676578935665958,3.0,0.5147313691507799,0.8094494847201189,HI-VAE_piecewise_diffusion
0.004463742623292687,0.9683314951945801,0.006476414928500208,0.6603277491688938,0.08965134265694907,1.0,0.5251299826689775,0.8059901217058937,HI-VAE_piecewise_diffusion
0.004977853214688643,0.9618717504332757,0.009102382180255282,0.6622350563848511,0.09473570383021379,1.0,0.5043327556325823,0.8183470567585661,HI-VAE_piecewise_diffusion
0.005295129250215768,0.9580904364266583,0.004850714271957202,0.6873445016622124,0.11143338650472195,3.0,0.5025996533795494,0.7951562656830908,HI-VAE_piecewise_diffusion
0.00621162212257344,0.9568299984244526,0.005897543483048096,0.6759853986050454,0.12364587919600661,4.0,0.49913344887348354,0.8228872246692801,HI-VAE_piecewise_diffusion
0.005799322927820662,0.9596659839294155,0.005632433018393668,0.6896678182647806,0.10656177901881438,5.0,0.5025996533795494,0.8178363069221567,HI-VAE_piecewise_diffusion
0.004696199661309162,0.9669135024420986,0.0236290783122872,0.6661359754905155,0.11001315321452515,3.0,0.5268630849220104,0.801211443807892,HI-VAE_piecewise_diffusion
0.005905371360419519,0.9573026626752796,0.01667988784656142,0.6999400299850075,0.11001722413429439,4.0,0.5060658578856152,0.8033682815236504,HI-VAE_piecewise_diffusion
0.0055093167072599565,0.9618717504332754,0.013316792739245454,0.6850940616648198,0.09699293772043172,5.0,0.5095320623916811,0.8140545134150855,HI-VAE_piecewise_diffusion
0.004887131204919443,0.9654955096896173,0.0069210490701160044,0.6589889837689851,0.15412556777472178,5.0,0.4904679376083189,0.8121084579687438,HI-VAE_piecewise_diffusion
0.005984682029403909,0.9560422246730739,0.006678220874931549,0.6572986115637832,0.11875692200529517,3.0,0.48700173310225303,0.8129331669486362,HI-VAE_piecewise_diffusion
0.005347528775206657,0.9613990861824484,0.010619784598892776,0.6589329248419269,0.15956155674867548,6.0,0.5164644714038128,0.8082320364833148,HI-VAE_piecewise_diffusion
0.003463806353775878,0.9691192689459587,0.006190676425554951,0.6550677270060622,0.09843406135492941,2.0,0.5164644714038128,0.8074315910402995,HI-VAE_piecewise_diffusion
0.005043154051427873,0.9620293051835513,0.002271400952671257,0.6319123916302718,0.1458488930729013,9.0,0.5303292894280762,0.7991163251564486,HI-VAE_piecewise_diffusion
0.0049654245966497985,0.9636048526863086,0.010280336669464523,0.6985190013688808,0.10609708608777961,4.0,0.49393414211438474,0.8013731240127457,HI-VAE_piecewise_diffusion
0.004216250449015394,0.9654955096896173,0.012131152431796603,0.6493768333224692,0.1174063596057017,4.0,0.4748700173310225,0.7912149156203325,HI-VAE_piecewise_diffusion
0.004936305629131304,0.9569875531747282,0.006322161399873993,0.6836491754122939,0.11780664804994788,7.0,0.48700173310225303,0.8106397109075815,HI-VAE_piecewise_diffusion
0.0050696744679160485,0.9648652906885143,0.0036953408153264015,0.6585109184538166,0.22365081346981952,6.0,0.49566724436741766,0.8108970341975932,HI-VAE_piecewise_diffusion
0.005916263440662412,0.9595084291791398,0.021231627089507037,0.6430672055276709,0.12128333041164631,3.0,0.5303292894280762,0.8030926823874543,HI-VAE_piecewise_diffusion
0.006734142439532311,0.9484795966598394,0.016760419823289574,0.6706841796493058,0.20847163491142123,6.0,0.5060658578856152,0.8167574356247502,HI-VAE_piecewise_diffusion
0.0054379486629280264,0.9628170789349298,0.005184331217885207,0.6742530473893489,0.18328371110579036,5.0,0.5147313691507799,0.7941317728418296,HI-VAE_piecewise_diffusion
0.005203629211617913,0.9612415314321726,0.006531689863235672,0.6566862655628707,0.09438211625282843,3.0,0.5303292894280762,0.8033248335686067,HI-VAE_piecewise_diffusion
0.004746749572734742,0.9632897431857569,0.005794776272252099,0.6815289746431132,0.09928169953991459,2.0,0.5060658578856152,0.8136365077901687,HI-VAE_piecewise_diffusion
0.0052414250758505325,0.9601386481802426,0.013460044046479748,0.7005978749755557,0.10294682175630944,1.0,0.49740034662045063,0.8014602418440452,HI-VAE_piecewise_diffusion
0.006402976547661626,0.9584055459272097,0.022747281511800364,0.6576490450426961,0.1729589156689059,7.0,0.49566724436741766,0.8167083239810272,HI-VAE_piecewise_diffusion
0.005376716552001882,0.9626595241846541,0.008373681909905532,0.6548255002933316,0.1292158027379118,4.0,0.5147313691507799,0.8037647611398406,HI-VAE_piecewise_diffusion
0.004587250984429609,0.9654955096896171,0.013039851262165433,0.6916811159637571,0.14182452999898706,4.0,0.49566724436741766,0.8096017744338527,HI-VAE_piecewise_diffusion
0.005285625933677577,0.9621868599338271,0.01906682859901476,0.6471881885144384,0.09631769354351255,4.0,0.5337954939341422,0.8082441796256116,HI-VAE_piecewise_diffusion
0.00616952747257975,0.9587206554277613,0.004310941451749834,0.6589798578971384,0.20740857605568155,6.0,0.48700173310225303,0.8088201095582664,HI-VAE_piecewise_diffusion
0.005064921772202398,0.9628170789349298,0.017830067685106133,0.6545596766833974,0.1738893032658691,7.0,0.48873483535528595,0.821371921324317,HI-VAE_piecewise_diffusion
0.004203875379986005,0.9684890499448557,0.006121331424647342,0.6674141190274429,0.16635740629166051,11.0,0.5060658578856152,0.8017739150432274,HI-VAE_piecewise_diffusion
0.007070432596073867,0.9516306916653537,0.012119433186330346,0.6486281207222476,0.10170083686164148,5.0,0.5043327556325823,0.8155927527255024,HI-VAE_piecewise_diffusion
0.005395973181340123,0.9574602174255553,0.008500500111499894,0.6673379831823218,0.1589765196619305,5.0,0.5077989601386482,0.8223597667628789,HI-VAE_piecewise_diffusion
0.005886115387142904,0.9595084291791398,0.010148159507554266,0.6526856137148818,0.1211129386474156,5.0,0.5389948006932409,0.7984733981242124,HI-VAE_piecewise_diffusion
0.005441699322015871,0.9615566409327241,0.0028086232829671676,0.6350613388957694,0.16451363996706506,5.0,0.5268630849220104,0.8056736505702928,HI-VAE_piecewise_diffusion
0.005126040141397182,0.9647077359382386,0.005602418724819578,0.6788480542337527,0.12535821944648215,6.0,0.47660311958405543,0.8237841547517087,HI-VAE_piecewise_diffusion
0.0054203079955394435,0.9625019694343784,0.00527742245891389,0.6666332051365622,0.09122732243117837,3.0,0.5268630849220104,0.8077945188981571,HI-VAE_piecewise_diffusion
0.004427675786851835,0.9662832834409958,0.009841048398987993,0.6356366599309041,0.11994217393724961,4.0,0.47660311958405543,0.8031587113396957,HI-VAE_piecewise_diffusion
0.0053124933413011945,0.962186859933827,0.005656449542409442,0.6763834169871586,0.09417656573152902,1.0,0.47660311958405543,0.80789437445094,HI-VAE_piecewise_diffusion
0.005023089168885677,0.9654955096896171,0.009808517128128597,0.6507693109966756,0.11396746242391655,5.0,0.5493934142114385,0.8097028482360704,HI-VAE_piecewise_diffusion
0.0061506658044857545,0.9584055459272097,0.010840285832691456,0.6706672316015905,0.12056195853978578,5.0,0.49220103986135183,0.8186525595554349,HI-VAE_piecewise_diffusion
0.006139731067639814,0.9579328816763826,0.003804791296471797,0.6715049866371162,0.1273793838477607,6.0,0.5008665511265165,0.8066727741574142,HI-VAE_piecewise_diffusion
0.0045977773229992185,0.9695919331967858,0.003386957797597009,0.6631717619451145,0.15508212248893738,3.0,0.5025996533795494,0.8153398922487448,HI-VAE_piecewise_diffusion
0.005143639587425296,0.9631321884354812,0.005368939614560281,0.6704376507398475,0.13768511388547022,4.0,0.5077989601386482,0.806134526660767,HI-VAE_piecewise_diffusion
0.0053054150666822335,0.9634472979360328,0.007513247001860506,0.634355778632423,0.09738937775165014,1.0,0.5181975736568457,0.811594158955391,HI-VAE_piecewise_diffusion
0.005159055206158439,0.9626595241846542,0.009973769262666892,0.6611168763444365,0.14645516043158485,5.0,0.4783362218370884,0.8094634227798491,HI-VAE_piecewise_diffusion
0.0061062587672924325,0.9607688671813456,0.0165316747917645,0.6821145948764749,0.09347096240709679,4.0,0.5147313691507799,0.8178762455511795,HI-VAE_piecewise_diffusion
0.004819469272673928,0.9654955096896171,0.007318534396718589,0.6770181865588946,0.14733118399300565,4.0,0.5199306759098787,0.8201823085362343,HI-VAE_piecewise_diffusion
0.0049072246159550656,0.9628170789349298,0.0039745960422807635,0.6670468678704126,0.10086817085117333,2.0,0.5164644714038128,0.8139503609243052,HI-VAE_piecewise_diffusion
0.00461167990830683,0.9626595241846542,0.008090341489424661,0.655847858679356,0.10907612120841437,3.0,0.5320623916811091,0.8183377126429633,HI-VAE_piecewise_diffusion
0.005985665673475795,0.9585631006774854,0.01750861458873874,0.6458464246137801,0.13411135769879892,6.0,0.47660311958405543,0.8210083955694232,HI-VAE_piecewise_diffusion
0.005662426022993731,0.9602962029305183,0.014272184204710303,0.6707109054168567,0.11905626227553699,4.0,0.512998266897747,0.800275278438538,HI-VAE_piecewise_diffusion
0.005165955463829575,0.960926421931621,0.01652101645220394,0.6527476696434391,0.12799650830300782,4.0,0.511265164644714,0.810478952785047,HI-VAE_piecewise_diffusion
0.0050102013083978625,0.9607688671813456,0.0059654566489773094,0.6657229646046542,0.16968422724407603,3.0,0.4800693240901213,0.8101835519566489,HI-VAE_piecewise_diffusion
0.005584705821244888,0.960453757680794,0.004829899305922747,0.6516731634182908,0.10630589723441017,5.0,0.49566724436741766,0.8079707863384215,HI-VAE_piecewise_diffusion
0.004853047604778685,0.9648652906885142,0.011377462946428015,0.6512197379571084,0.09739436340014215,1.0,0.49220103986135183,0.8145130988643466,HI-VAE_piecewise_diffusion
0.0048268622508786975,0.9662832834409957,0.007211658616324098,0.6448648719118701,0.10657627366886092,5.0,0.512998266897747,0.8136630896389133,HI-VAE_piecewise_diffusion
0.0050305512551000985,0.9596659839294155,0.00621404487805156,0.701279577602503,0.15412305216781322,7.0,0.49913344887348354,0.8137581037573282,HI-VAE_piecewise_diffusion
0.005017163007093241,0.9629746336852055,0.0050040167337917565,0.6900175998957043,0.20762042798434366,10.0,0.48700173310225303,0.8176466580608291,HI-VAE_piecewise_diffusion
0.0049366434592758475,0.9596659839294155,0.00762928998924036,0.6405424678964865,0.12186659214118245,2.0,0.5147313691507799,0.8039544552409469,HI-VAE_piecewise_diffusion
0.005385487600662971,0.9654955096896171,0.012868244711867623,0.6617640310279642,0.13046575196716045,2.0,0.5008665511265165,0.8187888234658327,HI-VAE_piecewise_diffusion
0.005338882458860759,0.9654955096896173,0.004070107308733714,0.6530623818525518,0.13184838897403767,7.0,0.48873483535528595,0.7972490293542575,HI-VAE_piecewise_diffusion
0.004874877557996488,0.9610839766818969,0.006154323257020163,0.6349678638941398,0.19093367021477567,10.0,0.49393414211438474,0.8041138970001825,HI-VAE_piecewise_diffusion
0.00458665540681016,0.9637624074365843,0.008510926939211922,0.6450168828629164,0.12147105141811325,5.0,0.5060658578856152,0.8268663062022942,HI-VAE_piecewise_diffusion
0.005426489500382183,0.9625019694343784,0.011858392039713433,0.6933186884818461,0.12331262800592142,3.0,0.49740034662045063,0.8137789696784025,HI-VAE_piecewise_diffusion
0.004362742373885014,0.967858830943753,0.01032675621282977,0.669952023988006,0.15102707397113127,7.0,0.4852686308492201,0.8191484721010323,HI-VAE_piecewise_diffusion
0.005989520720975416,0.9599810934299668,0.005474295897926227,0.669392738413402,0.12127394958116682,2.0,0.5199306759098787,0.8137669131607349,HI-VAE_piecewise_diffusion
0.005034114227534505,0.9634472979360328,0.009584261902406936,0.6315234991200052,0.12222437713263817,3.0,0.5320623916811091,0.8032243658015571,HI-VAE_piecewise_diffusion
0.0049623616247703875,0.9631321884354812,0.006309542325385738,0.6823140603611237,0.14425243616070707,6.0,0.49566724436741766,0.8078793855683517,HI-VAE_piecewise_diffusion
0.005384790469025715,0.9615566409327241,0.013693975175989243,0.6483111922299719,0.1244522732273087,7.0,0.5025996533795494,0.8000457517855019,HI-VAE_piecewise_diffusion
0.004908969139895831,0.9631321884354814,0.005514060398142938,0.6830858483801576,0.1287818916531514,8.0,0.4783362218370884,0.8221773709207572,HI-VAE_piecewise_diffusion
0.005152475948081191,0.9585631006774853,0.003681303074100884,0.6584276122808161,0.12096183047352564,7.0,0.5043327556325823,0.8025715365705166,HI-VAE_piecewise_diffusion
0.0054503146495351925,0.9647077359382386,0.00923237105050155,0.6689466136496969,0.0977598108959248,2.0,0.48873483535528595,0.8126262742351156,HI-VAE_piecewise_diffusion
0.005315270120530387,0.9610839766818969,0.015195941784316182,0.6546050453034352,0.15213875763129844,4.0,0.4800693240901213,0.8148438819522575,HI-VAE_piecewise_diffusion
0.005066115018336603,0.9632897431857569,0.006021821510994861,0.6694310670751581,0.15894785061544223,6.0,0.5216637781629117,0.8102868480517538,HI-VAE_piecewise_diffusion
0.006304000618325178,0.9557271151725224,0.011576965143028004,0.6639501988136367,0.12434014384135277,5.0,0.49220103986135183,0.8122998607575238,HI-VAE_piecewise_diffusion
0.004638690733332184,0.9695919331967858,0.006814090346707831,0.6563787236816374,0.11606017689904216,3.0,0.5251299826689775,0.8093800901235242,HI-VAE_piecewise_diffusion
0.004721034661674783,0.9629746336852057,0.008159998173839708,0.6453983443061079,0.1487175284113723,5.0,0.4852686308492201,0.8045233205412728,HI-VAE_piecewise_diffusion
0.004665834586191943,0.96722861194265,0.017406519369884035,0.6693206440258133,0.09313817573661504,4.0,0.48180242634315423,0.8191034622946144,HI-VAE_piecewise_diffusion
0.005104801699729483,0.9639199621868598,0.00635099871916066,0.6397611628968125,0.11917000577534613,5.0,0.4904679376083189,0.808494282892249,HI-VAE_piecewise_diffusion
0.005015585189562379,0.9593508744288641,0.003179569416981789,0.6682264519913956,0.1411490435814549,7.0,0.49220103986135183,0.8081472319865542,HI-VAE_piecewise_diffusion
0.005671642632538393,0.9596659839294155,0.013077375585602688,0.6736665145688027,0.14312343081665094,6.0,0.512998266897747,0.8159132813477598,HI-VAE_piecewise_diffusion
0.0053819248620438995,0.9637624074365841,0.004946052788491756,0.6665324294374553,0.17725169850413014,5.0,0.48180242634315423,0.8014453356689923,HI-VAE_piecewise_diffusion
0.005103235341409747,0.9667559476918228,0.011941068481692504,0.6616606479369012,0.15390713462831399,5.0,0.5268630849220104,0.8068600066605449,HI-VAE_piecewise_diffusion
0.006274151276688286,0.9547817866708681,0.02103748363751585,0.6736211459487648,0.13800418437404202,5.0,0.5043327556325823,0.8042087060965115,HI-VAE_piecewise_diffusion
0.004958992723757414,0.9637624074365843,0.0073620965426844116,0.6629219737957108,0.10834324039508351,3.0,0.5060658578856152,0.8062389665182418,HI-VAE_piecewise_diffusion
0.004733059764379243,0.9631321884354812,0.01566920877697914,0.6573029137605111,0.11255195066176146,3.0,0.511265164644714,0.8029893888690273,HI-VAE_piecewise_diffusion
0.005256832509373831,0.9599810934299668,0.018148398191597134,0.6248271950981031,0.11847916854735265,6.0,0.48873483535528595,0.806547246327934,HI-VAE_piecewise_diffusion
0.004668288771223655,0.9653379549393416,0.01061034514509438,0.6934454077309172,0.11190400643918642,2.0,0.5025996533795494,0.8254379571351029,HI-VAE_piecewise_diffusion
0.005340775016264881,0.9626595241846542,0.005832795515968501,0.6677486474154226,0.13339355592638222,5.0,0.5251299826689775,0.8168782744280332,HI-VAE_piecewise_diffusion
0.005348331843701094,0.9636048526863085,0.009089943543299004,0.6623478260869566,0.14186918969034937,2.0,0.5025996533795494,0.8048773399462322,HI-VAE_piecewise_diffusion
0.005483503849045912,0.9607688671813456,0.006585979865350235,0.6656055015970276,0.10037898302146166,3.0,0.49913344887348354,0.8060324524706391,HI-VAE_piecewise_diffusion
0.005191789966138391,0.9636048526863085,0.005685447487898566,0.6479734046020468,0.14575277680285453,6.0,0.5164644714038128,0.7994914280494506,HI-VAE_piecewise_diffusion
0.005263982061745928,0.9647077359382383,0.005137451624429621,0.6738475979401604,0.15679741089335467,7.0,0.49740034662045063,0.799271280076445,HI-VAE_piecewise_diffusion
0.00611650775557138,0.9585631006774854,0.011967522518668656,0.6837472133498468,0.20531206299597302,8.0,0.48873483535528595,0.8126580368619807,HI-VAE_piecewise_diffusion
0.0046080235276222395,0.9677012761934772,0.005365950589741422,0.6996545205658041,0.13763497323363721,4.0,0.512998266897747,0.8238799237518817,HI-VAE_piecewise_diffusion
0.0057267051311214396,0.9599810934299668,0.00815749004411523,0.6517641613975621,0.09377858128245056,1.0,0.5199306759098787,0.8137795697304745,HI-VAE_piecewise_diffusion
0.005732856491208365,0.9598235386796912,0.006152994107736226,0.6678206114334138,0.10137041630951214,4.0,0.5355285961871751,0.8121270414344887,HI-VAE_piecewise_diffusion
0.005476167508403859,0.9595084291791397,0.013112790524388171,0.657436672967864,0.17323261336913448,5.0,0.5025996533795494,0.8032755962229117,HI-VAE_piecewise_diffusion
0.0059429393499117605,0.9565148889239011,0.006118858359845033,0.6524183560393716,0.11631957872493685,3.0,0.5216637781629117,0.8046976181714175,HI-VAE_piecewise_diffusion
0.005969499035625406,0.9609264219316213,0.007153280662299909,0.6585429893748778,0.15291204797641308,8.0,0.5285961871750433,0.8215962749295801,HI-VAE_piecewise_diffusion
0.005375874730853629,0.9601386481802425,0.009269029631225854,0.6758987028225019,0.13365704586223956,6.0,0.5095320623916811,0.8089928134065381,HI-VAE_piecewise_diffusion
0.005778778657989563,0.9629746336852055,0.010194614394155968,0.6686869174108597,0.13891166971264587,5.0,0.49740034662045063,0.8196493245111344,HI-VAE_piecewise_diffusion
0.005500393164005283,0.9645501811879629,0.016932908198331806,0.6726660582752103,0.10223744248598493,3.0,0.5268630849220104,0.8183139596879222,HI-VAE_piecewise_diffusion
0.005528337679904503,0.9632897431857571,0.013086479204448054,0.6611472524607261,0.11363226040590357,6.0,0.49393414211438474,0.8058265190524394,HI-VAE_piecewise_diffusion
0.006600756810327677,0.9557271151725224,0.013460459929600613,0.6731647219868327,0.15956953772690372,8.0,0.49393414211438474,0.8124095738126594,HI-VAE_piecewise_diffusion
0.00600194755500768,0.9547817866708683,0.016144755030122925,0.6423621667427156,0.11140243455072381,7.0,0.5008665511265165,0.8079798869780265,HI-VAE_piecewise_diffusion
0.005955712270334746,0.9577753269261069,0.008380051149789474,0.6902276253177759,0.12017351939255534,4.0,0.5043327556325823,0.8159042823948893,HI-VAE_piecewise_diffusion
0.004986983669381138,0.9628170789349298,0.016974779848711877,0.6626200378071834,0.17977262848709957,6.0,0.5164644714038128,0.8092356009003822,HI-VAE_piecewise_diffusion
0.005679049122648076,0.962186859933827,0.012999360137744317,0.7021318036633858,0.12827569050146698,4.0,0.49740034662045063,0.808548003366174,HI-VAE_piecewise_diffusion
0.005305203701435772,0.9658106191901686,0.004526641785039067,0.6404586402450948,0.12453340134183417,6.0,0.5285961871750433,0.819414443036593,HI-VAE_piecewise_diffusion
0.00499651788280697,0.96502284543879,0.0061004187036454785,0.6600973860895639,0.10551031629517225,4.0,0.49393414211438474,0.8143159833774908,HI-VAE_piecewise_diffusion
0.005102881622461787,0.9596659839294155,0.008500640105219273,0.625422201942507,0.1532468409354793,3.0,0.48700173310225303,0.8091158478571963,HI-VAE_piecewise_diffusion
0.004708020617001917,0.9648652906885143,0.015891346777224757,0.652642331008409,0.08600821111759022,1.0,0.5147313691507799,0.8099821932799095,HI-VAE_piecewise_diffusion
0.004329255950422286,0.9664408381912715,0.00982715251767543,0.6720790039762727,0.10874758093127265,7.0,0.5008665511265165,0.8066740835018763,HI-VAE_piecewise_diffusion
0.005121455608407621,0.9651804001890656,0.018378072777086012,0.6576431784107947,0.11804869797729099,5.0,0.5095320623916811,0.8180068040381139,HI-VAE_piecewise_diffusion
0.004923755596964611,0.9640775169371356,0.012322257746770923,0.7084484714164657,0.14696699641910327,7.0,0.462738301559792,0.8065620546149184,HI-VAE_piecewise_diffusion
0.006004819006015647,0.9573026626752796,0.010277278223414956,0.6520647936901115,0.13058963890733072,8.0,0.48873483535528595,0.8114440522587116,HI-VAE_piecewise_diffusion
0.005827085006202244,0.9584055459272097,0.006408106553406291,0.6730366990417834,0.10465570770830829,4.0,0.5008665511265165,0.8130923396887849,HI-VAE_piecewise_diffusion
0.004547537213998983,0.9665983929415471,0.00426277667967886,0.6565591552050062,0.13994615545637404,4.0,0.49740034662045063,0.8093328297189867,HI-VAE_piecewise_diffusion
0.005758045208566715,0.9601386481802426,0.00536959978793629,0.6851709797275276,0.16792091004787565,5.0,0.4540727902946274,0.8115682716700249,HI-VAE_piecewise_diffusion
0.0046112568528359965,0.9680163856940287,0.0029899507405442395,0.6540945179584121,0.09640524690834287,1.0,0.5043327556325823,0.7980291054828438,HI-VAE_piecewise_diffusion
0.0064720833708470865,0.9555695604222467,0.017031516904895717,0.6736112378593312,0.13370665394521797,4.0,0.49740034662045063,0.8129132533743213,HI-VAE_piecewise_diffusion
0.004956171276405782,0.9653379549393414,0.010292594556744432,0.6781501857766769,0.11950720659137488,6.0,0.49740034662045063,0.7933817614159585,HI-VAE_piecewise_diffusion
0.005073827121219021,0.9623444146841027,0.007448098109845334,0.6675807313734438,0.11088254465312489,6.0,0.5147313691507799,0.8049232267065257,HI-VAE_piecewise_diffusion
0.005278703240673743,0.9602962029305182,0.010833056218614332,0.6845801447102536,0.10852018223194845,5.0,0.49220103986135183,0.8153551198068575,HI-VAE_piecewise_diffusion
0.005655858935397255,0.9628170789349298,0.008685646269472071,0.6389085457271364,0.1101939570139421,5.0,0.49393414211438474,0.8099730418155113,HI-VAE_piecewise_diffusion
0.004455920625534411,0.9647077359382386,0.006357808082538053,0.673801316732938,0.0846418486649504,2.0,0.49740034662045063,0.8098349547587322,HI-VAE_piecewise_diffusion
0.0047851927564729994,0.9618717504332757,0.00511278321045276,0.6701410599048302,0.10946537450101296,4.0,0.48873483535528595,0.8051636678319044,HI-VAE_piecewise_diffusion
0.004773470724026687,0.9654955096896171,0.01414101241569945,0.6326450687699628,0.09964833797108054,4.0,0.5233968804159446,0.8067114823371737,HI-VAE_piecewise_diffusion
0.005159746602965167,0.9625019694343784,0.01658911805443299,0.6724531647219869,0.10646300334941959,6.0,0.4852686308492201,0.8058582347017534,HI-VAE_piecewise_diffusion
0.004060344734552502,0.9705372616984402,0.005827323029467626,0.6469613454142495,0.121652767670155,4.0,0.48700173310225303,0.8118364587073329,HI-VAE_piecewise_diffusion
0.005756536952987954,0.9642350716874113,0.010507894601261924,0.6790726810507789,0.12212400520041373,3.0,0.5147313691507799,0.8124176406305255,HI-VAE_piecewise_diffusion
0.006134248760391182,0.9580904364266583,0.006573117144618961,0.6829094583143211,0.12848485028060905,4.0,0.49566724436741766,0.8068174018735544,HI-VAE_piecewise_diffusion
0.0045411519378652015,0.968489049944856,0.01098942616408117,0.6931310866305977,0.1061657520285728,8.0,0.49566724436741766,0.8195224365912516,HI-VAE_piecewise_diffusion
0.0060411754622915394,0.9558846699227982,0.015084954499356961,0.6731733263802882,0.09281620006887063,4.0,0.512998266897747,0.8103248204629663,HI-VAE_piecewise_diffusion
0.005286226400005588,0.9609264219316213,0.020675646009840717,0.659575777328727,0.151772847153619,6.0,0.49393414211438474,0.8025392414883182,HI-VAE_piecewise_diffusion
0.004975351666463279,0.9610839766818969,0.007574925918645601,0.66715833387654,0.11191075191974978,3.0,0.49393414211438474,0.8240931689335422,HI-VAE_piecewise_diffusion
0.00558682986835262,0.9617141956829998,0.012507420279629464,0.6443603415683462,0.10348637215696893,4.0,0.5164644714038128,0.8074031913756833,HI-VAE_piecewise_diffusion
0.005292828754730397,0.9590357649283127,0.01867803192841576,0.668354474936445,0.0909754140287267,3.0,0.49566724436741766,0.8132836346350187,HI-VAE_piecewise_diffusion
0.004329627004179311,0.9665983929415473,0.00542477841737337,0.6775602633465876,0.1363159149745974,8.0,0.5164644714038128,0.8155960288837178,HI-VAE_piecewise_diffusion
0.004943361904255494,0.9598235386796912,0.006814598379026271,0.6623280099080895,0.1399873673089795,3.0,0.5233968804159446,0.80981202315176,HI-VAE_piecewise_diffusion
0.0047314752393794865,0.9631321884354814,0.008552077034998494,0.655617625969624,0.16855846201978766,5.0,0.5389948006932409,0.809826736221242,HI-VAE_piecewise_diffusion
0.004912129279383575,0.9632897431857571,0.007195493921973338,0.6653987354149012,0.08760568773489642,2.0,0.49740034662045063,0.8139138869648084,HI-VAE_piecewise_diffusion
0.004754609008443827,0.9631321884354814,0.013498553642923792,0.6407729613454143,0.1366787242124421,4.0,0.5077989601386482,0.8126679805547868,HI-VAE_piecewise_diffusion
0.00550217636415418,0.961556640932724,0.01349747514188858,0.6524196597353498,0.14764850540107088,3.0,0.4904679376083189,0.8252541753061918,HI-VAE_piecewise_diffusion
0.004996203707468887,0.9665983929415473,0.011595484682287252,0.6828694348477936,0.08978965564651988,1.0,0.4904679376083189,0.8113541684109679,HI-VAE_piecewise_diffusion
0.005324304893792928,0.9653379549393414,0.01852704239589287,0.6359076983247507,0.10696601022430162,3.0,0.48353552859618715,0.818435316549933,HI-VAE_piecewise_diffusion
0.006012076689510113,0.9558846699227981,0.015985590845404515,0.6736610390456945,0.13036426178517338,6.0,0.48180242634315423,0.807895974754192,HI-VAE_piecewise_diffusion
0.0055838412170791255,0.959981093429967,0.004652799437176558,0.6728162440518872,0.09297717086921369,6.0,0.49913344887348354,0.8121141589644056,HI-VAE_piecewise_diffusion
0.004710397656219217,0.9653379549393414,0.006779562112903045,0.6771518153966495,0.11492721820007394,3.0,0.5216637781629117,0.8086177808431793,HI-VAE_piecewise_diffusion
0.005224097192961241,0.9609264219316213,0.007813960784073171,0.6528805162636073,0.1268306135484721,8.0,0.5008665511265165,0.8116674799656858,HI-VAE_piecewise_diffusion
0.006061557487200762,0.9566724436741768,0.004176176472765605,0.6545930513004368,0.10654701456410373,1.0,0.5303292894280762,0.8120892913178676,HI-VAE_piecewise_diffusion
0.005572770442859206,0.957145107925004,0.014929963140390405,0.6684917541229385,0.09939953993641255,4.0,0.49566724436741766,0.8143497206326716,HI-VAE_piecewise_diffusion
0.005646368281920904,0.962186859933827,0.005986196094977522,0.6874467114268952,0.12927219442891813,8.0,0.5216637781629117,0.808648960647449,HI-VAE_piecewise_diffusion
0.0054531581026059945,0.9610839766818967,0.004445923887274531,0.6729408773873933,0.1529237686499599,6.0,0.4904679376083189,0.8033134862703205,HI-VAE_piecewise_diffusion
0.0049922029678762464,0.9628170789349298,0.00775435301151068,0.6691068378854051,0.10655485257908337,6.0,0.512998266897747,0.8158208786840574,HI-VAE_piecewise_diffusion
