J-S distance,KS test,Survival curves distance,Detection XGB,NSND,K-map score,Identifiability score,NNDR,generator
0.007178352914882643,0.9482029598308668,0.1113080739206306,0.6055747789311803,0.17124493436810923,8.0,0.5348837209302325,0.6925080289302231,HI-VAE_weibull
0.007089683638685498,0.9598308668076111,0.031732957089993845,0.5326797385620916,0.10363790419258571,4.0,0.5465116279069767,0.6876102847989471,HI-VAE_weibull
0.007788585775493808,0.9429175475687104,0.0846171724476042,0.604959630911188,0.1594887950842764,8.0,0.47674418604651164,0.6927622589064772,HI-VAE_weibull
0.005493123333330653,0.9577167019027485,0.04472264195005488,0.5897347174163782,0.21817755790577734,5.0,0.5116279069767442,0.6961243187884129,HI-VAE_weibull
0.0061246956038083005,0.9587737843551797,0.051976949416878616,0.582006920415225,0.2346229350785423,7.0,0.47674418604651164,0.6878801446283135,HI-VAE_weibull
0.004604521424964724,0.9630021141649049,0.05488386318190348,0.5322568242983469,0.1682217787647468,5.0,0.5581395348837209,0.6868678841635433,HI-VAE_weibull
0.006775456180640149,0.9598308668076111,0.035330553076741066,0.5978854286812765,0.26533991641898325,6.0,0.5930232558139535,0.6945281896825398,HI-VAE_weibull
0.005637515675443926,0.9566596194503173,0.044195292045375305,0.6174163783160322,0.30390998903356625,11.0,0.5465116279069767,0.705446724595303,HI-VAE_weibull
0.005910037252864433,0.9587737843551797,0.05671931377695548,0.5096885813148788,0.23738122526460614,7.0,0.5116279069767442,0.7296519401099493,HI-VAE_weibull
0.008496193580358693,0.9482029598308668,0.023977787891229223,0.5570742022299116,0.1355878146702771,7.0,0.5465116279069767,0.6938510445311651,HI-VAE_weibull
0.006170880114246067,0.9524312896405921,0.07346269086011968,0.6072279892349097,0.18666256018608862,10.0,0.5,0.6891007022203886,HI-VAE_weibull
0.008635096467562569,0.9439746300211418,0.033902725075397155,0.5785082660515186,0.1404038068856691,6.0,0.46511627906976744,0.7085212716048559,HI-VAE_weibull
0.007098301946344774,0.9492600422832982,0.027874288677942834,0.5135717031910804,0.09412103969959595,4.0,0.46511627906976744,0.6926141578221068,HI-VAE_weibull
0.004768803085493878,0.9640591966173363,0.04256945033927699,0.5167627835447904,0.09528250853230479,5.0,0.46511627906976744,0.6784979089163877,HI-VAE_weibull
0.006970172959217937,0.9566596194503173,0.0669321572305403,0.4637447135717032,0.12226408763291399,11.0,0.47674418604651164,0.6974626992220507,HI-VAE_weibull
0.006685071456645996,0.9556025369978859,0.03329433872882248,0.6083813917723953,0.09472215820209669,8.0,0.45348837209302323,0.6941064894607857,HI-VAE_weibull
0.006939958721087025,0.9556025369978859,0.028165987973018655,0.5708189158016148,0.14751868558883574,6.0,0.47674418604651164,0.6946420841080451,HI-VAE_weibull
0.005771845724982466,0.9608879492600423,0.036662447111259225,0.4501345636293733,0.2969685777041778,8.0,0.5465116279069767,0.6856887195298759,HI-VAE_weibull
0.005438787599982217,0.963002114164905,0.04249786807076731,0.5939254133025759,0.17317092812066934,6.0,0.4883720930232558,0.6893086995410348,HI-VAE_weibull
0.007580529599558018,0.9545454545454547,0.03315318705500146,0.5076893502499039,0.09615810193651443,5.0,0.5232558139534884,0.6965599057625871,HI-VAE_weibull
0.008641235683960212,0.9429175475687104,0.03442694707050755,0.58800461361015,0.17275279680170436,6.0,0.5,0.6899213285406067,HI-VAE_weibull
0.007508476164668068,0.9492600422832982,0.036478839285700164,0.5945790080738178,0.14119817401918705,8.0,0.5116279069767442,0.715837606756427,HI-VAE_weibull
0.005652707822992822,0.9577167019027485,0.04514169197572621,0.5732410611303345,0.12679116827056908,7.0,0.4418604651162791,0.710220738636456,HI-VAE_weibull
0.0064745831852284965,0.9630021141649049,0.041597628099806376,0.483121876201461,0.13367129162121852,5.0,0.4883720930232558,0.6938441678232581,HI-VAE_weibull
0.004878842880762952,0.9714587737843552,0.0456359452274233,0.5605920799692427,0.2638529641907666,9.0,0.5,0.6896724864466346,HI-VAE_weibull
0.008118748227889421,0.9460887949260042,0.06719664023832647,0.565359477124183,0.10601978632691554,2.0,0.46511627906976744,0.6752893335542244,HI-VAE_weibull
0.006562331545474651,0.9503171247357294,0.04817278261852511,0.6192233756247596,0.23801219558445857,7.0,0.5116279069767442,0.6985967537888903,HI-VAE_weibull
0.0070997454469570445,0.9545454545454547,0.03277547513023656,0.588312187620146,0.27902571782552915,6.0,0.47674418604651164,0.6775580079438229,HI-VAE_weibull
0.005079653401633197,0.9577167019027484,0.02170882083163414,0.5210688196847366,0.21053020162315184,6.0,0.5465116279069767,0.6883762085130452,HI-VAE_weibull
0.005990056152403972,0.9545454545454546,0.027055846651507388,0.6039600153787005,0.16394052074534543,6.0,0.4418604651162791,0.6997792519560825,HI-VAE_weibull
0.005681390357755872,0.9672304439746301,0.03202263008498626,0.6050749711649365,0.09036969345220638,3.0,0.5,0.7266112613569471,HI-VAE_weibull
0.0063598726198778625,0.9556025369978859,0.06082520818918552,0.5471357170319108,0.1727403997413879,11.0,0.5348837209302325,0.6853349441256334,HI-VAE_weibull
0.00545788232985225,0.9608879492600425,0.058154552646053854,0.4834678969627066,0.1254047150268782,8.0,0.5581395348837209,0.6878471748132267,HI-VAE_weibull
0.007281822353777672,0.9545454545454546,0.029761575939289298,0.5539023452518264,0.1721292088259095,3.0,0.5116279069767442,0.689624472450607,HI-VAE_weibull
0.006266170072697531,0.9587737843551797,0.021510158118676202,0.5553633217993079,0.09721782127494345,4.0,0.5348837209302325,0.6737405315703135,HI-VAE_weibull
0.006569742885092094,0.9556025369978859,0.03067018247237886,0.5621299500192233,0.15821684405337919,7.0,0.5,0.703555291433145,HI-VAE_weibull
0.008230259419237664,0.9503171247357294,0.032673388422739855,0.5668973471741638,0.08579334449942899,3.0,0.45348837209302323,0.7029204755306628,HI-VAE_weibull
0.0076854961722653105,0.9577167019027485,0.07310498130690067,0.43660130718954243,0.3379446765181601,9.0,0.47674418604651164,0.6845411810496554,HI-VAE_weibull
0.008174321609582362,0.9482029598308668,0.08632442533587424,0.5997693194925029,0.23427215391850895,9.0,0.5,0.6968258053585096,HI-VAE_weibull
0.007006052628029119,0.9587737843551797,0.04694489172898469,0.5846981930026913,0.14057235077164562,8.0,0.5116279069767442,0.6945911189289085,HI-VAE_weibull
0.0062232846424975586,0.9503171247357294,0.08175012499091644,0.6047289504036909,0.12222775691571179,9.0,0.47674418604651164,0.6937282692399658,HI-VAE_weibull
0.005610223460346407,0.9556025369978859,0.05963617870225162,0.5894655901576316,0.20836407737395451,10.0,0.46511627906976744,0.696768058323431,HI-VAE_weibull
0.006743824696697217,0.9545454545454546,0.04299520593685343,0.5518262206843523,0.1416945801970669,5.0,0.5,0.6804744820391367,HI-VAE_weibull
0.007452257411715149,0.9577167019027485,0.047271280868017046,0.6407920030757401,0.19864026030033874,8.0,0.5348837209302325,0.7162725373714538,HI-VAE_weibull
0.006119256786435861,0.9534883720930233,0.01991061231032931,0.5398692810457517,0.1454250943992288,6.0,0.5465116279069767,0.7045432429569476,HI-VAE_weibull
0.0040219680931598695,0.9693446088794926,0.02522132374591171,0.5246059207996925,0.10622567287783538,5.0,0.4883720930232558,0.7000745531353805,HI-VAE_weibull
0.006965238901014922,0.9524312896405921,0.057145495330114565,0.5893118031526337,0.17085387210038117,10.0,0.5232558139534884,0.6958792396716494,HI-VAE_weibull
0.00771645978835804,0.9482029598308668,0.06455618489112394,0.5876970396001538,0.1896213863740874,8.0,0.4418604651162791,0.7244523352797442,HI-VAE_weibull
0.006272978730509712,0.9619450317124737,0.0310322628145886,0.6182237600922722,0.27477850556668787,5.0,0.4883720930232558,0.6774337672558833,HI-VAE_weibull
0.008077778378550683,0.9503171247357295,0.051312290142547096,0.5659746251441754,0.17778408751527922,7.0,0.4418604651162791,0.6891243729444635,HI-VAE_weibull
0.007346698812524371,0.9513742071881608,0.023171448340555983,0.46205305651672435,0.11000476641206045,4.0,0.4883720930232558,0.7115867165999227,HI-VAE_weibull
0.005383006466563053,0.9640591966173363,0.03432277825302048,0.5322952710495963,0.1374438278755895,7.0,0.46511627906976744,0.7063593038228768,HI-VAE_weibull
0.0053205258524072615,0.9661733615221987,0.027351237026880835,0.48208381391772387,0.2151664858543012,4.0,0.5232558139534884,0.702218605737972,HI-VAE_weibull
0.0062102509530278455,0.9598308668076111,0.037068329172064936,0.5923298731257208,0.2888718739914979,6.0,0.5465116279069767,0.6890541442936494,HI-VAE_weibull
0.006412828196136069,0.9640591966173363,0.03179649978973134,0.5232218377547098,0.10871920855614392,4.0,0.4418604651162791,0.7084103539062232,HI-VAE_weibull
0.008131870870421259,0.9471458773784356,0.041725677219618514,0.6387158785082659,0.10829143379184789,2.0,0.5232558139534884,0.7139258896881692,HI-VAE_weibull
0.005395909056979565,0.9608879492600423,0.030309347085735523,0.6078815840061516,0.08659863681622461,3.0,0.4883720930232558,0.6870706140770538,HI-VAE_weibull
0.008324235208229197,0.9429175475687104,0.059380553244245564,0.5306036139946174,0.24447014674167886,8.0,0.5232558139534884,0.6853041595284037,HI-VAE_weibull
0.0056191421745507095,0.9598308668076111,0.04459552714312562,0.6309111880046137,0.10481320024839462,3.0,0.5116279069767442,0.6704849496410564,HI-VAE_weibull
0.006259704571571611,0.9598308668076109,0.04656521360474527,0.5611687812379854,0.18909138781937215,9.0,0.5348837209302325,0.6891700795399811,HI-VAE_weibull
0.006637340462580749,0.9598308668076111,0.031368463505068216,0.5652825836216839,0.12411440014243663,6.0,0.46511627906976744,0.7173785115362599,HI-VAE_weibull
0.006595275152436802,0.9556025369978858,0.024825919028011952,0.41680123029604,0.1539066175216565,7.0,0.5,0.6907963604469453,HI-VAE_weibull
0.007853386887571487,0.9513742071881608,0.1066310320158663,0.5567474048442907,0.2254012276014152,10.0,0.4883720930232558,0.7068804600773692,HI-VAE_weibull
0.0066576769805862385,0.948202959830867,0.06297788356344323,0.5911572472126105,0.12309648356902057,6.0,0.45348837209302323,0.6889610809605492,HI-VAE_weibull
0.006187063383030375,0.9534883720930233,0.021104691446837482,0.6059015763168013,0.11980128701488044,4.0,0.5,0.702145927234525,HI-VAE_weibull
0.009504708655285443,0.9397463002114165,0.07287261891542103,0.589273356401384,0.1877287229652784,6.0,0.5348837209302325,0.707918970651127,HI-VAE_weibull
0.009628324335254172,0.9460887949260044,0.04242779960884027,0.6171088043060362,0.1464555816496398,5.0,0.4418604651162791,0.7097458609081702,HI-VAE_weibull
0.00869650432892266,0.948202959830867,0.0491379201395058,0.552479815455594,0.09150237124237878,6.0,0.5465116279069767,0.7206028715608892,HI-VAE_weibull
0.00605280299163464,0.9619450317124737,0.03609194046424209,0.5836985774702038,0.2205427767731354,6.0,0.5232558139534884,0.6846249689613723,HI-VAE_weibull
0.007718674105190668,0.9534883720930233,0.04687461060479737,0.543829296424452,0.16402644975310635,9.0,0.5348837209302325,0.6861854459494608,HI-VAE_weibull
0.007504695561368417,0.9545454545454547,0.06865533926843244,0.5053056516724337,0.22620883668559386,10.0,0.47674418604651164,0.6704234327345859,HI-VAE_weibull
0.005078228107420143,0.9630021141649049,0.05740897615010312,0.577124183006536,0.1772323718807243,6.0,0.36046511627906974,0.6811480966520006,HI-VAE_weibull
0.005705224062571178,0.9661733615221987,0.029593127194954428,0.5652441368704345,0.11574557019715015,4.0,0.5232558139534884,0.6781074723147876,HI-VAE_weibull
0.006846649867368567,0.9460887949260042,0.051520842460791555,0.5797770088427529,0.10940145913811151,7.0,0.3953488372093023,0.701130685330765,HI-VAE_weibull
0.00719147342526297,0.9524312896405921,0.05160565806908232,0.534717416378316,0.18791569865938282,8.0,0.5232558139534884,0.6922381687662558,HI-VAE_weibull
0.007268450187867744,0.9503171247357295,0.04507215783302488,0.5946943483275663,0.28256380638522144,9.0,0.5,0.6923523226839944,HI-VAE_weibull
0.005623813404513961,0.9556025369978859,0.05997492567346312,0.6013071895424836,0.18395103719923045,5.0,0.5116279069767442,0.7082498981969475,HI-VAE_weibull
0.006952171680390132,0.9513742071881608,0.03998044074581515,0.471280276816609,0.1302701916475231,5.0,0.4883720930232558,0.7075252861218833,HI-VAE_weibull
0.006569029769536505,0.9471458773784356,0.05658089136109115,0.5247212610534411,0.2627940055205325,6.0,0.46511627906976744,0.6702840140134235,HI-VAE_weibull
0.006821264810631566,0.9545454545454546,0.025539852029073665,0.49600153787004997,0.15317080166320213,6.0,0.47674418604651164,0.6878398187667673,HI-VAE_weibull
0.006375077236748078,0.9545454545454547,0.036972298092538054,0.5439446366782007,0.0896069235510403,3.0,0.5,0.6771440550440041,HI-VAE_weibull
0.010231607045822235,0.9418604651162791,0.0647444257457858,0.6768935024990388,0.19879432449773093,11.0,0.5813953488372093,0.7007758193404569,HI-VAE_weibull
0.005568531655793108,0.9556025369978859,0.07950522766014083,0.5524029219530949,0.10878614926638366,10.0,0.5,0.7071974084014454,HI-VAE_weibull
0.006120019491933974,0.9577167019027485,0.05394365140712703,0.58239138792772,0.2734097746991343,5.0,0.5348837209302325,0.6940209853503273,HI-VAE_weibull
0.008335294019917634,0.945031712473573,0.06101812248248748,0.5018454440599769,0.3004819119969515,9.0,0.5116279069767442,0.7099195851894331,HI-VAE_weibull
0.008797415690878623,0.9429175475687104,0.08283077675589305,0.5973856209150326,0.224257489118747,8.0,0.5,0.7121195113410834,HI-VAE_weibull
0.007316270456890114,0.949260042283298,0.08853523556433446,0.5249903883121877,0.11661989261262926,6.0,0.5232558139534884,0.6896065876450792,HI-VAE_weibull
0.006205096985468198,0.9598308668076111,0.03837141548870111,0.5777393310265283,0.1824273373999118,5.0,0.5348837209302325,0.6848892462339163,HI-VAE_weibull
0.004501770743367472,0.9672304439746301,0.06012131182553348,0.589523260284506,0.15620466560172364,5.0,0.5,0.6753123492255982,HI-VAE_weibull
0.008517241442507643,0.9376321353065539,0.1249606921337642,0.5604575163398693,0.19360574211218465,12.0,0.5116279069767442,0.7148266834499937,HI-VAE_weibull
0.0040561392677262295,0.9735729386892178,0.0465351019176954,0.6330065359477125,0.13227639167950916,8.0,0.4069767441860465,0.6665091066595453,HI-VAE_weibull
0.007381843699469098,0.9566596194503171,0.05363990947895567,0.6167243367935409,0.16140410337818495,6.0,0.4883720930232558,0.668885552861542,HI-VAE_weibull
0.006094448971838257,0.9534883720930233,0.07428135528721994,0.5947327950788158,0.184741447079619,9.0,0.3953488372093023,0.7006618807245097,HI-VAE_weibull
0.006795630008212017,0.9460887949260044,0.08217808940141585,0.5799692425990004,0.11790054615321002,5.0,0.3953488372093023,0.6829647939376756,HI-VAE_weibull
0.0072791825139741214,0.945031712473573,0.08252560941379741,0.614725105728566,0.3461296313187434,9.0,0.4883720930232558,0.6964322525136818,HI-VAE_weibull
0.006649768446501777,0.9471458773784356,0.06904564930680773,0.5302960399846213,0.09153869019373642,9.0,0.47674418604651164,0.6841492215070374,HI-VAE_weibull
0.007110351897967876,0.9566596194503173,0.059491966933134834,0.564475201845444,0.17886626719441087,4.0,0.5116279069767442,0.6856655309061405,HI-VAE_weibull
0.0076477589972793365,0.9492600422832982,0.07230549762860526,0.5074202229911572,0.3197750115480233,10.0,0.5581395348837209,0.6813051053076841,HI-VAE_weibull
0.006588302583170716,0.9534883720930232,0.026403738023149145,0.5317185697808536,0.21110482214603316,6.0,0.4069767441860465,0.6923626792643086,HI-VAE_weibull
0.005717592018951339,0.9640591966173361,0.07207877808321496,0.5222798923490964,0.1873339467326642,10.0,0.5465116279069767,0.670712333054087,HI-VAE_weibull
0.0061510549267436735,0.9534883720930233,0.049113235824589874,0.6068435217224144,0.1578548484915794,8.0,0.45348837209302323,0.6880567278622637,HI-VAE_weibull
0.005027548177921281,0.9556025369978859,0.08292921502864407,0.608073817762399,0.1319329270729053,4.0,0.4186046511627907,0.6828832894337424,HI-VAE_weibull
0.008788720941374716,0.9503171247357295,0.07207040709780277,0.510880430603614,0.16217891887788205,10.0,0.4418604651162791,0.6849694265916427,HI-VAE_weibull
0.006334827732333941,0.9534883720930233,0.05494224457884418,0.598808150711265,0.2422157804809673,8.0,0.46511627906976744,0.6971686694659558,HI-VAE_weibull
0.007964769247069806,0.9418604651162791,0.1028553200538198,0.48627450980392145,0.25531540748795256,13.0,0.5348837209302325,0.7192193138830996,HI-VAE_weibull
0.007388588505613738,0.9471458773784356,0.048476699617449104,0.6181853133410227,0.2961644934882399,7.0,0.45348837209302323,0.6814847165698735,HI-VAE_weibull
0.006942242582143276,0.9587737843551797,0.05964888326157413,0.6046136101499423,0.18075803813364785,7.0,0.5465116279069767,0.7068556272099905,HI-VAE_weibull
0.006454522955724746,0.9577167019027485,0.026888925715572724,0.5322568242983468,0.16768144607113658,7.0,0.47674418604651164,0.7107841972426527,HI-VAE_weibull
0.00708837879603473,0.948202959830867,0.044368433731081215,0.5341022683583238,0.13216903879023265,5.0,0.43023255813953487,0.6985272877214067,HI-VAE_weibull
0.008802166496767422,0.9460887949260044,0.02267197368834839,0.5797193387158786,0.13484291969567982,8.0,0.5232558139534884,0.6657422467184838,HI-VAE_weibull
0.006600700993174893,0.9587737843551799,0.02884910606118532,0.6104575163398692,0.20526520554036062,5.0,0.47674418604651164,0.6909082117685844,HI-VAE_weibull
0.0046481305256582135,0.963002114164905,0.03977949762471823,0.5707804690503653,0.1027143324959122,4.0,0.5116279069767442,0.6981516128997897,HI-VAE_weibull
0.005701662933580805,0.9577167019027485,0.04794367641467509,0.6112264513648598,0.2583082453739115,8.0,0.6046511627906976,0.672462469165759,HI-VAE_weibull
0.004960322867509314,0.9566596194503173,0.09479565721836507,0.5727797001153403,0.2263186986322353,12.0,0.5,0.6857034389713136,HI-VAE_weibull
0.00686708315309244,0.9556025369978859,0.04577330325807605,0.5503652441368705,0.19536341388066372,9.0,0.5,0.7169348546083724,HI-VAE_weibull
0.00494018519657558,0.9630021141649049,0.042390694765338896,0.6040369088811997,0.1805869095618731,7.0,0.5348837209302325,0.6900681782112918,HI-VAE_weibull
0.006436314264200388,0.9587737843551797,0.04051260620102459,0.5992695117262592,0.17119928215487865,7.0,0.4883720930232558,0.6957791467694908,HI-VAE_weibull
0.007468477590111659,0.9408033826638479,0.11015797797447271,0.6473279507881584,0.1687878813445571,9.0,0.43023255813953487,0.709715202722446,HI-VAE_weibull
0.007101292885922864,0.9619450317124737,0.029749819957129726,0.5646674356016916,0.1636512230493421,3.0,0.5348837209302325,0.6874188221823848,HI-VAE_weibull
0.004475072750823966,0.9640591966173363,0.051142410269929474,0.6522683583237215,0.15128098939965604,9.0,0.47674418604651164,0.6969520291237866,HI-VAE_weibull
0.007362245196765702,0.9492600422832982,0.04387115134246953,0.583044982698962,0.17747664514580486,7.0,0.45348837209302323,0.7051020558125602,HI-VAE_weibull
0.00744326683489902,0.948202959830867,0.025732490374555786,0.5688196847366397,0.14822264672319585,6.0,0.5,0.6766719123052654,HI-VAE_weibull
0.005998403659870429,0.9534883720930233,0.038225984610031856,0.5831987697039599,0.19624270089079285,7.0,0.5348837209302325,0.6867734991529761,HI-VAE_weibull
0.006661353442852883,0.9545454545454547,0.02992735907391555,0.552402921953095,0.2074323438801727,6.0,0.5465116279069767,0.7096107026008578,HI-VAE_weibull
0.00512440690621539,0.9587737843551799,0.06812097716840783,0.6198769703960016,0.25861230979181865,9.0,0.5116279069767442,0.7078726175600727,HI-VAE_weibull
0.0060555869756243165,0.9566596194503171,0.03460427681224938,0.5153018069973087,0.15490961218749585,8.0,0.5348837209302325,0.6814929605260377,HI-VAE_weibull
0.007320178938176752,0.9513742071881608,0.05588319097067339,0.52479815455594,0.1449985945201402,8.0,0.5930232558139535,0.7169358295349992,HI-VAE_weibull
0.006805987949801001,0.949260042283298,0.0343828493599592,0.5584006151480201,0.13471772303252313,5.0,0.4883720930232558,0.7061912032894131,HI-VAE_weibull
0.005402374868807716,0.9587737843551797,0.061020451661540624,0.5171856978085352,0.2896679034989758,6.0,0.4883720930232558,0.702578845013525,HI-VAE_weibull
0.00655285404810222,0.952431289640592,0.07524887284152867,0.5274894271434063,0.22593670700883897,9.0,0.46511627906976744,0.6959780530685514,HI-VAE_weibull
0.005239098890044873,0.9608879492600423,0.024084443377051706,0.5342560553633218,0.19624850936878396,5.0,0.5232558139534884,0.7027900776295272,HI-VAE_weibull
0.005629711263158103,0.9630021141649049,0.032245528060288416,0.5242214532871972,0.10240680324840647,5.0,0.5232558139534884,0.6981508688636126,HI-VAE_weibull
0.006783808417209301,0.9587737843551797,0.045267046826998385,0.6161476355247981,0.16243928539987026,8.0,0.4883720930232558,0.7178793407562926,HI-VAE_weibull
0.006980848852443534,0.952431289640592,0.06283771231908844,0.5926951172625914,0.23355807378218077,9.0,0.5348837209302325,0.6866366323822798,HI-VAE_weibull
0.004953234054314092,0.9640591966173363,0.03203976928048741,0.5806228373702422,0.11645479731078169,6.0,0.5232558139534884,0.6803680584545944,HI-VAE_weibull
0.006342917790716069,0.9534883720930233,0.056849841715418716,0.5450788158400616,0.2762715255851476,8.0,0.5348837209302325,0.6928928442464417,HI-VAE_weibull
0.007576395560962305,0.9524312896405921,0.025384993396618198,0.5069204152249135,0.15999924391128645,7.0,0.5232558139534884,0.6798582914985433,HI-VAE_weibull
0.006165791478721333,0.9566596194503173,0.04092405530100202,0.5607650903498654,0.17360972645354106,5.0,0.4186046511627907,0.6942903772942386,HI-VAE_weibull
0.006520218928901368,0.9566596194503173,0.04477029760212946,0.5913879277201077,0.13113641150271485,5.0,0.5348837209302325,0.6905255130818838,HI-VAE_weibull
0.005581671605674345,0.9577167019027485,0.04808515306294148,0.4993464052287582,0.17201114466183484,9.0,0.5465116279069767,0.6982243980655383,HI-VAE_weibull
0.007925974027737941,0.9460887949260042,0.06084193363508357,0.6119377162629758,0.2664207410495752,8.0,0.5813953488372093,0.699154890142569,HI-VAE_weibull
0.0068355553031525665,0.952431289640592,0.058003506686384466,0.5539792387543253,0.28021618414060634,8.0,0.6627906976744186,0.7219021691016823,HI-VAE_weibull
0.008293976502943893,0.9439746300211417,0.07510999674130774,0.5430603613994618,0.1707128523150375,9.0,0.4883720930232558,0.6783386093891884,HI-VAE_weibull
0.005957686173153161,0.952431289640592,0.07273968978053105,0.538638985005767,0.27133622862221846,9.0,0.46511627906976744,0.6961971387792123,HI-VAE_weibull
0.006756894513191586,0.9577167019027485,0.04426131584673654,0.4738562091503268,0.15621864825077042,7.0,0.47674418604651164,0.6860072723072997,HI-VAE_weibull
0.00988214454679094,0.9355179704016913,0.05733000113563939,0.6357554786620531,0.1430266283895053,8.0,0.46511627906976744,0.7158289756673307,HI-VAE_weibull
0.006610423048836722,0.9513742071881608,0.03957413441637398,0.6364475201845443,0.1462598693670186,8.0,0.47674418604651164,0.7047249608451612,HI-VAE_weibull
0.007451039010500341,0.9608879492600423,0.08001424194673022,0.607843137254902,0.1799261804732651,10.0,0.5232558139534884,0.7116054757531571,HI-VAE_weibull
0.008303180018679938,0.9556025369978859,0.04541695759679144,0.5943098808150711,0.1431999452154707,9.0,0.5,0.6926177920395983,HI-VAE_weibull
0.005870634656475585,0.9608879492600425,0.018750840808070816,0.5459438677431757,0.20111718026332268,5.0,0.4883720930232558,0.7228675903123959,HI-VAE_weibull
0.008268146077963267,0.945031712473573,0.025671035910713465,0.505920799692426,0.2996717144038025,7.0,0.4883720930232558,0.6799062360117408,HI-VAE_weibull
0.0073048214180198075,0.9460887949260042,0.054955398114684674,0.4915417147251057,0.20790731945502783,7.0,0.5581395348837209,0.6994535774528841,HI-VAE_weibull
0.005085295962498271,0.9566596194503171,0.03340443522469375,0.5539792387543253,0.08720925660118356,4.0,0.5581395348837209,0.7223211454979807,HI-VAE_weibull
0.006784282851785104,0.9503171247357294,0.06230090406849538,0.6571318723567858,0.1849214710886091,10.0,0.47674418604651164,0.7043224305608803,HI-VAE_weibull
0.007818341200713326,0.9492600422832982,0.044186391736926574,0.5693963860053826,0.23337786547192507,7.0,0.4418604651162791,0.6975877704604777,HI-VAE_weibull
0.005219007951751246,0.9587737843551799,0.03978828008790551,0.49109957708573637,0.17580801484039715,8.0,0.5465116279069767,0.6777584131418392,HI-VAE_weibull
0.007069603438674482,0.9598308668076109,0.020633708743494385,0.5725874663590927,0.13437940996533504,6.0,0.5116279069767442,0.7055019976752526,HI-VAE_weibull
0.006009134023960632,0.9651162790697675,0.05579512364160956,0.5370626682045367,0.18013199485963757,8.0,0.47674418604651164,0.6834104821908599,HI-VAE_weibull
0.005970551371147967,0.9460887949260044,0.07648945510958555,0.5749327181853133,0.21532354466955717,7.0,0.5,0.7193167537897132,HI-VAE_weibull
0.007189309338485226,0.9587737843551797,0.05973043035564166,0.47210688196847367,0.11737458119551973,3.0,0.5232558139534884,0.7185462000523771,HI-VAE_weibull
0.007300901351831182,0.9460887949260042,0.08833074662095751,0.5464436755094194,0.12677319969056242,8.0,0.4883720930232558,0.6954934916488299,HI-VAE_weibull
0.008795737495335817,0.9471458773784355,0.09627799990084197,0.5942522106881969,0.2121885067502394,10.0,0.5116279069767442,0.7013089788673625,HI-VAE_weibull
0.008477182824267624,0.9492600422832982,0.032860409325844706,0.5194156093810072,0.18683170318389392,5.0,0.5116279069767442,0.675541047301849,HI-VAE_weibull
0.004411736606574797,0.9661733615221988,0.06263462070927185,0.6282583621683968,0.21193619481161027,10.0,0.5581395348837209,0.6870379309547646,HI-VAE_weibull
0.005849930020041883,0.9545454545454546,0.08943906728540438,0.6083813917723953,0.2878974038007148,9.0,0.45348837209302323,0.6865897358837679,HI-VAE_weibull
0.006090514963931639,0.9566596194503171,0.046763654383261986,0.5897347174163784,0.1217319090099934,6.0,0.5930232558139535,0.6935991161183794,HI-VAE_weibull
0.008504938615713218,0.9513742071881608,0.0362855680849267,0.48635140330642057,0.16526946293170822,6.0,0.5232558139534884,0.715635016362551,HI-VAE_weibull
0.004412044263253253,0.9640591966173363,0.054184175708836185,0.5157247212610534,0.12919550115314052,7.0,0.47674418604651164,0.708145821073385,HI-VAE_weibull
0.005611283607013443,0.9492600422832982,0.038733116046621316,0.5495578623606304,0.1387355405736658,3.0,0.47674418604651164,0.7078280022241267,HI-VAE_weibull
0.007314027148727705,0.9545454545454547,0.05798587987135569,0.6058054594386774,0.15784072164336482,8.0,0.5465116279069767,0.6841952557487165,HI-VAE_weibull
0.006438834388250916,0.9534883720930232,0.027558112791457794,0.6579392541330258,0.13365832243304945,4.0,0.46511627906976744,0.6915932206919099,HI-VAE_weibull
0.009278049640584866,0.9334038054968287,0.05387725743634272,0.6077854671280276,0.16707342373781917,6.0,0.45348837209302323,0.7005705681779517,HI-VAE_weibull
0.005553255951248437,0.9672304439746301,0.03270599694521263,0.5554017685505575,0.10945246484621719,4.0,0.5348837209302325,0.7025802445790013,HI-VAE_weibull
0.0057012138822179126,0.9640591966173361,0.039193780896884606,0.6346405228758171,0.1246737595222425,6.0,0.43023255813953487,0.7125246411868857,HI-VAE_weibull
0.007340342964296958,0.948202959830867,0.046757832713011205,0.5977316416762785,0.35660391781293704,7.0,0.45348837209302323,0.6993552361016097,HI-VAE_weibull
0.005769613316969213,0.9608879492600423,0.06634231218675307,0.545367166474433,0.16585345833847207,8.0,0.46511627906976744,0.6934860362943857,HI-VAE_weibull
0.008639402326938465,0.9376321353065541,0.13090602679187704,0.6153787004998078,0.18508174278084413,12.0,0.5,0.7234119674392465,HI-VAE_weibull
0.005998560360691732,0.9598308668076111,0.08167206631867802,0.6006151480199924,0.20798607355636667,9.0,0.5,0.7039844641349423,HI-VAE_weibull
0.0066858527313689185,0.948202959830867,0.03417333676379288,0.6693194925028834,0.14926701498700964,6.0,0.5581395348837209,0.6973087418557533,HI-VAE_weibull
0.007805156080593557,0.9471458773784356,0.041841810481289675,0.5768935024990388,0.08113303899251366,2.0,0.5465116279069767,0.7026627337811122,HI-VAE_weibull
0.006820798802343041,0.9513742071881606,0.07920074670753639,0.5273356401384083,0.29746151434963997,10.0,0.5,0.6870039999770935,HI-VAE_weibull
0.0058464120433946295,0.9608879492600425,0.05086712997708425,0.5982698961937716,0.15404834573476878,7.0,0.5348837209302325,0.6969492021477147,HI-VAE_weibull
0.005141331878423163,0.9661733615221987,0.0471768014676812,0.5238369857747021,0.15471215968011726,8.0,0.5,0.6628912741291582,HI-VAE_weibull
0.005388673438445832,0.9608879492600423,0.027139994606475173,0.5206459054209919,0.128588498382909,3.0,0.5232558139534884,0.6955509720213875,HI-VAE_weibull
0.006467605989722688,0.9598308668076109,0.01698246002603077,0.6015763168012304,0.12724134828613545,6.0,0.4418604651162791,0.6947672088523217,HI-VAE_weibull
0.007903249390014948,0.948202959830867,0.07046943175149427,0.626643598615917,0.13235837338244483,8.0,0.43023255813953487,0.7030824107664531,HI-VAE_weibull
0.004829262613024846,0.9651162790697673,0.03357101793773854,0.5850442137639369,0.11324486500912957,3.0,0.4418604651162791,0.7203759266706956,HI-VAE_weibull
0.007717937196040679,0.9471458773784356,0.05860720761444382,0.48423683198769696,0.18874494361715027,8.0,0.5581395348837209,0.7157358132082845,HI-VAE_weibull
0.006593276464681977,0.9608879492600423,0.03926754339321205,0.5535947712418301,0.12417564742906556,8.0,0.5348837209302325,0.6929198460032572,HI-VAE_weibull
0.00722999438565557,0.9566596194503171,0.020785796065145717,0.5397539407920031,0.28620609899997745,5.0,0.5348837209302325,0.657792799821042,HI-VAE_weibull
0.006922206526142452,0.9460887949260042,0.0665560447704569,0.6023068050749713,0.16415274513392145,10.0,0.5,0.7104783470277954,HI-VAE_weibull
0.008089198650776746,0.9408033826638479,0.120189364359875,0.61680123029604,0.23378060163945227,11.0,0.43023255813953487,0.712274651803568,HI-VAE_weibull
0.006927617794857852,0.9556025369978859,0.03462229582556477,0.555594002306805,0.11883319852403397,6.0,0.6046511627906976,0.680206779593039,HI-VAE_weibull
0.006611299587996749,0.9534883720930233,0.025147750402884434,0.5283737024221453,0.13120178459494072,6.0,0.5813953488372093,0.6895467577067981,HI-VAE_weibull
0.006515728719971587,0.9566596194503173,0.05783682495995321,0.5618608227604767,0.20992038898425117,8.0,0.5116279069767442,0.6704068228857551,HI-VAE_weibull
0.00791107882460931,0.945031712473573,0.09337494567872301,0.5323721645520954,0.1205694129670075,7.0,0.47674418604651164,0.7008084490513051,HI-VAE_weibull
0.0075572357748973215,0.9503171247357295,0.1019082575313041,0.5190695886197616,0.2500465301508529,11.0,0.46511627906976744,0.7176820059288385,HI-VAE_weibull
0.005630072336221912,0.9482029598308668,0.05883484207855624,0.6254133025759323,0.1738218257195996,5.0,0.45348837209302323,0.679485226840496,HI-VAE_weibull
0.007754865856593501,0.9429175475687104,0.05352620611884116,0.5920415224913496,0.1589414122847732,9.0,0.45348837209302323,0.7098178829991265,HI-VAE_weibull
0.006823070133263011,0.9566596194503171,0.06651314841369871,0.5118800461361015,0.14165120711880463,8.0,0.5465116279069767,0.6884567325261738,HI-VAE_weibull
0.006228482815377947,0.9630021141649049,0.03722099113712821,0.5377739331026529,0.1281150371821882,5.0,0.5581395348837209,0.6465068769255496,HI-VAE_piecewise
0.007217623386383848,0.9524312896405921,0.07905132004544577,0.6164359861591695,0.15465637351564382,6.0,0.5232558139534884,0.6478528812750205,HI-VAE_piecewise
0.00571596296646148,0.9598308668076111,0.03853617500234531,0.5568627450980392,0.3024045209967772,10.0,0.45348837209302323,0.6734225618260588,HI-VAE_piecewise
0.006466372229597477,0.9651162790697673,0.05981364983371608,0.5148981161091888,0.19759172812956405,7.0,0.5348837209302325,0.6708816375453084,HI-VAE_piecewise
0.0071120355319686185,0.9630021141649049,0.06347083247790684,0.49830834294502113,0.12426642893038299,4.0,0.5116279069767442,0.696699826731708,HI-VAE_piecewise
0.006545756830671606,0.9630021141649049,0.048441338596804884,0.5232602845059593,0.09634682845833217,4.0,0.47674418604651164,0.6518132125278329,HI-VAE_piecewise
0.005299081561116167,0.9661733615221987,0.025605876082326152,0.6252979623221837,0.11228253342373562,5.0,0.5116279069767442,0.6553620865628892,HI-VAE_piecewise
0.006568872622771513,0.9577167019027485,0.06496848080958648,0.5454056132256825,0.13579748741773676,5.0,0.5116279069767442,0.6559512688314596,HI-VAE_piecewise
0.007882923340751259,0.9556025369978859,0.03243996220906197,0.595040369088812,0.22081388685144693,8.0,0.5930232558139535,0.6788649914388625,HI-VAE_piecewise
0.0058266866594845375,0.9534883720930233,0.0377696796410531,0.54640522875817,0.20780105130887577,6.0,0.627906976744186,0.6634076890106538,HI-VAE_piecewise
0.004959424728040113,0.9693446088794925,0.047867428456382644,0.5666666666666667,0.23853519192767747,7.0,0.5116279069767442,0.6611757190166572,HI-VAE_piecewise
0.0062262355213094705,0.9640591966173363,0.04374888021327012,0.5487120338331412,0.1292393626729708,3.0,0.5232558139534884,0.6580507629242415,HI-VAE_piecewise
0.009673905202594209,0.9460887949260042,0.07616054183206453,0.6066897347174164,0.12663138853751088,5.0,0.5116279069767442,0.6789316950782088,HI-VAE_piecewise
0.00816123870138104,0.952431289640592,0.058372093007628585,0.5739715494040754,0.1660416107410383,4.0,0.5,0.6550049295199021,HI-VAE_piecewise
0.006980890433820644,0.9556025369978859,0.051982966928026855,0.6079969242598999,0.16073670981413601,10.0,0.47674418604651164,0.6560330111344277,HI-VAE_piecewise
0.006489156265153242,0.9630021141649049,0.027819448095985636,0.5567089580930411,0.22518909285994557,7.0,0.5116279069767442,0.6704167727308509,HI-VAE_piecewise
0.006003169825533266,0.9598308668076111,0.022046379715563287,0.5207612456747406,0.22854455228113715,7.0,0.5,0.676063476789687,HI-VAE_piecewise
0.00765310561444216,0.9545454545454546,0.041319179734593016,0.6007689350249905,0.19226207272992737,8.0,0.5116279069767442,0.6591698752068325,HI-VAE_piecewise
0.0080363386883971,0.9534883720930233,0.05143235405066072,0.554632833525567,0.08969871091387661,3.0,0.4883720930232558,0.6231296334887317,HI-VAE_piecewise
0.006047783150001651,0.9651162790697675,0.018570795953531546,0.4799307958477509,0.08101419862046882,6.0,0.5232558139534884,0.6253850881945527,HI-VAE_piecewise
0.004937132103277516,0.9682875264270614,0.026567880257602195,0.4706651287966167,0.09788280509770046,4.0,0.5116279069767442,0.6765131049348523,HI-VAE_piecewise
0.007174854935780431,0.9577167019027484,0.07530767702135807,0.623606305267205,0.16618574530759045,3.0,0.5116279069767442,0.6594882800025168,HI-VAE_piecewise
0.006072739015539141,0.9661733615221988,0.030301270958510665,0.5667820069204152,0.15422677671811358,7.0,0.5465116279069767,0.6467886097592719,HI-VAE_piecewise
0.006395092905700797,0.9619450317124737,0.028501520575594373,0.5753171856978085,0.14725446772381753,3.0,0.43023255813953487,0.6452967638728005,HI-VAE_piecewise
0.006205598159136988,0.9661733615221988,0.037939901876429566,0.463360246059208,0.1590012007332738,8.0,0.4418604651162791,0.6438027308776516,HI-VAE_piecewise
0.009471548120610358,0.9513742071881608,0.04555412538305148,0.5490965013456363,0.19942481436637916,3.0,0.5581395348837209,0.6529727512788553,HI-VAE_piecewise
0.004881371601043174,0.9672304439746302,0.019276659807151784,0.5539023452518262,0.18139272735927384,8.0,0.5232558139534884,0.6750258605555497,HI-VAE_piecewise
0.005695540619497937,0.9651162790697675,0.039569421744185714,0.5191080353710111,0.14469200922302725,6.0,0.5348837209302325,0.6799042493074491,HI-VAE_piecewise
0.0059639592627596496,0.9682875264270613,0.025752594874179094,0.5269127258746635,0.14298526637984116,6.0,0.47674418604651164,0.6809659453707234,HI-VAE_piecewise
0.006371019979193001,0.9672304439746301,0.020060652796500517,0.6254133025759324,0.20108636229727217,7.0,0.5581395348837209,0.640383267263849,HI-VAE_piecewise
0.003522169059371753,0.9767441860465117,0.030178346912745128,0.5648212226066897,0.19257220833307162,7.0,0.5232558139534884,0.6457097598737677,HI-VAE_piecewise
0.0070009500017397695,0.9556025369978858,0.04357555854624519,0.6422145328719723,0.20158367375531394,5.0,0.5581395348837209,0.6542334154489348,HI-VAE_piecewise
0.006509831437095212,0.9556025369978859,0.04817667589324867,0.543598615916955,0.14123482934175616,7.0,0.5,0.6568847759703645,HI-VAE_piecewise
0.006909329561663152,0.9577167019027485,0.03224037642271836,0.6084967320261437,0.14722553656491152,7.0,0.5348837209302325,0.6819710855659948,HI-VAE_piecewise
0.006623396728164444,0.9598308668076111,0.03380761448975445,0.5455594002306805,0.0789372622824323,1.0,0.46511627906976744,0.6770208836587092,HI-VAE_piecewise
0.004691435399621005,0.9693446088794926,0.02913756766076445,0.5211457131872357,0.1860892725896898,7.0,0.47674418604651164,0.664658561515388,HI-VAE_piecewise
0.007959118127648832,0.9556025369978859,0.07839165758750656,0.5407535563244906,0.1014693602544198,3.0,0.46511627906976744,0.6624116424870338,HI-VAE_piecewise
0.005501235587142803,0.9640591966173363,0.026177303809953197,0.60319108035371,0.16579799653170427,4.0,0.4883720930232558,0.6440080046745829,HI-VAE_piecewise
0.005836699271945944,0.9619450317124737,0.042772629304802134,0.617839292579777,0.14830536494914512,9.0,0.4883720930232558,0.653519341835982,HI-VAE_piecewise
0.006556490946866681,0.9587737843551799,0.045819593738921645,0.5404075355632448,0.23738743825203004,9.0,0.5232558139534884,0.6602583224061179,HI-VAE_piecewise
0.004928965561166853,0.9693446088794926,0.046105264541088174,0.596155324875048,0.13852225659944387,3.0,0.5581395348837209,0.6411486540875844,HI-VAE_piecewise
0.006187106436903975,0.9640591966173363,0.027802967632994856,0.513033448673587,0.14094645438146972,4.0,0.5116279069767442,0.6782077992841621,HI-VAE_piecewise
0.008499867529276343,0.9587737843551799,0.057863875695802404,0.5391387927720108,0.1170008938445121,4.0,0.5697674418604651,0.673835766015182,HI-VAE_piecewise
0.004997613062648473,0.9661733615221988,0.030947870634110985,0.5143406382160708,0.1456231275377145,4.0,0.5465116279069767,0.6369104188618371,HI-VAE_piecewise
0.008655093383273941,0.9534883720930233,0.05268508364959442,0.5643214148404458,0.096102882759093,5.0,0.46511627906976744,0.6392245167090634,HI-VAE_piecewise
0.006346111707261568,0.9630021141649049,0.03380195775987391,0.5638985005767012,0.15680008718415414,5.0,0.627906976744186,0.6549610330305938,HI-VAE_piecewise
0.008060396763532492,0.945031712473573,0.07614466566924584,0.6435793925413303,0.14950829354856446,10.0,0.5348837209302325,0.6894596859899552,HI-VAE_piecewise
0.006247312323202915,0.9651162790697675,0.03831831824908589,0.5560553633217993,0.18057553418329067,7.0,0.5581395348837209,0.6565459206940373,HI-VAE_piecewise
0.005406716620333596,0.9651162790697675,0.023905840500427197,0.5273356401384083,0.1529490372393621,5.0,0.5465116279069767,0.6831152403369767,HI-VAE_piecewise
0.004433627669026345,0.970401691331924,0.026255853035484077,0.4963091118800461,0.15703727342897505,6.0,0.5232558139534884,0.6497374580191122,HI-VAE_piecewise
0.005402217074019866,0.9640591966173361,0.022795179910748035,0.5229911572472126,0.23302869707588558,7.0,0.5581395348837209,0.6774197740852215,HI-VAE_piecewise
0.00650395257961307,0.9577167019027484,0.04025749638186556,0.5532487504805844,0.16410156917847324,3.0,0.5348837209302325,0.6684875714646239,HI-VAE_piecewise
0.006092205243600229,0.9608879492600423,0.02829646824285643,0.564475201845444,0.15075021810100475,6.0,0.4883720930232558,0.6537161874649497,HI-VAE_piecewise
0.005928799369342271,0.9693446088794925,0.06147537752703074,0.5065359477124183,0.3544446088615589,8.0,0.5,0.6583999910986649,HI-VAE_piecewise
0.006006018657068206,0.9577167019027485,0.09698254409629599,0.5014994232987313,0.19880948044941113,12.0,0.5697674418604651,0.6692822274604435,HI-VAE_piecewise
0.005597527393077372,0.9630021141649049,0.03879373844452198,0.526797385620915,0.12535447954560003,5.0,0.5581395348837209,0.6720870826745694,HI-VAE_piecewise
0.006136112760391373,0.9651162790697675,0.03854835726282341,0.6310073048827374,0.16482628077039957,4.0,0.5116279069767442,0.6649232077343832,HI-VAE_piecewise
0.00662378245894262,0.9640591966173361,0.047139552233182176,0.5750865051903113,0.19772619950312725,5.0,0.5465116279069767,0.6775399944017868,HI-VAE_piecewise
0.005475514380554805,0.9640591966173363,0.051957789031595515,0.5115724721261053,0.11227191303021908,9.0,0.46511627906976744,0.6649467899257597,HI-VAE_piecewise
0.0044695362607861,0.9672304439746301,0.051337936426888414,0.5416378316032295,0.165973261240405,6.0,0.4883720930232558,0.664595477047511,HI-VAE_piecewise
0.006566939375871213,0.9608879492600425,0.05455733987590291,0.5559592464436756,0.15074283389989065,9.0,0.4883720930232558,0.6349366298135664,HI-VAE_piecewise
0.005310997201523305,0.9672304439746301,0.027747025142191267,0.5748173779315648,0.26563598281389184,6.0,0.5348837209302325,0.6691179796530635,HI-VAE_piecewise
0.005418136811583399,0.9661733615221988,0.02398197614361958,0.5738177623990773,0.15802352642621517,6.0,0.5465116279069767,0.6657043177739266,HI-VAE_piecewise
0.00636387432508491,0.9630021141649049,0.04052161548840427,0.5924644367550942,0.10303749478451316,7.0,0.5348837209302325,0.6594318926588402,HI-VAE_piecewise
0.009610608602671333,0.9482029598308668,0.07675709629933922,0.6060361399461746,0.15850521808356463,5.0,0.5,0.6564758244638923,HI-VAE_piecewise
0.007959103399093167,0.9534883720930233,0.06132218121780877,0.5820453671664745,0.24230527897951334,8.0,0.5697674418604651,0.6765091446775796,HI-VAE_piecewise
0.005374541945090448,0.9661733615221988,0.041542589472859014,0.564552095347943,0.19891405370467663,8.0,0.5348837209302325,0.6780179573225854,HI-VAE_piecewise
0.0045553698298061,0.9682875264270614,0.023027604160488695,0.4854286812764321,0.17964959712648107,6.0,0.5465116279069767,0.6466067825029925,HI-VAE_piecewise
0.006275139654467129,0.9598308668076111,0.03754730732444314,0.46193771626297575,0.11985467449912514,8.0,0.5,0.6701969580936666,HI-VAE_piecewise
0.00595062145631195,0.9651162790697676,0.02200458113739887,0.6506343713956171,0.13907803551064507,4.0,0.5116279069767442,0.6459294860904476,HI-VAE_piecewise
0.004682884644285922,0.9714587737843552,0.038380302793992994,0.47212610534409843,0.14765444285521676,6.0,0.5581395348837209,0.6592734169429431,HI-VAE_piecewise
0.005940012604836221,0.9672304439746301,0.019740566122455828,0.5371011149557863,0.1959477034073629,4.0,0.5697674418604651,0.6573739047905331,HI-VAE_piecewise
0.005210940032895496,0.9651162790697676,0.01942801658423385,0.4647058823529412,0.1414226246320188,6.0,0.47674418604651164,0.6528221363276985,HI-VAE_piecewise
0.006313068993730525,0.9661733615221988,0.04637227100788368,0.6218762014609766,0.11199842272555854,5.0,0.5232558139534884,0.673826761835654,HI-VAE_piecewise
0.006854342707744321,0.9577167019027485,0.04988481369191326,0.6002691272587466,0.13563294150606692,5.0,0.5348837209302325,0.6605749163453141,HI-VAE_piecewise
0.006470790030607423,0.9598308668076111,0.07134055889960969,0.5788542868127643,0.12181063733318667,7.0,0.5465116279069767,0.6368341580522976,HI-VAE_piecewise
0.006104057622452467,0.963002114164905,0.02471974755481696,0.506958861976163,0.09733190629063762,7.0,0.5,0.674404495179115,HI-VAE_piecewise
0.006502279314887492,0.9556025369978859,0.06984532337555616,0.5630526720492119,0.20381452219644947,9.0,0.45348837209302323,0.6651610018196997,HI-VAE_piecewise
0.006152329226889106,0.9608879492600423,0.029908919200398263,0.4973471741637832,0.15842414423942022,8.0,0.4883720930232558,0.678886765017352,HI-VAE_piecewise
0.005697370055836356,0.9651162790697676,0.022442947250608847,0.44344482891195697,0.1512310654553087,4.0,0.5581395348837209,0.6743380058660046,HI-VAE_piecewise
0.006547576672010737,0.9619450317124737,0.03935672991342815,0.5459438677431757,0.09963509826060174,2.0,0.5348837209302325,0.6721373795794302,HI-VAE_piecewise
0.0070472265943154555,0.9566596194503171,0.05362702365215899,0.4737216455209535,0.13996545457753407,10.0,0.5348837209302325,0.6480440850125487,HI-VAE_piecewise
0.00686239604517186,0.9661733615221987,0.027773168190206664,0.5557862360630527,0.20043141155608565,8.0,0.5116279069767442,0.6865202190790427,HI-VAE_piecewise
0.007345072779880196,0.9556025369978858,0.057911795252664176,0.5454056132256824,0.23954329777325592,9.0,0.5348837209302325,0.6766735600131049,HI-VAE_piecewise
0.005914136279113636,0.9534883720930233,0.032097964981583044,0.5804306036139945,0.11487078442594106,7.0,0.5348837209302325,0.6507634460706749,HI-VAE_piecewise
0.006995960297225449,0.9598308668076109,0.04123249815359245,0.5898500576701269,0.18463948354544885,9.0,0.5232558139534884,0.6817945548184798,HI-VAE_piecewise
0.004992521810254867,0.9693446088794926,0.024591487397746577,0.5275278738946559,0.17582631100236543,3.0,0.5697674418604651,0.6672537598949105,HI-VAE_piecewise
0.008158732267077013,0.952431289640592,0.0656911134385074,0.46943483275663206,0.2655519184001664,10.0,0.4883720930232558,0.6627914775681534,HI-VAE_piecewise
0.007950397843781916,0.9587737843551799,0.06010377577874736,0.46293733179546326,0.23616794928959922,6.0,0.5697674418604651,0.6455651080661132,HI-VAE_piecewise
0.005822575142696534,0.9630021141649049,0.022965200563018113,0.43294886582083814,0.16000174412410847,6.0,0.5813953488372093,0.6730794138541956,HI-VAE_piecewise
0.0054851018088261805,0.9608879492600423,0.040981248002522785,0.5328335255670896,0.16077645203148122,5.0,0.4883720930232558,0.6671408315331917,HI-VAE_piecewise
0.006015792653759524,0.9661733615221987,0.042067203944421226,0.5221837754709726,0.16420576183271024,8.0,0.5,0.681497087991013,HI-VAE_piecewise
0.006387820953311463,0.9640591966173363,0.0426062824002507,0.5710495963091119,0.141136695887057,7.0,0.5,0.6701771668698832,HI-VAE_piecewise
0.008154630534142372,0.9534883720930233,0.10289633776813623,0.514878892733564,0.24763205430795945,8.0,0.43023255813953487,0.6705858248918518,HI-VAE_piecewise
0.005145125386100426,0.9693446088794928,0.02711056560032841,0.5048058439061899,0.15173049298061791,4.0,0.5,0.6552616409390991,HI-VAE_piecewise
0.006137810314775615,0.9630021141649049,0.037497712699158706,0.4992118415993848,0.12421266527429921,6.0,0.5,0.6641978966455314,HI-VAE_piecewise
0.006613168561444747,0.9598308668076111,0.03464405947079942,0.556401384083045,0.1507311190939428,5.0,0.4883720930232558,0.6718756242435606,HI-VAE_piecewise
0.010111383418926763,0.9376321353065539,0.04297070748960959,0.49427143406382157,0.25487224714421547,6.0,0.4883720930232558,0.666636630940987,HI-VAE_piecewise
0.006738334738242795,0.9608879492600423,0.02214043152319242,0.506958861976163,0.13649339003235994,6.0,0.5232558139534884,0.6761486237619769,HI-VAE_piecewise
0.008882731768257539,0.9534883720930233,0.0704601280026235,0.6134563629373317,0.20368299858715802,7.0,0.4418604651162791,0.6637499959651174,HI-VAE_piecewise
0.005368430694566625,0.9619450317124735,0.033684531310542186,0.5475201845444061,0.1626076517976646,5.0,0.47674418604651164,0.6662346585325527,HI-VAE_piecewise
0.0046425046307092205,0.9682875264270614,0.030352204279945345,0.5331218762014611,0.10954728689261545,6.0,0.46511627906976744,0.6516619354746304,HI-VAE_piecewise
0.005620981002993766,0.9651162790697675,0.032151979212975794,0.6171472510572856,0.08415711801965435,9.0,0.5813953488372093,0.638828900719069,HI-VAE_piecewise
0.004470572914488693,0.9714587737843552,0.01953356808677111,0.5592848904267589,0.10583437314791312,7.0,0.5581395348837209,0.6312375216558861,HI-VAE_piecewise
0.005254275714312539,0.9661733615221988,0.037165017582284604,0.531276432141484,0.286735355629165,6.0,0.6046511627906976,0.6905160183399164,HI-VAE_piecewise
0.0056993519496663205,0.9608879492600423,0.03243691469438158,0.5426182237600922,0.09672051748423081,6.0,0.46511627906976744,0.6463295310189625,HI-VAE_piecewise
0.007267149673832948,0.9545454545454546,0.05103546376629195,0.5773548635140331,0.17000708931876643,5.0,0.5116279069767442,0.6560535991928498,HI-VAE_piecewise
0.005129522724458846,0.9682875264270614,0.03169989886265716,0.6071895424836601,0.12670689343832425,5.0,0.45348837209302323,0.6677524625048059,HI-VAE_piecewise
0.0061970878017475195,0.9534883720930233,0.03857015228262161,0.6465590157631679,0.25583494507807597,7.0,0.5581395348837209,0.6662537069063947,HI-VAE_piecewise
0.0055570297452606394,0.9598308668076111,0.022022849229222752,0.5709342560553633,0.16687319405026152,4.0,0.46511627906976744,0.6641672281387687,HI-VAE_piecewise
0.005846400664721766,0.9608879492600425,0.028712432786872178,0.6131103421760862,0.18801916295073448,6.0,0.4883720930232558,0.6796638942744293,HI-VAE_piecewise
0.006285156803613006,0.9587737843551797,0.03374048808747326,0.5627835447904653,0.1546260800177123,6.0,0.45348837209302323,0.6961690041594375,HI-VAE_piecewise
0.0069514969584145055,0.9640591966173361,0.02501942317284367,0.5624759707804691,0.10165935864239695,6.0,0.43023255813953487,0.6636741035829453,HI-VAE_piecewise
0.006730538331440373,0.9630021141649049,0.03222814018912787,0.5955017301038061,0.154949832253807,4.0,0.46511627906976744,0.6914160601781786,HI-VAE_piecewise
0.0063708445645096765,0.9661733615221988,0.02249093995344416,0.6580545943867743,0.11441647376967513,4.0,0.5232558139534884,0.6489293191459817,HI-VAE_piecewise
0.004855087550483131,0.9693446088794926,0.018488527035647503,0.5625913110342177,0.25366244179928615,8.0,0.5930232558139535,0.6694012686929572,HI-VAE_piecewise
0.006271010251067239,0.9651162790697675,0.025560583268617966,0.5321030372933487,0.08132648473397372,6.0,0.4418604651162791,0.6826812656310294,HI-VAE_piecewise
0.0067870857313486795,0.9566596194503171,0.03887129175832243,0.5747020376778162,0.26264841720847615,5.0,0.5348837209302325,0.6637832916564109,HI-VAE_piecewise
0.005013445154455177,0.9672304439746301,0.026403004682677266,0.6131103421760862,0.08552266577014102,4.0,0.47674418604651164,0.6980492329135496,HI-VAE_piecewise
0.007086977059532423,0.9608879492600423,0.04360801565026773,0.49780853517877743,0.20070245376174317,4.0,0.4418604651162791,0.6608573572532099,HI-VAE_piecewise
0.006623869067261887,0.9587737843551799,0.026581443172021612,0.5965397923875433,0.17849802710429172,7.0,0.5465116279069767,0.6487357160481318,HI-VAE_piecewise
0.007641001890215455,0.9503171247357294,0.07528301263663056,0.5654748173779315,0.22436978141620656,7.0,0.5813953488372093,0.679471501092818,HI-VAE_piecewise
0.004722380382075494,0.9714587737843552,0.030226604660244585,0.5231449442522107,0.12649773110140758,3.0,0.5813953488372093,0.6671407625918584,HI-VAE_piecewise
0.005956562098339848,0.9714587737843551,0.0210047739297753,0.5332564398308343,0.10725075417143984,8.0,0.5,0.6654480665653352,HI-VAE_piecewise
0.006975421410981125,0.9545454545454546,0.08642784046306141,0.5318531334102269,0.1983556900568605,8.0,0.4883720930232558,0.670151562369826,HI-VAE_piecewise
0.0069402135852530975,0.9545454545454546,0.035581243322920925,0.5639753940792003,0.2499147257743685,9.0,0.4418604651162791,0.6669805084482299,HI-VAE_piecewise
0.010294844808678037,0.9429175475687104,0.07932725447127136,0.6011149557862361,0.18539013545996616,6.0,0.5116279069767442,0.6631204141083306,HI-VAE_piecewise
0.004875954745370383,0.9693446088794926,0.022415534791455336,0.48742791234140714,0.14456017105833935,8.0,0.5465116279069767,0.6741165310305152,HI-VAE_piecewise
0.006146513430954164,0.9630021141649049,0.03417071021272721,0.5181853133410226,0.12478521177202241,4.0,0.5348837209302325,0.6521959299642437,HI-VAE_piecewise
0.00502008500235396,0.9661733615221988,0.025497749407734315,0.5465974625144174,0.12950110296479608,4.0,0.4418604651162791,0.6645927642029257,HI-VAE_piecewise
0.0056459888728363885,0.9672304439746301,0.042583172011366924,0.5604959630911187,0.1159844502347399,5.0,0.5348837209302325,0.6859699965409752,HI-VAE_piecewise
0.006097047432119956,0.9608879492600423,0.059930146808184474,0.479123414071511,0.21612748979630436,10.0,0.5581395348837209,0.680910033542943,HI-VAE_piecewise
0.007331899714446577,0.9608879492600425,0.03135915292522083,0.5386774317570164,0.095109695570842,5.0,0.5232558139534884,0.6652712752020923,HI-VAE_piecewise
0.006118273417488646,0.9619450317124737,0.02960989368664909,0.5964244521337947,0.11932260589743825,6.0,0.5581395348837209,0.673402634658763,HI-VAE_piecewise
0.007197838668251585,0.9598308668076109,0.04152850722726942,0.45601691657054977,0.10353558358469395,3.0,0.46511627906976744,0.6537103172884949,HI-VAE_piecewise
0.006520404475252711,0.9640591966173363,0.0393403614443295,0.5476739715494041,0.1491381780074597,3.0,0.47674418604651164,0.6661373662199551,HI-VAE_piecewise
0.0060013912114587975,0.9661733615221988,0.056851895892409646,0.48742791234140714,0.12861186415480894,8.0,0.5465116279069767,0.6605540355528164,HI-VAE_piecewise
0.0064097564764307585,0.9608879492600423,0.02635329423299008,0.5753364090734332,0.1014021115790693,7.0,0.5813953488372093,0.6637106260180657,HI-VAE_piecewise
0.00715153191306256,0.9545454545454546,0.04190910767607829,0.5500576701268741,0.0917753714793892,2.0,0.5116279069767442,0.6542995224066405,HI-VAE_piecewise
0.0074278291109462794,0.9534883720930233,0.02666286940196462,0.5945021145713187,0.2165588062501092,3.0,0.5116279069767442,0.670124161332612,HI-VAE_piecewise
0.009574116173142551,0.9429175475687104,0.059009820521225775,0.5912725874663591,0.23034162806086705,6.0,0.5581395348837209,0.667463207936039,HI-VAE_piecewise
0.007073190342940314,0.9598308668076111,0.053405197463161996,0.5043829296424451,0.19431879585578213,6.0,0.4883720930232558,0.667005465982087,HI-VAE_piecewise
0.005098076786056813,0.9672304439746301,0.033500279530575494,0.5064975009611687,0.17633635478357282,5.0,0.6046511627906976,0.6508068893725083,HI-VAE_piecewise
0.0074812009114504415,0.9545454545454546,0.10246598816663997,0.5796616685890043,0.16445804910872516,6.0,0.5465116279069767,0.6574649897088786,HI-VAE_piecewise
0.00873274173739293,0.952431289640592,0.04993644454841237,0.5573241061130334,0.18780134518278874,6.0,0.5232558139534884,0.6779346571352309,HI-VAE_piecewise
0.005165190689109544,0.9682875264270614,0.019654057181693208,0.5298731257208766,0.25600425125095855,9.0,0.4883720930232558,0.6928267120661421,HI-VAE_piecewise
0.006046853323505092,0.9619450317124737,0.030614162196447556,0.5961937716262976,0.24656001807593883,7.0,0.5465116279069767,0.672581092972243,HI-VAE_piecewise
0.006449494118119031,0.9608879492600425,0.06055507971748083,0.47827758554402144,0.18612162427155746,6.0,0.5697674418604651,0.6573198377805942,HI-VAE_piecewise
0.005395021949380982,0.9672304439746301,0.028163704532406717,0.5602845059592464,0.10459145313892698,5.0,0.5116279069767442,0.6412960894096893,HI-VAE_piecewise
0.00851572884448235,0.9534883720930233,0.026134119201720703,0.5303729334871203,0.1459054471429197,6.0,0.5,0.6449369524460011,HI-VAE_piecewise
0.007495619609168464,0.952431289640592,0.08490650576419222,0.5838139177239523,0.1439259512025947,8.0,0.5348837209302325,0.6604948649517971,HI-VAE_piecewise
0.0059125457872154985,0.9630021141649049,0.04381891905731243,0.4459823144944252,0.17749915307317696,6.0,0.5581395348837209,0.6662139871738162,HI-VAE_piecewise
0.0067776648334593815,0.9545454545454547,0.02107126191597535,0.49896193771626296,0.16659557357752725,6.0,0.5465116279069767,0.6598788317589753,HI-VAE_piecewise
0.005813968409292761,0.9619450317124737,0.04804379382065016,0.5509034986543636,0.08882484575740267,1.0,0.4883720930232558,0.6434073699986579,HI-VAE_piecewise
0.008690560765983783,0.9545454545454546,0.055294281511208354,0.5680123029603998,0.16345442560636506,8.0,0.46511627906976744,0.6626179275768067,HI-VAE_piecewise
0.005025302108109797,0.9767441860465116,0.031568079318667154,0.42360630526720494,0.20654366198646432,5.0,0.5581395348837209,0.643541826180791,HI-VAE_piecewise
0.006312558810034921,0.9630021141649049,0.021336956136905744,0.5748942714340639,0.22570543810397933,7.0,0.5581395348837209,0.6888340781325716,HI-VAE_piecewise
0.005729309141641616,0.9672304439746301,0.025532217363730562,0.5464436755094194,0.15602489232376138,4.0,0.4883720930232558,0.64133008030321,HI-VAE_piecewise
0.006270179976870367,0.9619450317124735,0.038100247244606006,0.578085351787774,0.1307452203001013,3.0,0.5,0.6829762766062284,HI-VAE_piecewise
0.008438939466133399,0.9418604651162791,0.13406480404256518,0.5388696655132642,0.21525383085791555,8.0,0.4418604651162791,0.6950629089536967,HI-VAE_piecewise
0.005156977827023477,0.9640591966173363,0.023594746730456896,0.5549788542868128,0.12237891404999732,5.0,0.45348837209302323,0.6433944701198708,HI-VAE_piecewise
0.006523488926338364,0.9640591966173363,0.05351455476032056,0.6237985390234525,0.18377197563224618,4.0,0.5,0.6548777786353898,HI-VAE_piecewise
0.00849086913769047,0.9524312896405921,0.10136944259738974,0.6365244136870434,0.235320215566324,6.0,0.5232558139534884,0.697045667317421,HI-VAE_piecewise
0.006675074118513677,0.9608879492600423,0.04818471311794345,0.49361783929257974,0.16180637544103832,5.0,0.5581395348837209,0.6471031274819602,HI-VAE_piecewise
0.006563238112456907,0.9651162790697675,0.04035613724039117,0.5861591695501731,0.14370353816838033,5.0,0.5465116279069767,0.6871361781796426,HI-VAE_piecewise
0.005152647973199261,0.9651162790697675,0.01803467780752838,0.5906189926951173,0.13070451530192878,5.0,0.5348837209302325,0.6653247558397624,HI-VAE_piecewise
0.007315972769578871,0.9534883720930233,0.042524772108517496,0.4454440599769319,0.21530519673641033,8.0,0.5813953488372093,0.6642299941457653,HI-VAE_piecewise
0.007227921684885574,0.9577167019027485,0.04809870697467044,0.5471741637831603,0.08476130910525916,10.0,0.5232558139534884,0.675802389604817,HI-VAE_piecewise
0.005157601519536284,0.9693446088794926,0.025973708443746406,0.4289504036908881,0.16678207600977188,6.0,0.6046511627906976,0.6539791933922495,HI-VAE_piecewise
0.007373180058293974,0.9587737843551797,0.05672454431856928,0.5652441368704345,0.16800686911297708,8.0,0.5813953488372093,0.6529185985209955,HI-VAE_piecewise
0.005654809098883603,0.9556025369978859,0.04944175069763245,0.5838908112264514,0.1200420204626132,4.0,0.46511627906976744,0.6547009200222528,HI-VAE_piecewise
0.006966581831523317,0.9619450317124735,0.03329905141472278,0.5928489042675894,0.08648681924885153,6.0,0.5232558139534884,0.6672103934902671,HI-VAE_piecewise
0.009052398838467037,0.9534883720930232,0.08199404826697794,0.5137639369473279,0.27055261841779643,6.0,0.5348837209302325,0.6666008486403082,HI-VAE_piecewise
0.006754712340368555,0.9598308668076111,0.024946500957588994,0.6031141868512111,0.2825282048392087,7.0,0.5,0.681431520804624,HI-VAE_piecewise
0.00640602743424397,0.9587737843551797,0.025529105695850766,0.4792195309496347,0.17213270715400583,5.0,0.5348837209302325,0.6629806795104429,HI-VAE_piecewise
0.006345503834957341,0.9640591966173361,0.023974378233244616,0.5371011149557863,0.10760083934369231,5.0,0.4883720930232558,0.649710363268975,HI-VAE_piecewise
0.005379353322245225,0.9651162790697675,0.025928554503398586,0.6047673971549404,0.1640664271628111,9.0,0.5,0.665066725044357,HI-VAE_piecewise
0.005466579537425223,0.9672304439746301,0.03848783067844895,0.4615916955017301,0.12454280777398635,7.0,0.5232558139534884,0.6477382245860649,HI-VAE_piecewise
0.00805092045611111,0.9524312896405921,0.015555631142061373,0.5766243752402922,0.1570955697485499,8.0,0.5,0.654345303561455,HI-VAE_piecewise
0.008210865715209376,0.952431289640592,0.0413243328762459,0.556478277585544,0.15658518036099234,5.0,0.4883720930232558,0.6788676916139575,HI-VAE_piecewise
0.004872893938905568,0.9735729386892178,0.030368821642819368,0.5160707420222992,0.1246530595090809,5.0,0.47674418604651164,0.6283848937053769,HI-VAE_piecewise
0.004970283617629834,0.9651162790697675,0.02740085570586662,0.5542099192618224,0.20221356772076046,5.0,0.5116279069767442,0.6697852797979201,HI-VAE_piecewise
0.005444110067399476,0.9661733615221987,0.03408641526592095,0.5659938485198002,0.18777684454045296,6.0,0.5116279069767442,0.6756679726758357,HI-VAE_piecewise
0.007019286075031369,0.9577167019027484,0.05919075264001119,0.5548250672818147,0.14207890266689457,5.0,0.5116279069767442,0.6612699950169475,HI-VAE_piecewise
0.006478654057080451,0.9598308668076109,0.03330909580762593,0.489119569396386,0.20167627165036028,7.0,0.5581395348837209,0.6642697279156531,HI-VAE_piecewise
0.0059457222226290025,0.9630021141649049,0.017734767054770166,0.5603613994617455,0.10209752506221968,7.0,0.6046511627906976,0.665410785455557,HI-VAE_piecewise
0.007814069195084336,0.9545454545454547,0.07498833283068808,0.5707420222991157,0.150664258486698,5.0,0.5116279069767442,0.6425559615007155,HI-VAE_piecewise
0.005070624558925067,0.9661733615221988,0.040267103055970144,0.5402153018069973,0.15752346883667587,8.0,0.5348837209302325,0.6687207077869897,HI-VAE_piecewise
0.004999992822439931,0.9672304439746301,0.018079629803845927,0.5850057670126875,0.16206655575365675,8.0,0.43023255813953487,0.6753525631371355,HI-VAE_piecewise
0.0066507962783529375,0.9598308668076111,0.03017518445822231,0.5247597078046905,0.18162620438400012,6.0,0.6395348837209303,0.6631570334282211,HI-VAE_piecewise
0.007322204422493258,0.9534883720930232,0.07249544244322866,0.5324875048058438,0.28650693124868865,10.0,0.5813953488372093,0.6507503735938123,HI-VAE_piecewise
0.006662019062106087,0.9587737843551797,0.05669740662465006,0.5649173394848136,0.1668508471534091,4.0,0.5348837209302325,0.6560504212934232,HI-VAE_piecewise
0.006006321372276988,0.9598308668076109,0.039029906519199485,0.5841214917339485,0.11605018551492742,6.0,0.4186046511627907,0.6670098257483449,HI-VAE_piecewise
0.00785642057345225,0.9556025369978859,0.037654694425075644,0.5446943483275664,0.11830316380601658,6.0,0.5116279069767442,0.6960525912278271,HI-VAE_piecewise
0.004937138052971465,0.9640591966173361,0.02604069255118229,0.5550941945405613,0.1874657752175023,7.0,0.4883720930232558,0.640237075536426,HI-VAE_piecewise
0.006457169851997011,0.9608879492600425,0.026289009129881375,0.5715494040753557,0.12522181259138634,4.0,0.47674418604651164,0.6964571374630392,HI-VAE_piecewise
0.00556454054331407,0.9608879492600423,0.03723095412148007,0.6324106113033449,0.186980425778614,4.0,0.5348837209302325,0.6516040403229769,HI-VAE_piecewise
0.005502503560070594,0.9661733615221988,0.043927219087685744,0.5090734332948866,0.09618558567859042,5.0,0.5232558139534884,0.6508876040389681,HI-VAE_piecewise
0.00798724803222958,0.9556025369978859,0.024604391648816996,0.6120338331410996,0.2067597389057092,7.0,0.4883720930232558,0.675570935271783,HI-VAE_piecewise
0.0071399438520350555,0.948202959830867,0.024823803420671867,0.6661668589004229,0.09309131304161157,7.0,0.5116279069767442,0.6680022333836398,HI-VAE_piecewise
0.027832539697700345,0.795983086680761,0.1196889021083403,0.9757977700884275,0.20552163555273334,1.0,0.1511627906976744,0.7409308914693302,Surv-GAN
0.024727087393383442,0.8128964059196616,0.13141067098370435,0.9825451749327183,0.27596058611963226,1.0,0.12790697674418605,0.7304648601163843,Surv-GAN
0.026977931675542098,0.7980972515856237,0.10602291527481461,0.9603037293348713,0.20488164265697462,1.0,0.12790697674418605,0.7249195086142447,Surv-GAN
0.02633075707688258,0.8023255813953487,0.15130190826494103,0.9653210303729335,0.15305604093733788,1.0,0.1511627906976744,0.7313737816331497,Surv-GAN
0.02660338986578531,0.8086680761099365,0.08559127308566056,0.9861783929257978,0.25710531058931746,1.0,0.16279069767441862,0.7383223404355321,Surv-GAN
0.025755299990893,0.8097251585623678,0.08647419032664337,0.9646674356016917,0.1747699304237553,2.0,0.11627906976744186,0.7324853143772964,Surv-GAN
0.025064090529836505,0.8150105708245242,0.09961593416525069,0.9759707804690503,0.2919263682319789,1.0,0.16279069767441862,0.7281672288795674,Surv-GAN
0.023609524890757686,0.8224101479915433,0.13172270141821635,0.9764705882352942,0.13278053356026276,3.0,0.1511627906976744,0.7271301902303214,Surv-GAN
0.02689382742384914,0.8054968287526427,0.0814769512778607,0.9299500192233754,0.21955125919531138,2.0,0.1744186046511628,0.7249435955368888,Surv-GAN
0.026327113568725788,0.8002114164904861,0.15282637306596147,0.968627450980392,0.12507829043537777,2.0,0.1511627906976744,0.7250962255752116,Surv-GAN
0.0268030600367808,0.8033826638477801,0.11684178340949467,0.9851595540176856,0.2859999179284249,1.0,0.11627906976744186,0.7376709819312529,Surv-GAN
0.02621838634838366,0.8086680761099365,0.09973742971815557,0.9673587081891581,0.18679534799497385,1.0,0.16279069767441862,0.7248705328677593,Surv-GAN
0.02489921099305089,0.8118393234672304,0.1217870587109003,0.9803921568627452,0.3093006612838558,1.0,0.1744186046511628,0.7378489590583529,Surv-GAN
0.025702843435450696,0.8107822410147992,0.08166878913572458,0.9544405997693195,0.3580204410919203,1.0,0.18604651162790697,0.735982517131694,Surv-GAN
0.024778069866160986,0.8097251585623678,0.1132985335716377,0.9839677047289502,0.29394311386331506,1.0,0.1511627906976744,0.7337196089803787,Surv-GAN
0.02537843889347474,0.8076109936575054,0.14695502487629294,0.9800653594771243,0.12862059726731748,1.0,0.09302325581395349,0.735052523643478,Surv-GAN
0.025212765672806507,0.8076109936575052,0.11585447327709525,0.9812572087658591,0.12952343266945043,1.0,0.12790697674418605,0.737440595466428,Surv-GAN
0.02838496429186279,0.7980972515856237,0.07696591479776296,0.9546905036524412,0.1691369202904525,1.0,0.1511627906976744,0.7418850298422225,Surv-GAN
0.024127972173671738,0.8234672304439745,0.11021937653537124,0.9694156093810072,0.30969457943606216,1.0,0.19767441860465115,0.7282783026909491,Surv-GAN
0.024659568157100506,0.8192389006342495,0.14409381049026956,0.9832756632064591,0.16802557932998663,1.0,0.1511627906976744,0.7388877363005923,Surv-GAN
0.02830674741968534,0.7970401691331923,0.10209107065598239,0.9868896578239138,0.2517656146851186,2.0,0.16279069767441862,0.7347241074920241,Surv-GAN
0.024981827067460518,0.8023255813953489,0.13568720546362664,0.9831987697039601,0.2912945262889236,2.0,0.10465116279069768,0.7296245564793838,Surv-GAN
0.02591085589747879,0.8065539112050739,0.12981750638773176,0.952479815455594,0.2579304369047451,2.0,0.1511627906976744,0.7353517655739022,Surv-GAN
0.02119800675532404,0.8350951374207188,0.14745020345544796,0.9783160322952711,0.122045566028295,2.0,0.19767441860465115,0.7263349027141753,Surv-GAN
0.027318384910726756,0.8023255813953489,0.10232735716291683,0.9685121107266437,0.2611877268015567,1.0,0.13953488372093023,0.7412300163882796,Surv-GAN
0.02744123357476028,0.7980972515856237,0.16089492215346685,0.9815840061514802,0.1372570890152674,1.0,0.08139534883720931,0.7421465550850848,Surv-GAN
0.0267841668508493,0.8023255813953487,0.11442181195227319,0.9698000768935024,0.2149409010691107,2.0,0.12790697674418605,0.7134897408499947,Surv-GAN
0.025307797834504795,0.8128964059196616,0.09056690527756008,0.9759707804690503,0.17706154345638914,2.0,0.16279069767441862,0.7315217398778585,Surv-GAN
0.02832446275307744,0.7906976744186046,0.08346845408283361,0.9780084582852749,0.25287512714546034,2.0,0.12790697674418605,0.7323860080494117,Surv-GAN
0.027127906497140794,0.8023255813953487,0.12035315740685101,0.9717608612072279,0.1810678907693731,1.0,0.13953488372093023,0.7280841128849086,Surv-GAN
0.02435738793175773,0.8224101479915433,0.1379982395586828,0.9732410611303346,0.24328529639780722,1.0,0.1511627906976744,0.7307097614718581,Surv-GAN
0.027555218817537197,0.7980972515856237,0.09569956773113492,0.9841214917339485,0.25363183009568807,2.0,0.11627906976744186,0.7281100191311758,Surv-GAN
0.027140282825452024,0.8023255813953489,0.08327073338858466,0.9725682429834679,0.15174478359670035,3.0,0.12790697674418605,0.723589300956908,Surv-GAN
0.025835923233978365,0.8160676532769554,0.09617086532235883,0.9690888119953864,0.16855435962482126,2.0,0.19767441860465115,0.7319972346734311,Surv-GAN
0.0255780899758585,0.8160676532769556,0.11472066772052825,0.9538254517493272,0.14946583994156218,6.0,0.1744186046511628,0.7390175819239976,Surv-GAN
0.027229584480948022,0.8023255813953489,0.131994865511035,0.984967320261438,0.15962822592195364,5.0,0.10465116279069768,0.754146087418028,Surv-GAN
0.028395421264478114,0.7949260042283298,0.12126618754572427,0.9877931564782776,0.1661265668511742,5.0,0.12790697674418605,0.7368958965936923,Surv-GAN
0.028237864944871575,0.8065539112050739,0.0825852691193497,0.9670895809304113,0.20967985249648644,1.0,0.18604651162790697,0.7182062700553782,Surv-GAN
0.025852703437016053,0.8076109936575052,0.1464728869702012,0.965032679738562,0.18711016861667742,1.0,0.1511627906976744,0.7419950106875578,Surv-GAN
0.02520585737338179,0.8097251585623678,0.09124483463076168,0.9800461361014994,0.19200656230767765,1.0,0.13953488372093023,0.717836988051293,Surv-GAN
0.02550192619288193,0.8044397463002113,0.18956137146714283,0.9879661668589005,0.18822634131606347,1.0,0.09302325581395349,0.7483694252496446,Surv-GAN
0.029961495702595476,0.7959830866807611,0.08345612952802857,0.9866013071895425,0.24783884378875676,3.0,0.16279069767441862,0.7387503412033417,Surv-GAN
0.026865467303776713,0.7980972515856237,0.09758253464821286,0.9805267204921183,0.2564609035713188,1.0,0.12790697674418605,0.7414455193741079,Surv-GAN
0.025402036362890068,0.8086680761099365,0.10815835960570724,0.9588235294117646,0.2600838316636011,2.0,0.11627906976744186,0.73239713051622,Surv-GAN
0.025815096576007248,0.8054968287526427,0.10537561917977781,0.9710495963091119,0.26188065735254334,1.0,0.19767441860465115,0.7337949964076717,Surv-GAN
0.02628884173162722,0.8012684989429175,0.16952896255503422,0.9871587850826605,0.1344646380453569,1.0,0.13953488372093023,0.7267112044211519,Surv-GAN
0.02663045120612336,0.8012684989429175,0.09848840501415464,0.9852364475201846,0.2064339596217953,1.0,0.12790697674418605,0.7374165902088902,Surv-GAN
0.026334330213878755,0.8033826638477801,0.11540168028649089,0.9828335255670897,0.14081993556445077,2.0,0.11627906976744186,0.743850799614805,Surv-GAN
0.026756440046539265,0.8044397463002114,0.11906231958636987,0.9587081891580163,0.15947440367060015,1.0,0.13953488372093023,0.7454125767138712,Surv-GAN
0.024566166769771802,0.8202959830866807,0.07830944471368147,0.9661476355247981,0.1976664728909421,1.0,0.18604651162790697,0.7436520081076632,Surv-GAN
0.026004104264174852,0.8118393234672304,0.10578172554647161,0.9402537485582467,0.20250107361184505,1.0,0.20930232558139536,0.7347509905049614,Surv-GAN
0.026327495760291985,0.8054968287526427,0.13331841997791596,0.9630526720492119,0.20244734737761327,1.0,0.13953488372093023,0.7471087608150143,Surv-GAN
0.027206492672710695,0.7970401691331923,0.1402325633095319,0.9773933102652826,0.17154526793324693,2.0,0.11627906976744186,0.7447173608975637,Surv-GAN
0.028581435085311538,0.795983086680761,0.09642964874106151,0.980315263360246,0.17350696294060183,1.0,0.13953488372093023,0.7456484507885386,Surv-GAN
0.026897990821017004,0.8023255813953489,0.09110401232500272,0.9711841599384851,0.36760320886322123,3.0,0.1744186046511628,0.7428685739481421,Surv-GAN
0.02571891981246571,0.806553911205074,0.1525995748493713,0.9808150711264899,0.23100262702063762,2.0,0.19767441860465115,0.7384214285534995,Surv-GAN
0.025001045228284693,0.8076109936575052,0.10343192940177007,0.9755094194540563,0.13798555053129832,1.0,0.13953488372093023,0.7339430658703836,Surv-GAN
0.029969021676632453,0.7864693446088794,0.09728579480400697,0.9636870434448289,0.1708998391758326,1.0,0.12790697674418605,0.722624393821581,Surv-GAN
0.026434375374409447,0.8044397463002113,0.09451924838524312,0.9745674740484429,0.2428043102571329,1.0,0.13953488372093023,0.7347182044953122,Surv-GAN
0.026876314959129954,0.8086680761099365,0.12778775212469687,0.9926182237600922,0.17695481334330043,1.0,0.10465116279069768,0.7381558105347058,Surv-GAN
0.027615963606676452,0.7949260042283298,0.12045390823517879,0.9813917723952326,0.22553634175937226,1.0,0.11627906976744186,0.7497183829226469,Surv-GAN
0.026237196208719452,0.8054968287526427,0.11029055017353678,0.9797385620915031,0.17950041594343957,5.0,0.10465116279069768,0.747536571248077,Surv-GAN
0.02697755266503191,0.7970401691331923,0.1192757341941351,0.9715878508266051,0.2719090047046969,1.0,0.13953488372093023,0.7336380422264684,Surv-GAN
0.0221557757978682,0.8298097251585623,0.09317468809987356,0.986159169550173,0.24218444474827203,3.0,0.1744186046511628,0.7315651825663014,Surv-GAN
0.02770499215816745,0.795983086680761,0.08467805127025903,0.9797770088427529,0.29726320285454316,1.0,0.1744186046511628,0.7393651338094211,Surv-GAN
0.027699872961657986,0.7980972515856237,0.11458841326454827,0.9856209150326796,0.279254631247202,1.0,0.12790697674418605,0.7286640645661923,Surv-GAN
0.021701455437369607,0.8287526427061311,0.12692477137102795,0.963360246059208,0.13174329654647898,2.0,0.13953488372093023,0.7356781310806756,Surv-GAN
0.028333222084496405,0.7980972515856237,0.1287660588670353,0.9743752402921952,0.18854174580351118,1.0,0.12790697674418605,0.7485774914741185,Surv-GAN
0.022902129009434256,0.8192389006342495,0.10032422321264807,0.9710495963091118,0.25272362191280795,2.0,0.1511627906976744,0.7433293117555626,Surv-GAN
0.027233575230005993,0.8023255813953487,0.1262765157351168,0.9783544790465205,0.28629124982892656,1.0,0.1744186046511628,0.7302291823136783,Surv-GAN
0.02266340803725597,0.8213530655391121,0.1274957603554055,0.9803537101114955,0.13816087985830897,1.0,0.16279069767441862,0.7326619253146336,Surv-GAN
0.025503424356857696,0.8097251585623678,0.09871594755689674,0.9772971933871588,0.22521450817047997,1.0,0.13953488372093023,0.7380504390205677,Surv-GAN
0.027004306381495122,0.795983086680761,0.10298081796956085,0.9842368319876972,0.18201115065198376,1.0,0.10465116279069768,0.7427127255715279,Surv-GAN
0.02601075437370358,0.8076109936575051,0.10238626842364572,0.9715686274509803,0.1939369224797861,5.0,0.11627906976744186,0.7241963417822359,Surv-GAN
0.023063646394029233,0.8213530655391121,0.13379894741569784,0.9702614379084966,0.2384595151595544,2.0,0.20930232558139536,0.7408701994196291,Surv-GAN
0.023788755512453585,0.8160676532769556,0.17522058642979202,0.9845251826220685,0.1687454462845506,4.0,0.12790697674418605,0.7293777509978681,Surv-GAN
0.02693909983457585,0.8023255813953489,0.135902452302402,0.9925797770088428,0.22428485797805592,1.0,0.11627906976744186,0.7295935352414795,Surv-GAN
0.025353770618757276,0.8160676532769556,0.09131521629012924,0.9538254517493272,0.24279070546584394,1.0,0.1744186046511628,0.7264477248809021,Surv-GAN
0.025670720316162455,0.8086680761099365,0.11255968089645009,0.9771049596309112,0.2999660250505947,3.0,0.10465116279069768,0.7389066820522363,Surv-GAN
0.02366983546095887,0.8202959830866807,0.09210947021298682,0.9613225682429833,0.21274992647515398,1.0,0.12790697674418605,0.7543691536335295,Surv-GAN
0.026324553816180894,0.8054968287526427,0.11973382933031015,0.9583621683967705,0.20635074269931739,1.0,0.18604651162790697,0.7378567389021429,Surv-GAN
0.02884288358577093,0.7864693446088794,0.09781675622972551,0.9777201076509036,0.16432677798037573,1.0,0.10465116279069768,0.7362645668306896,Surv-GAN
0.027326277648225084,0.7970401691331923,0.09741577674246878,0.9733756247597078,0.24389356598529568,1.0,0.12790697674418605,0.7254760402534415,Surv-GAN
0.02670842051939223,0.8012684989429175,0.14245243434487306,0.9840830449826988,0.11973056472306523,2.0,0.11627906976744186,0.7488686585623646,Surv-GAN
0.026215008101091675,0.8044397463002113,0.11400315434541838,0.9765859284890427,0.2730187405889757,2.0,0.16279069767441862,0.7351646997238014,Surv-GAN
0.0265451782175244,0.7991543340380549,0.1601297191413489,0.9636293733179546,0.13466916569446172,1.0,0.1511627906976744,0.7402630124132695,Surv-GAN
0.02695899199130375,0.8033826638477801,0.10917570239438801,0.9657247212610536,0.2526464921369232,1.0,0.13953488372093023,0.7372611728516341,Surv-GAN
0.029365144845606424,0.7938689217758985,0.11708771070209723,0.9725105728565936,0.27857512472777185,2.0,0.09302325581395349,0.7446486495961658,Surv-GAN
0.02706254876655065,0.8044397463002113,0.08673579974235243,0.9739331026528258,0.26078318227637415,2.0,0.11627906976744186,0.7357407220555123,Surv-GAN
0.026222975877776222,0.8065539112050739,0.11941349620563174,0.978162245290273,0.1374720935193162,1.0,0.12790697674418605,0.736984697978357,Surv-GAN
0.02509790266722912,0.8097251585623678,0.09635432860467326,0.9721261053440985,0.33342518604739907,1.0,0.13953488372093023,0.7374450863755532,Surv-GAN
0.02789978158147828,0.7991543340380549,0.08451062267773118,0.9766243752402921,0.1317119070361897,2.0,0.16279069767441862,0.7369620070205664,Surv-GAN
0.02307672419812409,0.8287526427061311,0.09177810961199467,0.9675317185697809,0.233671498510893,1.0,0.16279069767441862,0.7155453929807126,Surv-GAN
0.025536301123265513,0.8054968287526427,0.16055627133275185,0.9790849673202613,0.13486505761102277,1.0,0.16279069767441862,0.7263081059854312,Surv-GAN
0.02511824421427076,0.8054968287526427,0.16359345745099602,0.9870818915801614,0.18689150449128575,1.0,0.13953488372093023,0.7419493104978141,Surv-GAN
0.026773339015638272,0.8033826638477799,0.1105930668772629,0.9792579777008843,0.15583951259547646,1.0,0.10465116279069768,0.7462565321030723,Surv-GAN
0.02499196269087965,0.8118393234672303,0.1173710410771388,0.9884467512495195,0.16099953768832134,1.0,0.13953488372093023,0.7197625278090307,Surv-GAN
0.02672018948068551,0.8097251585623678,0.09836934701089985,0.985198000768935,0.2682859134577901,1.0,0.16279069767441862,0.7393710788008296,Surv-GAN
0.02376757991948789,0.8224101479915433,0.14352091980240236,0.9725105728565936,0.19324158499561803,1.0,0.12790697674418605,0.740046016660502,Surv-GAN
0.02569522669329992,0.8065539112050739,0.11915687959197944,0.9599769319492504,0.19862217368571003,1.0,0.16279069767441862,0.7282328133937948,Surv-GAN
0.02572813306680426,0.810782241014799,0.1418040472341652,0.9824682814302191,0.17507960125728672,2.0,0.12790697674418605,0.7385162136685971,Surv-GAN
0.02677609965675073,0.8065539112050739,0.10459311231885916,0.9819492502883506,0.1952745511069072,4.0,0.13953488372093023,0.7360675605259526,Surv-GAN
0.027412297607910488,0.806553911205074,0.08351107195915655,0.9761245674740484,0.23105612299794484,2.0,0.1511627906976744,0.732536063512212,Surv-GAN
0.025618578856023366,0.810782241014799,0.16757644163841512,0.9786236063052673,0.17650325996393046,1.0,0.12790697674418605,0.7395185001874632,Surv-GAN
0.024242456960572145,0.8160676532769554,0.09323205742381607,0.964648212226067,0.15391677071911333,2.0,0.13953488372093023,0.7300812862178032,Surv-GAN
0.027810029721972183,0.7949260042283299,0.10989110956924751,0.9776624375240293,0.3030885789105875,1.0,0.12790697674418605,0.7272574254166415,Surv-GAN
0.024549599243035226,0.8128964059196616,0.11945308743588545,0.9658592848904266,0.20304335553609612,1.0,0.1511627906976744,0.731255133981568,Surv-GAN
0.024720151555493675,0.8086680761099365,0.1863351694172832,0.9698577470203767,0.16546304742453988,3.0,0.16279069767441862,0.7218181047621762,Surv-GAN
0.029014465927502377,0.7938689217758985,0.0780849012126115,0.9853133410226835,0.23028696919498784,2.0,0.11627906976744186,0.7341214369027544,Surv-GAN
0.028141722611034394,0.7949260042283298,0.16853279323286766,0.9816993464052288,0.13427851825524942,1.0,0.13953488372093023,0.7372696152107526,Surv-GAN
0.027661371209294572,0.788583509513742,0.11703764774655337,0.9853710111495578,0.2718459866882276,2.0,0.10465116279069768,0.7401513736021946,Surv-GAN
0.025572797754076892,0.8097251585623678,0.09599498794221668,0.9717416378316033,0.23080892304361159,2.0,0.16279069767441862,0.7325591437852482,Surv-GAN
0.024014010453795455,0.813953488372093,0.11110912381600509,0.9828143021914648,0.27519297589883274,2.0,0.12790697674418605,0.745861753973285,Surv-GAN
0.02544099939295327,0.8128964059196616,0.13397910315482323,0.9701268742791236,0.17231761251366548,1.0,0.1744186046511628,0.7286631398413802,Surv-GAN
0.025234201245004126,0.8150105708245244,0.10158602692675434,0.9642060745866974,0.25867861300328415,3.0,0.18604651162790697,0.7440955156377898,Surv-GAN
0.02746675973387793,0.8033826638477801,0.08204122221982613,0.9793156478277586,0.2129199453878103,1.0,0.18604651162790697,0.740268638365922,Surv-GAN
0.02405694180393408,0.8181818181818182,0.1143169790864073,0.9818915801614763,0.1284894547670067,3.0,0.1511627906976744,0.7254776082200849,Surv-GAN
0.025558454403312045,0.8128964059196616,0.12856106770032166,0.9878892733564013,0.205311576262492,1.0,0.12790697674418605,0.7407882527274791,Surv-GAN
0.030276781010133105,0.7864693446088794,0.099137262798929,0.982160707420223,0.2664104746980758,1.0,0.16279069767441862,0.7562485152251858,Surv-GAN
0.026331703295268002,0.8054968287526427,0.10786025696127341,0.9625336409073434,0.20463170202720068,1.0,0.11627906976744186,0.7282905163966815,Surv-GAN
0.027968337676513796,0.8002114164904861,0.136970607405282,0.9837370242214533,0.1864008307542087,1.0,0.13953488372093023,0.7372684211389314,Surv-GAN
0.025769524406866803,0.8086680761099365,0.13044132295364252,0.9767204921184159,0.13004463719924508,2.0,0.13953488372093023,0.7277636775324439,Surv-GAN
0.026555276686955096,0.8044397463002113,0.13915473589254193,0.9738177623990772,0.20033643874623389,1.0,0.1744186046511628,0.732361133124926,Surv-GAN
0.022520641944788585,0.8192389006342494,0.16875497967880945,0.988389081122645,0.1269705318233518,1.0,0.1511627906976744,0.7381737681706296,Surv-GAN
0.025779300924396994,0.8086680761099365,0.15197266868053647,0.9790272971933872,0.14437449393155707,1.0,0.12790697674418605,0.7166804816558222,Surv-GAN
0.02336404860259528,0.8150105708245244,0.16558289387612826,0.9681468665897732,0.18447966607252334,1.0,0.12790697674418605,0.7334730413340944,Surv-GAN
0.024343052657732945,0.8118393234672303,0.1303946203278176,0.9829488658208382,0.1718309089200798,1.0,0.11627906976744186,0.747748565392704,Surv-GAN
0.026150894372337478,0.813953488372093,0.09870313119450412,0.9483467896962706,0.21521860190196984,1.0,0.19767441860465115,0.7184107202524774,Surv-GAN
0.02769751848509483,0.7991543340380548,0.08830204168633081,0.9872741253364092,0.2652842778217941,2.0,0.12790697674418605,0.7438635882156827,Surv-GAN
0.02764409032966044,0.8002114164904861,0.10352206517183649,0.9779507881584006,0.2425070849203955,1.0,0.1511627906976744,0.726252147320321,Surv-GAN
0.02313048355611587,0.8181818181818182,0.15388693676888382,0.9819684736639754,0.23182080062457192,2.0,0.16279069767441862,0.7323038056127912,Surv-GAN
0.024429563807812683,0.8224101479915433,0.11065853674227413,0.9678200692041521,0.2570117536768502,1.0,0.16279069767441862,0.7252143630451081,Surv-GAN
0.02725489765791268,0.7980972515856237,0.12984580721657474,0.9812379853902347,0.18216344111292349,1.0,0.13953488372093023,0.7415951717385203,Surv-GAN
0.023864450219119756,0.8192389006342494,0.08603404362886348,0.9631487889273356,0.17746085019221952,1.0,0.12790697674418605,0.7597673959872527,Surv-GAN
0.026241745126784555,0.8086680761099365,0.11424928891293155,0.9622452902729719,0.22048900570810936,1.0,0.1511627906976744,0.739756585052355,Surv-GAN
0.02664757889747087,0.8044397463002113,0.0944607808470437,0.9763360246059207,0.1985514119140553,1.0,0.12790697674418605,0.7400182270709862,Surv-GAN
0.024826310303104334,0.813953488372093,0.08883577193938452,0.9618223760092273,0.24963484312079734,1.0,0.18604651162790697,0.7372341419455847,Surv-GAN
0.025048166183610984,0.8150105708245244,0.0919694940220245,0.9830449826989618,0.24080199361750682,1.0,0.20930232558139536,0.7495255372340074,Surv-GAN
0.02629666876064213,0.8023255813953487,0.17547353148229217,0.9881968473663976,0.15466979125127864,2.0,0.13953488372093023,0.7389124457304973,Surv-GAN
0.028386851551080082,0.7959830866807611,0.11309106940551991,0.9757400999615532,0.24128353281940662,1.0,0.1511627906976744,0.7352006075738261,Surv-GAN
0.025244827962637592,0.8033826638477799,0.1732473946673556,0.9914648212226067,0.17966411407613486,3.0,0.11627906976744186,0.742027099251832,Surv-GAN
0.0291236785235627,0.8002114164904863,0.08717693583312797,0.9755478662053056,0.15524564490234083,1.0,0.11627906976744186,0.7220128511472165,Surv-GAN
0.026406931007956356,0.8054968287526427,0.08924318749665132,0.9845059592464438,0.28481345039112305,1.0,0.13953488372093023,0.7312853202517602,Surv-GAN
0.025715359600638733,0.8054968287526427,0.139537964746868,0.9825067281814686,0.28077310059056154,1.0,0.13953488372093023,0.7323391716814462,Surv-GAN
0.02304778811968132,0.8266384778012685,0.08075896122428962,0.9714725105728566,0.2009594674557089,2.0,0.22093023255813954,0.7283198635221403,Surv-GAN
0.024875715538257726,0.8181818181818182,0.17888905308487865,0.9543252595155709,0.15964738668185302,3.0,0.22093023255813954,0.7262812153329873,Surv-GAN
0.028753134466576524,0.7906976744186046,0.16350950262660233,0.9711649365628604,0.2621766790285894,2.0,0.10465116279069768,0.7352579395244307,Surv-GAN
0.028359769227182963,0.7928118393234672,0.07619798684978822,0.9802768166089966,0.24696085865006756,1.0,0.09302325581395349,0.7433072615847172,Surv-GAN
0.0238683447899774,0.8181818181818182,0.10172252628290593,0.974644367550942,0.27585023520476115,1.0,0.11627906976744186,0.7303407249485081,Surv-GAN
0.025698291642093155,0.8097251585623678,0.06966963161388957,0.9769319492502884,0.31281454464519676,1.0,0.1511627906976744,0.7460009179950732,Surv-GAN
0.025976260732490666,0.8118393234672303,0.10665205157563215,0.9740868896578239,0.2149453471598648,1.0,0.11627906976744186,0.7352843753922613,Surv-GAN
0.022720938403731485,0.8202959830866807,0.17594680117298891,0.9864090734332949,0.2875449964166492,1.0,0.11627906976744186,0.7372620100941613,Surv-GAN
0.02461135110080788,0.813953488372093,0.11188365850805582,0.9498654363706265,0.2906574381879336,1.0,0.1744186046511628,0.7371494860829152,Surv-GAN
0.026804962070013257,0.8086680761099365,0.09667084253413838,0.9773548635140331,0.2318729434449371,5.0,0.16279069767441862,0.733028841070804,Surv-GAN
0.024248800212645263,0.8202959830866807,0.10409576522071443,0.9848135332564398,0.22456725579002976,2.0,0.1744186046511628,0.7260702182097136,Surv-GAN
0.02450616276172368,0.8150105708245242,0.07829332854613162,0.9859092656670512,0.1612389458534762,2.0,0.11627906976744186,0.7268832874981812,Surv-GAN
0.02526714502824732,0.8150105708245244,0.138229624021964,0.9808535178777392,0.24998343637485956,1.0,0.16279069767441862,0.7463547230909151,Surv-GAN
0.02177869102358994,0.8266384778012685,0.15908740288009798,0.9702806612841215,0.14843440218594917,3.0,0.13953488372093023,0.7300802495495688,Surv-GAN
0.02453710255946788,0.8171247357293868,0.1474907186188168,0.9732410611303346,0.1608892844240071,4.0,0.1511627906976744,0.7375018285396362,Surv-GAN
0.03023660504450385,0.7928118393234672,0.09869767442465942,0.9827181853133411,0.22663423879289826,3.0,0.09302325581395349,0.729642058616971,Surv-GAN
0.026598572732451618,0.8076109936575051,0.11410648027136369,0.98800461361015,0.27153989511886506,1.0,0.1744186046511628,0.7408792279575729,Surv-GAN
0.027296435967498686,0.7970401691331923,0.09207121583188009,0.972549019607843,0.2641024168558119,2.0,0.16279069767441862,0.7305643857279805,Surv-GAN
0.02397437913428284,0.8202959830866807,0.13557787572515873,0.9519031141868511,0.29207621975973674,1.0,0.1744186046511628,0.7418721460557713,Surv-GAN
0.025095478041873218,0.8118393234672303,0.097034899913702,0.9883506343713956,0.18687192772459685,2.0,0.11627906976744186,0.7319861273869509,Surv-GAN
0.02354116098218203,0.8181818181818182,0.13956524771398188,0.9778546712802768,0.15433553405970113,2.0,0.13953488372093023,0.7300962419584243,Surv-GAN
0.028992605822300784,0.7959830866807611,0.1296152415193583,0.9657823913879277,0.1392896751064487,1.0,0.13953488372093023,0.7458516846976005,Surv-GAN
0.03044202289696788,0.7906976744186046,0.10215249406989571,0.9757208765859285,0.18091827426548807,1.0,0.16279069767441862,0.7226451253948672,Surv-GAN
0.027178179483673234,0.8065539112050739,0.08322250609644768,0.9738754325259515,0.18469712594052745,1.0,0.1511627906976744,0.7374213449509825,Surv-GAN
0.025090482558146908,0.8107822410147992,0.11654393923296719,0.9742791234140716,0.15716930342665553,4.0,0.13953488372093023,0.7407509115415252,Surv-GAN
0.027165586188739186,0.8033826638477801,0.11534042545178119,0.9583621683967705,0.25576875719940284,2.0,0.1511627906976744,0.7330133765677723,Surv-GAN
0.027862410191978593,0.7906976744186046,0.11672948406620376,0.990080738177624,0.2596163620010643,1.0,0.12790697674418605,0.7363643740257314,Surv-GAN
0.02711617474030009,0.8012684989429175,0.11942448063731156,0.960553633217993,0.19275342253471525,5.0,0.16279069767441862,0.7418523012693026,Surv-GAN
0.02251414065944678,0.8213530655391121,0.09277801980307768,0.9764898116109189,0.2337425654180021,4.0,0.18604651162790697,0.7317525928579321,Surv-GAN
0.02330975780101392,0.8192389006342494,0.12219347310813676,0.9796616685890042,0.23597574482612405,2.0,0.16279069767441862,0.750957900450541,Surv-GAN
0.0252392592265964,0.8128964059196616,0.1189052340460779,0.9818915801614765,0.19596092971700219,2.0,0.19767441860465115,0.7370669036616668,Surv-GAN
0.025692471231256453,0.8118393234672303,0.08874801225607809,0.9824682814302192,0.21093060832435784,2.0,0.1511627906976744,0.7392324549209485,Surv-GAN
0.02728875546550498,0.7959830866807611,0.18246280455794503,0.9800461361014994,0.12632189142531006,1.0,0.1511627906976744,0.749506661518124,Surv-GAN
0.02715996636339008,0.8002114164904861,0.11469554629481217,0.9415032679738561,0.19144673155410732,1.0,0.11627906976744186,0.755030019495145,Surv-GAN
0.026393949272179838,0.8033826638477801,0.10839377791256556,0.9812572087658593,0.23107373324724245,1.0,0.13953488372093023,0.7195568081210195,Surv-GAN
0.024991696750653915,0.8128964059196616,0.17600986091722873,0.9893502499038831,0.17361837445743927,1.0,0.12790697674418605,0.7261057538425637,Surv-GAN
0.022630179099547863,0.8298097251585623,0.12470665281285068,0.9797001153402538,0.2497544639324945,1.0,0.18604651162790697,0.7154061756636461,Surv-GAN
0.025399435364203336,0.8118393234672304,0.1071381411893505,0.950711264898116,0.20919736146988369,1.0,0.16279069767441862,0.7226850334447944,Surv-GAN
0.02507067880319141,0.8150105708245244,0.10001581150993971,0.9669742406766627,0.19846623635319088,1.0,0.19767441860465115,0.7221801015828897,Surv-GAN
0.024531586996321485,0.8097251585623678,0.1282446683115714,0.9769319492502884,0.18298033703295247,5.0,0.11627906976744186,0.7391411734999039,Surv-GAN
0.028794149046681962,0.795983086680761,0.08520317035007968,0.9717993079584776,0.27818494891625545,3.0,0.13953488372093023,0.7196974989113522,Surv-GAN
0.02855479463792364,0.7928118393234672,0.12751257694339505,0.9705305651672432,0.1395718151344836,1.0,0.13953488372093023,0.7458236593716498,Surv-GAN
0.02629513079926574,0.8097251585623678,0.10847358595079859,0.9784698193002692,0.26700168897331145,3.0,0.16279069767441862,0.7419943599823874,Surv-GAN
0.028122200063821278,0.8033826638477801,0.07289976551904219,0.9773164167627837,0.27892129547699623,2.0,0.1511627906976744,0.7276862008927841,Surv-GAN
0.025932918655974923,0.8086680761099365,0.0956433230181076,0.9642445213379469,0.2628707099291324,1.0,0.1511627906976744,0.7376415799657451,Surv-GAN
0.02421678849809999,0.8192389006342495,0.12619374048569085,0.9841214917339485,0.2358774015571174,2.0,0.13953488372093023,0.7514903509490578,Surv-GAN
0.024705350005946147,0.8160676532769554,0.12263803389377391,0.9863321799307958,0.18823878848001827,1.0,0.1511627906976744,0.7335521020707028,Surv-GAN
0.022722569448657685,0.8234672304439745,0.12266564498635864,0.9777393310265282,0.23570009358732413,1.0,0.11627906976744186,0.7305590803749386,Surv-GAN
0.025538158536718425,0.8065539112050739,0.13609228639461127,0.9792387543252594,0.2180610821509148,1.0,0.1511627906976744,0.7430764509859908,Surv-GAN
0.02880621951397181,0.7928118393234672,0.10312456571765082,0.9782775855440216,0.2016338384625552,1.0,0.16279069767441862,0.7389630306565976,Surv-GAN
0.0247964136135787,0.8076109936575051,0.15685742149623677,0.9628988850442137,0.1920490879606752,1.0,0.13953488372093023,0.7257815661892179,Surv-GAN
0.026299932931341283,0.8012684989429175,0.11438668991407691,0.9755094194540561,0.23432736880670538,1.0,0.16279069767441862,0.7415595095461686,Surv-GAN
0.026474241115425887,0.813953488372093,0.06925620231186749,0.9458861976163014,0.28284413749343595,1.0,0.23255813953488372,0.7324616915187224,Surv-GAN
0.027274041570184485,0.8002114164904861,0.12347334096057869,0.9560169165705498,0.12593777757396107,2.0,0.16279069767441862,0.7275895264220026,Surv-GAN
0.02831530968354595,0.795983086680761,0.10203230117575239,0.9884467512495194,0.149696694391586,1.0,0.09302325581395349,0.7256043830425306,Surv-GAN
0.02699006701351373,0.8033826638477799,0.09544376055764474,0.9792387543252594,0.2033007859306335,1.0,0.1744186046511628,0.7391172801037763,Surv-GAN
0.007782567993155413,0.9534883720930232,0.04687239473407167,0.48089196462898887,0.12911106471908254,4.0,0.5581395348837209,0.6102964713590957,Surv-VAE
0.006758549604036046,0.952431289640592,0.0597796593777838,0.6459823144944252,0.10732860601770344,3.0,0.5348837209302325,0.640681353802815,Surv-VAE
0.006967527345260488,0.9513742071881608,0.06211572737394664,0.6300269127258746,0.14856311553535612,2.0,0.5116279069767442,0.6268226599909031,Surv-VAE
0.007921520773063257,0.9513742071881608,0.037248932109741166,0.6202422145328719,0.08949476132336226,12.0,0.4418604651162791,0.6153185757021843,Surv-VAE
0.007392655689083299,0.9418604651162792,0.0823891516835771,0.6125720876585928,0.10491898255694987,1.0,0.47674418604651164,0.6163752180140996,Surv-VAE
0.007976441777409655,0.945031712473573,0.05759176102536947,0.6367935409457901,0.10187625108881523,2.0,0.4069767441860465,0.605455693350747,Surv-VAE
0.009512028390928623,0.9408033826638477,0.06591515347243551,0.5652056901191849,0.1260631959461249,3.0,0.5697674418604651,0.6421630049375988,Surv-VAE
0.008808927260981122,0.948202959830867,0.03862513920237056,0.5262591311034217,0.10462502819047945,3.0,0.43023255813953487,0.6200389095160554,Surv-VAE
0.006635411478583789,0.9587737843551797,0.046298238011999164,0.6197231833910035,0.09357653664371905,1.0,0.5465116279069767,0.6215449415789951,Surv-VAE
0.006182429544837529,0.9577167019027485,0.0586029463138339,0.590003844675125,0.09825236351631747,1.0,0.5465116279069767,0.615391630718099,Surv-VAE
0.009704162692978231,0.9429175475687104,0.028711454873969273,0.6063437139561707,0.10313130334323284,2.0,0.5465116279069767,0.6502405851963404,Surv-VAE
0.00821302539371534,0.9471458773784356,0.049628979633606976,0.6206074586697424,0.09285456736509008,3.0,0.5465116279069767,0.6283291995869772,Surv-VAE
0.007726922057793092,0.9439746300211417,0.1041942204138365,0.5642445213379469,0.12271143515855089,2.0,0.43023255813953487,0.6359447161648221,Surv-VAE
0.009972217520051237,0.9365750528541227,0.0799191307198212,0.5268358323721645,0.0926572770920385,1.0,0.5465116279069767,0.6381892032359661,Surv-VAE
0.00817484322924359,0.9397463002114166,0.07078934209763947,0.6366974240676663,0.10636206250518666,2.0,0.5116279069767442,0.6020158716386559,Surv-VAE
0.0075157372908086495,0.9513742071881608,0.08129409540186534,0.6454056132256825,0.09339314120477157,2.0,0.5116279069767442,0.6151769316255389,Surv-VAE
0.010121277341705643,0.9334038054968287,0.1031272274904164,0.547923875432526,0.09823687673455139,1.0,0.45348837209302323,0.601338107153112,Surv-VAE
0.006022775277157858,0.9566596194503171,0.07191359893643369,0.59680891964629,0.1630646522454092,2.0,0.5348837209302325,0.6089372581695839,Surv-VAE
0.007120575413382848,0.9534883720930233,0.032739272420615216,0.6250288350634372,0.09133625381453471,2.0,0.45348837209302323,0.6202791179325677,Surv-VAE
0.009493266018929065,0.9408033826638479,0.040137184802406065,0.6402537485582468,0.10322796290008009,2.0,0.46511627906976744,0.6232856762312697,Surv-VAE
0.0069330909900937425,0.9513742071881608,0.04546048173680923,0.5586312956555171,0.09263696593150614,3.0,0.6046511627906976,0.6172947577027142,Surv-VAE
0.007451594546160884,0.952431289640592,0.028065028449012396,0.5699730872741253,0.1398073359313972,5.0,0.5465116279069767,0.6115526240981556,Surv-VAE
0.0067785669499852265,0.9556025369978859,0.04823636455333651,0.5926182237600922,0.18630226684853585,3.0,0.5,0.6289157852875148,Surv-VAE
0.010222930777789161,0.9355179704016915,0.09013736514528246,0.6869665513264129,0.10790754318627684,1.0,0.43023255813953487,0.6085128033610986,Surv-VAE
0.00786296782891775,0.9492600422832982,0.054181871741320976,0.6194156093810073,0.12352173847289595,1.0,0.5232558139534884,0.6224751168094683,Surv-VAE
0.006982883951508607,0.9608879492600423,0.04230860072638575,0.6603229527104959,0.10859019184225988,3.0,0.43023255813953487,0.64009989415055,Surv-VAE
0.008178258897825008,0.9513742071881608,0.07099633457283312,0.6485198000768936,0.1152650740003627,1.0,0.4069767441860465,0.6422996935350078,Surv-VAE
0.009862247053910754,0.9408033826638479,0.06659597555048168,0.6312187620146098,0.24234317232376504,3.0,0.5581395348837209,0.6430819231751599,Surv-VAE
0.0076493914237987315,0.9524312896405921,0.032305251788367906,0.5818723567858516,0.11268180333527543,4.0,0.5465116279069767,0.6078442427426025,Surv-VAE
0.010717547447537367,0.9408033826638479,0.03037629537364055,0.5490580545943868,0.14135864260939038,2.0,0.5116279069767442,0.6294454889968025,Surv-VAE
0.006775731678149279,0.9545454545454546,0.03944114136450529,0.5915417147251057,0.09742253434475673,3.0,0.5232558139534884,0.6323920805933954,Surv-VAE
0.00712927044318955,0.9545454545454547,0.06400595267332544,0.5717800845828528,0.1717288935077498,3.0,0.45348837209302323,0.5995938317867623,Surv-VAE
0.007207265899371106,0.949260042283298,0.060892729693822055,0.5590157631680123,0.18423432035755524,4.0,0.5697674418604651,0.6090516751755102,Surv-VAE
0.007874002195374664,0.945031712473573,0.09357838602846573,0.5684352172241445,0.15977384303352116,2.0,0.45348837209302323,0.5840617508317042,Surv-VAE
0.008266352884688652,0.9397463002114166,0.06339484762883894,0.6287581699346405,0.237507265708991,4.0,0.43023255813953487,0.6066487682239419,Surv-VAE
0.008963971232623704,0.945031712473573,0.061851467874951806,0.6931564782775854,0.09847183008117219,2.0,0.5116279069767442,0.6163507605761425,Surv-VAE
0.006033746370380517,0.9534883720930233,0.06355893778570613,0.6423298731257209,0.15281450177717834,4.0,0.5465116279069767,0.6017213841801099,Surv-VAE
0.007124766265821256,0.9503171247357295,0.056189550378033096,0.6631680123029604,0.12835743220169052,4.0,0.47674418604651164,0.6275052093412286,Surv-VAE
0.004821499644994965,0.9661733615221988,0.046580503849657895,0.6139561707035754,0.11439316880589764,3.0,0.5813953488372093,0.6439980462403598,Surv-VAE
0.009821586127117928,0.9418604651162791,0.07470441572222486,0.6696655132641292,0.11826281759231025,3.0,0.47674418604651164,0.6128423296666837,Surv-VAE
0.009398933549252928,0.9408033826638479,0.09556343937509537,0.6364859669357938,0.15669753646468762,1.0,0.47674418604651164,0.6032745298808482,Surv-VAE
0.006077344182201721,0.9619450317124737,0.04728335760010513,0.5619377162629757,0.13773293339920806,5.0,0.4883720930232558,0.6231449837797042,Surv-VAE
0.008386343149167598,0.9408033826638479,0.09460807048069385,0.645847750865052,0.13767993842609058,2.0,0.4883720930232558,0.588914414454983,Surv-VAE
0.004801013044191166,0.9682875264270614,0.048530639025824246,0.5592079969242599,0.0914155410738349,2.0,0.5465116279069767,0.5988706978182261,Surv-VAE
0.006662374725540149,0.9587737843551799,0.023153513301683522,0.6486735870818916,0.14119222033467305,3.0,0.47674418604651164,0.6197135841102382,Surv-VAE
0.006324152803501784,0.9566596194503171,0.05953582576614042,0.5588619761630143,0.1174413291140427,3.0,0.5116279069767442,0.6148814616603416,Surv-VAE
0.005638471343806469,0.9556025369978859,0.08757576253887311,0.6310265282583621,0.14627497189267785,2.0,0.45348837209302323,0.6054184551145086,Surv-VAE
0.006000801199803513,0.9598308668076111,0.05487411596408437,0.6329873125720876,0.17631883515292313,6.0,0.5116279069767442,0.6430704714791486,Surv-VAE
0.007237111917632342,0.952431289640592,0.06967001581280627,0.5531718569780854,0.19394720493675097,3.0,0.5116279069767442,0.6176498847083373,Surv-VAE
0.006030540323660274,0.9598308668076111,0.0378609608605859,0.5841214917339486,0.11265370127441905,5.0,0.5697674418604651,0.6060586185306353,Surv-VAE
0.0082913042530356,0.9513742071881608,0.05156067895919227,0.6431757016532103,0.0954338230547632,1.0,0.46511627906976744,0.6535353159104657,Surv-VAE
0.008284306816608035,0.9513742071881608,0.07661363275685205,0.5606689734717417,0.14415012618701278,3.0,0.5581395348837209,0.6176711363589934,Surv-VAE
0.0066367523947106315,0.9503171247357295,0.08698937774484627,0.5365244136870435,0.12828371698346913,2.0,0.5348837209302325,0.6197629732709479,Surv-VAE
0.0055479988590892,0.9651162790697675,0.059975836135797135,0.6417147251057285,0.08743333664199887,8.0,0.4186046511627907,0.6434209010539029,Surv-VAE
0.008181162351387211,0.9429175475687104,0.05627905992240088,0.6337178008458285,0.1367902467111657,4.0,0.6162790697674418,0.619014062858029,Surv-VAE
0.007747661049228063,0.9460887949260044,0.05703963083618183,0.5918492887351019,0.1826255052272824,5.0,0.46511627906976744,0.6309706129239505,Surv-VAE
0.006102800343703202,0.9640591966173363,0.03292735541108308,0.5281814686658979,0.14221100178499171,2.0,0.46511627906976744,0.636958065719048,Surv-VAE
0.008501304473825778,0.9524312896405921,0.051631916531713486,0.6491926182237601,0.090496457780679,2.0,0.5232558139534884,0.626764418286903,Surv-VAE
0.008204638124757612,0.9429175475687104,0.06563065378766986,0.6236831987697039,0.09907018640031139,2.0,0.47674418604651164,0.6106090500960751,Surv-VAE
0.008108901652525372,0.9534883720930233,0.02920789271421825,0.5549019607843138,0.14351289297429018,3.0,0.5,0.6285242468323721,Surv-VAE
0.009926560335778272,0.9429175475687104,0.053960141668667715,0.6379469434832756,0.08910340626995185,9.0,0.43023255813953487,0.6370795635143264,Surv-VAE
0.00977464130032635,0.9365750528541227,0.07990770528598701,0.553671664744329,0.1600892683743283,2.0,0.4883720930232558,0.5978282860729232,Surv-VAE
0.00700529141697655,0.9513742071881606,0.08639794191293852,0.5851787773933103,0.1271887624537806,3.0,0.4883720930232558,0.6195413415306199,Surv-VAE
0.007205689307579361,0.9545454545454547,0.06605415811596807,0.6312187620146098,0.09280851938878565,1.0,0.47674418604651164,0.5889471605792623,Surv-VAE
0.007366891850623594,0.9524312896405921,0.05961299619592007,0.6081122645136487,0.1659715902570999,2.0,0.5116279069767442,0.6315126672352135,Surv-VAE
0.00943344286484656,0.9418604651162792,0.05948452127295932,0.5956939638600539,0.09537671273071611,2.0,0.47674418604651164,0.6176259817981957,Surv-VAE
0.004805222512851667,0.9651162790697675,0.047806458966201934,0.5662053056516724,0.10934527932342047,2.0,0.4418604651162791,0.6417086426350477,Surv-VAE
0.008143695768955942,0.9513742071881608,0.05126385779699367,0.6683583237216455,0.10444383970547083,2.0,0.5465116279069767,0.6290141840430078,Surv-VAE
0.010014644114412202,0.9376321353065541,0.04216244907871419,0.6099961553248751,0.09520575178851298,1.0,0.47674418604651164,0.618296547390069,Surv-VAE
0.008196213221631965,0.9482029598308668,0.07117201282382729,0.6610534409842368,0.10173897227557127,1.0,0.5465116279069767,0.6488944551862864,Surv-VAE
0.008564409746922859,0.9460887949260042,0.05184997653062751,0.6000961168781237,0.09009578447278209,2.0,0.4883720930232558,0.6255097738712733,Surv-VAE
0.008755425256922342,0.9365750528541227,0.07119014365174915,0.7335640138408304,0.10425427246831553,1.0,0.4883720930232558,0.5962853129608976,Surv-VAE
0.0092715797781141,0.9439746300211417,0.061583284524176045,0.6953094963475586,0.09912706187089204,2.0,0.5232558139534884,0.6278674141398695,Surv-VAE
0.0077930529857561295,0.9513742071881608,0.041382542468619755,0.5560938100730488,0.10619983457270216,7.0,0.5348837209302325,0.6052000792766599,Surv-VAE
0.009170051238124078,0.9408033826638479,0.09088789524520441,0.5728950403690889,0.0952360186154272,6.0,0.46511627906976744,0.604269373729602,Surv-VAE
0.007455519615460859,0.9482029598308668,0.0538498319648061,0.6496732026143791,0.15050279699864275,2.0,0.5232558139534884,0.642439899905691,Surv-VAE
0.007541004703896381,0.949260042283298,0.09070238438467175,0.5984621299500192,0.09355309073399255,2.0,0.5116279069767442,0.5973538638488349,Surv-VAE
0.009837864483611299,0.9376321353065541,0.10086430503988295,0.7146097654748174,0.09923651865863958,5.0,0.3953488372093023,0.6053503177116161,Surv-VAE
0.0062366223876079395,0.9587737843551799,0.06428316931961842,0.6067666282199153,0.11884951917724065,1.0,0.4069767441860465,0.6343254645536106,Surv-VAE
0.00755633223140933,0.9587737843551797,0.05551562642049802,0.5718569780853517,0.11321827507778158,4.0,0.47674418604651164,0.6227435244476085,Surv-VAE
0.008957735226023266,0.9460887949260044,0.04272208288125345,0.6404844290657439,0.12307100778466809,3.0,0.47674418604651164,0.6364292289675825,Surv-VAE
0.008422956210106046,0.9460887949260044,0.07282425359736097,0.6444444444444445,0.08583512223184521,2.0,0.5,0.6173733305292674,Surv-VAE
0.012088947675857838,0.922832980972516,0.0853002327917072,0.6426951172625913,0.09638743385792974,2.0,0.5232558139534884,0.6313076796353615,Surv-VAE
0.005879908560827611,0.9619450317124737,0.05520226912159576,0.6267781622452903,0.09011973985416448,1.0,0.5232558139534884,0.6460714648699935,Surv-VAE
0.009526864954966175,0.9408033826638479,0.08768148936143097,0.597520184544406,0.10571838800642884,1.0,0.5232558139534884,0.61588480978122,Surv-VAE
0.008124931505032247,0.945031712473573,0.05889530819571319,0.6012687427912342,0.095924209627942,2.0,0.47674418604651164,0.5987844916615033,Surv-VAE
0.009141617504624111,0.9386892177589853,0.08956871710762819,0.6603229527104959,0.09707730349494119,1.0,0.47674418604651164,0.6292048987222717,Surv-VAE
0.008276147193062222,0.9471458773784356,0.04213068287563113,0.5988081507112649,0.11740763439128414,4.0,0.4883720930232558,0.6145512300421461,Surv-VAE
0.006581510357661896,0.9566596194503171,0.09054245895213854,0.5375240292195309,0.11651012165555298,3.0,0.45348837209302323,0.6124050571906388,Surv-VAE
0.007500841901293414,0.9482029598308668,0.10820423805031432,0.627047289504037,0.10109911379894523,1.0,0.5116279069767442,0.6002864988323701,Surv-VAE
0.0080276308522796,0.9376321353065541,0.0633666410575576,0.5701845444059976,0.10798658881250628,1.0,0.4069767441860465,0.6233481324368936,Surv-VAE
0.007415985415143165,0.948202959830867,0.06026991034855973,0.6388696655132641,0.0887161854978073,2.0,0.5232558139534884,0.6332112767604027,Surv-VAE
0.004838540234745859,0.9587737843551799,0.039468843343861214,0.6375624759707804,0.13258222333267547,4.0,0.5116279069767442,0.5932533204694295,Surv-VAE
0.008963784989511843,0.9503171247357294,0.036889357661204436,0.5441753171856979,0.15300436135130202,5.0,0.5348837209302325,0.6047212086103314,Surv-VAE
0.009420466967455616,0.9439746300211417,0.06362938966175036,0.6474625144175318,0.10504699775292119,1.0,0.4418604651162791,0.6036078312317508,Surv-VAE
0.00873092467197789,0.9418604651162792,0.0756184319906937,0.6254133025759323,0.18342282957219067,3.0,0.4418604651162791,0.6130969025754801,Surv-VAE
0.006492523340712098,0.963002114164905,0.031003668427199656,0.5078046905036524,0.13472592180547888,2.0,0.5581395348837209,0.6374586342325208,Surv-VAE
0.007570816027958185,0.9482029598308668,0.04664102125643618,0.6104575163398693,0.10541209130859584,3.0,0.5348837209302325,0.5890436019977283,Surv-VAE
0.008647226762484191,0.948202959830867,0.03841406491033961,0.5409457900807382,0.1020878199965999,3.0,0.5813953488372093,0.6214997344485519,Surv-VAE
0.006575565024212565,0.9503171247357295,0.08054646078019032,0.6596309111880045,0.16784250855965113,2.0,0.5581395348837209,0.598249312341694,Surv-VAE
0.008899402425865201,0.9386892177589853,0.08820460405974799,0.556324490580546,0.1102295186865228,1.0,0.4883720930232558,0.617289036985608,Surv-VAE
0.004790322967309542,0.9587737843551797,0.07405595072384857,0.597116493656286,0.09435273471471343,1.0,0.5232558139534884,0.6010686105078561,Surv-VAE
0.0065567799083713855,0.9534883720930233,0.10960249590264821,0.6053056516724336,0.1080243669752071,1.0,0.5,0.6338206936525437,Surv-VAE
0.008987497560275145,0.9471458773784356,0.08134340568889449,0.6306228373702423,0.09249338348414878,2.0,0.46511627906976744,0.595616549253498,Surv-VAE
0.006554228095558284,0.9598308668076111,0.032672855938199255,0.5905805459438678,0.13611827881009236,5.0,0.47674418604651164,0.6483547642870031,Surv-VAE
0.008750350394584777,0.9460887949260042,0.1059705243953121,0.6896962706651287,0.08777575165276996,1.0,0.47674418604651164,0.633249672916386,Surv-VAE
0.010247925932670732,0.9302325581395349,0.04528288708274673,0.7019607843137254,0.1016612887617981,1.0,0.38372093023255816,0.6246452113073004,Surv-VAE
0.008337281631418598,0.9513742071881608,0.06273670737570655,0.603114186851211,0.09582980609417444,2.0,0.5116279069767442,0.6415446253696728,Surv-VAE
0.00662153558487113,0.9545454545454546,0.028688533440734874,0.6368704344482892,0.09801541330816499,1.0,0.47674418604651164,0.6034481260520684,Surv-VAE
0.008736439839824684,0.9408033826638479,0.07158025605552411,0.5501730103806228,0.15804540964904715,3.0,0.5116279069767442,0.6238553042215358,Surv-VAE
0.008190310427172144,0.948202959830867,0.08520400134850979,0.5973087274125336,0.10295888682268074,2.0,0.5,0.5897145202819677,Surv-VAE
0.006044033664587272,0.9587737843551797,0.04246550096526668,0.5237216455209535,0.0981781534992051,1.0,0.4883720930232558,0.630355804369599,Surv-VAE
0.005277034796487471,0.9619450317124735,0.0682023971748754,0.5674932718185313,0.1113145251345181,2.0,0.5465116279069767,0.6186112935680919,Surv-VAE
0.009943180584909853,0.9397463002114165,0.10859275348311742,0.642637447135717,0.09929920988666435,2.0,0.46511627906976744,0.604952829995283,Surv-VAE
0.00674351609690245,0.9566596194503171,0.06100291805475272,0.6188389081122645,0.09893043484894509,2.0,0.45348837209302323,0.6188292201624102,Surv-VAE
0.009808619395965456,0.9460887949260042,0.029110723850354323,0.5871011149557862,0.1358552729407734,6.0,0.5697674418604651,0.6114131386340491,Surv-VAE
0.008587384154868063,0.9439746300211417,0.09586134216970577,0.551287966166859,0.0920602793336913,1.0,0.5,0.6209804361037184,Surv-VAE
0.0062351383368996266,0.9534883720930233,0.0895193709584176,0.614475201845444,0.0969635211503126,1.0,0.46511627906976744,0.6099510428938167,Surv-VAE
0.008503813667904288,0.9513742071881608,0.038589616823675,0.6230296039984621,0.09696907121677467,3.0,0.5465116279069767,0.6018983125874665,Surv-VAE
0.007344183870380271,0.9482029598308668,0.09778673164976907,0.6453287197231834,0.09522048948540042,1.0,0.45348837209302323,0.6145640849960717,Surv-VAE
0.008779549862128679,0.9418604651162791,0.08520493777040829,0.6315647827758554,0.11001112451010542,3.0,0.5116279069767442,0.6444570368086374,Surv-VAE
0.009344035621642264,0.9355179704016915,0.05711518011557152,0.6390426758938869,0.19661559290227013,3.0,0.46511627906976744,0.6329225800788464,Surv-VAE
0.009529345200161052,0.9386892177589853,0.022759533956015838,0.5866589773164168,0.09832531150834911,4.0,0.5465116279069767,0.6193090864814288,Surv-VAE
0.009286301779545118,0.9471458773784356,0.05889450757969188,0.6127643214148405,0.08586177679547283,1.0,0.5,0.6228985633014824,Surv-VAE
0.0058270097781067485,0.9577167019027485,0.049641606841352375,0.5903498654363706,0.178358210349602,4.0,0.43023255813953487,0.6087436796525544,Surv-VAE
0.007854925216234251,0.9482029598308668,0.043603152005809005,0.6203767781622453,0.12132355447704082,1.0,0.5,0.6217899999737799,Surv-VAE
0.006647169344003887,0.9556025369978859,0.06801117798660476,0.6764321414840446,0.10433117294318243,2.0,0.43023255813953487,0.6616783421461025,Surv-VAE
0.01303294477719844,0.9270613107822411,0.08148599640793913,0.6635332564398309,0.08813068092415131,6.0,0.4883720930232558,0.6173252412792674,Surv-VAE
0.009456694299457316,0.9397463002114165,0.06623021923971889,0.5416570549788543,0.11619564425438661,1.0,0.5,0.6193014184845429,Surv-VAE
0.007048203383769596,0.9556025369978859,0.050209737272537164,0.5473663975394079,0.0937782210610794,10.0,0.4883720930232558,0.6144141735960731,Surv-VAE
0.008753924738338786,0.9460887949260042,0.06412592050644869,0.6551326412918108,0.09698097879755294,3.0,0.4069767441860465,0.6265180385932813,Surv-VAE
0.009372296448034478,0.9408033826638479,0.06195994238556665,0.5209919261822377,0.09073147181296352,8.0,0.4883720930232558,0.6230450582509722,Surv-VAE
0.008929628557499937,0.9492600422832982,0.03358865084602246,0.608554402153018,0.10245235916317626,5.0,0.5232558139534884,0.6335327941577372,Surv-VAE
0.007912660524193779,0.9418604651162791,0.07247805423753295,0.5745866974240676,0.13791374123113173,2.0,0.46511627906976744,0.6023505915083864,Surv-VAE
0.008081181366789838,0.945031712473573,0.06440934659139703,0.5494425221068819,0.12102132153665993,3.0,0.5348837209302325,0.6413181816474922,Surv-VAE
0.00974262023460043,0.9397463002114165,0.08274138373468883,0.6196270665128797,0.09506166263378973,8.0,0.5116279069767442,0.5661936666381665,Surv-VAE
0.00743149019237914,0.9492600422832982,0.08431459138520585,0.5282199154171472,0.09051202669656282,8.0,0.5232558139534884,0.6191645923007525,Surv-VAE
0.008175163275852826,0.9513742071881608,0.03898775945625863,0.6382929642445213,0.09292729116458066,3.0,0.43023255813953487,0.6000145913748611,Surv-VAE
0.007258258756523817,0.9503171247357295,0.08284006666511479,0.6312572087658592,0.09409218062368271,2.0,0.4883720930232558,0.6291624451349773,Surv-VAE
0.004960179387366135,0.9577167019027485,0.0720859668088172,0.6431757016532103,0.10616586950494417,3.0,0.4883720930232558,0.6291726943316186,Surv-VAE
0.00570540143638023,0.9598308668076111,0.048470198155164214,0.6012302960399847,0.09370135385101373,2.0,0.5,0.5841648062702599,Surv-VAE
0.008602802243859502,0.9471458773784356,0.0436618316816766,0.5470203767781623,0.09354434096880399,1.0,0.46511627906976744,0.6300508119713789,Surv-VAE
0.008278378025923442,0.9492600422832982,0.032779421996923956,0.5746251441753172,0.109018050689342,3.0,0.5,0.6105174113080212,Surv-VAE
0.010348420514349208,0.9397463002114165,0.051634453486580585,0.5123029603998461,0.13565005056047227,4.0,0.5697674418604651,0.6654830301558102,Surv-VAE
0.007583001189458553,0.9534883720930233,0.04546899832443982,0.553517877739331,0.12210100650025284,4.0,0.5232558139534884,0.6364978355602698,Surv-VAE
0.009314682186169551,0.9386892177589853,0.07238961251937764,0.7000384467512496,0.10899217117479977,2.0,0.45348837209302323,0.634048576326105,Surv-VAE
0.009118339763157632,0.9513742071881608,0.04264409936149064,0.6341214917339484,0.11686948573461078,4.0,0.5465116279069767,0.6375325979292871,Surv-VAE
0.005935340743177157,0.9566596194503171,0.06940642444310738,0.6652249134948097,0.10115776006914973,3.0,0.46511627906976744,0.6426847564165823,Surv-VAE
0.005607193200369196,0.9661733615221988,0.03835234879003468,0.6428296808919646,0.10985305049093248,2.0,0.43023255813953487,0.6163755962083253,Surv-VAE
0.007249696404084022,0.9524312896405921,0.0550419487740195,0.5941176470588235,0.12648837738824814,2.0,0.5116279069767442,0.6383828662058182,Surv-VAE
0.00648667334117533,0.9619450317124735,0.05147798443733184,0.64159938485198,0.09065999280382274,1.0,0.4186046511627907,0.5866204597762484,Surv-VAE
0.006412883816145711,0.952431289640592,0.06836227374659673,0.6057285659361784,0.11989283771593966,2.0,0.5,0.6325530124998066,Surv-VAE
0.009606123322809442,0.9439746300211417,0.07473760274028406,0.5874279123414071,0.09055490608405525,1.0,0.5116279069767442,0.6131344571673749,Surv-VAE
0.009376378969910204,0.9460887949260042,0.06524745514439687,0.5594002306805075,0.0890732650175296,1.0,0.5813953488372093,0.6339815818392298,Surv-VAE
0.007312882460747008,0.952431289640592,0.03612154131772437,0.6240292195309497,0.182456458660839,5.0,0.6046511627906976,0.5641371119130641,Surv-VAE
0.006894927844326474,0.9608879492600423,0.0492263388602702,0.6207612456747406,0.10604374768395226,5.0,0.5,0.6071567735480015,Surv-VAE
0.0073180493026368705,0.9513742071881608,0.07018977247749089,0.7177047289504037,0.12196607357585,2.0,0.5116279069767442,0.6403616897832377,Surv-VAE
0.0073971067810851745,0.9524312896405921,0.03222505441745011,0.4976931949250288,0.11480231585175747,7.0,0.5,0.5870239531962701,Surv-VAE
0.011001506899094751,0.9386892177589853,0.030130398541084173,0.5984044598231449,0.11925138649624221,4.0,0.5,0.6136844926122144,Surv-VAE
0.008894075893532055,0.9471458773784356,0.06331669390708633,0.6262975778546712,0.10891081711963334,5.0,0.46511627906976744,0.614254949915484,Surv-VAE
0.010233008979710093,0.9439746300211417,0.04411667916841189,0.5999615532487506,0.10486349274542066,1.0,0.46511627906976744,0.6009423864931898,Surv-VAE
0.007143016098654183,0.9492600422832982,0.04922959758019426,0.5813917723952327,0.13050349121474003,2.0,0.5348837209302325,0.6262746209313962,Surv-VAE
0.009964205183607133,0.9397463002114166,0.07005108551125933,0.66239907727797,0.10975876540883717,3.0,0.4418604651162791,0.5904430924364549,Surv-VAE
0.006760225947310036,0.9503171247357295,0.04811960364731088,0.6057670126874279,0.09667272882805394,4.0,0.4883720930232558,0.6302459445048676,Surv-VAE
0.009197831436049887,0.9397463002114165,0.09973791678157286,0.6421760861207227,0.10596027274288342,2.0,0.47674418604651164,0.5936006260197821,Surv-VAE
0.006889813282130199,0.9524312896405921,0.09630032136741495,0.6237216455209535,0.09616134673890515,1.0,0.5581395348837209,0.5681739472209906,Surv-VAE
0.009175907891747546,0.9344608879492601,0.06728359740225122,0.6551903114186851,0.09750325014067884,2.0,0.5116279069767442,0.6395885371157944,Surv-VAE
0.00695855847468479,0.9513742071881608,0.039428804983391345,0.6310265282583621,0.09172120848125247,3.0,0.4883720930232558,0.6228108107484494,Surv-VAE
0.007208405094051929,0.9439746300211418,0.08535514400015358,0.7055363321799307,0.12221404782005067,1.0,0.5116279069767442,0.6208870359056198,Surv-VAE
0.010677643986832816,0.9397463002114165,0.04404340122408973,0.6766628219915417,0.1582799412669805,4.0,0.46511627906976744,0.6340165617843899,Surv-VAE
0.00978046370541027,0.9460887949260044,0.050045161081352096,0.661284121491734,0.11918154039124904,5.0,0.5232558139534884,0.6216427582525084,Surv-VAE
0.007706192885409622,0.9545454545454547,0.06355244116528426,0.683044982698962,0.14414309200733846,1.0,0.4883720930232558,0.6187649951508788,Surv-VAE
0.010983248219697662,0.9302325581395349,0.05915953811366886,0.5929257977700884,0.09137977847980362,2.0,0.43023255813953487,0.6120003855446965,Surv-VAE
0.008245084495288523,0.9439746300211417,0.057195593564780295,0.6054978854286812,0.09106970494973723,7.0,0.4418604651162791,0.6290833485864176,Surv-VAE
0.005608827130430042,0.9619450317124737,0.045776502569706924,0.581199538638985,0.10605378324905204,3.0,0.47674418604651164,0.5874679100550692,Surv-VAE
0.006924169699309656,0.9524312896405921,0.06690447693031343,0.7012302960399847,0.11420457530911234,1.0,0.45348837209302323,0.6031823933833185,Surv-VAE
0.007883127098108596,0.9408033826638479,0.07476041797152602,0.612725874663591,0.10649647695932099,3.0,0.5348837209302325,0.6160701133395394,Surv-VAE
0.008011071187964796,0.9566596194503171,0.04186791446597631,0.5938100730488273,0.09976139729581751,2.0,0.46511627906976744,0.5973643250093861,Surv-VAE
0.006476949469520017,0.9534883720930233,0.05318838061976703,0.6114955786236063,0.14336979723703627,3.0,0.45348837209302323,0.6145875092185119,Surv-VAE
0.00736275702142474,0.9556025369978859,0.03296290426395742,0.6297577854671281,0.10154040001718416,3.0,0.4883720930232558,0.623889186016276,Surv-VAE
0.006687622257525938,0.9545454545454546,0.06191384464390109,0.6009227220299885,0.10309029339736189,4.0,0.5465116279069767,0.5956953969921311,Surv-VAE
0.009441265866036531,0.9408033826638479,0.04044782467512223,0.6104959630911189,0.11421551504239394,4.0,0.5,0.6527171007299343,Surv-VAE
0.01076088789115424,0.9365750528541227,0.06271642244824188,0.5983467896962706,0.1051234685325042,4.0,0.5232558139534884,0.6123482904612216,Surv-VAE
0.0075499153705686365,0.9524312896405921,0.025738964017046215,0.6110342176086121,0.09309897080117048,1.0,0.38372093023255816,0.6370218108321869,Surv-VAE
0.006171350042920046,0.9587737843551797,0.061641550725369414,0.662552864282968,0.15117505308158138,5.0,0.45348837209302323,0.6155588597401653,Surv-VAE
0.00712235647181216,0.9577167019027485,0.05852148901723413,0.5425221068819684,0.10011508231094085,1.0,0.5232558139534884,0.6214910953087556,Surv-VAE
0.007886470186929269,0.9524312896405921,0.03538845466973829,0.5382545174932718,0.12033392402109203,2.0,0.5232558139534884,0.6341915042013004,Surv-VAE
0.007235013810601609,0.9408033826638479,0.0787914603602175,0.6868512110726643,0.10483610632676961,2.0,0.46511627906976744,0.6059050139864715,Surv-VAE
0.008358709476073438,0.9556025369978859,0.040036828447378096,0.5441753171856979,0.12068129390682207,4.0,0.47674418604651164,0.6375464032493705,Surv-VAE
0.008026038726581718,0.9556025369978859,0.04642105923017654,0.6645328719723184,0.10468336448614414,5.0,0.43023255813953487,0.6289282654292524,Surv-VAE
0.00801089253951731,0.9482029598308668,0.069424794688822,0.597116493656286,0.1050520452021922,1.0,0.43023255813953487,0.6049571746191413,Surv-VAE
0.00754609022054828,0.9503171247357295,0.053248692713306525,0.6396193771626298,0.15609104900680848,5.0,0.5581395348837209,0.6012420643967338,Surv-VAE
0.006177345680307023,0.9545454545454546,0.049246598922312694,0.5681276432141484,0.12995123248670637,2.0,0.47674418604651164,0.6215744921746352,Surv-VAE
0.00879221623129716,0.9397463002114166,0.06848281579087044,0.7206459054209919,0.11865558833074376,3.0,0.47674418604651164,0.6244399400626717,Surv-VAE
0.007207175931366442,0.9556025369978858,0.04574807290030326,0.5586312956555171,0.09912109182975368,3.0,0.5232558139534884,0.6238254716878583,Surv-VAE
0.007564158759165362,0.9566596194503171,0.042052523943810434,0.5725874663590926,0.2276093954456496,5.0,0.5581395348837209,0.6276772622538385,Surv-VAE
0.007645709449120627,0.9492600422832982,0.08823552408379912,0.6488273740868897,0.12023073798384257,2.0,0.47674418604651164,0.6495680661902684,Surv-VAE
0.007388584072726301,0.9503171247357295,0.06163644790217182,0.619838523644752,0.09202848896576984,3.0,0.5930232558139535,0.6315880548877374,Surv-VAE
0.00936715342523903,0.9450317124735729,0.0401482321141579,0.6,0.10822146702923621,3.0,0.45348837209302323,0.6023475699130431,Surv-VAE
0.008079598243719776,0.9513742071881608,0.06586528552952212,0.633525567089581,0.11460373036252576,3.0,0.5116279069767442,0.6096642835812159,Surv-VAE
