J-S distance,KS test,Survival curves distance,Detection XGB,NSND,K-map score,Identifiability score,NNDR,generator
0.0053433208786111555,0.9632867132867132,0.022763479911419016,0.8135355029585799,0.08673469405432585,2.0,0.4423076923076923,0.7269123486217317,HI-VAE_weibull
0.005208059685966217,0.9702797202797201,0.022185794446400498,0.8251849112426035,0.13122374499770623,3.0,0.46153846153846156,0.7290769559744394,HI-VAE_weibull
0.004344731965519238,0.975174825174825,0.025872438146626108,0.8436390532544378,0.1715725426580146,2.0,0.48846153846153845,0.7315704249444455,HI-VAE_weibull
0.005302294821265479,0.9657342657342657,0.035148567999198306,0.8554733727810652,0.10600589233948352,2.0,0.46153846153846156,0.7205596287495165,HI-VAE_weibull
0.00300434281901571,0.9769230769230769,0.02522873935224764,0.8333579881656805,0.07985777400254883,1.0,0.46923076923076923,0.7148411573495959,HI-VAE_weibull
0.0054399483477209,0.9653846153846153,0.02189937857848765,0.8250739644970414,0.0993046532803914,1.0,0.41923076923076924,0.7065989700107652,HI-VAE_weibull
0.004171814560611325,0.9706293706293707,0.03503589036588695,0.8470414201183433,0.12480449676388655,2.0,0.43846153846153846,0.6839453996018217,HI-VAE_weibull
0.004603965137210992,0.9713286713286713,0.03517948391562777,0.8627218934911243,0.10882619425878431,1.0,0.48846153846153845,0.6841325429929742,HI-VAE_weibull
0.004909601963191039,0.9657342657342657,0.03352682797539738,0.8687869822485206,0.09083778509921837,1.0,0.4807692307692308,0.6815543488594283,HI-VAE_weibull
0.004487918751065333,0.9695804195804194,0.027895102808228014,0.8258136094674556,0.07736631222314629,1.0,0.5115384615384615,0.7070884775712305,HI-VAE_weibull
0.004012162746207971,0.972027972027972,0.020814038191628678,0.8508875739644971,0.09028643190666912,2.0,0.46153846153846156,0.7111860162693343,HI-VAE_weibull
0.0027679001570064285,0.9758741258741257,0.015735402667527362,0.8490384615384615,0.09432752407835977,2.0,0.46923076923076923,0.7249263680276884,HI-VAE_weibull
0.004479398840863935,0.9744755244755243,0.02178222753741309,0.828180473372781,0.1446926612827012,2.0,0.5076923076923077,0.6615063342060257,HI-VAE_weibull
0.004742139620473602,0.9667832167832168,0.0220296484516116,0.8534023668639052,0.09672568118984065,2.0,0.45,0.6985139213253062,HI-VAE_weibull
0.005250835057180942,0.9688811188811189,0.03047795471991859,0.8082470414201183,0.08815390344563179,3.0,0.46923076923076923,0.68479853080221,HI-VAE_weibull
0.0036704842020677127,0.9716783216783217,0.01794213853519473,0.8309911242603552,0.17209214477781257,2.0,0.5192307692307693,0.689079088149718,HI-VAE_weibull
0.005485465747546385,0.9667832167832167,0.02957946601062116,0.8253698224852071,0.1762701824609106,2.0,0.47692307692307695,0.7197866304995852,HI-VAE_weibull
0.0066315672137595115,0.9618881118881117,0.03309374890835359,0.8100221893491124,0.12146151684325804,1.0,0.5230769230769231,0.7010541584660395,HI-VAE_weibull
0.0043285078040336735,0.9695804195804194,0.03250522990069044,0.8600591715976332,0.061384716509890136,1.0,0.49230769230769234,0.7109854372064593,HI-VAE_weibull
0.005520440268971334,0.965034965034965,0.023429927619969697,0.8439349112426034,0.13331970580886973,1.0,0.4461538461538462,0.7203484619416308,HI-VAE_weibull
0.004524450333611415,0.9699300699300699,0.0320207281917856,0.8181952662721894,0.085904985721651,2.0,0.47307692307692306,0.6828375003348106,HI-VAE_weibull
0.005587996687689864,0.9667832167832167,0.0266189213314601,0.8232248520710058,0.07113777694841263,2.0,0.4346153846153846,0.7182050795118781,HI-VAE_weibull
0.00410427841832809,0.9751748251748252,0.02035754323134117,0.8236686390532544,0.12515436818703474,1.0,0.4461538461538462,0.7138703647409113,HI-VAE_weibull
0.0043410070389250715,0.9755244755244754,0.021246562955773093,0.8498520710059172,0.0721236712286466,3.0,0.49615384615384617,0.7057915279712645,HI-VAE_weibull
0.005164138693743491,0.9706293706293706,0.028107237505616757,0.8479289940828403,0.08274960371053501,5.0,0.4461538461538462,0.7322143208460431,HI-VAE_weibull
0.00419826940690124,0.9706293706293706,0.025121753058749908,0.8282544378698224,0.1962239288053851,3.0,0.45384615384615384,0.7218392990358278,HI-VAE_weibull
0.005888645187299784,0.9632867132867133,0.030602391826490896,0.8205621301775148,0.0662746579415858,2.0,0.4576923076923077,0.7165262480262709,HI-VAE_weibull
0.0033317619226531157,0.9807692307692307,0.016801383106468525,0.8452662721893491,0.18204590430266673,2.0,0.4846153846153846,0.7267533938966866,HI-VAE_weibull
0.005151288032448046,0.9671328671328671,0.02843004881014951,0.822559171597633,0.08258310650587541,2.0,0.47307692307692306,0.7317643425046982,HI-VAE_weibull
0.00436132026150716,0.9727272727272727,0.02603933252903525,0.837130177514793,0.09820691710322961,1.0,0.4423076923076923,0.7023371456420403,HI-VAE_weibull
0.003732554408071671,0.9786713286713288,0.01911575722265473,0.840458579881657,0.0722925574791957,1.0,0.45,0.7063327528694191,HI-VAE_weibull
0.003959984930316806,0.9706293706293707,0.027902541233165348,0.8618343195266271,0.14838645800906622,4.0,0.47307692307692306,0.7303950508999328,HI-VAE_weibull
0.0033521355866734143,0.98006993006993,0.02303345419952421,0.8327662721893491,0.10415234875020629,1.0,0.5038461538461538,0.724476965136919,HI-VAE_weibull
0.0035833051286264382,0.974125874125874,0.020182532655470854,0.8460059171597634,0.08701078283804595,1.0,0.4576923076923077,0.6900199384228342,HI-VAE_weibull
0.004228658852928317,0.974825174825175,0.032311389783850966,0.8718195266272188,0.10765197797846592,1.0,0.5038461538461538,0.7181364913250025,HI-VAE_weibull
0.0035100464007179993,0.9723776223776224,0.022355998559787923,0.8278846153846153,0.10827272848802026,3.0,0.5346153846153846,0.6888144331681147,HI-VAE_weibull
0.005048248665474633,0.9678321678321677,0.0201966038100443,0.7824704142011834,0.17260455518660311,2.0,0.4307692307692308,0.7291452129590357,HI-VAE_weibull
0.004300178234591708,0.9723776223776224,0.0250487154473187,0.8528846153846155,0.09204700909028207,1.0,0.4307692307692308,0.6851185837255691,HI-VAE_weibull
0.005593804308830854,0.966083916083916,0.02628409024323463,0.8379068047337277,0.11758983392434931,2.0,0.4576923076923077,0.697120358679367,HI-VAE_weibull
0.004925047152339376,0.9723776223776224,0.017839473214954504,0.8557692307692308,0.1928097822778113,2.0,0.4461538461538462,0.692902506916125,HI-VAE_weibull
0.003800633330651659,0.976923076923077,0.03699735901334014,0.8148668639053256,0.10278982866952482,1.0,0.45,0.707823729799433,HI-VAE_weibull
0.004323373519581259,0.974125874125874,0.02492216756847252,0.8430473372781064,0.1670885086244877,2.0,0.38846153846153847,0.7185372660837913,HI-VAE_weibull
0.004545083061693714,0.9657342657342657,0.038034576479874155,0.8331360946745562,0.1267209767226179,1.0,0.46923076923076923,0.7185275246411276,HI-VAE_weibull
0.003899088932846755,0.9744755244755244,0.040221296739873034,0.8326923076923076,0.07881112387645672,2.0,0.4269230769230769,0.7022008595722206,HI-VAE_weibull
0.005793176877780112,0.9667832167832167,0.04373104867085283,0.8330251479289942,0.12570763915681563,1.0,0.5230769230769231,0.6903789767771709,HI-VAE_weibull
0.005297674692250732,0.9660839160839161,0.029562445209855487,0.842973372781065,0.14867478252124808,3.0,0.45,0.709791006388891,HI-VAE_weibull
0.004292271819470673,0.972027972027972,0.024233089845735814,0.8579881656804733,0.12919841540941754,2.0,0.5,0.7302500203573103,HI-VAE_weibull
0.005381298550457678,0.9660839160839161,0.03329395996292275,0.8514792899408284,0.058116642807029065,2.0,0.5,0.6961190306114005,HI-VAE_weibull
0.004499635307475823,0.9727272727272727,0.015997870654715213,0.8446745562130179,0.12505693839062598,3.0,0.4423076923076923,0.7027678387417379,HI-VAE_weibull
0.004841679635987681,0.972027972027972,0.025953750585812296,0.8608727810650887,0.10355313773410843,1.0,0.47692307692307695,0.7075792045296794,HI-VAE_weibull
0.004283715423980993,0.972027972027972,0.02601063222844292,0.8478550295857987,0.10326344257376717,1.0,0.4807692307692308,0.7155703020058952,HI-VAE_weibull
0.004585463260065716,0.9751748251748252,0.02606042235368473,0.8472633136094675,0.09080207898957647,1.0,0.4269230769230769,0.7200160647913749,HI-VAE_weibull
0.004569260821353737,0.9748251748251747,0.019013901420115196,0.8562500000000002,0.12080111657668696,2.0,0.4807692307692308,0.7023335216114129,HI-VAE_weibull
0.004074105357108113,0.9699300699300699,0.02340481470833265,0.8334319526627219,0.14871655211728677,2.0,0.45,0.7010146794999481,HI-VAE_weibull
0.004724436064810963,0.9688811188811189,0.017991292919347788,0.8304733727810651,0.09189403242903023,2.0,0.4653846153846154,0.7058095789220946,HI-VAE_weibull
0.004940885414596218,0.9667832167832168,0.027353533992514733,0.8480029585798817,0.07641232553420237,1.0,0.4461538461538462,0.719144573362818,HI-VAE_weibull
0.003564304623286829,0.9734265734265733,0.026522916190043478,0.8649408284023667,0.10094139195371116,1.0,0.48846153846153845,0.7041872540050994,HI-VAE_weibull
0.00542469505179401,0.9639860139860139,0.029372532552326566,0.8446005917159762,0.07322842457257593,1.0,0.49615384615384617,0.729365377072673,HI-VAE_weibull
0.004100394529113167,0.9776223776223776,0.02249702565024231,0.8326183431952663,0.10227045416978732,2.0,0.4576923076923077,0.7138933349784294,HI-VAE_weibull
0.003850298826218619,0.9744755244755244,0.034056359065068174,0.8414201183431953,0.09165306073210647,1.0,0.46153846153846156,0.7219201160658444,HI-VAE_weibull
0.003212881879117041,0.9741258741258743,0.040762103007233735,0.8109097633136095,0.08065108339398776,2.0,0.48846153846153845,0.6996715030382883,HI-VAE_weibull
0.00487636479196783,0.968181818181818,0.032750050088921505,0.8121301775147929,0.11262781947567993,1.0,0.4576923076923077,0.6805231045717015,HI-VAE_weibull
0.004950283990316547,0.9660839160839161,0.027689003436422596,0.8294378698224852,0.07988451968524744,1.0,0.47307692307692306,0.7191889479476771,HI-VAE_weibull
0.005713413740643986,0.9664335664335664,0.028491072966390744,0.8251479289940828,0.08141684468486966,1.0,0.46153846153846156,0.6950966724404014,HI-VAE_weibull
0.003631664502143177,0.9751748251748252,0.03884307607513769,0.8524778106508875,0.06428652475904999,3.0,0.4653846153846154,0.6977471351197437,HI-VAE_weibull
0.003984141388034202,0.972027972027972,0.02987587959349364,0.8185650887573963,0.11683297205961227,1.0,0.5038461538461538,0.7099827570904954,HI-VAE_weibull
0.005164466827901101,0.9685314685314684,0.029749324549514945,0.8095414201183433,0.09754895251544903,1.0,0.46923076923076923,0.6780021674758805,HI-VAE_weibull
0.005441484414324602,0.9678321678321677,0.026928675654277506,0.8440088757396451,0.14285430707118568,3.0,0.49230769230769234,0.679936218136551,HI-VAE_weibull
0.004423076889061869,0.9688811188811189,0.031166853549544567,0.883653846153846,0.13022956457938537,1.0,0.4269230769230769,0.6850599484874732,HI-VAE_weibull
0.004916261804987594,0.9646853146853147,0.030978678175784095,0.8145710059171598,0.20963507382819038,2.0,0.47692307692307695,0.6684334331381999,HI-VAE_weibull
0.0046806673838761395,0.965034965034965,0.027573964139399908,0.8547707100591715,0.12143947574337129,1.0,0.4807692307692308,0.693476391651644,HI-VAE_weibull
0.00574823626890715,0.9608391608391608,0.027616403281564644,0.8159763313609467,0.11703370247532915,5.0,0.4461538461538462,0.7197915240355676,HI-VAE_weibull
0.004860524405469696,0.9664335664335663,0.023149158457073767,0.853809171597633,0.09883002604604259,2.0,0.45384615384615384,0.6855989746755653,HI-VAE_weibull
0.004201653812972594,0.9751748251748252,0.028263155846080683,0.8456360946745562,0.0766504149485515,3.0,0.46923076923076923,0.7218571701811455,HI-VAE_weibull
0.004634712416653788,0.9748251748251747,0.024419800993799343,0.8594674556213018,0.18046965305003765,2.0,0.5038461538461538,0.689437307339634,HI-VAE_weibull
0.005264892084313782,0.9625874125874126,0.020411655274636988,0.8331360946745564,0.08900382929536783,3.0,0.5115384615384615,0.7303031315834322,HI-VAE_weibull
0.003655523998647994,0.9734265734265733,0.02246857221360047,0.8406065088757396,0.11954163829633761,3.0,0.46153846153846156,0.6911266788518853,HI-VAE_weibull
0.004767219269582199,0.9692307692307692,0.03773878001071352,0.8518860946745562,0.051754036832865724,2.0,0.4846153846153846,0.7111743944338048,HI-VAE_weibull
0.0036426766476794535,0.9776223776223776,0.03428881461732106,0.8639053254437868,0.1347419891972882,3.0,0.47307692307692306,0.7167210260480901,HI-VAE_weibull
0.005247171992254232,0.9674825174825176,0.025270282859722926,0.8204142011834319,0.09414505359838653,1.0,0.4153846153846154,0.6903563277624833,HI-VAE_weibull
0.003318631445658814,0.9821678321678321,0.019282420897674707,0.8369082840236686,0.1458313372671151,4.0,0.5038461538461538,0.7033437943303423,HI-VAE_weibull
0.004080877717314463,0.9716783216783217,0.045695942605374955,0.8548446745562129,0.058587030854854664,2.0,0.4576923076923077,0.7415898953931951,HI-VAE_weibull
0.005402729438799608,0.9695804195804194,0.024778965501869258,0.8166420118343195,0.07854700265153673,3.0,0.4807692307692308,0.7119837840440945,HI-VAE_weibull
0.004276334274278506,0.9748251748251747,0.026307291849816176,0.8372781065088756,0.07396963802553184,2.0,0.4230769230769231,0.7003533099415912,HI-VAE_weibull
0.004022055642646158,0.9744755244755243,0.030690459401007487,0.7924556213017752,0.10231457718837436,1.0,0.46153846153846156,0.6970819429449359,HI-VAE_weibull
0.004464996096678373,0.9681818181818183,0.03235017034124967,0.8543639053254438,0.08121101451656043,1.0,0.45,0.69033918214459,HI-VAE_weibull
0.004213000008963117,0.9674825174825173,0.03168462411952483,0.8461168639053256,0.15956419551503845,4.0,0.47307692307692306,0.7177894674834715,HI-VAE_weibull
0.00555509637928111,0.9671328671328671,0.01861396193044626,0.8591715976331361,0.1377132535473242,2.0,0.47692307692307695,0.6891637227209899,HI-VAE_weibull
0.004708339244405705,0.9706293706293706,0.02352508270885157,0.7991863905325444,0.04196425855716791,2.0,0.45384615384615384,0.6932468687749902,HI-VAE_weibull
0.004169042061293724,0.9755244755244754,0.03204372096442573,0.8231508875739646,0.06865692722593952,1.0,0.41923076923076924,0.6992837483181357,HI-VAE_weibull
0.005672021217847381,0.9671328671328671,0.033679858878853296,0.8282544378698224,0.15595787062491165,2.0,0.43846153846153846,0.6748138039695871,HI-VAE_weibull
0.004349942606121067,0.9734265734265733,0.020638532781901267,0.8237795857988164,0.10199094176981122,3.0,0.43846153846153846,0.7314682812945233,HI-VAE_weibull
0.004436600720385244,0.9723776223776223,0.031602534409543116,0.811242603550296,0.1262067634623421,2.0,0.46923076923076923,0.7011936037538878,HI-VAE_weibull
0.005601682988398794,0.965034965034965,0.033318535167761926,0.8299556213017751,0.10189127064818804,1.0,0.49615384615384617,0.6871363193476518,HI-VAE_weibull
0.006266985484181509,0.9646853146853146,0.024115499499527338,0.8467455621301776,0.1671313434043633,2.0,0.49230769230769234,0.7312665004909239,HI-VAE_weibull
0.005036898582939914,0.9695804195804194,0.01865986085242595,0.7903846153846154,0.08842033315673839,2.0,0.5076923076923077,0.6874699978434282,HI-VAE_weibull
0.004284776677628054,0.9734265734265733,0.022510175634114508,0.7957840236686391,0.08133268976186556,1.0,0.45,0.6947850691470517,HI-VAE_weibull
0.005146295295997556,0.9685314685314684,0.021524713029644427,0.8470784023668638,0.14466698268845515,2.0,0.4653846153846154,0.6857234001603969,HI-VAE_weibull
0.005742776604421188,0.9643356643356643,0.030712617877180305,0.8374260355029586,0.10654222331806906,2.0,0.45384615384615384,0.6890403655126721,HI-VAE_weibull
0.0038844902162350455,0.9765734265734266,0.015484655652452047,0.8301775147928993,0.13249046335687142,3.0,0.5,0.7221561638414573,HI-VAE_weibull
0.005267467552832611,0.9604895104895106,0.038473337185098135,0.8467455621301776,0.12184949319739322,1.0,0.45384615384615384,0.7040798953995191,HI-VAE_weibull
0.004938511715506275,0.9692307692307692,0.02606135838280781,0.8466346153846154,0.14158843968489065,2.0,0.4846153846153846,0.6868422653517802,HI-VAE_weibull
0.005043789571207226,0.972027972027972,0.024546249369310116,0.8298816568047338,0.05793712719404801,2.0,0.5038461538461538,0.6975927681365164,HI-VAE_weibull
0.003136264965255393,0.979020979020979,0.043559641601623865,0.8156065088757396,0.21460188941658323,2.0,0.4423076923076923,0.7092136591681881,HI-VAE_weibull
0.004236124768784422,0.9758741258741257,0.019914286305567016,0.8187869822485206,0.08965804007122147,2.0,0.4846153846153846,0.7136237836921533,HI-VAE_weibull
0.0042627973046469375,0.9678321678321677,0.025119915976235526,0.8359467455621303,0.09233769914863012,1.0,0.4653846153846154,0.6928044623839835,HI-VAE_weibull
0.003883088946576872,0.9772727272727273,0.030120728991902046,0.8279585798816568,0.07274195892509533,2.0,0.47307692307692306,0.7019469938341335,HI-VAE_weibull
0.005062133214677743,0.9692307692307692,0.03348977851288238,0.8247781065088757,0.06061679277797441,3.0,0.4346153846153846,0.6835196033219589,HI-VAE_weibull
0.004945360788737422,0.963986013986014,0.0220174324543663,0.8216715976331361,0.15851331284588466,1.0,0.47307692307692306,0.6942131207233246,HI-VAE_weibull
0.004135105531746137,0.9723776223776224,0.024292747753253463,0.841715976331361,0.11923947944229485,1.0,0.4307692307692308,0.7042816036178898,HI-VAE_weibull
0.005505897830689937,0.9639860139860139,0.05860086280632669,0.8536242603550296,0.1060407040936704,1.0,0.4076923076923077,0.7096471042388224,HI-VAE_weibull
0.0028818392863344602,0.9762237762237763,0.015161119432608975,0.8342455621301775,0.1204487478728252,2.0,0.4461538461538462,0.7006675252146548,HI-VAE_weibull
0.0033772276904720667,0.9755244755244756,0.028603057435493177,0.8193047337278105,0.1933421940628461,3.0,0.47307692307692306,0.72153101979011,HI-VAE_weibull
0.004466563913464973,0.972027972027972,0.03114010594680154,0.8498150887573963,0.18634185386064356,3.0,0.46923076923076923,0.6884539358044547,HI-VAE_weibull
0.004066051483952417,0.9734265734265733,0.025195017234026774,0.8323224852071005,0.1476702113762568,1.0,0.43846153846153846,0.713810024444111,HI-VAE_weibull
0.0052048531283839855,0.9667832167832167,0.019751946814999963,0.8136834319526628,0.0785625114266981,1.0,0.45384615384615384,0.6931911382562027,HI-VAE_weibull
0.00481771866599491,0.9702797202797203,0.030061274885068802,0.8393121301775148,0.11725988195396814,1.0,0.45,0.6827168965769386,HI-VAE_weibull
0.004218358355468141,0.9709790209790209,0.02178107468142131,0.8201183431952662,0.08133578582714557,3.0,0.5153846153846153,0.7114792058067588,HI-VAE_weibull
0.00397669867770613,0.974125874125874,0.01615479161794555,0.8261834319526628,0.16310934828813067,3.0,0.43846153846153846,0.7129388525737793,HI-VAE_weibull
0.004534685408364003,0.9695804195804196,0.027562299153966872,0.8555473372781066,0.08086559361465605,1.0,0.4153846153846154,0.7058805541778308,HI-VAE_weibull
0.00488723453239412,0.9716783216783217,0.0241491399057697,0.8592455621301773,0.19517324288666507,3.0,0.46923076923076923,0.6905369226617865,HI-VAE_weibull
0.004046075590844558,0.9723776223776224,0.02363800200258061,0.8703772189349113,0.1378471561768412,2.0,0.45384615384615384,0.6922680774548995,HI-VAE_weibull
0.0051200548007473475,0.9657342657342657,0.022970017995225748,0.8494082840236686,0.19979634501567992,3.0,0.5,0.6651065962019128,HI-VAE_weibull
0.004099342889755799,0.9737762237762237,0.019015198267574612,0.839940828402367,0.10124887698642589,3.0,0.48846153846153845,0.7055100320919447,HI-VAE_weibull
0.0037684266876657495,0.9772727272727273,0.020980779522968313,0.8610946745562131,0.16499857277430877,3.0,0.45384615384615384,0.6912879868037324,HI-VAE_weibull
0.0040707864586217914,0.9713286713286713,0.021776691530685007,0.8523668639053256,0.10913330575921482,2.0,0.45,0.7311847393613299,HI-VAE_weibull
0.005690014150829662,0.9667832167832168,0.03177243130276388,0.8132396449704142,0.06272000840235131,3.0,0.4307692307692308,0.6989092233302636,HI-VAE_weibull
0.004831135900751353,0.9681818181818183,0.026277860833126134,0.8243343195266274,0.06014462094676265,1.0,0.4423076923076923,0.7134662129865477,HI-VAE_weibull
0.005150947986705148,0.9643356643356643,0.0315064114084094,0.8600591715976332,0.10320604466714318,2.0,0.4423076923076923,0.7150677608176219,HI-VAE_weibull
0.0032054722194725022,0.9769230769230769,0.033596280427540245,0.8373520710059171,0.08384580910372821,1.0,0.46923076923076923,0.7211819900506047,HI-VAE_weibull
0.0043675226603594386,0.9706293706293706,0.021101925587798585,0.8206360946745562,0.08139374976616501,4.0,0.4653846153846154,0.6992960541528351,HI-VAE_weibull
0.004823983717749298,0.9681818181818183,0.022402984747562454,0.826257396449704,0.07354355419010045,2.0,0.4115384615384615,0.6901176544911998,HI-VAE_weibull
0.0026844387587896482,0.98006993006993,0.029717098924514122,0.8428994082840235,0.15346206020608522,2.0,0.45384615384615384,0.6724594488693506,HI-VAE_weibull
0.0051210219374395365,0.965034965034965,0.02687650928538727,0.8750739644970414,0.17825716537239633,2.0,0.4576923076923077,0.7085258564040634,HI-VAE_weibull
0.005074420905868994,0.9713286713286713,0.030004190473999517,0.8385355029585799,0.10564845190711283,1.0,0.45384615384615384,0.7100552902048489,HI-VAE_weibull
0.005166428152471129,0.9674825174825176,0.0310070896128422,0.8593934911242604,0.09699551144043296,3.0,0.4807692307692308,0.6983455110802648,HI-VAE_weibull
0.00606379387493964,0.9636363636363636,0.03368675395129324,0.8485946745562132,0.11555010614765963,2.0,0.46923076923076923,0.7040672448580865,HI-VAE_weibull
0.004414030984315976,0.9688811188811189,0.021299058392389766,0.8474852071005916,0.12619270333985994,2.0,0.5038461538461538,0.7027092312970462,HI-VAE_weibull
0.003389929064401213,0.9772727272727273,0.027439848980241217,0.8218934911242602,0.11425887126554637,3.0,0.4461538461538462,0.681443775513601,HI-VAE_weibull
0.005612744441155239,0.9664335664335664,0.02409632161847077,0.8212278106508876,0.0830219821411078,1.0,0.4807692307692308,0.7012487324001832,HI-VAE_weibull
0.003954915519157377,0.9776223776223776,0.026896175382238093,0.8431213017751478,0.1339886683704005,3.0,0.45,0.7268310426943635,HI-VAE_weibull
0.0054367322758465085,0.9636363636363636,0.027687253802740036,0.8782544378698226,0.09838760843582128,2.0,0.5,0.6870509932060704,HI-VAE_weibull
0.002585029661051173,0.9776223776223776,0.02767765776830067,0.8159023668639053,0.18874082642980025,4.0,0.43846153846153846,0.6857572931228155,HI-VAE_weibull
0.004446328472924532,0.9685314685314684,0.018857461925758483,0.8376479289940828,0.10819942189868641,2.0,0.41923076923076924,0.7118736960732868,HI-VAE_weibull
0.0048876682177018274,0.9671328671328671,0.022597972957777074,0.8255917159763314,0.10208414643652122,2.0,0.45384615384615384,0.6954588932021061,HI-VAE_weibull
0.004975979007083949,0.9671328671328673,0.03202930745125393,0.838387573964497,0.08875779219028268,3.0,0.43846153846153846,0.7222415609382024,HI-VAE_weibull
0.005309255730154656,0.9657342657342657,0.02795597034601281,0.8228550295857987,0.14528948272325493,2.0,0.49615384615384617,0.69843092669973,HI-VAE_weibull
0.0040111002343441796,0.9769230769230769,0.022183017893273246,0.8457100591715978,0.0827735641696847,3.0,0.48846153846153845,0.697034410317158,HI-VAE_weibull
0.005267337331533708,0.9646853146853146,0.03229071556132986,0.8276257396449704,0.08447408081170034,2.0,0.4576923076923077,0.6713303873107143,HI-VAE_weibull
0.00383558634695879,0.9737762237762237,0.037756433480008136,0.8557692307692306,0.08309346739870577,1.0,0.4461538461538462,0.7067270777246016,HI-VAE_weibull
0.0036670454631818174,0.9744755244755243,0.024419255603770833,0.8210798816568048,0.15821568645172715,2.0,0.49230769230769234,0.6923533252905205,HI-VAE_weibull
0.005563444813265206,0.9667832167832168,0.016033881538603415,0.8557692307692308,0.13618285181055842,2.0,0.46923076923076923,0.7112233070910566,HI-VAE_weibull
0.005299562791049413,0.9653846153846153,0.030719241945817786,0.8397189349112425,0.07547935944016915,3.0,0.46153846153846156,0.6955131815877802,HI-VAE_weibull
0.004512460009363927,0.9709790209790209,0.028305737266444184,0.843860946745562,0.14933846956327917,2.0,0.4576923076923077,0.7092610204919569,HI-VAE_weibull
0.004260387950707306,0.9713286713286713,0.02555810760870631,0.8421597633136095,0.13006294519929504,2.0,0.46153846153846156,0.7162762774881865,HI-VAE_weibull
0.004244799893001844,0.9723776223776223,0.03295870090504079,0.8527366863905325,0.08357394130644168,1.0,0.4807692307692308,0.6916226998949164,HI-VAE_weibull
0.0036747757035197307,0.9776223776223776,0.02243821377978801,0.8295118343195267,0.1266381391555342,2.0,0.4576923076923077,0.716666772412991,HI-VAE_weibull
0.0048579513717333525,0.9688811188811189,0.019957449014919304,0.8601331360946745,0.07060414264737162,3.0,0.4807692307692308,0.70619298177034,HI-VAE_weibull
0.003928835465769053,0.9769230769230769,0.03272741534750033,0.8356139053254438,0.06690115533113586,2.0,0.4230769230769231,0.7017146877646988,HI-VAE_weibull
0.004797060454581113,0.9713286713286713,0.02759210525011398,0.8691568047337279,0.08161784656076987,2.0,0.4576923076923077,0.7378570312031636,HI-VAE_weibull
0.00524054531414333,0.9699300699300699,0.03586020961401181,0.8176405325443786,0.09687738030507939,2.0,0.47307692307692306,0.679981879747632,HI-VAE_weibull
0.004834314238441128,0.9674825174825176,0.025124848502165655,0.8395710059171598,0.1258603361761471,3.0,0.4576923076923077,0.7013280376783664,HI-VAE_weibull
0.002810147847118499,0.9818181818181817,0.027064116683960044,0.8349112426035503,0.11641982457669978,1.0,0.4653846153846154,0.6950062498382529,HI-VAE_weibull
0.006061907170968369,0.9643356643356643,0.04679541112737188,0.8146819526627219,0.06723780890967757,1.0,0.4461538461538462,0.7085271935373926,HI-VAE_weibull
0.004129436928354955,0.9772727272727273,0.029033141880633665,0.8464866863905325,0.08820161326304228,2.0,0.4807692307692308,0.7223448319445457,HI-VAE_weibull
0.003848294130916703,0.9706293706293706,0.02596140060578972,0.8463387573964498,0.08138010336627344,2.0,0.47307692307692306,0.7110155568138871,HI-VAE_weibull
0.004166408934277712,0.9706293706293706,0.018688843018510357,0.8414571005917159,0.08460927658390315,3.0,0.4307692307692308,0.7056010440863884,HI-VAE_weibull
0.003282185165565904,0.9786713286713287,0.024550596628649668,0.8269970414201184,0.06523713833497757,3.0,0.5230769230769231,0.7015028619874735,HI-VAE_weibull
0.004450799903244645,0.970979020979021,0.026884879176645095,0.8424556213017752,0.10433433363191245,1.0,0.4576923076923077,0.7096982732177406,HI-VAE_weibull
0.0035262466311560266,0.9779720279720278,0.02028386219791021,0.8569896449704142,0.13891294376285215,2.0,0.4576923076923077,0.7176224375192669,HI-VAE_weibull
0.004826926499621524,0.9723776223776224,0.02506519217478281,0.8161612426035504,0.13615491834597593,2.0,0.4576923076923077,0.6795972105614212,HI-VAE_weibull
0.003951975975557667,0.9748251748251747,0.03066072335601695,0.8569896449704142,0.067954337164934,2.0,0.5115384615384615,0.7186322937035943,HI-VAE_weibull
0.004206832534608159,0.9702797202797201,0.025046458659718253,0.8382396449704143,0.0696252590196434,2.0,0.4653846153846154,0.6927267030110832,HI-VAE_weibull
0.004587148699222574,0.9702797202797201,0.027822209312857546,0.8650147928994082,0.12459656742187071,1.0,0.4807692307692308,0.6815676811414169,HI-VAE_weibull
0.005262860155046425,0.9629370629370629,0.030569419062365034,0.8573964497041422,0.1206974581068387,3.0,0.4653846153846154,0.7108010612627693,HI-VAE_weibull
0.004309109065395338,0.9674825174825176,0.028034150872457916,0.8444526627218935,0.16617673647806475,3.0,0.49230769230769234,0.7085830668029978,HI-VAE_weibull
0.004248673012951576,0.9678321678321677,0.02646670948917049,0.8139792899408285,0.11127342290072795,2.0,0.45,0.696160535881257,HI-VAE_weibull
0.003774177423863002,0.974825174825175,0.02685752823605583,0.8589497041420119,0.10773486290789183,1.0,0.48846153846153845,0.6954841042930905,HI-VAE_weibull
0.0052251630351107655,0.9685314685314687,0.03641294013078465,0.8351331360946747,0.12152574109155129,2.0,0.45,0.7127000734410442,HI-VAE_weibull
0.0034360864989893603,0.9737762237762237,0.018431826407535226,0.8465236686390533,0.22337205967483234,2.0,0.43846153846153846,0.7196887674738214,HI-VAE_weibull
0.005492522462707079,0.9664335664335664,0.03520839161882649,0.8270340236686391,0.11481739124374578,2.0,0.4346153846153846,0.6775308151123465,HI-VAE_weibull
0.005769672042731539,0.9664335664335664,0.03055740210945726,0.85,0.0671924491238154,1.0,0.46153846153846156,0.7111494719049697,HI-VAE_weibull
0.00477625013481878,0.9664335664335664,0.034293693681661165,0.8434911242603549,0.0788069123515174,2.0,0.49615384615384617,0.7161339904046145,HI-VAE_weibull
0.004032803695307983,0.9709790209790209,0.03342602170753216,0.8664571005917161,0.08417807852794376,2.0,0.4807692307692308,0.6939998559260231,HI-VAE_weibull
0.004680212833806777,0.966083916083916,0.027058088841976944,0.8488165680473372,0.13603607454558472,1.0,0.4346153846153846,0.7021964227263439,HI-VAE_weibull
0.0044568782874756276,0.9678321678321677,0.03487771092729637,0.8538461538461538,0.08448819267693461,1.0,0.4230769230769231,0.7245732775627577,HI-VAE_weibull
0.00343225288608643,0.9758741258741259,0.028321199006183302,0.821301775147929,0.13012440388912994,3.0,0.45384615384615384,0.7232624170382502,HI-VAE_weibull
0.005194552161563341,0.9685314685314684,0.028205222963485415,0.8308431952662723,0.0900584801224569,1.0,0.45,0.7039061381233186,HI-VAE_weibull
0.0051715946162792905,0.9702797202797203,0.02499025966945945,0.8510355029585799,0.12195539282625334,1.0,0.5,0.7136177269669389,HI-VAE_weibull
0.005104689355905954,0.9674825174825176,0.027445210776011874,0.8290310650887575,0.08430863547467436,2.0,0.48846153846153845,0.6897384366295068,HI-VAE_weibull
0.003592715037017839,0.9762237762237761,0.032623938442092826,0.8613165680473372,0.14492345965874864,1.0,0.4576923076923077,0.7216676247097892,HI-VAE_weibull
0.004051309352664705,0.974125874125874,0.02460451360465392,0.8117603550295858,0.20337139090861556,3.0,0.4653846153846154,0.7137009453035397,HI-VAE_weibull
0.003993930022238289,0.9758741258741259,0.025093819305644884,0.82396449704142,0.11692209755108951,1.0,0.47692307692307695,0.7032176707370551,HI-VAE_weibull
0.003681580775361351,0.9762237762237763,0.022319274420948252,0.8540680473372781,0.1337748846718532,3.0,0.45384615384615384,0.7002576323634124,HI-VAE_weibull
0.002224546385363537,0.9825174825174824,0.02713857527387077,0.8592455621301776,0.20181189349843645,2.0,0.47307692307692306,0.7054850245826215,HI-VAE_weibull
0.003579749659266446,0.9744755244755244,0.02979721018672079,0.8599112426035503,0.13745339491166084,2.0,0.46153846153846156,0.7090824007741812,HI-VAE_weibull
0.004275999324422398,0.9702797202797203,0.02489864188758514,0.8533653846153845,0.12436236665264555,1.0,0.49230769230769234,0.6988777602237835,HI-VAE_weibull
0.0036588439795103515,0.9727272727272727,0.020836296063924037,0.8292159763313609,0.09947996702733582,2.0,0.45384615384615384,0.6971949701618915,HI-VAE_weibull
0.00415715119368526,0.9706293706293706,0.021153010651439985,0.8419378698224852,0.14089692586686317,2.0,0.4461538461538462,0.7220921170406519,HI-VAE_weibull
0.004065329691465492,0.9762237762237761,0.021642639447023534,0.8275887573964497,0.10821497799951318,2.0,0.4807692307692308,0.6928371588970973,HI-VAE_weibull
0.003909430418769217,0.972027972027972,0.009159252304805205,0.7872781065088758,0.16603304104644626,3.0,0.4153846153846154,0.6873337280264322,HI-VAE_piecewise
0.004314504073563778,0.974125874125874,0.01162230986894638,0.8040680473372781,0.14296569337626994,3.0,0.5269230769230769,0.6952211263796497,HI-VAE_piecewise
0.004507681883763315,0.9734265734265736,0.017711326149900147,0.8136834319526626,0.08571334541356782,3.0,0.45,0.7032960654754891,HI-VAE_piecewise
0.005554902101156912,0.9688811188811189,0.018787775278881532,0.8255917159763314,0.1314677188025102,3.0,0.45384615384615384,0.6624639747385238,HI-VAE_piecewise
0.003408586396079542,0.9765734265734266,0.014660100518730623,0.8079511834319526,0.14089447084720436,2.0,0.47692307692307695,0.6923631739716626,HI-VAE_piecewise
0.0035276171549931267,0.9730769230769231,0.020242594113003113,0.8116863905325443,0.14080375984799473,2.0,0.46153846153846156,0.6932463305605033,HI-VAE_piecewise
0.005791512176512938,0.968181818181818,0.031185891381405192,0.8313609467455623,0.1023205984775765,1.0,0.47692307692307695,0.7158767353819393,HI-VAE_piecewise
0.004098357336547099,0.9765734265734266,0.018150921287328887,0.8219674556213018,0.10802686461161004,1.0,0.4576923076923077,0.6872842593736449,HI-VAE_piecewise
0.005055627575331429,0.9706293706293706,0.01440441893487735,0.823224852071006,0.18453385308141898,4.0,0.47692307692307695,0.70940197030692,HI-VAE_piecewise
0.0033540501923383743,0.979020979020979,0.01391825714305261,0.8178994082840237,0.12183428789240497,2.0,0.49615384615384617,0.6817309763237769,HI-VAE_piecewise
0.004059936652822716,0.9748251748251747,0.029823043830402345,0.843121301775148,0.11478886510639244,1.0,0.4423076923076923,0.678913705678191,HI-VAE_piecewise
0.004271114951068111,0.9692307692307693,0.028331648749740316,0.7824704142011834,0.09515877097607173,2.0,0.49615384615384617,0.6825331063083014,HI-VAE_piecewise
0.005276027910787065,0.9681818181818183,0.031613114753701974,0.8244082840236688,0.12471258419068026,1.0,0.47692307692307695,0.6732709199088989,HI-VAE_piecewise
0.0037423740571670746,0.9765734265734264,0.008509952285688092,0.8314718934911243,0.07953227647734047,3.0,0.46923076923076923,0.6586346024153541,HI-VAE_piecewise
0.003969915472387898,0.9748251748251747,0.017126984142977537,0.8369082840236686,0.11977378169937002,1.0,0.49230769230769234,0.6760796905463202,HI-VAE_piecewise
0.003341084416274982,0.9762237762237763,0.01267857525322639,0.8435650887573963,0.12838130814226215,2.0,0.4653846153846154,0.6707704601784515,HI-VAE_piecewise
0.004879730636159889,0.9695804195804194,0.012287973870585726,0.783653846153846,0.12361260977763072,2.0,0.4807692307692308,0.6938810592655643,HI-VAE_piecewise
0.005494882822036544,0.961188811188811,0.0169023623136152,0.8311390532544379,0.08824140916219736,2.0,0.46923076923076923,0.6639556682427733,HI-VAE_piecewise
0.0037167338365951277,0.9706293706293706,0.02408844449114247,0.8181952662721894,0.054447615010943896,2.0,0.49615384615384617,0.6847619947205891,HI-VAE_piecewise
0.004940278362918731,0.9657342657342657,0.02740257939705434,0.8241863905325444,0.11455587421403136,3.0,0.4807692307692308,0.7000013434527517,HI-VAE_piecewise
0.003282742516222619,0.9807692307692306,0.010428240193648412,0.8412721893491126,0.20118341422088615,3.0,0.5615384615384615,0.6980100771561573,HI-VAE_piecewise
0.004223446757455011,0.9730769230769231,0.015242710629593544,0.829955621301775,0.10623464450103616,2.0,0.47692307692307695,0.6801871348548141,HI-VAE_piecewise
0.0035406727025905052,0.9786713286713287,0.008992433893391993,0.8480029585798817,0.1283722430880421,3.0,0.45,0.6764683433902102,HI-VAE_piecewise
0.004349259136183222,0.9727272727272727,0.009594372066677737,0.8319526627218934,0.18959871304711265,3.0,0.4346153846153846,0.6886317327324449,HI-VAE_piecewise
0.004757406332395085,0.9692307692307692,0.02071580837549217,0.8213757396449705,0.1476489264459018,3.0,0.4307692307692308,0.691937686276301,HI-VAE_piecewise
0.006133546210598805,0.9622377622377623,0.02078681737712792,0.803846153846154,0.11760363114259277,2.0,0.4230769230769231,0.7116791015994168,HI-VAE_piecewise
0.005186116480528655,0.9660839160839161,0.018928171984558418,0.8211538461538461,0.07570866379926923,3.0,0.46923076923076923,0.6815524544879901,HI-VAE_piecewise
0.005492210929395366,0.9632867132867132,0.018814932981212278,0.8103550295857987,0.16350215779813634,3.0,0.45,0.6811283897062229,HI-VAE_piecewise
0.0038628814954189696,0.970979020979021,0.016261161452687023,0.8076923076923077,0.1264606816162309,2.0,0.49615384615384617,0.6668721131754534,HI-VAE_piecewise
0.006778352415129047,0.9587412587412587,0.01716296483840267,0.8094674556213018,0.1069441224348562,1.0,0.4653846153846154,0.6807500942231142,HI-VAE_piecewise
0.004176470771931545,0.974125874125874,0.012250632143533925,0.8139053254437869,0.13145916805411242,5.0,0.48846153846153845,0.6869086446189476,HI-VAE_piecewise
0.004100365461271142,0.9674825174825176,0.03175605253040608,0.835576923076923,0.1003481567536397,1.0,0.4653846153846154,0.6521986447348509,HI-VAE_piecewise
0.004844310540178113,0.9716783216783217,0.030532513291198014,0.8340976331360948,0.16522711963936998,3.0,0.4653846153846154,0.674419534534225,HI-VAE_piecewise
0.006195636016501641,0.9678321678321677,0.0317741429866747,0.818121301775148,0.19530565826705013,2.0,0.4807692307692308,0.6922183446126503,HI-VAE_piecewise
0.00425406446857162,0.9688811188811189,0.017143851396174144,0.809837278106509,0.11577733238596169,4.0,0.46153846153846156,0.6961333150752055,HI-VAE_piecewise
0.0050026566532476256,0.9692307692307692,0.017687771972521835,0.8101701183431951,0.13119763234918966,4.0,0.49615384615384617,0.6906133370105905,HI-VAE_piecewise
0.005564088946001667,0.9657342657342657,0.021663733638218555,0.796671597633136,0.08367937099327784,2.0,0.4807692307692308,0.6895208104349972,HI-VAE_piecewise
0.004201993238123868,0.9744755244755243,0.01666696651238773,0.8176775147928994,0.18857237958954426,3.0,0.5115384615384615,0.692760895122003,HI-VAE_piecewise
0.004275877852455274,0.9709790209790209,0.03558929229762547,0.8280325443786983,0.11421800069100257,5.0,0.46923076923076923,0.7023822514363489,HI-VAE_piecewise
0.005458084767959404,0.9674825174825176,0.01710032762853483,0.8005917159763314,0.09682736486831922,2.0,0.4461538461538462,0.6948585486477894,HI-VAE_piecewise
0.004465171219759985,0.9706293706293706,0.010259366118510752,0.8278846153846153,0.10672664262990715,1.0,0.5192307692307693,0.6994029355300573,HI-VAE_piecewise
0.005254405479508176,0.9685314685314684,0.01234524568361338,0.8119082840236688,0.09488407640641829,1.0,0.4423076923076923,0.6827378277245064,HI-VAE_piecewise
0.004726373158225641,0.9695804195804196,0.020778267660827424,0.7921227810650888,0.14112539803441673,3.0,0.4653846153846154,0.7076344309594504,HI-VAE_piecewise
0.004929491913796728,0.9706293706293706,0.011320388894165905,0.8293639053254438,0.08859402947527543,2.0,0.5038461538461538,0.7044973826957708,HI-VAE_piecewise
0.0038364811251064366,0.9755244755244754,0.02658097853139074,0.8366863905325443,0.10085967745694005,2.0,0.46923076923076923,0.6812933786988143,HI-VAE_piecewise
0.004906920094866883,0.9678321678321677,0.021568982596056583,0.8357988165680474,0.17758392485814484,3.0,0.45384615384615384,0.6855840691487571,HI-VAE_piecewise
0.004202983608415977,0.9730769230769231,0.022629072387479587,0.8341346153846155,0.15044175544345087,3.0,0.46153846153846156,0.7169567343193662,HI-VAE_piecewise
0.004135760101810457,0.9685314685314684,0.016076352815926474,0.8170857988165681,0.14636325469036485,3.0,0.46923076923076923,0.6937021683403979,HI-VAE_piecewise
0.004376720816030507,0.976923076923077,0.009951771430620872,0.8164940828402367,0.12216463744817622,3.0,0.5423076923076923,0.7073101889108008,HI-VAE_piecewise
0.004146015831088321,0.9755244755244756,0.010410756185796483,0.8306582840236688,0.0939585409575289,4.0,0.45,0.6775100601764601,HI-VAE_piecewise
0.00450192033093828,0.9762237762237761,0.03453173210746309,0.8409763313609467,0.09915185680478478,1.0,0.4576923076923077,0.7097685320826472,HI-VAE_piecewise
0.0036220166561418752,0.9734265734265733,0.013559291683634678,0.8176775147928994,0.11686713539399232,4.0,0.5038461538461538,0.7043251243816372,HI-VAE_piecewise
0.005098550686790866,0.9692307692307692,0.013146250510352285,0.8394970414201183,0.14080587661495808,3.0,0.4461538461538462,0.6902905986027396,HI-VAE_piecewise
0.004905099107714542,0.9688811188811189,0.023902435527526158,0.8314349112426035,0.14366845814480753,3.0,0.4153846153846154,0.6961951657739871,HI-VAE_piecewise
0.0049365965819489046,0.9678321678321677,0.02986489030076845,0.8060650887573966,0.11831735588129284,2.0,0.46153846153846156,0.6924830977509157,HI-VAE_piecewise
0.005305382442145335,0.9681818181818183,0.015478519968853547,0.8073224852071006,0.12666682622943973,3.0,0.45,0.693211265400057,HI-VAE_piecewise
0.004073859035316805,0.9699300699300699,0.022457157171310537,0.8165680473372781,0.15915005202910443,3.0,0.47307692307692306,0.6744702341790815,HI-VAE_piecewise
0.004374907908083037,0.9723776223776224,0.012487532825001847,0.8139053254437869,0.17534404732154557,4.0,0.4846153846153846,0.6923636607420972,HI-VAE_piecewise
0.004695375052748164,0.9699300699300699,0.013799016803618313,0.8261094674556213,0.20784365321012693,3.0,0.4807692307692308,0.6964977428745158,HI-VAE_piecewise
0.0053185149219751125,0.9702797202797201,0.014604564989820398,0.809319526627219,0.13608481428696378,2.0,0.47307692307692306,0.6694912290750186,HI-VAE_piecewise
0.00558784222765746,0.9695804195804196,0.012906531704061105,0.8223742603550296,0.1716798983280192,4.0,0.49615384615384617,0.6939265872111712,HI-VAE_piecewise
0.006164774438126278,0.9653846153846153,0.04237226896288681,0.8261834319526628,0.10288816120361675,1.0,0.41923076923076924,0.671087685886542,HI-VAE_piecewise
0.0041159712474585644,0.9734265734265733,0.02599553025852765,0.8256656804733726,0.05587270029903701,1.0,0.46153846153846156,0.7242922030365438,HI-VAE_piecewise
0.005125663091340092,0.970979020979021,0.02980676796264274,0.8490384615384616,0.16477085484487622,2.0,0.43846153846153846,0.680717836000029,HI-VAE_piecewise
0.0031314953738151084,0.9762237762237761,0.01909405035225644,0.8246671597633135,0.15574454774430221,1.0,0.47307692307692306,0.6732722853410503,HI-VAE_piecewise
0.004112412156690895,0.974825174825175,0.008561231367935023,0.8253698224852071,0.16140665892612724,2.0,0.49615384615384617,0.6926595328881965,HI-VAE_piecewise
0.004578272027703328,0.9737762237762236,0.017425026537711275,0.8278846153846156,0.13200402073960438,3.0,0.49615384615384617,0.6890687447810975,HI-VAE_piecewise
0.003696237150628122,0.9786713286713287,0.009799619547402076,0.8450443786982248,0.1228453920580195,3.0,0.4807692307692308,0.6795764831251587,HI-VAE_piecewise
0.006078252237470247,0.9643356643356643,0.019818133297609588,0.8117603550295858,0.14329229720076156,3.0,0.46923076923076923,0.7027097542406912,HI-VAE_piecewise
0.0040949472768709305,0.9748251748251747,0.015120190473695583,0.8251109467455621,0.11135143558218683,3.0,0.4807692307692308,0.6851161518803413,HI-VAE_piecewise
0.0036135806995799577,0.9786713286713286,0.014401409582605041,0.8385355029585799,0.09527056077887847,3.0,0.4807692307692308,0.704521958766878,HI-VAE_piecewise
0.004837868013806873,0.9685314685314684,0.015631872844268965,0.8460059171597634,0.0970915084165043,3.0,0.47307692307692306,0.7074247573387912,HI-VAE_piecewise
0.004390105786941467,0.9727272727272727,0.01136258241831114,0.8375,0.11204237967996757,3.0,0.4807692307692308,0.7014271110570018,HI-VAE_piecewise
0.00413051664558181,0.9723776223776223,0.022193006745612545,0.7967455621301776,0.07169748015209114,2.0,0.4807692307692308,0.6815022839712194,HI-VAE_piecewise
0.004795479085526301,0.9685314685314684,0.017994585071973587,0.8393491124260354,0.14182434070745825,2.0,0.48846153846153845,0.6964786999128098,HI-VAE_piecewise
0.0036446047277432503,0.9769230769230769,0.009399463370585174,0.8379437869822486,0.17669561637478573,2.0,0.46153846153846156,0.6830170207465543,HI-VAE_piecewise
0.0036277441866888627,0.9779720279720278,0.007118982166798038,0.8251479289940828,0.1404340854145334,3.0,0.46923076923076923,0.7140101079758753,HI-VAE_piecewise
0.004256084016543615,0.970979020979021,0.015231534629882615,0.8115384615384615,0.10765739817250543,4.0,0.4461538461538462,0.6843855340789581,HI-VAE_piecewise
0.004054999114219728,0.9716783216783217,0.013551613387201527,0.8153106508875739,0.10659051827096805,2.0,0.46153846153846156,0.7281348348574482,HI-VAE_piecewise
0.004727932408232433,0.9674825174825173,0.03320494563823267,0.8400147928994084,0.10357363679908588,4.0,0.46153846153846156,0.6670647900576415,HI-VAE_piecewise
0.003366538621313714,0.979020979020979,0.012930206632566091,0.8355399408284023,0.1384783064426545,3.0,0.5115384615384615,0.6943546654896983,HI-VAE_piecewise
0.005335861062883473,0.9639860139860139,0.023315954863117324,0.8023668639053255,0.18670538301152056,3.0,0.5153846153846153,0.6755627528189424,HI-VAE_piecewise
0.005207078494139265,0.9695804195804194,0.042282521491909364,0.8352810650887573,0.04920803533325897,2.0,0.47307692307692306,0.7159485924695175,HI-VAE_piecewise
0.0036634902949655365,0.974125874125874,0.010558109052319575,0.8098372781065087,0.17212490729101015,4.0,0.4653846153846154,0.6921909540971821,HI-VAE_piecewise
0.0053295978793386775,0.9678321678321677,0.016061305178223597,0.8323224852071005,0.15930034900980766,3.0,0.45384615384615384,0.6957050533713283,HI-VAE_piecewise
0.005145192484922729,0.9674825174825176,0.03970236981888718,0.8303254437869823,0.10345702203389483,2.0,0.4653846153846154,0.6717166924424295,HI-VAE_piecewise
0.004037152030618295,0.974825174825175,0.014844255562979346,0.8276627218934911,0.2249488800075199,3.0,0.45,0.7082004406447228,HI-VAE_piecewise
0.0027463996924301185,0.9797202797202796,0.017015247852348335,0.8492973372781065,0.12642653125734427,2.0,0.45,0.6700003128550892,HI-VAE_piecewise
0.004579777359514048,0.9716783216783217,0.019865385678328754,0.8042899408284023,0.10515043895429854,2.0,0.5076923076923077,0.673169483547189,HI-VAE_piecewise
0.004047871766872809,0.9695804195804196,0.02324936279567494,0.8145710059171598,0.12451093938837281,4.0,0.40384615384615385,0.6669243413582814,HI-VAE_piecewise
0.004188944537904622,0.9716783216783217,0.02030682080664866,0.8020710059171596,0.1233322192931778,3.0,0.4653846153846154,0.7044638203039273,HI-VAE_piecewise
0.003667880997595357,0.9723776223776223,0.0322619537475504,0.8297337278106509,0.16124664739340455,2.0,0.5,0.7159193698274559,HI-VAE_piecewise
0.003779345447884223,0.9786713286713287,0.01923447430309977,0.8151997041420118,0.17390684204314408,5.0,0.4653846153846154,0.703053669235515,HI-VAE_piecewise
0.003085207106351347,0.9769230769230769,0.029802327760053367,0.8142751479289941,0.10072022626826821,1.0,0.4807692307692308,0.6907831871966645,HI-VAE_piecewise
0.0047534009433144375,0.9702797202797203,0.009736416612681676,0.8266272189349111,0.1314679991323623,4.0,0.5115384615384615,0.6890676447382579,HI-VAE_piecewise
0.004720813793900499,0.9702797202797203,0.02154089434937876,0.8480029585798816,0.12703984090970796,1.0,0.46923076923076923,0.7057106308878625,HI-VAE_piecewise
0.005244396280972577,0.966083916083916,0.023488886488168013,0.8113905325443787,0.1765055145418217,1.0,0.4346153846153846,0.6623535321437616,HI-VAE_piecewise
0.004553699259665387,0.9723776223776224,0.022748411561082215,0.819378698224852,0.16232456274277599,2.0,0.4807692307692308,0.7169287316434061,HI-VAE_piecewise
0.005954852085584891,0.959090909090909,0.04161052743816849,0.82396449704142,0.07966235550347855,1.0,0.46153846153846156,0.6853111869233153,HI-VAE_piecewise
0.005682225793528989,0.9706293706293706,0.009785928331787937,0.8149408284023669,0.16805660079579227,3.0,0.5038461538461538,0.6784700875786083,HI-VAE_piecewise
0.005074116023643913,0.9692307692307692,0.010552252718305986,0.8315828402366865,0.10334617559533063,4.0,0.4846153846153846,0.6805483880930603,HI-VAE_piecewise
0.005101925127899808,0.9674825174825176,0.02263791492609227,0.847855029585799,0.07307091398417588,1.0,0.4461538461538462,0.7046398013999992,HI-VAE_piecewise
0.004465804359767434,0.9737762237762237,0.014281536080422251,0.7997781065088757,0.09713416151988762,5.0,0.46153846153846156,0.6952995200244113,HI-VAE_piecewise
0.004509965733871209,0.9734265734265733,0.025530959027892618,0.8286242603550296,0.17507305551712507,3.0,0.4576923076923077,0.6521760623849,HI-VAE_piecewise
0.0035606165117763613,0.9793706293706294,0.00866989731395086,0.8365384615384615,0.11758699195774623,3.0,0.4846153846153846,0.692616454894307,HI-VAE_piecewise
0.005533075811821886,0.9702797202797203,0.015627194676224383,0.8330621301775147,0.11514789157058412,2.0,0.47692307692307695,0.6659833081750742,HI-VAE_piecewise
0.0032275435765606055,0.9776223776223776,0.00984829592919007,0.8264053254437869,0.10600962677883116,3.0,0.4423076923076923,0.721416067728055,HI-VAE_piecewise
0.005166328731817361,0.9653846153846153,0.0347034911933578,0.821819526627219,0.1423114444516328,1.0,0.45384615384615384,0.6711650841593196,HI-VAE_piecewise
0.003975024796300587,0.9699300699300699,0.04431056369735867,0.8331360946745564,0.15707441610770603,1.0,0.47692307692307695,0.7076554732157363,HI-VAE_piecewise
0.0046813751646475775,0.9734265734265733,0.027274993004915288,0.8593565088757396,0.16599911867702793,4.0,0.45384615384615384,0.6969087359596712,HI-VAE_piecewise
0.003984818171285205,0.9776223776223777,0.01593036402486716,0.7987056213017751,0.12277756448020971,1.0,0.43846153846153846,0.6931092378383981,HI-VAE_piecewise
0.004103399811331012,0.9762237762237761,0.020763753479203596,0.8494822485207102,0.12639235242799168,2.0,0.4807692307692308,0.6901117016754009,HI-VAE_piecewise
0.004626734228021312,0.970979020979021,0.01596284063120021,0.8382766272189348,0.08150037812422489,2.0,0.45384615384615384,0.681103037416925,HI-VAE_piecewise
0.003823789374163028,0.9748251748251747,0.025570319944946594,0.8080621301775148,0.06854222556602418,3.0,0.4653846153846154,0.6900572877224664,HI-VAE_piecewise
0.004697728352550148,0.9713286713286713,0.011938335075544261,0.8069526627218936,0.1202176339626557,4.0,0.45384615384615384,0.734990124525525,HI-VAE_piecewise
0.004401886147856237,0.9692307692307692,0.015464250165398456,0.8278106508875741,0.1084791191000528,3.0,0.47692307692307695,0.7003291192953911,HI-VAE_piecewise
0.004229162013514529,0.9709790209790209,0.04248180439338743,0.8270710059171599,0.055152942202235086,1.0,0.4576923076923077,0.7138602624100611,HI-VAE_piecewise
0.004588614933379078,0.9692307692307692,0.010551482961919824,0.8442307692307693,0.1565584217919225,3.0,0.47307692307692306,0.6986877290710581,HI-VAE_piecewise
0.0035516438992710844,0.979020979020979,0.0181929232309234,0.8650147928994082,0.17281133451751646,3.0,0.48846153846153845,0.6785492865005559,HI-VAE_piecewise
0.005169105673190865,0.970979020979021,0.025686238124931645,0.8173076923076923,0.12105342380991409,4.0,0.49615384615384617,0.6918348053617313,HI-VAE_piecewise
0.004276184076776326,0.9772727272727273,0.012482734575644446,0.8174556213017752,0.15667522674178422,2.0,0.4576923076923077,0.6728019432424521,HI-VAE_piecewise
0.004306738647640894,0.9727272727272727,0.030413901965016393,0.8367603550295858,0.15155728420383596,2.0,0.4461538461538462,0.6804026330420467,HI-VAE_piecewise
0.005587152068480108,0.9667832167832167,0.018191353695245015,0.8078402366863905,0.16923288060195937,2.0,0.41923076923076924,0.6862151620751246,HI-VAE_piecewise
0.0032070639350998565,0.974125874125874,0.023547489703528827,0.841087278106509,0.1472348108082337,1.0,0.4576923076923077,0.7216079734406506,HI-VAE_piecewise
0.006723523448472291,0.9632867132867132,0.016244485661379645,0.794526627218935,0.08980521541468452,3.0,0.4576923076923077,0.6970418452571874,HI-VAE_piecewise
0.004464835987266922,0.9706293706293706,0.03151841195660807,0.8284023668639053,0.14371361865751758,1.0,0.48846153846153845,0.677750552557494,HI-VAE_piecewise
0.0045385676249780245,0.9706293706293706,0.015656590291038382,0.8078772189349113,0.16612005702262506,2.0,0.47692307692307695,0.7112894816550307,HI-VAE_piecewise
0.00499854053983485,0.968181818181818,0.014112824418879821,0.8232988165680473,0.12079418545933457,4.0,0.4576923076923077,0.6748153970145491,HI-VAE_piecewise
0.005621757804815692,0.9692307692307692,0.025792478182425898,0.8401627218934911,0.10665661069714749,3.0,0.5076923076923077,0.6969414978010506,HI-VAE_piecewise
0.003977215717065863,0.9737762237762237,0.030392487084865725,0.8380177514792899,0.11763622408390303,1.0,0.48846153846153845,0.705550866920178,HI-VAE_piecewise
0.005095777017177533,0.9674825174825176,0.011272090029193195,0.7983727810650887,0.08803153179476174,4.0,0.4461538461538462,0.7003699783775458,HI-VAE_piecewise
0.005424148726418088,0.9688811188811187,0.020948920747352797,0.8184911242603551,0.13603087932850053,1.0,0.47307692307692306,0.7179675673372188,HI-VAE_piecewise
0.0054172576601826195,0.9678321678321677,0.027312094722611494,0.8014053254437868,0.18099687806011167,3.0,0.46923076923076923,0.6795610113731311,HI-VAE_piecewise
0.0038635156946057177,0.9744755244755244,0.011727451048742815,0.8226331360946745,0.12061985237120353,4.0,0.49615384615384617,0.681906546271425,HI-VAE_piecewise
0.004066146631216249,0.9762237762237761,0.008836861660836283,0.8125,0.10617114821677186,3.0,0.49615384615384617,0.7057356613849274,HI-VAE_piecewise
0.004166706047351119,0.9702797202797203,0.011845198783004574,0.8441568047337279,0.09775975717783356,1.0,0.48846153846153845,0.6652485530936519,HI-VAE_piecewise
0.004607489397131694,0.9737762237762237,0.011314545085597854,0.7898668639053255,0.13080640169102814,3.0,0.43846153846153846,0.6814797351865105,HI-VAE_piecewise
0.005225567003237904,0.970979020979021,0.010087246349441286,0.8415680473372781,0.15309953669910503,4.0,0.43846153846153846,0.7170940065341551,HI-VAE_piecewise
0.003872066654116595,0.9755244755244754,0.018753230930085428,0.8131656804733728,0.1632048733878685,4.0,0.4807692307692308,0.7063955070104008,HI-VAE_piecewise
0.005102788625158646,0.9723776223776223,0.015319285150481126,0.8194156804733728,0.19261346387742795,5.0,0.46923076923076923,0.6783087734284509,HI-VAE_piecewise
0.003839681013848625,0.9744755244755243,0.02549524977055499,0.8073964497041421,0.2190631338927755,3.0,0.47307692307692306,0.6777866817264959,HI-VAE_piecewise
0.0044188939239207595,0.9755244755244756,0.01395666617535413,0.8306213017751478,0.10744457128237925,3.0,0.48846153846153845,0.6698758719649797,HI-VAE_piecewise
0.00493828036393737,0.9664335664335664,0.01821593715119123,0.8179733727810652,0.08083205256748194,1.0,0.45384615384615384,0.6921826482253255,HI-VAE_piecewise
0.005451072083602086,0.9671328671328673,0.03313325893226356,0.804474852071006,0.21194708589453237,5.0,0.49615384615384617,0.6964332940983916,HI-VAE_piecewise
0.004148961085879214,0.9755244755244754,0.037094693053509195,0.8350961538461539,0.1215882091042562,2.0,0.47307692307692306,0.6879013440034016,HI-VAE_piecewise
0.0032774324073273253,0.9786713286713287,0.019442919062095835,0.8479289940828403,0.19012162913173608,2.0,0.4807692307692308,0.6953809803087074,HI-VAE_piecewise
0.004807686744888541,0.9727272727272727,0.012183252340985726,0.812610946745562,0.12203314460063146,3.0,0.4653846153846154,0.6856842126945222,HI-VAE_piecewise
0.004748641839530468,0.9692307692307692,0.020872071272267093,0.8507026627218934,0.10056328892684756,2.0,0.4461538461538462,0.6923931489483196,HI-VAE_piecewise
0.004770561785961373,0.9678321678321677,0.040079491155732366,0.8065088757396449,0.11683697682275884,1.0,0.45384615384615384,0.6712031760105255,HI-VAE_piecewise
0.003513442904406113,0.975174825174825,0.02266846276948572,0.7696005917159764,0.11915680170939878,2.0,0.46153846153846156,0.6798220319472759,HI-VAE_piecewise
0.004584396908713237,0.9692307692307692,0.020301974557712082,0.8281065088757398,0.09902099050805675,3.0,0.5,0.681119072721545,HI-VAE_piecewise
0.004342540101436598,0.9723776223776224,0.01264108315351956,0.8001479289940828,0.14398860179883824,2.0,0.5192307692307693,0.666512280143129,HI-VAE_piecewise
0.004647428832887712,0.9713286713286713,0.015931776745794705,0.8318047337278106,0.07151469198817022,1.0,0.5038461538461538,0.6805613741682207,HI-VAE_piecewise
0.005164978929547489,0.9688811188811187,0.031031619988061723,0.860059171597633,0.056032149679055406,3.0,0.4576923076923077,0.6956185117244764,HI-VAE_piecewise
0.003626670420391349,0.9765734265734264,0.016527674723336237,0.8342455621301774,0.09917846988235915,1.0,0.47307692307692306,0.6780494500496081,HI-VAE_piecewise
0.005889828915173021,0.9615384615384616,0.028296913123312152,0.8217455621301774,0.1913374819368562,4.0,0.45,0.6900871097585164,HI-VAE_piecewise
0.002819823299449263,0.9727272727272727,0.018458241269867,0.8259615384615385,0.15546602052406666,3.0,0.5,0.6878492670111965,HI-VAE_piecewise
0.004628497952564681,0.9716783216783216,0.020237800603834587,0.8025887573964496,0.12235979341030971,1.0,0.48846153846153845,0.6819105169923654,HI-VAE_piecewise
0.004685023527254387,0.9713286713286713,0.018491388688658315,0.8136834319526628,0.14584810352000238,3.0,0.47692307692307695,0.7031999076128889,HI-VAE_piecewise
0.003783642701296025,0.9716783216783217,0.020147547929400454,0.832396449704142,0.1475296396686721,2.0,0.5,0.7163936084316158,HI-VAE_piecewise
0.006120703281448945,0.9629370629370629,0.037739184505291706,0.8095414201183433,0.17051633486450213,3.0,0.47692307692307695,0.699872834463797,HI-VAE_piecewise
0.005172066313604989,0.9716783216783217,0.018153501261579306,0.8326183431952663,0.10923324857897942,2.0,0.4153846153846154,0.70531002305987,HI-VAE_piecewise
0.00432106599405844,0.9713286713286713,0.011067888093423057,0.8382396449704143,0.12888489797462843,2.0,0.46153846153846156,0.6940536138744537,HI-VAE_piecewise
0.004541812205282232,0.9699300699300699,0.02459355383092786,0.8048816568047336,0.13512726275686832,2.0,0.4230769230769231,0.6969693900858952,HI-VAE_piecewise
0.004039107103945194,0.9758741258741259,0.011511148067057173,0.8567307692307692,0.09659902079216712,2.0,0.46153846153846156,0.6764339895304066,HI-VAE_piecewise
0.004536892470205894,0.9713286713286713,0.016115066292265116,0.81198224852071,0.15917857760806375,2.0,0.5115384615384615,0.7053535740416458,HI-VAE_piecewise
0.006396257638807788,0.9646853146853146,0.039901725129755164,0.8516272189349113,0.21856545749547118,5.0,0.47307692307692306,0.6852712088180907,HI-VAE_piecewise
0.004479237511228331,0.9737762237762236,0.017754865576663365,0.8324334319526626,0.19841398422206322,3.0,0.47692307692307695,0.6903982356269082,HI-VAE_piecewise
0.004800456785304306,0.970979020979021,0.009785402470814884,0.8215976331360947,0.15560232364163226,2.0,0.45,0.7041486218619971,HI-VAE_piecewise
0.003608077835564792,0.9776223776223777,0.019077208708886437,0.832396449704142,0.1499601759974718,3.0,0.4346153846153846,0.6788745397067061,HI-VAE_piecewise
0.005712181161615922,0.9671328671328671,0.03220703617113603,0.8271449704142013,0.19391806804310452,5.0,0.4846153846153846,0.6941720426357781,HI-VAE_piecewise
0.003708058371359459,0.9779720279720278,0.01912203669082868,0.8355029585798815,0.11585534483187616,1.0,0.4076923076923077,0.6718550187882655,HI-VAE_piecewise
0.0045561296340707914,0.9734265734265733,0.024654240175161594,0.8369452662721892,0.11077264777772512,2.0,0.43846153846153846,0.6916381700061274,HI-VAE_piecewise
0.005156893554958174,0.9727272727272727,0.015783020830619193,0.8233727810650888,0.14448915614072333,2.0,0.46153846153846156,0.6945087870183716,HI-VAE_piecewise
0.0031234379312013987,0.9772727272727271,0.01064039858660512,0.8205621301775148,0.13446012575655683,3.0,0.49615384615384617,0.692321454015123,HI-VAE_piecewise
0.004956013981049946,0.9727272727272727,0.020266645924972387,0.8476331360946746,0.11893428123389865,3.0,0.46153846153846156,0.6895997101981638,HI-VAE_piecewise
0.004193069231183776,0.9734265734265736,0.00635056709922337,0.839423076923077,0.15765506867435272,5.0,0.45384615384615384,0.6900475105021634,HI-VAE_piecewise
0.003942769582798884,0.9716783216783216,0.00879833492532683,0.7865384615384616,0.1615409264290377,3.0,0.47307692307692306,0.6948562874908513,HI-VAE_piecewise
0.004981701940908213,0.9716783216783217,0.013981033361754632,0.8202662721893491,0.14185839326039132,2.0,0.46923076923076923,0.7084458979190607,HI-VAE_piecewise
0.004955749867476321,0.9737762237762237,0.009935466786662198,0.8093934911242604,0.1252305714473187,1.0,0.46153846153846156,0.6791037775121095,HI-VAE_piecewise
0.004969691464545209,0.9720279720279721,0.021101580242172843,0.8248520710059172,0.18495197272035907,5.0,0.4846153846153846,0.6801468590727007,HI-VAE_piecewise
0.004840028052341294,0.9685314685314684,0.012806148012594151,0.8227071005917159,0.28466796846901976,4.0,0.4576923076923077,0.7071363280845662,HI-VAE_piecewise
0.003991622596324087,0.9730769230769231,0.01941246267942644,0.8397189349112427,0.09297579307333281,1.0,0.43846153846153846,0.6816326917899872,HI-VAE_piecewise
0.004482875969737021,0.9699300699300699,0.012180143503379532,0.787869822485207,0.1469339251403469,4.0,0.4807692307692308,0.6888332715577012,HI-VAE_piecewise
0.00457929926813016,0.9758741258741259,0.013501808374734345,0.8590976331360946,0.04652137231350962,5.0,0.4807692307692308,0.6932608276225107,HI-VAE_piecewise
0.0038094060938708455,0.9755244755244754,0.013619479645677935,0.8517751479289941,0.12035062041789478,2.0,0.45384615384615384,0.679036554550866,HI-VAE_piecewise
0.004672772580271097,0.9653846153846153,0.02308024382069594,0.8286242603550296,0.16789282822516344,3.0,0.46923076923076923,0.7017542422749705,HI-VAE_piecewise
0.003971227355062326,0.9713286713286713,0.031961748470087585,0.8631656804733726,0.11861898115919259,2.0,0.4346153846153846,0.6811382604035964,HI-VAE_piecewise
0.004150367735410631,0.974125874125874,0.013850069253183378,0.8406804733727811,0.1208778543624813,3.0,0.5230769230769231,0.6718141741327562,HI-VAE_piecewise
0.0054591969010361055,0.9681818181818183,0.017834875347172558,0.806878698224852,0.15565107491763103,3.0,0.4807692307692308,0.7114338549092298,HI-VAE_piecewise
0.006165762435377257,0.9674825174825173,0.033543433348283795,0.8216715976331361,0.14012378330851696,4.0,0.47307692307692306,0.6734428329866257,HI-VAE_piecewise
0.004487774766076084,0.9723776223776223,0.027338922767477056,0.8060650887573966,0.14706594318955246,4.0,0.45,0.6731522430420422,HI-VAE_piecewise
0.0031785617264511647,0.9765734265734264,0.008267891528157706,0.8047337278106509,0.18118975158262696,2.0,0.49230769230769234,0.6877465955765252,HI-VAE_piecewise
0.004268574711791122,0.9716783216783217,0.02459779230807646,0.8465976331360947,0.10867267910343802,2.0,0.45384615384615384,0.6929970299269798,HI-VAE_piecewise
0.0033486722493266843,0.9755244755244754,0.01802725911346046,0.8303624260355031,0.12140741305201466,3.0,0.5038461538461538,0.6601417825212377,HI-VAE_piecewise
0.004926043905976831,0.9716783216783217,0.02399587372257326,0.8187130177514792,0.1398003247962729,4.0,0.46923076923076923,0.6871094532784733,HI-VAE_piecewise
0.004026836593485871,0.9751748251748252,0.015431473367364414,0.844378698224852,0.11565402971577171,2.0,0.43846153846153846,0.7003547359535551,HI-VAE_piecewise
0.003540460042303461,0.9765734265734264,0.01993004409666157,0.8490014792899409,0.1509844216246838,2.0,0.4653846153846154,0.6931865536719851,HI-VAE_piecewise
0.00447302080936918,0.9681818181818183,0.026716552336352502,0.8156065088757398,0.14392130544474596,3.0,0.46923076923076923,0.6992276626424476,HI-VAE_piecewise
0.0032412342621691193,0.9793706293706294,0.012794066834521363,0.8683431952662722,0.07061605206090864,1.0,0.5269230769230769,0.6778298779302112,HI-VAE_piecewise
0.024338736494451615,0.8164335664335663,0.15203908640633085,0.9741494082840237,0.08494057176371739,2.0,0.11538461538461539,0.7611277414505775,Surv-GAN
0.02247798655106426,0.8265734265734266,0.13137846666794775,0.9688239644970414,0.10037602712677327,1.0,0.13076923076923078,0.7330454435388383,Surv-GAN
0.02557504764008112,0.8083916083916084,0.1419049015106698,0.9652366863905326,0.10259172972050082,1.0,0.11538461538461539,0.7503817888103975,Surv-GAN
0.022335392382238493,0.8265734265734266,0.1166975326427969,0.955843195266272,0.07956232932053751,1.0,0.13846153846153847,0.7326828494858599,Surv-GAN
0.02460797203832983,0.8136363636363636,0.12787673111209613,0.9518121301775148,0.10372987896822763,1.0,0.13076923076923078,0.7607109939259971,Surv-GAN
0.024638956809354542,0.8157342657342658,0.1446458289366104,0.951146449704142,0.07828158749819561,1.0,0.13076923076923078,0.7432081492960652,Surv-GAN
0.023605908629470852,0.8174825174825177,0.13954129864673429,0.9755547337278105,0.07502622510237383,1.0,0.1076923076923077,0.7229434360607196,Surv-GAN
0.024987701597113023,0.8097902097902098,0.14652733637585177,0.9678624260355029,0.11733710340163217,2.0,0.1076923076923077,0.7375853677305962,Surv-GAN
0.022841037919361987,0.8202797202797203,0.12606425079902794,0.9586908284023667,0.10099203004358916,1.0,0.13076923076923078,0.7254827386197673,Surv-GAN
0.023844129705969688,0.8171328671328673,0.13641889469731738,0.9773298816568048,0.1316776250329571,1.0,0.10384615384615385,0.748434003492843,Surv-GAN
0.025614759056671568,0.806993006993007,0.1477215906123131,0.9770710059171597,0.1239443202280489,1.0,0.13076923076923078,0.7502588174023207,Surv-GAN
0.024599084738430532,0.8122377622377622,0.13245240082767043,0.9791789940828401,0.09462588334894613,1.0,0.12307692307692308,0.7510858876919314,Surv-GAN
0.024048953726851067,0.8174825174825174,0.13600477690056342,0.9568047337278106,0.09542582198975322,1.0,0.15,0.74261125976233,Surv-GAN
0.02463111734719821,0.812937062937063,0.12852874739170553,0.9572115384615385,0.116555186301493,1.0,0.12692307692307692,0.761126396079468,Surv-GAN
0.02524500841034624,0.8115384615384617,0.14555750659342517,0.9609837278106509,0.11948178196325358,1.0,0.13076923076923078,0.7161695307364189,Surv-GAN
0.024218058620437657,0.813986013986014,0.14259255177607863,0.964016272189349,0.11909938667283337,1.0,0.11538461538461539,0.7524650292215564,Surv-GAN
0.02494191112075832,0.8122377622377622,0.14581269573719086,0.9598742603550295,0.10613453380836346,1.0,0.11923076923076924,0.7556381254848661,Surv-GAN
0.023241494561612317,0.8199300699300699,0.12820897043427737,0.9692307692307693,0.09308800654268105,1.0,0.10384615384615385,0.7463268683346559,Surv-GAN
0.02410319224671419,0.8153846153846154,0.14792912858378754,0.9740014792899409,0.08436685794019384,1.0,0.1076923076923077,0.7775086564364564,Surv-GAN
0.02390340427438761,0.8202797202797203,0.11666594433641465,0.9542159763313609,0.07196587763805712,1.0,0.11538461538461539,0.7509844096811609,Surv-GAN
0.02503031043004965,0.8101398601398603,0.14938802632979237,0.9733357988165681,0.1359859428185244,1.0,0.09615384615384616,0.7493867725453426,Surv-GAN
0.024991191173850315,0.8097902097902098,0.13513649869834693,0.9698594674556213,0.112642165831265,1.0,0.1076923076923077,0.7641767646532797,Surv-GAN
0.02492951652860186,0.8101398601398603,0.14497831562956082,0.9767751479289941,0.12191136710417842,1.0,0.11153846153846154,0.7570057249806953,Surv-GAN
0.023656396505710033,0.8181818181818182,0.13353763091256343,0.9717085798816569,0.07820624194948876,1.0,0.11538461538461539,0.7644924277136625,Surv-GAN
0.023565038803080782,0.8192307692307691,0.12474561873746445,0.9685650887573963,0.14941784874328376,1.0,0.12692307692307692,0.7692921532381432,Surv-GAN
0.023028673800537466,0.820979020979021,0.12613316324145663,0.9633505917159763,0.1406726825835446,1.0,0.14615384615384616,0.7252430153035841,Surv-GAN
0.02466503546200076,0.808041958041958,0.1295978430417892,0.977551775147929,0.0826627150574945,1.0,0.12307692307692308,0.7789734713060775,Surv-GAN
0.023700667357866464,0.8181818181818182,0.13777372218862344,0.9566198224852072,0.1136806707260498,1.0,0.11923076923076924,0.727726369160624,Surv-GAN
0.02338861235884927,0.8206293706293706,0.13518866607541655,0.9569896449704143,0.07497769881129682,1.0,0.1,0.7660842351122474,Surv-GAN
0.024670894849932002,0.8132867132867133,0.13573301887983252,0.9709319526627219,0.08611644405973357,1.0,0.14615384615384616,0.7409647316545079,Surv-GAN
0.02357827896877086,0.8164335664335663,0.12309029722584108,0.9604289940828401,0.09451438307985072,1.0,0.1423076923076923,0.7323643714889999,Surv-GAN
0.0224248538167261,0.8255244755244756,0.12782507518610886,0.9532914201183432,0.08991940110420521,1.0,0.1423076923076923,0.7464951700495618,Surv-GAN
0.024555818684096387,0.8143356643356644,0.1219759091526656,0.9753698224852071,0.10798878396158558,2.0,0.11153846153846154,0.7638351486481895,Surv-GAN
0.025103526843344513,0.8076923076923076,0.13774242041797335,0.9804733727810652,0.13047994414902966,2.0,0.11153846153846154,0.7481446130849515,Surv-GAN
0.02325054559836768,0.8213286713286714,0.13784915623992758,0.960059171597633,0.0881596303090449,1.0,0.12692307692307692,0.7642603191807942,Surv-GAN
0.02553738216587761,0.805944055944056,0.14831605984232596,0.9747041420118343,0.0823179225848418,1.0,0.08461538461538462,0.7416777786590789,Surv-GAN
0.02363606465572746,0.8188811188811189,0.14697799150099405,0.9681582840236687,0.07405837195646585,1.0,0.13846153846153847,0.7678119978137942,Surv-GAN
0.02332248084814723,0.8206293706293706,0.12272882878355629,0.9647928994082842,0.09270306409517212,1.0,0.1,0.762056780619289,Surv-GAN
0.02390655699544031,0.8153846153846154,0.12405199707576765,0.9732248520710061,0.11793573914849675,4.0,0.08846153846153847,0.7496088466837666,Surv-GAN
0.024198043029919215,0.8157342657342658,0.13838018153062623,0.9661242603550295,0.09772720076035975,1.0,0.1076923076923077,0.7538080326222858,Surv-GAN
0.024514562674981356,0.813986013986014,0.1347090697202728,0.9509985207100593,0.08808527615292763,1.0,0.13076923076923078,0.725916066285869,Surv-GAN
0.024605777233153305,0.8122377622377622,0.1447362552080581,0.9783653846153847,0.1229880466386584,1.0,0.1,0.7479596173175046,Surv-GAN
0.02464252878118974,0.8104895104895106,0.14779516318491778,0.9730029585798816,0.10793150212109087,1.0,0.08461538461538462,0.7545642670806189,Surv-GAN
0.0254057409756434,0.806993006993007,0.13615437988950924,0.9783653846153845,0.09907639134564614,1.0,0.1,0.7565457007547313,Surv-GAN
0.024675049526964976,0.810839160839161,0.1362382209295031,0.9726331360946746,0.1109247438257625,1.0,0.12692307692307692,0.7466613006191588,Surv-GAN
0.02459078382591311,0.8143356643356644,0.14037663710983544,0.958173076923077,0.10777656412082319,1.0,0.13076923076923078,0.7225089392447486,Surv-GAN
0.022400103968238414,0.8244755244755244,0.12969298500676377,0.9805103550295857,0.09960573342920923,1.0,0.08461538461538462,0.7777981634052524,Surv-GAN
0.02409438066493624,0.813986013986014,0.14579280798498617,0.9700443786982248,0.1351423481672004,1.0,0.1076923076923077,0.7431114126056411,Surv-GAN
0.022737731680638553,0.8213286713286713,0.13560331551706745,0.957914201183432,0.13508187498538837,1.0,0.13076923076923078,0.7381404114181996,Surv-GAN
0.025153639100389476,0.8115384615384614,0.13278810005913744,0.9651627218934911,0.10687840640900645,1.0,0.1076923076923077,0.7655381735091912,Surv-GAN
0.02351673196107863,0.8185314685314684,0.12550384907682743,0.9587278106508876,0.10135587053906957,1.0,0.14615384615384616,0.7659451524241069,Surv-GAN
0.024347500112703143,0.8136363636363636,0.139035987520317,0.9685281065088758,0.08668590568693503,2.0,0.09615384615384616,0.7275736813361806,Surv-GAN
0.024625293128666067,0.8129370629370629,0.12927579382730436,0.9778106508875739,0.11142652107713945,1.0,0.11153846153846154,0.7434980650461632,Surv-GAN
0.024561517185927903,0.8150349650349651,0.14942958939921125,0.9639423076923077,0.12200466548377366,1.0,0.1346153846153846,0.7368297504808464,Surv-GAN
0.023877251248334622,0.8188811188811189,0.1343794186529528,0.9691198224852071,0.10508252510050779,1.0,0.12307692307692308,0.7324165790556615,Surv-GAN
0.024894553124758512,0.8122377622377622,0.1285048201061714,0.9573594674556212,0.11080160888003815,1.0,0.10384615384615385,0.7477928348335727,Surv-GAN
0.023770757341113388,0.8160839160839163,0.11807462923954054,0.9625739644970415,0.13453710620726667,1.0,0.10384615384615385,0.7499922619437313,Surv-GAN
0.02433180833586164,0.8122377622377623,0.14560497325259414,0.9759985207100591,0.1261419005684801,1.0,0.09615384615384616,0.772643251081429,Surv-GAN
0.02360039697914299,0.8192307692307693,0.13428575702028422,0.9651627218934911,0.08146436979635414,1.0,0.13846153846153847,0.7306887960568016,Surv-GAN
0.02464806376598615,0.810839160839161,0.15174789293084479,0.9765162721893491,0.07993339331251119,1.0,0.11923076923076924,0.7329244445702694,Surv-GAN
0.023438579922639254,0.8174825174825174,0.12338940902218169,0.9859837278106509,0.12870993438876666,1.0,0.08846153846153847,0.7391237706616922,Surv-GAN
0.023162446453985134,0.8216783216783217,0.11642716672645544,0.9625369822485208,0.10577762010485132,1.0,0.13846153846153847,0.7526902997460744,Surv-GAN
0.023122869393580606,0.8213286713286714,0.144882800496567,0.9570636094674556,0.08714330598760016,1.0,0.11153846153846154,0.7561658953894466,Surv-GAN
0.024055077661182502,0.8164335664335663,0.13919630067405514,0.9634985207100591,0.0754442715277318,1.0,0.11153846153846154,0.7381325701276586,Surv-GAN
0.024676027801855127,0.811888111888112,0.13164082918782885,0.9742603550295857,0.09130260008673693,1.0,0.1346153846153846,0.7434564058038095,Surv-GAN
0.024884670472770362,0.8101398601398603,0.1380212666907966,0.9795118343195265,0.13565885481949203,2.0,0.10384615384615385,0.7700826565887783,Surv-GAN
0.02452843714154821,0.8125874125874126,0.13384959211317904,0.9618343195266272,0.10687580554861986,1.0,0.12307692307692308,0.7495172186761409,Surv-GAN
0.022284729094811082,0.8262237762237761,0.13230434070494473,0.9561390532544378,0.09857392332919432,1.0,0.11538461538461539,0.7417892744140432,Surv-GAN
0.02455143562143949,0.8136363636363636,0.13187598431253444,0.9568786982248522,0.10621243921048577,1.0,0.11923076923076924,0.7641658003019435,Surv-GAN
0.023778206975233977,0.8188811188811189,0.13465885930932664,0.9644600591715976,0.09494093363943777,1.0,0.15384615384615385,0.750473742821134,Surv-GAN
0.024486284742172324,0.8136363636363636,0.13464736531696994,0.9654215976331362,0.11019738654000369,1.0,0.09615384615384616,0.7340905129956246,Surv-GAN
0.024438045571502254,0.8125874125874126,0.1279258114941306,0.9591346153846153,0.09719151005038933,1.0,0.12307692307692308,0.7523277456413018,Surv-GAN
0.024597910499103925,0.812937062937063,0.13465605862674018,0.9637204142011833,0.12756747351034556,3.0,0.12692307692307692,0.7324443024319032,Surv-GAN
0.02517631266700423,0.8111888111888113,0.1542714270105187,0.9670118343195266,0.08483836045653038,1.0,0.11538461538461539,0.7193023174002775,Surv-GAN
0.024190505929668506,0.8160839160839161,0.14098089243715092,0.959948224852071,0.1007534720958879,1.0,0.12692307692307692,0.7406051634973064,Surv-GAN
0.021562066885734067,0.8276223776223777,0.11361755628789208,0.972965976331361,0.10773856319658519,1.0,0.09615384615384616,0.7578138716680631,Surv-GAN
0.023466584092231582,0.8216783216783217,0.12834041153783193,0.9564349112426035,0.1083062832020976,1.0,0.12692307692307692,0.7655326518159837,Surv-GAN
0.023478911296124096,0.8206293706293706,0.12823217082271396,0.9702292899408285,0.12319440802473572,1.0,0.11923076923076924,0.7561364344833049,Surv-GAN
0.024527468742160254,0.8136363636363636,0.14355774330009854,0.96926775147929,0.10832062586375099,2.0,0.12307692307692308,0.7575292425025455,Surv-GAN
0.023182121275432312,0.8234265734265734,0.14151217143631276,0.9694896449704142,0.0748041104721221,1.0,0.1423076923076923,0.7331596540681391,Surv-GAN
0.024253123051345603,0.8153846153846154,0.13910517174206047,0.9618343195266272,0.11752600203665503,2.0,0.12307692307692308,0.7462880699090264,Surv-GAN
0.024208066015131948,0.8153846153846154,0.13722246879709743,0.9664940828402366,0.11495825632622181,1.0,0.11923076923076924,0.7493639323682999,Surv-GAN
0.022556498618443832,0.8234265734265734,0.12076407809655888,0.9704881656804734,0.08747393691540999,1.0,0.1,0.7609426095262011,Surv-GAN
0.024019765696472798,0.8181818181818182,0.12705197889220735,0.9577662721893491,0.08809974188135959,1.0,0.14615384615384616,0.7570988004309929,Surv-GAN
0.024310128656045735,0.8185314685314686,0.12440034280734254,0.9707100591715976,0.12584316444979973,1.0,0.11538461538461539,0.7359059511140174,Surv-GAN
0.02430206235021285,0.8157342657342658,0.1258650998694092,0.9663461538461539,0.14820356947143531,1.0,0.11923076923076924,0.7603250607394609,Surv-GAN
0.02399588195101547,0.8160839160839163,0.12952155075594216,0.9591715976331361,0.10409195018531091,1.0,0.12307692307692308,0.7561943455748983,Surv-GAN
0.025166153779827324,0.8101398601398601,0.14380083328574977,0.969896449704142,0.09237898995812854,1.0,0.12307692307692308,0.7374557800816698,Surv-GAN
0.023616004018837733,0.8188811188811189,0.13828633938649676,0.9702662721893491,0.1015975474518354,1.0,0.1076923076923077,0.7435641566993575,Surv-GAN
0.024514429090171964,0.8157342657342658,0.13613286341155478,0.9716346153846154,0.09340701494174833,1.0,0.1423076923076923,0.7399445139302201,Surv-GAN
0.024077944626836222,0.8171328671328673,0.13829986273233272,0.9579881656804734,0.10116120835652334,1.0,0.11538461538461539,0.7398849495451542,Surv-GAN
0.025133762184301366,0.808041958041958,0.15475292233141533,0.9816198224852071,0.13298917684692188,1.0,0.11153846153846154,0.713440057639607,Surv-GAN
0.024113613980061642,0.8185314685314684,0.13120414011316492,0.9532174556213018,0.09602603982437392,1.0,0.13076923076923078,0.7385476398804365,Surv-GAN
0.02401612096888001,0.8153846153846154,0.13192223792758478,0.9560650887573964,0.09541310290948707,1.0,0.11538461538461539,0.7801768621181229,Surv-GAN
0.024111113725292302,0.8160839160839161,0.12982190444199632,0.9728550295857987,0.10304080825827644,1.0,0.11538461538461539,0.7431193942271788,Surv-GAN
0.023808792449396512,0.8171328671328673,0.1297822350374674,0.9653476331360945,0.12254296453028042,2.0,0.11923076923076924,0.7618372926821985,Surv-GAN
0.023763222391215214,0.8188811188811189,0.12521761260207817,0.973594674556213,0.121950725623312,1.0,0.11153846153846154,0.7612517424527173,Surv-GAN
0.02316725161241394,0.8227272727272726,0.12702449101755312,0.9653476331360945,0.09250919728615466,1.0,0.11538461538461539,0.7348897559952923,Surv-GAN
0.02375698002099386,0.8153846153846154,0.13843882922155143,0.9638683431952663,0.10559880637497958,1.0,0.15,0.7530613274444407,Surv-GAN
0.02328823076958345,0.8195804195804196,0.12917215110304253,0.9592825443786982,0.09365620372103772,1.0,0.1346153846153846,0.7373924342465971,Surv-GAN
0.023979934783800408,0.8171328671328673,0.12787231372955493,0.9624630177514794,0.11515697139532045,1.0,0.12692307692307692,0.765253949590359,Surv-GAN
0.025095984566751852,0.809090909090909,0.1383484177745474,0.9727440828402367,0.11864684706834457,1.0,0.09230769230769231,0.7552013767891388,Surv-GAN
0.02398090374039232,0.8164335664335666,0.1278145150969007,0.9714127218934913,0.09457544440543347,1.0,0.11923076923076924,0.7628436110991526,Surv-GAN
0.024178700501146202,0.8118881118881119,0.13225813233525782,0.9810650887573964,0.11078642518406938,1.0,0.12692307692307692,0.7672077302197982,Surv-GAN
0.02452617076940392,0.8122377622377622,0.1362275997450885,0.9736316568047337,0.08939523609923992,1.0,0.12692307692307692,0.7471781648850451,Surv-GAN
0.02447131055138547,0.813986013986014,0.14727350754943994,0.9690458579881657,0.07479857483534147,1.0,0.11538461538461539,0.7645174411610072,Surv-GAN
0.024593651327307064,0.8153846153846154,0.13647355122380614,0.9668639053254436,0.10753432627242164,1.0,0.13076923076923078,0.7445749989957097,Surv-GAN
0.025501350915067587,0.8087412587412589,0.14668558597414671,0.970007396449704,0.13206224967497024,1.0,0.11538461538461539,0.7463120376213439,Surv-GAN
0.02580676009900681,0.8031468531468531,0.13984090566259383,0.979585798816568,0.11703850857356153,2.0,0.1,0.7652326659411831,Surv-GAN
0.023672904072727183,0.8171328671328673,0.14078300952326062,0.9649408284023668,0.12816424386635492,1.0,0.12307692307692308,0.7689868416205548,Surv-GAN
0.02473982483502366,0.8111888111888113,0.1402633972632918,0.97551775147929,0.12497715405859838,1.0,0.1076923076923077,0.7624167240284094,Surv-GAN
0.02432955331153639,0.8146853146853147,0.1392257064127478,0.9600961538461539,0.09244999562584326,1.0,0.10384615384615385,0.7496688912538853,Surv-GAN
0.024914600998331312,0.809090909090909,0.15938123273736388,0.9674556213017752,0.09485558948380796,7.0,0.1346153846153846,0.7386364865420548,Surv-GAN
0.025097572790908997,0.8111888111888113,0.1322944574573271,0.9671967455621303,0.12292613097658765,1.0,0.11923076923076924,0.7607907992346428,Surv-GAN
0.023477630208541822,0.8192307692307691,0.13238365555959833,0.9666420118343195,0.11675575093385107,1.0,0.11923076923076924,0.7597845600133223,Surv-GAN
0.025233165844422013,0.806993006993007,0.1353804728587049,0.9677144970414201,0.08556595600287209,2.0,0.13076923076923078,0.7580911525365011,Surv-GAN
0.022725188667805343,0.8244755244755244,0.1378591644278859,0.9630917159763313,0.128505054407162,1.0,0.15384615384615385,0.7396323143213532,Surv-GAN
0.023180840540670378,0.8192307692307691,0.12287591138721254,0.9723372781065089,0.08131751330253628,1.0,0.11153846153846154,0.7445105932759392,Surv-GAN
0.0232054862002825,0.8213286713286714,0.13143018779095608,0.9628328402366864,0.10511886088077126,1.0,0.11153846153846154,0.7342889391934242,Surv-GAN
0.02575744611128576,0.805944055944056,0.1480404616758013,0.9705991124260356,0.11369543126266178,1.0,0.12692307692307692,0.7464604958311334,Surv-GAN
0.02264068660911492,0.8251748251748251,0.1267197232680208,0.9601331360946744,0.08120026246193986,1.0,0.1346153846153846,0.7407239061307748,Surv-GAN
0.023498545793225533,0.8192307692307691,0.14203951623619726,0.9609097633136094,0.08128952794572611,1.0,0.12307692307692308,0.7317757379280571,Surv-GAN
0.02589052887604556,0.8045454545454547,0.1389058016857995,0.9685650887573963,0.13212742981001901,2.0,0.11538461538461539,0.758582267246589,Surv-GAN
0.02279554961936795,0.8227272727272726,0.11056877327021127,0.9470784023668639,0.09043301917706754,1.0,0.15384615384615385,0.7727804631978487,Surv-GAN
0.024391315199185404,0.8153846153846154,0.1393946704559347,0.9658653846153846,0.107471213652104,1.0,0.11923076923076924,0.7270968879264704,Surv-GAN
0.024694381428212633,0.8111888111888113,0.13817828896451823,0.9582470414201184,0.10003673764511598,1.0,0.12692307692307692,0.7370003628805134,Surv-GAN
0.023852018360617445,0.8157342657342658,0.13322861113141946,0.9727071005917158,0.11692317968794519,1.0,0.11538461538461539,0.7494652912205471,Surv-GAN
0.024501314599035453,0.8164335664335663,0.13716042078981977,0.9663461538461539,0.08004613948676104,1.0,0.11538461538461539,0.7539915311827894,Surv-GAN
0.023179773425854668,0.820979020979021,0.1273889445103893,0.9647189349112425,0.09813032705321231,1.0,0.11923076923076924,0.7399438318640614,Surv-GAN
0.023419612913297992,0.8195804195804196,0.11946535088214955,0.9558431952662723,0.08804923734156972,1.0,0.11538461538461539,0.7136453131161498,Surv-GAN
0.02391755915915793,0.8195804195804196,0.14073669055388327,0.9651997041420118,0.1350568082555787,1.0,0.11538461538461539,0.751686043846502,Surv-GAN
0.023164166094278862,0.820979020979021,0.13659408431424191,0.9606878698224854,0.10970716243461148,1.0,0.12307692307692308,0.7374385898009014,Surv-GAN
0.024174930170690768,0.8178321678321679,0.13632609283003025,0.9696375739644971,0.07802789358019219,1.0,0.11153846153846154,0.7501397901444302,Surv-GAN
0.023917919364071526,0.8213286713286713,0.12954786702381624,0.9683801775147929,0.11428071032549901,1.0,0.13076923076923078,0.7394802161722818,Surv-GAN
0.02426507124396672,0.8153846153846154,0.15642023827622478,0.9586168639053254,0.09235700883647852,1.0,0.11923076923076924,0.7350208184147843,Surv-GAN
0.023821801334343327,0.8160839160839161,0.13123284601669555,0.9626849112426035,0.10131558997750124,1.0,0.1346153846153846,0.7308907462529797,Surv-GAN
0.023804426682186405,0.8181818181818182,0.1260171868872669,0.9643491124260354,0.1002250378399387,1.0,0.1076923076923077,0.7404301279166351,Surv-GAN
0.024932134623490844,0.8097902097902098,0.15473905140845692,0.9733727810650887,0.09466621239549229,6.0,0.11538461538461539,0.7334432030551461,Surv-GAN
0.024438660877852125,0.813986013986014,0.1455916627860358,0.98125,0.12323226177993635,1.0,0.1,0.7390779226695302,Surv-GAN
0.02403123335841911,0.8171328671328673,0.13053357621673134,0.9508505917159763,0.12660259760412107,1.0,0.12692307692307692,0.7521367823081977,Surv-GAN
0.024630127376433063,0.8101398601398603,0.14497831264323371,0.9693417159763313,0.11520370288293907,1.0,0.09615384615384616,0.7564444174923954,Surv-GAN
0.02465312854305858,0.8115384615384617,0.14931475274723036,0.9682692307692307,0.1352725001636068,1.0,0.09615384615384616,0.7605739889167401,Surv-GAN
0.024738476725103663,0.8132867132867131,0.14457956922394843,0.9684171597633136,0.10716645078766615,1.0,0.13076923076923078,0.7458511046690723,Surv-GAN
0.023541128670082734,0.8202797202797203,0.1298802299120064,0.9560281065088759,0.1177813856247935,1.0,0.13846153846153847,0.7611309823545447,Surv-GAN
0.023961340470455415,0.8171328671328673,0.1469143533985291,0.9681582840236687,0.13504413288862693,1.0,0.1576923076923077,0.7431175232371803,Surv-GAN
0.02312817085151114,0.8206293706293706,0.12729060525042646,0.9674186390532545,0.07434052153693524,1.0,0.12692307692307692,0.7190818943494158,Surv-GAN
0.02407923667556938,0.8146853146853146,0.13290855641999028,0.9746671597633135,0.11991820341432785,1.0,0.11923076923076924,0.7356669697495763,Surv-GAN
0.025011378016782212,0.8104895104895106,0.14902409191250368,0.9702292899408285,0.09342153093247964,10.0,0.10384615384615385,0.7330557357485713,Surv-GAN
0.022897830193812953,0.8227272727272728,0.1417727215604691,0.9595414201183431,0.09087074386488167,1.0,0.1423076923076923,0.755554327078877,Surv-GAN
0.024771623781055838,0.8122377622377622,0.14033252955952702,0.9762204142011834,0.07651588627483519,1.0,0.11538461538461539,0.7458190553282125,Surv-GAN
0.024339397797389573,0.8146853146853147,0.14496249721437995,0.9717085798816567,0.07555666676578975,1.0,0.12692307692307692,0.746916599532474,Surv-GAN
0.024176417423512734,0.815034965034965,0.128256211328389,0.9521819526627219,0.10794060891965383,3.0,0.12307692307692308,0.7341151540736668,Surv-GAN
0.023429986786949318,0.8213286713286713,0.14768539177767906,0.9721153846153845,0.09423302993651002,8.0,0.11923076923076924,0.754412813178281,Surv-GAN
0.024730922098311535,0.8122377622377622,0.1418922472407666,0.9519230769230769,0.09110163231024458,1.0,0.11538461538461539,0.7699412025433495,Surv-GAN
0.024576279310028707,0.813986013986014,0.12911618823974524,0.9758875739644971,0.09785133499972494,1.0,0.11923076923076924,0.754637131807403,Surv-GAN
0.024421403960292652,0.8157342657342658,0.13688063733183392,0.9784763313609467,0.11972001465508887,2.0,0.1076923076923077,0.7723048234253581,Surv-GAN
0.023752092864896913,0.8167832167832167,0.1168886411768539,0.9768860946745562,0.10786658237393335,1.0,0.1,0.7524778406011028,Surv-GAN
0.025101079453877295,0.8115384615384617,0.14360113788146195,0.970155325443787,0.1094453667748997,1.0,0.13076923076923078,0.75772839567821,Surv-GAN
0.02245241769145711,0.826923076923077,0.11002262594675931,0.9609097633136094,0.09062691525463835,1.0,0.12307692307692308,0.7561266936296176,Surv-GAN
0.024887805388680472,0.8122377622377623,0.13560964532220302,0.960465976331361,0.12210161420036408,1.0,0.12307692307692308,0.7492905511629318,Surv-GAN
0.023890037592739256,0.8181818181818182,0.12823986849803548,0.9688609467455622,0.10411354230253803,1.0,0.11538461538461539,0.7531494568388614,Surv-GAN
0.025357790197606544,0.804895104895105,0.13990360482296918,0.9793639053254438,0.12727238121715043,1.0,0.11153846153846154,0.7530644953551605,Surv-GAN
0.023436934422995163,0.820979020979021,0.13537534793650216,0.9509985207100591,0.10293042311019736,1.0,0.13076923076923078,0.7584997384874756,Surv-GAN
0.02365265427536298,0.81993006993007,0.13455900396419754,0.9670857988165681,0.12288982171212931,1.0,0.12307692307692308,0.7351734416108856,Surv-GAN
0.023677818652130447,0.8178321678321679,0.142782304466382,0.9760355029585799,0.09403068335783915,1.0,0.12692307692307692,0.7280730643105023,Surv-GAN
0.022345588277509373,0.8255244755244756,0.1272596299272625,0.9705621301775148,0.09202857258814909,1.0,0.1423076923076923,0.7421557552433659,Surv-GAN
0.02400273980286642,0.8195804195804196,0.1384950411940168,0.9541420118343196,0.1315598641243893,1.0,0.14615384615384616,0.7290059850777698,Surv-GAN
0.022156395763901323,0.8276223776223777,0.1060817282989554,0.9637204142011834,0.09154807848563182,1.0,0.1346153846153846,0.7191240110621628,Surv-GAN
0.024976313042920282,0.8111888111888113,0.1409456239266332,0.9730029585798816,0.13557420213745,1.0,0.11153846153846154,0.7514726275004556,Surv-GAN
0.02108223988145285,0.8342657342657342,0.11900905519046301,0.9509615384615385,0.11669972457916028,1.0,0.14615384615384616,0.7407549445899148,Surv-GAN
0.023670719412208555,0.8181818181818182,0.1363448400349948,0.9640532544378699,0.11013765764493717,1.0,0.12692307692307692,0.7518622672555904,Surv-GAN
0.022357635331537302,0.8234265734265733,0.13039118242564363,0.9621671597633135,0.13222548785733476,1.0,0.12307692307692308,0.7331477173909369,Surv-GAN
0.02366139707510003,0.8202797202797203,0.14289055622238633,0.9670857988165679,0.11668410238928949,1.0,0.15384615384615385,0.7603142562228057,Surv-GAN
0.022915906185560275,0.8234265734265734,0.13125901628421424,0.9635355029585799,0.1018240031942426,1.0,0.12307692307692308,0.7509818714190117,Surv-GAN
0.024765118252944373,0.8111888111888113,0.1403401823294116,0.9784023668639052,0.08974739326414548,1.0,0.10384615384615385,0.7498696664773801,Surv-GAN
0.025596259237304606,0.8087412587412589,0.14773599922320158,0.9634615384615385,0.09088746411652428,1.0,0.1346153846153846,0.7321760931746173,Surv-GAN
0.02403196956572746,0.8153846153846154,0.13718969153395785,0.9674186390532544,0.09483172245509483,1.0,0.12692307692307692,0.760009985615129,Surv-GAN
0.024114445945556427,0.8160839160839161,0.14531412391946613,0.9553624260355031,0.07300249029149279,1.0,0.1346153846153846,0.738215321181321,Surv-GAN
0.023467435455301586,0.8202797202797203,0.13230042983540555,0.9663831360946744,0.10286932925575776,1.0,0.13846153846153847,0.7609106741607559,Surv-GAN
0.023957087833739257,0.813986013986014,0.15352487029654496,0.9654585798816567,0.0875863751791066,1.0,0.12307692307692308,0.734955020197408,Surv-GAN
0.02474638742637595,0.8174825174825177,0.13418898000810475,0.9502218934911243,0.10474034713002815,1.0,0.15384615384615385,0.7403701677677837,Surv-GAN
0.022930816087920417,0.8244755244755246,0.13260142762270125,0.960465976331361,0.0880068741527894,1.0,0.12307692307692308,0.7408125113540769,Surv-GAN
0.02454806565432046,0.8146853146853147,0.11642698559038618,0.9493713017751478,0.09542845804107274,2.0,0.12307692307692308,0.7231966815145184,Surv-GAN
0.02217098299383025,0.829020979020979,0.12394593994054325,0.9590606508875741,0.15047462738118567,1.0,0.10384615384615385,0.7502346024966279,Surv-GAN
0.025274679892644456,0.8097902097902098,0.14524249242057918,0.9731878698224852,0.13085695388732638,1.0,0.12692307692307692,0.7409013071277362,Surv-GAN
0.024872297594924046,0.8104895104895107,0.1433400872968545,0.9789201183431953,0.12227317069993805,1.0,0.1,0.7493214801717569,Surv-GAN
0.02465927285228554,0.813986013986014,0.1369929655167442,0.9675665680473372,0.12114909111486144,1.0,0.11153846153846154,0.7563221854880047,Surv-GAN
0.02298646651428987,0.8227272727272728,0.12750357576905183,0.9567677514792899,0.08693902112347573,1.0,0.11153846153846154,0.7488717697584811,Surv-GAN
0.023123093554028886,0.8223776223776224,0.1367035133181731,0.9740014792899409,0.09557371079955952,1.0,0.11538461538461539,0.7529987117353576,Surv-GAN
0.024075149998096568,0.8143356643356644,0.14031380577473088,0.9657544378698224,0.12188785046247338,1.0,0.12692307692307692,0.7453966609820104,Surv-GAN
0.023641002636743593,0.8202797202797203,0.12624444643761804,0.9697855029585799,0.10144407835861181,1.0,0.1076923076923077,0.7387767623591753,Surv-GAN
0.023341405920084914,0.8213286713286714,0.13103255352792975,0.9579511834319525,0.08100216676937674,1.0,0.11923076923076924,0.758163102082866,Surv-GAN
0.0239974826475137,0.8174825174825174,0.13955417279339136,0.9649778106508874,0.11353212011110732,1.0,0.11153846153846154,0.7352771481090049,Surv-GAN
0.023990352907296956,0.8171328671328673,0.1313789761846804,0.9649778106508876,0.10618101443489576,1.0,0.13076923076923078,0.7637411454716913,Surv-GAN
0.024179137709925778,0.8171328671328673,0.14551733840665704,0.9709319526627217,0.08397532642166686,4.0,0.1423076923076923,0.7553953689168321,Surv-GAN
0.024530576957470542,0.8136363636363636,0.13522822189666742,0.9697115384615383,0.13234353931349316,1.0,0.11153846153846154,0.765146786298829,Surv-GAN
0.023186987310110516,0.8227272727272728,0.13851281442112875,0.968860946745562,0.12495970395527904,2.0,0.14615384615384616,0.7401458815854025,Surv-GAN
0.024321744658352514,0.813986013986014,0.15119813440689117,0.9634985207100591,0.09427588205880734,9.0,0.1076923076923077,0.729923383418657,Surv-GAN
0.022291758840256855,0.826923076923077,0.1250000298227844,0.9646079881656805,0.09705025824065508,1.0,0.1346153846153846,0.7475744323976281,Surv-GAN
0.024475660393136322,0.813986013986014,0.14370935561202094,0.9620192307692307,0.13061179516404403,1.0,0.1,0.7616895671295646,Surv-GAN
0.022218731335025176,0.8744755244755246,0.06388609803963896,0.8648668639053254,0.08690515022914569,1.0,0.4230769230769231,0.7339598106960868,Surv-VAE
0.018929072981221682,0.896853146853147,0.08389564384595853,0.8736686390532544,0.04619379253722366,1.0,0.4346153846153846,0.7196115482670513,Surv-VAE
0.017084118638630717,0.9003496503496503,0.06252899485125596,0.9093934911242604,0.05659087601584955,1.0,0.4307692307692308,0.7045982902162181,Surv-VAE
0.01565136039477745,0.9052447552447553,0.02525872460558038,0.8962278106508876,0.04411362516185032,1.0,0.4653846153846154,0.7196516961362439,Surv-VAE
0.018236891359658728,0.897902097902098,0.0816719328431059,0.8595044378698224,0.04702248334742344,3.0,0.45,0.6944034502122953,Surv-VAE
0.016120624901053236,0.9087412587412588,0.07766268775473611,0.8995931952662721,0.09018015036693773,1.0,0.40384615384615385,0.712586746866061,Surv-VAE
0.017496635117916125,0.8979020979020977,0.043984339973565864,0.8796597633136095,0.1427798618174513,1.0,0.45384615384615384,0.6966633553922709,Surv-VAE
0.020467709968811795,0.88006993006993,0.10340228252512067,0.878439349112426,0.0568790829298198,4.0,0.46153846153846156,0.7377439119206165,Surv-VAE
0.017294261527341624,0.9027972027972027,0.037916824506393686,0.864940828402367,0.06960461595683601,1.0,0.4346153846153846,0.7001576764497326,Surv-VAE
0.017129527824623566,0.9031468531468531,0.06494901545065987,0.9017751479289939,0.04920085770970814,3.0,0.4269230769230769,0.6978506426075598,Surv-VAE
0.017833206700549543,0.8954545454545454,0.08059816513032195,0.8818047337278105,0.047983008429296904,1.0,0.4346153846153846,0.7422919355515282,Surv-VAE
0.02121954845176408,0.8776223776223776,0.06512156119446423,0.870266272189349,0.16387952177188175,1.0,0.4,0.7185483588767403,Surv-VAE
0.018545405279333235,0.8933566433566433,0.07751505576645884,0.8679363905325443,0.09624405195267668,1.0,0.4461538461538462,0.683805639232323,Surv-VAE
0.02037959287825665,0.886013986013986,0.08067691899897211,0.894637573964497,0.0796106671998035,1.0,0.41923076923076924,0.7391131202173188,Surv-VAE
0.019634160688690495,0.890909090909091,0.0631821564662444,0.893121301775148,0.056028856766281526,2.0,0.46153846153846156,0.716724541751718,Surv-VAE
0.018024542015221554,0.8989510489510489,0.06309571595771676,0.901405325443787,0.1064036465029614,2.0,0.4653846153846154,0.7138034449561209,Surv-VAE
0.01873602993875306,0.8954545454545454,0.08540311129424177,0.8542159763313609,0.045982235600451435,5.0,0.4807692307692308,0.7041418603977623,Surv-VAE
0.018179310624858204,0.897902097902098,0.08160761838795061,0.8553254437869823,0.0546136287834666,3.0,0.4269230769230769,0.7188670819382196,Surv-VAE
0.0162376703742608,0.9059440559440559,0.05160520398470114,0.8947485207100592,0.12572078442032958,1.0,0.4346153846153846,0.7170461007234058,Surv-VAE
0.01899580667657355,0.8912587412587413,0.05453533393224404,0.8844674556213018,0.11599768121370728,1.0,0.4,0.7220272269987394,Surv-VAE
0.018898601514489202,0.8912587412587413,0.023608933069055843,0.8935650887573965,0.04829821748158748,1.0,0.4,0.7217544485884458,Surv-VAE
0.019663193529772038,0.8884615384615384,0.07963779667654217,0.8926775147928995,0.0864100344925485,1.0,0.4423076923076923,0.7084413441125117,Surv-VAE
0.018707717341433682,0.8933566433566433,0.09460061751570206,0.8949704142011834,0.053013097015452086,2.0,0.4115384615384615,0.7150284564626508,Surv-VAE
0.01634747589037841,0.9006993006993007,0.06265853408535918,0.8667529585798818,0.062117815475020884,2.0,0.4461538461538462,0.730323598471848,Surv-VAE
0.019036819792882638,0.8926573426573426,0.09819746995705127,0.8758136094674557,0.06554261807437087,1.0,0.45,0.7007178555453981,Surv-VAE
0.015210372301553242,0.9122377622377623,0.07378635906148633,0.8447485207100591,0.0579883598666771,2.0,0.43846153846153846,0.7320330197645022,Surv-VAE
0.021821096549953303,0.8786713286713286,0.10465843266696429,0.8772189349112425,0.042801311057766404,3.0,0.38076923076923075,0.7323527398032225,Surv-VAE
0.014592680358741245,0.9118881118881119,0.05502728567173769,0.8856139053254438,0.11088109028162325,1.0,0.46153846153846156,0.6757698484905779,Surv-VAE
0.0151518996899351,0.915034965034965,0.03131966970344187,0.8784023668639053,0.05809841342260174,1.0,0.43846153846153846,0.7148720338462428,Surv-VAE
0.016810847686170336,0.9045454545454547,0.09858008021193475,0.8784763313609467,0.12203148244379455,2.0,0.43846153846153846,0.7129950679998956,Surv-VAE
0.020860712916407533,0.882167832167832,0.09448230827479612,0.8945266272189348,0.13402271732957094,1.0,0.39615384615384613,0.7069464506452452,Surv-VAE
0.01740960604310824,0.895104895104895,0.05712339286795274,0.8825443786982248,0.08492645403173162,1.0,0.38076923076923075,0.7090126320535042,Surv-VAE
0.014603163596291794,0.9136363636363636,0.07087400586969372,0.8740754437869821,0.07840214899907805,1.0,0.4230769230769231,0.7343588767536579,Surv-VAE
0.02029308702724906,0.8832167832167831,0.09961902444810396,0.8673816568047338,0.09329775240987281,1.0,0.5038461538461538,0.7379867209959462,Surv-VAE
0.018008355989147597,0.8937062937062937,0.04900710639467303,0.8810281065088758,0.09076112520896122,1.0,0.4461538461538462,0.7115307023632286,Surv-VAE
0.01832651160046773,0.8937062937062937,0.047215519566000126,0.875,0.048290846567851674,1.0,0.4653846153846154,0.71632174873006,Surv-VAE
0.015699286412821884,0.9108391608391607,0.04975437447112055,0.8855399408284022,0.046920710986870416,1.0,0.45384615384615384,0.6959190719835352,Surv-VAE
0.016065641918689057,0.9076923076923077,0.040765076134198844,0.8420118343195266,0.06278968874776739,1.0,0.39615384615384613,0.7159986409790657,Surv-VAE
0.016186515386378955,0.9059440559440559,0.061142888319319876,0.8900887573964497,0.11239573816758489,1.0,0.45,0.6863017882139786,Surv-VAE
0.019130476937734255,0.8902097902097901,0.06271703406544502,0.8686390532544379,0.053455071614674166,2.0,0.45,0.7274333224665943,Surv-VAE
0.019115444856771316,0.8877622377622377,0.055968957715104344,0.8528846153846154,0.049971895170252904,1.0,0.4,0.7209025103415151,Surv-VAE
0.015837307697420415,0.9066433566433566,0.06215404428995294,0.8745192307692307,0.08712210123736963,1.0,0.41923076923076924,0.7088612751060628,Surv-VAE
0.02182926292506791,0.872027972027972,0.1155746800827172,0.8824704142011834,0.1042610356245442,2.0,0.46153846153846156,0.7143573778161779,Surv-VAE
0.020367269545930298,0.8839160839160839,0.06258662264432871,0.882507396449704,0.052284555603281074,1.0,0.4115384615384615,0.7280372388250553,Surv-VAE
0.017568807052460098,0.8989510489510489,0.06862671337054536,0.8722263313609467,0.08455519991342911,1.0,0.4653846153846154,0.7206723320898746,Surv-VAE
0.020047016532630694,0.8867132867132866,0.06269674822276021,0.8758136094674557,0.09675935260249728,3.0,0.4653846153846154,0.6990368462989905,Surv-VAE
0.016389745946885043,0.904195804195804,0.046433395161022656,0.858136094674556,0.0613866885093572,3.0,0.4576923076923077,0.719867460182645,Surv-VAE
0.019301385463698553,0.8898601398601399,0.07953853525651099,0.8812869822485208,0.07797873425699585,1.0,0.4807692307692308,0.7233707124445572,Surv-VAE
0.020455644245937047,0.8874125874125873,0.08491688413646487,0.8792899408284024,0.04676451635218081,1.0,0.4461538461538462,0.7268071741986625,Surv-VAE
0.015468627887269966,0.9055944055944056,0.053821207480776775,0.8542899408284024,0.11945659035133556,1.0,0.4653846153846154,0.7249520771723924,Surv-VAE
0.01700668343376027,0.9034965034965036,0.04923748282025475,0.8631656804733728,0.09432710414618413,1.0,0.41923076923076924,0.7149566883646676,Surv-VAE
0.021459862434329638,0.8748251748251747,0.07209796149942334,0.9068047337278106,0.07871025109361837,1.0,0.4269230769230769,0.7171468602776089,Surv-VAE
0.017617309245432887,0.8982517482517482,0.08997884766824116,0.8904585798816568,0.14242756492603453,2.0,0.45,0.6971291614701098,Surv-VAE
0.01679617158969506,0.908041958041958,0.0644899400961781,0.8741863905325445,0.0954071396066945,1.0,0.4653846153846154,0.704605153144712,Surv-VAE
0.021353805779320376,0.8804195804195803,0.06797117386526334,0.9038461538461539,0.08021932928928398,1.0,0.4,0.7337097559218997,Surv-VAE
0.01759875896212237,0.8972027972027973,0.038937882973510037,0.884948224852071,0.06183433330648789,1.0,0.43846153846153846,0.6884766986714752,Surv-VAE
0.01675592239968598,0.8954545454545454,0.06282598137923223,0.8799186390532544,0.0630678049164159,1.0,0.4423076923076923,0.7098474465319874,Surv-VAE
0.01809844239924413,0.8926573426573426,0.06239414341111488,0.8973372781065088,0.1383806461009457,1.0,0.4153846153846154,0.714359325780715,Surv-VAE
0.016745693457121635,0.9034965034965036,0.04650840035788013,0.8867603550295857,0.08282570838096857,1.0,0.4,0.7032615869610269,Surv-VAE
0.017427002722724908,0.8975524475524476,0.046749133590691765,0.872189349112426,0.06312345493699836,1.0,0.4230769230769231,0.695470788229857,Surv-VAE
0.020666829397764142,0.8846153846153847,0.059172702145864196,0.8721893491124261,0.10051369669195487,1.0,0.4423076923076923,0.7108577404694169,Surv-VAE
0.017321386140150483,0.8975524475524476,0.04763487968824407,0.8843934911242604,0.05785013000341056,1.0,0.4115384615384615,0.7462423960841614,Surv-VAE
0.018478899884661112,0.8944055944055944,0.09569755616964877,0.8974112426035503,0.1244457014016846,1.0,0.4,0.6932278437246389,Surv-VAE
0.017810310134686307,0.8968531468531468,0.06417147495332803,0.8764053254437869,0.1369662697282363,1.0,0.43846153846153846,0.7024627467515223,Surv-VAE
0.01789995726962689,0.895104895104895,0.05688426826036727,0.9017751479289942,0.11064971831302318,1.0,0.4307692307692308,0.7164540459205537,Surv-VAE
0.016312676739311874,0.9041958041958043,0.04295468605281755,0.8406065088757396,0.11172559229114709,1.0,0.45384615384615384,0.7069632681236517,Surv-VAE
0.02050426068149908,0.8912587412587413,0.063140901429024,0.8664201183431952,0.09192085905044958,2.0,0.45,0.7299734201776126,Surv-VAE
0.021017699649870446,0.8807692307692307,0.10204484358320562,0.8547337278106509,0.14389549813100377,2.0,0.47692307692307695,0.7101510435587205,Surv-VAE
0.019314866109374346,0.893006993006993,0.05778243336564908,0.8696745562130177,0.04670440972284253,1.0,0.4230769230769231,0.682051042698867,Surv-VAE
0.01794435840023373,0.8982517482517484,0.06820564174539637,0.9043639053254438,0.05994018511380243,1.0,0.4307692307692308,0.7164928592504072,Surv-VAE
0.018363331826042405,0.8940559440559442,0.06787347900735881,0.8859097633136095,0.08454507864024113,1.0,0.4423076923076923,0.6924795429491251,Surv-VAE
0.01659049282884748,0.9027972027972028,0.06868816348857751,0.8711538461538462,0.11530906004509739,1.0,0.43846153846153846,0.7045113326278015,Surv-VAE
0.016769226204465845,0.8996503496503496,0.116412325609639,0.9089866863905325,0.17210376359209445,3.0,0.4076923076923077,0.7218207916187076,Surv-VAE
0.0173657222476324,0.8989510489510489,0.05332846241333648,0.8812869822485206,0.10571231412606659,1.0,0.41923076923076924,0.7344441520551467,Surv-VAE
0.018188319048120464,0.8968531468531468,0.06691787767504495,0.8905325443786982,0.061111115565201574,2.0,0.4115384615384615,0.6954330657345463,Surv-VAE
0.018202065569473402,0.901048951048951,0.06152149505984938,0.8745562130177514,0.07877606290683269,3.0,0.4307692307692308,0.7015244293956994,Surv-VAE
0.020483784663173406,0.8842657342657341,0.065709383308997,0.8683431952662722,0.046409278541686715,3.0,0.40384615384615385,0.7102059567192204,Surv-VAE
0.0193675530673787,0.8912587412587413,0.058694183685119264,0.85521449704142,0.07651762689910839,1.0,0.45,0.6997238168953689,Surv-VAE
0.01569450783426678,0.9115384615384616,0.031077384173958254,0.8871671597633137,0.04736830739869015,2.0,0.4423076923076923,0.7168792163053321,Surv-VAE
0.01890330870861336,0.8937062937062937,0.08788240207165236,0.8568047337278107,0.10183750636645149,2.0,0.4307692307692308,0.7133132759309803,Surv-VAE
0.02074095529367528,0.8814685314685314,0.04896264796691831,0.8609467455621301,0.05252114249490085,2.0,0.41923076923076924,0.705499746772012,Surv-VAE
0.017660045622143825,0.9003496503496504,0.04680414402351378,0.8612426035502958,0.09607325189244552,1.0,0.4115384615384615,0.6947184057660861,Surv-VAE
0.017345527913199255,0.9024475524475524,0.05098056064515233,0.8895710059171599,0.05115165974589899,1.0,0.4153846153846154,0.6976231816430694,Surv-VAE
0.019341494756056874,0.8898601398601399,0.09515354331394954,0.9068786982248522,0.09693097437441825,1.0,0.4269230769230769,0.7450210458588016,Surv-VAE
0.016266577591337466,0.9059440559440559,0.044408315615170973,0.8721153846153846,0.07504890021588358,1.0,0.45384615384615384,0.7259682718617245,Surv-VAE
0.020825600933136876,0.8902097902097903,0.07334596060793451,0.8672707100591717,0.10508692814153038,2.0,0.41923076923076924,0.7253201798717263,Surv-VAE
0.020796926119372863,0.886013986013986,0.12085985839029795,0.882655325443787,0.05853387482146874,4.0,0.47307692307692306,0.7365057115879886,Surv-VAE
0.01949134989465888,0.8884615384615384,0.070902978731539,0.882396449704142,0.07962075158841264,1.0,0.40384615384615385,0.7149370820878456,Surv-VAE
0.020419685513758057,0.8867132867132866,0.09114114246792222,0.8871301775147928,0.047440423004087594,3.0,0.5076923076923077,0.7138971890248167,Surv-VAE
0.018440326207232113,0.891958041958042,0.07141094831537932,0.8715976331360945,0.06408453617159374,2.0,0.4346153846153846,0.7391079330361261,Surv-VAE
0.01956627273524852,0.891958041958042,0.062327740480558724,0.8562869822485206,0.06319735517086195,2.0,0.4576923076923077,0.7006039941120117,Surv-VAE
0.017551176947936016,0.9003496503496503,0.05173654410049389,0.8960059171597633,0.06602066561621822,3.0,0.4653846153846154,0.7091010756685556,Surv-VAE
0.01804623357198187,0.8958041958041957,0.08419932983898197,0.8980029585798818,0.07584588602201524,1.0,0.4153846153846154,0.703481707597099,Surv-VAE
0.019165494731044782,0.8877622377622377,0.07727043112829422,0.8963757396449704,0.05662467764237732,3.0,0.4230769230769231,0.6838953589994895,Surv-VAE
0.016425027669248766,0.9041958041958043,0.04334798634431021,0.8577662721893491,0.05581443055747394,1.0,0.43846153846153846,0.7125476258580216,Surv-VAE
0.019485839284519937,0.8930069930069929,0.08314713030015716,0.8777366863905325,0.09818995230913413,1.0,0.4153846153846154,0.7052098823889781,Surv-VAE
0.01705428682638396,0.9006993006993007,0.05213453262324924,0.855473372781065,0.0532595436854725,2.0,0.4,0.7448152248190603,Surv-VAE
0.016443596357047303,0.9041958041958043,0.03959403395159035,0.8857248520710058,0.0478648469516489,1.0,0.47692307692307695,0.7034589130996087,Surv-VAE
0.01937632827303761,0.8867132867132868,0.05127206694516347,0.8789201183431953,0.12839107149305776,1.0,0.4423076923076923,0.6957182562604681,Surv-VAE
0.016486911713689455,0.9066433566433566,0.05478368633387375,0.8897928994082841,0.05804071440394259,2.0,0.4230769230769231,0.7104656791390128,Surv-VAE
0.01750571052079808,0.9003496503496503,0.06870733008479012,0.8651257396449704,0.08453777492307107,1.0,0.4576923076923077,0.7099173818042142,Surv-VAE
0.019162890299476345,0.8937062937062936,0.06503735548769729,0.857396449704142,0.055127137719242644,2.0,0.4230769230769231,0.6714358388211056,Surv-VAE
0.01885094000452363,0.8898601398601399,0.08422090096704321,0.867603550295858,0.1305077969023422,1.0,0.4346153846153846,0.7239377481265669,Surv-VAE
0.0215754778567753,0.877972027972028,0.0956396430000951,0.8690828402366865,0.15641030220047478,2.0,0.4423076923076923,0.7419311296618786,Surv-VAE
0.01929633170825475,0.8905594405594406,0.0745054401362911,0.8940828402366865,0.08872512305322032,1.0,0.4115384615384615,0.7241696160281818,Surv-VAE
0.017991340285623828,0.8947552447552447,0.0401911204272189,0.896819526627219,0.0938294690752769,1.0,0.4230769230769231,0.7229685207402702,Surv-VAE
0.01982603141619681,0.8912587412587413,0.07656150884648864,0.8843565088757396,0.12482591672083224,1.0,0.4076923076923077,0.7201436365003416,Surv-VAE
0.021472768453916005,0.881118881118881,0.1030528196627729,0.8793639053254438,0.08932407960049299,1.0,0.4461538461538462,0.701734239801026,Surv-VAE
0.02054026420086579,0.886013986013986,0.08132056525107889,0.8619082840236686,0.06409993317996787,1.0,0.4346153846153846,0.7153456237019644,Surv-VAE
0.019321041037299164,0.8867132867132866,0.055116507768397764,0.8697855029585799,0.16069191971869265,2.0,0.43846153846153846,0.7190606873185599,Surv-VAE
0.017122199731873525,0.8989510489510489,0.0890086851143017,0.9138313609467457,0.1786653439903949,2.0,0.4076923076923077,0.7073037632842574,Surv-VAE
0.019494461466782388,0.890909090909091,0.06411408934646745,0.8857988165680473,0.06539262877603251,1.0,0.41923076923076924,0.7248855924263768,Surv-VAE
0.016731286541092977,0.9020979020979021,0.04989463228149289,0.8565828402366865,0.08223267938639203,1.0,0.45,0.7358076378574405,Surv-VAE
0.016477981397889307,0.9024475524475524,0.07873933335865076,0.8731508875739646,0.056816880007770215,2.0,0.43846153846153846,0.6971723797820079,Surv-VAE
0.014905194997702464,0.912937062937063,0.0409480173361,0.9059911242603551,0.046396284549622045,2.0,0.4153846153846154,0.7004061107105297,Surv-VAE
0.019468630169896375,0.8905594405594406,0.0488756929249393,0.8855029585798817,0.0784809845063319,1.0,0.45384615384615384,0.7211895771100227,Surv-VAE
0.017185407173225874,0.904195804195804,0.0649917304585201,0.8814349112426034,0.17694298011978976,2.0,0.45,0.6968770618010289,Surv-VAE
0.019508315149531913,0.8853146853146853,0.06078731383597341,0.8743713017751478,0.07817252133251895,1.0,0.4653846153846154,0.7060759874858992,Surv-VAE
0.017486841935067117,0.8972027972027973,0.03366936645365741,0.8778476331360947,0.05712180648566633,2.0,0.46153846153846156,0.6877413528869932,Surv-VAE
0.019126744267853133,0.8937062937062936,0.04011743292788957,0.8623520710059172,0.13703750118290692,1.0,0.45,0.7044449690414686,Surv-VAE
0.01734393419898218,0.9027972027972028,0.0684230667585381,0.8761094674556213,0.105288183555169,1.0,0.4230769230769231,0.6835250500613377,Surv-VAE
0.01749398364696052,0.9024475524475526,0.06897414612344326,0.8684171597633137,0.0576268502325181,4.0,0.45,0.7210321175899385,Surv-VAE
0.016865156194575293,0.9006993006993007,0.08908771655789652,0.868860946745562,0.06394551316465069,4.0,0.3923076923076923,0.6695457543609393,Surv-VAE
0.01898874009142295,0.8926573426573426,0.05102393535167476,0.8615754437869823,0.04672206360922756,2.0,0.45384615384615384,0.7209508014764807,Surv-VAE
0.019124985984509322,0.8954545454545454,0.04739538198567587,0.9092455621301774,0.06323412089794189,2.0,0.4461538461538462,0.7076235082330691,Surv-VAE
0.019966649065824908,0.888111888111888,0.07408987920550208,0.8795857988165681,0.06161414396714353,1.0,0.4423076923076923,0.7055045941416132,Surv-VAE
0.01875017592773607,0.8954545454545454,0.04169021645688297,0.853180473372781,0.04596449429676616,1.0,0.46923076923076923,0.7348920641374447,Surv-VAE
0.02021633391407809,0.8874125874125874,0.06358647947569805,0.8796597633136095,0.12380638047720084,1.0,0.41923076923076924,0.6914773797458749,Surv-VAE
0.01868164539796722,0.8916083916083917,0.0890528745395635,0.9009615384615384,0.04866049696765499,1.0,0.4269230769230769,0.7212933190881289,Surv-VAE
0.017798264390179244,0.8993006993006993,0.05222577376881836,0.8957470414201184,0.05855433508630556,1.0,0.38846153846153847,0.7163810264794929,Surv-VAE
0.017298953255844938,0.9024475524475524,0.04717359376802143,0.872448224852071,0.09199853884023927,1.0,0.39615384615384613,0.6783917721212631,Surv-VAE
0.020442418393655563,0.8891608391608391,0.060195763838735136,0.8757396449704142,0.056136638771336296,1.0,0.41923076923076924,0.7307815865279699,Surv-VAE
0.016589783297005962,0.9038461538461537,0.05075565485749115,0.85,0.06232724296443423,1.0,0.4115384615384615,0.7185699955922948,Surv-VAE
0.01829137393622565,0.8975524475524476,0.08802976620565192,0.8692307692307694,0.06724981261022205,1.0,0.4307692307692308,0.7102259828047864,Surv-VAE
0.01816359143741158,0.894055944055944,0.04469843667367885,0.894526627218935,0.0611806228312263,1.0,0.43846153846153846,0.7109545967330169,Surv-VAE
0.016083107762459872,0.9073426573426574,0.07456338475478017,0.8197855029585799,0.15568129164895508,3.0,0.4269230769230769,0.70238608618604,Surv-VAE
0.01873415886637879,0.8933566433566433,0.06067803053707622,0.887241124260355,0.045595773241034844,1.0,0.4076923076923077,0.7190500520238324,Surv-VAE
0.019264658760286803,0.8944055944055944,0.0908351394716844,0.8616863905325444,0.10797003731904269,1.0,0.45,0.7036640519955458,Surv-VAE
0.017572382965171676,0.8975524475524476,0.07694326878001435,0.9080621301775149,0.060805471274260794,2.0,0.4346153846153846,0.7253173195091274,Surv-VAE
0.017581732095801758,0.9038461538461537,0.04484610968452891,0.9180473372781066,0.04867608962846666,1.0,0.4115384615384615,0.7087333300319123,Surv-VAE
0.018590535712143145,0.8923076923076922,0.07659348024561122,0.8883875739644971,0.04837895119959461,1.0,0.4269230769230769,0.712136169806199,Surv-VAE
0.018002118547462333,0.8954545454545454,0.06898420426717443,0.8928994082840237,0.10694925194229113,1.0,0.43846153846153846,0.6865123776862178,Surv-VAE
0.018329047385930226,0.8968531468531468,0.07476375715303156,0.8778476331360947,0.07210992615385087,1.0,0.45,0.7209148898793162,Surv-VAE
0.019765204873459803,0.8895104895104896,0.0999323844979277,0.8636094674556214,0.09306452471709,1.0,0.41923076923076924,0.7235242873311527,Surv-VAE
0.017752623613744415,0.8968531468531468,0.08571157545847444,0.8876479289940828,0.04503002636615184,2.0,0.4461538461538462,0.7044840336571117,Surv-VAE
0.018151909665585473,0.894055944055944,0.052576073510047866,0.8704142011834319,0.124273402616696,1.0,0.4346153846153846,0.7172837101891798,Surv-VAE
0.018477950375614897,0.8926573426573426,0.061533204960537435,0.8596893491124259,0.07631863943389615,1.0,0.41923076923076924,0.7270226434276161,Surv-VAE
0.01849580805056876,0.894055944055944,0.06716954427923306,0.8945266272189348,0.05585324535899471,3.0,0.3923076923076923,0.7153708639928781,Surv-VAE
0.018178347673441356,0.9,0.06338598607027938,0.8863165680473373,0.1412873169230778,2.0,0.4461538461538462,0.7184282210724067,Surv-VAE
0.01674592144420202,0.9059440559440559,0.03618721780868037,0.8850591715976333,0.10233496478212528,1.0,0.47307692307692306,0.701391885455567,Surv-VAE
0.01652834737821405,0.908041958041958,0.05627521523944121,0.8778846153846154,0.04485692857001211,1.0,0.41923076923076924,0.669977562088866,Surv-VAE
0.021402026676401294,0.8825174825174824,0.06733139421662215,0.8697855029585797,0.09618916493676946,1.0,0.4269230769230769,0.7217118798662534,Surv-VAE
0.01782316156933306,0.9013986013986013,0.07933637888048417,0.8744452662721894,0.11699448078233649,1.0,0.39615384615384613,0.7062634607085903,Surv-VAE
0.021841832103934294,0.8772727272727273,0.0755344900223828,0.8709689349112425,0.052352235007262424,3.0,0.45384615384615384,0.7140586895255782,Surv-VAE
0.015162724932655304,0.9122377622377621,0.0650553223851536,0.864275147928994,0.12157833025451441,1.0,0.43846153846153846,0.7334899553414125,Surv-VAE
0.018639235663025996,0.8930069930069929,0.06859221794529972,0.8632766272189348,0.07579715486826075,1.0,0.46153846153846156,0.7187231975833466,Surv-VAE
0.0206068449635438,0.8807692307692306,0.07099851072684878,0.8965236686390533,0.05666987188076374,2.0,0.46923076923076923,0.7440565961000799,Surv-VAE
0.018264133884430576,0.893006993006993,0.06688903327685429,0.8843565088757396,0.07402628017473162,1.0,0.38461538461538464,0.7115044151155093,Surv-VAE
0.020955267299608085,0.8888111888111887,0.10760301244940257,0.9138683431952662,0.0442863013616455,6.0,0.45,0.6999726608444422,Surv-VAE
0.017125912035571584,0.9041958041958043,0.05994070851796964,0.8735207100591715,0.11150749144333262,1.0,0.4115384615384615,0.7102828057322339,Surv-VAE
0.01507689785791136,0.9118881118881119,0.05912997270059278,0.8935650887573964,0.09110248304713002,1.0,0.47307692307692306,0.6977258284644106,Surv-VAE
0.02042241901611525,0.8839160839160839,0.07473520416465723,0.8519970414201185,0.08834209816817616,1.0,0.4653846153846154,0.713761237098877,Surv-VAE
0.01835114351308836,0.8916083916083917,0.05183313576399073,0.8669378698224852,0.0745003982695332,1.0,0.4653846153846154,0.7119034537133119,Surv-VAE
0.019354515820353968,0.891958041958042,0.0731638052636888,0.875628698224852,0.12202009813385124,1.0,0.4423076923076923,0.7065029157052941,Surv-VAE
0.016829924582893615,0.9024475524475524,0.04776998202532511,0.8476331360946745,0.10489427237945277,2.0,0.38076923076923075,0.6937412665523514,Surv-VAE
0.0179942120380042,0.8961538461538461,0.06999333832604157,0.8742603550295858,0.0492180951777121,2.0,0.3923076923076923,0.7048346130195752,Surv-VAE
0.021393313765634546,0.8804195804195803,0.10515512053125227,0.8769600591715976,0.09606576286141655,1.0,0.4307692307692308,0.7323843689089988,Surv-VAE
0.019905615932204093,0.8884615384615384,0.05440884649552517,0.881139053254438,0.05249431171145146,1.0,0.45384615384615384,0.7222402950299938,Surv-VAE
0.018434510143206705,0.8933566433566433,0.07908973593283984,0.89948224852071,0.05724568882260084,3.0,0.4807692307692308,0.7237907069206874,Surv-VAE
0.018309075393182158,0.8944055944055944,0.06938363429008287,0.8663091715976332,0.12086280236288446,1.0,0.38846153846153847,0.7221352864871612,Surv-VAE
0.018478629819284522,0.8968531468531468,0.07265746740094918,0.8744082840236687,0.08661288100880757,1.0,0.4230769230769231,0.7386574671817775,Surv-VAE
0.016569665182568083,0.9,0.053389988759764584,0.8941568047337279,0.04814163153565744,3.0,0.4307692307692308,0.7562049868590337,Surv-VAE
0.021150585887769992,0.8800699300699301,0.06592528276665437,0.8508875739644969,0.045747180348677585,4.0,0.4307692307692308,0.7069598664822772,Surv-VAE
0.019436266716526242,0.8891608391608391,0.1004634504684604,0.870894970414201,0.09007349495513468,1.0,0.4115384615384615,0.72341432142358,Surv-VAE
0.01811244234283352,0.8909090909090908,0.06912101312953853,0.8669008875739644,0.1458867887475434,2.0,0.4153846153846154,0.7220492705153466,Surv-VAE
0.016943800511336884,0.9006993006993007,0.07063117657547216,0.8812869822485206,0.07556751745740899,1.0,0.45384615384615384,0.7109569467422759,Surv-VAE
0.017871160657585313,0.896153846153846,0.0817748040715118,0.8856878698224853,0.1336802173774842,1.0,0.45384615384615384,0.7009246274645643,Surv-VAE
0.019236218976683078,0.894055944055944,0.07448599614102301,0.8758136094674557,0.04997329973570785,2.0,0.4269230769230769,0.7049363412902737,Surv-VAE
0.01815592816766222,0.8968531468531468,0.06578317897009525,0.8795118343195266,0.07462750186966481,1.0,0.4576923076923077,0.7203721903221277,Surv-VAE
0.017743459216209487,0.8989510489510489,0.07149969736591827,0.8898668639053253,0.06179080526411391,1.0,0.47307692307692306,0.6959758280010121,Surv-VAE
0.016276351775106376,0.9076923076923077,0.046896721439188466,0.8681213017751478,0.053035348278649426,1.0,0.45,0.6972329486706916,Surv-VAE
0.01845033915541441,0.8926573426573426,0.04247640487800549,0.8658284023668639,0.051482870799016,1.0,0.4307692307692308,0.714885697392732,Surv-VAE
0.01982576949411575,0.8846153846153847,0.05242537974505308,0.9100961538461538,0.09404795254970857,1.0,0.4461538461538462,0.7216580241586842,Surv-VAE
0.018360524431381517,0.891958041958042,0.08841337490615675,0.8708579881656803,0.05515896157994556,3.0,0.41923076923076924,0.7247997357925398,Surv-VAE
0.022180565851208398,0.8769230769230769,0.11022576479790129,0.8948224852071005,0.057796731700981374,2.0,0.4230769230769231,0.7285240389385388,Surv-VAE
0.02107612070199816,0.8835664335664336,0.11174750434161167,0.8954881656804734,0.08440715481989092,2.0,0.45,0.7169529307074325,Surv-VAE
0.020134564315448467,0.8832167832167831,0.07844439162592023,0.8892381656804733,0.04773571923753329,2.0,0.43846153846153846,0.7356013944853566,Surv-VAE
0.01998277844009623,0.887062937062937,0.0897257209427808,0.885835798816568,0.12588820901658604,2.0,0.4076923076923077,0.7056112272678166,Surv-VAE
0.01786066701362091,0.8975524475524476,0.053530225528517376,0.8663461538461539,0.10647580455567782,1.0,0.4307692307692308,0.7056847175200036,Surv-VAE
0.020246779130707958,0.8839160839160839,0.11326771892430933,0.8804733727810652,0.058129278146306876,5.0,0.43846153846153846,0.693096674294647,Surv-VAE
0.022110036895812226,0.8734265734265734,0.15729331999542231,0.8937130177514792,0.20559407372858254,3.0,0.4269230769230769,0.7339428826883198,Surv-VAE
0.01682845107873364,0.9013986013986014,0.05017441153666992,0.8920488165680472,0.17395639971679994,1.0,0.4115384615384615,0.7151954616681114,Surv-VAE
0.02162692708334598,0.8765734265734264,0.09288976492161188,0.89478550295858,0.1111765365480536,1.0,0.4307692307692308,0.7243293950240732,Surv-VAE
0.014476229061240898,0.9129370629370629,0.03467569121716462,0.8895710059171597,0.07340524748386527,1.0,0.4423076923076923,0.6940125775231814,Surv-VAE
0.01842749360734527,0.8958041958041959,0.07068934977482018,0.8787721893491124,0.06486293548556386,2.0,0.43846153846153846,0.7206708097555621,Surv-VAE
0.01755357072537361,0.9003496503496503,0.0742881144297801,0.8928254437869823,0.04459377558393382,2.0,0.4653846153846154,0.714049628518162,Surv-VAE
0.02001381336980972,0.8853146853146853,0.05883482747438448,0.868860946745562,0.0766341600746277,1.0,0.41923076923076924,0.7214983312759947,Surv-VAE
0.015555504082817462,0.9062937062937063,0.04528348207105133,0.899371301775148,0.07999536642897162,1.0,0.40384615384615385,0.7173515118212971,Surv-VAE
0.017305027946703667,0.9031468531468531,0.061489823859187276,0.888128698224852,0.07051437817060668,1.0,0.41923076923076924,0.6779888144630442,Surv-VAE
0.017199816266847034,0.9006993006993006,0.0649935407364733,0.860724852071006,0.05398846845571516,2.0,0.41923076923076924,0.722455189696904,Surv-VAE
0.014256584190246663,0.9216783216783216,0.0487069028775541,0.8288461538461538,0.12454236302262083,1.0,0.45,0.7165493785257765,HI-VAE_weibull_diffusion
0.011087570191764467,0.9363636363636363,0.08159572307957469,0.8361686390532543,0.15074771227853467,3.0,0.4846153846153846,0.726003177690332,HI-VAE_weibull_diffusion
0.012501399295257905,0.9304195804195804,0.05779939316230383,0.7953772189349112,0.17293485918265372,4.0,0.4576923076923077,0.7351701199524745,HI-VAE_weibull_diffusion
0.013054034800026103,0.9227272727272727,0.07764267098045682,0.79948224852071,0.18810437376553352,2.0,0.45384615384615384,0.7181240132377094,HI-VAE_weibull_diffusion
0.013533082030665477,0.9223776223776223,0.05429650945032654,0.7967455621301773,0.09724896596401883,1.0,0.4307692307692308,0.7126039540477709,HI-VAE_weibull_diffusion
0.013380381638805484,0.9272727272727272,0.04801346696231021,0.8234467455621303,0.1559830053589142,3.0,0.4807692307692308,0.726176900587228,HI-VAE_weibull_diffusion
0.013781224960809219,0.9283216783216783,0.04773595105275722,0.7930473372781066,0.08820505392653501,3.0,0.46153846153846156,0.7310140159422459,HI-VAE_weibull_diffusion
0.008957741337952569,0.9472027972027971,0.06135478641656,0.806878698224852,0.1400228335095944,3.0,0.43846153846153846,0.7485221747342089,HI-VAE_weibull_diffusion
0.013566728445389455,0.9265734265734266,0.08241574410506225,0.8485207100591715,0.17876783793861303,3.0,0.45384615384615384,0.7469937921586165,HI-VAE_weibull_diffusion
0.01067904237170445,0.9398601398601399,0.05839931579658083,0.8370562130177517,0.1583546066688006,4.0,0.47692307692307695,0.7395120315492567,HI-VAE_weibull_diffusion
0.01227489505715467,0.9342657342657343,0.07308861945524216,0.8187869822485208,0.0752788419164807,2.0,0.49615384615384617,0.7242356551815982,HI-VAE_weibull_diffusion
0.009729361970157053,0.9423076923076923,0.08014086875059825,0.8299926035502958,0.1256923225863053,3.0,0.49615384615384617,0.7196366350796155,HI-VAE_weibull_diffusion
0.012880552587861272,0.9272727272727274,0.08100826185468492,0.8453402366863905,0.1695151294376218,6.0,0.41923076923076924,0.7481798654103734,HI-VAE_weibull_diffusion
0.01257628020652843,0.9293706293706294,0.05438073533160557,0.8474112426035502,0.08052449930998096,1.0,0.4653846153846154,0.7428502190216101,HI-VAE_weibull_diffusion
0.012079980567112897,0.93006993006993,0.05603059627126864,0.844378698224852,0.07586667044576592,2.0,0.4346153846153846,0.7277299840531699,HI-VAE_weibull_diffusion
0.01390186704787062,0.9265734265734266,0.057623172013320775,0.8226331360946745,0.13565256851605914,2.0,0.4230769230769231,0.738407355728507,HI-VAE_weibull_diffusion
0.011273228065989535,0.9346153846153846,0.03394775577531776,0.8346523668639053,0.1807483558484985,3.0,0.4846153846153846,0.7255870910444363,HI-VAE_weibull_diffusion
0.013296355213659584,0.9272727272727272,0.10563806503105766,0.8433431952662722,0.08237246286344183,2.0,0.4807692307692308,0.7203472808283646,HI-VAE_weibull_diffusion
0.01230908388688869,0.9321678321678323,0.05349922855891975,0.8269970414201182,0.060311832232989485,2.0,0.4230769230769231,0.6931843970329022,HI-VAE_weibull_diffusion
0.014242569522349403,0.9265734265734267,0.05863055893999452,0.7870562130177515,0.07184701896419972,4.0,0.45384615384615384,0.7565457466755197,HI-VAE_weibull_diffusion
0.013338799193820396,0.9286713286713286,0.08262335513368307,0.8804733727810652,0.07056915345185887,5.0,0.46153846153846156,0.7310923669514875,HI-VAE_weibull_diffusion
0.014581999341594477,0.9185314685314686,0.07388995120078039,0.8098372781065087,0.14360062172747678,4.0,0.43846153846153846,0.7213715286507169,HI-VAE_weibull_diffusion
0.012569274018508693,0.9342657342657342,0.05732797133142335,0.8361686390532543,0.08204082430440182,3.0,0.47307692307692306,0.731629622188025,HI-VAE_weibull_diffusion
0.011984741417823824,0.93006993006993,0.08905244690834073,0.8423816568047338,0.10315450884597646,2.0,0.45384615384615384,0.7245667573535726,HI-VAE_weibull_diffusion
0.009835367177777832,0.9412587412587411,0.06570914094844905,0.8262204142011834,0.15209884887166572,3.0,0.45,0.7239347758004739,HI-VAE_weibull_diffusion
0.013557347777319135,0.926923076923077,0.08256403234361648,0.8079142011834319,0.14905313800019318,5.0,0.4846153846153846,0.7150280454596701,HI-VAE_weibull_diffusion
0.013056548972405007,0.9311188811188811,0.055067421787256716,0.7867603550295857,0.11143814251368017,2.0,0.4307692307692308,0.7313906909574139,HI-VAE_weibull_diffusion
0.01393365149845121,0.9255244755244756,0.05606132602563274,0.8318047337278106,0.12192652862441332,3.0,0.46153846153846156,0.7142930631195362,HI-VAE_weibull_diffusion
0.009590578106760476,0.945104895104895,0.024542594587603654,0.8195266272189349,0.11361957606740852,2.0,0.4115384615384615,0.7252410270447145,HI-VAE_weibull_diffusion
0.010424697255854357,0.9363636363636364,0.06394208276382272,0.8147928994082839,0.10532408737234895,2.0,0.4307692307692308,0.7459188253036831,HI-VAE_weibull_diffusion
0.011824218388242895,0.9388111888111887,0.04842014510037177,0.816715976331361,0.10568741035508723,2.0,0.46153846153846156,0.7064414669214264,HI-VAE_weibull_diffusion
0.01060215048918864,0.9437062937062937,0.05071964018881186,0.8589497041420119,0.17392282222550987,3.0,0.47307692307692306,0.7323910310012718,HI-VAE_weibull_diffusion
0.012003684146325015,0.9353146853146851,0.08156843307747606,0.8193047337278105,0.09552901275990669,2.0,0.4653846153846154,0.7420266907441752,HI-VAE_weibull_diffusion
0.00998905082191042,0.9398601398601399,0.10045293442994865,0.8463757396449705,0.2463077576962,4.0,0.49230769230769234,0.718980687753147,HI-VAE_weibull_diffusion
0.012552967734360878,0.9276223776223774,0.0872535406554302,0.8135724852071006,0.17584382641023494,1.0,0.43846153846153846,0.7217748455669738,HI-VAE_weibull_diffusion
0.011286881269186479,0.9346153846153846,0.08782333290502364,0.8616863905325445,0.12880653872346587,3.0,0.43846153846153846,0.7351258123656138,HI-VAE_weibull_diffusion
0.01377693800978545,0.9251748251748251,0.08076679610591657,0.8356508875739646,0.16276499777710934,2.0,0.45,0.7296540101568282,HI-VAE_weibull_diffusion
0.012165097294880422,0.9304195804195804,0.07233921280569741,0.8255917159763314,0.12339562812171924,3.0,0.45,0.7278166555254718,HI-VAE_weibull_diffusion
0.012980646547546014,0.9342657342657342,0.052924491098722444,0.7923076923076924,0.07157466637998006,1.0,0.4269230769230769,0.7260306135005381,HI-VAE_weibull_diffusion
0.01139995284776499,0.9328671328671327,0.041290315089782065,0.8556952662721894,0.08478167785584977,2.0,0.4576923076923077,0.7046504973198295,HI-VAE_weibull_diffusion
0.011722221099165446,0.9356643356643357,0.05337863362832326,0.8352071005917161,0.16088066929975317,2.0,0.46923076923076923,0.7077881290425079,HI-VAE_weibull_diffusion
0.012161009182900086,0.9321678321678321,0.07702873191710423,0.8157544378698225,0.13742836864902508,4.0,0.4576923076923077,0.7258881241566135,HI-VAE_weibull_diffusion
0.01221729908043176,0.9321678321678321,0.05010840015640796,0.8314349112426036,0.10721404092592711,1.0,0.4230769230769231,0.7577603744169109,HI-VAE_weibull_diffusion
0.012901656554064344,0.9304195804195804,0.06453286656110667,0.8646449704142011,0.10887416238710952,2.0,0.4653846153846154,0.7455502312198468,HI-VAE_weibull_diffusion
0.011363182390924653,0.937062937062937,0.06113506380431853,0.8122041420118343,0.223058350914438,2.0,0.4423076923076923,0.7076921575109076,HI-VAE_weibull_diffusion
0.012182091323626248,0.9356643356643357,0.043552448285204805,0.8467455621301776,0.09561801558713794,2.0,0.4307692307692308,0.7480419650155355,HI-VAE_weibull_diffusion
0.011757653324129565,0.937062937062937,0.0889211807720739,0.815162721893491,0.17452785426105338,3.0,0.46923076923076923,0.7184966452780539,HI-VAE_weibull_diffusion
0.012167876495669866,0.9314685314685314,0.08224158256053231,0.8388313609467456,0.19237558561716595,5.0,0.4153846153846154,0.7152465011839572,HI-VAE_weibull_diffusion
0.012023374757532547,0.9346153846153846,0.06886217248818,0.8004437869822485,0.08637031534863447,3.0,0.46923076923076923,0.7156167020522441,HI-VAE_weibull_diffusion
0.012629013634217551,0.926923076923077,0.07166557793754119,0.8370562130177515,0.12602179586752604,3.0,0.4307692307692308,0.7301911516659912,HI-VAE_weibull_diffusion
0.014798230235312071,0.9206293706293707,0.0926814556598001,0.8102810650887575,0.1862492552911804,3.0,0.47307692307692306,0.7280429373427841,HI-VAE_weibull_diffusion
0.012989557982817463,0.9251748251748253,0.0782920134957603,0.8097263313609467,0.11533456253453776,3.0,0.4115384615384615,0.698940015663291,HI-VAE_weibull_diffusion
0.011469783762345276,0.9395104895104894,0.031897860473754466,0.8334319526627219,0.07011562474511943,4.0,0.4230769230769231,0.7178382153031274,HI-VAE_weibull_diffusion
0.013216758716298531,0.9293706293706294,0.05970484139389297,0.8187130177514792,0.13212071955280846,2.0,0.4346153846153846,0.7297721889259684,HI-VAE_weibull_diffusion
0.011269012381291556,0.9388111888111887,0.06157541478710432,0.8436390532544378,0.09997092231641042,3.0,0.4269230769230769,0.7388407343694494,HI-VAE_weibull_diffusion
0.014647038060691514,0.9181818181818181,0.1057312939609771,0.83698224852071,0.16879480152725845,4.0,0.46153846153846156,0.7350015205182356,HI-VAE_weibull_diffusion
0.009966076675935963,0.943006993006993,0.04719554647811258,0.8195266272189349,0.10575531144650113,1.0,0.41923076923076924,0.7300852867787833,HI-VAE_weibull_diffusion
0.013359108732105907,0.9262237762237763,0.0840695361016573,0.8265532544378699,0.14984112744302858,1.0,0.4346153846153846,0.7403467236695844,HI-VAE_weibull_diffusion
0.012669017301820669,0.9332167832167833,0.03904708648149245,0.8423816568047338,0.1027356842906624,1.0,0.45,0.7125445870817202,HI-VAE_weibull_diffusion
0.012567997120697156,0.9328671328671327,0.08054801456542156,0.832544378698225,0.13842303224058078,3.0,0.4423076923076923,0.7282559277656695,HI-VAE_weibull_diffusion
0.013620694181373337,0.9241258741258741,0.07279314348025975,0.8083949704142013,0.0791171933270635,1.0,0.4115384615384615,0.7512926972226104,HI-VAE_weibull_diffusion
0.013447413068223711,0.9283216783216783,0.05460366640210477,0.8301035502958578,0.11882150916463506,2.0,0.43846153846153846,0.7003949063760211,HI-VAE_weibull_diffusion
0.0126079470486743,0.9307692307692307,0.060371772295531416,0.8342455621301774,0.17307207243789804,2.0,0.4423076923076923,0.72445955594522,HI-VAE_weibull_diffusion
0.012629927679379038,0.9318181818181818,0.05309032098913721,0.7928254437869823,0.2395726465750621,3.0,0.4307692307692308,0.7313301630020572,HI-VAE_weibull_diffusion
0.011669529556545204,0.9314685314685316,0.09299878515687597,0.8332840236686391,0.11250175052700809,3.0,0.4423076923076923,0.7109230825127375,HI-VAE_weibull_diffusion
0.012082353878113981,0.9367132867132867,0.04575034352800682,0.8546597633136095,0.07567972976886046,2.0,0.4076923076923077,0.7277852762782469,HI-VAE_weibull_diffusion
0.012832191105834556,0.9293706293706294,0.07006622819895361,0.8149408284023668,0.15277938726718002,4.0,0.4846153846153846,0.7108082750315626,HI-VAE_weibull_diffusion
0.013764183481836384,0.9185314685314686,0.09033415686124799,0.7997041420118344,0.11866606872674273,5.0,0.41923076923076924,0.7332777572178604,HI-VAE_weibull_diffusion
0.010867288703968457,0.9388111888111887,0.07659733669527555,0.8415680473372781,0.12689982486654203,3.0,0.4807692307692308,0.7110226302283388,HI-VAE_weibull_diffusion
0.011789878241722767,0.9353146853146853,0.04981208197429415,0.8158653846153845,0.09457103673700251,2.0,0.43846153846153846,0.687297447901684,HI-VAE_weibull_diffusion
0.010996198399921735,0.9423076923076923,0.059889193606757825,0.8508875739644971,0.09542918575424902,4.0,0.4807692307692308,0.7416896383186875,HI-VAE_weibull_diffusion
0.012586387120597538,0.9332167832167833,0.05500617668643335,0.8230029585798816,0.1294865935879484,3.0,0.46153846153846156,0.7169310276513151,HI-VAE_weibull_diffusion
0.013290793136549612,0.9283216783216783,0.05643108637125053,0.8020710059171596,0.13779081281565164,3.0,0.46923076923076923,0.71842794375669,HI-VAE_weibull_diffusion
0.012069890109525368,0.9356643356643357,0.05007574228404984,0.8352810650887573,0.09382342830044331,3.0,0.49230769230769234,0.7428533587922675,HI-VAE_weibull_diffusion
0.013064604939693964,0.9332167832167833,0.04887191639692476,0.8230029585798816,0.08157889681304452,2.0,0.46153846153846156,0.7338326042158216,HI-VAE_weibull_diffusion
0.011641566444749958,0.9339160839160839,0.0684373051190157,0.839423076923077,0.11812157584850798,3.0,0.4576923076923077,0.7378282250208824,HI-VAE_weibull_diffusion
0.01472188665714832,0.9223776223776223,0.09452501780091932,0.8207100591715977,0.13700113173657277,2.0,0.47692307692307695,0.7351267549615604,HI-VAE_weibull_diffusion
0.01101678811611476,0.9374125874125874,0.06520816840725122,0.8407544378698224,0.0796207081953732,3.0,0.49615384615384617,0.6979675067892563,HI-VAE_weibull_diffusion
0.012842610089812639,0.9339160839160839,0.06239956607240447,0.8632396449704143,0.08036796129648785,2.0,0.47307692307692306,0.7226380063843133,HI-VAE_weibull_diffusion
0.011892953941094936,0.9321678321678321,0.06861527915424045,0.8657544378698224,0.13149431226862848,5.0,0.5115384615384615,0.7367686871054656,HI-VAE_weibull_diffusion
0.014752356544528156,0.9181818181818183,0.06950427996741665,0.8176035502958581,0.10094238142914513,3.0,0.43846153846153846,0.7204741507452348,HI-VAE_weibull_diffusion
0.014180932275411874,0.9248251748251749,0.048113602108064736,0.8129437869822486,0.120637911038536,1.0,0.40384615384615385,0.7220208241735526,HI-VAE_weibull_diffusion
0.011161392313197644,0.9384615384615383,0.03765357833101048,0.8244082840236686,0.08514292946303059,2.0,0.45,0.7213042670859421,HI-VAE_weibull_diffusion
0.009663317193478266,0.9423076923076923,0.057684959411676305,0.8332100591715976,0.10735107220661327,2.0,0.4307692307692308,0.7134230284574411,HI-VAE_weibull_diffusion
0.01269160001032012,0.9279720279720279,0.07566438253166803,0.8355029585798818,0.137587632919674,3.0,0.4346153846153846,0.7461866611568826,HI-VAE_weibull_diffusion
0.014057555282709326,0.9213286713286714,0.07938708427220117,0.8246301775147928,0.09841937091147351,2.0,0.41923076923076924,0.747336419991999,HI-VAE_weibull_diffusion
0.011857066992816473,0.9286713286713287,0.05052947023749805,0.8360207100591717,0.1205425753813337,2.0,0.45384615384615384,0.7259720962654305,HI-VAE_weibull_diffusion
0.01325870095596189,0.9276223776223776,0.03975661011698474,0.8233727810650887,0.19565054224835368,4.0,0.45,0.7273887227039659,HI-VAE_weibull_diffusion
0.013022486854053099,0.9318181818181818,0.06867260803590487,0.8377958579881657,0.11977497834667257,1.0,0.4576923076923077,0.7509109588837581,HI-VAE_weibull_diffusion
0.012986625517399354,0.93006993006993,0.06999705932872838,0.8361686390532543,0.11184877460150068,1.0,0.4576923076923077,0.7365746515178774,HI-VAE_weibull_diffusion
0.012403403252237597,0.933916083916084,0.04282722358606133,0.8026627218934912,0.13488233942348,2.0,0.43846153846153846,0.7433547142848146,HI-VAE_weibull_diffusion
0.01229602389760061,0.9325174825174826,0.05775900431420794,0.8043639053254438,0.09878197672466356,3.0,0.46923076923076923,0.708599987277706,HI-VAE_weibull_diffusion
0.012405207163194204,0.9297202797202797,0.07762816596796453,0.859319526627219,0.07374934737324734,4.0,0.4576923076923077,0.7304729208038276,HI-VAE_weibull_diffusion
0.010524468517719756,0.9398601398601399,0.052329545938337926,0.8199704142011834,0.13936194095757004,3.0,0.46153846153846156,0.732862380161083,HI-VAE_weibull_diffusion
0.00889318886087707,0.9475524475524476,0.043527946158796516,0.8269970414201184,0.21967807373491932,5.0,0.47692307692307695,0.7479193628188148,HI-VAE_weibull_diffusion
0.011845823524879144,0.9335664335664337,0.064618395106686,0.8116124260355029,0.08060124934521017,4.0,0.4307692307692308,0.7302018616602955,HI-VAE_weibull_diffusion
0.011941100188267623,0.9346153846153846,0.047035161835405945,0.8197855029585799,0.08798980696594141,3.0,0.46153846153846156,0.746557790588795,HI-VAE_weibull_diffusion
0.0124040303673848,0.9328671328671327,0.06458792583522548,0.8363165680473372,0.06739085582847773,3.0,0.4807692307692308,0.7085308352536459,HI-VAE_weibull_diffusion
0.012555439257565887,0.9314685314685314,0.050329527201041745,0.7964497041420119,0.17139938087190298,3.0,0.41923076923076924,0.7383616993304956,HI-VAE_weibull_diffusion
0.011331324749881225,0.9374125874125874,0.05376080026827493,0.8274038461538462,0.08735135964259888,2.0,0.4576923076923077,0.7236186299481426,HI-VAE_weibull_diffusion
0.013037511302578854,0.9276223776223776,0.061648046360156625,0.8468195266272189,0.10500037167714373,1.0,0.4115384615384615,0.7355004195329454,HI-VAE_weibull_diffusion
0.012196279507939016,0.9325174825174826,0.07299234426037852,0.8414940828402366,0.12329095238565055,2.0,0.4653846153846154,0.7189056237110899,HI-VAE_weibull_diffusion
0.012287040716533238,0.9346153846153846,0.07025185038690777,0.7949704142011835,0.131623950508755,2.0,0.46923076923076923,0.744264394825489,HI-VAE_weibull_diffusion
0.010758451926288866,0.9381118881118881,0.046093996170922816,0.815680473372781,0.06965637528319815,1.0,0.4807692307692308,0.6989599446178024,HI-VAE_weibull_diffusion
0.011096833018143317,0.9356643356643356,0.04242862876258497,0.8109467455621303,0.06736045334354547,1.0,0.46923076923076923,0.7204760259536028,HI-VAE_weibull_diffusion
0.015552119961708556,0.9143356643356644,0.06726833292341684,0.8103550295857987,0.1651777182740599,2.0,0.47692307692307695,0.7516809456656528,HI-VAE_weibull_diffusion
0.012773193894953537,0.9265734265734267,0.06688541868530255,0.8079142011834319,0.12366687778381341,2.0,0.43846153846153846,0.7120957961631391,HI-VAE_weibull_diffusion
0.01187103687257998,0.9325174825174826,0.0655750967903772,0.8122041420118344,0.12457898950699334,1.0,0.3923076923076923,0.728518507665985,HI-VAE_weibull_diffusion
0.012686188017909132,0.93006993006993,0.06440725917376838,0.8177514792899409,0.08408270953823674,2.0,0.4307692307692308,0.7304670807439438,HI-VAE_weibull_diffusion
0.010890651515711879,0.9381118881118881,0.053963567413150795,0.8189349112426034,0.11776961082398185,3.0,0.41923076923076924,0.7232886176414479,HI-VAE_weibull_diffusion
0.009777642279359193,0.9447552447552447,0.04802698591559358,0.8352071005917159,0.11553461550101814,1.0,0.40384615384615385,0.7366136488368102,HI-VAE_weibull_diffusion
0.01139924498358405,0.936013986013986,0.07932719318635337,0.8321005917159763,0.14436847046307913,2.0,0.5076923076923077,0.7408164541901491,HI-VAE_weibull_diffusion
0.014557794425721056,0.9195804195804196,0.08608717165691578,0.830103550295858,0.22446353633077365,3.0,0.4461538461538462,0.7136716369361981,HI-VAE_weibull_diffusion
0.011417059051033957,0.9353146853146853,0.06789281408670877,0.844378698224852,0.15510884506126046,3.0,0.43846153846153846,0.7259922357892502,HI-VAE_weibull_diffusion
0.010239656395536933,0.941958041958042,0.06263860435136644,0.8501479289940829,0.10044151509142563,3.0,0.47307692307692306,0.7040464545347365,HI-VAE_weibull_diffusion
0.012260909626873233,0.9255244755244756,0.060583502563494776,0.8289201183431952,0.07774891587620097,3.0,0.4346153846153846,0.7588307701526118,HI-VAE_weibull_diffusion
0.012106411673687955,0.9325174825174826,0.09833701813026802,0.8399408284023668,0.20022182913534833,4.0,0.4807692307692308,0.7332945692544839,HI-VAE_weibull_diffusion
0.012730310421107017,0.931118881118881,0.09225062062166765,0.8066568047337277,0.1180635751682213,5.0,0.4653846153846154,0.7340286590846135,HI-VAE_weibull_diffusion
0.01291710158957485,0.9311188811188811,0.07713665851354619,0.8400887573964496,0.15044569677800462,3.0,0.5115384615384615,0.7232891431084845,HI-VAE_weibull_diffusion
0.011905710517685351,0.9342657342657342,0.0652880456189838,0.8371301775147929,0.18127540298514555,3.0,0.4307692307692308,0.7418997887382177,HI-VAE_weibull_diffusion
0.011527300340164453,0.9381118881118881,0.06531043761782374,0.8453032544378699,0.15322804208693921,1.0,0.45,0.7279625212245774,HI-VAE_weibull_diffusion
0.013497698984397222,0.9265734265734266,0.06854470466759417,0.8326553254437868,0.14654155505913882,3.0,0.4461538461538462,0.7593325682499605,HI-VAE_weibull_diffusion
0.011843207114008002,0.9381118881118881,0.03902206581264634,0.8639053254437868,0.08468661421146433,3.0,0.47307692307692306,0.7273927521200543,HI-VAE_weibull_diffusion
0.011507646937182613,0.9328671328671327,0.0980304739019912,0.797707100591716,0.20478812418001258,2.0,0.45,0.7433537280648012,HI-VAE_weibull_diffusion
0.011506850239883586,0.9346153846153846,0.06505612478486741,0.8344674556213019,0.10941238359464972,3.0,0.49615384615384617,0.7474662061867682,HI-VAE_weibull_diffusion
0.012117438827218887,0.9374125874125874,0.047303305432623025,0.8029585798816568,0.0884250245498939,1.0,0.48846153846153845,0.7177040650626607,HI-VAE_weibull_diffusion
0.01180123424335857,0.9325174825174826,0.044860970916209865,0.8188979289940829,0.11424797474573599,2.0,0.45384615384615384,0.7346010017586523,HI-VAE_weibull_diffusion
0.011454709799716738,0.9356643356643356,0.09302761676975671,0.8518491124260354,0.14915058373197398,6.0,0.47307692307692306,0.7205016071856276,HI-VAE_weibull_diffusion
0.012259230055366893,0.9293706293706294,0.0929505273793035,0.8389053254437868,0.19544624763784982,4.0,0.4153846153846154,0.7471430579733084,HI-VAE_weibull_diffusion
0.011286709055370728,0.9346153846153846,0.050645861947043264,0.8315458579881657,0.17515748330820652,1.0,0.45,0.7431585715373519,HI-VAE_weibull_diffusion
0.0130135408744097,0.9283216783216783,0.07242811729943953,0.8061390532544379,0.07277987035509055,1.0,0.5,0.728858661942487,HI-VAE_weibull_diffusion
0.011583663182729386,0.9363636363636363,0.05790022211724777,0.8255917159763314,0.15280059019084327,3.0,0.45,0.7461007728284464,HI-VAE_weibull_diffusion
0.012531782931238867,0.9272727272727274,0.06571685911784057,0.8317307692307692,0.06718497499931601,4.0,0.48846153846153845,0.7351752085680905,HI-VAE_weibull_diffusion
0.01407693008914186,0.91993006993007,0.06340936406761431,0.8325073964497042,0.07234189884808107,2.0,0.49230769230769234,0.7247653180797342,HI-VAE_weibull_diffusion
0.013853741877737637,0.9202797202797204,0.047230667564349196,0.8335798816568047,0.10752798974473095,2.0,0.4307692307692308,0.7193462485558788,HI-VAE_weibull_diffusion
0.011322219320774006,0.937062937062937,0.07287792997858027,0.8026627218934911,0.16923646527777117,5.0,0.47307692307692306,0.7322756444920443,HI-VAE_weibull_diffusion
0.011052252036079784,0.9412587412587411,0.06557985475701952,0.8312130177514792,0.12742138213078133,3.0,0.46923076923076923,0.7304772522947424,HI-VAE_weibull_diffusion
0.011347699836322613,0.9353146853146853,0.059983168336413255,0.80103550295858,0.08543231134651569,1.0,0.4423076923076923,0.7598757476156622,HI-VAE_weibull_diffusion
0.014670842216595897,0.920979020979021,0.06168558935422279,0.8383136094674557,0.12728953779724447,2.0,0.46923076923076923,0.728870965470816,HI-VAE_weibull_diffusion
0.011273194896593664,0.9402097902097902,0.051431209303624506,0.812610946745562,0.17125279523021,6.0,0.4307692307692308,0.7290263848679909,HI-VAE_weibull_diffusion
0.012190671761775056,0.9304195804195804,0.07167970824402523,0.8360207100591716,0.07685201979618576,1.0,0.48846153846153845,0.7130882560184554,HI-VAE_weibull_diffusion
0.012680136842587208,0.9314685314685314,0.07101281632951353,0.8341715976331361,0.11467909693976508,3.0,0.46153846153846156,0.7072664039615177,HI-VAE_weibull_diffusion
0.012609304846403218,0.9314685314685316,0.09019846892652977,0.7974112426035502,0.08643706161065526,2.0,0.4576923076923077,0.7167207442082422,HI-VAE_weibull_diffusion
0.0109763660730153,0.9405594405594406,0.041394544306743115,0.8539201183431953,0.09880371670222508,2.0,0.4461538461538462,0.7333055156871968,HI-VAE_weibull_diffusion
0.011293985488854743,0.9370629370629371,0.05710283383028496,0.8003698224852072,0.11753331127873147,1.0,0.4807692307692308,0.7060378164532004,HI-VAE_weibull_diffusion
0.011965198131234134,0.9311188811188811,0.07640475333516321,0.8382396449704143,0.1361569041017525,5.0,0.4230769230769231,0.7358057455097886,HI-VAE_weibull_diffusion
0.013477066473322917,0.9262237762237763,0.07107638925669692,0.8158284023668638,0.07467702032643633,4.0,0.4576923076923077,0.7545269244889793,HI-VAE_weibull_diffusion
0.01186979101361005,0.9381118881118881,0.046870694389056534,0.8255917159763314,0.10522933531049107,2.0,0.45384615384615384,0.7167273424329836,HI-VAE_weibull_diffusion
0.01129657074786295,0.9395104895104894,0.06595605383112729,0.8283284023668639,0.13421555198110732,2.0,0.45384615384615384,0.7312645240743625,HI-VAE_weibull_diffusion
0.0115383552232053,0.9384615384615386,0.0532507004159069,0.8298076923076924,0.10235676243340913,1.0,0.4230769230769231,0.7459906871427453,HI-VAE_weibull_diffusion
0.01238250003822673,0.9241258741258741,0.07554867885542559,0.8219304733727812,0.14888406502834947,2.0,0.47307692307692306,0.7572459344990464,HI-VAE_weibull_diffusion
0.01097942624598605,0.9402097902097902,0.06013859697800627,0.8269970414201184,0.0786576317218404,3.0,0.49615384615384617,0.73606739577073,HI-VAE_weibull_diffusion
0.012881803078834577,0.9297202797202797,0.05798549797052544,0.819896449704142,0.08552511851256682,3.0,0.43846153846153846,0.7372083747145194,HI-VAE_weibull_diffusion
0.011615162578658416,0.936013986013986,0.06989993509215307,0.7796967455621301,0.10681139264267499,3.0,0.47307692307692306,0.7337026762781107,HI-VAE_weibull_diffusion
0.012666777022301838,0.926923076923077,0.06591025842053702,0.854585798816568,0.16403328956332658,4.0,0.4461538461538462,0.7268589707977129,HI-VAE_weibull_diffusion
0.010418548368910938,0.9377622377622378,0.05699886654029147,0.8505917159763314,0.0898598868081706,2.0,0.48846153846153845,0.724774296934385,HI-VAE_weibull_diffusion
0.01228472435235215,0.9307692307692307,0.07083083211563822,0.8363905325443787,0.08729733422861168,2.0,0.41923076923076924,0.7218447043543248,HI-VAE_weibull_diffusion
0.01716099061072425,0.9031468531468531,0.07893511808693593,0.8330621301775147,0.1319806384389896,2.0,0.46923076923076923,0.7359698974205625,HI-VAE_weibull_diffusion
0.009529253327333616,0.9468531468531469,0.07303221509089759,0.8223372781065089,0.09953752693595477,5.0,0.47692307692307695,0.707281553556791,HI-VAE_weibull_diffusion
0.013655516612985209,0.923076923076923,0.09921840494148572,0.7949704142011835,0.21001986061075525,4.0,0.46923076923076923,0.7286589736628435,HI-VAE_weibull_diffusion
0.011783279710514289,0.9307692307692307,0.0513223212092077,0.8161982248520709,0.08919113961949902,6.0,0.45384615384615384,0.7371053428576971,HI-VAE_weibull_diffusion
0.011416382662973233,0.936013986013986,0.060866095689043095,0.8122781065088758,0.1232455622284157,4.0,0.4230769230769231,0.7377694007331493,HI-VAE_weibull_diffusion
0.01303260220852182,0.927972027972028,0.0682206587588162,0.838387573964497,0.10324079647934237,3.0,0.47307692307692306,0.727937850056341,HI-VAE_weibull_diffusion
0.013712870362348308,0.9234265734265734,0.06668975784950938,0.8127218934911242,0.1747431754674298,3.0,0.48846153846153845,0.7075864499142677,HI-VAE_weibull_diffusion
0.013769489995070171,0.923076923076923,0.09176160448613446,0.8298076923076924,0.10807620490189915,1.0,0.4346153846153846,0.7021944086981969,HI-VAE_weibull_diffusion
0.011091295959594209,0.93006993006993,0.07907089461760365,0.8119082840236687,0.09185126172660416,2.0,0.4423076923076923,0.722070453637062,HI-VAE_weibull_diffusion
0.011798570926843333,0.9286713286713286,0.08444382275156226,0.8034023668639053,0.09074907911599008,2.0,0.43846153846153846,0.7296633096755596,HI-VAE_weibull_diffusion
0.014851488061793289,0.9234265734265734,0.07989364884427896,0.8725591715976332,0.12761128414694467,1.0,0.47692307692307695,0.7109256696396563,HI-VAE_weibull_diffusion
0.014130105369490997,0.9202797202797203,0.08038726197223096,0.8056952662721895,0.09068799391292841,3.0,0.43846153846153846,0.7388289855147967,HI-VAE_weibull_diffusion
0.012695105486310825,0.9300699300699301,0.06039590812552111,0.8492603550295857,0.12145892538825982,2.0,0.4115384615384615,0.7539915148597449,HI-VAE_weibull_diffusion
0.012807918917195732,0.9286713286713286,0.05898463640279165,0.7934911242603551,0.13113914602721394,3.0,0.45384615384615384,0.731436855837416,HI-VAE_weibull_diffusion
0.011844160296569295,0.9311188811188811,0.05309792864437423,0.816715976331361,0.17197220165384622,4.0,0.4115384615384615,0.7310748036718909,HI-VAE_weibull_diffusion
0.013962041914680375,0.9202797202797203,0.08654301987505436,0.8377958579881657,0.19561781219079877,3.0,0.4807692307692308,0.7174061786217502,HI-VAE_weibull_diffusion
0.012186055653688577,0.9251748251748253,0.08928991991693999,0.8081360946745562,0.18017251543379084,3.0,0.43846153846153846,0.7360205041378461,HI-VAE_weibull_diffusion
0.01244337663784492,0.932867132867133,0.057726557901228936,0.8205621301775148,0.1371831169948836,3.0,0.4076923076923077,0.7012485674480716,HI-VAE_weibull_diffusion
0.013400872101439627,0.9293706293706293,0.07711684132107817,0.8228550295857989,0.0889658571271776,2.0,0.47692307692307695,0.7419064586775089,HI-VAE_weibull_diffusion
0.013648767918570759,0.9255244755244756,0.09078370332152767,0.8309171597633137,0.09937969998587956,2.0,0.46153846153846156,0.7421746416693652,HI-VAE_weibull_diffusion
0.012769663554219095,0.9297202797202797,0.06762691379856445,0.7960798816568049,0.08262587029125905,4.0,0.4346153846153846,0.7053337567285436,HI-VAE_weibull_diffusion
0.01571079897673059,0.920979020979021,0.053967796053404384,0.8326183431952663,0.14067210330462496,4.0,0.45,0.7275307764277044,HI-VAE_weibull_diffusion
0.012197137444473762,0.9321678321678323,0.07675812725566132,0.8235207100591715,0.1037462954885193,2.0,0.47307692307692306,0.709662119824741,HI-VAE_weibull_diffusion
0.01116067164690455,0.9353146853146853,0.0740652727083702,0.8196005917159763,0.07899184973385696,4.0,0.43846153846153846,0.7158074294133366,HI-VAE_weibull_diffusion
0.01140876357056207,0.9356643356643356,0.06259329176166259,0.8140532544378697,0.12704844746144192,2.0,0.45384615384615384,0.7219618283977135,HI-VAE_weibull_diffusion
0.011154983785158171,0.9356643356643357,0.024836944066590858,0.8195266272189349,0.09489888524905561,1.0,0.4307692307692308,0.7516943501537038,HI-VAE_weibull_diffusion
0.012955719443621337,0.9314685314685316,0.06303910935611207,0.7981508875739645,0.11825709840130033,2.0,0.46923076923076923,0.7082884941779625,HI-VAE_weibull_diffusion
0.012125842712726466,0.9328671328671327,0.059885549760650185,0.8285502958579883,0.1818034622472441,3.0,0.45,0.7121146402600933,HI-VAE_weibull_diffusion
0.012167949557602703,0.9363636363636364,0.04141309386410107,0.7907544378698226,0.13260614286465403,2.0,0.4076923076923077,0.739430678771169,HI-VAE_weibull_diffusion
0.011538416705477882,0.9356643356643356,0.07690680147670147,0.8360207100591717,0.08521921921935702,3.0,0.45384615384615384,0.7132368524151566,HI-VAE_weibull_diffusion
0.014262645898554444,0.9181818181818181,0.10341432603862842,0.782396449704142,0.16795631502839528,4.0,0.4423076923076923,0.7260167368647514,HI-VAE_weibull_diffusion
0.010551091083216868,0.9388111888111887,0.08864500345565221,0.7864644970414201,0.16971575042212622,2.0,0.46923076923076923,0.7414160888015071,HI-VAE_weibull_diffusion
0.01221565092307476,0.9307692307692307,0.057634261104311094,0.8035502958579881,0.0899079336997159,2.0,0.4346153846153846,0.7278571521997022,HI-VAE_weibull_diffusion
0.014098706907020829,0.9206293706293706,0.07160769160450733,0.8158284023668638,0.11282617574554728,5.0,0.46153846153846156,0.7310635839076414,HI-VAE_weibull_diffusion
0.013420960835669281,0.9304195804195804,0.045846725952622965,0.8472633136094675,0.10103262968083752,1.0,0.4461538461538462,0.7227728241188415,HI-VAE_weibull_diffusion
0.011198525788897191,0.936013986013986,0.08743374010962417,0.8181952662721894,0.10151967711207795,4.0,0.45,0.7225984398769372,HI-VAE_weibull_diffusion
0.01118833746056798,0.936013986013986,0.04373199921935579,0.8209319526627219,0.1416752281346405,3.0,0.4346153846153846,0.7395370435992924,HI-VAE_weibull_diffusion
0.012643086530770953,0.9276223776223776,0.05265926856465933,0.8055473372781066,0.14140260774127264,3.0,0.4807692307692308,0.7056980227489253,HI-VAE_weibull_diffusion
0.012328919851003617,0.9279720279720279,0.049995468234428124,0.8261094674556213,0.07646519439499215,1.0,0.4423076923076923,0.7331214767117241,HI-VAE_weibull_diffusion
0.013535419629255141,0.9206293706293707,0.06994316283747655,0.8267011834319525,0.0865883448754439,2.0,0.49230769230769234,0.7540416180344649,HI-VAE_weibull_diffusion
0.011837978650814292,0.9367132867132867,0.05781708739196028,0.8211538461538461,0.13548346664405433,3.0,0.45384615384615384,0.7083341401417482,HI-VAE_weibull_diffusion
0.012451854921662094,0.9297202797202797,0.08427183794213941,0.7886834319526627,0.13000315124683298,1.0,0.46153846153846156,0.7533899659305597,HI-VAE_weibull_diffusion
0.01244893319524239,0.9321678321678323,0.06411530936144696,0.7998520710059172,0.09041592929461416,1.0,0.4423076923076923,0.7215849093838314,HI-VAE_weibull_diffusion
0.01939675022175576,0.8926573426573426,0.1436659443088427,0.829585798816568,0.19603978981514628,8.0,0.46923076923076923,0.7645054638604825,HI-VAE_piecewise_diffusion
0.02246547070368971,0.8776223776223776,0.14359937046148064,0.8097633136094675,0.23501950507387,6.0,0.4076923076923077,0.7584674420661023,HI-VAE_piecewise_diffusion
0.022662302818864184,0.8769230769230769,0.17202100444764445,0.8136094674556213,0.2058454548883799,6.0,0.4,0.7477775280770806,HI-VAE_piecewise_diffusion
0.018676513896318716,0.8947552447552447,0.10927788007825953,0.8053994082840237,0.1258085421844408,3.0,0.4653846153846154,0.7355449605183915,HI-VAE_piecewise_diffusion
0.018956649896479657,0.8933566433566433,0.11850601608537578,0.7908284023668639,0.2083475921626259,4.0,0.4846153846153846,0.7656276521319317,HI-VAE_piecewise_diffusion
0.02097793754150307,0.884965034965035,0.1371925636528806,0.806878698224852,0.25444237195237457,5.0,0.4269230769230769,0.7576053412874597,HI-VAE_piecewise_diffusion
0.021166415485675008,0.8797202797202797,0.13743718751137188,0.7815828402366864,0.2199922886366016,9.0,0.45,0.7659055903246162,HI-VAE_piecewise_diffusion
0.02119191715949538,0.8891608391608391,0.1405044020366531,0.8133875739644971,0.15184944377507753,8.0,0.4423076923076923,0.7648720149712646,HI-VAE_piecewise_diffusion
0.021925715854731055,0.8772727272727271,0.1782768634348502,0.8302514792899409,0.20424866226377786,7.0,0.43846153846153846,0.77076887758471,HI-VAE_piecewise_diffusion
0.02160933961758682,0.8846153846153846,0.14238611983006857,0.8120562130177514,0.1764284395966938,6.0,0.4307692307692308,0.7572675599197546,HI-VAE_piecewise_diffusion
0.021892118682377486,0.8797202797202797,0.1553073996638467,0.7622041420118344,0.22395396997633515,8.0,0.4346153846153846,0.7410476548306869,HI-VAE_piecewise_diffusion
0.020944030347191396,0.8846153846153846,0.15469763718999258,0.8116124260355029,0.20144474398480924,8.0,0.4307692307692308,0.7631852050551863,HI-VAE_piecewise_diffusion
0.01999664710248616,0.8933566433566433,0.11071492455160055,0.825,0.15732346704969424,6.0,0.46923076923076923,0.7642600122759948,HI-VAE_piecewise_diffusion
0.018554223329965827,0.8993006993006992,0.1189254357966474,0.833801775147929,0.19882956805338797,4.0,0.4269230769230769,0.7439020219198096,HI-VAE_piecewise_diffusion
0.02236574923831829,0.8832167832167831,0.131393400209117,0.8252958579881657,0.1977761117666105,7.0,0.4230769230769231,0.7448316116636537,HI-VAE_piecewise_diffusion
0.023890969240197523,0.8734265734265734,0.15167350630689472,0.8154585798816569,0.15604199903521354,6.0,0.45384615384615384,0.7477809215272825,HI-VAE_piecewise_diffusion
0.019210201482170997,0.8937062937062937,0.11176102302830963,0.8078402366863905,0.18267921445806978,8.0,0.4846153846153846,0.7657710610070042,HI-VAE_piecewise_diffusion
0.019711851883103457,0.891958041958042,0.11837325736046003,0.8078032544378699,0.09555212576391658,1.0,0.4576923076923077,0.7338095129800516,HI-VAE_piecewise_diffusion
0.02221783934071704,0.884965034965035,0.12869039228124696,0.843639053254438,0.19451788551846014,4.0,0.45,0.7362236985476883,HI-VAE_piecewise_diffusion
0.020953265142555858,0.8849650349650348,0.15529739589526348,0.8159763313609467,0.24706403124885293,8.0,0.4653846153846154,0.7704225587341446,HI-VAE_piecewise_diffusion
0.021112789681849622,0.8863636363636364,0.10989623515548834,0.7905325443786981,0.20590460737375957,6.0,0.4269230769230769,0.7581266021513612,HI-VAE_piecewise_diffusion
0.020760558455601413,0.8891608391608391,0.09443209731652073,0.7903106508875739,0.26207534010906725,5.0,0.47692307692307695,0.72623767923495,HI-VAE_piecewise_diffusion
0.02075764721523647,0.887062937062937,0.1187629399957215,0.8099852071005916,0.12950699477113015,5.0,0.4576923076923077,0.7337779023405945,HI-VAE_piecewise_diffusion
0.020674582202903313,0.8853146853146853,0.14309320904032294,0.8305473372781066,0.22577481240096234,5.0,0.4346153846153846,0.7449276113587141,HI-VAE_piecewise_diffusion
0.02100301566303544,0.8863636363636364,0.10856036422257852,0.844896449704142,0.14881331876561493,4.0,0.45384615384615384,0.7213222013158681,HI-VAE_piecewise_diffusion
0.019635032769551277,0.8895104895104894,0.12306844028128626,0.8375,0.19250683598043888,5.0,0.47307692307692306,0.776389795563392,HI-VAE_piecewise_diffusion
0.02114659959688915,0.886013986013986,0.12191280801909554,0.8407544378698224,0.15909772363330651,5.0,0.4346153846153846,0.7566378039367241,HI-VAE_piecewise_diffusion
0.020513736968734497,0.8835664335664334,0.1411236783389747,0.8201923076923077,0.1729072160903852,8.0,0.43846153846153846,0.7573553020395709,HI-VAE_piecewise_diffusion
0.01945176824714043,0.8965034965034966,0.10261337543549313,0.784689349112426,0.14001391720061968,2.0,0.47692307692307695,0.7609384156663774,HI-VAE_piecewise_diffusion
0.020257801258184865,0.8898601398601399,0.13015689987221074,0.8514792899408284,0.11377994861120166,5.0,0.4576923076923077,0.7644744107420808,HI-VAE_piecewise_diffusion
0.020440503566189084,0.8863636363636364,0.13614062391365003,0.8304733727810649,0.2686969743906557,8.0,0.43846153846153846,0.7657524520522024,HI-VAE_piecewise_diffusion
0.01924770298447465,0.8982517482517482,0.11044746373498446,0.8434911242603551,0.11419877092969909,4.0,0.4846153846153846,0.7590268995355538,HI-VAE_piecewise_diffusion
0.02179371640221143,0.8839160839160839,0.10055241573490345,0.8152366863905325,0.19711149845412615,4.0,0.49615384615384617,0.7558034581045997,HI-VAE_piecewise_diffusion
0.0218514998663588,0.884965034965035,0.14406706126422175,0.7997781065088757,0.26271431126071315,8.0,0.4807692307692308,0.7280495257704489,HI-VAE_piecewise_diffusion
0.020334672041165278,0.8898601398601399,0.1471785294209553,0.8131656804733728,0.24063421540763172,5.0,0.4807692307692308,0.7448210521799339,HI-VAE_piecewise_diffusion
0.021213950359666313,0.8867132867132866,0.10976554842513843,0.8218565088757396,0.08906351469648076,2.0,0.46923076923076923,0.7500655215880222,HI-VAE_piecewise_diffusion
0.020564479305367252,0.8947552447552447,0.11401804598206434,0.8317307692307694,0.16355173288187255,4.0,0.45,0.7509209862890567,HI-VAE_piecewise_diffusion
0.021858371951222963,0.881118881118881,0.11413392718248715,0.8110207100591715,0.11180136273909533,5.0,0.40384615384615385,0.7531333539670716,HI-VAE_piecewise_diffusion
0.02102840761914126,0.8874125874125873,0.10680689539892359,0.8051775147928995,0.11392039954664457,6.0,0.45,0.7559126652932118,HI-VAE_piecewise_diffusion
0.01842353573182104,0.8954545454545454,0.11373683634843912,0.8221893491124261,0.14396750008281287,6.0,0.46153846153846156,0.7506999949550369,HI-VAE_piecewise_diffusion
0.019983118880151793,0.8884615384615383,0.1416565911868592,0.8018491124260356,0.16313817143410478,4.0,0.4153846153846154,0.7377418306372194,HI-VAE_piecewise_diffusion
0.021675571136740998,0.8846153846153846,0.15260564176179123,0.7860207100591716,0.18163052604442723,5.0,0.43846153846153846,0.7511691106722924,HI-VAE_piecewise_diffusion
0.021076463793027498,0.8933566433566433,0.10489574438468516,0.802292899408284,0.24904587373399706,7.0,0.47307692307692306,0.7592388891576568,HI-VAE_piecewise_diffusion
0.019447817620950384,0.8933566433566433,0.15840489965099272,0.8574704142011834,0.1887038799256364,7.0,0.4653846153846154,0.7358712371632525,HI-VAE_piecewise_diffusion
0.020542361434396663,0.8867132867132868,0.12317867787194188,0.8353550295857989,0.24253086496130316,5.0,0.46153846153846156,0.7541993301281996,HI-VAE_piecewise_diffusion
0.018483462086139362,0.893006993006993,0.11586591302976755,0.822041420118343,0.168565691454339,6.0,0.4269230769230769,0.7789391852448843,HI-VAE_piecewise_diffusion
0.019702926196537074,0.8832167832167831,0.11710829102601418,0.8364644970414201,0.18473512748233958,5.0,0.48846153846153845,0.7343183818684988,HI-VAE_piecewise_diffusion
0.020883211881560813,0.886013986013986,0.11850430733916628,0.8477810650887573,0.13912108667264506,4.0,0.4576923076923077,0.7391522907014934,HI-VAE_piecewise_diffusion
0.022512938805709357,0.879020979020979,0.13224916216588395,0.8153106508875739,0.15332346258908783,6.0,0.45,0.7476125179244139,HI-VAE_piecewise_diffusion
0.021025776015196087,0.8867132867132866,0.11024029297071758,0.8613165680473372,0.19907635518511216,3.0,0.4230769230769231,0.7559516789552967,HI-VAE_piecewise_diffusion
0.02045996668048001,0.8874125874125873,0.14573505644638235,0.8264792899408283,0.19563802682904663,7.0,0.47307692307692306,0.7481765472690031,HI-VAE_piecewise_diffusion
0.018875819440945397,0.8968531468531468,0.07943080946736385,0.8292159763313609,0.19437602227284062,4.0,0.4423076923076923,0.7312215484275715,HI-VAE_piecewise_diffusion
0.020569126749891895,0.8933566433566433,0.09978476589564496,0.831360946745562,0.16891560915842757,7.0,0.47307692307692306,0.7543255835983993,HI-VAE_piecewise_diffusion
0.018619072004614337,0.895104895104895,0.1255399565625858,0.8108727810650886,0.1597417061480341,6.0,0.49230769230769234,0.755296286277378,HI-VAE_piecewise_diffusion
0.021595436815149634,0.88006993006993,0.1500046754017449,0.803698224852071,0.16818738117348012,7.0,0.46923076923076923,0.7691704652099085,HI-VAE_piecewise_diffusion
0.019410382259658826,0.8951048951048951,0.13220783910188183,0.8392011834319526,0.19058653602048178,6.0,0.4461538461538462,0.7638629840550576,HI-VAE_piecewise_diffusion
0.02120942831667133,0.8846153846153846,0.10661702197117318,0.85,0.20661431046838827,4.0,0.40384615384615385,0.752396974230563,HI-VAE_piecewise_diffusion
0.020994536492669455,0.8821678321678322,0.14805030554571488,0.8392751479289942,0.09946323836245835,7.0,0.4807692307692308,0.7716920922341107,HI-VAE_piecewise_diffusion
0.01954676107470271,0.894055944055944,0.12615099779816538,0.8199704142011834,0.18104050540135236,6.0,0.47307692307692306,0.7469565820489841,HI-VAE_piecewise_diffusion
0.021610860167887522,0.8828671328671329,0.16388266396870413,0.7974852071005918,0.25327432185080434,6.0,0.46923076923076923,0.7240723024384937,HI-VAE_piecewise_diffusion
0.019802198131247076,0.8923076923076922,0.10404157904331907,0.8248520710059172,0.10820815313399168,5.0,0.46153846153846156,0.7617943342791721,HI-VAE_piecewise_diffusion
0.02034589899842734,0.887062937062937,0.11916667669803023,0.8071745562130177,0.2106738839467834,5.0,0.43846153846153846,0.7508870693654701,HI-VAE_piecewise_diffusion
0.021307259972936157,0.8828671328671329,0.13235783842651272,0.8552514792899408,0.14649922203428464,6.0,0.49230769230769234,0.7454171893090119,HI-VAE_piecewise_diffusion
0.02084060252509755,0.887062937062937,0.12745460935780942,0.79896449704142,0.2508435756869742,7.0,0.48846153846153845,0.7402057252638536,HI-VAE_piecewise_diffusion
0.0210876214957244,0.886013986013986,0.13747047038374782,0.7981508875739645,0.19572445126973417,7.0,0.4576923076923077,0.7535628827884632,HI-VAE_piecewise_diffusion
0.017313681573555145,0.9052447552447552,0.09418761865039982,0.8065828402366864,0.1569507554346176,3.0,0.4846153846153846,0.7394715671547538,HI-VAE_piecewise_diffusion
0.02152562329556986,0.8783216783216783,0.1441511793507634,0.8269970414201184,0.2592785544697157,6.0,0.4346153846153846,0.7498144301115649,HI-VAE_piecewise_diffusion
0.019589823519489645,0.8933566433566433,0.13313432490972732,0.8306952662721894,0.15138598407882406,4.0,0.49615384615384617,0.7635199361563906,HI-VAE_piecewise_diffusion
0.021256894392748596,0.8839160839160839,0.11769009794793396,0.8443047337278106,0.16664154345544885,5.0,0.47692307692307695,0.7329932078502986,HI-VAE_piecewise_diffusion
0.01993570297275377,0.887062937062937,0.1264323884250047,0.7909763313609467,0.14098789407202328,5.0,0.4346153846153846,0.7607727519338102,HI-VAE_piecewise_diffusion
0.021445443020355906,0.8874125874125873,0.1552276743904781,0.8146449704142011,0.2189893086281506,3.0,0.43846153846153846,0.7493303331480602,HI-VAE_piecewise_diffusion
0.020191714708727656,0.891958041958042,0.12069391397157511,0.8210059171597633,0.2062660883043007,5.0,0.5038461538461538,0.761668426057185,HI-VAE_piecewise_diffusion
0.0219428776547672,0.882167832167832,0.11911035171607244,0.8127218934911244,0.22250775113723098,6.0,0.4269230769230769,0.758614174176798,HI-VAE_piecewise_diffusion
0.021222223334442025,0.8863636363636364,0.1269438316171712,0.8169378698224851,0.1793834146807239,3.0,0.45384615384615384,0.7310386998936981,HI-VAE_piecewise_diffusion
0.018899114535869312,0.8982517482517482,0.11693270412812262,0.8068047337278106,0.06774515548453043,4.0,0.46153846153846156,0.7639085515507318,HI-VAE_piecewise_diffusion
0.019411619279736683,0.9,0.09954802391306938,0.8309541420118343,0.16542861118117777,7.0,0.47307692307692306,0.7680097499732879,HI-VAE_piecewise_diffusion
0.02013025588247824,0.897202797202797,0.1036386854689358,0.8093934911242604,0.21790321451708777,6.0,0.46153846153846156,0.7604205594006466,HI-VAE_piecewise_diffusion
0.01984450231852654,0.8912587412587413,0.13791362899473458,0.7738535502958579,0.2374839933702289,6.0,0.4230769230769231,0.7603981410766871,HI-VAE_piecewise_diffusion
0.02284820778717511,0.875174825174825,0.16222337405680928,0.8082100591715976,0.2201405885550682,8.0,0.46153846153846156,0.729228766350989,HI-VAE_piecewise_diffusion
0.021931850408952437,0.8853146853146853,0.1040738078482934,0.8206360946745562,0.17477600238048205,4.0,0.4653846153846154,0.7607176982605462,HI-VAE_piecewise_diffusion
0.018602431904936607,0.897202797202797,0.1265167513761273,0.8083579881656805,0.1678773942194886,4.0,0.4423076923076923,0.7357689733117395,HI-VAE_piecewise_diffusion
0.021473551941375787,0.8762237762237762,0.15263123214238583,0.8264053254437871,0.15675920125463477,5.0,0.4230769230769231,0.770337508856803,HI-VAE_piecewise_diffusion
0.019016707738269748,0.8986013986013986,0.08844624487062296,0.8089497041420118,0.14589394557818092,5.0,0.46153846153846156,0.7380711816998121,HI-VAE_piecewise_diffusion
0.021331266752774823,0.8874125874125873,0.16139268506593565,0.85051775147929,0.17284600922788512,8.0,0.4846153846153846,0.7592090788472544,HI-VAE_piecewise_diffusion
0.01947691245749335,0.8937062937062936,0.13593776941242075,0.8039201183431952,0.20194494614367453,6.0,0.4461538461538462,0.7581541917255203,HI-VAE_piecewise_diffusion
0.020611067979808648,0.8905594405594406,0.09991939105365454,0.782396449704142,0.1500502770945409,5.0,0.47692307692307695,0.7351867810520969,HI-VAE_piecewise_diffusion
0.020109708616593374,0.887062937062937,0.12855174456892188,0.815162721893491,0.20693280965782185,6.0,0.4423076923076923,0.7752747226358033,HI-VAE_piecewise_diffusion
0.020689966262325322,0.8891608391608391,0.10673621387288103,0.7681213017751479,0.17232137703273825,6.0,0.4230769230769231,0.7570415438646122,HI-VAE_piecewise_diffusion
0.0212253505843948,0.8825174825174824,0.1155468652679957,0.7953402366863906,0.19898363382764778,6.0,0.4423076923076923,0.7697034170508268,HI-VAE_piecewise_diffusion
0.021158588099941287,0.8821678321678322,0.1465187416322304,0.8123520710059171,0.1298111354743593,6.0,0.49615384615384617,0.7396777168121421,HI-VAE_piecewise_diffusion
0.021267276951023033,0.8828671328671329,0.1315331215541989,0.803180473372781,0.16957794873159404,7.0,0.3923076923076923,0.7649503023630696,HI-VAE_piecewise_diffusion
0.021987224116425924,0.8835664335664336,0.10903758595926002,0.7919378698224853,0.1508185231779881,3.0,0.4230769230769231,0.7505835729510496,HI-VAE_piecewise_diffusion
0.020234655413756207,0.8895104895104894,0.1533343237738584,0.7946005917159763,0.19479406489599674,8.0,0.4230769230769231,0.7368529732974467,HI-VAE_piecewise_diffusion
0.022291616324782416,0.8758741258741257,0.15315558475535723,0.8343934911242602,0.127642259748436,5.0,0.4423076923076923,0.7518561748448598,HI-VAE_piecewise_diffusion
0.020406274975441566,0.8884615384615384,0.1532199767277368,0.8043639053254438,0.2153062994951654,6.0,0.4269230769230769,0.7431190500088244,HI-VAE_piecewise_diffusion
0.021308103574745777,0.8856643356643357,0.14350591684675765,0.8185650887573963,0.16449773436429105,5.0,0.45,0.7665739490851325,HI-VAE_piecewise_diffusion
0.022825295308770664,0.8804195804195803,0.1477485915579536,0.8087278106508874,0.21694153088883134,4.0,0.41923076923076924,0.7543074248417765,HI-VAE_piecewise_diffusion
0.020573598867918534,0.8923076923076922,0.12853017070706113,0.8244082840236686,0.12659867302105915,3.0,0.4346153846153846,0.7515830526118207,HI-VAE_piecewise_diffusion
0.021973621372247405,0.8758741258741257,0.11007480915084802,0.8284763313609467,0.14607953796109155,5.0,0.47692307692307695,0.7734955121893888,HI-VAE_piecewise_diffusion
0.019607182123204794,0.891958041958042,0.12383215215334388,0.8034023668639053,0.24564658252166044,7.0,0.47692307692307695,0.7476823421538595,HI-VAE_piecewise_diffusion
0.021534567703959125,0.8839160839160839,0.13126046828529914,0.8093934911242604,0.2027773266937587,6.0,0.4230769230769231,0.7556219937692954,HI-VAE_piecewise_diffusion
0.020309130439248813,0.888111888111888,0.14788608710541476,0.839423076923077,0.16678102643281806,6.0,0.46923076923076923,0.7324251045581412,HI-VAE_piecewise_diffusion
0.021357346112040182,0.8800699300699301,0.13278105106559715,0.8178254437869823,0.19981346436634925,6.0,0.47692307692307695,0.7463445052636727,HI-VAE_piecewise_diffusion
0.020028747366876622,0.8905594405594406,0.1159441819163917,0.8132396449704142,0.19968220607435497,5.0,0.43846153846153846,0.7460698174425997,HI-VAE_piecewise_diffusion
0.021040238723933288,0.8891608391608391,0.13335798791245,0.8460428994082839,0.16166227893942348,4.0,0.4153846153846154,0.7494656911557477,HI-VAE_piecewise_diffusion
0.018752918118809355,0.8986013986013984,0.14760377741449243,0.8312130177514794,0.17418967273395056,6.0,0.4115384615384615,0.7236695135487496,HI-VAE_piecewise_diffusion
0.018206016632340963,0.8961538461538461,0.11605705430690634,0.8214497041420119,0.22791959872450052,6.0,0.47692307692307695,0.7522993196803273,HI-VAE_piecewise_diffusion
0.021714254879841764,0.8800699300699301,0.15075905817758548,0.7856508875739645,0.1954697934676672,4.0,0.41923076923076924,0.7622536602482227,HI-VAE_piecewise_diffusion
0.021177092013109935,0.8835664335664336,0.11693529187173965,0.8161242603550296,0.2096982984931285,4.0,0.4076923076923077,0.7576125540596594,HI-VAE_piecewise_diffusion
0.022287508169133937,0.879020979020979,0.12894539362889593,0.8249260355029586,0.17127418391116328,6.0,0.4653846153846154,0.7532321208082319,HI-VAE_piecewise_diffusion
0.018839069966299034,0.8975524475524476,0.10574683235038479,0.8282544378698224,0.24092706887732526,6.0,0.4346153846153846,0.7455822212284184,HI-VAE_piecewise_diffusion
0.0212001992164648,0.8800699300699301,0.12275104328599702,0.8235576923076924,0.2199167060402697,5.0,0.41923076923076924,0.7489258199893819,HI-VAE_piecewise_diffusion
0.021294013831126498,0.8937062937062937,0.11256428052090066,0.814423076923077,0.15110915454409785,5.0,0.4230769230769231,0.7249487444175868,HI-VAE_piecewise_diffusion
0.01923787044681231,0.8884615384615384,0.11829690158618503,0.841198224852071,0.23641715781479705,7.0,0.48846153846153845,0.7468301285912866,HI-VAE_piecewise_diffusion
0.021262091664153628,0.8888111888111889,0.12617207499603203,0.8174926035502958,0.0778450093410883,4.0,0.4307692307692308,0.7638519210866633,HI-VAE_piecewise_diffusion
0.020054834203501445,0.8947552447552447,0.11901630004740818,0.7948224852071005,0.2006787220752431,7.0,0.4269230769230769,0.7642936155356855,HI-VAE_piecewise_diffusion
0.023469920382719636,0.872027972027972,0.18959606484557281,0.8119082840236687,0.1619922569038021,5.0,0.4230769230769231,0.7560604141934629,HI-VAE_piecewise_diffusion
0.01998394373352698,0.8905594405594406,0.13926187848997462,0.7849852071005917,0.1370447478055135,6.0,0.4576923076923077,0.7352529773654566,HI-VAE_piecewise_diffusion
0.020406678197550116,0.890909090909091,0.15340540213013706,0.8466346153846154,0.1823869938985738,8.0,0.45,0.7318274654672631,HI-VAE_piecewise_diffusion
0.022561562264755516,0.8853146853146853,0.10553902966595141,0.8121671597633136,0.18745116750655863,4.0,0.4576923076923077,0.7513550502003854,HI-VAE_piecewise_diffusion
0.020815060935537737,0.8884615384615384,0.1387853693271337,0.844896449704142,0.1480934754035465,4.0,0.47307692307692306,0.7662097464207693,HI-VAE_piecewise_diffusion
0.01853637306294315,0.8961538461538461,0.14701695483956004,0.8332840236686391,0.18609147760505015,8.0,0.48846153846153845,0.7568324185868391,HI-VAE_piecewise_diffusion
0.019267176568416866,0.8968531468531468,0.12811309403964108,0.7982618343195266,0.12141800115802405,4.0,0.4461538461538462,0.7421071961085071,HI-VAE_piecewise_diffusion
0.02015249338168638,0.8930069930069929,0.15561048109143727,0.8213017751479288,0.2854720278136203,6.0,0.40384615384615385,0.7136488581678753,HI-VAE_piecewise_diffusion
0.02024144289701935,0.8912587412587413,0.11826881573383564,0.80625,0.2224251598567868,6.0,0.4115384615384615,0.7372599230931363,HI-VAE_piecewise_diffusion
0.0223878554262931,0.8835664335664334,0.12047156232025542,0.8116124260355029,0.20246802713465664,4.0,0.5,0.7671447100579378,HI-VAE_piecewise_diffusion
0.022612481630384408,0.8800699300699301,0.16712745486317448,0.828180473372781,0.14079745588021517,7.0,0.46923076923076923,0.7285294736634715,HI-VAE_piecewise_diffusion
0.020674069819471768,0.8898601398601399,0.16347500942886029,0.8211538461538461,0.14566021797394985,8.0,0.43846153846153846,0.7649008021343441,HI-VAE_piecewise_diffusion
0.01957263780306359,0.8926573426573426,0.14474678001090968,0.7957840236686391,0.2629021049897417,6.0,0.4153846153846154,0.7473496703991566,HI-VAE_piecewise_diffusion
0.021808514806459015,0.88006993006993,0.16762610771446815,0.8263313609467456,0.14467016355994308,7.0,0.4230769230769231,0.7623974058867348,HI-VAE_piecewise_diffusion
0.019994997042652216,0.8881118881118882,0.11186194638164844,0.7737426035502958,0.22448092719501056,3.0,0.4230769230769231,0.7604226192557871,HI-VAE_piecewise_diffusion
0.021600841437273043,0.8849650349650348,0.13515772229135894,0.836094674556213,0.15890691507490895,6.0,0.4307692307692308,0.7631502459164066,HI-VAE_piecewise_diffusion
0.02032708452603784,0.8898601398601399,0.10363608444715768,0.7917899408284023,0.13417469625930403,5.0,0.47692307692307695,0.7776385999395855,HI-VAE_piecewise_diffusion
0.021087497356771633,0.8842657342657343,0.14922858857955093,0.8285502958579881,0.2040802632379215,5.0,0.49230769230769234,0.755177078783476,HI-VAE_piecewise_diffusion
0.019408096338822015,0.8972027972027973,0.1290764215798869,0.8381656804733726,0.22330651334252247,5.0,0.47307692307692306,0.7412023219621506,HI-VAE_piecewise_diffusion
0.021085867421250414,0.8884615384615384,0.13795275441012528,0.7923076923076923,0.08474107319046797,4.0,0.49230769230769234,0.7485154271192108,HI-VAE_piecewise_diffusion
0.01795031207100223,0.9006993006993007,0.11333280956260537,0.8107248520710059,0.2179464900566176,7.0,0.46153846153846156,0.761940613447647,HI-VAE_piecewise_diffusion
0.020922731025703155,0.8835664335664336,0.15776028819130705,0.8089497041420118,0.19599828358595114,5.0,0.43846153846153846,0.7822463338172652,HI-VAE_piecewise_diffusion
0.020520542246487875,0.8884615384615384,0.1334875959051343,0.8357988165680472,0.13513327750575735,7.0,0.4269230769230769,0.7376847879098669,HI-VAE_piecewise_diffusion
0.021398404996241346,0.8835664335664336,0.1640410921678905,0.8360207100591716,0.15882304116389082,7.0,0.45,0.7650330059964356,HI-VAE_piecewise_diffusion
0.019086456926026965,0.8874125874125873,0.14733985773936914,0.8393491124260356,0.1729462822344064,6.0,0.41923076923076924,0.7678640377933993,HI-VAE_piecewise_diffusion
0.019970684186116354,0.8895104895104894,0.12039002955541521,0.821819526627219,0.19384500128071525,4.0,0.4807692307692308,0.7450715873684551,HI-VAE_piecewise_diffusion
0.019815689317460614,0.891958041958042,0.12149154548831557,0.8336538461538462,0.1975697108503947,5.0,0.43846153846153846,0.7544893156656072,HI-VAE_piecewise_diffusion
0.020310366921819943,0.8933566433566433,0.15025183831646963,0.8015532544378698,0.26576698223072137,8.0,0.46923076923076923,0.752842229164752,HI-VAE_piecewise_diffusion
0.01818675834012771,0.8989510489510489,0.11422009163197834,0.8110207100591715,0.1490413764895564,3.0,0.4346153846153846,0.7491722994475745,HI-VAE_piecewise_diffusion
0.02295527889250938,0.8814685314685314,0.13253970650961283,0.8073224852071006,0.21234744070234388,7.0,0.49615384615384617,0.7762885671316307,HI-VAE_piecewise_diffusion
0.021362289093480927,0.884965034965035,0.1234384685010163,0.8398668639053254,0.22374036956722523,7.0,0.45,0.7486061213002281,HI-VAE_piecewise_diffusion
0.021164231454410397,0.8800699300699301,0.10780958026248648,0.8400887573964496,0.16091066254569414,5.0,0.4846153846153846,0.7517371882972088,HI-VAE_piecewise_diffusion
0.01862566951288935,0.902097902097902,0.09668624296166141,0.834948224852071,0.1268323323927472,5.0,0.4307692307692308,0.7627019654256768,HI-VAE_piecewise_diffusion
0.020107852015377924,0.8898601398601399,0.1352674206746828,0.8025147928994082,0.19298223951400398,6.0,0.4461538461538462,0.7328559311990155,HI-VAE_piecewise_diffusion
0.01939961344937898,0.8937062937062936,0.08728630993772128,0.8496301775147929,0.07325586716342154,3.0,0.4346153846153846,0.7629138401092177,HI-VAE_piecewise_diffusion
0.019813510818691316,0.8853146853146853,0.14909798677990294,0.8248520710059172,0.24802370003327348,5.0,0.47307692307692306,0.7780431260251366,HI-VAE_piecewise_diffusion
0.022385621775887647,0.872027972027972,0.1948446407053071,0.8264792899408283,0.15881444468647624,10.0,0.43846153846153846,0.7621676653417488,HI-VAE_piecewise_diffusion
0.02044903687096739,0.8874125874125873,0.12457082742766072,0.8114644970414202,0.14246117955873644,5.0,0.43846153846153846,0.7486025611651985,HI-VAE_piecewise_diffusion
0.02025582980400541,0.8884615384615384,0.11423487022466487,0.8122781065088758,0.22974754323093233,7.0,0.48846153846153845,0.7581491964257929,HI-VAE_piecewise_diffusion
0.021226372664157424,0.884965034965035,0.10560954418387283,0.8198224852071005,0.2108799119535219,4.0,0.5,0.7609629218235553,HI-VAE_piecewise_diffusion
0.02120692406612458,0.8888111888111887,0.13636497791760166,0.8125,0.23455608874081962,8.0,0.4269230769230769,0.7317524756414738,HI-VAE_piecewise_diffusion
0.022137212581443702,0.8765734265734264,0.12949370949478278,0.8101331360946746,0.1772268370899134,5.0,0.45,0.7370684140224432,HI-VAE_piecewise_diffusion
0.019832808814379797,0.8912587412587413,0.16722643924948566,0.8325443786982248,0.19291457684833008,5.0,0.46153846153846156,0.7514961230941533,HI-VAE_piecewise_diffusion
0.022667879936526265,0.88006993006993,0.14166989642507546,0.8200443786982248,0.21917457011990576,4.0,0.43846153846153846,0.7627379281030988,HI-VAE_piecewise_diffusion
0.020164921359074287,0.8902097902097901,0.13039255198416538,0.8248520710059172,0.1452378135760852,6.0,0.45,0.7404848451873258,HI-VAE_piecewise_diffusion
0.022024990492409247,0.8839160839160839,0.16425535783952436,0.7959319526627219,0.20444310886950423,6.0,0.46923076923076923,0.7490029869882129,HI-VAE_piecewise_diffusion
0.021455238815968895,0.8807692307692307,0.1562413147684843,0.8466715976331362,0.20498811000877085,5.0,0.45384615384615384,0.7652015855595249,HI-VAE_piecewise_diffusion
0.021365861877137206,0.886013986013986,0.10885642011417199,0.7667159763313609,0.1887307653778598,5.0,0.47692307692307695,0.7520419916355852,HI-VAE_piecewise_diffusion
0.0199329296605394,0.8835664335664336,0.11508545255848845,0.8464497041420118,0.28140192761226435,6.0,0.47692307692307695,0.7637709360452494,HI-VAE_piecewise_diffusion
0.01881317585453429,0.9017482517482519,0.10829252217894808,0.8191198224852071,0.16644439628783778,6.0,0.4115384615384615,0.7594047558058431,HI-VAE_piecewise_diffusion
0.019687830299633516,0.8912587412587413,0.10312355016243115,0.812352071005917,0.20672989609569897,4.0,0.4346153846153846,0.7447535387098915,HI-VAE_piecewise_diffusion
0.020712056643622374,0.8832167832167831,0.12971800746915282,0.8169378698224852,0.1982880607534416,7.0,0.4307692307692308,0.7460253875249223,HI-VAE_piecewise_diffusion
0.020157392148230778,0.887062937062937,0.13771448144922938,0.8552514792899408,0.18066346642513312,4.0,0.3769230769230769,0.7569470707493917,HI-VAE_piecewise_diffusion
0.021176464257467144,0.8828671328671329,0.15854816096926336,0.8309911242603552,0.1599561507041608,7.0,0.4269230769230769,0.7773507226085287,HI-VAE_piecewise_diffusion
0.02116572967684776,0.8898601398601399,0.1404191963186444,0.8187869822485208,0.13375702451541624,7.0,0.46153846153846156,0.7504745029080111,HI-VAE_piecewise_diffusion
0.02012862654155762,0.8867132867132866,0.12376087344972628,0.8177144970414201,0.15310818830601491,5.0,0.46153846153846156,0.7477332610061095,HI-VAE_piecewise_diffusion
0.021253866163266067,0.8846153846153846,0.1293432995796717,0.838905325443787,0.20176172210239757,6.0,0.45,0.7537610620545918,HI-VAE_piecewise_diffusion
0.019270681415736172,0.8975524475524476,0.09069010990211744,0.8141272189349111,0.24210487702959255,6.0,0.4653846153846154,0.7538104666937501,HI-VAE_piecewise_diffusion
0.01822620740353376,0.8972027972027973,0.12016810294502733,0.8246301775147928,0.16804336291285207,6.0,0.4346153846153846,0.7563395268558054,HI-VAE_piecewise_diffusion
0.021980685316937924,0.8793706293706294,0.12518293562258648,0.8076183431952663,0.19220248328383963,7.0,0.4423076923076923,0.7569876130328222,HI-VAE_piecewise_diffusion
0.02052967368338253,0.8856643356643357,0.12054335462237536,0.808284023668639,0.17241555238475506,6.0,0.45,0.7736800024262392,HI-VAE_piecewise_diffusion
0.01806397667179386,0.8999999999999999,0.08734177944229769,0.7818786982248521,0.20205139022051166,5.0,0.45384615384615384,0.7659354069813574,HI-VAE_piecewise_diffusion
0.020762158631009723,0.8923076923076922,0.11771739586013232,0.8085798816568047,0.18591729712552565,5.0,0.47692307692307695,0.7565440709748966,HI-VAE_piecewise_diffusion
0.020362257602708985,0.8912587412587413,0.11259966538397011,0.7941568047337277,0.22069614845502,6.0,0.49615384615384617,0.7355634964100611,HI-VAE_piecewise_diffusion
0.020883349507792987,0.8863636363636364,0.10972109512625285,0.8006656804733728,0.17825511214038842,4.0,0.45,0.7511123055279229,HI-VAE_piecewise_diffusion
0.02078409524272258,0.8846153846153846,0.1279578401572928,0.8224852071005916,0.13449072574005516,4.0,0.4653846153846154,0.7319465594560097,HI-VAE_piecewise_diffusion
0.02271808374562852,0.872027972027972,0.1631195249691588,0.807026627218935,0.2081839684106003,8.0,0.4653846153846154,0.7709703060533896,HI-VAE_piecewise_diffusion
0.021311773648096735,0.8877622377622377,0.1378718499546653,0.7983727810650887,0.1601871878117098,6.0,0.43846153846153846,0.7501379040652649,HI-VAE_piecewise_diffusion
0.02097998299886628,0.8898601398601399,0.1454940233342624,0.7969674556213018,0.2573106271389169,8.0,0.5076923076923077,0.7596875131775166,HI-VAE_piecewise_diffusion
0.019942720683024946,0.8891608391608391,0.1515753169345487,0.8136834319526626,0.27588331618142237,8.0,0.45384615384615384,0.7285560554676096,HI-VAE_piecewise_diffusion
0.019168021575462227,0.8972027972027973,0.09641307358764815,0.809837278106509,0.13405061497674373,4.0,0.41923076923076924,0.7676393416853192,HI-VAE_piecewise_diffusion
0.022542487578906575,0.8765734265734264,0.16218044072881185,0.8145710059171597,0.1875851687142798,8.0,0.45,0.7440931816033186,HI-VAE_piecewise_diffusion
0.020528402729458942,0.887062937062937,0.136984351012333,0.8289940828402367,0.19081241455513018,3.0,0.4269230769230769,0.7691549183084883,HI-VAE_piecewise_diffusion
0.01973108515806317,0.891958041958042,0.12759970455144942,0.8161242603550296,0.17000290002914367,8.0,0.4653846153846154,0.7802897964521006,HI-VAE_piecewise_diffusion
0.021936375446475035,0.881118881118881,0.14779556068827515,0.8065088757396449,0.1069380375985414,3.0,0.4230769230769231,0.7603400364369483,HI-VAE_piecewise_diffusion
0.022520055994153854,0.875174825174825,0.18530539065373874,0.8086538461538462,0.21788183420821294,7.0,0.47692307692307695,0.7647212589695187,HI-VAE_piecewise_diffusion
0.021509011652700798,0.8814685314685314,0.1214553491802641,0.8075443786982248,0.17742216587664453,5.0,0.4346153846153846,0.7707191708478366,HI-VAE_piecewise_diffusion
0.023134834970668358,0.8772727272727273,0.15839934374981965,0.8423816568047335,0.2233524955230392,8.0,0.4,0.7832232830955497,HI-VAE_piecewise_diffusion
0.01975306469260091,0.8905594405594406,0.12417648597915266,0.8105029585798817,0.11825805480834121,5.0,0.4653846153846154,0.7320167916678096,HI-VAE_piecewise_diffusion
0.02031155341938925,0.894055944055944,0.09865179599323719,0.7938609467455621,0.1489718631583805,3.0,0.41923076923076924,0.7689601139504602,HI-VAE_piecewise_diffusion
0.021878239544208963,0.888111888111888,0.10462792880692016,0.8171597633136095,0.21491175024594175,7.0,0.4230769230769231,0.7362413311844165,HI-VAE_piecewise_diffusion
0.020845074101496285,0.8832167832167831,0.15477475760269338,0.8161982248520709,0.18597962179389319,6.0,0.4230769230769231,0.7492589822985958,HI-VAE_piecewise_diffusion
0.022043184897009332,0.881118881118881,0.14507712252931196,0.8231508875739644,0.2509690504387996,7.0,0.46153846153846156,0.7750115770682993,HI-VAE_piecewise_diffusion
0.021715526849315415,0.8797202797202797,0.1278101344728345,0.8039940828402367,0.19429176693357614,5.0,0.4576923076923077,0.7530003242815733,HI-VAE_piecewise_diffusion
