J-S distance,KS test,Survival curves distance,Detection XGB,NSND,K-map score,Identifiability score,NNDR,generator
0.005303062079939843,0.9682203389830509,0.025568820045061055,0.6323128866757205,0.2033686621194431,4.0,0.4491525423728814,0.7586611099605483,HI-VAE_weibull
0.0042037003538514806,0.975635593220339,0.024982547906553115,0.5876942809717821,0.2301904605875497,2.0,0.4449152542372881,0.7692559561983291,HI-VAE_weibull
0.004220544975752917,0.9646892655367232,0.028161265267211036,0.6003885619435643,0.10571486815253729,1.0,0.3771186440677966,0.7597122776185709,HI-VAE_weibull
0.00519250853797844,0.9706920903954802,0.026641585968649628,0.5798004376037423,0.16138955804197672,1.0,0.4279661016949153,0.7504072299440228,HI-VAE_weibull
0.007342485679041735,0.957274011299435,0.031563158438418316,0.5471291685528896,0.2327684159201868,5.0,0.4533898305084746,0.7620391374921573,HI-VAE_weibull
0.005975043927600735,0.9646892655367232,0.032315473728488364,0.5984608420099592,0.16285394564812455,4.0,0.4364406779661017,0.7720727439173835,HI-VAE_weibull
0.006198740515670018,0.9611581920903954,0.0357761731479469,0.6028840350082993,0.19456917233123427,2.0,0.4364406779661017,0.7355207708071783,HI-VAE_weibull
0.005344695738457381,0.9692796610169491,0.023792862472297296,0.5468537799909461,0.15643157518195927,4.0,0.4364406779661017,0.7669385100122453,HI-VAE_weibull
0.004187079607468389,0.972457627118644,0.032212636221043665,0.5615040742417383,0.16432124603629508,2.0,0.4533898305084746,0.755797125433522,HI-VAE_weibull
0.006469515795144796,0.9615112994350282,0.028564384343384167,0.6102327599215331,0.21994788955699077,3.0,0.4194915254237288,0.7687409949963907,HI-VAE_weibull
0.005956943297349607,0.966454802259887,0.03333658473415206,0.5865663196016297,0.1625570654911512,2.0,0.4406779661016949,0.7563974018457761,HI-VAE_weibull
0.005187608688976484,0.9678672316384179,0.028729766515141968,0.5785178059453748,0.1539695112545164,1.0,0.4533898305084746,0.7511044657252115,HI-VAE_weibull
0.004494039072836392,0.9735169491525423,0.02634161350747991,0.613918439716312,0.21058674764003446,4.0,0.4279661016949153,0.7543918141540527,HI-VAE_weibull
0.005345709923080461,0.9689265536723163,0.024669018214206032,0.5283405009808361,0.14556666333453738,1.0,0.4406779661016949,0.7404242714944346,HI-VAE_weibull
0.0061925483823771265,0.9678672316384181,0.040122641682664016,0.6052154066696847,0.1264460485989157,2.0,0.3898305084745763,0.7498467448396473,HI-VAE_weibull
0.006571946403458875,0.9604519774011299,0.04460905491106638,0.6381564056133998,0.1888802841744916,1.0,0.4576271186440678,0.7808243430685072,HI-VAE_weibull
0.004784059583032236,0.9742231638418078,0.027036306955549712,0.5990625471555757,0.0675184795194105,6.0,0.4194915254237288,0.7465562504323717,HI-VAE_weibull
0.00357144950095376,0.9752824858757063,0.034063775448012534,0.5492662592424928,0.17097443046303495,5.0,0.4533898305084746,0.7505516572588536,HI-VAE_weibull
0.005200236248608431,0.9653954802259886,0.0401092425417129,0.6534951712690509,0.2464998676819654,3.0,0.4025423728813559,0.7715440735264857,HI-VAE_weibull
0.005344014613017833,0.9731638418079096,0.03393210483356564,0.5800852572808208,0.12437231325098581,1.0,0.3983050847457627,0.7478642161136709,HI-VAE_weibull
0.00463122149239529,0.9728107344632768,0.025664105178948116,0.6098347668628338,0.19857496310683725,4.0,0.4025423728813559,0.7711320395662062,HI-VAE_weibull
0.008342202936149437,0.9523305084745762,0.030586580268519636,0.5759487701825863,0.165517808924692,1.0,0.4279661016949153,0.7568087066513158,HI-VAE_weibull
0.004726451710321397,0.9703389830508473,0.03246911520362421,0.5803229213822243,0.2110846795337436,3.0,0.5084745762711864,0.7428520028743757,HI-VAE_weibull
0.005908802831956352,0.9639830508474575,0.034773917271520904,0.602982118605704,0.22319656996692555,5.0,0.4703389830508475,0.7522797316079988,HI-VAE_weibull
0.00505197128637093,0.9728107344632768,0.02866494339525078,0.5148238267692772,0.1346377413355866,1.0,0.4406779661016949,0.7360480575970209,HI-VAE_weibull
0.005898823115015497,0.966454802259887,0.0275358825647434,0.5764769126301493,0.1312351803068316,1.0,0.4025423728813559,0.7709499329293203,HI-VAE_weibull
0.004700981859395162,0.9735169491525424,0.039768178454361085,0.5192583371057794,0.15637395512432514,2.0,0.4449152542372881,0.7536484769818768,HI-VAE_weibull
0.007007238460410985,0.9579802259887006,0.035375069686327636,0.6158235249735929,0.1484668024902135,2.0,0.4025423728813559,0.7420873175530434,HI-VAE_weibull
0.005074267020579587,0.9738700564971752,0.03536860443097785,0.5519145163724158,0.18092835405761526,4.0,0.461864406779661,0.7455790555170095,HI-VAE_weibull
0.003738358657352016,0.9749293785310734,0.024421818511645824,0.5852874603893163,0.16450964160492015,3.0,0.4067796610169492,0.7588470037081709,HI-VAE_weibull
0.00543602850783891,0.9675141242937854,0.0426213483242362,0.5882620341029122,0.17654432385199142,3.0,0.4364406779661017,0.7438530631682526,HI-VAE_weibull
0.006070639731763875,0.9657485875706214,0.032003467331236865,0.6283159800814848,0.1635268693327023,2.0,0.4364406779661017,0.7757663469063872,HI-VAE_weibull
0.004820869762359814,0.9657485875706214,0.035516829687116336,0.5809510336502188,0.21359022643346662,4.0,0.4364406779661017,0.7567784140364178,HI-VAE_weibull
0.005362758632598593,0.9692796610169491,0.028481813702998925,0.6311132488305418,0.08750580732544473,8.0,0.3983050847457627,0.7538415751690505,HI-VAE_weibull
0.00532475521277237,0.9622175141242937,0.025363380061798852,0.6274124792515468,0.12016556954758958,3.0,0.4110169491525424,0.7492535678730449,HI-VAE_weibull
0.0033359518211850763,0.9738700564971752,0.024499773658002023,0.6374094612947035,0.07047271556172087,4.0,0.3813559322033898,0.7577411849335404,HI-VAE_weibull
0.006329494519228976,0.9671610169491526,0.048382496597149584,0.5724158744529952,0.19238322863278987,1.0,0.4406779661016949,0.7554799753560746,HI-VAE_weibull
0.008784570590135708,0.9530367231638418,0.04108645424514188,0.6395220310849554,0.2901752212622378,6.0,0.4364406779661017,0.7593629530343382,HI-VAE_weibull
0.004674075217816011,0.9682203389830507,0.027233087491405877,0.5665553795080731,0.07432001707039937,7.0,0.4533898305084746,0.7738862834815099,HI-VAE_weibull
0.006930789269143031,0.9583333333333331,0.029225107988987205,0.5550324430360646,0.21403830509025767,4.0,0.4110169491525424,0.7764098219500941,HI-VAE_weibull
0.004168545486204218,0.9717514124293785,0.017687892019542253,0.5604534480156933,0.19919947666764934,2.0,0.423728813559322,0.7508157798120121,HI-VAE_weibull
0.005983240269428629,0.957274011299435,0.038522710167870816,0.6080862381167949,0.05638648897597305,3.0,0.4449152542372881,0.7365935134046562,HI-VAE_weibull
0.005165434119713223,0.9675141242937854,0.03524611426790576,0.5998679643881093,0.12521129043138,4.0,0.4152542372881356,0.7693009033478555,HI-VAE_weibull
0.00533369865508428,0.9696327683615821,0.03080643358087395,0.546116266787385,0.11914035332546821,2.0,0.3940677966101695,0.7612264019415661,HI-VAE_weibull
0.0059597237777962,0.9643361581920904,0.030373173980187292,0.5745567375886524,0.0555365825059207,4.0,0.4067796610169492,0.742968138015647,HI-VAE_weibull
0.005201455065156202,0.9699858757062146,0.0385807641567379,0.571495397615814,0.2455653942031273,7.0,0.4661016949152542,0.7726674305421649,HI-VAE_weibull
0.006043431407280804,0.9653954802259886,0.022817996143279833,0.498936170212766,0.19691655909929615,3.0,0.4322033898305085,0.7415649776974379,HI-VAE_weibull
0.005979023410383009,0.9692796610169491,0.02599756658534282,0.5708295608872793,0.1895912621092539,3.0,0.4025423728813559,0.7719492432278902,HI-VAE_weibull
0.0059900346275682526,0.9639830508474576,0.028294855290554574,0.6576354308133393,0.1490089878635522,1.0,0.3983050847457627,0.7954322084310459,HI-VAE_weibull
0.004697918323719105,0.9735169491525424,0.021589186583041438,0.5852365323675872,0.13619856072275666,2.0,0.3728813559322034,0.78126523105865,HI-VAE_weibull
0.0060024300490237985,0.9646892655367232,0.0333263829203863,0.5915157688245058,0.2520337562440268,3.0,0.461864406779661,0.755761682775608,HI-VAE_weibull
0.005606831122188897,0.9657485875706214,0.0322135949415054,0.5657311000452694,0.24296291195154263,3.0,0.4194915254237288,0.7463277997768624,HI-VAE_weibull
0.004775032878615359,0.9689265536723163,0.03312302842185345,0.5797872340425532,0.21376981636768527,3.0,0.4025423728813559,0.7559551118760842,HI-VAE_weibull
0.0066416337979784724,0.963276836158192,0.036550651238619086,0.5605477591670439,0.2747253723811874,4.0,0.4745762711864407,0.7611942916606675,HI-VAE_weibull
0.004451513203777347,0.974223163841808,0.02273580159126015,0.544886449373774,0.2026927606710681,4.0,0.4364406779661017,0.7610624774040903,HI-VAE_weibull
0.004558019130796841,0.9721045197740112,0.02862234826710646,0.5807661837935718,0.19224612175184208,4.0,0.4491525423728814,0.7345709079573494,HI-VAE_weibull
0.00501314127643688,0.9678672316384179,0.04862893364452539,0.6392692771993361,0.1730851266767217,3.0,0.4067796610169492,0.761951723535546,HI-VAE_weibull
0.005440414803519404,0.9721045197740114,0.02824778678120404,0.5793326542930437,0.12164496803378591,1.0,0.4025423728813559,0.7512860790586926,HI-VAE_weibull
0.0055663439729048345,0.9675141242937854,0.03193384532980563,0.5684133091896786,0.1219750195121956,2.0,0.4322033898305085,0.7363892532416293,HI-VAE_weibull
0.004668289565080871,0.9689265536723163,0.028799728083853064,0.6262222725215031,0.1757209050687971,3.0,0.4322033898305085,0.7601606103034333,HI-VAE_weibull
0.0045822720750026006,0.9678672316384179,0.024157958496609927,0.5520918213369548,0.18044937656471732,3.0,0.4491525423728814,0.7613100932871862,HI-VAE_weibull
0.0074361926611416045,0.9579802259887006,0.024577382614384597,0.5888750565866909,0.19043561175884824,3.0,0.3983050847457627,0.7517654018520553,HI-VAE_weibull
0.005406075108234738,0.9668079096045198,0.02581830413602557,0.5953674362456617,0.21951172646666411,1.0,0.423728813559322,0.7335200913718284,HI-VAE_weibull
0.006006357349439383,0.9622175141242937,0.02930000728083813,0.5889637090689603,0.07748052981931369,7.0,0.4364406779661017,0.75880262841838,HI-VAE_weibull
0.005227565450330102,0.9653954802259886,0.03168883281744069,0.5601459936622907,0.12440345692383568,1.0,0.4110169491525424,0.7374879891054719,HI-VAE_weibull
0.005643060085240789,0.963276836158192,0.03426046513318124,0.6061207937226498,0.16930087849978329,3.0,0.4194915254237288,0.7606202049865699,HI-VAE_weibull
0.005052484710828998,0.9692796610169491,0.025785998546608194,0.5794590312358534,0.15135473116321085,4.0,0.4915254237288136,0.7459456481144754,HI-VAE_weibull
0.005246782832312446,0.966454802259887,0.019362736628517643,0.5659706503696997,0.2136118981674862,3.0,0.4449152542372881,0.7438471353268811,HI-VAE_weibull
0.005713516716103212,0.9703389830508474,0.023687350713782668,0.5917081635732608,0.17262271035022334,1.0,0.4067796610169492,0.7390213331560095,HI-VAE_weibull
0.00685250726693545,0.9615112994350282,0.05679661414700837,0.603698883355968,0.19327202426659626,2.0,0.4025423728813559,0.7566211219257201,HI-VAE_weibull
0.007043294426544209,0.9590395480225989,0.02700770526604217,0.5810547759167044,0.09399388791965715,1.0,0.4703389830508475,0.7574069217574405,HI-VAE_weibull
0.0051264955558410295,0.9671610169491526,0.036800617297729536,0.5847762939489964,0.20193802557350707,4.0,0.4322033898305085,0.7363284496583314,HI-VAE_weibull
0.005643772552199763,0.9608050847457626,0.030077097937584653,0.5860466651576883,0.19632479021336838,4.0,0.423728813559322,0.7455396353882833,HI-VAE_weibull
0.004766942338364462,0.9713983050847458,0.032415243354285125,0.575865776369398,0.251739725889953,4.0,0.4533898305084746,0.7538490093750081,HI-VAE_weibull
0.006343678088967544,0.9661016949152542,0.02846613603374508,0.5996642523011921,0.15474914238873017,2.0,0.4449152542372881,0.7561593073850683,HI-VAE_weibull
0.004603047377724499,0.972457627118644,0.0284500856143492,0.5722744077259695,0.17549626377977873,3.0,0.4364406779661017,0.7463694838298371,HI-VAE_weibull
0.005427419339716214,0.9735169491525424,0.041114516534058114,0.6242455107891957,0.19038755397562665,5.0,0.4067796610169492,0.7706952018682539,HI-VAE_weibull
0.004739577156580998,0.9653954802259886,0.023978072585476497,0.5923909763090387,0.2591531615611077,2.0,0.4406779661016949,0.7322672524200401,HI-VAE_weibull
0.004621898211092133,0.9717514124293785,0.040939896670820985,0.5842217443790554,0.17968963877392918,6.0,0.4322033898305085,0.7449523475527475,HI-VAE_weibull
0.004804101354620724,0.9636299435028248,0.02834737242021417,0.5606232080881244,0.128074107674556,2.0,0.4533898305084746,0.7459075210079622,HI-VAE_weibull
0.0052988690359035044,0.9703389830508473,0.021685118053262387,0.5695714501282632,0.18844474153277382,1.0,0.4067796610169492,0.7672708432073626,HI-VAE_weibull
0.006119692968463632,0.9643361581920904,0.03666430145136107,0.579062924400181,0.10478275897699912,1.0,0.4322033898305085,0.7594952182998784,HI-VAE_weibull
0.00449955736054401,0.9721045197740112,0.03204814356321462,0.6227799154972083,0.1884610175491922,2.0,0.4364406779661017,0.7614091161348416,HI-VAE_weibull
0.0053379010901647116,0.9657485875706215,0.030909344527384978,0.5926814546551984,0.16649648664743613,2.0,0.4322033898305085,0.7517121330933131,HI-VAE_weibull
0.00593044142168847,0.9671610169491526,0.0343577188729588,0.5980741662894221,0.22546210939458353,3.0,0.3771186440677966,0.7596966518456336,HI-VAE_weibull
0.00586059423208,0.9671610169491524,0.03471956547990442,0.5743492530556813,0.19486839201765024,3.0,0.4152542372881356,0.754791625038398,HI-VAE_weibull
0.005004274285397472,0.9671610169491526,0.033802678958991535,0.5957258186207938,0.14093111733396452,3.0,0.4025423728813559,0.7564271175876783,HI-VAE_weibull
0.006662910124768402,0.963276836158192,0.025626472772828004,0.6199147427191792,0.12039554830157154,2.0,0.4152542372881356,0.7327215633131426,HI-VAE_weibull
0.005369665370746832,0.9668079096045198,0.024381544043317892,0.5686245661687037,0.13004319389148675,1.0,0.4449152542372881,0.7464689788306851,HI-VAE_weibull
0.0049619501772394286,0.9653954802259888,0.02445758855211633,0.5883525728082089,0.12869725545414917,2.0,0.4661016949152542,0.7616519434915721,HI-VAE_weibull
0.005009920252829811,0.9703389830508474,0.024488182489910804,0.5875792213671345,0.2229939776852686,3.0,0.3983050847457627,0.7591272437742503,HI-VAE_weibull
0.003896626520601201,0.9713983050847458,0.03697751475161218,0.5652765202957598,0.1834916030684344,4.0,0.3855932203389831,0.7319691130574997,HI-VAE_weibull
0.004698467147119142,0.9703389830508474,0.023938662958079927,0.5830805794477139,0.2076706161827855,2.0,0.4067796610169492,0.7430586087585159,HI-VAE_weibull
0.005578921809879398,0.971045197740113,0.030197063778405187,0.609853629093104,0.12336699909865986,1.0,0.4110169491525424,0.7366178174249124,HI-VAE_weibull
0.005698563457646635,0.9682203389830509,0.03679969443473439,0.6026991851516523,0.16143625656200886,1.0,0.461864406779661,0.7425359207308204,HI-VAE_weibull
0.005435313399214515,0.9629237288135593,0.03183086273492406,0.6351573110004527,0.1537675636503265,1.0,0.4322033898305085,0.7411586050031487,HI-VAE_weibull
0.006019386910716295,0.9622175141242938,0.032007297037974634,0.6077184246265278,0.14723898353550705,2.0,0.4025423728813559,0.7729723230285189,HI-VAE_weibull
0.004669252111309904,0.9675141242937854,0.026127716630342603,0.5905839746491626,0.21890357660829235,1.0,0.4661016949152542,0.7590006097568287,HI-VAE_weibull
0.006232693147942518,0.9671610169491524,0.03413055065777016,0.6077891579900407,0.17970996552421112,2.0,0.4067796610169492,0.7435381346115164,HI-VAE_weibull
0.005130327262197919,0.9689265536723163,0.032727799391669185,0.6208050399879281,0.2031808951084025,4.0,0.4110169491525424,0.7774829042974986,HI-VAE_weibull
0.00500403304708981,0.9668079096045198,0.024836922608611412,0.6354138373321261,0.2195030495556378,4.0,0.3559322033898305,0.7698141358963848,HI-VAE_weibull
0.005779669746975893,0.9661016949152542,0.03600961634955754,0.5910762788592123,0.20485748393003111,6.0,0.4491525423728814,0.7525431421885319,HI-VAE_weibull
0.005999337318163896,0.9615112994350281,0.034950447149396595,0.5990116191338465,0.15096129566398325,1.0,0.4406779661016949,0.7470913092600809,HI-VAE_weibull
0.004335389880261767,0.974223163841808,0.024915868522097387,0.6102761430511544,0.16601735251720798,3.0,0.3983050847457627,0.7737692035010032,HI-VAE_weibull
0.005440682453311275,0.9696327683615819,0.0352063028527412,0.6195110909913988,0.20445732464737296,4.0,0.4661016949152542,0.7711112195875356,HI-VAE_weibull
0.005411895854610303,0.9668079096045198,0.023769170380580826,0.6164704994718575,0.2262072621597993,4.0,0.3983050847457627,0.7808703383388075,HI-VAE_weibull
0.005268996558518062,0.9685734463276835,0.027809801360674596,0.5540836728534783,0.16594445157056592,3.0,0.4194915254237288,0.7817637129767772,HI-VAE_weibull
0.006188782859656795,0.966454802259887,0.029746096036600618,0.5798325033952014,0.17041162274858676,3.0,0.4406779661016949,0.7341276040914905,HI-VAE_weibull
0.004471281232989054,0.9749293785310734,0.03458527447643108,0.5703768673607967,0.24483917165293967,5.0,0.4025423728813559,0.7818517359516535,HI-VAE_weibull
0.007980913807808994,0.9586864406779659,0.03176228787244515,0.5714991700618681,0.18688789687757656,2.0,0.4449152542372881,0.7531098530654843,HI-VAE_weibull
0.0054155727442040625,0.9625706214689266,0.031982852727620324,0.5244303606458429,0.11110602745856556,3.0,0.4491525423728814,0.7707831466449034,HI-VAE_weibull
0.004188343943440166,0.972457627118644,0.024895705195658688,0.6036385242191037,0.15557215439785738,3.0,0.4449152542372881,0.7441658158660596,HI-VAE_weibull
0.005013361690553716,0.9678672316384181,0.027481752877763794,0.5783310698657009,0.2343198195411357,4.0,0.4449152542372881,0.7628410414925758,HI-VAE_weibull
0.004955639078427639,0.9671610169491526,0.026616063297642625,0.5637505658669081,0.2137471022566013,6.0,0.4194915254237288,0.7623478361332484,HI-VAE_weibull
0.005002299378092052,0.9657485875706212,0.026180914031796,0.5458465368945224,0.1357187399052235,1.0,0.423728813559322,0.757263441551858,HI-VAE_weibull
0.004692494371928459,0.9675141242937851,0.02807227098932721,0.587852723706051,0.08191639583935549,5.0,0.4194915254237288,0.7666865948856842,HI-VAE_weibull
0.004242494774152286,0.9728107344632767,0.024808943220787125,0.6596838690206731,0.1799314552571112,2.0,0.4745762711864407,0.7466910667742124,HI-VAE_weibull
0.004054034730642949,0.9699858757062146,0.02866632008752452,0.5878753583823751,0.08211634175873106,7.0,0.4025423728813559,0.765350051325682,HI-VAE_weibull
0.004380932137014863,0.9745762711864407,0.019242430713370253,0.5816149841557265,0.18123771324698082,2.0,0.3855932203389831,0.7640181082860817,HI-VAE_weibull
0.005059172042494144,0.9639830508474576,0.022104611471360232,0.626061943564207,0.13806539696761885,1.0,0.4322033898305085,0.7514047459307213,HI-VAE_weibull
0.005325497140213128,0.9622175141242937,0.022616015169089478,0.5883299381318847,0.22287598785256013,2.0,0.3940677966101695,0.7737878053986431,HI-VAE_weibull
0.004910648559974314,0.9721045197740112,0.03200983370997484,0.6220933303153765,0.22148518711071935,5.0,0.4110169491525424,0.7593876259403376,HI-VAE_weibull
0.00583062111263722,0.9611581920903954,0.032832020012300976,0.6034574468085105,0.14536576815661764,2.0,0.4110169491525424,0.7356768062604546,HI-VAE_weibull
0.004155362467294488,0.9721045197740112,0.024119567203917617,0.614058020220311,0.19207668508862658,3.0,0.4364406779661017,0.7709704121437707,HI-VAE_weibull
0.005607356394927214,0.9661016949152542,0.026224394789574737,0.6318960313867512,0.2122053789709825,5.0,0.4406779661016949,0.7611198203383673,HI-VAE_weibull
0.004204046020903604,0.9703389830508474,0.04082803223238472,0.6199411498415572,0.2375664275755487,4.0,0.4067796610169492,0.7615858655122454,HI-VAE_weibull
0.006555908834958418,0.9608050847457626,0.02475819670560261,0.6268145465519843,0.17089394870277078,2.0,0.4491525423728814,0.7483230417600448,HI-VAE_weibull
0.0062143880994307696,0.9639830508474576,0.034444031513191975,0.5850158442734268,0.26958164725800854,5.0,0.4661016949152542,0.7626788852813988,HI-VAE_weibull
0.005765211683312094,0.9696327683615819,0.022009866357042093,0.590123736230572,0.1387373249257103,2.0,0.3855932203389831,0.7848328269913936,HI-VAE_weibull
0.005226668765144118,0.9706920903954802,0.028109624595958487,0.576578768673608,0.301658881669088,5.0,0.4491525423728814,0.7494281179430513,HI-VAE_weibull
0.006469692207392439,0.9604519774011301,0.028064082283478578,0.5527048438207334,0.18305599027729377,5.0,0.4110169491525424,0.7308848720689755,HI-VAE_weibull
0.004780052880499583,0.9678672316384181,0.037381151929743034,0.637311377697299,0.24585231426707987,3.0,0.4364406779661017,0.7865734257896514,HI-VAE_weibull
0.005359048953400632,0.9685734463276835,0.04497004071364179,0.6113154519390374,0.17261751012440957,4.0,0.4322033898305085,0.7444010446915895,HI-VAE_weibull
0.005416215893250813,0.9657485875706214,0.037849469987364645,0.6030179568432171,0.23301050198693352,4.0,0.423728813559322,0.7380963345171913,HI-VAE_weibull
0.0038171346891187484,0.9759887005649718,0.026111101028671313,0.6030726573110003,0.20233628791428468,2.0,0.4406779661016949,0.7844389365887238,HI-VAE_weibull
0.006080061450104826,0.9622175141242938,0.024177092483703606,0.5812019013128114,0.17527694470183935,2.0,0.3983050847457627,0.7557899387528928,HI-VAE_weibull
0.00639150968393367,0.9636299435028248,0.027506809492086965,0.5686981288667572,0.19469085327219357,2.0,0.4152542372881356,0.7605293456842961,HI-VAE_weibull
0.006505724637159472,0.9643361581920904,0.031686771416166354,0.6246416176248679,0.1306002234603686,3.0,0.4491525423728814,0.7725606297376194,HI-VAE_weibull
0.006376309830030327,0.9653954802259886,0.051665046016557005,0.6344311151350536,0.20762217470937225,3.0,0.4406779661016949,0.7419573116831084,HI-VAE_weibull
0.006782356687043437,0.9597457627118643,0.02203862795689497,0.5887128414063679,0.145600522160143,2.0,0.4661016949152542,0.7831069375928914,HI-VAE_weibull
0.005648295542103465,0.9685734463276835,0.04096390451344723,0.6138146974498264,0.23833542478774972,5.0,0.4194915254237288,0.7719500031281621,HI-VAE_weibull
0.004305027360426364,0.9710451977401129,0.03476000130356231,0.5780009808359741,0.21076756814958902,3.0,0.4788135593220339,0.7519659999747625,HI-VAE_weibull
0.005446023518163209,0.9685734463276835,0.027378095029194707,0.6144635581711182,0.2457203186583802,6.0,0.423728813559322,0.7581646460740542,HI-VAE_weibull
0.005006561068568104,0.9692796610169493,0.02397699255490998,0.5485589256073639,0.21566160131251522,2.0,0.4788135593220339,0.7470230301508073,HI-VAE_weibull
0.004749424942134191,0.9682203389830507,0.02571344973939886,0.5595971027614306,0.23539696836649318,5.0,0.4194915254237288,0.7385724111853873,HI-VAE_weibull
0.005417257507783264,0.9699858757062146,0.026935772814350185,0.5910564735174286,0.18535866306866694,4.0,0.4067796610169492,0.7515109178218461,HI-VAE_weibull
0.004299770688760575,0.9728107344632769,0.03343103121505468,0.6190338765655652,0.2201798879967892,3.0,0.3771186440677966,0.738152692936226,HI-VAE_weibull
0.004303540548679026,0.9770480225988699,0.019166058049934383,0.5859646144560132,0.18511977085535217,2.0,0.4067796610169492,0.7686648810701294,HI-VAE_weibull
0.0058895240799127615,0.9692796610169491,0.034291967653035375,0.6166742115587747,0.2320910011262415,5.0,0.4025423728813559,0.7564881907571435,HI-VAE_weibull
0.004728617958372991,0.9735169491525424,0.0345897354783756,0.5889486192847443,0.22376616981159544,3.0,0.4872881355932203,0.7488488573503249,HI-VAE_weibull
0.006346372402555113,0.965042372881356,0.02689145535817465,0.6038780745435341,0.14778000457999174,3.0,0.4703389830508475,0.761315151325927,HI-VAE_weibull
0.0047726123058480325,0.972457627118644,0.028355333492256895,0.5804040289723857,0.24404391969211572,4.0,0.3771186440677966,0.7596282198296872,HI-VAE_weibull
0.005078275494023081,0.9657485875706214,0.033805135532475175,0.5993341632714653,0.14095982877564206,1.0,0.4449152542372881,0.774123225307906,HI-VAE_weibull
0.004763835851949787,0.971045197740113,0.034663930374305166,0.6103515919722348,0.2142045264623813,4.0,0.3983050847457627,0.7583110377685733,HI-VAE_weibull
0.004685978510766982,0.9699858757062146,0.02675568218599295,0.5776011015542478,0.1736220676671395,1.0,0.4830508474576271,0.7189995453223095,HI-VAE_weibull
0.006634831251261791,0.9625706214689265,0.0281176098046649,0.5919420552286102,0.11903184395310752,1.0,0.4661016949152542,0.766359571304801,HI-VAE_weibull
0.006556615655548309,0.9625706214689265,0.042971283250269374,0.5682586389014637,0.13102744960802906,2.0,0.4788135593220339,0.7501062567217018,HI-VAE_weibull
0.005391449492153142,0.9646892655367232,0.029961626856626167,0.6257959861173985,0.1646916338473703,3.0,0.4194915254237288,0.7578377915528383,HI-VAE_weibull
0.004379524909101008,0.9731638418079096,0.02648012827838292,0.5893805643579296,0.1735059270768777,3.0,0.4110169491525424,0.7710282367732988,HI-VAE_weibull
0.004145005921076176,0.9763418079096046,0.025161050135693617,0.6272634676324129,0.15283453732384095,4.0,0.3898305084745763,0.7474717554275813,HI-VAE_weibull
0.0056026306228107075,0.9671610169491526,0.034998919410236654,0.6049607665610381,0.19011161235253046,3.0,0.3771186440677966,0.7536803271092073,HI-VAE_weibull
0.005884517943242306,0.9678672316384179,0.0341857766620678,0.5900728082088426,0.17136227274232455,3.0,0.4025423728813559,0.7607403617146181,HI-VAE_weibull
0.006066421130142015,0.9629237288135593,0.04542877405125656,0.642953070771088,0.19022896528799804,6.0,0.3983050847457627,0.7564170874002144,HI-VAE_weibull
0.0052675106092490145,0.9689265536723165,0.038853560584657595,0.5936321110608118,0.18893074442025637,3.0,0.4322033898305085,0.7533835342694332,HI-VAE_weibull
0.005867755551181935,0.9604519774011299,0.028765608321739727,0.6012109551833408,0.1694262244224931,6.0,0.4322033898305085,0.7868182662727966,HI-VAE_weibull
0.005350355462420212,0.9650423728813559,0.027703672389401524,0.623798475931794,0.13524173756182553,2.0,0.3898305084745763,0.7685333858454189,HI-VAE_weibull
0.0046770513193469514,0.9661016949152542,0.024635827149858215,0.6251395805039988,0.10840193641719421,1.0,0.3855932203389831,0.7594783605480661,HI-VAE_weibull
0.005727108459502189,0.9657485875706214,0.02533699190386809,0.5833861475780896,0.14260190339321716,2.0,0.4449152542372881,0.7764654574089294,HI-VAE_weibull
0.006997455810350263,0.9618644067796609,0.026487970207718304,0.633833182435491,0.145539506632282,1.0,0.3771186440677966,0.7469887024741909,HI-VAE_weibull
0.005393353188641759,0.963276836158192,0.04313795103470286,0.6116493134148182,0.228016632510397,3.0,0.4152542372881356,0.7607642964581796,HI-VAE_weibull
0.006138941518034653,0.9661016949152543,0.029228001525932735,0.647730873698506,0.16859100557794918,1.0,0.461864406779661,0.7737504829968135,HI-VAE_weibull
0.005832787112780006,0.9629237288135593,0.025500283151403513,0.5155575675267844,0.1645975298373704,1.0,0.461864406779661,0.735739033917766,HI-VAE_weibull
0.0046033418978030935,0.9706920903954801,0.028568433798112733,0.5891598762637693,0.13467093479377934,1.0,0.4449152542372881,0.7485381493359896,HI-VAE_weibull
0.005455023784836945,0.9661016949152542,0.03671242636575592,0.59736871887732,0.12911299025246803,1.0,0.4152542372881356,0.7422259954292527,HI-VAE_weibull
0.006078384864467174,0.9646892655367232,0.043145848999861826,0.6463228082088427,0.20829378929991582,2.0,0.4067796610169492,0.7522168031361234,HI-VAE_weibull
0.004422883849735366,0.9731638418079096,0.02526973779462419,0.6179002565263316,0.17732450973807365,4.0,0.4322033898305085,0.781554891678112,HI-VAE_weibull
0.007390495021484301,0.963276836158192,0.027862852663651457,0.5604534480156934,0.13956808546148697,1.0,0.3898305084745763,0.7733945444949849,HI-VAE_weibull
0.004569897146067902,0.9738700564971752,0.023903502302154673,0.5832899502037121,0.14523384059544178,1.0,0.4067796610169492,0.7520279269792823,HI-VAE_weibull
0.006178263687295654,0.9600988700564971,0.029429895799259077,0.5951109099139882,0.2569535035534047,4.0,0.4322033898305085,0.750524635624376,HI-VAE_weibull
0.006254868651023124,0.9597457627118645,0.022609893917033903,0.6152274784970574,0.3074782040760877,4.0,0.461864406779661,0.7593169133612703,HI-VAE_weibull
0.005408301972625298,0.9685734463276835,0.027116105681509177,0.6255866153614004,0.2030127165169415,5.0,0.4067796610169492,0.7307383543390757,HI-VAE_weibull
0.004109823779570849,0.9752824858757062,0.03091635436614369,0.5977629394899653,0.2318737098488925,5.0,0.4322033898305085,0.7712665147009045,HI-VAE_weibull
0.0070082181610293705,0.9604519774011299,0.036204122740229945,0.6079938131884715,0.12217153178902486,2.0,0.3601694915254237,0.7492650031776235,HI-VAE_weibull
0.004648940782295363,0.9731638418079095,0.020003607305559442,0.6030669986419194,0.24681126263593814,3.0,0.461864406779661,0.7395895785761895,HI-VAE_weibull
0.004293366652763766,0.9721045197740114,0.024994887068604792,0.5728591368643429,0.06979368754012683,7.0,0.4872881355932203,0.7635459874537917,HI-VAE_weibull
0.005958232963812766,0.9682203389830507,0.028856905899393794,0.5754093103968614,0.2180291283909052,2.0,0.4279661016949153,0.7593362582429988,HI-VAE_weibull
0.006672524472766113,0.9629237288135593,0.022817900164011418,0.6124490719782707,0.16141901483899596,4.0,0.4788135593220339,0.7735802869243517,HI-VAE_weibull
0.00491235572693518,0.9713983050847458,0.03236144563029377,0.5985023389165536,0.16432027296354737,3.0,0.4110169491525424,0.7605523007609752,HI-VAE_weibull
0.006741250276022181,0.9579802259887006,0.03424767642766888,0.652286102308737,0.06930722513185456,4.0,0.4194915254237288,0.7616164583831831,HI-VAE_weibull
0.005566024659719309,0.9678672316384181,0.01953555268291834,0.5851063829787233,0.16071028558108166,3.0,0.4406779661016949,0.7268341127986179,HI-VAE_weibull
0.005963616329674189,0.9600988700564971,0.033466456043661955,0.5882733514410743,0.0821968889010228,5.0,0.4491525423728814,0.7346232073390336,HI-VAE_weibull
0.005470987213413766,0.9728107344632768,0.026756496809102387,0.5700788441225291,0.17307353631561423,3.0,0.4322033898305085,0.7423732484718022,HI-VAE_weibull
0.005998815077936131,0.9671610169491526,0.026011406992108875,0.6055681303757356,0.1178650106669687,3.0,0.3855932203389831,0.7394632603629936,HI-VAE_weibull
0.004169904899936241,0.9745762711864406,0.026808456332956608,0.56990153915799,0.18724602208763366,2.0,0.4576271186440678,0.7323154407320747,HI-VAE_weibull
0.0071004409272708196,0.9615112994350281,0.027854073585499156,0.6055926512750867,0.23783580074579663,2.0,0.3771186440677966,0.7725403255343958,HI-VAE_weibull
0.004882876921058737,0.9735169491525423,0.029256328926210325,0.5572185755243699,0.17794412077890165,3.0,0.4745762711864407,0.7566392353940884,HI-VAE_weibull
0.0056783235323498785,0.9615112994350282,0.03002274235817916,0.6063094160253508,0.17648407772474706,1.0,0.4449152542372881,0.7597232005265189,HI-VAE_weibull
0.0063007697898906055,0.965042372881356,0.03466280478088081,0.6079862682963634,0.24260049132737768,3.0,0.3983050847457627,0.748744882453506,HI-VAE_weibull
0.00519831454566153,0.972457627118644,0.032077772617538275,0.6067705975554549,0.14332497102025277,1.0,0.4152542372881356,0.7584813611154066,HI-VAE_weibull
0.006433815864867968,0.963276836158192,0.026186550916571995,0.62077863286555,0.21356810785119706,3.0,0.4491525423728814,0.7499682432172929,HI-VAE_weibull
0.00404944062909834,0.9717514124293786,0.018138815494837715,0.5397389467330618,0.12948877721115049,2.0,0.4491525423728814,0.7637077770987042,HI-VAE_piecewise
0.003971626977723999,0.9749293785310734,0.011979178473317576,0.5564886072129169,0.16666891546343926,2.0,0.4576271186440678,0.7551787995030944,HI-VAE_piecewise
0.004669147767157531,0.9699858757062146,0.01716725174793833,0.5352327599215332,0.16904025563439226,4.0,0.461864406779661,0.7552456174953558,HI-VAE_piecewise
0.004227627996595877,0.9671610169491526,0.01617240815767324,0.5717839897389467,0.24057446119080858,4.0,0.4110169491525424,0.7575934815532661,HI-VAE_piecewise
0.0059749525435410554,0.9622175141242937,0.027853231399203683,0.4842406066093255,0.17069249165908695,3.0,0.4110169491525424,0.7576737790409035,HI-VAE_piecewise
0.0032835417431900144,0.9770480225988701,0.014916398967602773,0.526763618530255,0.14377091832294095,2.0,0.4533898305084746,0.7395889223848587,HI-VAE_piecewise
0.004688260737368583,0.9661016949152543,0.02065766042090152,0.5284348121321866,0.17068775795779084,1.0,0.4661016949152542,0.7558166901193302,HI-VAE_piecewise
0.005798999783945702,0.9629237288135593,0.021997919315992997,0.5490625471555756,0.1810881642766781,3.0,0.461864406779661,0.7218984694383568,HI-VAE_piecewise
0.00661756014016485,0.9576271186440678,0.02974157760851576,0.5770182586389014,0.13550082366449173,2.0,0.4745762711864407,0.7479396796287465,HI-VAE_piecewise
0.0053904065572997215,0.9721045197740112,0.01741675690487021,0.5821695337256678,0.21950018176841304,3.0,0.4152542372881356,0.7424983767174378,HI-VAE_piecewise
0.006030610536717191,0.9678672316384179,0.016491374690727062,0.4685585483627584,0.2041226968129321,4.0,0.4788135593220339,0.7276323657943304,HI-VAE_piecewise
0.004865649054928736,0.9699858757062146,0.014126480256804986,0.5048287309491475,0.2288725152009907,4.0,0.4406779661016949,0.7597497075818775,HI-VAE_piecewise
0.005862117313165417,0.9636299435028248,0.013828026638469385,0.5771408631356572,0.18166454100405582,3.0,0.5127118644067796,0.7482408673671852,HI-VAE_piecewise
0.005117970054981643,0.9661016949152542,0.011642306941652187,0.5580277652029576,0.0931217404531125,1.0,0.4830508474576271,0.76853924793244,HI-VAE_piecewise
0.0047468705381055335,0.9706920903954801,0.013252138426502321,0.5657103515919722,0.16157671897328837,1.0,0.4322033898305085,0.7410808828213413,HI-VAE_piecewise
0.004386244292154942,0.9717514124293785,0.016810663043334183,0.5488890146370908,0.2686452571243643,4.0,0.4110169491525424,0.7477185053977307,HI-VAE_piecewise
0.006882792936561171,0.9636299435028247,0.023855581635934212,0.5593915044514863,0.10294031255083097,3.0,0.4533898305084746,0.7613203308855563,HI-VAE_piecewise
0.005062915405243262,0.9717514124293785,0.017168913165238577,0.559172702580353,0.15014411982664796,3.0,0.4449152542372881,0.7630253782520654,HI-VAE_piecewise
0.0047581473020383395,0.9689265536723163,0.011117245854104972,0.5738946733061717,0.19180470754782994,2.0,0.4576271186440678,0.7682503973631588,HI-VAE_piecewise
0.006394227712416836,0.9565677966101694,0.032067733885369265,0.5825203712086917,0.12571972762343495,1.0,0.4491525423728814,0.7502680097296126,HI-VAE_piecewise
0.006218892949463491,0.9689265536723163,0.013809514454253378,0.5421721744379056,0.20671419079170217,3.0,0.461864406779661,0.7551854555083468,HI-VAE_piecewise
0.005909348492356747,0.9675141242937854,0.018893936242953772,0.5118360494944921,0.138614799554609,2.0,0.4872881355932203,0.749065649419245,HI-VAE_piecewise
0.005689070866773561,0.963276836158192,0.013754789053028574,0.5598441979779689,0.21016835658138103,4.0,0.4110169491525424,0.724332438901614,HI-VAE_piecewise
0.005293853500860882,0.9678672316384181,0.019655988298301633,0.517773879583522,0.16561610175082087,2.0,0.4957627118644068,0.7591321871230476,HI-VAE_piecewise
0.004506512132491226,0.9706920903954802,0.022069144045649847,0.5640995171269051,0.09145818172845427,1.0,0.4872881355932203,0.7386836348971421,HI-VAE_piecewise
0.004196597326471892,0.9759887005649718,0.01425256553403571,0.5092934208540817,0.17474306925968436,3.0,0.461864406779661,0.7371024947005068,HI-VAE_piecewise
0.004116155280788691,0.974223163841808,0.015808347416601958,0.47677682209144406,0.16929588855336045,4.0,0.4025423728813559,0.7504863943941839,HI-VAE_piecewise
0.0039060168098883977,0.9763418079096046,0.014300467398834603,0.5053908254111967,0.15323598023523521,1.0,0.4322033898305085,0.7311815105156486,HI-VAE_piecewise
0.006100274411829958,0.9618644067796609,0.024460175591474627,0.5450467783310698,0.16205881518304327,3.0,0.4576271186440678,0.7489403953676981,HI-VAE_piecewise
0.005158597563584335,0.9713983050847458,0.029108471108956598,0.5847932699562396,0.14159378616789894,2.0,0.4533898305084746,0.759995687558416,HI-VAE_piecewise
0.005125013610681559,0.9675141242937854,0.01673630385467457,0.5359815904632564,0.18598487199176994,4.0,0.4449152542372881,0.7483327462167763,HI-VAE_piecewise
0.005205420126880616,0.9728107344632768,0.014922554039457718,0.48427267240078475,0.14340907365492653,2.0,0.5,0.7577037313924045,HI-VAE_piecewise
0.0046233124624220695,0.9721045197740112,0.014013198306393254,0.5493662290629244,0.17758962698762493,4.0,0.4152542372881356,0.7489257795635328,HI-VAE_piecewise
0.004416118927247441,0.9749293785310734,0.015169053104378816,0.49227591670439114,0.15337861591757898,5.0,0.423728813559322,0.7553670700508447,HI-VAE_piecewise
0.0032843018550738224,0.9784604519774011,0.020241824641434043,0.47678625320657914,0.19836538870624212,5.0,0.4661016949152542,0.757775111042604,HI-VAE_piecewise
0.0049594396786705785,0.9731638418079096,0.009926588761817732,0.5085747698807908,0.19648205686729847,3.0,0.4872881355932203,0.7538434662383651,HI-VAE_piecewise
0.005246115190020806,0.9653954802259888,0.017866229402283638,0.5710219556360344,0.23833248596282436,3.0,0.4322033898305085,0.7614553233646791,HI-VAE_piecewise
0.00443476845895001,0.9749293785310734,0.015566516072340013,0.5361796438810925,0.15098474904109152,2.0,0.4449152542372881,0.7741847600557012,HI-VAE_piecewise
0.00654480832729341,0.9661016949152543,0.012779703381438181,0.5544665761279615,0.14639681483314573,3.0,0.4152542372881356,0.706309553659312,HI-VAE_piecewise
0.006207162704092846,0.9629237288135594,0.008051393237254477,0.5058322015995171,0.1779355727491287,3.0,0.4279661016949153,0.7500197327571628,HI-VAE_piecewise
0.005015405149268446,0.9689265536723163,0.0182150122959452,0.5692979477893465,0.15986911227236147,2.0,0.4364406779661017,0.7476613533354253,HI-VAE_piecewise
0.0035918455456172564,0.9777542372881355,0.013537919591174308,0.49893428398973894,0.1548723785876127,3.0,0.4661016949152542,0.7840379654548604,HI-VAE_piecewise
0.005144964871119342,0.9661016949152542,0.02189493300060817,0.5672495095820129,0.22198297817101828,5.0,0.4533898305084746,0.7496826904368248,HI-VAE_piecewise
0.005558085552407465,0.9653954802259886,0.0219072366729167,0.5960596800965747,0.1662963992198899,4.0,0.4322033898305085,0.7397934356342177,HI-VAE_piecewise
0.004370960046582474,0.9745762711864406,0.019615377737716266,0.5475196167194809,0.20520482622478461,3.0,0.4576271186440678,0.7277890361878885,HI-VAE_piecewise
0.005889672548953888,0.9682203389830507,0.01312164907393847,0.5367473970122227,0.14996281640464149,2.0,0.4788135593220339,0.7395940699974932,HI-VAE_piecewise
0.006538900367905623,0.9657485875706214,0.011678720930874957,0.5501244907197826,0.2562630903036634,2.0,0.423728813559322,0.7717597113018189,HI-VAE_piecewise
0.0036244641950540866,0.9770480225988699,0.010695208281914859,0.5333786026859817,0.1547588552307631,3.0,0.4661016949152542,0.7624511155953074,HI-VAE_piecewise
0.0047463107796179875,0.9685734463276835,0.01850979635474937,0.47953825260298777,0.2153402410823282,4.0,0.4661016949152542,0.7515333765199481,HI-VAE_piecewise
0.004781456127864723,0.9653954802259888,0.03337005762641099,0.5709031235853328,0.1973784225229133,4.0,0.4194915254237288,0.7524466548849525,HI-VAE_piecewise
0.005616317626295259,0.9671610169491526,0.01410995666896703,0.611802097480006,0.19207634079466193,3.0,0.4279661016949153,0.7551232920235091,HI-VAE_piecewise
0.004075545926899738,0.9728107344632768,0.02740156593057073,0.5463162064282481,0.16149001954691866,2.0,0.4406779661016949,0.7475143767869472,HI-VAE_piecewise
0.0051539334359808195,0.9682203389830507,0.017120148051422597,0.5937301946582163,0.12216834809690763,3.0,0.3728813559322034,0.7404411943217882,HI-VAE_piecewise
0.0048629705136705075,0.9713983050847457,0.02246034317881124,0.6106100045269353,0.1289427534490761,1.0,0.4449152542372881,0.7483555779468745,HI-VAE_piecewise
0.005526253814590672,0.9653954802259886,0.02336302372605948,0.5120850309340577,0.19675198977275996,3.0,0.4576271186440678,0.7363375431450772,HI-VAE_piecewise
0.005639709291431971,0.9682203389830507,0.01799824541611007,0.5308623811679493,0.1335946281400847,1.0,0.461864406779661,0.7498731669419288,HI-VAE_piecewise
0.00501525439312055,0.9692796610169491,0.029576857319136347,0.4969065942357025,0.21339647894972583,6.0,0.4449152542372881,0.7539163436263902,HI-VAE_piecewise
0.0043896497238573385,0.9735169491525424,0.018619317991883523,0.554594839293798,0.1888201164867783,3.0,0.4661016949152542,0.740872833700845,HI-VAE_piecewise
0.0045408130878335515,0.9703389830508474,0.01672881916038129,0.5853497057492077,0.10319710599917988,1.0,0.4110169491525424,0.7517424909565507,HI-VAE_piecewise
0.0036350051164260665,0.9763418079096046,0.02413484122883411,0.5336200392334389,0.33124760834102607,5.0,0.4449152542372881,0.7524962811995418,HI-VAE_piecewise
0.006079225861124229,0.9625706214689265,0.01270599824625479,0.5798155273879584,0.23031336947489242,5.0,0.4576271186440678,0.7555230605109935,HI-VAE_piecewise
0.004841397550890108,0.9738700564971752,0.014197840525550716,0.509161385242191,0.18155618320268838,4.0,0.4194915254237288,0.729841095735887,HI-VAE_piecewise
0.004173722579700598,0.9717514124293785,0.02231069907023878,0.5747397012222725,0.17389010468902616,3.0,0.4025423728813559,0.7585535375791174,HI-VAE_piecewise
0.005462551356360825,0.9682203389830509,0.0297746380307451,0.5192394748755093,0.10593122081730899,1.0,0.461864406779661,0.7662653110648219,HI-VAE_piecewise
0.004499824167303045,0.972457627118644,0.014002879084753651,0.5327240832956088,0.15339424620394734,3.0,0.4279661016949153,0.7581401498160063,HI-VAE_piecewise
0.005942896348427092,0.9671610169491526,0.015198355675947666,0.5728779990946129,0.20927364074751012,2.0,0.4322033898305085,0.7579910627187987,HI-VAE_piecewise
0.00496703433320656,0.9696327683615819,0.019673293288490844,0.5189433378602686,0.1379735046123296,2.0,0.4915254237288136,0.7651092750749132,HI-VAE_piecewise
0.005467985150264063,0.9675141242937854,0.022840406362886326,0.5285423268447261,0.1274063841026176,3.0,0.4406779661016949,0.7539531996078064,HI-VAE_piecewise
0.005817063953310821,0.9668079096045198,0.018528473117830385,0.5975837483023992,0.16763681853155277,2.0,0.4661016949152542,0.7502684640319166,HI-VAE_piecewise
0.0047393449153679155,0.9713983050847457,0.01576633639241605,0.5762241587445299,0.22792103802803754,3.0,0.4449152542372881,0.7606655327234945,HI-VAE_piecewise
0.004849610577644977,0.974223163841808,0.020931714564523772,0.5513052663346915,0.1953309447730139,2.0,0.4152542372881356,0.739619434636908,HI-VAE_piecewise
0.004721637966098621,0.9692796610169491,0.018191979088867112,0.48596272823298625,0.2650377082062405,4.0,0.4449152542372881,0.7392760275075807,HI-VAE_piecewise
0.0043364851772955135,0.9678672316384181,0.010994637037563475,0.5423098687188773,0.19100773863221474,3.0,0.4957627118644068,0.7541494949042126,HI-VAE_piecewise
0.005620556261342807,0.9699858757062146,0.011780323456902714,0.5397804436396559,0.1792016869190707,4.0,0.4406779661016949,0.7594338749963132,HI-VAE_piecewise
0.004994180064116548,0.9678672316384179,0.027119672683361424,0.5990342538101705,0.1876919757712384,5.0,0.4279661016949153,0.759107735235896,HI-VAE_piecewise
0.004815519357547164,0.9752824858757062,0.01635842547801869,0.5935528896936774,0.15654665822433184,2.0,0.4322033898305085,0.7619061716267195,HI-VAE_piecewise
0.004455635411243128,0.9713983050847457,0.021905947636243674,0.5442658819978875,0.12799017080448635,3.0,0.4194915254237288,0.7376951943913062,HI-VAE_piecewise
0.00586017123193077,0.9689265536723163,0.014322104917475103,0.5333653991247924,0.14327612504243062,3.0,0.4576271186440678,0.7638767910096813,HI-VAE_piecewise
0.005586097070145089,0.9696327683615819,0.015058883859220206,0.5885940093556663,0.2559129162767118,6.0,0.4279661016949153,0.74851055093005,HI-VAE_piecewise
0.004942569980493716,0.9706920903954802,0.016845673980309093,0.5287686736079674,0.14721556361673963,2.0,0.4576271186440678,0.7517224449626746,HI-VAE_piecewise
0.005400684723062789,0.9696327683615817,0.021296957507159653,0.5299796287913081,0.18473382555131423,4.0,0.4703389830508475,0.7471020398528275,HI-VAE_piecewise
0.004241714614590753,0.9728107344632768,0.017346655805545973,0.5421816055530406,0.17418487785649575,3.0,0.4279661016949153,0.7337198737702758,HI-VAE_piecewise
0.005693117906220711,0.9696327683615819,0.010562066663542702,0.5540402897238569,0.1539653379116602,2.0,0.461864406779661,0.746312194102111,HI-VAE_piecewise
0.00472499303982898,0.9713983050847458,0.026802542848081236,0.5535593028519692,0.2425343488174198,4.0,0.3813559322033898,0.75305533481862,HI-VAE_piecewise
0.0044867301791693594,0.9735169491525424,0.02277489695992873,0.4800946883959559,0.1500264581147325,3.0,0.4661016949152542,0.7431736125248956,HI-VAE_piecewise
0.005977463809662548,0.9653954802259886,0.013438128511820443,0.4872849705749208,0.1622164682225037,2.0,0.4872881355932203,0.7312413046921581,HI-VAE_piecewise
0.006955988722955257,0.9671610169491524,0.01289425372607223,0.5524294552587898,0.2572794067853147,5.0,0.423728813559322,0.74417322400388,HI-VAE_piecewise
0.004037667163917194,0.9759887005649718,0.01374872781928094,0.5608438961822845,0.12226452893135419,2.0,0.4279661016949153,0.7350495721069182,HI-VAE_piecewise
0.0032937467979597696,0.9802259887005649,0.012999725561072373,0.584838539308888,0.1315498599274,1.0,0.4025423728813559,0.7633906882665475,HI-VAE_piecewise
0.004656885986663765,0.9706920903954801,0.0252106421716852,0.5219537498113777,0.18058331853759851,6.0,0.4364406779661017,0.7402960610119977,HI-VAE_piecewise
0.003797558008761453,0.9770480225988699,0.011363821157734374,0.5467613550626226,0.17391721330459559,2.0,0.4830508474576271,0.756238747865919,HI-VAE_piecewise
0.005325353532137548,0.9682203389830509,0.013732789043981331,0.5845084502791609,0.17790085059262803,3.0,0.4661016949152542,0.7544971224778949,HI-VAE_piecewise
0.006778115550919175,0.9604519774011299,0.008844914683814393,0.5676531613097933,0.2594130982155607,5.0,0.4279661016949153,0.7252396241947353,HI-VAE_piecewise
0.00701390929552298,0.9608050847457626,0.027204357133878646,0.5530273879583522,0.12900277363000126,2.0,0.4915254237288136,0.7286600985191063,HI-VAE_piecewise
0.00616241845956305,0.966454802259887,0.0156462469105953,0.46846612343443483,0.22257998116671704,3.0,0.4745762711864407,0.7384081402533452,HI-VAE_piecewise
0.00656262855427416,0.963276836158192,0.021805398423121496,0.5553776218500076,0.15084750845227568,2.0,0.4279661016949153,0.7355153034370232,HI-VAE_piecewise
0.0047419508796487835,0.9713983050847457,0.01475173710398212,0.5628734721593481,0.12488490852405043,1.0,0.4449152542372881,0.7603653449189937,HI-VAE_piecewise
0.0037028953178952283,0.9788135593220338,0.014457291225100664,0.5266825109400936,0.18768750695520456,5.0,0.4449152542372881,0.7682094948631081,HI-VAE_piecewise
0.0065821438621810205,0.9653954802259888,0.020495390880283126,0.5826580654896635,0.254136947253906,4.0,0.4533898305084746,0.75047854961414,HI-VAE_piecewise
0.0045546572658563015,0.9735169491525424,0.014892050169190561,0.5116568583069261,0.16076319557855154,3.0,0.4322033898305085,0.75742321152215,HI-VAE_piecewise
0.005065625881807845,0.9646892655367231,0.01389412062975751,0.5782801418439716,0.20148075842209318,4.0,0.4194915254237288,0.7527238563775971,HI-VAE_piecewise
0.004812722089610941,0.9731638418079096,0.014238690044625297,0.5647898747547909,0.17791117190146,3.0,0.4533898305084746,0.7574363998809569,HI-VAE_piecewise
0.004388626107266639,0.9752824858757062,0.012996170527592669,0.5019031990342538,0.16063850517148026,3.0,0.4957627118644068,0.7463422190282936,HI-VAE_piecewise
0.005789381864982158,0.9671610169491524,0.016433288065716287,0.5503244303606458,0.17198585097137586,3.0,0.4322033898305085,0.7542971136294423,HI-VAE_piecewise
0.0034870603619035867,0.9781073446327683,0.012192125776934069,0.6020937075599818,0.11992458854418839,1.0,0.4067796610169492,0.7567952042096625,HI-VAE_piecewise
0.005348942799880234,0.9717514124293785,0.019831220727867367,0.5087897993058699,0.1679865851066844,3.0,0.4491525423728814,0.742787458713617,HI-VAE_piecewise
0.004077157780644097,0.9738700564971752,0.009899208162196088,0.5337728232986269,0.2710609065289025,4.0,0.4661016949152542,0.7337746012015324,HI-VAE_piecewise
0.004120428840204019,0.9763418079096046,0.01389162051088533,0.5015957446808511,0.17307759192270902,2.0,0.4745762711864407,0.753955799817098,HI-VAE_piecewise
0.004695643680002412,0.9689265536723163,0.018131977628642465,0.5239852120114682,0.2198959584252099,5.0,0.4406779661016949,0.7484211467087317,HI-VAE_piecewise
0.0037970988731078075,0.972457627118644,0.013297128696539541,0.6163026256224536,0.1564721827525559,2.0,0.4067796610169492,0.7483627570905524,HI-VAE_piecewise
0.0033528921378594666,0.9774011299435027,0.014950049381504684,0.5062943262411348,0.09986705617691638,1.0,0.4745762711864407,0.7327375563756277,HI-VAE_piecewise
0.005230321226759341,0.9721045197740112,0.02303864259331791,0.5083012675418742,0.16584786987890457,2.0,0.4491525423728814,0.7620537584088092,HI-VAE_piecewise
0.004310219876260208,0.9682203389830507,0.025015629130657285,0.533170175041497,0.10471431643580971,2.0,0.4449152542372881,0.7663973199393072,HI-VAE_piecewise
0.0034460449584541694,0.9728107344632768,0.016228218686872204,0.5737362305719028,0.2595325140804865,5.0,0.5042372881355932,0.768142447465388,HI-VAE_piecewise
0.003202429685238555,0.9784604519774011,0.019641871040212814,0.5045439112720689,0.11194592043101498,1.0,0.4491525423728814,0.7726472161082928,HI-VAE_piecewise
0.004516111086707272,0.9668079096045198,0.02531450423785104,0.5995925758261655,0.10896150949730919,1.0,0.4491525423728814,0.7497152816653044,HI-VAE_piecewise
0.004166105310056179,0.9671610169491526,0.025522775354141696,0.5498792817262712,0.1361698364916158,2.0,0.4279661016949153,0.754760019765593,HI-VAE_piecewise
0.004752014232920913,0.9721045197740112,0.015074873890058238,0.5518145465519841,0.1818015137354724,4.0,0.4576271186440678,0.7328925890397469,HI-VAE_piecewise
0.005180277234977388,0.9717514124293785,0.014098901985267882,0.48201674966047986,0.21527250764400033,4.0,0.4703389830508475,0.7343872363827972,HI-VAE_piecewise
0.004577613126975307,0.9713983050847458,0.00846083788997408,0.5584389618228459,0.1086354570548874,2.0,0.4533898305084746,0.7362373426300687,HI-VAE_piecewise
0.005193040647875396,0.9703389830508474,0.01772869274439247,0.5110362909310397,0.12692068079410687,2.0,0.461864406779661,0.7272219721776413,HI-VAE_piecewise
0.004260052136422544,0.972457627118644,0.030123013198950672,0.5446186057039385,0.1692050488643838,2.0,0.4491525423728814,0.7536245533383146,HI-VAE_piecewise
0.00450518953832081,0.9731638418079096,0.011967471859459348,0.5190583974649162,0.14506957228496814,2.0,0.4067796610169492,0.7498074376340486,HI-VAE_piecewise
0.005875673167794415,0.9625706214689265,0.022159133975635417,0.558816206428248,0.09537712386035414,1.0,0.4533898305084746,0.7531779911865133,HI-VAE_piecewise
0.005008368156841648,0.9682203389830507,0.01619499710960926,0.5297608269201751,0.16873902787447406,2.0,0.4406779661016949,0.7518026951511919,HI-VAE_piecewise
0.005860620602683937,0.9689265536723163,0.014091739617321972,0.5228553644182888,0.15892912406087198,5.0,0.4703389830508475,0.7553250919544356,HI-VAE_piecewise
0.004900301552203503,0.971045197740113,0.018962132722401912,0.5409234947940245,0.1972461874312332,2.0,0.4788135593220339,0.7590350166713034,HI-VAE_piecewise
0.005498857433847541,0.9671610169491526,0.02199930474946936,0.5363550626226046,0.2322038672351071,2.0,0.4788135593220339,0.7491709158564857,HI-VAE_piecewise
0.006239337995594095,0.9625706214689265,0.027115370169252626,0.5595556058548362,0.17594495082808181,4.0,0.4745762711864407,0.7352334865302994,HI-VAE_piecewise
0.006225749506989738,0.9608050847457626,0.015178477253640871,0.5443243549117247,0.24188055333406053,3.0,0.4364406779661017,0.7695809017166713,HI-VAE_piecewise
0.00415078686296206,0.9706920903954801,0.0157204591410142,0.5344348875811076,0.2514952811159109,4.0,0.4745762711864407,0.7510430541078423,HI-VAE_piecewise
0.006062720736356807,0.9682203389830509,0.012622728482898547,0.5224234193451033,0.13600868091574714,4.0,0.4491525423728814,0.7546167683189511,HI-VAE_piecewise
0.005333489132877231,0.961864406779661,0.02356610130710397,0.5930190885770333,0.11444245857738104,2.0,0.4406779661016949,0.7550586869887111,HI-VAE_piecewise
0.005374396076233669,0.9657485875706214,0.029208379147988114,0.4809566923192999,0.23568460502305022,2.0,0.4703389830508475,0.7646623598173438,HI-VAE_piecewise
0.005164165099264368,0.9699858757062146,0.011682782067009368,0.5371812283084352,0.20370600811137646,5.0,0.4025423728813559,0.7318596914620019,HI-VAE_piecewise
0.006102019260033851,0.9650423728813559,0.024771639159675177,0.516379960766561,0.20239024554015164,3.0,0.4067796610169492,0.7377239457343308,HI-VAE_piecewise
0.004225493591504997,0.9713983050847457,0.022500889736092818,0.516547834615965,0.14540353654008178,3.0,0.4364406779661017,0.7367071871669094,HI-VAE_piecewise
0.004470378072658833,0.9703389830508474,0.013662980682080175,0.5475554549569941,0.16111199629617415,2.0,0.4703389830508475,0.7446819710433589,HI-VAE_piecewise
0.004156352155700429,0.9731638418079095,0.016533134707311374,0.5434623509883808,0.20310303323358433,3.0,0.4533898305084746,0.7375490968668097,HI-VAE_piecewise
0.004579477819139539,0.9749293785310734,0.012392037172066894,0.5199769880790706,0.15276309404052857,3.0,0.4194915254237288,0.7551070511986674,HI-VAE_piecewise
0.005050525927679948,0.972457627118644,0.011396116172814387,0.48407273275992146,0.1017338227608333,1.0,0.4406779661016949,0.7679031816008146,HI-VAE_piecewise
0.005398933770822426,0.9678672316384179,0.01805665674345461,0.4497868567979477,0.15592796552666968,4.0,0.5042372881355932,0.7304577376012181,HI-VAE_piecewise
0.004829079782690682,0.9661016949152543,0.019859195213080244,0.5972423419345103,0.20560536477487937,4.0,0.4194915254237288,0.7558158996729583,HI-VAE_piecewise
0.003862198326492717,0.9731638418079096,0.022876502524887384,0.5138014938886373,0.17694368706144728,2.0,0.3983050847457627,0.7700388815037049,HI-VAE_piecewise
0.005265357829483443,0.9639830508474576,0.025983870084827783,0.5773917307982497,0.18782593378564988,2.0,0.4364406779661017,0.7488735147932313,HI-VAE_piecewise
0.0042695776190423695,0.972457627118644,0.01238355902392003,0.5466802474724612,0.2387874555963065,4.0,0.4364406779661017,0.7523160137486491,HI-VAE_piecewise
0.004343461979080535,0.972457627118644,0.01819421101716096,0.5041289422061265,0.19354374748955935,3.0,0.4872881355932203,0.7460751838009284,HI-VAE_piecewise
0.004815441527528583,0.9735169491525424,0.020297895378222578,0.6350799758563452,0.23210961922231388,2.0,0.4491525423728814,0.7724975515591643,HI-VAE_piecewise
0.00592607523279049,0.9689265536723163,0.01317635354767084,0.6087992304210049,0.2330120858354952,3.0,0.4449152542372881,0.7417208305894203,HI-VAE_piecewise
0.0048854360093211835,0.9678672316384179,0.015659526602283286,0.5610098838086616,0.17840385346637536,2.0,0.4533898305084746,0.736802540292258,HI-VAE_piecewise
0.0045469008826288515,0.9745762711864406,0.01623803668088999,0.5710785423268446,0.21781080388986285,4.0,0.4279661016949153,0.7494540122095718,HI-VAE_piecewise
0.0032409298256188546,0.9738700564971752,0.017765324329311067,0.5472366832654293,0.1665134562046308,3.0,0.4152542372881356,0.7376791818815318,HI-VAE_piecewise
0.005960900418722521,0.9682203389830507,0.024119990696315985,0.5524860419496,0.1223729060066504,2.0,0.4322033898305085,0.7176000674472237,HI-VAE_piecewise
0.0045403358294026945,0.9713983050847457,0.031841272075079245,0.47539422061264525,0.14226465610877573,2.0,0.5296610169491526,0.7307736979800916,HI-VAE_piecewise
0.0065693558915116855,0.9590395480225987,0.02477490406349386,0.5565640561339974,0.16244140189615572,4.0,0.4661016949152542,0.7588137063262363,HI-VAE_piecewise
0.0052826992918923,0.9685734463276835,0.011975527906702695,0.5247453598913536,0.17324189959149422,2.0,0.4533898305084746,0.7555227101972659,HI-VAE_piecewise
0.007327905192529491,0.9586864406779662,0.021434020828129865,0.5849743473668327,0.16814642252509196,5.0,0.4872881355932203,0.7450830706473913,HI-VAE_piecewise
0.004275189257831266,0.9731638418079096,0.013734850090550876,0.5732194054625019,0.18171455871274753,6.0,0.4576271186440678,0.740035004452739,HI-VAE_piecewise
0.0045319102609700365,0.9703389830508474,0.019441497628393006,0.5896163422363061,0.20727480610029816,2.0,0.4449152542372881,0.7481424560173958,HI-VAE_piecewise
0.005282814122334173,0.9685734463276835,0.01074403611070788,0.5296702882148785,0.1845428317108039,2.0,0.461864406779661,0.761568014190836,HI-VAE_piecewise
0.003701671600603326,0.9745762711864407,0.013726012455188018,0.5512901765504753,0.14323412385341433,2.0,0.5,0.7509201801286793,HI-VAE_piecewise
0.00541978055436498,0.9696327683615819,0.01787615104545722,0.5541855288969367,0.16015024231792557,2.0,0.4364406779661017,0.7431359225962714,HI-VAE_piecewise
0.004552580432451346,0.9689265536723163,0.022888515537794595,0.5817507922136713,0.18503032006048595,2.0,0.4322033898305085,0.7388775213950236,HI-VAE_piecewise
0.003529650375745997,0.9798728813559321,0.01243366347974057,0.5048098687188773,0.2071339108602276,4.0,0.423728813559322,0.7463422195535663,HI-VAE_piecewise
0.006320840993641094,0.9636299435028249,0.016832057111654055,0.5319620491926964,0.1895681522001687,2.0,0.4576271186440678,0.7426236388369442,HI-VAE_piecewise
0.004904657092238769,0.9653954802259888,0.021848988591497576,0.5210370454202505,0.20826277194999257,4.0,0.4322033898305085,0.7757848050280943,HI-VAE_piecewise
0.005785892754028602,0.9675141242937854,0.021917707610984313,0.524317187264222,0.24054875384985824,6.0,0.3983050847457627,0.762563496670666,HI-VAE_piecewise
0.006257131318417153,0.9639830508474576,0.024589595461702845,0.5289271163422363,0.14540318584315434,5.0,0.4915254237288136,0.7403864431054118,HI-VAE_piecewise
0.005008038271692674,0.9653954802259886,0.02377420756527742,0.5131488607212916,0.20800414842881365,4.0,0.4830508474576271,0.7455450409012198,HI-VAE_piecewise
0.0035131378053987108,0.972457627118644,0.025744401796647377,0.5141561038177155,0.14091537148878527,3.0,0.4152542372881356,0.7420393283498303,HI-VAE_piecewise
0.006458873982274119,0.9668079096045198,0.019189363862538063,0.4953485740153917,0.16507665445133415,4.0,0.4533898305084746,0.7454405623479355,HI-VAE_piecewise
0.004439070814879784,0.971045197740113,0.010948662299261891,0.564614456013279,0.19096341892437485,4.0,0.4279661016949153,0.7558678990348188,HI-VAE_piecewise
0.005360297511920639,0.9710451977401129,0.018901190073148718,0.5412271767013732,0.11201229864774985,1.0,0.4872881355932203,0.7617957118449472,HI-VAE_piecewise
0.0049487055858683715,0.9696327683615819,0.019807329331498303,0.538388411045722,0.12975416600360065,1.0,0.4364406779661017,0.7522495943008262,HI-VAE_piecewise
0.0031597434637627886,0.9781073446327683,0.02211174809324114,0.5902218198279765,0.15398698943792063,2.0,0.4406779661016949,0.7532642563783455,HI-VAE_piecewise
0.00601462675178201,0.9661016949152543,0.01199479841282922,0.5497774256828126,0.19890841326288158,3.0,0.4661016949152542,0.7618253675478416,HI-VAE_piecewise
0.006320890379840471,0.9611581920903954,0.02141744994527961,0.5797683718122831,0.13748748819657705,3.0,0.4449152542372881,0.7390581239297342,HI-VAE_piecewise
0.006568960392383542,0.966454802259887,0.01315244548284945,0.5825165987626377,0.135091243074561,2.0,0.4745762711864407,0.7414280847133998,HI-VAE_piecewise
0.005383957554441485,0.9675141242937854,0.013092528844694277,0.5025086766259244,0.14786955978400596,2.0,0.4533898305084746,0.7468458124115945,HI-VAE_piecewise
0.007489066742840752,0.9597457627118643,0.0197327433422169,0.5418326542930436,0.2231397180132959,5.0,0.4406779661016949,0.7661520649412408,HI-VAE_piecewise
0.005389612546603892,0.9668079096045198,0.01441217008699626,0.5569205522861024,0.17563098348238712,3.0,0.4745762711864407,0.7592895296902539,HI-VAE_piecewise
0.0049224965809163655,0.9713983050847458,0.01730258108668992,0.5413063980685076,0.11473815865412731,1.0,0.461864406779661,0.7376681363067734,HI-VAE_piecewise
0.004625316975812353,0.9699858757062146,0.013928101538531128,0.522725215029425,0.10798448116551387,2.0,0.4661016949152542,0.7452489350611702,HI-VAE_piecewise
0.0050564751823017695,0.9646892655367231,0.016934715534160243,0.5210219556360344,0.16211797133067282,3.0,0.4745762711864407,0.7411661983155124,HI-VAE_piecewise
0.003897806135401088,0.9784604519774011,0.011265087425255524,0.5372151803229214,0.132523215318305,1.0,0.461864406779661,0.7471077840634403,HI-VAE_piecewise
0.0044755018826327835,0.9735169491525424,0.009216011199784258,0.5527161611588953,0.18470328754648818,4.0,0.4067796610169492,0.7661139329823503,HI-VAE_piecewise
0.0041663090488725865,0.974223163841808,0.01539625621492881,0.572008450279161,0.21359214982023228,6.0,0.461864406779661,0.7508801629645752,HI-VAE_piecewise
0.004587574439812164,0.9735169491525424,0.02158892659608011,0.546137015240682,0.12951927754602882,3.0,0.4067796610169492,0.7518650311860439,HI-VAE_piecewise
0.005075065964957207,0.9699858757062149,0.011146782483492894,0.5140504753282027,0.16913800494840275,3.0,0.4957627118644068,0.7770999658340131,HI-VAE_piecewise
0.004110805951446914,0.9759887005649718,0.011344180849955213,0.4975969518635884,0.18382294304152802,4.0,0.4322033898305085,0.7517684272806898,HI-VAE_piecewise
0.005816245955935118,0.9678672316384181,0.024138570899239875,0.5734514108948243,0.16450257520196135,2.0,0.4576271186440678,0.7387256898804805,HI-VAE_piecewise
0.005819379737405125,0.9643361581920904,0.01799485491551506,0.5717330617172174,0.18673589192046797,1.0,0.4533898305084746,0.7475090030927503,HI-VAE_piecewise
0.0046868896214168005,0.9710451977401129,0.02153220832003656,0.5133657763693978,0.16583693962714097,3.0,0.4533898305084746,0.7297215222164243,HI-VAE_piecewise
0.004638271554448996,0.9653954802259886,0.025841391000442818,0.5000622453598914,0.1598715054730035,3.0,0.4576271186440678,0.7489344809805049,HI-VAE_piecewise
0.003907821562841806,0.9749293785310735,0.02205438958881446,0.5228327297419646,0.16686991454393166,3.0,0.4364406779661017,0.7525275431449328,HI-VAE_piecewise
0.004959067827730135,0.9675141242937854,0.018868470833255886,0.5284649917006187,0.2713136832811753,4.0,0.4449152542372881,0.7577464755131897,HI-VAE_piecewise
0.0036114689881242977,0.9788135593220338,0.014009338366094876,0.5383638901463709,0.18085156726941853,2.0,0.4449152542372881,0.7692429191221425,HI-VAE_piecewise
0.00420766378771631,0.9752824858757062,0.01988212236665765,0.49836087218952774,0.1113702842429634,1.0,0.4830508474576271,0.7438725213554154,HI-VAE_piecewise
0.005101441799203407,0.9696327683615819,0.013443205015241579,0.5807020522106534,0.21313016303925697,4.0,0.4830508474576271,0.7512955647721578,HI-VAE_piecewise
0.004457383341541393,0.972457627118644,0.013688294063255304,0.5490172778029274,0.24454106096250175,4.0,0.4449152542372881,0.7377997416206491,HI-VAE_piecewise
0.005767587958087757,0.9551553672316384,0.08220090096310567,0.6329806096272823,0.05534053793904219,1.0,0.4322033898305085,0.7188765660899505,Surv-GAN
0.007095134094128934,0.9562146892655367,0.06773479576599244,0.6578033046627432,0.05814372435021361,1.0,0.3559322033898305,0.7294472166622782,Surv-GAN
0.006276718541590555,0.9639830508474577,0.062123603606848,0.6272295156179266,0.05539153004074074,1.0,0.3898305084745763,0.7033798208878129,Surv-GAN
0.006067134183148689,0.956920903954802,0.07823956350806581,0.6354968311453147,0.06697399322845356,1.0,0.4067796610169492,0.7236710728552989,Surv-GAN
0.006790322511777437,0.9583333333333334,0.05902960967322171,0.6333918062471706,0.05442578369912416,1.0,0.4322033898305085,0.7217427000886477,Surv-GAN
0.005871002181112251,0.9579802259887006,0.06931785906065108,0.6589689904934359,0.05465539356121876,3.0,0.3093220338983051,0.7440140915471207,Surv-GAN
0.00679566622828637,0.9576271186440678,0.07085413067447467,0.6698468386902068,0.05702622900021577,1.0,0.3898305084745763,0.7487247871671742,Surv-GAN
0.008114399241394314,0.9526836158192089,0.07038432814733221,0.6849177606760223,0.06372893000395093,2.0,0.3559322033898305,0.7314703273631133,Surv-GAN
0.006499313446276355,0.9540960451977402,0.07843340236441816,0.6582673155273879,0.05674934220340473,1.0,0.3983050847457627,0.7222921929561292,Surv-GAN
0.007417182442022028,0.9537429378531074,0.07854816824614475,0.7023615512298174,0.061627361570124065,2.0,0.3516949152542373,0.718258372358147,Surv-GAN
0.007886240701706562,0.9502118644067797,0.06955576031532162,0.6539704994718576,0.07783310358260125,1.0,0.3389830508474576,0.7170881409148495,Surv-GAN
0.007623630710843391,0.9533898305084746,0.06941853230431758,0.6382846687792365,0.05305300231196603,1.0,0.4788135593220339,0.6885685572946982,Surv-GAN
0.007521178823869158,0.9526836158192092,0.06908581957719544,0.6381394296061565,0.05438268018944238,2.0,0.423728813559322,0.7247096242194441,Surv-GAN
0.007698544478633776,0.9502118644067798,0.0708970705829806,0.6514693677380414,0.06842774096115178,1.0,0.3940677966101695,0.6991031468379139,Surv-GAN
0.007323674378703543,0.9526836158192089,0.07606181812946076,0.6842971933001357,0.07381007145606547,1.0,0.4110169491525424,0.7289827154274997,Surv-GAN
0.008927230016731688,0.9498587570621467,0.07177740136522369,0.6895710728836578,0.061753373008319415,1.0,0.4194915254237288,0.7302193129657102,Surv-GAN
0.005755697456876156,0.9604519774011299,0.07276806895477947,0.647355515316131,0.06184771182654536,1.0,0.3983050847457627,0.7416604893795192,Surv-GAN
0.006407281420938726,0.9562146892655368,0.07709320333910018,0.6817224988682662,0.05980242240873051,1.0,0.3898305084745763,0.7167447927978353,Surv-GAN
0.006727037429859498,0.9586864406779662,0.07647014945007978,0.6622849705749208,0.06968697930317164,1.0,0.3898305084745763,0.7397335176784934,Surv-GAN
0.006750152081653219,0.9622175141242937,0.06484010517571968,0.6623905990644334,0.059396747286556445,1.0,0.3855932203389831,0.7371602306129815,Surv-GAN
0.009244253475073726,0.9495056497175139,0.06677799446318446,0.6805964237211408,0.05341311042987789,2.0,0.4025423728813559,0.7186154773525616,Surv-GAN
0.008055503874806883,0.9509180790960451,0.06817807363509604,0.6307473215633016,0.05593853066672037,2.0,0.3813559322033898,0.7240148271031275,Surv-GAN
0.007472823608102717,0.9544491525423728,0.07124605655938954,0.6405877470952166,0.05773867109833384,1.0,0.3855932203389831,0.7057593788039187,Surv-GAN
0.007238449576227141,0.9576271186440678,0.06941591628563905,0.6280339897389468,0.059233246317643574,3.0,0.4152542372881356,0.6958778469165106,Surv-GAN
0.007224481796548069,0.9537429378531074,0.0763487213652296,0.6533272974196469,0.056479225281113536,2.0,0.3898305084745763,0.73716625556797,Surv-GAN
0.006409524724184639,0.9600988700564971,0.0653076493850122,0.6531763995774861,0.059686742765481714,2.0,0.3855932203389831,0.729643655679771,Surv-GAN
0.007693088262053723,0.957274011299435,0.07780254343995409,0.675878979930587,0.056608799066013626,2.0,0.3644067796610169,0.7456829649938563,Surv-GAN
0.00779261243011434,0.9548022598870056,0.06851951960478102,0.707220461747397,0.057933951665047174,1.0,0.3771186440677966,0.7241403682451976,Surv-GAN
0.007309797334025575,0.9565677966101694,0.08079364884268575,0.682031839444696,0.05267193327015474,1.0,0.3898305084745763,0.7130454865582071,Surv-GAN
0.005822438714902685,0.9622175141242938,0.07791197033855453,0.6459408480458729,0.05443492182686997,2.0,0.4067796610169492,0.7402143427821771,Surv-GAN
0.006117101147344366,0.9643361581920904,0.06216070239575548,0.6337086917157085,0.05470398329511755,6.0,0.3813559322033898,0.7511723822904317,Surv-GAN
0.006350657763276095,0.9600988700564973,0.0707297644724509,0.6580258789799306,0.06071272764556747,1.0,0.4110169491525424,0.7161683875339339,Surv-GAN
0.006824712176958271,0.9576271186440678,0.07307429759617887,0.6608118303908255,0.061301740357330145,2.0,0.3559322033898305,0.7308221521211034,Surv-GAN
0.00716878406256071,0.9502118644067795,0.07639824723594853,0.6274181379206277,0.05498279437154912,2.0,0.4110169491525424,0.7312993178424253,Surv-GAN
0.006326129055068665,0.9576271186440678,0.07265820171780053,0.65403840350083,0.05725265935277121,1.0,0.3813559322033898,0.7289574460742566,Surv-GAN
0.0072261587294443165,0.9576271186440679,0.0729559654297443,0.6465161460691113,0.05899451912129012,1.0,0.3813559322033898,0.7202175006481487,Surv-GAN
0.006337495673443886,0.9586864406779662,0.06834818618727219,0.620965368945224,0.05672339415030439,1.0,0.3983050847457627,0.7183316760206954,Surv-GAN
0.007484231170726309,0.9530367231638417,0.0768589455040986,0.6376112871585935,0.05763986762532492,1.0,0.3644067796610169,0.727144381185661,Surv-GAN
0.00829513431162826,0.949858757062147,0.08399997329624338,0.6998849403953523,0.06335410799444971,1.0,0.3601694915254237,0.7359957814831469,Surv-GAN
0.006793390442031348,0.955861581920904,0.07902200619712485,0.7060925003772446,0.05841538678826691,1.0,0.4025423728813559,0.7373977810244299,Surv-GAN
0.006628677652921991,0.9572740112994351,0.06699950001099582,0.6200675267843669,0.06050970630386799,1.0,0.3855932203389831,0.7339568621269627,Surv-GAN
0.005290807679003689,0.9593926553672317,0.07719900554717739,0.6703542326844727,0.0570895422021199,1.0,0.3728813559322034,0.733486099555457,Surv-GAN
0.0074356351638314765,0.9562146892655367,0.07208574906036573,0.6447770484382074,0.0565367356872593,3.0,0.3983050847457627,0.7336926626282053,Surv-GAN
0.006122794363788514,0.9597457627118643,0.07937238957380342,0.6142937980986872,0.0544714533728684,1.0,0.4279661016949153,0.7403773803981821,Surv-GAN
0.0065501376246629855,0.9523305084745762,0.08323410437954457,0.6605062622604496,0.060380859289168566,1.0,0.4025423728813559,0.7257810323822137,Surv-GAN
0.006921488859058365,0.9615112994350282,0.0676754320728914,0.6658046627433227,0.05877296411170217,1.0,0.3728813559322034,0.7215614145250352,Surv-GAN
0.007002440412370226,0.9551553672316384,0.07642549723774679,0.6283612494341331,0.05966146417105594,1.0,0.3940677966101695,0.7474039051792892,Surv-GAN
0.007371718277358132,0.9569209039548022,0.0803412241678869,0.6870831447110307,0.054273020804185536,2.0,0.3474576271186441,0.7329201480908926,Surv-GAN
0.006753771416624786,0.9533898305084746,0.0753852226650747,0.6470706956390524,0.06332530798385413,1.0,0.3940677966101695,0.7161062471374853,Surv-GAN
0.008163347728884728,0.9523305084745762,0.07383783940613994,0.7224083295608873,0.05434369865765278,3.0,0.3474576271186441,0.7179421509644017,Surv-GAN
0.008874859247054298,0.9509180790960451,0.06361540043982804,0.6632733514410745,0.06527547218774066,1.0,0.3855932203389831,0.7453449047050484,Surv-GAN
0.007880579885108355,0.9491525423728812,0.08304365377755947,0.6678700769578996,0.054887301616961676,1.0,0.3898305084745763,0.7189525498572613,Surv-GAN
0.005863349235748651,0.955861581920904,0.08975700016588047,0.6673155273879583,0.06591819593180435,2.0,0.3898305084745763,0.7393894210669772,Surv-GAN
0.007092589108167203,0.9565677966101694,0.07991280640536996,0.692936094763845,0.05964530366010512,3.0,0.3813559322033898,0.7276345711183935,Surv-GAN
0.006765590353389181,0.9516242937853107,0.07670164583617697,0.6758676625924249,0.06791712986146714,1.0,0.3728813559322034,0.7195166982852732,Surv-GAN
0.006430145255852767,0.9565677966101694,0.07058579635446893,0.672534706503697,0.05325415220802672,2.0,0.3813559322033898,0.7264986695139856,Surv-GAN
0.009292870622910177,0.9463276836158192,0.06840675997757063,0.6145125999698203,0.05774340437433258,1.0,0.4194915254237288,0.7327115012600453,Surv-GAN
0.0061473585631948964,0.9615112994350281,0.06876683022579726,0.6663252602987778,0.05124324740046592,5.0,0.3771186440677966,0.7370154284043904,Surv-GAN
0.006028509232816074,0.9600988700564971,0.08033524751586135,0.6479553342387204,0.06216439027250798,2.0,0.3771186440677966,0.7095092695912614,Surv-GAN
0.008269376405751263,0.9480932203389831,0.07086728249400037,0.6480515316130979,0.05789396043601338,1.0,0.423728813559322,0.7351393364682443,Surv-GAN
0.007364451377502528,0.9558615819209039,0.06707559036936218,0.6795797495095821,0.05319608341233889,2.0,0.3813559322033898,0.7297067925911463,Surv-GAN
0.006690379400040368,0.9569209039548023,0.05940194551144511,0.6792440018107742,0.055940151271664046,1.0,0.3855932203389831,0.7154600470034032,Surv-GAN
0.007948580075774576,0.948093220338983,0.0688796639293259,0.6074392636185303,0.057842787699777715,1.0,0.3686440677966102,0.690521358019713,Surv-GAN
0.0073056777633450755,0.955861581920904,0.07485491149683814,0.6750943111513505,0.05953603946199948,1.0,0.3771186440677966,0.716536975792751,Surv-GAN
0.005982918718406922,0.9565677966101696,0.07696783248546069,0.6838727931190584,0.054281076725445625,1.0,0.3686440677966102,0.7412490493718921,Surv-GAN
0.006853743944500951,0.9579802259887007,0.06685932362792454,0.6650143352950053,0.07831596912081129,1.0,0.3686440677966102,0.7257044135897304,Surv-GAN
0.006467063867545337,0.9590395480225989,0.07619707576727228,0.6621001207182737,0.056621306082586254,1.0,0.4067796610169492,0.7322868237075527,Surv-GAN
0.006490759725908257,0.9615112994350282,0.06360171734737696,0.68452165384035,0.05465759768089968,1.0,0.4110169491525424,0.7098240942794221,Surv-GAN
0.006235793616115198,0.9579802259887006,0.07026821160720227,0.6648917307982496,0.05885092701147871,1.0,0.3813559322033898,0.7352550123669516,Surv-GAN
0.009464606825340699,0.9452683615819208,0.07135382673781128,0.7059963030028671,0.05690627985589866,1.0,0.4067796610169492,0.7215906814471991,Surv-GAN
0.007883661852636238,0.9533898305084746,0.07294538745859536,0.6714388109250037,0.05853876416647026,1.0,0.3940677966101695,0.7459339831355306,Surv-GAN
0.008635086399246138,0.9477401129943503,0.07588966432223158,0.6699694431869625,0.06975952495865989,1.0,0.3728813559322034,0.7276641780198264,Surv-GAN
0.0073327243034741465,0.9512711864406781,0.0722262560516564,0.6612814999245511,0.05778505855343058,1.0,0.3771186440677966,0.7488475876777801,Surv-GAN
0.006050684236888071,0.9579802259887006,0.07486818538238699,0.6315395352346461,0.11673128483811068,1.0,0.4110169491525424,0.7519106849667972,Surv-GAN
0.0073870918592569695,0.9530367231638417,0.08218116471770553,0.6761996378451789,0.06026444456597615,1.0,0.3813559322033898,0.7320971009190891,Surv-GAN
0.007806573823461268,0.9519774011299434,0.06598331223744068,0.6585257280820883,0.05562868307852736,1.0,0.3516949152542373,0.7284514433179653,Surv-GAN
0.007249978863478755,0.9516242937853105,0.07036574290051678,0.6786140033197526,0.05657168305069965,1.0,0.4025423728813559,0.7301182202656404,Surv-GAN
0.006216745491892452,0.9583333333333331,0.07418037807317936,0.6489776671193602,0.05574758151317029,2.0,0.3855932203389831,0.7214098460842231,Surv-GAN
0.00672867810942692,0.9548022598870055,0.07225592483977943,0.6610608118303907,0.06195560770393836,1.0,0.4152542372881356,0.7159366202285028,Surv-GAN
0.006305552334813897,0.9544491525423728,0.08048923902954402,0.6457050701674966,0.05985555898131004,1.0,0.4110169491525424,0.731027613608988,Surv-GAN
0.0061953952851854675,0.9629237288135593,0.07278227523777074,0.6509072732759922,0.05318555292331552,1.0,0.4110169491525424,0.7233504234445925,Surv-GAN
0.007818302040669333,0.952683615819209,0.08102624852847654,0.6766014033499321,0.06622672566844018,1.0,0.3644067796610169,0.7178479632624813,Surv-GAN
0.0067994098848405534,0.9562146892655367,0.0732959497648546,0.6926041195110909,0.0759078174985145,1.0,0.3855932203389831,0.7475413396264836,Surv-GAN
0.0070775633825942525,0.9572740112994351,0.06937696070789146,0.6547381922438509,0.05367735070154442,2.0,0.3728813559322034,0.7301141242343103,Surv-GAN
0.006576022258922786,0.9646892655367232,0.05970831792075751,0.6084597102761432,0.13759401707654403,1.0,0.3855932203389831,0.7112988265869034,Surv-GAN
0.009071222516413704,0.9442090395480225,0.06622096440843273,0.6577391730798249,0.05777077114391459,1.0,0.3983050847457627,0.7056139233892196,Surv-GAN
0.006771221839918227,0.9555084745762711,0.06763779953790142,0.6381092500377246,0.05626189692110105,2.0,0.3728813559322034,0.7274530485037422,Surv-GAN
0.00825542557796739,0.9533898305084746,0.05999171974935126,0.6969726120416478,0.055146946516732485,3.0,0.4025423728813559,0.7067610509644933,Surv-GAN
0.008036535949484626,0.9544491525423728,0.05853248614593752,0.6451109099139882,0.05438745529989871,1.0,0.3940677966101695,0.7485251612792385,Surv-GAN
0.007072624808453148,0.9600988700564971,0.06794748336720426,0.6919477138976913,0.0559819662092704,1.0,0.4194915254237288,0.7313799458323035,Surv-GAN
0.005902515604488425,0.9555084745762712,0.06297798541097024,0.689452240832956,0.07965068620314608,1.0,0.3559322033898305,0.7629914399025083,Surv-GAN
0.006497828459670212,0.9544491525423728,0.07631260976111036,0.6737447185755243,0.05517390200407981,2.0,0.3728813559322034,0.7322566135031625,Surv-GAN
0.007942298106516867,0.9509180790960451,0.06399307874363713,0.6136911498415573,0.0545156010385089,1.0,0.423728813559322,0.7180934718103651,Surv-GAN
0.007259272347136673,0.9576271186440678,0.07735512430210617,0.6571129470348575,0.05773453717127687,2.0,0.4067796610169492,0.7307117804385743,Surv-GAN
0.005844385216503289,0.9590395480225989,0.06617309950679715,0.6674268145465521,0.061240118294905464,1.0,0.3940677966101695,0.7297817557812262,Surv-GAN
0.006909734567632192,0.9530367231638418,0.07879429220727015,0.6972555454956992,0.05533548947458884,1.0,0.3644067796610169,0.7343444393939836,Surv-GAN
0.006651549464372831,0.9590395480225987,0.07362845287600933,0.6426739097630905,0.05927244339191355,3.0,0.4364406779661017,0.7260369469864477,Surv-GAN
0.00612405540788976,0.9555084745762712,0.07982223078354114,0.6124717066545948,0.0676695122418121,1.0,0.3813559322033898,0.7635624889889315,Surv-GAN
0.007106971299578703,0.9555084745762711,0.07409903788592102,0.6763297872340426,0.05595678050034264,4.0,0.3474576271186441,0.7212481624540803,Surv-GAN
0.007619492134673549,0.9555084745762713,0.07324859642844156,0.6421608570997435,0.052703842993169686,2.0,0.3940677966101695,0.7253439625138509,Surv-GAN
0.007422063903891901,0.9569209039548023,0.06952069166220624,0.6792081635732609,0.05546286508145762,1.0,0.4067796610169492,0.7128624476771739,Surv-GAN
0.006980992802712349,0.9551553672316384,0.07641571141205424,0.6464142900256525,0.05666217708077064,1.0,0.3940677966101695,0.73770150576911,Surv-GAN
0.006542445641676355,0.9597457627118643,0.073024191728008,0.6361607816508223,0.05369340026545732,1.0,0.3983050847457627,0.7232744445625141,Surv-GAN
0.006822951654624009,0.9487994350282486,0.06945977874417958,0.6805964237211407,0.06569708829120148,1.0,0.3855932203389831,0.7119666360988405,Surv-GAN
0.006934713180029895,0.953036723163842,0.07548001775142107,0.6532235551531613,0.0521902567878443,1.0,0.4279661016949153,0.7104038765293095,Surv-GAN
0.008152488338273105,0.9519774011299434,0.06463907739894297,0.6711785121472762,0.06021066375636039,1.0,0.4406779661016949,0.7338824255598171,Surv-GAN
0.005342411533124396,0.9604519774011299,0.08015187669581345,0.6245944620491928,0.06444808453344016,1.0,0.3898305084745763,0.7236485427474011,Surv-GAN
0.007755014002794679,0.9555084745762712,0.06448952278064739,0.6561773804134601,0.08553362713974935,1.0,0.3940677966101695,0.709261896722961,Surv-GAN
0.007470464396538104,0.95409604519774,0.06974915242169016,0.6149728383884111,0.05807898594349685,3.0,0.3559322033898305,0.7192152936904316,Surv-GAN
0.0069131141009299985,0.9572740112994351,0.0709528343811253,0.6766579900407425,0.060549813751237774,1.0,0.3940677966101695,0.7361407060716046,Surv-GAN
0.006755185385929885,0.9555084745762712,0.06318687909051433,0.6754451486343745,0.06583145959308265,1.0,0.3940677966101695,0.7335302366556354,Surv-GAN
0.007762508753424598,0.9544491525423728,0.07526976655881355,0.684499019164026,0.06308563367071585,1.0,0.4279661016949153,0.7167670686515597,Surv-GAN
0.006729667144274669,0.9576271186440678,0.06735867930880281,0.6365361400331976,0.05423504770095799,1.0,0.3559322033898305,0.7580351229523544,Surv-GAN
0.006577003104985639,0.955861581920904,0.08222615230208354,0.7243945224083295,0.05944955749733222,1.0,0.3771186440677966,0.7435047033972457,Surv-GAN
0.00725624078055719,0.9509180790960453,0.07724699685367795,0.704768371812283,0.06526563998627193,1.0,0.3686440677966102,0.7295940638509409,Surv-GAN
0.007289295482420137,0.9502118644067797,0.08455676166686997,0.6591877923645694,0.05937788014009327,1.0,0.423728813559322,0.7518830811831133,Surv-GAN
0.007014513005263802,0.9562146892655367,0.07197961453187829,0.6559830994416779,0.078815191733695,1.0,0.3728813559322034,0.7345877423321651,Surv-GAN
0.0067894513560206315,0.9551553672316383,0.07481635303881416,0.6728327297419646,0.05555776026407881,1.0,0.4110169491525424,0.7481719794119602,Surv-GAN
0.008166127226138702,0.9459745762711864,0.0778226263914392,0.6768428398973896,0.055768326530017266,3.0,0.3940677966101695,0.7339894098364222,Surv-GAN
0.006957047019038785,0.9452683615819208,0.07465869449841567,0.698440093556662,0.05950617437113722,1.0,0.326271186440678,0.7663598337379748,Surv-GAN
0.006402756757383123,0.955861581920904,0.07815277567154874,0.6839161762486796,0.05512029670270475,2.0,0.3559322033898305,0.7390690482594903,Surv-GAN
0.006830600412324643,0.9569209039548022,0.07174383613299996,0.7004357175192395,0.06240441133437466,1.0,0.3686440677966102,0.7421638739151724,Surv-GAN
0.006844940156693968,0.955861581920904,0.06395431581997063,0.6153746038931643,0.05478065847719035,1.0,0.3855932203389831,0.7286919636799416,Surv-GAN
0.0057987158912551524,0.9625706214689265,0.07099959278568031,0.5978459333031537,0.056453810390095574,1.0,0.4152542372881356,0.7330805884450808,Surv-GAN
0.006585494143934695,0.9565677966101694,0.07486578719295846,0.6705409687641467,0.06651781764969157,1.0,0.3813559322033898,0.7042363852041418,Surv-GAN
0.0049036081817472816,0.9636299435028248,0.06833806127750681,0.6246755696393542,0.0640637973924953,1.0,0.3813559322033898,0.7260907108103835,Surv-GAN
0.0054408529986121265,0.9629237288135593,0.07749855538288138,0.6629866455409686,0.05694411700585979,1.0,0.3771186440677966,0.7371996079320592,Surv-GAN
0.006548372356606623,0.9611581920903954,0.0807141669965188,0.6488116794929832,0.05492031383385264,3.0,0.4533898305084746,0.7077488042226864,Surv-GAN
0.006165657557867683,0.9583333333333331,0.07344374555043924,0.6753187716915647,0.05548436696745716,2.0,0.3686440677966102,0.7273280482825285,Surv-GAN
0.007096871609284545,0.9519774011299434,0.07517665314980261,0.6509789497510187,0.06540266101882143,1.0,0.3135593220338983,0.7102048976377225,Surv-GAN
0.007461457429975722,0.9477401129943503,0.0770969165764563,0.7220933303153765,0.06867004715057984,1.0,0.3940677966101695,0.7255857649273829,Surv-GAN
0.005287059819954365,0.9650423728813559,0.06808408041675733,0.637132186509733,0.05520920091327606,1.0,0.4194915254237288,0.7406063241240894,Surv-GAN
0.006332364950909314,0.9622175141242938,0.07324966863865504,0.6523011920929531,0.04891742987492192,2.0,0.4067796610169492,0.6769188752390004,Surv-GAN
0.006759322826187026,0.9565677966101696,0.06774693151936208,0.6438678889391882,0.056600777124617814,1.0,0.3898305084745763,0.7154759470738842,Surv-GAN
0.005779990918587265,0.9636299435028247,0.07863175043600566,0.6157424173834315,0.051840013022450775,1.0,0.4025423728813559,0.7201127999922291,Surv-GAN
0.009698170071635686,0.9459745762711864,0.08344997502001221,0.6663875056586691,0.05645602497037377,1.0,0.4110169491525424,0.7246655197485177,Surv-GAN
0.004687999675818544,0.9622175141242938,0.06916411577770495,0.7075467783310699,0.05533740870336356,1.0,0.3559322033898305,0.7298222725169558,Surv-GAN
0.0075042875947091735,0.9579802259887006,0.07166230129986385,0.6712218952768975,0.06001931637595644,4.0,0.3898305084745763,0.7202533029467179,Surv-GAN
0.00812268699874929,0.9562146892655368,0.06250244890251684,0.6268692470197677,0.056944837672600564,1.0,0.4025423728813559,0.7366415651736912,Surv-GAN
0.008481397964431038,0.9495056497175139,0.07620540043417204,0.7007488305417232,0.05267585735241393,4.0,0.3898305084745763,0.7303034829249245,Surv-GAN
0.007090390526569529,0.9537429378531074,0.08290970984929795,0.6174767994567678,0.0593245985443165,1.0,0.3516949152542373,0.7387833869405278,Surv-GAN
0.006060430703741544,0.9611581920903954,0.06708975333649886,0.6467858759619738,0.052554116535585386,4.0,0.4067796610169492,0.7297756805852299,Surv-GAN
0.007268645255245866,0.9537429378531073,0.07335766217312592,0.7013637392485288,0.05806609541382201,1.0,0.3644067796610169,0.734802985925614,Surv-GAN
0.006715955071161731,0.9562146892655367,0.08034549342178582,0.6527444545043005,0.05905602357777504,2.0,0.3855932203389831,0.7348083422464085,Surv-GAN
0.006951755448763544,0.9593926553672317,0.07002877350310698,0.6708786026859817,0.06782111469048978,1.0,0.3686440677966102,0.7247285882590271,Surv-GAN
0.006628011402551484,0.9608050847457626,0.0730220458877791,0.6856232080881243,0.06179310890773675,2.0,0.3347457627118644,0.7260852224931622,Surv-GAN
0.006329853433734961,0.9576271186440678,0.07596936372320201,0.6760864644635582,0.06755980430569695,1.0,0.3898305084745763,0.7075587059492917,Surv-GAN
0.008380043484521467,0.9456214689265536,0.08064411226114716,0.6773860721291687,0.056797031435942974,3.0,0.3601694915254237,0.7468797506604025,Surv-GAN
0.007508368833775859,0.9509180790960451,0.07654016500361469,0.6819111211709673,0.0535326192244233,1.0,0.4152542372881356,0.7539931906912495,Surv-GAN
0.005085259108532939,0.9643361581920904,0.06619257739075773,0.583282405311604,0.05605193320061949,1.0,0.4194915254237288,0.736387875784954,Surv-GAN
0.007868527480820916,0.9548022598870056,0.07060418497667603,0.6409838539308887,0.05701356275658039,1.0,0.3559322033898305,0.7258309684321704,Surv-GAN
0.007001538233156017,0.952683615819209,0.08137782816014186,0.7179832503395203,0.054805456994302414,1.0,0.3898305084745763,0.731314097572145,Surv-GAN
0.006671983958139456,0.9569209039548022,0.07695709740363108,0.649651048740003,0.05773795386173921,1.0,0.3516949152542373,0.7311823329901841,Surv-GAN
0.006323452040073741,0.9622175141242938,0.0666763088301968,0.7117511694582768,0.06653718565995609,1.0,0.3644067796610169,0.7138221212606313,Surv-GAN
0.006126844117418417,0.9604519774011299,0.07429901983395257,0.6210709974347367,0.05440536623841111,2.0,0.4067796610169492,0.7364484813476526,Surv-GAN
0.006821570300298826,0.9583333333333334,0.07501754965373425,0.6753508374830239,0.06057365488228918,2.0,0.3855932203389831,0.7318097212868323,Surv-GAN
0.007582596280245186,0.9470338983050849,0.0685965264947386,0.6872811981288668,0.05999377966131685,2.0,0.3855932203389831,0.7258370393050313,Surv-GAN
0.008860103861508853,0.9516242937853107,0.06760008030774244,0.6612532065791459,0.053942024425337284,2.0,0.3855932203389831,0.7052934179580951,Surv-GAN
0.007906333228847675,0.9548022598870056,0.06761044118679282,0.6151548589105176,0.05420186576143889,1.0,0.3305084745762712,0.7283425992493721,Surv-GAN
0.006348466060208325,0.9622175141242937,0.05999361237281679,0.6512901765504754,0.05996717135411998,3.0,0.3813559322033898,0.739950966425548,Surv-GAN
0.007284464942668138,0.949858757062147,0.06555557066576527,0.7034253810170515,0.05449914741910108,1.0,0.3940677966101695,0.7138714209867157,Surv-GAN
0.007814110828343355,0.9477401129943502,0.08010199050221371,0.6159046325637544,0.059128013198863086,1.0,0.3813559322033898,0.7283900388395674,Surv-GAN
0.006912431403274747,0.952683615819209,0.07478680206971179,0.6193196393541573,0.0719723444761296,1.0,0.4364406779661017,0.7334115517880423,Surv-GAN
0.00675638598593714,0.9551553672316385,0.07425272310128808,0.6416647804436397,0.05139963647350819,3.0,0.4533898305084746,0.7177650620525038,Surv-GAN
0.00608790024962133,0.9653954802259888,0.07299582281020503,0.6034159499019165,0.052883217639558326,2.0,0.3940677966101695,0.7361880258484811,Surv-GAN
0.0075618559240181816,0.9533898305084745,0.06278214768615908,0.6859193451033649,0.059730508516804524,1.0,0.3813559322033898,0.727761289834064,Surv-GAN
0.006308482806281359,0.9569209039548022,0.07124944260691642,0.6029858910517578,0.05779406865218659,1.0,0.4110169491525424,0.7092601110758829,Surv-GAN
0.006162242357333866,0.9569209039548022,0.06297317278575607,0.6657084653689452,0.05241885455538255,2.0,0.3855932203389831,0.7093352776174838,Surv-GAN
0.007021363715924725,0.9565677966101696,0.06580979872366283,0.6546778331069867,0.06820926274275535,1.0,0.3516949152542373,0.7338123241569704,Surv-GAN
0.006249544801222226,0.9530367231638418,0.07998722913973967,0.6645974800060358,0.057751102212866466,1.0,0.3898305084745763,0.7204413922941082,Surv-GAN
0.00724763410126216,0.9544491525423728,0.07278166708037062,0.6539176852271014,0.05413573148264511,1.0,0.3813559322033898,0.7143172434421137,Surv-GAN
0.007378710557127762,0.9502118644067795,0.07750923615221855,0.7022446054021427,0.05683565294983284,2.0,0.4025423728813559,0.7067432519116713,Surv-GAN
0.006757315716996975,0.9586864406779662,0.06946036968636933,0.6790251999396408,0.05415502813255307,2.0,0.3728813559322034,0.7370573839088385,Surv-GAN
0.0069575389190476115,0.9597457627118645,0.05809240571951966,0.698600422513958,0.05506827416683269,2.0,0.4449152542372881,0.7157660226608304,Surv-GAN
0.009233689890747318,0.9484463276836159,0.059473205101869805,0.6255998189225893,0.061449602317815696,2.0,0.3855932203389831,0.7151954169671824,Surv-GAN
0.006331838251295143,0.9636299435028249,0.07446155031010582,0.6730968009657461,0.056021074568576405,1.0,0.4025423728813559,0.7352081376431945,Surv-GAN
0.007658555383126656,0.952683615819209,0.07757767727299952,0.6649105930285197,0.057335479590965445,1.0,0.3559322033898305,0.7206960733161439,Surv-GAN
0.006010171415887714,0.9569209039548022,0.07435842613495199,0.6642108042854987,0.061007979906225245,1.0,0.3728813559322034,0.7359090560377888,Surv-GAN
0.00569297995028195,0.9625706214689265,0.07046126458081374,0.6659725365927267,0.06094887436599766,1.0,0.423728813559322,0.74778246952192,Surv-GAN
0.0067597590750623935,0.9555084745762711,0.06508020753205823,0.6419137618832051,0.06475691888252111,1.0,0.3855932203389831,0.7332453840533967,Surv-GAN
0.007821941984302671,0.952683615819209,0.06433997965223416,0.7191149841557266,0.05369840761842948,2.0,0.3559322033898305,0.7404124695263739,Surv-GAN
0.007804344634629162,0.9548022598870057,0.07231490101673714,0.6232599592575825,0.053890136889175315,4.0,0.4322033898305085,0.722425039201284,Surv-GAN
0.006730348663235536,0.9533898305084746,0.07543977837447506,0.6687113324279463,0.0544487966255648,3.0,0.3601694915254237,0.739715594221263,Surv-GAN
0.008385690568177414,0.9491525423728814,0.07435701211123528,0.7131035913686434,0.058215643546617825,1.0,0.3940677966101695,0.7135512955400892,Surv-GAN
0.006719790387383031,0.9583333333333334,0.07444965218284738,0.6584031235853327,0.059007662071914775,2.0,0.3601694915254237,0.7234818055547801,Surv-GAN
0.005315481244870698,0.9636299435028248,0.07764628153566296,0.6560189376791912,0.05626629857415457,1.0,0.3686440677966102,0.7022797174834585,Surv-GAN
0.006233394107563878,0.9572740112994348,0.0778740359637753,0.6344556360344047,0.07634806406680283,1.0,0.3771186440677966,0.7336966725560771,Surv-GAN
0.006471649348734655,0.9565677966101696,0.08043391207611988,0.6591708163573261,0.060228851846714976,1.0,0.4067796610169492,0.7285471474149904,Surv-GAN
0.008851443029912393,0.9495056497175142,0.06852312420332357,0.5899181379206277,0.06334448347158356,1.0,0.4406779661016949,0.700225506853046,Surv-GAN
0.007893301365251215,0.9470338983050848,0.07503305485708686,0.6273266561038178,0.05515115016871436,3.0,0.4194915254237288,0.7333469223491225,Surv-GAN
0.005959489680008297,0.9646892655367232,0.06268725738704839,0.6621510487400031,0.06326467478911807,1.0,0.423728813559322,0.7357070208170515,Surv-GAN
0.006453419669870969,0.9569209039548022,0.07428259069391553,0.6972725215029425,0.057668198132642685,4.0,0.4025423728813559,0.750374352990249,Surv-GAN
0.006392134977271855,0.9608050847457626,0.06236694855610478,0.678153764901162,0.06309242145509494,2.0,0.3855932203389831,0.7172926110123586,Surv-GAN
0.0067713173023117605,0.9565677966101696,0.07388685364672724,0.6766957145012826,0.06504983056389672,1.0,0.3771186440677966,0.7428121994326715,Surv-GAN
0.006990778970344071,0.9551553672316384,0.07275919427666788,0.6782858005130528,0.05700429625771565,1.0,0.4025423728813559,0.7339223529312253,Surv-GAN
0.008119098721305276,0.9498587570621467,0.0741422715199557,0.669016900558322,0.06025403541678593,1.0,0.3940677966101695,0.7111540159154649,Surv-GAN
0.005722095706671221,0.961864406779661,0.07714399313668595,0.6470537196318092,0.0563245043320747,1.0,0.3813559322033898,0.7541847904460252,Surv-GAN
0.006738805315234326,0.9565677966101694,0.06919045716232175,0.6714350384789497,0.06148938448013712,1.0,0.3940677966101695,0.7310631345860765,Surv-GAN
0.006881428209577674,0.9555084745762711,0.0741825093946665,0.6608665308586088,0.054066546165100426,1.0,0.3728813559322034,0.7334314070432555,Surv-GAN
0.006743010187510369,0.9579802259887006,0.07490256417322555,0.621485966500679,0.0575863373798616,1.0,0.3813559322033898,0.7364259189772053,Surv-GAN
0.00907179346714153,0.9487994350282484,0.057390616436551016,0.7032084653689452,0.06918363270646426,1.0,0.3940677966101695,0.712502693870684,Surv-VAE
0.008073424939742516,0.9544491525423728,0.05763483595995688,0.7307284593330315,0.1584416699094041,1.0,0.3813559322033898,0.7350294063294859,Surv-VAE
0.009574454781524603,0.9456214689265536,0.05424258712225552,0.7247000905387052,0.05373340474522102,2.0,0.4194915254237288,0.751206424941579,Surv-VAE
0.008897066334809656,0.9413841807909605,0.0596714163034085,0.7554492983250339,0.05644935748120122,1.0,0.3855932203389831,0.7299753466135628,Surv-VAE
0.008984264650887079,0.9533898305084746,0.05611091167048231,0.7203221668930133,0.0614513725921667,1.0,0.4364406779661017,0.7195952732073642,Surv-VAE
0.008252420114152713,0.9555084745762712,0.05599094572075868,0.6962350988380867,0.053112047040722636,4.0,0.423728813559322,0.7230505782565049,Surv-VAE
0.009369991082304078,0.946680790960452,0.05727128477135178,0.7122397012222725,0.0767558269714631,1.0,0.3983050847457627,0.7175455527956931,Surv-VAE
0.009113191939455591,0.9431497175141245,0.06367461822290968,0.7167892711634224,0.05185471312174353,1.0,0.3940677966101695,0.7504925764154856,Surv-VAE
0.007922665858896493,0.9537429378531073,0.06535988826196201,0.7129545797495094,0.05999217788749739,1.0,0.3898305084745763,0.7393216612049405,Surv-VAE
0.009806943306478456,0.943502824858757,0.0573761218506095,0.7130205975554549,0.06327183115898845,1.0,0.3898305084745763,0.7345099097613588,Surv-VAE
0.009633151275768265,0.9523305084745762,0.05986459945916385,0.7249415270861626,0.05140615967428721,2.0,0.4110169491525424,0.7041601221674143,Surv-VAE
0.009440601583544553,0.9470338983050847,0.05580024529215785,0.7086256979025201,0.06059332523304823,1.0,0.3728813559322034,0.7436491026783729,Surv-VAE
0.009447682439385794,0.9480932203389831,0.06903808593385732,0.7504036517277803,0.05582279873493098,4.0,0.3686440677966102,0.7420034721683038,Surv-VAE
0.010593171443549194,0.9360875706214689,0.05907010573993154,0.7022314018409538,0.053484887963963654,4.0,0.4279661016949153,0.7538508691467161,Surv-VAE
0.008036887727837358,0.9583333333333334,0.05855340018894161,0.7400746944318696,0.057561246995399586,1.0,0.3855932203389831,0.7365177275601255,Surv-VAE
0.009044176583780567,0.9473870056497175,0.05559339906663651,0.6929323223177908,0.0545876185120788,1.0,0.4449152542372881,0.723843647676345,Surv-VAE
0.007981527107980542,0.9516242937853109,0.06312693920777311,0.7050343292590916,0.05379238152807514,4.0,0.4152542372881356,0.7485583023587855,Surv-VAE
0.010059155344545035,0.9456214689265536,0.05244848606711189,0.720252376641014,0.05536893636577864,3.0,0.3771186440677966,0.7557020752685549,Surv-VAE
0.008081069502037708,0.9502118644067795,0.05572744085696088,0.7294948694733665,0.05577438638246026,1.0,0.4449152542372881,0.7080755958240215,Surv-VAE
0.008244984085099608,0.9487994350282487,0.05796284917375541,0.6986381469744982,0.0756822725140183,1.0,0.4279661016949153,0.7038494758165488,Surv-VAE
0.00799597345318896,0.9537429378531073,0.054257651404134126,0.7213765655651124,0.0544478808901116,1.0,0.4152542372881356,0.725253412859398,Surv-VAE
0.008800098260242018,0.9459745762711863,0.060921348878577745,0.7277519993964086,0.0632873044522126,1.0,0.3940677966101695,0.7015810857475074,Surv-VAE
0.008895543207480124,0.9484463276836158,0.05001874298329391,0.718852799154972,0.058644238736027615,1.0,0.3983050847457627,0.7456698594633315,Surv-VAE
0.010246237648477709,0.9413841807909603,0.05470546403054215,0.697708239022182,0.07531636472275759,1.0,0.4067796610169492,0.7370876507817667,Surv-VAE
0.008746663244870652,0.9537429378531073,0.05702418899035782,0.701944695940848,0.06048528831878269,1.0,0.4576271186440678,0.7284756659090372,Surv-VAE
0.009609208464177899,0.9523305084745762,0.04827306823222618,0.6759204768371812,0.05989098331821403,1.0,0.3516949152542373,0.7373762789945522,Surv-VAE
0.010681690563282763,0.9431497175141242,0.05307268593149995,0.7408480458729441,0.05890751219071699,1.0,0.3686440677966102,0.7181631139272627,Surv-VAE
0.010399175957332555,0.9399717514124292,0.05304121204202378,0.749473743775464,0.06436360508082642,1.0,0.3686440677966102,0.7288177585322914,Surv-VAE
0.010656476243200687,0.943502824858757,0.0532679071912249,0.7110372340425533,0.07454893074886856,1.0,0.3728813559322034,0.7274625671184699,Surv-VAE
0.007978464554441353,0.9533898305084745,0.05209454011242457,0.7163893918816961,0.057673253077235295,1.0,0.3855932203389831,0.7265756623974109,Surv-VAE
0.008511130784387493,0.9540960451977402,0.05542710966041538,0.7345744680851063,0.05812173210262252,1.0,0.4152542372881356,0.7439737556146353,Surv-VAE
0.008391141229450446,0.957274011299435,0.04810538896568157,0.7138731703636638,0.08000579554659322,1.0,0.3983050847457627,0.7124475657712392,Surv-VAE
0.009682860236422978,0.9470338983050847,0.06146984066489713,0.7316508223932399,0.06903074651299869,1.0,0.423728813559322,0.7353098876856217,Surv-VAE
0.007535540396861148,0.9526836158192089,0.0548377481779291,0.6848328806398069,0.08186624150417575,1.0,0.4830508474576271,0.7074775298976397,Surv-VAE
0.009373614441291067,0.9480932203389831,0.05228358208475024,0.7242492832352497,0.060018116275271906,1.0,0.4322033898305085,0.7316927390291227,Surv-VAE
0.006874950852349393,0.9523305084745762,0.07445152593111137,0.7154953221668932,0.05317404396281609,2.0,0.3940677966101695,0.7224071878874125,Surv-VAE
0.007860562025624152,0.9569209039548023,0.05082043091841557,0.7689961521050248,0.059838738362415454,1.0,0.3940677966101695,0.7392471201487099,Surv-VAE
0.008329135508658573,0.9459745762711864,0.049434252041966116,0.6789742719179116,0.07916773478642303,1.0,0.4449152542372881,0.7175889299422549,Surv-VAE
0.009759734117451005,0.940677966101695,0.05815936495214369,0.7397578089633318,0.05601135808946733,1.0,0.3940677966101695,0.7230982559751336,Surv-VAE
0.009691273683673904,0.9459745762711864,0.061435282912509784,0.7051833408782255,0.05694265937604836,1.0,0.3940677966101695,0.7386948668051966,Surv-VAE
0.011057307505825486,0.9382062146892656,0.05137856855608684,0.7000207484532972,0.08411488441827182,2.0,0.4110169491525424,0.7261677273974111,Surv-VAE
0.007950579647249042,0.957274011299435,0.04317001863481347,0.6474102157839143,0.05263187056279673,1.0,0.461864406779661,0.7130540333000543,Surv-VAE
0.010370726281988528,0.9477401129943503,0.05677730190249295,0.7347762939489966,0.06724829703241454,1.0,0.4364406779661017,0.7358154305978136,Surv-VAE
0.00938267837505271,0.9480932203389831,0.05353177733144722,0.6841066847744077,0.05562742668648902,2.0,0.4110169491525424,0.7144701841888758,Surv-VAE
0.008169889523181201,0.9590395480225987,0.05086503338246631,0.7032839142900256,0.05314226332119663,4.0,0.4406779661016949,0.7254280560766373,Surv-VAE
0.00840166893935358,0.9533898305084745,0.060728678352270735,0.6678398973894674,0.05477920213138827,3.0,0.4152542372881356,0.7202525258231072,Surv-VAE
0.01009886975891614,0.9449152542372881,0.05741975211154846,0.7323223177908555,0.06129431282518969,1.0,0.3898305084745763,0.7253995474795866,Surv-VAE
0.008030773930684616,0.9579802259887006,0.05067960031648584,0.6473215633016449,0.061222911302557574,1.0,0.3771186440677966,0.700372500160812,Surv-VAE
0.008578624836430975,0.9548022598870056,0.04810893503606715,0.6889467330617172,0.057307999308709515,1.0,0.3855932203389831,0.7047107994000754,Surv-VAE
0.009428899368701964,0.9417372881355933,0.0727307476299116,0.7348441979779688,0.057264300819920594,2.0,0.3940677966101695,0.7314428020111369,Surv-VAE
0.010733636014842627,0.9452683615819208,0.04741629449832031,0.6780594537498115,0.05390934494529743,1.0,0.4703389830508475,0.7344289788520064,Surv-VAE
0.009458678935444347,0.953036723163842,0.057773700238007604,0.7477723706051004,0.12031531477027345,1.0,0.3601694915254237,0.7077969092880609,Surv-VAE
0.009199158704587007,0.9463276836158192,0.04915210047475217,0.709480156933756,0.05577713287758769,2.0,0.4364406779661017,0.7172250114869423,Surv-VAE
0.007533270340463263,0.9583333333333334,0.05207757205882601,0.6421570846536895,0.05851661893416367,1.0,0.4661016949152542,0.704951672726186,Surv-VAE
0.008684243948617049,0.9502118644067797,0.04912754465113785,0.7145597555454957,0.11876331147833663,1.0,0.3940677966101695,0.7251320964303462,Surv-VAE
0.006881637751075107,0.956920903954802,0.059085078432329186,0.7080145616417685,0.0845521497029553,1.0,0.3983050847457627,0.7251860608893649,Surv-VAE
0.010735169022815445,0.9427966101694915,0.061124909043016894,0.7194658216387506,0.05840564153972553,3.0,0.3898305084745763,0.7251152078482573,Surv-VAE
0.009094634038513861,0.9498587570621467,0.05276926361901861,0.7116040440621699,0.06875073468729827,1.0,0.4364406779661017,0.7338378979869049,Surv-VAE
0.007408514352136204,0.9551553672316383,0.06055240974644927,0.7415997057492079,0.0561290654261539,1.0,0.3898305084745763,0.6923420361660036,Surv-VAE
0.007759618149820287,0.9480932203389831,0.05272851202766118,0.7398804134600875,0.07729535386683503,2.0,0.3813559322033898,0.7103972765312274,Surv-VAE
0.00946673722943141,0.9473870056497175,0.062162994820181165,0.704299645390071,0.05554663052073094,2.0,0.4152542372881356,0.6924192429140833,Surv-VAE
0.008579660366199622,0.9487994350282487,0.057760013972395524,0.7145503244303607,0.06620901501286444,1.0,0.4025423728813559,0.7376080456084272,Surv-VAE
0.00881988649733339,0.954449152542373,0.040204829976266315,0.657924022936472,0.07286347103493199,2.0,0.4152542372881356,0.7217655893154854,Surv-VAE
0.009548483768382647,0.9442090395480228,0.07433458736810694,0.7441093254866455,0.05557861666722392,2.0,0.4110169491525424,0.7279489077899655,Surv-VAE
0.00970921225848421,0.9470338983050848,0.06352340317447396,0.6840878225441376,0.0555880333717725,1.0,0.4322033898305085,0.7343978261210068,Surv-VAE
0.009332972493293288,0.9526836158192089,0.05278331666825267,0.6923853176399577,0.060377564493374385,1.0,0.461864406779661,0.7357287751515068,Surv-VAE
0.010245165034440203,0.943502824858757,0.05391598321040276,0.7289063678889391,0.05384451962233289,5.0,0.4025423728813559,0.7394997642049048,Surv-VAE
0.009185192777142531,0.9505649717514123,0.06893937729769624,0.7164554096876414,0.0548573764601042,6.0,0.4110169491525424,0.7390669655718979,Surv-VAE
0.008511519521457131,0.9505649717514123,0.05374032414428596,0.709863060208239,0.054802032459874514,3.0,0.4279661016949153,0.7123585660768729,Surv-VAE
0.007631240358975732,0.9565677966101696,0.05641659067216468,0.717426814546552,0.05410052835312898,1.0,0.3983050847457627,0.732320579353943,Surv-VAE
0.011007900733518828,0.9438559322033897,0.05827557346428697,0.7568224686886977,0.05405944672644541,1.0,0.4194915254237288,0.7318038200600521,Surv-VAE
0.008246496513905398,0.9480932203389831,0.052228857861720754,0.7051286404104421,0.07225909488244552,1.0,0.3771186440677966,0.7619043604411861,Surv-VAE
0.007978029946656376,0.9512711864406779,0.05780086696405386,0.7043100196167195,0.06537498224550474,1.0,0.4194915254237288,0.7487446776228432,Surv-VAE
0.008072273576578094,0.9526836158192092,0.06316210067491147,0.7144786479553342,0.10000071131223506,1.0,0.4152542372881356,0.7195702020228255,Surv-VAE
0.010080092128907025,0.9413841807909603,0.051286683691464004,0.6746510487400029,0.07427771610986621,1.0,0.4110169491525424,0.7135148792655815,Surv-VAE
0.007607338653036162,0.9523305084745762,0.05498937813911994,0.7191696846235099,0.05376080265878311,4.0,0.3940677966101695,0.7364741834751127,Surv-VAE
0.009476835632385926,0.9431497175141245,0.056180743095872426,0.708985966500679,0.05569166514332975,3.0,0.423728813559322,0.7298821217090089,Surv-VAE
0.007095113641865437,0.9533898305084745,0.052632269788363724,0.7175918590614155,0.059513011504194295,1.0,0.3855932203389831,0.7389750201765455,Surv-VAE
0.009423226697804822,0.9491525423728814,0.05676863197225662,0.7002508676625924,0.07074074597027469,1.0,0.3728813559322034,0.7102900476040782,Surv-VAE
0.009300026172508394,0.9449152542372882,0.05773787762764011,0.7003640410442131,0.06284266519735514,1.0,0.3983050847457627,0.7443881283419354,Surv-VAE
0.010021885921530698,0.9435028248587569,0.06313086647511745,0.6850422513958051,0.05714785876511475,1.0,0.4152542372881356,0.7278115922039562,Surv-VAE
0.007008066129221576,0.9579802259887006,0.051186413469929734,0.7164139127810472,0.06559300347946188,1.0,0.3983050847457627,0.730988400920507,Surv-VAE
0.0101877805458534,0.9420903954802259,0.05864442514027479,0.7267541874151199,0.05655571198411216,1.0,0.3686440677966102,0.7402727117178012,Surv-VAE
0.009269703198924027,0.9516242937853109,0.07053743860409917,0.7425305568130376,0.05455378064873305,3.0,0.3940677966101695,0.6952026043504704,Surv-VAE
0.007032275180506156,0.9576271186440676,0.053445579359124654,0.7402576580654896,0.05949304344009161,1.0,0.3644067796610169,0.72866063149605,Surv-VAE
0.009312036049245532,0.9435028248587572,0.047646619362344676,0.7072695035460993,0.08027801901284923,1.0,0.4194915254237288,0.7147377078909527,Surv-VAE
0.007914801944355508,0.9480932203389831,0.0603522000555728,0.6932416628942206,0.059090398378515326,1.0,0.4364406779661017,0.7057251669074552,Surv-VAE
0.010296039905087748,0.9456214689265536,0.05728168859791126,0.7016693073789044,0.05976687971565083,1.0,0.4194915254237288,0.7158720506046534,Surv-VAE
0.009051973446110681,0.9505649717514123,0.05105060860581829,0.6880111664403199,0.05893121959191552,1.0,0.4067796610169492,0.7365188268977515,Surv-VAE
0.009258297296523547,0.9512711864406779,0.060004770645600024,0.7393749056888487,0.060443797878618304,1.0,0.3940677966101695,0.7319977654596306,Surv-VAE
0.007473798352916027,0.9565677966101696,0.06261715693453698,0.6930436094763844,0.06224269240586692,2.0,0.4661016949152542,0.6985431557733279,Surv-VAE
0.009218584037627315,0.9491525423728814,0.05522937995670433,0.7420401388260148,0.05635251270513184,1.0,0.4152542372881356,0.7507890946257523,Surv-VAE
0.010518271307887015,0.9420903954802259,0.05501295698179854,0.7349196468990493,0.05975600563798786,1.0,0.4279661016949153,0.7139772799243167,Surv-VAE
0.009551002031957022,0.9452683615819208,0.06528207663727552,0.7583182435491173,0.054449768196538684,1.0,0.3898305084745763,0.7377404576855852,Surv-VAE
0.009010336285484163,0.9505649717514125,0.05501374365590895,0.7178663045118454,0.05381819753534336,1.0,0.4406779661016949,0.7226416060816465,Surv-VAE
0.008074288147571466,0.9551553672316385,0.05564048437661734,0.7104157235551531,0.059078603262906086,1.0,0.4322033898305085,0.733908754319935,Surv-VAE
0.00966686803627278,0.9495056497175142,0.05635129242452873,0.6625679040289724,0.07314667604133811,1.0,0.4279661016949153,0.7265214450759008,Surv-VAE
0.01021936223629138,0.9378531073446328,0.05793422501785631,0.7023087369850611,0.05807331565664745,6.0,0.4322033898305085,0.7706116035901419,Surv-VAE
0.007448628217668545,0.9516242937853107,0.0540539239385434,0.6724554851365626,0.06042970612260409,1.0,0.4279661016949153,0.6988006145933041,Surv-VAE
0.007802196480674868,0.9512711864406781,0.05872955131392005,0.6912931945073185,0.07342247861591708,1.0,0.4322033898305085,0.7393757692415378,Surv-VAE
0.009180890837976408,0.9505649717514125,0.05967660341809198,0.7041987324581258,0.05555545578939254,1.0,0.3898305084745763,0.7142897765644962,Surv-VAE
0.009057056822369704,0.9459745762711864,0.057229010654493415,0.6807642975705447,0.054429511201179094,3.0,0.461864406779661,0.7316745417925714,Surv-VAE
0.00939645819094152,0.9470338983050849,0.059132513468551536,0.7336615361400332,0.05566712449801088,1.0,0.4025423728813559,0.7124077190235666,Surv-VAE
0.009546205839753586,0.9463276836158192,0.054955185632728325,0.7313660027161613,0.1041531603995644,1.0,0.4322033898305085,0.7228749502545352,Surv-VAE
0.010496604040000001,0.9466807909604521,0.05656159699790037,0.7207956088727931,0.07757689292088003,1.0,0.4745762711864407,0.7272334060027948,Surv-VAE
0.008308202326268043,0.9512711864406779,0.06315090931421785,0.7067206126452392,0.05355778270285937,1.0,0.4025423728813559,0.7340325691033486,Surv-VAE
0.007766667255098313,0.9526836158192092,0.05482409628217355,0.6904462803681908,0.05216499143993765,1.0,0.3898305084745763,0.7091094747144477,Surv-VAE
0.008502410833542093,0.9495056497175142,0.053975782810397166,0.7367738041346009,0.057394658224174736,1.0,0.4110169491525424,0.7084354839078204,Surv-VAE
0.008632465447957654,0.9487994350282487,0.045012417534363906,0.692264599366229,0.06902794898638326,1.0,0.4025423728813559,0.7110784832236501,Surv-VAE
0.011500713049646893,0.9353813559322034,0.0631155184955512,0.6939150445148635,0.05524489123961616,2.0,0.4025423728813559,0.7476218795096384,Surv-VAE
0.009062178232220141,0.9477401129943503,0.055199085079139405,0.7023822996831145,0.061815881505066686,1.0,0.4406779661016949,0.7353833739790072,Surv-VAE
0.009053740118825827,0.9480932203389831,0.04964780978900648,0.7198921080428551,0.11004836437048914,1.0,0.4025423728813559,0.7153523507238938,Surv-VAE
0.009178039763755941,0.9449152542372881,0.0634089761759415,0.7457277048438208,0.056486375981459426,4.0,0.423728813559322,0.7462513969859023,Surv-VAE
0.0070857094758351655,0.9548022598870057,0.05792356349147875,0.6989870982344952,0.07340241425041151,1.0,0.4322033898305085,0.7430058352411765,Surv-VAE
0.00806449817954562,0.955861581920904,0.06647987067037993,0.7318960313867512,0.052313202292874714,3.0,0.4110169491525424,0.7387111997402451,Surv-VAE
0.008126446856928047,0.9495056497175139,0.05815284219089205,0.7378904481665911,0.05436734168731452,3.0,0.4152542372881356,0.7344222530208687,Surv-VAE
0.009458807791771768,0.9477401129943502,0.06677772323422294,0.7377414365474574,0.08749005374503152,1.0,0.3432203389830508,0.7032916626512745,Surv-VAE
0.00906968519606506,0.9456214689265537,0.05074881297209755,0.6979760826920175,0.06982848321523945,1.0,0.3771186440677966,0.7423130703959911,Surv-VAE
0.010912819648243597,0.9396186440677967,0.05415117006886913,0.7750094311151351,0.07793645697984995,1.0,0.3516949152542373,0.7186599128370512,Surv-VAE
0.008266430698295045,0.9505649717514125,0.06330187818360823,0.7123972008450279,0.06509747690996705,1.0,0.3898305084745763,0.7087759159895509,Surv-VAE
0.009973549867844255,0.9417372881355933,0.07045205167665046,0.7649917006186812,0.06158022387063287,1.0,0.3813559322033898,0.7221604439406324,Surv-VAE
0.01067002686468607,0.946680790960452,0.05436702804383919,0.7246265278406518,0.05439708997137861,1.0,0.3686440677966102,0.7601999753162706,Surv-VAE
0.009436910199822696,0.9470338983050847,0.04939893951876736,0.7610664704994718,0.07599594503486186,1.0,0.4025423728813559,0.7280232374210902,Surv-VAE
0.009360975247950152,0.9424435028248587,0.06446655793828775,0.7270918213369548,0.06830048522140665,1.0,0.4067796610169492,0.7160036953303033,Surv-VAE
0.009055810642834226,0.9484463276836158,0.04919147647023839,0.6608156028368795,0.06407283698758272,1.0,0.4533898305084746,0.7325356930582021,Surv-VAE
0.010984055388356076,0.9413841807909603,0.05190080930958111,0.6949901916402595,0.052895872268024946,7.0,0.4025423728813559,0.7166776053905839,Surv-VAE
0.00857304518364863,0.9562146892655367,0.04903978748759617,0.7355354987173683,0.10291476686932913,1.0,0.4152542372881356,0.7231404667861695,Surv-VAE
0.010028628814685225,0.9427966101694915,0.055758685250819784,0.7374038026256224,0.08202517807587843,1.0,0.3983050847457627,0.7323851308807466,Surv-VAE
0.008505158969330354,0.9477401129943502,0.06826976571260178,0.7153095291987325,0.05683742634607609,2.0,0.3771186440677966,0.7321835397702684,Surv-VAE
0.008671189572782617,0.9470338983050848,0.06441553888221396,0.7357043156782858,0.05826384841674942,1.0,0.3474576271186441,0.7354741719768715,Surv-VAE
0.010631316747396842,0.9403248587570622,0.04629862822748536,0.7191489361702128,0.05893701437978463,1.0,0.4025423728813559,0.7444605537395808,Surv-VAE
0.007979459019785645,0.9562146892655368,0.051969262492086714,0.6646804738192245,0.07590965268128821,1.0,0.3983050847457627,0.7418642010838411,Surv-VAE
0.0083827000156962,0.9509180790960453,0.053444387970080706,0.7167666364870982,0.09729652093756497,3.0,0.423728813559322,0.7215461384566939,Surv-VAE
0.0065729674508865485,0.9569209039548023,0.061146538025409425,0.6748981439565415,0.10674855130645845,1.0,0.4279661016949153,0.719699901244696,Surv-VAE
0.009556534600618897,0.945268361581921,0.06553780587691069,0.6942206126452393,0.06452589781869134,1.0,0.423728813559322,0.7296307371573438,Surv-VAE
0.011110426949924796,0.9452683615819208,0.05934879754364273,0.7291553493285046,0.05682213969920536,1.0,0.3813559322033898,0.7549158836687773,Surv-VAE
0.007907313252026352,0.9516242937853109,0.06344265576084568,0.7125679040289724,0.06618443200128865,1.0,0.3855932203389831,0.7038473687967612,Surv-VAE
0.009701748325506793,0.9473870056497176,0.056952110302457504,0.7597800663950507,0.06302300898772806,1.0,0.3940677966101695,0.7350602050989817,Surv-VAE
0.007655219030731498,0.9495056497175142,0.0707357394700496,0.7471480307831598,0.05706948345024017,1.0,0.3898305084745763,0.7209140192475589,Surv-VAE
0.008138488822714925,0.95409604519774,0.05640738403676116,0.6757790101101555,0.06171387198190644,1.0,0.4067796610169492,0.738166136762929,Surv-VAE
0.010651359907413805,0.9445621468926553,0.06524985455675603,0.7155396484080276,0.05919001890749381,4.0,0.3728813559322034,0.7198927962470352,Surv-VAE
0.00873650505599004,0.9495056497175142,0.05574276640551407,0.7183548362758412,0.053498195782153174,3.0,0.4110169491525424,0.7320032372658516,Surv-VAE
0.011435106463338058,0.9424435028248589,0.0628606419340009,0.757069563905236,0.05898030637739973,6.0,0.3771186440677966,0.7290695386198102,Surv-VAE
0.009053584231575004,0.9456214689265537,0.051676933119256294,0.7064320205221065,0.052965414818455216,2.0,0.4661016949152542,0.7231356356504721,Surv-VAE
0.009507734847829607,0.9505649717514123,0.0485322323008262,0.6911215482118604,0.10694198009528233,1.0,0.3898305084745763,0.7177904221655501,Surv-VAE
0.009012639741417439,0.9519774011299433,0.05261313636265598,0.7000339520144861,0.051005058228592956,3.0,0.4406779661016949,0.7022922416452312,Surv-VAE
0.009176211002981643,0.9487994350282486,0.060342821588003207,0.7276425984608419,0.05545544183644583,3.0,0.3813559322033898,0.7295270597032026,Surv-VAE
0.009505572728167867,0.9449152542372882,0.055039117345185344,0.6967141994869473,0.059313904178028995,1.0,0.4110169491525424,0.7115516846825177,Surv-VAE
0.00895087533241974,0.9477401129943502,0.05368249843648583,0.6922645993662291,0.05838144990410486,1.0,0.4194915254237288,0.7184266253444341,Surv-VAE
0.010368031463088316,0.9452683615819208,0.05565619260255986,0.7157782556209445,0.06334463911335025,2.0,0.4194915254237288,0.732365299416521,Surv-VAE
0.009001238296388627,0.9484463276836158,0.06148937604291778,0.7137996076656105,0.06511598739843026,1.0,0.3855932203389831,0.7406195005614415,Surv-VAE
0.007656232379539111,0.9551553672316384,0.05719554917201635,0.6975045269352648,0.056431923678010455,1.0,0.4025423728813559,0.7187062262800122,Surv-VAE
0.008413540817037058,0.9523305084745762,0.06816784308406684,0.6523709823449525,0.05408884888665259,3.0,0.3686440677966102,0.7296707527364684,Surv-VAE
0.011731492170100263,0.9392655367231639,0.05658795079685165,0.7002697298928625,0.06053631809018232,1.0,0.3898305084745763,0.726166075464021,Surv-VAE
0.008418701421057296,0.9519774011299434,0.05166808978937674,0.7087747095216538,0.07942520379554571,1.0,0.3983050847457627,0.7223520846474609,Surv-VAE
0.008500703540202577,0.949858757062147,0.061781568219502744,0.7143617021276596,0.06300935219474962,1.0,0.3771186440677966,0.7108016003529121,Surv-VAE
0.010527934704357514,0.9438559322033898,0.06386905219604717,0.6916817564508827,0.06856157884634345,1.0,0.4067796610169492,0.7283110565899699,Surv-VAE
0.008732197529699092,0.9530367231638418,0.0569213483966576,0.764252301192093,0.06189205768224874,2.0,0.3516949152542373,0.726378076305899,Surv-VAE
0.008265324156800556,0.9530367231638417,0.053644258921158074,0.6685830692621095,0.06263354684777513,1.0,0.4364406779661017,0.7162906741229453,Surv-VAE
0.0071191692231506185,0.9512711864406781,0.06793824664613102,0.6753149992455107,0.05538505843734709,5.0,0.3983050847457627,0.7383689626825412,Surv-VAE
0.01054594883566143,0.9424435028248587,0.06981468050811328,0.7594386600271616,0.10446131966231612,1.0,0.3644067796610169,0.7083706138709379,Surv-VAE
0.010759130266272237,0.9449152542372882,0.0660606030161163,0.7454428851667421,0.05790695798783909,1.0,0.3559322033898305,0.7309523448292617,Surv-VAE
0.009088234894201139,0.9502118644067797,0.053575054714219875,0.7283008902972687,0.05494678797661876,5.0,0.4025423728813559,0.7247940218636411,Surv-VAE
0.008061531736621061,0.9537429378531074,0.05236344525683399,0.7258393692470198,0.1296654992248526,1.0,0.3983050847457627,0.7300963628745379,Surv-VAE
0.009781527248583553,0.9463276836158193,0.04870799086179262,0.7423306171721744,0.07712724016122698,1.0,0.4194915254237288,0.7625112978153742,Surv-VAE
0.009016639077459332,0.949858757062147,0.058207979560201545,0.7042704089331522,0.07759590367927967,1.0,0.4194915254237288,0.7158177862579501,Surv-VAE
0.010256778351038333,0.9424435028248589,0.06581552546238924,0.7306718726422212,0.053788342268231454,3.0,0.3898305084745763,0.7291060844163274,Surv-VAE
0.009241794827035858,0.9495056497175139,0.05022470655348334,0.7388411045722045,0.052798216859175864,2.0,0.4067796610169492,0.7387675009168162,Surv-VAE
0.007303784127023239,0.9495056497175142,0.07040725505703005,0.7249811377697298,0.055226040675501575,1.0,0.4025423728813559,0.7393816331802728,Surv-VAE
0.009017683787031614,0.9456214689265537,0.04905889518262296,0.7340274634072733,0.07512468067742556,1.0,0.3644067796610169,0.7286743967185583,Surv-VAE
0.00869178536770744,0.9512711864406779,0.06005716422979402,0.7625245208993512,0.05784650961579741,2.0,0.4067796610169492,0.7247804268051563,Surv-VAE
0.010647578796299914,0.9424435028248589,0.04812496388374873,0.7256149087068056,0.1201975617854171,1.0,0.3898305084745763,0.732397955861002,Surv-VAE
0.009965615784479577,0.9456214689265537,0.05545552452880258,0.7386430511543686,0.05411307671974051,2.0,0.3898305084745763,0.7373388502537499,Surv-VAE
0.006938367319133838,0.9530367231638417,0.06504342970068776,0.6563914667270259,0.05391655453716925,2.0,0.4279661016949153,0.7297490819838968,Surv-VAE
0.010527338163423402,0.9459745762711864,0.04941076787824416,0.7335908027765203,0.05635174604342537,2.0,0.4406779661016949,0.7259216877112328,Surv-VAE
0.009879389767966413,0.9396186440677967,0.05907268103413421,0.6770861626678739,0.09263472453407989,1.0,0.4152542372881356,0.7112665376323533,Surv-VAE
0.008800194558366113,0.9480932203389831,0.06656579190571447,0.7324713294099895,0.05893620228198309,2.0,0.4067796610169492,0.7051090034604143,Surv-VAE
0.008721930774289321,0.9533898305084745,0.056716552213882554,0.7310510034706504,0.12003930851058647,1.0,0.3771186440677966,0.7028385275177353,Surv-VAE
0.00800082326652394,0.9456214689265536,0.07708589658120367,0.6951524068205824,0.05624092812882813,4.0,0.4025423728813559,0.7280596478728134,Surv-VAE
0.009584328007920006,0.9456214689265537,0.05785508957283928,0.7194488456315075,0.05949608238393401,1.0,0.3686440677966102,0.7352751560802165,Surv-VAE
0.00989506754298414,0.9445621468926553,0.05993432239523041,0.721459559378301,0.08154163261172756,1.0,0.3898305084745763,0.7302542075400453,Surv-VAE
0.009500222698275641,0.9459745762711864,0.05265486330999985,0.7129621246416177,0.11364073779280397,1.0,0.3983050847457627,0.7230389505972963,Surv-VAE
0.008007809115487645,0.9516242937853107,0.06561754384589549,0.7134242492832352,0.06001928551896142,1.0,0.4279661016949153,0.718826695081857,Surv-VAE
0.008279850324431362,0.9523305084745761,0.051280456136421286,0.6997019767617323,0.08116095574203418,1.0,0.4364406779661017,0.7122948381260548,Surv-VAE
0.009174892351516159,0.9406779661016951,0.05478519360616998,0.7148917307982495,0.06169096743138195,1.0,0.4152542372881356,0.7439904204009307,Surv-VAE
0.0074348295377658575,0.9569209039548023,0.05862699950629886,0.7085408178663045,0.05330625255653924,2.0,0.3983050847457627,0.746879319871932,Surv-VAE
0.00936285423038056,0.9487994350282486,0.050588980810505405,0.7445167496604798,0.06544191758619723,1.0,0.4194915254237288,0.7361153164669352,Surv-VAE
0.009522915029840923,0.9502118644067797,0.05075242483890755,0.7019220612645239,0.05330592636345532,1.0,0.423728813559322,0.7257056267966897,Surv-VAE
0.008919223716440076,0.953036723163842,0.060644274293348926,0.7642258940697148,0.05370809399131067,3.0,0.4067796610169492,0.7345691656593264,Surv-VAE
0.008046012576538945,0.952683615819209,0.05563737313465725,0.7114814395654141,0.05670302526438633,1.0,0.4576271186440678,0.7403049133077204,Surv-VAE
0.009287884193572089,0.9470338983050848,0.04805518420323374,0.7107722197072582,0.0665455569266352,1.0,0.3601694915254237,0.7176194733068973,Surv-VAE
0.009974895683370134,0.9466807909604519,0.03435702224876305,0.7314810623208088,0.0700077160642892,1.0,0.4449152542372881,0.7437852827474339,Surv-VAE
0.009104159018947006,0.9502118644067795,0.05344854206343942,0.7273955032443037,0.05722144557993257,1.0,0.4025423728813559,0.7388849019682884,Surv-VAE
0.009825378157881747,0.9449152542372881,0.06494294434514453,0.7193451033650218,0.05947618014083471,1.0,0.4322033898305085,0.7565634429701957,Surv-VAE
0.010103198743167988,0.9466807909604521,0.0656885597233053,0.7205702052210654,0.05586374071130094,4.0,0.4110169491525424,0.7003803157176961,Surv-VAE
0.009007277006198655,0.9530367231638418,0.04697709154981509,0.7280839746491624,0.0589601595874302,2.0,0.4533898305084746,0.7323090243851159,Surv-VAE
0.008413881043057396,0.9519774011299437,0.06345970320050279,0.7088595895578693,0.05653039888189144,1.0,0.3855932203389831,0.7288084422597799,Surv-VAE
0.008656647859168644,0.9519774011299437,0.05988122616659149,0.7333239022181983,0.11947183600517204,1.0,0.4152542372881356,0.7363342181756543,Surv-VAE
0.008386916873018582,0.9487994350282486,0.05755357813893652,0.6773049645390071,0.06014056251917373,1.0,0.4364406779661017,0.7116460206352556,Surv-VAE
0.007817326602897254,0.9519774011299434,0.06996698023021375,0.6776765504753282,0.054726286401002223,1.0,0.3983050847457627,0.7240842111602129,Surv-VAE
0.012952163088539165,0.9336158192090395,0.043875588546203693,0.655983099441678,0.20927702182339034,4.0,0.3855932203389831,0.7414770927539608,HI-VAE_weibull_diffusion
0.012940074971222217,0.9353813559322033,0.03587074226894127,0.6001282631658367,0.23768236324695144,3.0,0.4025423728813559,0.7385558802551908,HI-VAE_weibull_diffusion
0.011622540257100153,0.9371468926553673,0.032563265965457354,0.5953183944469593,0.09283503913343726,1.0,0.4533898305084746,0.7583847205521254,HI-VAE_weibull_diffusion
0.0116334608939493,0.9438559322033898,0.035663598147474294,0.5857212916855288,0.17112808705218474,5.0,0.4745762711864407,0.7654757495721204,HI-VAE_weibull_diffusion
0.013850925897611563,0.9265536723163842,0.04193921842358859,0.6315659423570243,0.2750635371969629,5.0,0.4449152542372881,0.772071995537658,HI-VAE_weibull_diffusion
0.013223271734751336,0.936087570621469,0.05036406141275676,0.6297249886826617,0.2147566794767661,5.0,0.4194915254237288,0.758274617072591,HI-VAE_weibull_diffusion
0.013149565900278534,0.9272598870056497,0.05765331404842709,0.6400256526331674,0.13613919315686146,4.0,0.4788135593220339,0.7225477582900165,HI-VAE_weibull_diffusion
0.013036575147242727,0.931497175141243,0.04333866305709007,0.6164554096876415,0.18079097450846093,4.0,0.423728813559322,0.7391204678891928,HI-VAE_weibull_diffusion
0.010611121224538972,0.9456214689265536,0.048786889848183926,0.6320903123585333,0.21395465822300938,3.0,0.4491525423728814,0.7706521090837646,HI-VAE_weibull_diffusion
0.009986088645528109,0.9399717514124294,0.03430108855757261,0.5974234193451033,0.2482821400572024,5.0,0.423728813559322,0.7352305400717767,HI-VAE_weibull_diffusion
0.01201759164934138,0.9382062146892655,0.04771053986254212,0.5581503696997132,0.2572776173364223,4.0,0.4110169491525424,0.7489903259711804,HI-VAE_weibull_diffusion
0.01250878112290669,0.9272598870056498,0.027002876833137054,0.6198110004526936,0.12604824288617797,2.0,0.4152542372881356,0.7635755568091549,HI-VAE_weibull_diffusion
0.012333158736793278,0.9371468926553672,0.04591524857840976,0.5919099894371511,0.32525280414652263,5.0,0.423728813559322,0.7872131875808452,HI-VAE_weibull_diffusion
0.01346917760637987,0.9322033898305085,0.033121199272202397,0.6447845933303153,0.12272656215544867,5.0,0.4152542372881356,0.7512032556073261,HI-VAE_weibull_diffusion
0.0119238784442067,0.9392655367231638,0.04680400579821706,0.6475271616115889,0.18338147348572179,3.0,0.3559322033898305,0.7714134391545622,HI-VAE_weibull_diffusion
0.012847898021361536,0.9290254237288135,0.056484331955820255,0.6289478647955334,0.21891657246251695,3.0,0.4067796610169492,0.7791382008510637,HI-VAE_weibull_diffusion
0.011376079421118302,0.9399717514124294,0.0262546759127305,0.5934680096574618,0.13612174302021798,1.0,0.4661016949152542,0.7713905907916061,HI-VAE_weibull_diffusion
0.01256896888821009,0.9300847457627119,0.038788232501984,0.582761807756149,0.20349571624781257,6.0,0.4533898305084746,0.7516528212332536,HI-VAE_weibull_diffusion
0.010632605750695294,0.9392655367231639,0.05878112703862255,0.6230458729440169,0.2873830003407286,4.0,0.3644067796610169,0.7450102861116865,HI-VAE_weibull_diffusion
0.011264377847665942,0.9417372881355933,0.037800556211733595,0.6012043534027464,0.10252874253632521,2.0,0.423728813559322,0.7616989100273646,HI-VAE_weibull_diffusion
0.011193478752920434,0.9396186440677967,0.04124155190214703,0.6181379206277351,0.25132095649085257,5.0,0.3686440677966102,0.776071501788737,HI-VAE_weibull_diffusion
0.012758094237307878,0.9325564971751413,0.0334040539318,0.5706013279010109,0.20915439696036564,7.0,0.461864406779661,0.7334442529496643,HI-VAE_weibull_diffusion
0.009821123307191001,0.9445621468926553,0.044397605401574114,0.6063697751622152,0.22672439055277036,7.0,0.4661016949152542,0.7521583330789101,HI-VAE_weibull_diffusion
0.01342674649492979,0.9279661016949153,0.05213154175781408,0.6223592877621849,0.2611759745537976,6.0,0.4661016949152542,0.7287231743691369,HI-VAE_weibull_diffusion
0.0103171411437453,0.9445621468926554,0.030987899133876253,0.5715519843066245,0.18087114986392286,3.0,0.4449152542372881,0.7568641686910778,HI-VAE_weibull_diffusion
0.009581258877715585,0.9435028248587569,0.03836908384695815,0.5983401237362307,0.15975237766046144,3.0,0.3771186440677966,0.7795608095996854,HI-VAE_weibull_diffusion
0.010559911394938488,0.9420903954802261,0.053618045720756555,0.6503791308284291,0.23257699913289503,4.0,0.423728813559322,0.7446656621617627,HI-VAE_weibull_diffusion
0.013780137753170564,0.9311440677966102,0.03997407383904821,0.611441828881847,0.15526562719794823,5.0,0.4025423728813559,0.7452207688375784,HI-VAE_weibull_diffusion
0.011715369997392464,0.9396186440677966,0.03989758733532858,0.658980307831598,0.235071960193424,4.0,0.4067796610169492,0.7473677519272385,HI-VAE_weibull_diffusion
0.012447594635392452,0.9318502824858755,0.03652997927339094,0.585200694130074,0.19759279004878996,2.0,0.4322033898305085,0.7408926999310651,HI-VAE_weibull_diffusion
0.014325630887074272,0.928319209039548,0.049117632208384034,0.6073298626829635,0.17378041955937262,2.0,0.4491525423728814,0.7715664249436155,HI-VAE_weibull_diffusion
0.012898803157794047,0.9286723163841808,0.03825361890920539,0.6557680700165988,0.18694015018584953,6.0,0.4322033898305085,0.7595290858528222,HI-VAE_weibull_diffusion
0.011794905094430987,0.9350282485875706,0.04681848581208685,0.6237437754640108,0.24983293992462946,6.0,0.423728813559322,0.7363697649507539,HI-VAE_weibull_diffusion
0.012614043504800748,0.9357344632768361,0.04114301533290625,0.6344556360344047,0.20876793645151503,3.0,0.4533898305084746,0.7646410558078299,HI-VAE_weibull_diffusion
0.01068152417796296,0.9375,0.02839555235001709,0.5945356118907499,0.16759700388721782,2.0,0.4025423728813559,0.7424259279391292,HI-VAE_weibull_diffusion
0.010027905286703097,0.940677966101695,0.03495164927692171,0.6422419646899049,0.14141269591683545,2.0,0.4322033898305085,0.7502419792536429,HI-VAE_weibull_diffusion
0.012228763869074046,0.9410310734463277,0.04672922466523977,0.6287120869171571,0.20969898643506032,5.0,0.4322033898305085,0.7633189795579336,HI-VAE_weibull_diffusion
0.016739060868683656,0.9156073446327685,0.06726715983720913,0.7046419948694733,0.25138168662777494,7.0,0.4491525423728814,0.7659650728342801,HI-VAE_weibull_diffusion
0.011320433263390986,0.9382062146892656,0.022349283743272972,0.5830277652029576,0.1366870295992191,2.0,0.4194915254237288,0.7509218324253122,HI-VAE_weibull_diffusion
0.012870977791748823,0.9318502824858755,0.043378234607496624,0.6140004904179871,0.2836255792685961,6.0,0.4491525423728814,0.7259785267280994,HI-VAE_weibull_diffusion
0.01210752484209693,0.9339689265536723,0.03525047635033373,0.6358023992756904,0.1952678489098909,2.0,0.4067796610169492,0.7410412174782992,HI-VAE_weibull_diffusion
0.012926929090176,0.9216101694915254,0.03315990348718183,0.5941734570695639,0.08133326865604473,2.0,0.4788135593220339,0.758343130411815,HI-VAE_weibull_diffusion
0.013141028938586055,0.9314971751412431,0.04521720002538303,0.6634016146069112,0.17277590206626747,4.0,0.4406779661016949,0.7703033209123175,HI-VAE_weibull_diffusion
0.013499500919674124,0.9265536723163842,0.03932637411277456,0.6232420401388261,0.1360523509615902,2.0,0.3644067796610169,0.753958087495596,HI-VAE_weibull_diffusion
0.014076938662615147,0.9272598870056497,0.03782941415041102,0.6333616266787384,0.2027126935129666,3.0,0.4830508474576271,0.7556673353317747,HI-VAE_weibull_diffusion
0.013272204401091448,0.9293785310734464,0.0640663002700201,0.6160913686434284,0.27374401982808466,6.0,0.4194915254237288,0.7350471950599934,HI-VAE_weibull_diffusion
0.01096084355258619,0.9350282485875706,0.042410033160992636,0.6240625471555756,0.1498506158397381,3.0,0.4661016949152542,0.7641754468775296,HI-VAE_weibull_diffusion
0.009677513528777612,0.9427966101694915,0.03528900411236852,0.6048702278557417,0.1885785111230633,3.0,0.4194915254237288,0.7431508065252874,HI-VAE_weibull_diffusion
0.013968308042996974,0.926906779661017,0.030201521569201167,0.6312924400181077,0.18505192100328227,3.0,0.4364406779661017,0.7540654544694935,HI-VAE_weibull_diffusion
0.01092984772374822,0.9424435028248589,0.03325490677685531,0.6113267692771993,0.26197007869290273,4.0,0.4194915254237288,0.7639965591001936,HI-VAE_weibull_diffusion
0.011174058834625696,0.9385593220338984,0.043346738596884725,0.6446695337256676,0.22522223034515557,3.0,0.4322033898305085,0.7541727035334933,HI-VAE_weibull_diffusion
0.01205352567367624,0.9332627118644067,0.057432507215887864,0.6636826618379356,0.23188819002151367,5.0,0.423728813559322,0.739205346457487,HI-VAE_weibull_diffusion
0.012180689855672272,0.9367937853107345,0.05094780704672004,0.6391296966953373,0.16320810757744802,6.0,0.4406779661016949,0.739108050619367,HI-VAE_weibull_diffusion
0.014100291764875393,0.9247881355932202,0.0468198236067512,0.6509506564056136,0.19562792057059125,4.0,0.4279661016949153,0.7497093861612993,HI-VAE_weibull_diffusion
0.01141885791577693,0.9367937853107344,0.033932236720570635,0.6279953221668929,0.23730437068860144,4.0,0.423728813559322,0.7377434750322212,HI-VAE_weibull_diffusion
0.013702316868373664,0.9311440677966102,0.04301955181057111,0.6789157990040742,0.18239559979988668,5.0,0.4449152542372881,0.7563699524708354,HI-VAE_weibull_diffusion
0.012351155846836536,0.9382062146892655,0.05804863201644383,0.5725271616115889,0.27230715764207086,3.0,0.4915254237288136,0.7530368490238284,HI-VAE_weibull_diffusion
0.011686432834301394,0.9410310734463277,0.046247956650146145,0.6124886826618379,0.23981847831616757,4.0,0.4406779661016949,0.7566890265391091,HI-VAE_weibull_diffusion
0.010287380242391762,0.9417372881355933,0.04793057987424184,0.6608269201750415,0.20129258628698662,2.0,0.3559322033898305,0.7709148822755549,HI-VAE_weibull_diffusion
0.012723477265413763,0.93114406779661,0.04110924864562487,0.6404425079221368,0.23759511080121376,6.0,0.4067796610169492,0.7590310960445509,HI-VAE_weibull_diffusion
0.013390035024585157,0.9262005649717514,0.02333788147902438,0.5900822393239776,0.24517157776987328,4.0,0.3855932203389831,0.7653307501653854,HI-VAE_weibull_diffusion
0.012250358484665188,0.9375,0.03233348089680153,0.6248755092802173,0.23788337195352607,1.0,0.4110169491525424,0.7264084599518323,HI-VAE_weibull_diffusion
0.010161099364304944,0.940677966101695,0.020459833260692072,0.5596593481213219,0.1627985381182364,4.0,0.4576271186440678,0.7506523716830453,HI-VAE_weibull_diffusion
0.011175870036431857,0.9427966101694917,0.03567005921074419,0.5527727478497056,0.21014116957245516,6.0,0.4449152542372881,0.767278931434842,HI-VAE_weibull_diffusion
0.012350594791824978,0.93114406779661,0.031035757706816852,0.6287083144711031,0.15574152351401602,1.0,0.423728813559322,0.7515715255078537,HI-VAE_weibull_diffusion
0.012293522301409468,0.9304378531073446,0.047033535705278656,0.5927851969216841,0.24730351195461964,6.0,0.4491525423728814,0.7605276986121642,HI-VAE_weibull_diffusion
0.011293048790932335,0.9353813559322033,0.03251123185939632,0.6083503093405763,0.20134265662844245,4.0,0.4025423728813559,0.7420441154577543,HI-VAE_weibull_diffusion
0.013565746271503096,0.9240819209039549,0.02676521079933541,0.6157839142900257,0.18468386072317147,2.0,0.4067796610169492,0.749289347534059,HI-VAE_weibull_diffusion
0.009886480299992489,0.9424435028248587,0.02037806507252558,0.6188754338312962,0.07991134516831004,5.0,0.4025423728813559,0.7697497026532104,HI-VAE_weibull_diffusion
0.014185830573097401,0.9311440677966102,0.059078421349791514,0.6577844424324732,0.22141039665341622,4.0,0.3983050847457627,0.7682815280158061,HI-VAE_weibull_diffusion
0.013597831628277497,0.9265536723163841,0.03644416323618715,0.6402161611588953,0.20615416503024947,3.0,0.3813559322033898,0.7860752882912033,HI-VAE_weibull_diffusion
0.011296714910448728,0.940677966101695,0.04275362639052515,0.6677437000150898,0.19804421416220105,5.0,0.423728813559322,0.7870119640359162,HI-VAE_weibull_diffusion
0.012030984420181072,0.9290254237288137,0.03165946070158974,0.6299569941149843,0.2783771310462562,4.0,0.4152542372881356,0.7561768862031312,HI-VAE_weibull_diffusion
0.008668769082651377,0.9548022598870055,0.044410607356443796,0.5883280519088577,0.1837074715204033,4.0,0.4449152542372881,0.7405842968097356,HI-VAE_weibull_diffusion
0.013188877197555939,0.9322033898305087,0.04039208565030936,0.6037573562698053,0.18701371856998142,5.0,0.4745762711864407,0.7625444978483679,HI-VAE_weibull_diffusion
0.012438889461571843,0.934322033898305,0.03731018719396193,0.6096310547759166,0.14335915161786986,3.0,0.4322033898305085,0.7399121936697713,HI-VAE_weibull_diffusion
0.012279921317285088,0.9382062146892655,0.04888120080354895,0.5719480911422966,0.19794137476172896,4.0,0.461864406779661,0.719878488845697,HI-VAE_weibull_diffusion
0.012012729353015636,0.9318502824858758,0.033905193739159914,0.6221027614305115,0.2154782216551648,3.0,0.423728813559322,0.7495939341474259,HI-VAE_weibull_diffusion
0.012700884432550845,0.9399717514124295,0.05540132104073978,0.6558963331824355,0.21454458075826063,4.0,0.4110169491525424,0.7511193511613589,HI-VAE_weibull_diffusion
0.013318823991120943,0.9311440677966103,0.03213579819960485,0.6386336200392335,0.20185640117030212,6.0,0.4279661016949153,0.7505453391951726,HI-VAE_weibull_diffusion
0.012696038326373567,0.9350282485875705,0.029835745521004355,0.5755979326995624,0.1995108244762122,1.0,0.4364406779661017,0.7733901045621028,HI-VAE_weibull_diffusion
0.012681460925076738,0.9325564971751413,0.03833651364814817,0.6551361853025501,0.1225474940144593,1.0,0.3855932203389831,0.7594789025115143,HI-VAE_weibull_diffusion
0.010647540829427206,0.9399717514124294,0.03993164913156105,0.6771144560132789,0.2926507058626981,4.0,0.4322033898305085,0.7479115756584203,HI-VAE_weibull_diffusion
0.012355437376351211,0.9329096045197739,0.0380814868195392,0.6177059755545495,0.2551513541762868,2.0,0.3728813559322034,0.7734904547318039,HI-VAE_weibull_diffusion
0.010093733324585954,0.943502824858757,0.03926313798491198,0.5793948996529349,0.2304248918880213,4.0,0.4745762711864407,0.7465024635929576,HI-VAE_weibull_diffusion
0.012676512544577948,0.9325564971751413,0.050240177253528896,0.6054172325335747,0.22299592478591046,6.0,0.4322033898305085,0.7458670162860167,HI-VAE_weibull_diffusion
0.012202108267214615,0.9325564971751414,0.039726200358934226,0.5891561038177154,0.20550005369256047,6.0,0.4872881355932203,0.7451856529961284,HI-VAE_weibull_diffusion
0.013650897746331409,0.9322033898305085,0.03852218066759717,0.6529575977063529,0.11926198966703686,3.0,0.4364406779661017,0.7551565475845162,HI-VAE_weibull_diffusion
0.011833303596370229,0.9336158192090394,0.03432302156000384,0.598768296363362,0.14330122542427434,1.0,0.4406779661016949,0.7490685492587237,HI-VAE_weibull_diffusion
0.01233961356875616,0.931497175141243,0.042514060544695004,0.6067262713143201,0.17098367174922255,3.0,0.4788135593220339,0.7545420676747912,HI-VAE_weibull_diffusion
0.01098026896486884,0.9396186440677966,0.04077672141181591,0.6273728685679794,0.17386757954801801,4.0,0.4194915254237288,0.7495382890535669,HI-VAE_weibull_diffusion
0.010635103874881686,0.9417372881355933,0.04932515356527212,0.6336936019314925,0.22758121599637054,4.0,0.4194915254237288,0.7630637341358181,HI-VAE_weibull_diffusion
0.009091481544344021,0.9477401129943503,0.03435812932648294,0.5979232684472612,0.18111359616514142,4.0,0.4152542372881356,0.7537561949995143,HI-VAE_weibull_diffusion
0.014315953969418255,0.9290254237288136,0.04216626448431524,0.6701165685830693,0.1692445063346547,3.0,0.3813559322033898,0.7756415812319545,HI-VAE_weibull_diffusion
0.014358401149279843,0.9262005649717514,0.036051646802837546,0.6039195714501282,0.24460026982921912,4.0,0.4322033898305085,0.7594742054974577,HI-VAE_weibull_diffusion
0.010176626087992061,0.9459745762711864,0.040915977422807955,0.572163120567376,0.18009382687488157,3.0,0.4491525423728814,0.7325407770336272,HI-VAE_weibull_diffusion
0.014532854417094841,0.9170197740112994,0.050047572815377354,0.5752904783461597,0.2510491001259989,7.0,0.4661016949152542,0.7300966074353888,HI-VAE_weibull_diffusion
0.010432852448046911,0.9442090395480225,0.030370322185216212,0.5596461445601327,0.2527443321977603,5.0,0.4364406779661017,0.7535691991653746,HI-VAE_weibull_diffusion
0.013610808803575682,0.9244350282485875,0.04287636443860155,0.6721367134449977,0.2646304053324047,5.0,0.4449152542372881,0.7599795091123616,HI-VAE_weibull_diffusion
0.011746908851063269,0.9403248587570623,0.046355014432261865,0.6255470046778331,0.20894651144625226,5.0,0.4025423728813559,0.7639797591592754,HI-VAE_weibull_diffusion
0.011836580984457258,0.9329096045197739,0.03352099938643581,0.6466953372566772,0.17890868025996934,4.0,0.3940677966101695,0.745340239022511,HI-VAE_weibull_diffusion
0.013183657343755024,0.9311440677966102,0.04761157631955872,0.6747925154670288,0.1453148976143693,3.0,0.4152542372881356,0.7681347543802463,HI-VAE_weibull_diffusion
0.011588317923611062,0.9346751412429378,0.03451009705346848,0.6304078014184398,0.17827722391606415,2.0,0.423728813559322,0.7470803990809953,HI-VAE_weibull_diffusion
0.011959971367959822,0.9339689265536723,0.03646088577181412,0.612877244605402,0.2042790157863816,3.0,0.4152542372881356,0.7501908868295178,HI-VAE_weibull_diffusion
0.01173680827885809,0.9353813559322034,0.05157058470958464,0.6092877621850008,0.22669353060594274,3.0,0.4703389830508475,0.7439092022605719,HI-VAE_weibull_diffusion
0.013849508612632877,0.9247881355932203,0.03865535074827365,0.6257884412252905,0.24388443439162846,4.0,0.4364406779661017,0.7774396740068192,HI-VAE_weibull_diffusion
0.012609337914618516,0.936087570621469,0.039669333380393745,0.6138618530255017,0.18750681441499503,6.0,0.423728813559322,0.7543439577201299,HI-VAE_weibull_diffusion
0.010348161771094327,0.9449152542372881,0.04692351254389851,0.6448317489059906,0.2255835416231232,3.0,0.3855932203389831,0.7640161703143081,HI-VAE_weibull_diffusion
0.011375066915026844,0.9417372881355933,0.05238769475323558,0.5983646446355817,0.23911621607098832,6.0,0.4533898305084746,0.7628608591375922,HI-VAE_weibull_diffusion
0.012842305433041141,0.9353813559322033,0.05129924433785803,0.648945601327901,0.18242527200240738,4.0,0.423728813559322,0.766955938721174,HI-VAE_weibull_diffusion
0.011868430974895297,0.9332627118644067,0.04010575076747806,0.6385883506865853,0.20213080681390277,3.0,0.4279661016949153,0.7583211051827956,HI-VAE_weibull_diffusion
0.010560656572907957,0.9371468926553673,0.033808812922655064,0.6298683416327147,0.11665184537470591,3.0,0.4067796610169492,0.7406381662573148,HI-VAE_weibull_diffusion
0.011599267519711203,0.9371468926553672,0.04072244417259861,0.5878961068356723,0.23878382604460607,2.0,0.423728813559322,0.746164082763732,HI-VAE_weibull_diffusion
0.012784036333828,0.9399717514124294,0.044031084261748926,0.650894069714803,0.23076138494871065,6.0,0.4491525423728814,0.7568933472895998,HI-VAE_weibull_diffusion
0.012400405203693213,0.9322033898305083,0.037171072283275056,0.6886845480609628,0.22218334264532985,3.0,0.3983050847457627,0.7620567907107072,HI-VAE_weibull_diffusion
0.01255726441912109,0.9350282485875706,0.032285229573122964,0.6679681605553041,0.1336596120888613,2.0,0.4449152542372881,0.737693978975556,HI-VAE_weibull_diffusion
0.011144041692746567,0.9396186440677966,0.042538770995972815,0.581854534480157,0.3163772143898528,4.0,0.461864406779661,0.7461511094091204,HI-VAE_weibull_diffusion
0.012106623026573683,0.9343220338983053,0.02646077705195708,0.6453033046627434,0.25595416481978117,2.0,0.4110169491525424,0.7707059125725987,HI-VAE_weibull_diffusion
0.012749820358971266,0.9322033898305083,0.03589485725022132,0.6347894975101857,0.2552237911435772,1.0,0.3983050847457627,0.7560738959609172,HI-VAE_weibull_diffusion
0.01104728541583652,0.936087570621469,0.022469516217053554,0.5573355213520447,0.12457215776434105,1.0,0.4406779661016949,0.7536003596625894,HI-VAE_weibull_diffusion
0.01333378261508572,0.9322033898305085,0.02494191054865755,0.6899879281726272,0.2550540407968599,4.0,0.423728813559322,0.7731946580314125,HI-VAE_weibull_diffusion
0.014291607261600664,0.9300847457627119,0.05594157359882898,0.6675343292590916,0.24843212962769143,5.0,0.4152542372881356,0.7442369294372801,HI-VAE_weibull_diffusion
0.012818308836359822,0.9318502824858758,0.03298712190324951,0.6118520823902218,0.2065864877716121,3.0,0.4067796610169492,0.7476127104025393,HI-VAE_weibull_diffusion
0.010129726626424087,0.9445621468926554,0.0247921577880284,0.5713520446657613,0.08578778665974379,1.0,0.4279661016949153,0.7444892531412213,HI-VAE_weibull_diffusion
0.009869146633295892,0.9480932203389831,0.0424226050860469,0.5884600875207485,0.20659231058926378,5.0,0.4194915254237288,0.7623584234889815,HI-VAE_weibull_diffusion
0.011438306234710614,0.9399717514124294,0.05260924739589921,0.6376244907197828,0.1177867534667175,3.0,0.3898305084745763,0.7373215121146576,HI-VAE_weibull_diffusion
0.013917265181440886,0.9269067796610169,0.033092363007014534,0.6295722046174739,0.1337888333213866,2.0,0.4322033898305085,0.7528461524354632,HI-VAE_weibull_diffusion
0.013129556222220255,0.9311440677966102,0.0421156501050083,0.6125018862230269,0.22455415600240416,6.0,0.3983050847457627,0.7310373954235156,HI-VAE_weibull_diffusion
0.01309939491053045,0.9339689265536723,0.032271493320107716,0.6140070921985815,0.20119041786781,2.0,0.4322033898305085,0.7526501426129463,HI-VAE_weibull_diffusion
0.012527565436780339,0.931497175141243,0.03961733562655158,0.6135883506865851,0.22311043372490863,4.0,0.4915254237288136,0.732119999893378,HI-VAE_weibull_diffusion
0.013517139047868686,0.9272598870056497,0.036009408455958174,0.5751207182737287,0.17542762077076088,3.0,0.4533898305084746,0.7481005764764865,HI-VAE_weibull_diffusion
0.013722689860592968,0.9318502824858758,0.05537143169351782,0.6325128263165836,0.2003551317968306,4.0,0.4745762711864407,0.7484516624530522,HI-VAE_weibull_diffusion
0.013458882434240345,0.9336158192090395,0.05441362205680201,0.5920665459483929,0.18242804677722788,6.0,0.4491525423728814,0.7560282300980229,HI-VAE_weibull_diffusion
0.014120715637071525,0.9293785310734464,0.0453025584364781,0.6293666063075298,0.16329923213576192,5.0,0.4576271186440678,0.776442167042157,HI-VAE_weibull_diffusion
0.011909258931281579,0.9367937853107344,0.03830705860606605,0.623951259996982,0.2603000655892979,6.0,0.4025423728813559,0.7504820484934204,HI-VAE_weibull_diffusion
0.013929917795564508,0.9265536723163841,0.02598568941553404,0.6142579598611739,0.2559711030677402,4.0,0.4830508474576271,0.7531494624182955,HI-VAE_weibull_diffusion
0.008301278356961038,0.9544491525423728,0.042352942194036895,0.6420080730345556,0.19492935689562216,5.0,0.4533898305084746,0.754174959221111,HI-VAE_weibull_diffusion
0.013681049623374276,0.9276129943502824,0.03910164115509929,0.6218990493435944,0.11803723898202734,3.0,0.4533898305084746,0.7605343574765651,HI-VAE_weibull_diffusion
0.01432864908147867,0.929731638418079,0.057710400991075696,0.6718122830843518,0.22550695954427694,6.0,0.4110169491525424,0.7625153099378799,HI-VAE_weibull_diffusion
0.01251596464039114,0.9300847457627118,0.03733086559661802,0.6162422664855892,0.11563866011090337,1.0,0.4449152542372881,0.7489655456570331,HI-VAE_weibull_diffusion
0.01253441985528867,0.9339689265536723,0.048998085507212304,0.6321902821789649,0.2516325679824357,5.0,0.4449152542372881,0.7546076057321774,HI-VAE_weibull_diffusion
0.012442117726527313,0.9311440677966103,0.05228373904107131,0.6731684774407726,0.19296042391803284,6.0,0.4152542372881356,0.7562971482357042,HI-VAE_weibull_diffusion
0.011517466002154869,0.9375,0.04301790530189277,0.6551342990795231,0.19544465637770342,5.0,0.4406779661016949,0.7523248731564424,HI-VAE_weibull_diffusion
0.012732068464426052,0.9304378531073447,0.027174716453791017,0.6086803983703033,0.19268498656887334,4.0,0.4406779661016949,0.7642617355756512,HI-VAE_weibull_diffusion
0.012843954395827382,0.9336158192090395,0.04040439901627413,0.5999490719782707,0.24478311741514483,7.0,0.423728813559322,0.7478183104666245,HI-VAE_weibull_diffusion
0.013556830459511207,0.9346751412429377,0.040120335460851184,0.6410347819526181,0.25025602510973305,4.0,0.4322033898305085,0.7439161895141468,HI-VAE_weibull_diffusion
0.014245747265694874,0.9300847457627118,0.05082211335381943,0.569905311604044,0.17460656251599185,4.0,0.4110169491525424,0.7521103531017985,HI-VAE_weibull_diffusion
0.012481793957366934,0.9346751412429378,0.03173741239994821,0.5989531462200091,0.15817804933335872,3.0,0.4406779661016949,0.7608438637488418,HI-VAE_weibull_diffusion
0.010958581187537965,0.9431497175141242,0.05184375434982737,0.6093820733363513,0.20530566407273293,1.0,0.4152542372881356,0.767527841572219,HI-VAE_weibull_diffusion
0.014271021715004079,0.9290254237288136,0.052586582088966806,0.632050701674966,0.21308881410407488,3.0,0.4533898305084746,0.7854224667007712,HI-VAE_weibull_diffusion
0.012217714809765612,0.9360875706214689,0.04159990236202407,0.6142409838539309,0.22238806762025642,3.0,0.4872881355932203,0.7485058529730867,HI-VAE_weibull_diffusion
0.012115024406136411,0.9371468926553672,0.05387085015738259,0.5679266636487098,0.19668299844462628,6.0,0.3983050847457627,0.7426603205666414,HI-VAE_weibull_diffusion
0.013123132461271378,0.9318502824858758,0.04247237405407332,0.6101686283386147,0.16375565265599232,2.0,0.4152542372881356,0.7636368493971557,HI-VAE_weibull_diffusion
0.011879419006103635,0.940677966101695,0.027941401897370093,0.6110891051757961,0.25446873620153154,3.0,0.4194915254237288,0.7453773643193974,HI-VAE_weibull_diffusion
0.01034244552613823,0.9367937853107345,0.031077011149357073,0.6357118605703939,0.14869167390053478,4.0,0.4194915254237288,0.7703652232339654,HI-VAE_weibull_diffusion
0.012118867485988212,0.9364406779661018,0.03314835706026486,0.5634393390674513,0.16111388950814096,1.0,0.4915254237288136,0.7517266986595659,HI-VAE_weibull_diffusion
0.012580772964886454,0.9385593220338984,0.04613832944177084,0.5993492530556813,0.1941342910683017,6.0,0.4788135593220339,0.7404218406233869,HI-VAE_weibull_diffusion
0.014262784011372648,0.925141242937853,0.029808068780875212,0.6220612645239173,0.16321948877588596,3.0,0.4067796610169492,0.77885159497163,HI-VAE_weibull_diffusion
0.010915830518839091,0.9427966101694915,0.04256799950918387,0.5914082541119662,0.26523619235932666,5.0,0.423728813559322,0.7609132565914941,HI-VAE_weibull_diffusion
0.010675516077845872,0.9427966101694917,0.046002853518132554,0.6358099441677985,0.3107468487861635,6.0,0.4110169491525424,0.7515372075448994,HI-VAE_weibull_diffusion
0.011782220263083718,0.9403248587570622,0.04750488393334657,0.5952844424324732,0.2699701724097424,5.0,0.4406779661016949,0.7283055809490578,HI-VAE_weibull_diffusion
0.012162417220580765,0.9403248587570623,0.044130943482972626,0.655451184548061,0.16061057043904972,5.0,0.4449152542372881,0.7399939908727787,HI-VAE_weibull_diffusion
0.01176629978622022,0.9322033898305083,0.0659870215226245,0.6577089935113928,0.26419999829332774,7.0,0.423728813559322,0.7622382092645484,HI-VAE_weibull_diffusion
0.012082757713885867,0.9353813559322034,0.048651934952686646,0.6052418137920628,0.17210866588673146,5.0,0.4322033898305085,0.7592331775659649,HI-VAE_weibull_diffusion
0.01248669659225972,0.926906779661017,0.0484013493214695,0.651231703636638,0.19178144796568905,4.0,0.3940677966101695,0.776116968427888,HI-VAE_weibull_diffusion
0.012444434623634168,0.9367937853107344,0.03578869247790124,0.6290799004074241,0.1524531122635473,3.0,0.3983050847457627,0.7705913382012134,HI-VAE_weibull_diffusion
0.01318080411635013,0.9279661016949152,0.027563393881150176,0.6566734570695638,0.05515747691344737,3.0,0.4703389830508475,0.7697822985107183,HI-VAE_weibull_diffusion
0.011340074989050522,0.9392655367231639,0.04315923264624137,0.5745812584880036,0.20346507813030537,3.0,0.4957627118644068,0.7506942973283769,HI-VAE_weibull_diffusion
0.013781796907388918,0.9290254237288136,0.03645802093824149,0.6612041647804436,0.07854505250663137,8.0,0.4025423728813559,0.7300260887357922,HI-VAE_weibull_diffusion
0.011031007628647775,0.9357344632768361,0.04898227436348049,0.6188226195865398,0.2705978666534561,5.0,0.4364406779661017,0.7519497065718463,HI-VAE_weibull_diffusion
0.011612061177074721,0.9399717514124292,0.02638226361578258,0.6062151048740004,0.1887264521936537,3.0,0.4364406779661017,0.7628372134224618,HI-VAE_weibull_diffusion
0.012637482545192065,0.9286723163841807,0.022243457108364274,0.5964633318243548,0.18515437284328434,3.0,0.4661016949152542,0.7438747960475809,HI-VAE_weibull_diffusion
0.01140327141764499,0.9417372881355933,0.03789924045907957,0.6088671344499774,0.18966033326822304,3.0,0.4322033898305085,0.7763831327851647,HI-VAE_weibull_diffusion
0.012608891067837044,0.9346751412429378,0.0530897088335979,0.6448468386902066,0.16549543500914005,4.0,0.4703389830508475,0.7657042110027698,HI-VAE_weibull_diffusion
0.015030664119642071,0.922316384180791,0.042025724956814094,0.6150973291081938,0.22622483120007553,4.0,0.4152542372881356,0.7381609096780962,HI-VAE_weibull_diffusion
0.01124316315172908,0.9374999999999999,0.03814549388401197,0.6192753131130224,0.23211691259800718,5.0,0.4152542372881356,0.7387250484735989,HI-VAE_weibull_diffusion
0.011357916036587338,0.9392655367231639,0.03794525873855741,0.6329296816055531,0.15153940627463444,2.0,0.4110169491525424,0.7585598445587532,HI-VAE_weibull_diffusion
0.011818902679953355,0.9392655367231639,0.035357699203093104,0.5969575222574316,0.20464186349596364,3.0,0.4406779661016949,0.7682329966934445,HI-VAE_weibull_diffusion
0.013379932125728028,0.9290254237288135,0.04828035325193281,0.6339539007092199,0.13043705031775957,1.0,0.4279661016949153,0.7622944316849267,HI-VAE_weibull_diffusion
0.013619066940539618,0.9265536723163842,0.03230993198587246,0.6341859061415421,0.15645444278796103,1.0,0.4449152542372881,0.7479722146946709,HI-VAE_weibull_diffusion
0.012204843794820834,0.9371468926553672,0.03727804998873988,0.614804964539007,0.18498870648030755,6.0,0.4576271186440678,0.7496934007208034,HI-VAE_weibull_diffusion
0.013145978288161046,0.931497175141243,0.043044194497207415,0.6483005130526633,0.2970720311861492,5.0,0.4067796610169492,0.7641821876093379,HI-VAE_weibull_diffusion
0.012235303015048127,0.9396186440677967,0.04359378218166648,0.5867172174437905,0.2595673939645598,3.0,0.4067796610169492,0.7581410426958428,HI-VAE_weibull_diffusion
0.0112091643727597,0.9399717514124294,0.0533502794207924,0.6148426889995473,0.3094673470320636,4.0,0.4279661016949153,0.7608465266124649,HI-VAE_weibull_diffusion
0.013281052396334952,0.9290254237288135,0.04326380923977639,0.6181039686132488,0.14677143387617136,5.0,0.423728813559322,0.7598871647173658,HI-VAE_weibull_diffusion
0.010875588854406757,0.9410310734463275,0.03972925316046073,0.5930605854836276,0.21310927469860733,5.0,0.4872881355932203,0.7505569887469542,HI-VAE_weibull_diffusion
0.012787998979517804,0.93114406779661,0.04030008016598912,0.6513675116945827,0.2623295883589244,5.0,0.4279661016949153,0.7635380312721849,HI-VAE_weibull_diffusion
0.013895626748127346,0.9329096045197741,0.051765376670054354,0.6254017655047532,0.18696930303837597,6.0,0.4322033898305085,0.7570316974226499,HI-VAE_weibull_diffusion
0.012386504668945706,0.9325564971751413,0.04626708319312789,0.6353157537347216,0.16455758248509,1.0,0.3855932203389831,0.7402186439727031,HI-VAE_weibull_diffusion
0.011827834149418572,0.9385593220338982,0.03348455811829424,0.6349158744529954,0.18886704575330654,3.0,0.3855932203389831,0.7505716067449376,HI-VAE_weibull_diffusion
0.014655736490942576,0.9173728813559322,0.0428728945704217,0.6823128866757205,0.13912464232978974,2.0,0.4152542372881356,0.7463751442006978,HI-VAE_weibull_diffusion
0.0134518560708337,0.9336158192090397,0.030945127526650948,0.6463992002414365,0.1708869695124599,5.0,0.423728813559322,0.7226004078602468,HI-VAE_weibull_diffusion
0.010273658982163494,0.9385593220338982,0.03422204974537286,0.5572940244454505,0.17177981105012646,5.0,0.3813559322033898,0.7594024085177007,HI-VAE_weibull_diffusion
0.013188464670256214,0.9357344632768362,0.03678704289694622,0.5660423268447261,0.17380233613071608,2.0,0.4915254237288136,0.7666128088956048,HI-VAE_weibull_diffusion
0.01508525197774316,0.9226694915254238,0.04495381254515016,0.6846103063226197,0.16592672798522906,2.0,0.4322033898305085,0.7742858703291501,HI-VAE_weibull_diffusion
0.012752646525156336,0.9339689265536723,0.04120436538028644,0.5811038177154068,0.21055570440537588,4.0,0.4025423728813559,0.7653742344194852,HI-VAE_weibull_diffusion
0.013198651757875204,0.9286723163841808,0.0420206749372187,0.6530292741813791,0.18481899068956023,3.0,0.4491525423728814,0.7442933646912423,HI-VAE_weibull_diffusion
0.012121315576084738,0.9329096045197741,0.039685944048302065,0.6333295608872793,0.28118560846127927,5.0,0.4025423728813559,0.7384340380381744,HI-VAE_weibull_diffusion
0.013629904318084295,0.9325564971751414,0.0400222002698611,0.6210257280820884,0.09325325916028832,2.0,0.4703389830508475,0.7604820849713966,HI-VAE_weibull_diffusion
0.013696622442074915,0.9293785310734464,0.047692296595878314,0.6659310396861324,0.1826796644532633,2.0,0.3940677966101695,0.7511551213470057,HI-VAE_weibull_diffusion
0.02682571918458848,0.8753531073446329,0.07532433549248015,0.722519616719481,0.21312647402220508,8.0,0.4194915254237288,0.7525082012605202,HI-VAE_piecewise_diffusion
0.025085815124507815,0.8806497175141242,0.08846352806784566,0.7334691413912782,0.32161368087658454,7.0,0.4025423728813559,0.7534806114575413,HI-VAE_piecewise_diffusion
0.02512077287876306,0.8771186440677967,0.0628777310332702,0.7209615964991701,0.25775519794833607,8.0,0.4491525423728814,0.7148314513446958,HI-VAE_piecewise_diffusion
0.026227962127199734,0.8746468926553672,0.08456833920796546,0.7409329259091596,0.2673985922746563,9.0,0.3898305084745763,0.7185301945531367,HI-VAE_piecewise_diffusion
0.022315171226284732,0.8968926553672317,0.04572192162605106,0.660570393843368,0.22296344194005296,5.0,0.4661016949152542,0.7239806225905153,HI-VAE_piecewise_diffusion
0.023507770677054993,0.8845338983050848,0.07752955434148524,0.6754036517277803,0.33807787796925204,7.0,0.4364406779661017,0.7300340061612529,HI-VAE_piecewise_diffusion
0.02459159093808898,0.8813559322033898,0.06378877163521221,0.7010034706503696,0.29797368358847365,5.0,0.423728813559322,0.7380451139302134,HI-VAE_piecewise_diffusion
0.028089232844601433,0.8640536723163842,0.08211832196045304,0.7319073487249131,0.2863035477625429,8.0,0.3898305084745763,0.7040929023598375,HI-VAE_piecewise_diffusion
0.02367283766419131,0.8870056497175142,0.06221035375677042,0.6629470348574016,0.1596588929611073,7.0,0.4576271186440678,0.7255614262354704,HI-VAE_piecewise_diffusion
0.027037534788167682,0.8672316384180793,0.1331828156027178,0.72200279161008,0.22528410446101121,6.0,0.423728813559322,0.7433924852084414,HI-VAE_piecewise_diffusion
0.025482610466355544,0.8746468926553673,0.0850959247940285,0.6929738192243851,0.24602190509680177,9.0,0.4406779661016949,0.733454946059868,HI-VAE_piecewise_diffusion
0.025068175628409257,0.8817090395480226,0.09484847151464669,0.6895974800060359,0.24628828988304707,10.0,0.4703389830508475,0.7257010123678421,HI-VAE_piecewise_diffusion
0.02526341510042504,0.878177966101695,0.059230193079595636,0.6867549419043307,0.16883214529655405,7.0,0.4449152542372881,0.7180228797731057,HI-VAE_piecewise_diffusion
0.024004996569184922,0.8859463276836159,0.07643507236214517,0.6971103063226196,0.34789882010189643,5.0,0.4364406779661017,0.7454436737459156,HI-VAE_piecewise_diffusion
0.024854289474308025,0.8806497175141245,0.07240846564242596,0.7277029575977064,0.22152961334578963,5.0,0.4322033898305085,0.7252722384579269,HI-VAE_piecewise_diffusion
0.024702063695076968,0.878177966101695,0.09737292865015633,0.738024370001509,0.28166383720245824,8.0,0.4322033898305085,0.7309380674965643,HI-VAE_piecewise_diffusion
0.025530192621065675,0.881002824858757,0.0822970342756484,0.7086445601327902,0.2737025950841365,5.0,0.3940677966101695,0.7137961788029467,HI-VAE_piecewise_diffusion
0.025324318255540015,0.8795903954802261,0.10615268499191567,0.6980288969367738,0.21538496036128124,6.0,0.4194915254237288,0.7285168320075379,HI-VAE_piecewise_diffusion
0.026333249207795045,0.878177966101695,0.049803566580055296,0.6965689603138674,0.18763648779360073,6.0,0.4279661016949153,0.7202529211665238,HI-VAE_piecewise_diffusion
0.02555956810054637,0.8810028248587569,0.07497498734477313,0.7149011619133846,0.18639004681341775,10.0,0.4364406779661017,0.7502612424790771,HI-VAE_piecewise_diffusion
0.024982568922859324,0.881002824858757,0.09538515215787537,0.7095329711785122,0.24531291417143045,10.0,0.4194915254237288,0.7144625981864239,HI-VAE_piecewise_diffusion
0.024234788777436317,0.8838276836158193,0.09156123008622763,0.6921419948694734,0.3010642048710396,7.0,0.4152542372881356,0.7426329176983327,HI-VAE_piecewise_diffusion
0.025152671717009606,0.8785310734463277,0.10716816450258076,0.7358325788441225,0.2980793088245309,8.0,0.3983050847457627,0.7348398768345015,HI-VAE_piecewise_diffusion
0.026224351463766518,0.8827683615819208,0.061114989549904006,0.6787064282480759,0.2209133082104495,8.0,0.4830508474576271,0.7297660340150941,HI-VAE_piecewise_diffusion
0.02560921467158166,0.8760593220338984,0.08223570581025637,0.6861060811830392,0.2812330743272733,9.0,0.4449152542372881,0.7294751237616232,HI-VAE_piecewise_diffusion
0.024109503759753553,0.8852401129943503,0.08136361547619955,0.6884582012977215,0.24623984325313225,10.0,0.4661016949152542,0.7351973304128124,HI-VAE_piecewise_diffusion
0.024186713533974127,0.8831214689265536,0.0982787327193598,0.7052795382526031,0.252130691666813,6.0,0.4830508474576271,0.7282086820736994,HI-VAE_piecewise_diffusion
0.025499589715559396,0.876412429378531,0.11122756021005624,0.7225724309642373,0.32825470377839094,11.0,0.4491525423728814,0.7173806578860498,HI-VAE_piecewise_diffusion
0.023933794293808475,0.881002824858757,0.09377398353119697,0.6857646748151501,0.2762252272330344,8.0,0.4449152542372881,0.7122278075914389,HI-VAE_piecewise_diffusion
0.025555323884928326,0.8834745762711864,0.06184738975756524,0.7122321563301645,0.26910270799357533,3.0,0.4110169491525424,0.7445880851439386,HI-VAE_piecewise_diffusion
0.021831945608520028,0.8908898305084746,0.07914080856963743,0.645082616568583,0.2752261694644885,8.0,0.4449152542372881,0.7434390507835459,HI-VAE_piecewise_diffusion
0.02754373354094833,0.8647598870056497,0.12528431438662,0.7469216840199184,0.23222719334580427,11.0,0.4067796610169492,0.7440019317464138,HI-VAE_piecewise_diffusion
0.027041740625900174,0.8704096045197739,0.0875569593806747,0.7191130979326996,0.33462878087014236,11.0,0.4364406779661017,0.716166154101578,HI-VAE_piecewise_diffusion
0.02500764150766137,0.8760593220338984,0.10477866258451299,0.75087709370756,0.2057807674782328,8.0,0.3983050847457627,0.7223450244772248,HI-VAE_piecewise_diffusion
0.024268957530848758,0.8834745762711865,0.09426405463447016,0.7339576731552739,0.25801248645390706,8.0,0.4025423728813559,0.7553223263129694,HI-VAE_piecewise_diffusion
0.023482234483196123,0.887358757062147,0.07250336338588592,0.6998076052512449,0.1943428126534895,11.0,0.423728813559322,0.7256385311293998,HI-VAE_piecewise_diffusion
0.02540536655207164,0.8788841807909603,0.09058223936999414,0.6796193601931492,0.27810966445734625,8.0,0.4872881355932203,0.7241151410815955,HI-VAE_piecewise_diffusion
0.024965511964263113,0.8806497175141242,0.08711711088206725,0.6505092802172929,0.2823258386468781,9.0,0.4745762711864407,0.7381862760057248,HI-VAE_piecewise_diffusion
0.026089255225916274,0.8771186440677967,0.057450453191798284,0.7243907499622755,0.24274359411296217,8.0,0.4279661016949153,0.7381527709848863,HI-VAE_piecewise_diffusion
0.02475307913329967,0.8866525423728814,0.08154248042833692,0.7064716312056738,0.29647274198802426,9.0,0.4491525423728814,0.7497472896971742,HI-VAE_piecewise_diffusion
0.023906622730922963,0.8866525423728814,0.07476580138704524,0.7034121774558623,0.2764643995005237,7.0,0.4406779661016949,0.7534203197958854,HI-VAE_piecewise_diffusion
0.024413349946099977,0.8817090395480226,0.07529021815594919,0.7129168552889694,0.2370908961749972,8.0,0.4322033898305085,0.7303769293488082,HI-VAE_piecewise_diffusion
0.025501140153090147,0.8771186440677967,0.08957483074201093,0.7474366229062925,0.32310455351478273,9.0,0.3940677966101695,0.7362100024003763,HI-VAE_piecewise_diffusion
0.02557087150555917,0.8820621468926554,0.06015207113412552,0.7032725969518636,0.1484812895900827,5.0,0.4406779661016949,0.7098230062629208,HI-VAE_piecewise_diffusion
0.02570890332498395,0.8757062146892655,0.10140742692315038,0.7204749509582014,0.20404017890550777,5.0,0.4067796610169492,0.7607252918025222,HI-VAE_piecewise_diffusion
0.023822461304125395,0.884180790960452,0.1017880131630894,0.7216123434434888,0.23698461373978466,11.0,0.4533898305084746,0.7347902131588614,HI-VAE_piecewise_diffusion
0.024845601541552156,0.8824152542372881,0.07870337834936965,0.7173834314169307,0.23718682983171566,9.0,0.4661016949152542,0.7677740601292143,HI-VAE_piecewise_diffusion
0.024252500333495117,0.8810028248587572,0.08389792362628389,0.6651576882450582,0.2716503157854738,8.0,0.4322033898305085,0.7446319203052564,HI-VAE_piecewise_diffusion
0.028190131517516575,0.8668785310734463,0.09189315350526404,0.6958465368945226,0.19492897951238722,7.0,0.4661016949152542,0.7196991980899219,HI-VAE_piecewise_diffusion
0.023650496090065445,0.8852401129943502,0.0802939873468038,0.6835125245208993,0.19272280226629618,7.0,0.4194915254237288,0.7245940271577611,HI-VAE_piecewise_diffusion
0.0265844419828805,0.8746468926553672,0.08007187776125568,0.673764523917308,0.24150050718114702,9.0,0.4279661016949153,0.7478571159747941,HI-VAE_piecewise_diffusion
0.026011524020977003,0.8742937853107344,0.08034299711061221,0.7394918515165234,0.20931451481985652,9.0,0.4152542372881356,0.7495477868516103,HI-VAE_piecewise_diffusion
0.02612089001485571,0.8714689265536723,0.05394345347744219,0.7570073185453448,0.2952892635789007,5.0,0.423728813559322,0.7309200463513305,HI-VAE_piecewise_diffusion
0.025481486529656917,0.8760593220338984,0.08797131476681733,0.7194903425381016,0.2598708822418017,8.0,0.4364406779661017,0.7326132361067986,HI-VAE_piecewise_diffusion
0.026673412188659193,0.8735875706214689,0.09733594586412843,0.6832182737286857,0.23327243295860814,9.0,0.4915254237288136,0.7420338947732458,HI-VAE_piecewise_diffusion
0.025615643101645227,0.8757062146892656,0.08417697364498881,0.708444620491927,0.18785347042950953,6.0,0.3813559322033898,0.7342921704725962,HI-VAE_piecewise_diffusion
0.024987249989466453,0.8771186440677967,0.09235077678768532,0.7233985966500679,0.28360233505889576,10.0,0.4067796610169492,0.7464830427949454,HI-VAE_piecewise_diffusion
0.025676982381365596,0.8739406779661016,0.09066879832851295,0.7106156631960163,0.229761635306176,8.0,0.3983050847457627,0.7513848815735368,HI-VAE_piecewise_diffusion
0.02578400662059373,0.8753531073446329,0.07696140892874485,0.6906877169156481,0.3319787155545838,7.0,0.423728813559322,0.7426463040615505,HI-VAE_piecewise_diffusion
0.025971227344563835,0.8753531073446328,0.06772964005042618,0.7313942960615663,0.21548203620838077,8.0,0.3898305084745763,0.7262542633362759,HI-VAE_piecewise_diffusion
0.0263803209064266,0.8788841807909605,0.07740690548589044,0.6983193752829333,0.2080393682261203,9.0,0.423728813559322,0.7195172807284166,HI-VAE_piecewise_diffusion
0.02481537415065453,0.8813559322033898,0.10449820821863573,0.7115795231628187,0.25167357280408015,4.0,0.4406779661016949,0.7407011020536137,HI-VAE_piecewise_diffusion
0.024282037884323173,0.8884180790960453,0.053622022765352884,0.7267089180624716,0.1879602012935237,6.0,0.4279661016949153,0.7332941593774194,HI-VAE_piecewise_diffusion
0.026937537054899905,0.8707627118644067,0.12581521944116653,0.7302455862381168,0.2803679970524437,6.0,0.3940677966101695,0.7240355938219403,HI-VAE_piecewise_diffusion
0.02676536986490397,0.8700564971751411,0.1183086777604839,0.6916459182133696,0.30088209660210685,8.0,0.423728813559322,0.7238191033193913,HI-VAE_piecewise_diffusion
0.024486735602027118,0.8813559322033898,0.0968728200072795,0.6888033801116643,0.2292019643298474,7.0,0.4279661016949153,0.7222555297707316,HI-VAE_piecewise_diffusion
0.026988762955763246,0.8739406779661016,0.06809333675452336,0.6920307077108798,0.2974562895485026,9.0,0.4491525423728814,0.7476775036488761,HI-VAE_piecewise_diffusion
0.027188940745838927,0.8714689265536723,0.08956769651557822,0.7195110909913988,0.21004968100399574,8.0,0.4449152542372881,0.7273284315055503,HI-VAE_piecewise_diffusion
0.023872809680219664,0.8834745762711864,0.08127889530580606,0.6570657914591822,0.2209405793256437,5.0,0.4152542372881356,0.7257951864924144,HI-VAE_piecewise_diffusion
0.02642103541874349,0.8760593220338985,0.08718954855168891,0.7126829636336202,0.30709066920846595,11.0,0.461864406779661,0.7651372669453406,HI-VAE_piecewise_diffusion
0.02419989543015469,0.8852401129943503,0.06434624962526768,0.7065395352346461,0.21213248524406936,9.0,0.4322033898305085,0.7196310779533224,HI-VAE_piecewise_diffusion
0.027198471483004454,0.8746468926553672,0.07443060387486715,0.7469933604949449,0.23128781057696526,6.0,0.4194915254237288,0.7473001366814764,HI-VAE_piecewise_diffusion
0.02477731010195652,0.8862994350282486,0.07718489284859364,0.7312075599818922,0.2417964940808317,8.0,0.4449152542372881,0.7135985345298881,HI-VAE_piecewise_diffusion
0.025686780160619423,0.8774717514124294,0.07254385473777572,0.7005752980232383,0.22083038628975227,7.0,0.3686440677966102,0.739748341393192,HI-VAE_piecewise_diffusion
0.026568764707492698,0.8739406779661016,0.10229433395319601,0.6842123132639203,0.3222844346822718,10.0,0.4661016949152542,0.7222471083940769,HI-VAE_piecewise_diffusion
0.02368947293479022,0.8838276836158192,0.06636325767014703,0.6592123132639204,0.2327215241117808,7.0,0.4025423728813559,0.7421993860787015,HI-VAE_piecewise_diffusion
0.02359909454550599,0.8891242937853105,0.06635066017993298,0.6536290931039688,0.2825572880865405,10.0,0.4067796610169492,0.7244769226511196,HI-VAE_piecewise_diffusion
0.02646458591790318,0.871822033898305,0.09123442204348738,0.7169929832503394,0.20972667160325364,10.0,0.4067796610169492,0.6930241729398473,HI-VAE_piecewise_diffusion
0.02569686819848652,0.8753531073446328,0.08861950584791303,0.6866021578391429,0.26293075583068837,10.0,0.4067796610169492,0.7402984089397292,HI-VAE_piecewise_diffusion
0.024781365268864597,0.8870056497175142,0.05384512840338377,0.7142145767315526,0.17699310976772006,6.0,0.4194915254237288,0.7391376868225324,HI-VAE_piecewise_diffusion
0.025879684326006045,0.8795903954802259,0.08371567966478057,0.6904349630300287,0.3036714619600875,7.0,0.423728813559322,0.7306299892700412,HI-VAE_piecewise_diffusion
0.0252760352498819,0.8795903954802259,0.07336073404304502,0.7444356420703183,0.3213602350568246,6.0,0.4533898305084746,0.6990897927609202,HI-VAE_piecewise_diffusion
0.02532484814823212,0.8841807909604519,0.05838060508953657,0.7121963180926512,0.2490774470092655,7.0,0.4152542372881356,0.7140413545259238,HI-VAE_piecewise_diffusion
0.026944036674593747,0.8686440677966102,0.10663382673482669,0.7397351742870076,0.23080830922286763,10.0,0.4110169491525424,0.7306318193221258,HI-VAE_piecewise_diffusion
0.024792477368143332,0.878177966101695,0.07608473536446488,0.7005922740304813,0.21118827935456586,7.0,0.4491525423728814,0.7157225057814002,HI-VAE_piecewise_diffusion
0.023643944179816034,0.8831214689265536,0.05980060984046829,0.7023841859061415,0.2959683196026081,9.0,0.4322033898305085,0.721415470068042,HI-VAE_piecewise_diffusion
0.025913623988735705,0.876412429378531,0.06919139670506753,0.6579994718575525,0.2255363287693028,8.0,0.4152542372881356,0.7441239839811588,HI-VAE_piecewise_diffusion
0.024594661332658082,0.8806497175141242,0.09009594107075176,0.7017919118756601,0.29096315485751295,8.0,0.4194915254237288,0.7213254249802915,HI-VAE_piecewise_diffusion
0.02509282061389262,0.8774717514124294,0.09091450351575633,0.7266900558322016,0.29369294936495055,7.0,0.3813559322033898,0.7129043535419141,HI-VAE_piecewise_diffusion
0.025620863096634916,0.8711158192090395,0.12085647607326148,0.6974045571148333,0.23007241940174536,7.0,0.4449152542372881,0.7260258697200219,HI-VAE_piecewise_diffusion
0.02566761418305241,0.8785310734463277,0.0866886163334333,0.7118134148181681,0.2817341408429686,7.0,0.4406779661016949,0.7365305828697227,HI-VAE_piecewise_diffusion
0.024741080552099597,0.884180790960452,0.09239671027376516,0.6543175645088276,0.2569277476834435,6.0,0.4661016949152542,0.737097527532803,HI-VAE_piecewise_diffusion
0.0272092033947673,0.8785310734463277,0.075265465619656,0.7405255017353252,0.30198004984253607,8.0,0.4406779661016949,0.7410311263153756,HI-VAE_piecewise_diffusion
0.024596924343947214,0.8887711864406781,0.07313676213404206,0.6820827674664253,0.18569273276922513,7.0,0.423728813559322,0.7362442493560629,HI-VAE_piecewise_diffusion
0.022417703355963752,0.8915960451977402,0.06967532366791779,0.6284555605854837,0.2642279462805269,5.0,0.4830508474576271,0.716681318414828,HI-VAE_piecewise_diffusion
0.02340210886963615,0.8817090395480225,0.06091094076094408,0.6967311754941905,0.24587189955899585,8.0,0.4491525423728814,0.7234013020415593,HI-VAE_piecewise_diffusion
0.026398499288253798,0.8700564971751411,0.10039387719072965,0.7214256073638148,0.2737355755045441,10.0,0.4279661016949153,0.7374327926409775,HI-VAE_piecewise_diffusion
0.023665829033717247,0.8831214689265536,0.08279090040019443,0.7095744680851064,0.27642231017136804,5.0,0.4449152542372881,0.7384601588560571,HI-VAE_piecewise_diffusion
0.024888181626651146,0.8838276836158193,0.07914015201557352,0.6924419043307681,0.24483279490884188,6.0,0.4279661016949153,0.7332345583089089,HI-VAE_piecewise_diffusion
0.02410441379956477,0.8852401129943503,0.07099443209307743,0.7014976610834465,0.1964651935658907,6.0,0.4152542372881356,0.746275325572271,HI-VAE_piecewise_diffusion
0.028536454392112724,0.8647598870056497,0.10367140335426017,0.721104949449223,0.29377606520388083,9.0,0.423728813559322,0.7259572536900581,HI-VAE_piecewise_diffusion
0.0252310976091821,0.8757062146892656,0.07829989161727564,0.7153481967707862,0.2531425786988367,8.0,0.4745762711864407,0.7312232977939188,HI-VAE_piecewise_diffusion
0.02611682724404694,0.8704096045197741,0.09715825059525432,0.7520635279915497,0.25649005822928017,8.0,0.3728813559322034,0.7380618288426772,HI-VAE_piecewise_diffusion
0.026619795139002488,0.8697033898305085,0.08244480174740138,0.7151011015542478,0.23976654209266166,10.0,0.4703389830508475,0.7365087057474723,HI-VAE_piecewise_diffusion
0.026751919633687806,0.8714689265536723,0.09379739424572922,0.7040987626376942,0.26246879721913874,12.0,0.461864406779661,0.7195454710623583,HI-VAE_piecewise_diffusion
0.026817782751582517,0.8771186440677966,0.07111698376887038,0.757636373924853,0.22509209586859072,8.0,0.4279661016949153,0.738601748244342,HI-VAE_piecewise_diffusion
0.024942390117339102,0.8831214689265536,0.09260492691118098,0.7093707559981893,0.30393923699188236,9.0,0.3983050847457627,0.7281833280751263,HI-VAE_piecewise_diffusion
0.02611580917086702,0.8764124293785311,0.09741824059319358,0.7149652934963029,0.2202214083959635,10.0,0.4533898305084746,0.7272891229643899,HI-VAE_piecewise_diffusion
0.024028099900922806,0.8898305084745761,0.05539007998871053,0.6879017655047533,0.25468583726944644,7.0,0.4025423728813559,0.7533115431571726,HI-VAE_piecewise_diffusion
0.024683995437511864,0.8845338983050848,0.08581020668926347,0.7244152708616267,0.30113954176999697,8.0,0.4279661016949153,0.7274226625357951,HI-VAE_piecewise_diffusion
0.02463988149345769,0.8834745762711864,0.08281289868834477,0.6676946582163874,0.23282835312170988,10.0,0.4322033898305085,0.7196246901641056,HI-VAE_piecewise_diffusion
0.024706952887446437,0.8838276836158192,0.09756104148247101,0.6590614154217593,0.20241275542089562,11.0,0.4449152542372881,0.7309925395636954,HI-VAE_piecewise_diffusion
0.026529457316860256,0.878177966101695,0.09957904931830423,0.7087728232986269,0.3144923527367992,7.0,0.4406779661016949,0.755594353395185,HI-VAE_piecewise_diffusion
0.02407290504367215,0.8848870056497175,0.09526654253787635,0.7063075298023238,0.2796654690630755,8.0,0.4830508474576271,0.7502732938780208,HI-VAE_piecewise_diffusion
0.022458967254738543,0.8905367231638418,0.06855746712766801,0.6846235098838085,0.263831897339052,10.0,0.461864406779661,0.7242292961797747,HI-VAE_piecewise_diffusion
0.02347216641796225,0.8908898305084746,0.07484271508066634,0.7071110608118303,0.24265913230131492,11.0,0.4364406779661017,0.7222167187205787,HI-VAE_piecewise_diffusion
0.02421914008514496,0.8820621468926554,0.08265055035465034,0.691180021125698,0.32593344333077073,9.0,0.4025423728813559,0.7445298853455282,HI-VAE_piecewise_diffusion
0.02794641150175488,0.8742937853107344,0.06920483673953585,0.7118341632714653,0.246179445354954,6.0,0.4533898305084746,0.729572239375045,HI-VAE_piecewise_diffusion
0.025723184457321798,0.8774717514124294,0.08221987301169344,0.7007676927719932,0.17437110364391017,10.0,0.4322033898305085,0.7271858371399651,HI-VAE_piecewise_diffusion
0.02627193124006345,0.8742937853107345,0.09816320375908485,0.7240964991700618,0.1893421578164827,6.0,0.4322033898305085,0.7298519940725898,HI-VAE_piecewise_diffusion
0.026233270547537643,0.871822033898305,0.09625478299702256,0.6869473366530859,0.27169151717888573,11.0,0.4449152542372881,0.7160911949246811,HI-VAE_piecewise_diffusion
0.02495612761699519,0.884180790960452,0.05392605896113567,0.674637845178814,0.17854446334907806,8.0,0.4364406779661017,0.7241647539297218,HI-VAE_piecewise_diffusion
0.023244520416434173,0.8852401129943503,0.07774349056042928,0.68293156782858,0.1956324206055554,7.0,0.4533898305084746,0.7358578412093555,HI-VAE_piecewise_diffusion
0.024170621948126036,0.8887711864406779,0.07345083261784102,0.6768635883506866,0.21916505033033198,6.0,0.4152542372881356,0.7549362253885954,HI-VAE_piecewise_diffusion
0.02603210410404805,0.8728813559322034,0.09159422309981873,0.7213143202052211,0.2435364323706022,4.0,0.4194915254237288,0.7309176158918176,HI-VAE_piecewise_diffusion
0.025510090787678314,0.8799435028248587,0.07513041472471144,0.7050343292590916,0.22260995247894302,8.0,0.4576271186440678,0.7256558915707548,HI-VAE_piecewise_diffusion
0.024569356246541052,0.8862994350282486,0.056519338015679293,0.6667081635732609,0.24931559316331645,7.0,0.4279661016949153,0.7254601003159444,HI-VAE_piecewise_diffusion
0.025775211286869232,0.8753531073446328,0.08784575034339182,0.7173343896182284,0.212868263616404,9.0,0.4364406779661017,0.7418611062398439,HI-VAE_piecewise_diffusion
0.026606563265651098,0.875,0.06958806908949897,0.6650803531009507,0.2035435650279386,7.0,0.4576271186440678,0.727971609831167,HI-VAE_piecewise_diffusion
0.025136036933261597,0.8827683615819208,0.058054195541047016,0.7096216236607817,0.18201670828174973,6.0,0.4406779661016949,0.7233955678764603,HI-VAE_piecewise_diffusion
0.025537277503353124,0.873587570621469,0.10654179676684557,0.7075147125396107,0.24179209160063572,9.0,0.3940677966101695,0.7524151251690091,HI-VAE_piecewise_diffusion
0.025933900667381434,0.8753531073446328,0.0862729975963276,0.6920005281424475,0.2712942551899485,9.0,0.461864406779661,0.7240755177549326,HI-VAE_piecewise_diffusion
0.02813702228028089,0.8665254237288136,0.10136292089518989,0.7286517277802927,0.2730413783709835,9.0,0.4067796610169492,0.7385502214020373,HI-VAE_piecewise_diffusion
0.02620675426645218,0.8781779661016947,0.08212393723481748,0.6852327599215331,0.24950130579863625,4.0,0.4025423728813559,0.7274842274125689,HI-VAE_piecewise_diffusion
0.02513671457907912,0.8799435028248589,0.07795913011562151,0.7034404708012676,0.22626623174800492,9.0,0.4745762711864407,0.7362811668079202,HI-VAE_piecewise_diffusion
0.02517953583374663,0.8848870056497175,0.07624483013090856,0.6746284140636789,0.17808695203047123,7.0,0.4322033898305085,0.7180949986081071,HI-VAE_piecewise_diffusion
0.02579145056019454,0.8760593220338982,0.08210565226658798,0.7198053417836124,0.19791765432497957,4.0,0.3855932203389831,0.7593582014412944,HI-VAE_piecewise_diffusion
0.025207484606893846,0.884180790960452,0.05951080467420286,0.7259921533122078,0.3346375442366244,10.0,0.4152542372881356,0.7495234431263652,HI-VAE_piecewise_diffusion
0.0246863620796046,0.8817090395480226,0.07909150227217528,0.7268824505809568,0.28082619773598794,9.0,0.4067796610169492,0.7204955573021788,HI-VAE_piecewise_diffusion
0.027312226829907225,0.8697033898305085,0.13026346587978835,0.7372887430209749,0.2777247788718911,5.0,0.4449152542372881,0.7238933082991453,HI-VAE_piecewise_diffusion
0.02537432541962807,0.878177966101695,0.09415468465238126,0.699107816508224,0.22400553848437466,7.0,0.4025423728813559,0.7301315931533464,HI-VAE_piecewise_diffusion
0.02385395164792095,0.8845338983050848,0.09120655720490921,0.6780783159800816,0.330832570455254,7.0,0.4025423728813559,0.7357822793034987,HI-VAE_piecewise_diffusion
0.02374930632819836,0.8859463276836159,0.10974253830857487,0.7216613852421911,0.287039972423617,10.0,0.423728813559322,0.7266673140505877,HI-VAE_piecewise_diffusion
0.027354749884887068,0.8704096045197739,0.10379811245400865,0.7243586841708163,0.24040065954672007,8.0,0.4152542372881356,0.7554231362876319,HI-VAE_piecewise_diffusion
0.026815755195143152,0.8788841807909605,0.0698658725283432,0.7260110155424778,0.2694567989424416,7.0,0.4449152542372881,0.744149151687192,HI-VAE_piecewise_diffusion
0.02465060607491643,0.8827683615819208,0.08111484632222922,0.7091425230119208,0.1745482264146783,8.0,0.4491525423728814,0.7160326330568109,HI-VAE_piecewise_diffusion
0.025759793807448254,0.875,0.08393523631390712,0.7179662743322771,0.26083623025453345,7.0,0.4661016949152542,0.7272394307330812,HI-VAE_piecewise_diffusion
0.023514924252226666,0.8880649717514125,0.06079912347846428,0.7225724309642372,0.19159649625369474,7.0,0.4661016949152542,0.7339981573842623,HI-VAE_piecewise_diffusion
0.024599857168827042,0.8788841807909603,0.09659004538629182,0.6867643730194659,0.3131958205318298,11.0,0.4533898305084746,0.7052510498573787,HI-VAE_piecewise_diffusion
0.024821545026171978,0.8870056497175143,0.07404686662938233,0.6996265278406518,0.27903660546787934,7.0,0.4406779661016949,0.7116557160970597,HI-VAE_piecewise_diffusion
0.026260469188735036,0.8757062146892656,0.08516381806585278,0.7521597253659273,0.3521929336293074,10.0,0.4194915254237288,0.7366084145085043,HI-VAE_piecewise_diffusion
0.02497437725648617,0.8802966101694915,0.09875578607181686,0.6925324430360644,0.28962657531099917,7.0,0.4449152542372881,0.7467242215513858,HI-VAE_piecewise_diffusion
0.026198724742843432,0.8725282485875706,0.09613147586795709,0.7180851063829787,0.2726814271250395,5.0,0.4194915254237288,0.7374445895172775,HI-VAE_piecewise_diffusion
0.02553429924903088,0.8760593220338982,0.10411561860703908,0.7122830843518938,0.26171159992116566,11.0,0.4406779661016949,0.7195948381008153,HI-VAE_piecewise_diffusion
0.02464067258351381,0.8802966101694915,0.06351011897010549,0.7027067300437604,0.3006404596109372,6.0,0.3983050847457627,0.7313261138097448,HI-VAE_piecewise_diffusion
0.02454752516673157,0.8862994350282486,0.0603101325585575,0.7160517579598612,0.2775773395070688,10.0,0.3983050847457627,0.7490014581940901,HI-VAE_piecewise_diffusion
0.025244946774746566,0.8813559322033897,0.07687578981445477,0.6954975856345255,0.26649333737415154,8.0,0.4576271186440678,0.7469781837853957,HI-VAE_piecewise_diffusion
0.026574007682098773,0.8739406779661016,0.10243205568529848,0.7134242492832351,0.2032559179846147,9.0,0.4364406779661017,0.7262571033253638,HI-VAE_piecewise_diffusion
0.026147633557845402,0.8711158192090395,0.11551548400811315,0.6827901011015542,0.28779316386361203,8.0,0.4194915254237288,0.7455997672064584,HI-VAE_piecewise_diffusion
0.028977778546217272,0.8615819209039549,0.08702086860341893,0.7238022483778481,0.24535370233138384,5.0,0.4406779661016949,0.751918296686384,HI-VAE_piecewise_diffusion
0.02494346059875205,0.8824152542372881,0.0663336765929982,0.6817319299834013,0.2639572489735286,6.0,0.3898305084745763,0.7430608139365117,HI-VAE_piecewise_diffusion
0.02616278398329149,0.876412429378531,0.07149542046436792,0.7369435642070318,0.23226019697689868,6.0,0.4745762711864407,0.7180286126590484,HI-VAE_piecewise_diffusion
0.025166941849232835,0.8778248587570622,0.08147951802304627,0.6652406820582465,0.2320522576568986,9.0,0.4491525423728814,0.7139287411172229,HI-VAE_piecewise_diffusion
0.02626254799964844,0.8757062146892656,0.11398117020286443,0.7160442130677531,0.28431935325762553,8.0,0.4279661016949153,0.7463293996738148,HI-VAE_piecewise_diffusion
0.021556481828667772,0.902542372881356,0.07520919890248348,0.7141523313716613,0.2592511843863429,8.0,0.3601694915254237,0.7466522257950309,HI-VAE_piecewise_diffusion
0.024976374259488746,0.8785310734463277,0.10707129874781808,0.71725139580504,0.22545330376789488,8.0,0.4703389830508475,0.7575693509502015,HI-VAE_piecewise_diffusion
0.025205931435968696,0.8771186440677966,0.11032104031093694,0.7191432775011317,0.24384803208270334,8.0,0.4322033898305085,0.7404200887801162,HI-VAE_piecewise_diffusion
0.025390720047689216,0.8831214689265536,0.04909168896944159,0.7171533122076356,0.21729038672725537,8.0,0.461864406779661,0.729788111039593,HI-VAE_piecewise_diffusion
0.026873828426541176,0.8735875706214689,0.07075032811013057,0.6944695940848046,0.3294744465896399,9.0,0.3983050847457627,0.7432100902326904,HI-VAE_piecewise_diffusion
0.027176740010292317,0.873587570621469,0.06340153166992325,0.7357401539157991,0.2964412211108366,10.0,0.4194915254237288,0.7178560646125324,HI-VAE_piecewise_diffusion
0.025308978158924925,0.8820621468926554,0.10403808347516304,0.6747944016900559,0.2752615596429528,6.0,0.4449152542372881,0.7348403788027508,HI-VAE_piecewise_diffusion
0.022106395121145535,0.8937146892655368,0.11958952930382108,0.7111966198883355,0.25838990626369923,9.0,0.4152542372881356,0.7499312141383979,HI-VAE_piecewise_diffusion
0.023920470275159787,0.8838276836158192,0.056089271963512224,0.6788384638599668,0.23220043072760624,6.0,0.4194915254237288,0.7479773555843546,HI-VAE_piecewise_diffusion
0.025706849863813597,0.8785310734463275,0.0795833636062322,0.7269503546099292,0.24854169430146483,6.0,0.461864406779661,0.7268879775717377,HI-VAE_piecewise_diffusion
0.02570909951771105,0.8806497175141245,0.07343752528970751,0.6928361249434133,0.1918765331638063,8.0,0.4830508474576271,0.7255700184291325,HI-VAE_piecewise_diffusion
0.027770971106484587,0.8654661016949151,0.10107469208034787,0.742274030481364,0.2536435412353801,8.0,0.4279661016949153,0.7467805160041406,HI-VAE_piecewise_diffusion
0.025530192307685443,0.8834745762711864,0.06374705059100971,0.6698600422513958,0.33178695544878334,6.0,0.4703389830508475,0.7145655043256837,HI-VAE_piecewise_diffusion
0.02682588664070154,0.8757062146892656,0.08181686965849995,0.7372642221216238,0.2305570781509091,11.0,0.5084745762711864,0.7262175578606352,HI-VAE_piecewise_diffusion
0.023027802678487655,0.8926553672316384,0.09686707049376708,0.6564037271767014,0.25438050646147486,9.0,0.4322033898305085,0.747842456009741,HI-VAE_piecewise_diffusion
0.025826369227040128,0.8728813559322033,0.08427772532599291,0.7222310245963484,0.2614873759273257,7.0,0.4110169491525424,0.7406289458503321,HI-VAE_piecewise_diffusion
0.024077484833767652,0.8831214689265537,0.06821411701999151,0.6629281726271314,0.1918481560526709,9.0,0.4661016949152542,0.7188037754425903,HI-VAE_piecewise_diffusion
0.025122328718480694,0.8813559322033897,0.07444950896529627,0.7162498113776973,0.22429225230611566,5.0,0.4491525423728814,0.7464803424372207,HI-VAE_piecewise_diffusion
0.024325200867852042,0.8845338983050848,0.07684387283411218,0.7094122529047835,0.25977783458931075,4.0,0.3940677966101695,0.7351212301021149,HI-VAE_piecewise_diffusion
0.024145358500473144,0.884180790960452,0.05849940555213693,0.6718217141994869,0.15818511309836894,8.0,0.3940677966101695,0.7252887621684271,HI-VAE_piecewise_diffusion
0.024675859556204664,0.8817090395480226,0.084319652153842,0.7252018258638901,0.29113719280299266,7.0,0.4279661016949153,0.720649309519814,HI-VAE_piecewise_diffusion
0.025334988565350547,0.8781779661016947,0.07438072038269776,0.7205051305266336,0.23697168881175304,5.0,0.3940677966101695,0.708386529120907,HI-VAE_piecewise_diffusion
0.024954669625987597,0.8802966101694915,0.07509992948792409,0.7281839444695941,0.20076798903497042,6.0,0.3898305084745763,0.7154788809275084,HI-VAE_piecewise_diffusion
0.02671008300377496,0.8718220338983049,0.08647519269966707,0.7095461747397012,0.3061448578233098,10.0,0.4491525423728814,0.7144436100884192,HI-VAE_piecewise_diffusion
0.025939539623813124,0.8735875706214689,0.09506402820654859,0.7022502640712237,0.19663671913974876,8.0,0.4745762711864407,0.7347991195729394,HI-VAE_piecewise_diffusion
0.02492922969399507,0.8788841807909605,0.10405560214160836,0.7229591066847745,0.23690513801332472,8.0,0.4110169491525424,0.7286288071004667,HI-VAE_piecewise_diffusion
0.02396597727217396,0.882768361581921,0.07534645980008829,0.7504470348574015,0.15389651027246182,8.0,0.4491525423728814,0.7587841089710662,HI-VAE_piecewise_diffusion
0.025731115763454788,0.881002824858757,0.07249124829057788,0.6678832805190886,0.2750041569717316,9.0,0.4279661016949153,0.7435654216976735,HI-VAE_piecewise_diffusion
0.02327849955031536,0.8848870056497175,0.08807354817281098,0.6907820280669987,0.31182807501588594,8.0,0.4025423728813559,0.7504931005337536,HI-VAE_piecewise_diffusion
0.025743476632041087,0.878177966101695,0.05525342618938773,0.6790157688245058,0.2610157357725888,9.0,0.423728813559322,0.7491081234048811,HI-VAE_piecewise_diffusion
0.024635125061434383,0.8834745762711865,0.09772441540132662,0.6888788290327448,0.2621845482806994,9.0,0.4322033898305085,0.7344144329038326,HI-VAE_piecewise_diffusion
0.025884314692920237,0.8764124293785311,0.10384377826453531,0.6736475780896334,0.2029447746954608,9.0,0.4279661016949153,0.7295030111328484,HI-VAE_piecewise_diffusion
0.02476985711665318,0.8806497175141242,0.09972297145210009,0.7077316281877168,0.2827970741906677,10.0,0.3898305084745763,0.7165421925058046,HI-VAE_piecewise_diffusion
0.02391117084208155,0.8866525423728814,0.11201890559139834,0.6773577787837634,0.25532061225249525,8.0,0.4025423728813559,0.7325721814019466,HI-VAE_piecewise_diffusion
0.0257468403457019,0.8820621468926554,0.09327584967771117,0.6837596197374376,0.30909383584177297,5.0,0.4194915254237288,0.7282934115513303,HI-VAE_piecewise_diffusion
0.02598617146494549,0.8742937853107344,0.07435707397159888,0.7156009506564056,0.2975270547427449,8.0,0.4745762711864407,0.7235334582202756,HI-VAE_piecewise_diffusion
