J-S distance,KS test,Survival curves distance,Detection XGB,NSND,K-map score,Identifiability score,NNDR,generator
0.00601511938965064,0.9601910828025478,0.06718694338458164,0.5659144120707597,0.30798728701989264,1.0,0.40764331210191085,0.7567935207501638,HI-VAE_weibull
0.006046787933921439,0.9607218683651805,0.029482397821442224,0.531035379812695,0.20828995339164996,3.0,0.445859872611465,0.7272891882083712,HI-VAE_weibull
0.005434065362954159,0.9585987261146497,0.038615677497739684,0.5492455775234132,0.21771209140332276,4.0,0.42038216560509556,0.742752917855719,HI-VAE_weibull
0.0055461350211908345,0.9639065817409768,0.03602690240097515,0.5674167533818939,0.3301131305098302,2.0,0.45222929936305734,0.7532558675489925,HI-VAE_weibull
0.005530949998550502,0.9644373673036095,0.049967488236514764,0.508012486992716,0.15796505138847816,1.0,0.445859872611465,0.7577507944260379,HI-VAE_weibull
0.008287914941311286,0.9532908704883227,0.04613244701451431,0.5387617065556711,0.24654224356180204,2.0,0.45222929936305734,0.7431203731475452,HI-VAE_weibull
0.004325057590586099,0.9713375796178344,0.03882070470074969,0.5801899063475546,0.1972754063607865,1.0,0.4394904458598726,0.748240527088877,HI-VAE_weibull
0.006252814594209451,0.9612526539278132,0.05965018702816862,0.5970766129032258,0.2187397611367448,2.0,0.4713375796178344,0.7387941985580184,HI-VAE_weibull
0.004721795522049353,0.9734607218683652,0.02671370970005959,0.45537200832466185,0.27129162193473133,2.0,0.5222929936305732,0.7489744581010137,HI-VAE_weibull
0.005904685043266207,0.9554140127388536,0.042517718059795775,0.5551183662851197,0.20638983018235751,1.0,0.46496815286624205,0.7573776935893376,HI-VAE_weibull
0.0058400290308044086,0.9660297239915074,0.04126311965711134,0.5229838709677419,0.26022411146853175,2.0,0.4840764331210191,0.7381073340342127,HI-VAE_weibull
0.005972573312340648,0.964968152866242,0.03751480368139849,0.5802744536940686,0.3082126042478128,5.0,0.535031847133758,0.7691041888111739,HI-VAE_weibull
0.005491690341086545,0.968683651804671,0.03876873983890767,0.4660184703433924,0.23833626702328323,2.0,0.4840764331210191,0.74457478698915,HI-VAE_weibull
0.005978674707506401,0.9665605095541401,0.05619905257894782,0.49671566077003126,0.25164476937949987,3.0,0.4140127388535032,0.7584907933806577,HI-VAE_weibull
0.006244059981158112,0.9654989384288747,0.02037612634631728,0.5561329344432883,0.24441205814177924,3.0,0.4840764331210191,0.7860888720655098,HI-VAE_weibull
0.004609705288068409,0.9676220806794055,0.03773665559381117,0.5016259105098855,0.3148632349854908,1.0,0.4968152866242038,0.7263657990615855,HI-VAE_weibull
0.0057982958263118846,0.9649681528662422,0.030564035829052445,0.4748569198751301,0.2079291474573456,1.0,0.5031847133757962,0.7517793783249918,HI-VAE_weibull
0.006416108242337129,0.9575371549893842,0.036575265776103136,0.5184963579604578,0.21585977116011396,1.0,0.5222929936305732,0.726044368233825,HI-VAE_weibull
0.004744181157531614,0.9681528662420383,0.04467860543324102,0.511121227887617,0.22958216825709282,3.0,0.42038216560509556,0.7296257836472143,HI-VAE_weibull
0.00626658421296408,0.9585987261146497,0.03984545367919474,0.5275884495317378,0.2444769353061559,3.0,0.4585987261146497,0.7356202066424173,HI-VAE_weibull
0.00750299155163105,0.9538216560509554,0.04069832432432206,0.5590075442247658,0.16617958834845895,2.0,0.4394904458598726,0.7563523846806592,HI-VAE_weibull
0.0048843903797273465,0.9665605095541402,0.029280768047526183,0.5457466181061394,0.356823601436017,3.0,0.4394904458598726,0.7555000447364163,HI-VAE_weibull
0.006436348133943321,0.9585987261146497,0.047205210003431065,0.4838026795005203,0.2170400582819456,3.0,0.5159235668789809,0.7665188238214374,HI-VAE_weibull
0.00589944068067014,0.9660297239915074,0.041674760205159485,0.48538631633714885,0.3185155759959792,2.0,0.4840764331210191,0.727907603585677,HI-VAE_weibull
0.006363570288050632,0.9644373673036094,0.0625899193137784,0.49279396462018726,0.29630240484057674,3.0,0.5095541401273885,0.7664476972305658,HI-VAE_weibull
0.0037371045046986234,0.9713375796178344,0.03221961720538054,0.5173647242455776,0.22610888497933151,1.0,0.47770700636942676,0.7458618099495017,HI-VAE_weibull
0.005095532078763402,0.9585987261146497,0.037837354059945996,0.5034989594172737,0.28097607693093946,3.0,0.4968152866242038,0.7494960951084204,HI-VAE_weibull
0.005427029105349589,0.9660297239915074,0.033736228038425735,0.5279656607700312,0.2665560745242438,1.0,0.5286624203821656,0.7806849593413107,HI-VAE_weibull
0.005153868516801033,0.9633757961783439,0.03934153730563545,0.48937304890738814,0.2601650157933833,4.0,0.47770700636942676,0.7314237880690828,HI-VAE_weibull
0.006385988598209012,0.9570063694267515,0.028931941169834562,0.5054337929240375,0.2147654242853996,2.0,0.4394904458598726,0.7498861706802553,HI-VAE_weibull
0.006202220274799952,0.9628450106157113,0.03852916894647662,0.5570434443288242,0.14838139645185033,1.0,0.4713375796178344,0.7772644715102275,HI-VAE_weibull
0.00631114835463727,0.9585987261146496,0.03842955986260139,0.512656087408949,0.17197339977329493,4.0,0.535031847133758,0.7500248294834863,HI-VAE_weibull
0.0044420320568728765,0.9692144373673036,0.02430613783729538,0.4839099895941727,0.1977310708515986,2.0,0.46496815286624205,0.7409801046749233,HI-VAE_weibull
0.007091126279903759,0.9570063694267517,0.029021568425599643,0.5917468782518209,0.21657048243221708,1.0,0.4585987261146497,0.765278267474134,HI-VAE_weibull
0.0057241277919687665,0.9612526539278132,0.0496288746470634,0.5358545785639958,0.25335651641736784,2.0,0.4585987261146497,0.7333240044590215,HI-VAE_weibull
0.008530868363509202,0.9463906581740976,0.05464634163224041,0.6116415192507805,0.2903678140182392,3.0,0.4267515923566879,0.7768987381368435,HI-VAE_weibull
0.005916407139222288,0.9628450106157113,0.03140677517298665,0.4937890218522373,0.21699053811078334,1.0,0.43312101910828027,0.7533109846267004,HI-VAE_weibull
0.005851705753460196,0.9670912951167727,0.02929492022866788,0.556165452653486,0.24707670134869875,1.0,0.4968152866242038,0.7467957748279817,HI-VAE_weibull
0.006721709550289115,0.9570063694267517,0.030927520230025478,0.5094237773152965,0.20697768568059002,1.0,0.47770700636942676,0.7676054330534031,HI-VAE_weibull
0.004168647922351188,0.9708067940552016,0.034957132867699796,0.43937304890738815,0.26267558353716347,2.0,0.5031847133757962,0.755690048631837,HI-VAE_weibull
0.006667260296444043,0.956475583864119,0.03084746577347353,0.46942637877211235,0.2068451479561165,1.0,0.49044585987261147,0.7421089173430357,HI-VAE_weibull
0.005614739512422258,0.9612526539278132,0.048633398553280714,0.5332271071800208,0.2701048524608727,3.0,0.39490445859872614,0.7473618881455654,HI-VAE_weibull
0.006565346216934025,0.9623142250530786,0.06218733158474215,0.5486342351716962,0.22569762952561534,1.0,0.45222929936305734,0.7585896552246866,HI-VAE_weibull
0.006129759418986718,0.9596602972399152,0.029499824984795767,0.5234196149843913,0.17739801775885566,1.0,0.46496815286624205,0.7368818862977443,HI-VAE_weibull
0.005209923254190355,0.9612526539278131,0.04468735345266879,0.5216701352757545,0.27175757276688783,2.0,0.5159235668789809,0.7519287950153052,HI-VAE_weibull
0.008392517978893921,0.9559447983014863,0.03583870632296109,0.5792989073881374,0.3709694571409901,1.0,0.4840764331210191,0.7492198249467681,HI-VAE_weibull
0.009076507258442649,0.9463906581740978,0.04008621601210152,0.5165127471383975,0.22132000816129407,1.0,0.5095541401273885,0.7616513004413218,HI-VAE_weibull
0.00843143838686007,0.9532908704883227,0.033170597715479845,0.5953629032258064,0.25388389950404544,3.0,0.46496815286624205,0.7743602454371665,HI-VAE_weibull
0.005170468381419488,0.9676220806794055,0.05532113432781134,0.5368691467221645,0.27725798539834967,3.0,0.445859872611465,0.7586859601455099,HI-VAE_weibull
0.0073795304355060015,0.9607218683651806,0.03215607763282102,0.5626755983350676,0.20143656112247862,2.0,0.45222929936305734,0.7450595734054364,HI-VAE_weibull
0.006084881200297821,0.9644373673036094,0.0494445220245166,0.5161225286160249,0.2689877333672657,4.0,0.46496815286624205,0.7582266467915585,HI-VAE_weibull
0.0069481257947134716,0.9559447983014863,0.04039169420363847,0.5083181581685744,0.2646086441831112,3.0,0.49044585987261147,0.7617080666334228,HI-VAE_weibull
0.00746192574344337,0.9570063694267517,0.037517967609750534,0.5801313735691986,0.3653731722107405,2.0,0.4585987261146497,0.7506217774860747,HI-VAE_weibull
0.0070261100575188,0.9607218683651805,0.04834344916437345,0.501775494276795,0.2174879119258958,4.0,0.47770700636942676,0.7537094346430412,HI-VAE_weibull
0.007733053712071729,0.956475583864119,0.02329250692609188,0.550767429760666,0.27396916393981263,3.0,0.4840764331210191,0.7160390726303287,HI-VAE_weibull
0.008004003948109168,0.9522292993630574,0.057774832711548915,0.5739594172736733,0.25061441439644416,3.0,0.4968152866242038,0.7385869222941851,HI-VAE_weibull
0.007436607198338676,0.9585987261146497,0.031783416575446144,0.47819328824141516,0.33139907852410144,1.0,0.4585987261146497,0.7642708706227073,HI-VAE_weibull
0.004977510036223989,0.9692144373673036,0.03902755159043007,0.4118561394380853,0.29903370947214314,1.0,0.4840764331210191,0.7332367407103322,HI-VAE_weibull
0.005239517032072486,0.9623142250530785,0.04531901615292982,0.5029689125910509,0.23957042848731608,2.0,0.4140127388535032,0.7580485128958865,HI-VAE_weibull
0.00553469678605971,0.9639065817409768,0.03921634447700884,0.6158883975026015,0.2312616606781029,1.0,0.445859872611465,0.7427243449957918,HI-VAE_weibull
0.005460858731326152,0.9639065817409765,0.02966592449840887,0.48098985431841834,0.24586004210143636,2.0,0.4585987261146497,0.7583771609583179,HI-VAE_weibull
0.005549479579830731,0.9575371549893843,0.024830036101805657,0.5140608740894901,0.24938012439284166,1.0,0.4585987261146497,0.7545743397754737,HI-VAE_weibull
0.00474296810189362,0.9676220806794055,0.039522783321188894,0.4819914151925079,0.2862420043258887,2.0,0.4713375796178344,0.7547383779292806,HI-VAE_weibull
0.008191550932814307,0.9495753715498939,0.030032825833611925,0.5843132154006244,0.25413113829970446,2.0,0.5159235668789809,0.7499879780274603,HI-VAE_weibull
0.004681709031875469,0.9623142250530786,0.028356444587558583,0.5364529136316336,0.20390462562834785,3.0,0.4267515923566879,0.7576900431212003,HI-VAE_weibull
0.004683460204047197,0.9628450106157113,0.03389526760357991,0.540654266389178,0.22539432808675433,1.0,0.445859872611465,0.7602864867161798,HI-VAE_weibull
0.00773318157486992,0.9522292993630574,0.041896446977057376,0.5702783558792924,0.331690450913569,5.0,0.4713375796178344,0.7712292802562957,HI-VAE_weibull
0.005831903704571033,0.9654989384288748,0.03918925679244531,0.5442247658688866,0.2090061336124259,2.0,0.40764331210191085,0.7517752930748867,HI-VAE_weibull
0.0067832654262164034,0.9596602972399152,0.032857724340242644,0.6272892819979188,0.15894272558567446,2.0,0.4840764331210191,0.7464457318194103,HI-VAE_weibull
0.00643994813510878,0.9633757961783439,0.05311568329172519,0.5188345473465141,0.30314668819971624,3.0,0.4394904458598726,0.7365809570122792,HI-VAE_weibull
0.004706175662714778,0.9670912951167728,0.03385452581355796,0.5391584287200832,0.21688515665148628,2.0,0.46496815286624205,0.7487608035366037,HI-VAE_weibull
0.005847498532031836,0.9681528662420381,0.03818156622792203,0.4833896982310094,0.23065976618556683,3.0,0.4267515923566879,0.7745627387684283,HI-VAE_weibull
0.00651462569811834,0.9607218683651805,0.03032396945015123,0.5172021331945891,0.3562509981431261,2.0,0.43312101910828027,0.7747347207580723,HI-VAE_weibull
0.005321642985757832,0.968683651804671,0.036281885569113034,0.5275169094693029,0.26239660350670224,2.0,0.4713375796178344,0.7396001836960775,HI-VAE_weibull
0.006413511546587358,0.9596602972399152,0.05688117697211004,0.527016129032258,0.20824141376244357,2.0,0.445859872611465,0.7517550709335461,HI-VAE_weibull
0.005955087914894249,0.9644373673036094,0.04310805078719538,0.572131893860562,0.18018036167816456,4.0,0.4585987261146497,0.7739509137942857,HI-VAE_weibull
0.0070060277539195715,0.95276008492569,0.02935054101218992,0.47792013527575444,0.2627840118002963,3.0,0.43312101910828027,0.7606403705147775,HI-VAE_weibull
0.006577761995938627,0.9601910828025476,0.03519076886099585,0.5478863163371488,0.25389903186987184,2.0,0.45222929936305734,0.757309382441486,HI-VAE_weibull
0.0045144937314052684,0.9654989384288748,0.031737494333293585,0.5821605098855358,0.06885907639447529,2.0,0.4394904458598726,0.7632618820235746,HI-VAE_weibull
0.006786082727237093,0.9585987261146497,0.03822478518406716,0.5171240894901145,0.23187973542689155,1.0,0.5286624203821656,0.7440783356815831,HI-VAE_weibull
0.005770579293224523,0.9681528662420383,0.04432153800359216,0.5234196149843913,0.23258939797997236,2.0,0.5095541401273885,0.7477375041895886,HI-VAE_weibull
0.006067396917580942,0.9601910828025476,0.030481601881058647,0.5107635275754423,0.17021756086373008,3.0,0.47770700636942676,0.7265990653209938,HI-VAE_weibull
0.006795162870291651,0.9612526539278132,0.031898936542967285,0.5231789802289282,0.21228042461526622,2.0,0.47770700636942676,0.7595853625780514,HI-VAE_weibull
0.006856357072192148,0.9639065817409768,0.039864993697711515,0.4832791363163372,0.2730128074578922,2.0,0.47770700636942676,0.7526629066284568,HI-VAE_weibull
0.006845444678206692,0.9548832271762207,0.031811658368790595,0.5348465140478668,0.2687067889914264,2.0,0.4394904458598726,0.7398951996755472,HI-VAE_weibull
0.004703380429539967,0.968683651804671,0.03154811772809364,0.5366545265348595,0.3361565213257587,2.0,0.40764331210191085,0.761381035408572,HI-VAE_weibull
0.004649150136017148,0.9660297239915074,0.04442285719917072,0.5397047346514048,0.17165455640994767,2.0,0.4840764331210191,0.743569917088407,HI-VAE_weibull
0.006964074023074439,0.9522292993630573,0.05061988817216762,0.556093912591051,0.27976623438679193,2.0,0.4840764331210191,0.7450449705363597,HI-VAE_weibull
0.005232291216488326,0.9723991507430997,0.03003016742661126,0.5038891779396462,0.1669818753012388,1.0,0.4713375796178344,0.7596415958353119,HI-VAE_weibull
0.00625081940298202,0.9591295116772823,0.0322945586289163,0.6351521852237253,0.23717456754460453,2.0,0.4713375796178344,0.7671360061595662,HI-VAE_weibull
0.006690990528245927,0.9596602972399152,0.04105850587029104,0.5924427679500519,0.21570852536167479,1.0,0.47770700636942676,0.7705457894831856,HI-VAE_weibull
0.004349269654578153,0.964968152866242,0.03531914127770921,0.5180996357960458,0.27279494001434484,4.0,0.46496815286624205,0.7438557571238148,HI-VAE_weibull
0.006774908765801716,0.9548832271762208,0.034423511552440056,0.5841636316337149,0.19290201432833645,1.0,0.4394904458598726,0.760537998142939,HI-VAE_weibull
0.005786366432335277,0.9649681528662422,0.036804599631816974,0.4877016129032258,0.30607056964371876,4.0,0.5859872611464968,0.7170457116232286,HI-VAE_weibull
0.005180828989757404,0.9676220806794055,0.04365845672867519,0.5220083246618106,0.1747031008175537,2.0,0.45222929936305734,0.7642626101178196,HI-VAE_weibull
0.005287495004832895,0.9676220806794057,0.024746972896886543,0.5144966181061394,0.28852563450465274,2.0,0.5031847133757962,0.7394561607540993,HI-VAE_weibull
0.006980970122761022,0.9601910828025478,0.043727205397516775,0.4884300208116545,0.24181538706581765,3.0,0.45222929936305734,0.7489811289974445,HI-VAE_weibull
0.00618218061075319,0.9639065817409765,0.04338448878922548,0.48921696149843913,0.16151608522271896,1.0,0.4585987261146497,0.7541979222938077,HI-VAE_weibull
0.004397851268243482,0.9676220806794057,0.03449864409758672,0.5073100936524454,0.13040468299883728,1.0,0.4713375796178344,0.7500584763602504,HI-VAE_weibull
0.006761953012530565,0.9469214437367305,0.037200511311665845,0.6502211238293444,0.30522070074831265,2.0,0.4267515923566879,0.751739921707161,HI-VAE_weibull
0.009111167971233408,0.9463906581740978,0.02917038125850408,0.5200832466181061,0.1871790287473135,2.0,0.4585987261146497,0.7460339204556102,HI-VAE_weibull
0.005864812622732303,0.9612526539278131,0.039630793854570245,0.5671956295525494,0.2571442500117167,3.0,0.40764331210191085,0.7678123277287299,HI-VAE_weibull
0.006519381334023105,0.9617834394904459,0.026780740309266145,0.5426313735691988,0.24790511247941946,2.0,0.4267515923566879,0.756782470823733,HI-VAE_weibull
0.004882679812938031,0.9681528662420383,0.032407634470707984,0.45300468262226845,0.1422601498557461,1.0,0.4713375796178344,0.7550947933109892,HI-VAE_weibull
0.006073623814353811,0.9660297239915074,0.03155704977778923,0.5215855879292404,0.241660027335373,1.0,0.4968152866242038,0.7357899184914174,HI-VAE_weibull
0.008041946798976846,0.9543524416135881,0.033948226408570585,0.5320369406867846,0.2752672188008201,3.0,0.5031847133757962,0.7621259556413913,HI-VAE_weibull
0.0064110336174042345,0.9596602972399152,0.042727217676577944,0.5646917273673256,0.18782032677533234,1.0,0.47770700636942676,0.7509313611825272,HI-VAE_weibull
0.006814043164065374,0.9585987261146496,0.03754470771784461,0.6240439646201873,0.2970065457808536,2.0,0.4585987261146497,0.7417460912959197,HI-VAE_weibull
0.005886855006459063,0.9654989384288748,0.025312515232514526,0.4701547866805411,0.2498282056508035,1.0,0.5095541401273885,0.7279821397903036,HI-VAE_weibull
0.007588918216388684,0.9564755838641189,0.030310463598451774,0.5250520291363163,0.21308150774605839,2.0,0.4840764331210191,0.7416939139267782,HI-VAE_weibull
0.004643522072877546,0.9654989384288748,0.050410884434953666,0.5339555150884495,0.287754007922346,1.0,0.45222929936305734,0.7317623469552378,HI-VAE_weibull
0.006157315897609415,0.9628450106157113,0.025776100884766843,0.4720928720083247,0.18623232539567572,2.0,0.535031847133758,0.7365822730875936,HI-VAE_weibull
0.005992296963334045,0.9538216560509554,0.03394888674652708,0.49715790842872004,0.20132189035507503,2.0,0.4968152866242038,0.7195474228312558,HI-VAE_weibull
0.006159001487557147,0.9612526539278132,0.0423353108623764,0.5066662330905307,0.24784119305757865,4.0,0.4840764331210191,0.7453346023997887,HI-VAE_weibull
0.007601053549256792,0.9575371549893843,0.03449183526934397,0.5022762747138397,0.2401578096847599,3.0,0.49044585987261147,0.724908818407672,HI-VAE_weibull
0.006845343184040959,0.9612526539278132,0.029595493023765244,0.6026664932362122,0.0958776661323851,3.0,0.45222929936305734,0.7738083118286597,HI-VAE_weibull
0.005998445063928008,0.9570063694267515,0.028456751681046163,0.5256308532778357,0.22816769891784347,1.0,0.4267515923566879,0.7595723723446841,HI-VAE_weibull
0.007901474736729325,0.9570063694267517,0.054386133741131264,0.5594432882414152,0.2660059238502741,3.0,0.47770700636942676,0.759840029828401,HI-VAE_weibull
0.004953482223767703,0.9639065817409765,0.032918941658621456,0.5744211758584808,0.21565360670328387,1.0,0.4394904458598726,0.7660882100794797,HI-VAE_weibull
0.006225175699548926,0.9570063694267517,0.028912046625884542,0.513592611862643,0.30645125140922597,3.0,0.4840764331210191,0.7399030258904408,HI-VAE_weibull
0.00740126687684096,0.9516985138004247,0.035259942521641364,0.5734326222684704,0.20029614491766845,2.0,0.4968152866242038,0.7424923988856519,HI-VAE_weibull
0.009688000385788126,0.9516985138004247,0.03681495806239963,0.5423387096774193,0.2714312400134524,1.0,0.49044585987261147,0.744700453816463,HI-VAE_weibull
0.006541870025741339,0.9585987261146497,0.02986374484672426,0.5044159729448492,0.1514367485787545,1.0,0.42038216560509556,0.7377735068353094,HI-VAE_weibull
0.007041008807810406,0.9564755838641189,0.04522158086478138,0.5254292403746098,0.2686241556560311,2.0,0.5095541401273885,0.7689500073148049,HI-VAE_weibull
0.005561224728345571,0.9644373673036094,0.022803108889803508,0.5016389177939646,0.17308717659631903,1.0,0.4585987261146497,0.7518305687779178,HI-VAE_weibull
0.007394949763611162,0.9548832271762208,0.04940472881885091,0.5656737773152966,0.17168304051045508,2.0,0.4140127388535032,0.7484296766326484,HI-VAE_weibull
0.008871530901809846,0.9554140127388534,0.04156037380423084,0.4777120187304891,0.1867084098479381,2.0,0.4840764331210191,0.7493848483197464,HI-VAE_weibull
0.0040717267514600594,0.9692144373673037,0.03593929351948224,0.5180411030176899,0.2543719021854374,3.0,0.5222929936305732,0.7576087007005272,HI-VAE_weibull
0.006653874734976423,0.9644373673036094,0.04817869242502671,0.5374414672216441,0.2886009960634863,1.0,0.5286624203821656,0.732912854223359,HI-VAE_weibull
0.005826949058848184,0.9654989384288748,0.04614680401955892,0.5092351716961498,0.17130778367050595,2.0,0.49044585987261147,0.7525266877136003,HI-VAE_weibull
0.006798800271766714,0.9580679405520169,0.04363537988212221,0.4947125390218522,0.1538660271420857,2.0,0.47770700636942676,0.7522189367451768,HI-VAE_weibull
0.008167248051414748,0.9447983014861996,0.05022960238606862,0.569660509885536,0.16067591688966681,1.0,0.49044585987261147,0.742724416063926,HI-VAE_weibull
0.00692797792722254,0.95276008492569,0.03558663582756828,0.5568548387096773,0.28483279757160296,2.0,0.49044585987261147,0.7406994375301453,HI-VAE_weibull
0.0072772898516900745,0.9564755838641189,0.042094601710182415,0.5504747658688867,0.15632200797172316,2.0,0.46496815286624205,0.7397169719351029,HI-VAE_weibull
0.005363483323150016,0.968683651804671,0.0336398452663664,0.44599375650364215,0.19993476044348474,2.0,0.5222929936305732,0.7469078585660512,HI-VAE_weibull
0.008506100622342033,0.9522292993630573,0.07579018489804124,0.5553590010405827,0.29386304412710673,3.0,0.39490445859872614,0.7483921587730434,HI-VAE_weibull
0.005363242120036548,0.9628450106157113,0.023240904387629983,0.5995122268470344,0.21586507210863123,4.0,0.5414012738853503,0.7529754829932447,HI-VAE_weibull
0.006034612369199662,0.968683651804671,0.038887810334077386,0.5501821019771073,0.226207024088718,4.0,0.5222929936305732,0.7404123672349895,HI-VAE_weibull
0.008336932386208943,0.9543524416135881,0.04096021312948051,0.5693678459937566,0.20813806410136718,2.0,0.5095541401273885,0.7600931356905878,HI-VAE_weibull
0.007024204293431054,0.9554140127388534,0.04463655927911039,0.5423191987513006,0.28736118143137396,1.0,0.4267515923566879,0.7496099643451416,HI-VAE_weibull
0.006824937441080371,0.9585987261146497,0.028838751014981602,0.5202133194588969,0.15055137003962818,1.0,0.5159235668789809,0.7467536574307722,HI-VAE_weibull
0.005468416106552006,0.9585987261146497,0.028781378798949587,0.530723204994797,0.2552177458748674,1.0,0.4394904458598726,0.7606365438452952,HI-VAE_weibull
0.0060595436402160335,0.9639065817409768,0.023889803570682367,0.5797281477627471,0.21332373428533863,2.0,0.46496815286624205,0.7487901776163883,HI-VAE_weibull
0.007274005728012752,0.9591295116772823,0.033414998194815033,0.48059313215400623,0.25961934883250326,2.0,0.4968152866242038,0.7657916997558615,HI-VAE_weibull
0.006401566761185182,0.9612526539278132,0.04457954810389453,0.5272047346514048,0.2996125192684994,3.0,0.40764331210191085,0.7634860019445404,HI-VAE_weibull
0.005932734239730529,0.9591295116772823,0.04584996002162998,0.6209677419354839,0.2022621355372103,1.0,0.445859872611465,0.7816685584351035,HI-VAE_weibull
0.007149224326409666,0.9612526539278132,0.04434100819737603,0.4980359001040583,0.27778973062833645,2.0,0.47770700636942676,0.733680014256916,HI-VAE_weibull
0.005839363485587875,0.9612526539278132,0.028787444339583756,0.49776274713839747,0.22412460159514053,3.0,0.47770700636942676,0.7306636443073842,HI-VAE_weibull
0.00633161050317447,0.9623142250530785,0.02376253373585041,0.5840790842872008,0.15713947403838643,3.0,0.4585987261146497,0.7369407068208749,HI-VAE_weibull
0.007236310288822788,0.9585987261146497,0.02715808017688309,0.5358025494276795,0.19477529291182624,3.0,0.43312101910828027,0.7544103071405804,HI-VAE_weibull
0.0067262740710607545,0.958067940552017,0.03514549875248554,0.5210067637877211,0.187464470820293,1.0,0.4840764331210191,0.7552977751578538,HI-VAE_weibull
0.00599895763950111,0.9639065817409765,0.03387874355958253,0.576164151925078,0.20197036812407218,1.0,0.47770700636942676,0.7459185866015817,HI-VAE_weibull
0.004239299759403475,0.9692144373673037,0.0376479137005547,0.4906737773152966,0.37296657036898323,4.0,0.42038216560509556,0.7610492105637964,HI-VAE_weibull
0.0069975120023903145,0.9564755838641189,0.04181656213777859,0.5234716441207077,0.28393363538906147,1.0,0.535031847133758,0.7569300799276707,HI-VAE_weibull
0.006859058883103589,0.9570063694267517,0.027609614968959795,0.5254617585848076,0.2655403771506243,3.0,0.5286624203821656,0.7510678013883384,HI-VAE_weibull
0.006179669304230036,0.9585987261146497,0.04010423803704497,0.6170525494276795,0.25185509188061905,3.0,0.4267515923566879,0.7328911146921573,HI-VAE_weibull
0.007817821272045982,0.9538216560509555,0.03157187156875215,0.5088449531737773,0.16254089307206385,3.0,0.46496815286624205,0.7685991607161156,HI-VAE_weibull
0.005639191303084216,0.9639065817409765,0.041991179806464156,0.5752796566077003,0.23693854316506915,1.0,0.4267515923566879,0.7539076355011279,HI-VAE_weibull
0.004735273394963857,0.9660297239915074,0.03536217836605629,0.5032778355879293,0.20798206313910453,1.0,0.49044585987261147,0.7352157194103026,HI-VAE_weibull
0.005499178028231453,0.9607218683651805,0.03244711459850042,0.5635210718002082,0.23371687988035125,1.0,0.4713375796178344,0.7286340191487477,HI-VAE_weibull
0.006365289041654756,0.9628450106157113,0.0430741990892466,0.5231009365244538,0.18768463415982287,1.0,0.42038216560509556,0.7488400226946352,HI-VAE_weibull
0.004996401183199918,0.9554140127388536,0.034842231390250465,0.5611732570239335,0.22103748942392584,2.0,0.45222929936305734,0.7673244595651789,HI-VAE_weibull
0.006363984780314395,0.9607218683651805,0.03758000613470416,0.5247268470343392,0.16133882162458343,3.0,0.4267515923566879,0.7495412217323679,HI-VAE_weibull
0.00712059513113521,0.9543524416135881,0.030534703583377086,0.5678524973985432,0.2611987491548074,2.0,0.43312101910828027,0.7343697165539482,HI-VAE_weibull
0.0073775800074216925,0.9522292993630574,0.03468235870484175,0.523211498439126,0.24240163432674627,4.0,0.45222929936305734,0.7697452997505404,HI-VAE_weibull
0.005779297001298468,0.9665605095541402,0.02373818662021459,0.4803394901144641,0.19096456164288939,1.0,0.4713375796178344,0.7433722487933022,HI-VAE_weibull
0.00498539887963161,0.9633757961783439,0.025723305051685512,0.5869211758584807,0.2409770899532018,2.0,0.4267515923566879,0.7511031551826693,HI-VAE_weibull
0.0059622687863249675,0.961783439490446,0.037980845479604064,0.5270421436004162,0.23853742511012638,2.0,0.5477707006369427,0.7528706013135255,HI-VAE_weibull
0.005069719334070969,0.971868365180467,0.03486836134686941,0.47823231009365247,0.26695507264407964,1.0,0.4968152866242038,0.7463913815623248,HI-VAE_weibull
0.007380973882892931,0.9559447983014863,0.050144230298659824,0.5199401664932363,0.28339699685211667,2.0,0.4968152866242038,0.7688575438596459,HI-VAE_weibull
0.0055315030834110586,0.9617834394904459,0.037291212056259244,0.4929305411030177,0.23837388366178652,1.0,0.4585987261146497,0.7755398965624636,HI-VAE_weibull
0.005825505704463933,0.9612526539278132,0.0326436087611163,0.5547086368366285,0.24274794628426308,4.0,0.5095541401273885,0.7670619273840319,HI-VAE_weibull
0.006213479852214061,0.9644373673036094,0.0457130531530783,0.5426183662851197,0.26997505121290544,1.0,0.5031847133757962,0.7511428159982751,HI-VAE_weibull
0.006469099084556615,0.959660297239915,0.025902864414247762,0.5270876690946931,0.1605324851113035,2.0,0.47770700636942676,0.7409169763664207,HI-VAE_weibull
0.007739178331077765,0.9516985138004245,0.03764382544235018,0.611491935483871,0.22381696720092253,1.0,0.5222929936305732,0.7974640025933731,HI-VAE_weibull
0.005503699283907423,0.9654989384288747,0.03484244786799523,0.6193288241415192,0.17263989863349324,2.0,0.445859872611465,0.7467405532509895,HI-VAE_weibull
0.005873147273504476,0.9612526539278131,0.04716835086035647,0.5140153485952133,0.3039774600410207,1.0,0.46496815286624205,0.7338455459265083,HI-VAE_weibull
0.006118675597049754,0.964968152866242,0.02988597973561276,0.5620512486992716,0.20858507115209254,3.0,0.5222929936305732,0.740366419589356,HI-VAE_weibull
0.006154719387721373,0.9612526539278132,0.038752559187842595,0.5201157648283038,0.20303157420352078,2.0,0.445859872611465,0.7416808927797299,HI-VAE_weibull
0.007628022669406951,0.9511677282377918,0.03551883871881943,0.5377081165452654,0.21670994836961804,3.0,0.4267515923566879,0.7375298902866487,HI-VAE_weibull
0.00587599165507044,0.9612526539278132,0.033630516467477035,0.4966441207075961,0.30000903040007604,2.0,0.5159235668789809,0.7363414736978109,HI-VAE_weibull
0.005613341016249004,0.9639065817409765,0.03849645826009311,0.5354253381893861,0.22854318898197543,3.0,0.46496815286624205,0.7500065317885596,HI-VAE_weibull
0.008248307775108604,0.954352441613588,0.0493099690876122,0.5353798126951093,0.23823232022160093,3.0,0.43312101910828027,0.7653829749259133,HI-VAE_weibull
0.005898882448034304,0.9617834394904459,0.03565542833057012,0.5375,0.09680025600029626,3.0,0.46496815286624205,0.757089467996346,HI-VAE_weibull
0.00631455257476646,0.9559447983014863,0.055821031961174584,0.5323816337148803,0.21817310531845113,4.0,0.4840764331210191,0.7837091259109926,HI-VAE_weibull
0.0056768497431671115,0.9692144373673037,0.03233153902665476,0.5286680541103018,0.15949278909362535,2.0,0.5031847133757962,0.7518547895286147,HI-VAE_weibull
0.005082471522693043,0.9644373673036094,0.03254051089615877,0.5644055671175858,0.26490929156620274,1.0,0.47770700636942676,0.7197585000292774,HI-VAE_weibull
0.0052607316677349145,0.968683651804671,0.03279170118334189,0.5142950052029136,0.26226701030482485,2.0,0.49044585987261147,0.759990460248475,HI-VAE_weibull
0.00400297308644833,0.971868365180467,0.026504808417680593,0.5064581165452654,0.2840586759917809,1.0,0.5095541401273885,0.7516904920837325,HI-VAE_weibull
0.006070431233636267,0.9670912951167728,0.02428441351139991,0.5531867845993756,0.16561391487159957,2.0,0.47770700636942676,0.7472192873366847,HI-VAE_weibull
0.007259112869630012,0.955944798301486,0.0311380625576519,0.509957075962539,0.12933404405708807,1.0,0.5031847133757962,0.7430036044287479,HI-VAE_weibull
0.007897388674182711,0.9511677282377918,0.04500617152815784,0.5822385535900103,0.22156539357417795,1.0,0.4968152866242038,0.7505520507352929,HI-VAE_weibull
0.007376402190247821,0.956475583864119,0.03797076853998096,0.4843457336108221,0.173088984329727,1.0,0.5031847133757962,0.7515689731941863,HI-VAE_weibull
0.004312618609771922,0.9723991507430999,0.037135866771590836,0.4510861082206036,0.2678769935935173,3.0,0.4585987261146497,0.7306503372228904,HI-VAE_weibull
0.004966910328538128,0.9628450106157113,0.04020226712301222,0.5049557752341312,0.15459749156937935,1.0,0.4840764331210191,0.7707511225590747,HI-VAE_weibull
0.006885604140073754,0.9617834394904459,0.023534615237468984,0.49405567117585847,0.25623913169045565,2.0,0.4713375796178344,0.7566617227667037,HI-VAE_weibull
0.004550029709201958,0.9723991507430997,0.04175835042302131,0.4702523413111342,0.2642115568288645,3.0,0.46496815286624205,0.7375209399799473,HI-VAE_weibull
0.006797745792145836,0.9564755838641189,0.05334269922371303,0.5409014047866805,0.2504652630256707,2.0,0.5159235668789809,0.7364565736525225,HI-VAE_weibull
0.005269449991060673,0.9670912951167728,0.04667292938232336,0.473068418314256,0.35201587724554056,3.0,0.4968152866242038,0.749951122037698,HI-VAE_weibull
0.006063955312232261,0.9681528662420383,0.044902502704394595,0.4828238813735692,0.13422558297725112,1.0,0.47770700636942676,0.7530084111850323,HI-VAE_weibull
0.0065787812553139155,0.9591295116772823,0.02969838387468053,0.5686524453694068,0.1645655627804537,1.0,0.5031847133757962,0.7649578752195371,HI-VAE_piecewise
0.0038437711162854064,0.975583864118896,0.019839421036400632,0.4760015608740895,0.17276209026301567,1.0,0.47770700636942676,0.7624662611646228,HI-VAE_piecewise
0.00625418998258622,0.9532908704883227,0.030345716036941816,0.521618106139438,0.1780499546495929,1.0,0.5477707006369427,0.7559405510148861,HI-VAE_piecewise
0.006361216458328126,0.9633757961783439,0.025037130448096568,0.51335197710718,0.3023225168528442,2.0,0.49044585987261147,0.7475315529794608,HI-VAE_piecewise
0.00771802266051307,0.9570063694267517,0.018245699110384074,0.5475351196670135,0.08949471224988827,2.0,0.45222929936305734,0.7283296148249333,HI-VAE_piecewise
0.005594325450714241,0.9723991507430999,0.02349430587684142,0.4763722684703433,0.06817945445995498,2.0,0.4968152866242038,0.7519401857744608,HI-VAE_piecewise
0.005954687618244582,0.9654989384288747,0.017028317345002337,0.47284079084287195,0.16063028981374214,1.0,0.5286624203821656,0.7351981104308526,HI-VAE_piecewise
0.006025082183283369,0.9644373673036092,0.017324952251825183,0.5053004682622269,0.20295382267498274,1.0,0.49044585987261147,0.7517685096526049,HI-VAE_piecewise
0.004313348065862776,0.968683651804671,0.02348820181911546,0.44809443288241424,0.1604272767068495,1.0,0.5286624203821656,0.7405899741152732,HI-VAE_piecewise
0.00544477520474932,0.9676220806794055,0.03385894360022864,0.4886836628511967,0.08494503169113361,1.0,0.47770700636942676,0.7191475790040753,HI-VAE_piecewise
0.004441101666953638,0.9686836518046708,0.025273552032676207,0.5040842872008324,0.2419034547431772,1.0,0.47770700636942676,0.754196963515669,HI-VAE_piecewise
0.00694310514465541,0.9596602972399152,0.03128644753730949,0.4742390738813736,0.16439714929664057,1.0,0.5414012738853503,0.7271326907943441,HI-VAE_piecewise
0.004772670464424493,0.970276008492569,0.014995248701468138,0.4568158168574402,0.15896262583095663,1.0,0.5668789808917197,0.7423331753983189,HI-VAE_piecewise
0.004771445797542934,0.9660297239915074,0.013901410794011167,0.5427354318418314,0.09809923240134581,1.0,0.47770700636942676,0.750718496503353,HI-VAE_piecewise
0.0054131327831247605,0.9665605095541402,0.02210851146104011,0.48263527575442244,0.22738621211745577,1.0,0.5159235668789809,0.7446301449278447,HI-VAE_piecewise
0.006629823606615293,0.9601910828025478,0.026222194632717622,0.5415322580645161,0.09671242856362147,1.0,0.4585987261146497,0.7590757445153732,HI-VAE_piecewise
0.005464934650644365,0.9670912951167728,0.011654554963592731,0.5028876170655567,0.23187459380176667,1.0,0.5222929936305732,0.7449118046190583,HI-VAE_piecewise
0.00623285690264833,0.9591295116772826,0.02485707551087364,0.4633779916753381,0.16375272192099602,3.0,0.49044585987261147,0.7361176949143158,HI-VAE_piecewise
0.005796582721013158,0.9639065817409768,0.034302851277715256,0.47888267429760667,0.07566890700424753,2.0,0.5031847133757962,0.754821990046151,HI-VAE_piecewise
0.006472214759063094,0.9654989384288748,0.014713456800089297,0.47603407908428724,0.18558391095788382,1.0,0.5031847133757962,0.7317507363450669,HI-VAE_piecewise
0.006281145564223167,0.958067940552017,0.02699469470460169,0.4664867325702393,0.2489215215604898,1.0,0.4968152866242038,0.7642400306927114,HI-VAE_piecewise
0.006891841109998684,0.9628450106157113,0.02227835702388769,0.5234391259105099,0.09595899967023748,1.0,0.49044585987261147,0.7516065282560385,HI-VAE_piecewise
0.006096803861802003,0.9639065817409765,0.0233245060162352,0.45066987513007284,0.0845783302662037,2.0,0.47770700636942676,0.7599043823372109,HI-VAE_piecewise
0.006577750005169102,0.9585987261146497,0.019058712779034568,0.49598725286160256,0.18114602637937025,1.0,0.5095541401273885,0.7375086340508782,HI-VAE_piecewise
0.007311645669900142,0.9601910828025478,0.02917322219511601,0.5459417273673257,0.09898935421823382,3.0,0.5414012738853503,0.744361083636218,HI-VAE_piecewise
0.0038770853029742223,0.9750530785562633,0.02015660250006459,0.5130723204994798,0.16142798176208348,1.0,0.49044585987261147,0.7522724961865425,HI-VAE_piecewise
0.00524366709861539,0.9649681528662422,0.020125569800063695,0.4216636316337149,0.16250704901041868,1.0,0.5414012738853503,0.7469273941309904,HI-VAE_piecewise
0.00510441597045898,0.9692144373673037,0.021123405291212056,0.5139503121748179,0.12013693400158046,1.0,0.5159235668789809,0.7538977298785421,HI-VAE_piecewise
0.006632514879956075,0.9612526539278132,0.030228660893890844,0.45250065036420395,0.07295417052401575,1.0,0.4713375796178344,0.7423828179344344,HI-VAE_piecewise
0.0061786058327771105,0.9633757961783439,0.029929170273528424,0.5460067637877211,0.14854283486217382,1.0,0.4585987261146497,0.7317679118412811,HI-VAE_piecewise
0.00670780333448088,0.9564755838641189,0.046971473860802464,0.5364464099895943,0.10210522278632858,4.0,0.49044585987261147,0.7428571912741264,HI-VAE_piecewise
0.006678669806422705,0.9607218683651805,0.027005740079246558,0.4854773673257024,0.08391234969531314,1.0,0.4713375796178344,0.7402755719672668,HI-VAE_piecewise
0.0047856904336471655,0.9665605095541401,0.015970636617052753,0.4795200312174817,0.08790025952287192,2.0,0.4840764331210191,0.7343338846066593,HI-VAE_piecewise
0.007792048330243246,0.9607218683651805,0.02097245584186274,0.5150559313215402,0.19185763860154098,2.0,0.4968152866242038,0.773655771381275,HI-VAE_piecewise
0.0064178979453968455,0.9617834394904459,0.01851450777489792,0.4391649323621228,0.17275732047909664,2.0,0.4394904458598726,0.7555343525742164,HI-VAE_piecewise
0.004775947091810495,0.975583864118896,0.018221347882733486,0.4167533818938606,0.21443498759380805,1.0,0.554140127388535,0.7340062170984128,HI-VAE_piecewise
0.005749364647828425,0.9670912951167727,0.018294084033928678,0.49316467221644117,0.17432000698948297,1.0,0.4713375796178344,0.7671307415744997,HI-VAE_piecewise
0.004797885635006994,0.9665605095541401,0.024617148057810755,0.4729773673257024,0.25600443727523303,2.0,0.5095541401273885,0.7696539538940692,HI-VAE_piecewise
0.005309022938905185,0.970276008492569,0.01386727920253545,0.5093522372528616,0.09076106296275606,1.0,0.46496815286624205,0.7641095989890619,HI-VAE_piecewise
0.004278717023329492,0.971868365180467,0.01818794276775768,0.4681971904266389,0.22440923404094834,1.0,0.46496815286624205,0.7483611825773635,HI-VAE_piecewise
0.005995060594109382,0.9649681528662422,0.026721632861066533,0.4771917273673257,0.19569316999948902,1.0,0.5414012738853503,0.7560594319857766,HI-VAE_piecewise
0.005226425027627536,0.9692144373673036,0.018778027694174124,0.5245122268470344,0.09043218923930854,2.0,0.445859872611465,0.7614118810918887,HI-VAE_piecewise
0.005858498953649788,0.968683651804671,0.02701422759768318,0.45094953173777313,0.10096341431202151,1.0,0.47770700636942676,0.7374668692108327,HI-VAE_piecewise
0.0064069380577413465,0.9585987261146497,0.025773794638686145,0.5531412591050988,0.17332778599450396,1.0,0.4585987261146497,0.7394376754323362,HI-VAE_piecewise
0.0061784696885395065,0.9676220806794055,0.01932889766716203,0.5471188865764829,0.2074738843614169,1.0,0.5477707006369427,0.7523354882286687,HI-VAE_piecewise
0.005778537449973496,0.9681528662420383,0.013332939536184597,0.41662981269510924,0.2101298001154226,1.0,0.5477707006369427,0.7306437782703673,HI-VAE_piecewise
0.006313322335991898,0.9633757961783439,0.025494373006000534,0.44263787721123826,0.06910365801170766,2.0,0.535031847133758,0.7383672920923089,HI-VAE_piecewise
0.0072608672368540605,0.9591295116772823,0.02319158408527701,0.43039802289282003,0.13670557835671607,1.0,0.5222929936305732,0.736599843197338,HI-VAE_piecewise
0.005831260501800437,0.958067940552017,0.016197097680696534,0.5184248178980229,0.23124581822961982,1.0,0.49044585987261147,0.758868000837182,HI-VAE_piecewise
0.006171966517023438,0.9681528662420381,0.018340335074470273,0.5042663891779398,0.26909610776897885,2.0,0.47770700636942676,0.7864020569246088,HI-VAE_piecewise
0.005583940574060645,0.9612526539278132,0.01986191340695088,0.43410509885535903,0.18628047081990803,1.0,0.4968152866242038,0.751237112757928,HI-VAE_piecewise
0.00594534996788864,0.9639065817409765,0.016123368025291282,0.4747463579604577,0.1582392211898257,1.0,0.46496815286624205,0.7437314173788777,HI-VAE_piecewise
0.006974761955014922,0.9617834394904459,0.02543605481480875,0.5406607700312174,0.20698958462450415,1.0,0.445859872611465,0.7561260740382378,HI-VAE_piecewise
0.005788169360496177,0.9601910828025478,0.0368499072972441,0.5844953173777315,0.26776067015780997,1.0,0.445859872611465,0.7539534486425438,HI-VAE_piecewise
0.004632609965940439,0.9729299363057325,0.020117748701259798,0.4867845993756504,0.1955396384359316,3.0,0.4840764331210191,0.7635708597771625,HI-VAE_piecewise
0.006910200360075007,0.9612526539278132,0.022399030131787106,0.4085848074921957,0.21675817346936613,2.0,0.5286624203821656,0.7650625302932623,HI-VAE_piecewise
0.005857757906067524,0.9676220806794055,0.022081900999036626,0.4797996878251822,0.22190400344445926,1.0,0.5605095541401274,0.739925884757062,HI-VAE_piecewise
0.0038564247886936145,0.9723991507430997,0.025195030813598192,0.531165452653486,0.0836599314645802,2.0,0.535031847133758,0.7386229211253078,HI-VAE_piecewise
0.005162918514910012,0.964968152866242,0.014898628255974418,0.4734261186264308,0.17685230083287806,1.0,0.49044585987261147,0.7356637245274413,HI-VAE_piecewise
0.0049398546867427074,0.971868365180467,0.027662005675303133,0.4801834027055151,0.08684124324911338,3.0,0.5159235668789809,0.7417148068592239,HI-VAE_piecewise
0.006661459614062233,0.9585987261146497,0.03694426988603145,0.41828824141519255,0.16884265272712098,1.0,0.5095541401273885,0.7430159146554057,HI-VAE_piecewise
0.004572017419985034,0.9734607218683652,0.020617030849457468,0.4924102497398543,0.09680834130447516,2.0,0.4394904458598726,0.7289579271709777,HI-VAE_piecewise
0.005412495014592178,0.9670912951167727,0.02556533704701119,0.4845213319458897,0.2099118329270428,2.0,0.47770700636942676,0.7274786789438141,HI-VAE_piecewise
0.005898535494140572,0.9639065817409765,0.032742316604893,0.5797931841831426,0.17923872977893365,2.0,0.4713375796178344,0.7513273265520378,HI-VAE_piecewise
0.007499560600321132,0.9559447983014863,0.027223642507471595,0.5449921956295525,0.21531300346067336,1.0,0.4394904458598726,0.7657626421927345,HI-VAE_piecewise
0.0054422735056461535,0.9649681528662422,0.021237352613955325,0.5106724765868886,0.1860320907747527,1.0,0.4713375796178344,0.7389161590241303,HI-VAE_piecewise
0.006348791797093421,0.9633757961783439,0.04033473239060326,0.5194393860561914,0.22793500785316592,1.0,0.49044585987261147,0.7460022997713931,HI-VAE_piecewise
0.00631357271313088,0.9628450106157113,0.011976038092262295,0.44957726326742975,0.09092647364830575,2.0,0.5286624203821656,0.7386079892099334,HI-VAE_piecewise
0.004163060178212653,0.9766454352441615,0.019953713031923212,0.4949661810613943,0.2321957610866592,1.0,0.5286624203821656,0.7355511648209158,HI-VAE_piecewise
0.006110634808643125,0.9559447983014864,0.01697742273583349,0.48863813735691985,0.08298817455507393,2.0,0.46496815286624205,0.7394038252385378,HI-VAE_piecewise
0.005531740248009418,0.9654989384288748,0.017306884756049253,0.3969237773152966,0.2504496353232165,2.0,0.5796178343949044,0.7339201061539186,HI-VAE_piecewise
0.005787879167559327,0.968683651804671,0.02466464677230465,0.4496683142559833,0.1297901835389546,1.0,0.5159235668789809,0.748245391009215,HI-VAE_piecewise
0.008547890738052443,0.9538216560509554,0.021280861331976767,0.512740634755463,0.18875047205679904,1.0,0.47770700636942676,0.7441058605136296,HI-VAE_piecewise
0.005072268076966808,0.9639065817409765,0.03353177400924966,0.48134105098855356,0.06696168780979105,3.0,0.5286624203821656,0.7486729933091086,HI-VAE_piecewise
0.005333769458584065,0.9670912951167728,0.012697230360795444,0.506789802289282,0.22071538445677533,2.0,0.535031847133758,0.7613004855475367,HI-VAE_piecewise
0.004956385715876833,0.9681528662420383,0.014311877250177404,0.5076808012486993,0.1498431803018297,1.0,0.43312101910828027,0.7432341421084162,HI-VAE_piecewise
0.006266437036532496,0.9644373673036094,0.023343745364869644,0.47743886576482836,0.30693219039819714,2.0,0.5031847133757962,0.7433264181712376,HI-VAE_piecewise
0.005840481439998778,0.9660297239915074,0.01561946091403474,0.4704474505723205,0.09184653972812676,2.0,0.5286624203821656,0.7353268340232891,HI-VAE_piecewise
0.006300032479402892,0.9623142250530786,0.02657362605353185,0.47501951092611855,0.24575405093210878,1.0,0.4394904458598726,0.7369214963554681,HI-VAE_piecewise
0.006711981545716336,0.9607218683651805,0.029403392934185053,0.4827848595213319,0.07814692266728544,1.0,0.5286624203821656,0.7621804524721314,HI-VAE_piecewise
0.00565354963513463,0.968683651804671,0.028549597718452505,0.5603603017689907,0.1812393915393075,1.0,0.46496815286624205,0.7506474771710874,HI-VAE_piecewise
0.005639974041934071,0.9601910828025478,0.012331489678242028,0.501716961498439,0.10262461078906096,2.0,0.5031847133757962,0.7594530049205465,HI-VAE_piecewise
0.004758020041338622,0.9660297239915074,0.023884341616036527,0.510340790842872,0.21606209453310649,1.0,0.4713375796178344,0.736220708790722,HI-VAE_piecewise
0.00378246316718614,0.9723991507430999,0.025442950914912933,0.4836693548387096,0.18105673851676815,1.0,0.47770700636942676,0.7420024137008782,HI-VAE_piecewise
0.0071851989754163495,0.9591295116772823,0.04641608159785524,0.5006633714880333,0.07577914078321987,2.0,0.5095541401273885,0.723174808656319,HI-VAE_piecewise
0.004620228656695836,0.9654989384288748,0.03778421248144223,0.4068678459937566,0.17319042941552243,1.0,0.5222929936305732,0.7512370389117865,HI-VAE_piecewise
0.00657214981102687,0.9591295116772823,0.033507792273599776,0.4867650884495317,0.07438980139521421,2.0,0.4840764331210191,0.7678558460110738,HI-VAE_piecewise
0.0075968069562377324,0.9596602972399152,0.019796848540577682,0.5069979188345474,0.25320628390450195,2.0,0.4585987261146497,0.7401148705219062,HI-VAE_piecewise
0.006060329015715044,0.9654989384288747,0.01407208723204505,0.4440686784599375,0.2025785934300461,4.0,0.5095541401273885,0.7611472611357945,HI-VAE_piecewise
0.005405895854253495,0.970276008492569,0.028464941158647266,0.48401404786680546,0.18965786922854064,1.0,0.4713375796178344,0.7743249928298973,HI-VAE_piecewise
0.005428806661771951,0.9708067940552016,0.021057607213270657,0.468906087408949,0.14053779757815985,1.0,0.47770700636942676,0.7510291441938616,HI-VAE_piecewise
0.006696575307826388,0.9628450106157113,0.02802173692802041,0.5728147762747138,0.0819901619681572,5.0,0.4713375796178344,0.7498540159211199,HI-VAE_piecewise
0.004554238112799173,0.9665605095541402,0.0197342969523834,0.48545785639958366,0.1469665896405207,1.0,0.5477707006369427,0.7488217388811894,HI-VAE_piecewise
0.00522699652994888,0.9692144373673037,0.01577753180129955,0.4914151925078044,0.10553134330445631,1.0,0.5031847133757962,0.7470538407539649,HI-VAE_piecewise
0.005556204377887013,0.9676220806794057,0.015671105284529845,0.47700312174817905,0.24038194693863513,1.0,0.5222929936305732,0.7700560254246723,HI-VAE_piecewise
0.004791597838621599,0.9692144373673036,0.03389778826310968,0.5728733090530698,0.18888500308105566,2.0,0.47770700636942676,0.7450937918779507,HI-VAE_piecewise
0.00760761571809935,0.9570063694267517,0.018405855345402636,0.459163631633715,0.16851772374186846,1.0,0.5095541401273885,0.7653498809480614,HI-VAE_piecewise
0.005107602714306493,0.9654989384288747,0.03011106542181278,0.38234911550468265,0.21013460910977488,1.0,0.5414012738853503,0.7363692793137082,HI-VAE_piecewise
0.007026997547169227,0.9564755838641189,0.025907329304632406,0.5049622788761707,0.18263507506192483,2.0,0.47770700636942676,0.7185007829269039,HI-VAE_piecewise
0.006715452538769875,0.9601910828025478,0.010522413512441538,0.4394771071800208,0.08557352182711256,4.0,0.5732484076433121,0.7314949192460253,HI-VAE_piecewise
0.003446431819520065,0.975583864118896,0.01442370716303809,0.5209547346514048,0.1581223012732715,1.0,0.46496815286624205,0.7614513312496907,HI-VAE_piecewise
0.005678958362288481,0.9639065817409765,0.021729855555155577,0.5551834027055151,0.10358654342826024,1.0,0.46496815286624205,0.7576336629482788,HI-VAE_piecewise
0.00376178955968294,0.9777070063694269,0.018204257604442494,0.4695629552549428,0.1230350553910148,1.0,0.5414012738853503,0.7444280751954248,HI-VAE_piecewise
0.0057602381496777025,0.9633757961783441,0.018386261428514013,0.48131503642039536,0.16134224554095883,1.0,0.445859872611465,0.737810988095159,HI-VAE_piecewise
0.006694912487968525,0.9570063694267517,0.029745936085015454,0.4468977627471384,0.19786206490936864,1.0,0.5159235668789809,0.7429945505577868,HI-VAE_piecewise
0.005021431396992486,0.9697452229299364,0.020369963034434533,0.49158428720083247,0.17948669354593447,1.0,0.535031847133758,0.742056979814381,HI-VAE_piecewise
0.005843245993797632,0.9607218683651805,0.01981393110772376,0.46418444328824143,0.21923352662386955,2.0,0.554140127388535,0.7312009360076827,HI-VAE_piecewise
0.005059916798823002,0.9670912951167728,0.013883563535347702,0.4756503642039542,0.2000377034337951,1.0,0.4713375796178344,0.7464881327071593,HI-VAE_piecewise
0.006069066734921624,0.9585987261146497,0.030535947909988048,0.5427354318418315,0.18019863344683168,2.0,0.4267515923566879,0.7382425920942975,HI-VAE_piecewise
0.006581963016472015,0.964968152866242,0.03451787498586609,0.48082726326742975,0.06618814663985632,1.0,0.5159235668789809,0.7663725988677655,HI-VAE_piecewise
0.008037021833630939,0.9607218683651805,0.03587987063820346,0.5468522372528616,0.07139184911773842,1.0,0.46496815286624205,0.7498254417326543,HI-VAE_piecewise
0.006896658673117188,0.9612526539278131,0.018142084678051524,0.4498634235171696,0.18970422096181677,1.0,0.5031847133757962,0.7466874417897633,HI-VAE_piecewise
0.006848105758381192,0.9575371549893843,0.023422571748355544,0.48965920915712796,0.19638811005032233,1.0,0.445859872611465,0.7746354161092296,HI-VAE_piecewise
0.006622524055343054,0.9585987261146497,0.03202982788564465,0.39429630593132153,0.08772043161165956,4.0,0.445859872611465,0.733157982196549,HI-VAE_piecewise
0.004653925987621398,0.9654989384288748,0.020691771123502234,0.4851781997918835,0.27624650498241154,2.0,0.49044585987261147,0.7568144502971089,HI-VAE_piecewise
0.005556717760186273,0.9692144373673036,0.038132179544801144,0.49929760665972955,0.19858566417259327,3.0,0.47770700636942676,0.7613726684154818,HI-VAE_piecewise
0.005921157929308511,0.9612526539278131,0.014335059070014327,0.5271657127991676,0.09829725648461225,2.0,0.5095541401273885,0.7387817867964591,HI-VAE_piecewise
0.0070676371482211705,0.9612526539278132,0.01822004692919173,0.5349050468262228,0.20753901205759037,1.0,0.535031847133758,0.7565202851776499,HI-VAE_piecewise
0.0058676176433599915,0.9623142250530785,0.01683562736570647,0.5645941727367325,0.13039326854150984,1.0,0.4585987261146497,0.7661891376276432,HI-VAE_piecewise
0.006495800078349806,0.9607218683651805,0.017961964362532522,0.47743886576482825,0.16347773919958086,1.0,0.5477707006369427,0.7675870300526694,HI-VAE_piecewise
0.005579518344213541,0.964968152866242,0.035606872888295144,0.5000585327783559,0.10598815022529204,1.0,0.445859872611465,0.7344346649944039,HI-VAE_piecewise
0.006572031181335622,0.9623142250530785,0.03275224053073718,0.482173517169615,0.29088989956360506,3.0,0.47770700636942676,0.7558594751965158,HI-VAE_piecewise
0.004329447925347892,0.9713375796178344,0.026120144910475894,0.4880723204994797,0.18252650685652932,1.0,0.4713375796178344,0.7690726651622324,HI-VAE_piecewise
0.005138708253542796,0.9639065817409768,0.01887458356744757,0.5018470343392301,0.07918684197338467,1.0,0.47770700636942676,0.7427564862819384,HI-VAE_piecewise
0.007971301278301498,0.9585987261146497,0.04799652111668579,0.5004292403746098,0.2292370130613585,3.0,0.4394904458598726,0.7435846571249167,HI-VAE_piecewise
0.0033001997178290833,0.9803609341825904,0.01334315906403273,0.4602042143600416,0.27820450616603426,1.0,0.45222929936305734,0.7599707504693513,HI-VAE_piecewise
0.003878389950278297,0.9708067940552016,0.030684071978484936,0.509531087408949,0.059263086019136144,1.0,0.5031847133757962,0.7743283901552399,HI-VAE_piecewise
0.006190022886771175,0.9639065817409768,0.025767351265588774,0.529331425598335,0.25742359151626526,2.0,0.49044585987261147,0.7392652523125874,HI-VAE_piecewise
0.004784426828313628,0.9686836518046711,0.016064276448642712,0.48966571279916754,0.25912827398111865,1.0,0.47770700636942676,0.7612818516231555,HI-VAE_piecewise
0.005716270705145407,0.9692144373673036,0.024164382936368526,0.52045395421436,0.109100184392561,2.0,0.46496815286624205,0.7446708944483945,HI-VAE_piecewise
0.006008128070667625,0.9644373673036094,0.015944851993794314,0.5089750260145681,0.16480599580524413,2.0,0.47770700636942676,0.7540456108404978,HI-VAE_piecewise
0.005813331730997216,0.9633757961783441,0.02277739572689959,0.4657713319458897,0.090329913634922,4.0,0.4713375796178344,0.7568082450442367,HI-VAE_piecewise
0.005815528830201735,0.9633757961783439,0.010361025623651848,0.3890738813735692,0.12381560871984351,1.0,0.5286624203821656,0.7422957695807222,HI-VAE_piecewise
0.006714100394806052,0.9570063694267517,0.04068447243684314,0.4994276795005203,0.2018883677757827,2.0,0.4840764331210191,0.7721611813878649,HI-VAE_piecewise
0.005252137755347611,0.9681528662420381,0.015963611882955663,0.49499219562955254,0.18837366126679927,1.0,0.5668789808917197,0.7592869267898916,HI-VAE_piecewise
0.005110691843254376,0.9692144373673036,0.017309320321100642,0.45580124869927163,0.21969168110993736,1.0,0.4713375796178344,0.7452826386145331,HI-VAE_piecewise
0.006114024442415047,0.9660297239915075,0.021025143613275264,0.5569263787721124,0.09255220437158866,3.0,0.43312101910828027,0.7430992855403568,HI-VAE_piecewise
0.0055759993351125045,0.9681528662420381,0.02843309045446127,0.39732049947970866,0.08321192744706418,3.0,0.4968152866242038,0.7335517368172849,HI-VAE_piecewise
0.006169640180995907,0.9660297239915074,0.012446654551782482,0.512584547346514,0.08571231869590046,2.0,0.5286624203821656,0.7347916513325998,HI-VAE_piecewise
0.0072193670329293545,0.9607218683651805,0.01710558948819783,0.4716961498439126,0.2030919257882914,2.0,0.5031847133757962,0.7498574197137021,HI-VAE_piecewise
0.004613411200781279,0.9708067940552016,0.018484623329458466,0.41583962018730486,0.10082775292962592,2.0,0.5286624203821656,0.7337809462173532,HI-VAE_piecewise
0.0050741909606469284,0.968683651804671,0.02239765046091893,0.5373504162330904,0.1588764296994935,1.0,0.5159235668789809,0.7588510608597543,HI-VAE_piecewise
0.004912652754221572,0.9654989384288748,0.01340642027259369,0.49938215400624353,0.12857864212457615,1.0,0.5095541401273885,0.743868598747685,HI-VAE_piecewise
0.006282516109092897,0.9601910828025478,0.028112374169814266,0.4748764308012487,0.28618753962577664,2.0,0.47770700636942676,0.7489599543738669,HI-VAE_piecewise
0.006915236739660533,0.9543524416135881,0.020472462461349008,0.44072580645161297,0.19063554021694254,1.0,0.4585987261146497,0.7405569119713556,HI-VAE_piecewise
0.004973383498713713,0.9670912951167728,0.01285754901546519,0.4551573881373569,0.08632703765655603,2.0,0.4585987261146497,0.7634794160263348,HI-VAE_piecewise
0.005207965570507961,0.964968152866242,0.022657029288066063,0.48227757544224764,0.19876370720482742,1.0,0.5031847133757962,0.7426123696061244,HI-VAE_piecewise
0.006838492041219794,0.9548832271762208,0.016892946922336248,0.5141063995837669,0.2007075679035808,1.0,0.45222929936305734,0.7545936100971354,HI-VAE_piecewise
0.004758144921618373,0.9670912951167728,0.02557522552663835,0.4841636316337149,0.177822225549833,1.0,0.4394904458598726,0.7437761687527529,HI-VAE_piecewise
0.003925739004670859,0.968683651804671,0.025549133212868207,0.5193743496357961,0.07163261888171692,3.0,0.4840764331210191,0.7459862335472084,HI-VAE_piecewise
0.007138416847593011,0.9559447983014863,0.035176290931751175,0.5092872008324661,0.24917985057330977,1.0,0.5286624203821656,0.7459048187860131,HI-VAE_piecewise
0.005034797315359243,0.9697452229299364,0.019994762220652672,0.5145356399583767,0.11477879778847416,1.0,0.5222929936305732,0.7548955358104176,HI-VAE_piecewise
0.0054783080542157095,0.9644373673036094,0.016842526876050302,0.4929435483870968,0.09543338709104866,1.0,0.49044585987261147,0.736740502382709,HI-VAE_piecewise
0.00539393621605896,0.9591295116772823,0.013361387061861914,0.4972294484911551,0.10250978296381656,3.0,0.4968152866242038,0.7567779953706225,HI-VAE_piecewise
0.003423945459747417,0.9745222929936306,0.018113751744756778,0.4080645161290323,0.21650648530217997,1.0,0.5286624203821656,0.7650319929237767,HI-VAE_piecewise
0.005997696629652726,0.9670912951167728,0.032174341379442466,0.42611862643080123,0.316721574592828,3.0,0.5477707006369427,0.7531252168567445,HI-VAE_piecewise
0.00557536878145251,0.9670912951167728,0.019261670340447467,0.4247203433922997,0.14421704062273577,1.0,0.49044585987261147,0.7435436531669615,HI-VAE_piecewise
0.004124709518383001,0.975583864118896,0.012608786289934408,0.5305280957336109,0.2932221165674923,3.0,0.4840764331210191,0.7617357278331642,HI-VAE_piecewise
0.006471636728945578,0.9681528662420383,0.018472017733172034,0.47526014568158176,0.17931566568389537,1.0,0.4713375796178344,0.747746968801742,HI-VAE_piecewise
0.005238729536369679,0.9670912951167728,0.019989726037714286,0.4403290842872008,0.19590078624940066,1.0,0.4968152866242038,0.7364459605995928,HI-VAE_piecewise
0.005487151012843875,0.9692144373673037,0.021255340781931618,0.520226326742976,0.18854903010460783,1.0,0.4840764331210191,0.7643448168413097,HI-VAE_piecewise
0.004783462144184116,0.9708067940552016,0.010955688451871592,0.5141714360041624,0.18171451280942497,1.0,0.4968152866242038,0.7440261495542605,HI-VAE_piecewise
0.004577114574121571,0.9654989384288747,0.013317826597889892,0.47163111342351716,0.19119125121409325,1.0,0.4968152866242038,0.7741029143267507,HI-VAE_piecewise
0.005295433801818156,0.9617834394904459,0.03976874762965978,0.43132804370447453,0.10481745613560081,3.0,0.47770700636942676,0.7611939537537562,HI-VAE_piecewise
0.005530434358468952,0.9660297239915074,0.01923318617787093,0.4062890218522372,0.09130616987335348,2.0,0.4968152866242038,0.764241816517748,HI-VAE_piecewise
0.004005817349031671,0.9734607218683652,0.01343737177288313,0.4506893860561914,0.08352052182195945,1.0,0.47770700636942676,0.7526983870563579,HI-VAE_piecewise
0.004170051042279878,0.9777070063694268,0.01445391101402466,0.4882479188345473,0.10224528574964595,4.0,0.4713375796178344,0.7524812535850242,HI-VAE_piecewise
0.00561153473263061,0.968683651804671,0.022793238699945373,0.3895291363163372,0.13765325861262478,1.0,0.43312101910828027,0.7520755334700535,HI-VAE_piecewise
0.005823380892828267,0.9633757961783441,0.01741355965597327,0.5252341311134235,0.09279559405865057,2.0,0.49044585987261147,0.7686309810388573,HI-VAE_piecewise
0.0054397525356857735,0.9617834394904459,0.027266028132008607,0.45500780437044747,0.10285957012518386,3.0,0.46496815286624205,0.7344256745740642,HI-VAE_piecewise
0.005059897426975498,0.9697452229299363,0.02558578236717894,0.5514373048907387,0.12142894900978815,1.0,0.5095541401273885,0.7433133295726663,HI-VAE_piecewise
0.004013436899699868,0.9723991507430997,0.02494546953444084,0.5247528616024973,0.07150116691409593,2.0,0.5286624203821656,0.770042009816753,HI-VAE_piecewise
0.004957879822425748,0.971868365180467,0.024881941801765464,0.5121683142559833,0.09769223167184171,2.0,0.4585987261146497,0.7449846794467258,HI-VAE_piecewise
0.00530080849830512,0.9633757961783441,0.03502674289793515,0.47684703433923004,0.09217792150662317,1.0,0.445859872611465,0.7551873102334752,HI-VAE_piecewise
0.006872960665699341,0.9644373673036094,0.015372212378515228,0.4966116024973985,0.2025243891075348,1.0,0.49044585987261147,0.7486198819674638,HI-VAE_piecewise
0.0056979939058598985,0.964968152866242,0.026175172299802915,0.4777120187304892,0.06792475327071593,5.0,0.5159235668789809,0.7257033120826165,HI-VAE_piecewise
0.005713104167952794,0.9681528662420383,0.026057732824900724,0.4624544745057232,0.1004439475473435,3.0,0.4585987261146497,0.7482081451427111,HI-VAE_piecewise
0.005412674995569457,0.9654989384288748,0.016456430735964336,0.430638657648283,0.20457637198258835,2.0,0.535031847133758,0.7493018372932577,HI-VAE_piecewise
0.007259567851882361,0.9575371549893843,0.013841536858142087,0.5462604058272632,0.0916143495420021,2.0,0.5031847133757962,0.7470676093927873,HI-VAE_piecewise
0.004763741920538257,0.9692144373673037,0.019225081495199515,0.5047281477627472,0.08856357367934087,2.0,0.4713375796178344,0.7458852113132005,HI-VAE_piecewise
0.006724425868220099,0.9607218683651805,0.009979031771954385,0.530794745057232,0.09523366326826274,2.0,0.5286624203821656,0.7562788850861365,HI-VAE_piecewise
0.0049921066252340985,0.970276008492569,0.012046321097119657,0.36338449531737776,0.08726469051702206,3.0,0.554140127388535,0.7562323525749374,HI-VAE_piecewise
0.005809124963153618,0.9681528662420383,0.014555802191707011,0.48277185223725294,0.1961586434120382,1.0,0.5222929936305732,0.7341824006843297,HI-VAE_piecewise
0.004565666693116866,0.9723991507430999,0.01888710301327337,0.4950897502601457,0.09075686488161182,4.0,0.5159235668789809,0.7709257565703279,HI-VAE_piecewise
0.006517655924580155,0.9601910828025478,0.024094158767758802,0.5516324141519251,0.08741411485586882,3.0,0.49044585987261147,0.7674697372821719,HI-VAE_piecewise
0.006375096272902341,0.9575371549893843,0.02332925407908837,0.5207628772112384,0.240317343198331,1.0,0.49044585987261147,0.7508061113696485,HI-VAE_piecewise
0.0048881122520313324,0.9718683651804673,0.022983335101079735,0.4180150884495317,0.09222381330861715,3.0,0.535031847133758,0.7599847359643543,HI-VAE_piecewise
0.004306276600862765,0.9739915074309979,0.02376501167096279,0.4780762226847034,0.0798588882041913,3.0,0.5031847133757962,0.7560197225397763,HI-VAE_piecewise
0.006315557826070658,0.9585987261146497,0.015278751929101454,0.45344693028095734,0.09509018951225202,4.0,0.47770700636942676,0.7282442194028582,HI-VAE_piecewise
0.004833171585851722,0.9713375796178344,0.026017539338220756,0.4494081685744017,0.1941097338908155,1.0,0.5222929936305732,0.7439060391118354,HI-VAE_piecewise
0.005699776748884079,0.9660297239915074,0.025000112046606834,0.4610822060353798,0.21205369329026322,1.0,0.47770700636942676,0.7764134199033849,HI-VAE_piecewise
0.005691184591293035,0.9686836518046711,0.02185158886164108,0.46499089490114465,0.30991866253856704,1.0,0.5286624203821656,0.7292176704564417,HI-VAE_piecewise
0.003884642593971683,0.9761146496815286,0.019435345791125783,0.44001040582726325,0.09206519350342127,1.0,0.5605095541401274,0.7672376518576298,HI-VAE_piecewise
0.004981365529667363,0.9697452229299364,0.02582223580629067,0.4637096774193548,0.07075155808391158,3.0,0.46496815286624205,0.7655789757016254,HI-VAE_piecewise
0.006008717962609436,0.9607218683651806,0.01657280031149719,0.4533493756503642,0.22101923483324176,1.0,0.5286624203821656,0.7486287576193834,HI-VAE_piecewise
0.004248150854904754,0.9681528662420381,0.019113828383730304,0.451008064516129,0.21476608468170266,1.0,0.5159235668789809,0.7531719794658466,HI-VAE_piecewise
0.005989449814675932,0.9607218683651805,0.02229798610268008,0.4801703954214361,0.07366104698947115,3.0,0.4840764331210191,0.7571211276627945,HI-VAE_piecewise
0.006098632489790791,0.9623142250530786,0.01740074432486823,0.545070239334027,0.19785996780940995,2.0,0.4394904458598726,0.7616941262631928,HI-VAE_piecewise
0.005759059164346635,0.9639065817409768,0.016604178731643875,0.5075247138397503,0.1489155629188985,2.0,0.5095541401273885,0.7485085781967538,HI-VAE_piecewise
0.006114897037729602,0.9607218683651806,0.03130119212113982,0.468450832466181,0.16112333092339762,1.0,0.535031847133758,0.739360837912292,HI-VAE_piecewise
0.013055862237808897,0.9203821656050956,0.09531753333445504,0.6511576482830386,0.07655176008099691,1.0,0.4140127388535032,0.7187892981559045,Surv-GAN
0.013787000887181313,0.9214437367303611,0.10002315313638374,0.6493691467221645,0.06500172931134685,1.0,0.43312101910828027,0.69223405064492,Surv-GAN
0.011253666273588125,0.9278131634819533,0.09184770452024092,0.6538111342351717,0.06895308560735827,1.0,0.42038216560509556,0.723676238666458,Surv-GAN
0.011306161842090432,0.9288747346072187,0.09244280026971538,0.7184313215400625,0.06712652584351583,1.0,0.4012738853503185,0.7198157143867269,Surv-GAN
0.012773128428287442,0.9235668789808917,0.09245786699718246,0.6744211758584807,0.07134923231266932,1.0,0.4012738853503185,0.7150908730412999,Surv-GAN
0.011991357800775702,0.9352441613588112,0.09025254383003471,0.6644055671175858,0.06711868580506937,1.0,0.4394904458598726,0.7356403345326744,Surv-GAN
0.011740452988741512,0.9209129511677282,0.10714787969591018,0.6628511966701353,0.07209746882094142,2.0,0.40764331210191085,0.7169456927703464,Surv-GAN
0.013323859523695093,0.9225053078556265,0.08194150965172248,0.6623048907388138,0.06695374444272643,1.0,0.4585987261146497,0.7117230339691131,Surv-GAN
0.012260340724732366,0.9288747346072187,0.08960250125742827,0.690270551508845,0.06868375818829889,1.0,0.3821656050955414,0.712845465029128,Surv-GAN
0.013276636225183385,0.9140127388535033,0.09684263536502274,0.7595668574401664,0.0717704804083407,1.0,0.3375796178343949,0.7201043035450635,Surv-GAN
0.014093106854297358,0.9214437367303611,0.08840626718551697,0.7269640998959417,0.06706250704118695,1.0,0.4012738853503185,0.7219849336341031,Surv-GAN
0.01313635143560537,0.9214437367303608,0.10437099975133698,0.7163436524453695,0.07309465206195388,1.0,0.3885350318471338,0.7344328668562065,Surv-GAN
0.015043593060634434,0.9198513800424628,0.08156887995292601,0.6526925078043704,0.06680544290566118,1.0,0.4585987261146497,0.7089481514747639,Surv-GAN
0.01029918833129676,0.9341825902335458,0.09550991227209704,0.6869471904266389,0.06990787617348335,1.0,0.43312101910828027,0.715898142206788,Surv-GAN
0.011944431836248721,0.9225053078556263,0.0899591900908097,0.6744797086368366,0.07129187294432786,1.0,0.445859872611465,0.7200455857616458,Surv-GAN
0.011635412514383643,0.9299363057324842,0.0928074486828712,0.673848855359001,0.07760862233438287,1.0,0.4267515923566879,0.7219386527379864,Surv-GAN
0.014458073172855463,0.9177282377919321,0.09118746505253911,0.6798061914672215,0.06820945937349765,1.0,0.445859872611465,0.7099040545777408,Surv-GAN
0.012804977170004249,0.928343949044586,0.08706676610346492,0.6055606139438086,0.06465164518279587,1.0,0.445859872611465,0.7291623425437904,Surv-GAN
0.012445248089967338,0.9235668789808917,0.09847456789543775,0.7165062434963579,0.06651667506816897,1.0,0.40764331210191085,0.7060368968051297,Surv-GAN
0.012349642635263296,0.9272823779193207,0.090468564655435,0.6593782518210197,0.06847084502966891,1.0,0.45222929936305734,0.7352938194226036,Surv-GAN
0.014476550282931383,0.9171974522292993,0.09503235863233839,0.7016974505723206,0.06879634836445042,2.0,0.45222929936305734,0.7050615003571705,Surv-GAN
0.011160378082435219,0.9262208067940553,0.09692722954790586,0.6649583766909469,0.06948689115953904,1.0,0.39490445859872614,0.7243457869680191,Surv-GAN
0.009829170047718315,0.9336518046709129,0.09500275719307658,0.6619341831425598,0.06916293738998966,1.0,0.4267515923566879,0.7239582736273446,Surv-GAN
0.011579850861597013,0.9325902335456475,0.0839626846974863,0.5768015088449532,0.06394458584087442,2.0,0.5159235668789809,0.7233702859149688,Surv-GAN
0.012593160678479043,0.9198513800424629,0.08965793086375468,0.699915452653486,0.06583817489705508,1.0,0.46496815286624205,0.7138698835348398,Surv-GAN
0.013993182574218317,0.9129511677282377,0.10363880823552155,0.6582791363163372,0.07126635354948581,1.0,0.40764331210191085,0.695783671109729,Surv-GAN
0.01009002933194641,0.9341825902335458,0.09482895571279508,0.6822840790842872,0.07186067138669787,3.0,0.4585987261146497,0.7192158351074355,Surv-GAN
0.013580600364091101,0.9124203821656051,0.09743434147371592,0.6315101456815817,0.07133343449516075,1.0,0.4585987261146497,0.692206661141411,Surv-GAN
0.012107642259098121,0.9278131634819533,0.07951470124254169,0.7207596253902187,0.0654128553672131,1.0,0.4012738853503185,0.7026223818299107,Surv-GAN
0.01233335071797214,0.9156050955414012,0.0964405091240453,0.6701027575442249,0.06688637834025078,1.0,0.42038216560509556,0.7214912707010502,Surv-GAN
0.01330045716628528,0.9209129511677282,0.0776580538756931,0.6609261186264308,0.06852838695856266,1.0,0.4585987261146497,0.7018980286537525,Surv-GAN
0.013664788957100852,0.9177282377919321,0.088598923968251,0.788436524453694,0.08539848264930554,1.0,0.3630573248407643,0.6913269721370842,Surv-GAN
0.014257857074829206,0.9240976645435245,0.08181557068373997,0.6227757544224766,0.061920029814206995,1.0,0.43312101910828027,0.7159878675731542,Surv-GAN
0.013386243914751962,0.9193205944798302,0.1044914264542633,0.6487968262226846,0.06899993218192149,1.0,0.39490445859872614,0.7253257429304716,Surv-GAN
0.013548912569551682,0.9118895966029724,0.10038433140981316,0.6408753902185224,0.06618730588606153,2.0,0.40764331210191085,0.701377277552848,Surv-GAN
0.013533333812556515,0.9193205944798302,0.0947618741428215,0.6773478147762747,0.06794979057341562,3.0,0.43312101910828027,0.7023924628612476,Surv-GAN
0.013196856214089685,0.9209129511677282,0.08642171342070974,0.6689776274713839,0.0747941329742452,1.0,0.4267515923566879,0.6954361730066624,Surv-GAN
0.013322159614149105,0.9187898089171975,0.0966587558101674,0.6865569719042665,0.07108157017061033,1.0,0.4267515923566879,0.7314118705350393,Surv-GAN
0.010973711399813844,0.9262208067940553,0.09919240600663892,0.6570629552549427,0.06605545606542691,1.0,0.39490445859872614,0.7168217761825267,Surv-GAN
0.007155064062816424,0.9490445859872612,0.08189267103250675,0.5681776795005202,0.06568380472674246,1.0,0.4267515923566879,0.7058230136242843,Surv-GAN
0.013765902961404779,0.9124203821656051,0.09306280264585134,0.6709287200832467,0.06527011807002775,2.0,0.40764331210191085,0.7165472489972671,Surv-GAN
0.012953421952110957,0.9193205944798302,0.08839570650862322,0.677445369406868,0.07911852886938064,1.0,0.40764331210191085,0.7363563212354572,Surv-GAN
0.012894464743308473,0.914543524416136,0.10491791919277149,0.7084352237252862,0.07133484694380657,1.0,0.36942675159235666,0.7151465030353166,Surv-GAN
0.008848156075087711,0.9410828025477707,0.08451385252684192,0.6390673777315297,0.06869568110196006,1.0,0.39490445859872614,0.7103930174918249,Surv-GAN
0.011684643831131982,0.9320594479830149,0.0917914492610658,0.6577230749219563,0.0745299648027911,2.0,0.39490445859872614,0.7202200382567558,Surv-GAN
0.011700980528460412,0.9320594479830149,0.09280763571321403,0.654871227887617,0.07081780712270937,2.0,0.445859872611465,0.7051735521120025,Surv-GAN
0.01129674371490484,0.9368365180467092,0.0785333520563982,0.6401925078043703,0.06625040253375425,1.0,0.4585987261146497,0.7335236443242701,Surv-GAN
0.011171708114674009,0.9331210191082803,0.08764212294987023,0.6254487513007285,0.07625819605565931,1.0,0.4140127388535032,0.7364982314772024,Surv-GAN
0.014941951595122028,0.9156050955414012,0.0894451926094513,0.6714164932362123,0.06621027947493788,1.0,0.4394904458598726,0.737566884704123,Surv-GAN
0.009890606231955127,0.9336518046709131,0.09421766175859676,0.725611342351717,0.07069441691592357,1.0,0.3375796178343949,0.7316585457575016,Surv-GAN
0.015512498651832013,0.9113588110403397,0.0965173366253064,0.6550305671175858,0.06402525764971771,2.0,0.3821656050955414,0.7326430377119192,Surv-GAN
0.013396345809321702,0.9235668789808917,0.08470640394274541,0.6555606139438086,0.06856117824388551,1.0,0.4267515923566879,0.7219207857581288,Surv-GAN
0.011038811590355538,0.9262208067940553,0.10057491803795537,0.6383584807492195,0.1384869527607613,1.0,0.39490445859872614,0.6996132746654338,Surv-GAN
0.009721740078683814,0.9331210191082803,0.08690629219857869,0.6532388137356919,0.07087062207246027,1.0,0.4140127388535032,0.7059852164096033,Surv-GAN
0.01237174779857656,0.9203821656050956,0.09555262234869757,0.6923191987513008,0.08491264536181853,1.0,0.4012738853503185,0.6898689232632974,Surv-GAN
0.01054759164628071,0.9341825902335458,0.08152852492454234,0.6340010405827263,0.06847035649324379,1.0,0.4267515923566879,0.7341372461400354,Surv-GAN
0.012006017807844374,0.9294055201698516,0.08380417529407494,0.6273348074921956,0.07589848230825434,1.0,0.4840764331210191,0.6980933986708164,Surv-GAN
0.012710974806344267,0.9198513800424628,0.0916587302136004,0.6950052029136315,0.06954056264209224,1.0,0.42038216560509556,0.693983887721153,Surv-GAN
0.01151330603550084,0.9304670912951168,0.08554700073577813,0.6932427159209157,0.06925945119040967,2.0,0.35668789808917195,0.7165979867268818,Surv-GAN
0.013566554901794812,0.9182590233545648,0.08466232314884188,0.6254032258064516,0.07303698251234217,1.0,0.45222929936305734,0.7243900744527066,Surv-GAN
0.012315825573614414,0.928343949044586,0.08741972091125377,0.6397990374609781,0.07940439828882705,1.0,0.4140127388535032,0.7046529225243899,Surv-GAN
0.01157707028539876,0.9294055201698516,0.08834387960102853,0.6022827783558793,0.0696271263597439,1.0,0.43312101910828027,0.7192326448838429,Surv-GAN
0.014164432377437265,0.9182590233545648,0.08425123629748205,0.6990049427679501,0.06626853458530116,2.0,0.40764331210191085,0.6915076122267568,Surv-GAN
0.009352710443386808,0.9363057324840764,0.091459290494711,0.6591896462018731,0.06787530488125491,2.0,0.36942675159235666,0.7275798760825087,Surv-GAN
0.014077199394990685,0.9113588110403397,0.09938604480439565,0.7294810093652444,0.06841958708855704,1.0,0.37579617834394907,0.7101036189992971,Surv-GAN
0.011566556603530606,0.9278131634819533,0.08388953164485898,0.67414802289282,0.06569646735465588,1.0,0.4140127388535032,0.7516046302808632,Surv-GAN
0.01088289125111285,0.9363057324840764,0.08531737484422082,0.6261251300728408,0.06481502701633263,1.0,0.4713375796178344,0.7029123431869633,Surv-GAN
0.011302919076575525,0.9336518046709129,0.1007555829728434,0.605170395421436,0.07912990684126586,1.0,0.4140127388535032,0.6883281441092276,Surv-GAN
0.014064333406159639,0.9230360934182591,0.09504171252338482,0.67727302289282,0.06478614888742128,2.0,0.43312101910828027,0.7075743223889253,Surv-GAN
0.009914166556269713,0.9373673036093418,0.08505122719923895,0.5794549947970864,0.07019161918222713,1.0,0.4968152866242038,0.7044395100004871,Surv-GAN
0.00840941041714032,0.9511677282377918,0.07295073898049147,0.5791558272632675,0.06168274831668045,1.0,0.5031847133757962,0.7403260623891831,Surv-GAN
0.011009365309455517,0.9363057324840764,0.08301388520410352,0.6854578563995838,0.07697289252614319,1.0,0.42038216560509556,0.7308083092700788,Surv-GAN
0.012006276874073527,0.9288747346072186,0.0884026950930066,0.5791395681581685,0.06356834204300815,1.0,0.46496815286624205,0.7094143186986844,Surv-GAN
0.013321830569409764,0.9240976645435244,0.09531370758842829,0.670226326742976,0.07027618627380275,3.0,0.3630573248407643,0.7131803139672092,Surv-GAN
0.012980462311853921,0.9272823779193207,0.09615964561863641,0.6624154526534859,0.066955578506734,2.0,0.4267515923566879,0.7132585644202566,Surv-GAN
0.015365414863991206,0.9049893842887474,0.09278123044922539,0.7042533818938606,0.1068248321917682,1.0,0.4012738853503185,0.7191704162371417,Surv-GAN
0.011715270193604937,0.9262208067940554,0.07475948467776838,0.6331945889698231,0.06431162676658564,1.0,0.4394904458598726,0.709531029756297,Surv-GAN
0.011943473244520254,0.9171974522292995,0.09448694237806853,0.695242585848075,0.0717082193800999,1.0,0.40764331210191085,0.7041246560644934,Surv-GAN
0.012673106836272402,0.9209129511677282,0.08217218163358833,0.6953173777315296,0.06637346375859882,1.0,0.4394904458598726,0.7177881102253466,Surv-GAN
0.010463585329809845,0.9294055201698513,0.09342659331621833,0.6959482310093652,0.10031735481662474,1.0,0.39490445859872614,0.7292648910680596,Surv-GAN
0.00956637348456925,0.9320594479830149,0.0841991023933689,0.6254162330905307,0.07022976749305904,1.0,0.46496815286624205,0.7095278827328529,Surv-GAN
0.011516841083738806,0.9246284501061571,0.09840355036192701,0.6674232570239335,0.0679885793458112,1.0,0.4267515923566879,0.7033843869524896,Surv-GAN
0.010890573715736639,0.9246284501061571,0.09815265473462624,0.6564190946930282,0.06624903352865397,1.0,0.43312101910828027,0.7081862949032182,Surv-GAN
0.008787475298954983,0.93895966029724,0.09362360045469745,0.648608220603538,0.08917235260665135,1.0,0.3885350318471338,0.734841973346705,Surv-GAN
0.013616238891678152,0.9166666666666669,0.09388200601530755,0.6893860561914671,0.07306530383130233,1.0,0.40764331210191085,0.7360434785410959,Surv-GAN
0.011096524579078131,0.9352441613588112,0.08828943146922534,0.6290127471383975,0.06442660217066742,2.0,0.45222929936305734,0.7152757303638142,Surv-GAN
0.011252691534370895,0.926751592356688,0.0981403245236618,0.665212018730489,0.09742728117000023,1.0,0.3821656050955414,0.7110712078050209,Surv-GAN
0.011768207406512092,0.9272823779193207,0.09248822622841381,0.6425598335067637,0.0658351758628476,1.0,0.4267515923566879,0.7133456171945174,Surv-GAN
0.0113808599204355,0.9294055201698513,0.09280378663972326,0.6795005202913632,0.07447785676108021,3.0,0.46496815286624205,0.7111498380618247,Surv-GAN
0.010322970591462104,0.9373673036093418,0.08441224383713906,0.6221904266389178,0.06480916624642007,1.0,0.445859872611465,0.7161144323611225,Surv-GAN
0.011893098908820997,0.928343949044586,0.0877719202204632,0.6840205515088449,0.07202811367924088,1.0,0.3821656050955414,0.7139170255005937,Surv-GAN
0.014405197848632556,0.9230360934182591,0.09739041933686936,0.725695889698231,0.07347655268394934,1.0,0.3630573248407643,0.7034697091527622,Surv-GAN
0.008963972051069809,0.9384288747346071,0.07602604906244491,0.6871553069719043,0.08210776093759929,1.0,0.3821656050955414,0.7405031803113565,Surv-GAN
0.012920395077212177,0.9256900212314226,0.08704343094437579,0.695226326742976,0.07099439912824693,1.0,0.43312101910828027,0.6998461425480287,Surv-GAN
0.01255179579614425,0.9256900212314224,0.08644890091077262,0.6565166493236213,0.07312379953676629,1.0,0.4394904458598726,0.7155801748184031,Surv-GAN
0.012684707738298365,0.9214437367303608,0.08891231196839298,0.6382023933402705,0.06773316446916781,1.0,0.45222929936305734,0.7147261158003722,Surv-GAN
0.011737188263831652,0.9304670912951168,0.09588829764369429,0.6507023933402706,0.06567576795665393,3.0,0.4267515923566879,0.6909747533963563,Surv-GAN
0.011534516732844708,0.9272823779193206,0.09165827219173614,0.6344562955254943,0.06106635044690831,2.0,0.46496815286624205,0.7300566845592829,Surv-GAN
0.013179999655078283,0.9219745222929938,0.08873871979369136,0.6581100416233091,0.06848919048965636,1.0,0.4140127388535032,0.7243311410535066,Surv-GAN
0.009859265717567933,0.9336518046709129,0.08665892323611876,0.6542793964620188,0.0772300948708648,1.0,0.4140127388535032,0.7275016801177263,Surv-GAN
0.010286243752711813,0.9378980891719745,0.09101393299225352,0.6655046826222685,0.07291798371198088,1.0,0.39490445859872614,0.7189011765887807,Surv-GAN
0.01077254994143982,0.9352441613588112,0.0756641935722126,0.6150039021852237,0.06756269660948698,1.0,0.4713375796178344,0.7281722622869347,Surv-GAN
0.011109181781839408,0.9400212314225054,0.08700724271671623,0.666746878251821,0.0638930215680018,1.0,0.46496815286624205,0.7129802995747915,Surv-GAN
0.010271246420673617,0.9357749469214438,0.08538276574110495,0.6402185223725286,0.07124170988295446,1.0,0.4140127388535032,0.7177614837658439,Surv-GAN
0.01373086056992929,0.9225053078556263,0.09695349614652793,0.7209547346514047,0.06863009532257465,2.0,0.42038216560509556,0.7085149515773067,Surv-GAN
0.010080176891527043,0.9336518046709129,0.07667535090730263,0.6488813735691987,0.07119534178139574,2.0,0.43312101910828027,0.6878637783936129,Surv-GAN
0.011814277525715405,0.9251592356687898,0.0972282497355045,0.6790712799167534,0.07920633812015886,2.0,0.3885350318471338,0.7175810429886175,Surv-GAN
0.012120861483860398,0.9235668789808917,0.08431411810778244,0.6965920915712799,0.06613576082414897,1.0,0.40764331210191085,0.7100883349780873,Surv-GAN
0.012872498958484184,0.9262208067940553,0.09321481992729701,0.7107180020811654,0.07039480024492432,1.0,0.49044585987261147,0.7306332631551695,Surv-GAN
0.009046483083524926,0.9384288747346073,0.08862881042880698,0.6286290322580645,0.06641248126204426,1.0,0.4012738853503185,0.7228584819776911,Surv-GAN
0.010778001267586408,0.935244161358811,0.09347831044265129,0.688182882414152,0.07826870477064793,1.0,0.4012738853503185,0.7226250250860267,Surv-GAN
0.011740245491317337,0.9336518046709129,0.0775471082987445,0.6647957856399583,0.09897124183002556,1.0,0.4585987261146497,0.7328265113246478,Surv-GAN
0.013430883428401175,0.9203821656050956,0.08528460835802569,0.6957140998959418,0.06947442600481238,1.0,0.4012738853503185,0.7313309405451879,Surv-GAN
0.011946865668401413,0.9331210191082803,0.09190846960199135,0.6680085848074923,0.07428983301766809,1.0,0.4012738853503185,0.7197481559676352,Surv-GAN
0.01443258095672714,0.9225053078556263,0.08372965137030644,0.7023868366285119,0.06758539771394426,2.0,0.45222929936305734,0.7221422784737498,Surv-GAN
0.009781153478706056,0.935244161358811,0.089009946103273,0.7044419875130072,0.07492251072185292,1.0,0.4394904458598726,0.6979867447018363,Surv-GAN
0.010600308405281674,0.9394904458598727,0.09397504690120304,0.6601196670135276,0.08040705801941744,1.0,0.40764331210191085,0.7088265755929735,Surv-GAN
0.0124633007627852,0.9230360934182591,0.09193254771637592,0.6861017169614984,0.07513217849752717,1.0,0.445859872611465,0.7180464607900304,Surv-GAN
0.011551183034749864,0.9230360934182591,0.08685161513522072,0.7271071800208115,0.06564501824939922,2.0,0.4012738853503185,0.7336612278872349,Surv-GAN
0.012269772879570436,0.9230360934182591,0.09615307384095499,0.6751821019771073,0.06879885327008713,1.0,0.49044585987261147,0.7132147161062565,Surv-GAN
0.01269616933743368,0.9225053078556263,0.08721435004967514,0.7161192767950052,0.13015822639128033,1.0,0.43312101910828027,0.7174010198842284,Surv-GAN
0.013148526242732793,0.9267515923566879,0.09268255006728132,0.6618171175858482,0.06741805610442955,1.0,0.40764331210191085,0.7310000197383768,Surv-GAN
0.011268951065809994,0.9299363057324842,0.09374211746216676,0.6891194068678461,0.06934843388642609,1.0,0.40764331210191085,0.7172338545960377,Surv-GAN
0.01314653623714978,0.9171974522292995,0.09599245701280602,0.719686524453694,0.0716638720570059,2.0,0.4267515923566879,0.7149015060864522,Surv-GAN
0.012060849947369215,0.9283439490445861,0.0830383475705683,0.6713969823100936,0.0628282455853734,2.0,0.4267515923566879,0.6905167592600704,Surv-GAN
0.012419896612929152,0.9209129511677282,0.09938343381452411,0.6510470863683663,0.07034895574217764,1.0,0.3821656050955414,0.7107678812708857,Surv-GAN
0.014411864747043854,0.916135881104034,0.09863230131055328,0.685327783558793,0.08743734243344559,1.0,0.3821656050955414,0.7066126235683906,Surv-GAN
0.010108354712882522,0.9378980891719747,0.09276478557864695,0.6508649843912591,0.06331068190910344,1.0,0.4585987261146497,0.7504070224259533,Surv-GAN
0.013005449908393212,0.9256900212314226,0.0790950482147736,0.6704604578563995,0.06926333893428825,1.0,0.445859872611465,0.6961231255979914,Surv-GAN
0.012800171440788077,0.9225053078556263,0.10172161780761531,0.6804175338189385,0.07343568649976724,1.0,0.4394904458598726,0.7171268527578943,Surv-GAN
0.012696500089820248,0.9171974522292993,0.09339758683035095,0.6639112903225806,0.064993603178422,1.0,0.40764331210191085,0.7051976862273998,Surv-GAN
0.014083099545149877,0.9214437367303611,0.084403061254608,0.6655632154006244,0.06469404138773456,1.0,0.42038216560509556,0.7332946333188011,Surv-GAN
0.013549826315454844,0.9134819532908706,0.10009311182884224,0.6867780957336109,0.0626127380610203,1.0,0.4140127388535032,0.6995466837709681,Surv-GAN
0.011699779554221934,0.9304670912951168,0.09583768125837194,0.6667924037460978,0.0725764980431142,1.0,0.40764331210191085,0.7264688956913485,Surv-GAN
0.012964293796619434,0.9299363057324842,0.07701677701783664,0.6004487513007284,0.0861684050955397,1.0,0.4140127388535032,0.7163941579322389,Surv-GAN
0.011139436754045566,0.9368365180467092,0.06889366257744685,0.6560093652445369,0.06840892793006481,1.0,0.4267515923566879,0.7207617218058099,Surv-GAN
0.010710213064013312,0.9256900212314226,0.08676594588205642,0.6810613943808533,0.06668333133179011,1.0,0.40764331210191085,0.7215851447737563,Surv-GAN
0.012247399932197695,0.916135881104034,0.09626765122618795,0.634716441207076,0.06845222611746092,1.0,0.4012738853503185,0.7165714494872517,Surv-GAN
0.013748010769184126,0.9182590233545649,0.08671386674937016,0.6784274193548387,0.06956117995921021,2.0,0.40764331210191085,0.6916535383473408,Surv-GAN
0.008343844968574375,0.9384288747346071,0.08378255476586638,0.6571995317377732,0.06153399126055988,1.0,0.445859872611465,0.7176674508708113,Surv-GAN
0.011310149326739254,0.9251592356687898,0.0901864163316138,0.6764177939646202,0.06918945714739114,1.0,0.36942675159235666,0.7240248750534328,Surv-GAN
0.011009101424353143,0.9336518046709129,0.09533784317512466,0.6254617585848076,0.06646388650227388,1.0,0.45222929936305734,0.7159409577419611,Surv-GAN
0.013455928825780922,0.9219745222929937,0.09692910959868234,0.7028355879292404,0.06242326760150387,2.0,0.3821656050955414,0.7209113961755004,Surv-GAN
0.011683219659774154,0.9214437367303608,0.08822835324546222,0.6566857440166493,0.06620776932452833,1.0,0.43312101910828027,0.7168616385077696,Surv-GAN
0.014750730183974556,0.9193205944798302,0.08774033288051053,0.6672476586888657,0.06295893338759401,2.0,0.4267515923566879,0.6978209660525873,Surv-GAN
0.012342998100660085,0.9299363057324842,0.09449515334973393,0.6595928720083246,0.0659345113300894,1.0,0.43312101910828027,0.707072422242809,Surv-GAN
0.013077678167032135,0.9198513800424628,0.08435957677244567,0.6626625910509885,0.07899802108128037,1.0,0.39490445859872614,0.7077575798375789,Surv-GAN
0.011656087606526443,0.9325902335456475,0.0762805971678764,0.6372918834547348,0.07299999827504762,1.0,0.42038216560509556,0.7147134243465296,Surv-GAN
0.012865307431834139,0.9256900212314226,0.09380136995473778,0.6593977627471383,0.06466489701520411,1.0,0.4012738853503185,0.7493710519621397,Surv-GAN
0.010826258605536257,0.9331210191082802,0.09224092285296537,0.6491740374609781,0.0730952817190692,1.0,0.36942675159235666,0.6924834288835,Surv-GAN
0.013674211824415161,0.909235668789809,0.09119591754498348,0.7115374609781477,0.06505142501125319,1.0,0.45222929936305734,0.7241848807173181,Surv-GAN
0.012278605222729569,0.9240976645435245,0.08778366412829984,0.7366675338189386,0.07846039248245083,1.0,0.36942675159235666,0.6839489763148655,Surv-GAN
0.011927112761263148,0.9225053078556263,0.0980273646881519,0.6885145681581686,0.06673997265435123,1.0,0.4012738853503185,0.7134391708922564,Surv-GAN
0.010457867574836225,0.9347133757961784,0.10002684039771371,0.6558142559833506,0.07123972925031052,1.0,0.36942675159235666,0.7050556623767561,Surv-GAN
0.014255315294842022,0.9166666666666666,0.09252660134379356,0.663039802289282,0.06699127341454539,1.0,0.4012738853503185,0.7042775989914666,Surv-GAN
0.013732117704466867,0.9150743099787686,0.1000277390616436,0.7672281477627473,0.07313835210178136,1.0,0.4394904458598726,0.7235387075073351,Surv-GAN
0.012037630313366117,0.9240976645435245,0.08795229562123541,0.704998048907388,0.06552285069154257,2.0,0.4394904458598726,0.7189406422317334,Surv-GAN
0.010601678769461742,0.9325902335456475,0.0887232442517175,0.610952133194589,0.06647196496545624,2.0,0.4585987261146497,0.7027858141018601,Surv-GAN
0.010953484473962346,0.9294055201698513,0.08796553155499331,0.6633649843912591,0.0668078277051227,1.0,0.4012738853503185,0.7191837740650333,Surv-GAN
0.012143233888073179,0.935244161358811,0.07285302135125567,0.6599115504682622,0.06523006283411745,1.0,0.43312101910828027,0.7052425998469749,Surv-GAN
0.009012015675969898,0.93895966029724,0.08450223749514507,0.6148738293444328,0.06952457688888358,1.0,0.445859872611465,0.7400213059889349,Surv-GAN
0.011491586838216118,0.9288747346072187,0.09048724663123285,0.6432557232049948,0.12353100439616671,1.0,0.4267515923566879,0.717295334334241,Surv-GAN
0.010627931166145117,0.9384288747346073,0.08712321223387925,0.6782453173777314,0.06635589371911757,1.0,0.3821656050955414,0.7064460501231533,Surv-GAN
0.013506190938627352,0.9230360934182591,0.09668514885654676,0.6814255983350677,0.06435934795495639,1.0,0.5095541401273885,0.6978461573892641,Surv-GAN
0.011912385623388767,0.9325902335456476,0.08674174794497387,0.7182947450572319,0.07286997024655084,1.0,0.39490445859872614,0.70555182777744,Surv-GAN
0.009880711345607685,0.9315286624203822,0.08713341627877884,0.601151144640999,0.06172409257125889,3.0,0.445859872611465,0.7236841459626212,Surv-GAN
0.013323249042365681,0.9262208067940553,0.09142054950234259,0.7207661290322581,0.06844908811138296,1.0,0.43312101910828027,0.706883612434916,Surv-GAN
0.015055547550699674,0.9129511677282377,0.09009461291048482,0.6839425078043705,0.06542522959007656,2.0,0.42038216560509556,0.7181969993765184,Surv-GAN
0.013494747395865392,0.9193205944798302,0.09517315287617341,0.6943678459937563,0.06838104106347062,1.0,0.4012738853503185,0.7378625664936854,Surv-GAN
0.012237485851955327,0.9198513800424628,0.09672467974738076,0.6603537981269512,0.06538020581101632,1.0,0.4267515923566879,0.712304147812043,Surv-GAN
0.012623268590141692,0.923036093418259,0.09102250449269973,0.6969627991675338,0.06869546485354536,1.0,0.42038216560509556,0.6936888688200387,Surv-GAN
0.009159550148333548,0.9347133757961784,0.09571927902265676,0.6806451612903225,0.07486008650719794,1.0,0.40764331210191085,0.7062070974290595,Surv-GAN
0.014153303909268583,0.9102972399150744,0.09433507388453263,0.6752081165452654,0.06924136250838141,1.0,0.40764331210191085,0.7180867496437093,Surv-GAN
0.010627115106604695,0.9331210191082802,0.07912167978056067,0.6421631113423517,0.07152685859915611,1.0,0.445859872611465,0.6911841462226208,Surv-GAN
0.010677047402133634,0.9294055201698513,0.08946914505843623,0.6485757023933403,0.07008776913260953,1.0,0.4012738853503185,0.7219424006084788,Surv-GAN
0.013150712187124743,0.9230360934182591,0.09397852299799271,0.7305736212278877,0.06496942919180178,1.0,0.3885350318471338,0.7138775951196844,Surv-GAN
0.011952970139800248,0.9240976645435244,0.09914503406574557,0.6266129032258064,0.06579495420343652,1.0,0.39490445859872614,0.7139061744722929,Surv-GAN
0.011259273515517877,0.9400212314225054,0.08388741128580865,0.6524258584807492,0.07984190116395616,1.0,0.46496815286624205,0.7143405439752997,Surv-GAN
0.010555721561594072,0.9278131634819533,0.0969204841131322,0.671748178980229,0.0658054720706344,1.0,0.40764331210191085,0.7056854730938585,Surv-GAN
0.011582736789112908,0.9299363057324842,0.08687185114726628,0.7219823100936524,0.07281822887750002,1.0,0.3821656050955414,0.6932574222893694,Surv-GAN
0.01016885001325235,0.9347133757961784,0.08410568085584422,0.7048126951092613,0.06237952627834861,1.0,0.4012738853503185,0.7060189625106307,Surv-GAN
0.012069694978061415,0.9299363057324842,0.09000165894507511,0.658636836628512,0.07443077694190908,1.0,0.3885350318471338,0.7142925985879159,Surv-GAN
0.013243567852440736,0.9171974522292995,0.09975073110123961,0.6888137356919876,0.06805737054925048,1.0,0.3630573248407643,0.7199053459006631,Surv-GAN
0.01063879798948692,0.9341825902335458,0.08474777290633251,0.6171110822060355,0.06450202129118758,1.0,0.39490445859872614,0.6971741020522516,Surv-GAN
0.012369298507840512,0.9230360934182591,0.08943092292507271,0.6744862122788762,0.06742739010337867,1.0,0.4840764331210191,0.7414850158867284,Surv-GAN
0.012412959550766163,0.9278131634819533,0.09013656749014677,0.7098660249739854,0.06631732813182312,1.0,0.46496815286624205,0.716005255552426,Surv-GAN
0.012254746652020664,0.9304670912951168,0.09381132558822368,0.7060418834547345,0.07225820190178958,1.0,0.42038216560509556,0.7019203076456401,Surv-GAN
0.014300629716105705,0.9198513800424628,0.0956783433353953,0.6668574401664932,0.07214709704507052,1.0,0.35668789808917195,0.7174988334275479,Surv-GAN
0.012552040029005576,0.9235668789808917,0.09239326878664703,0.7067702913631633,0.06863794376612005,1.0,0.40764331210191085,0.7308351623415985,Surv-GAN
0.01488746517726122,0.9129511677282377,0.08681824169551101,0.6634300208116546,0.0813529845523486,1.0,0.49044585987261147,0.7300536923805228,Surv-GAN
0.012159103273532054,0.9240976645435245,0.08682402703901505,0.7091571279916754,0.06928685533024644,1.0,0.43312101910828027,0.7342500848020809,Surv-GAN
0.011696403824118769,0.9246284501061571,0.08363673453063539,0.6801378772112383,0.0683749593122665,1.0,0.47770700636942676,0.7079061759079734,Surv-GAN
0.01262178068218209,0.9129511677282379,0.09211328095310159,0.6809508324661812,0.06908860829785764,1.0,0.33121019108280253,0.7378491292977309,Surv-GAN
0.013576232699963017,0.9235668789808918,0.08736922178653626,0.6896852237252861,0.06560799789055088,2.0,0.45222929936305734,0.7452568585692751,Surv-GAN
0.013008007507432863,0.9225053078556265,0.07910369152089268,0.6719823100936525,0.071775901830974,1.0,0.4394904458598726,0.729384495313124,Surv-GAN
0.013434738781441052,0.9156050955414013,0.09069877425937678,0.6515998959417273,0.06450148976180116,2.0,0.43312101910828027,0.7167421377364058,Surv-GAN
0.010841506147751577,0.9384288747346073,0.09433271724733755,0.6575962539021852,0.07024327809059681,1.0,0.4140127388535032,0.707438300096376,Surv-GAN
0.013825373407769952,0.9124203821656051,0.09088175455535245,0.6734716441207076,0.06932855378861592,1.0,0.4267515923566879,0.7067105543984984,Surv-GAN
0.010939617195682828,0.9288747346072187,0.08794070057883388,0.7100741415192507,0.06177415954958302,1.0,0.45222929936305734,0.7121190534371522,Surv-GAN
0.011621893655205606,0.9278131634819533,0.09411247566788732,0.7472749739854319,0.08029815503253747,1.0,0.3630573248407643,0.6975517763447708,Surv-GAN
0.0067028575613359,0.956475583864119,0.08838122535997878,0.6395941727367325,0.0638858575190832,2.0,0.43312101910828027,0.6916173033839201,Surv-VAE
0.009026034862438456,0.9442675159235668,0.07433522928778295,0.5749609781477628,0.07099120235014922,1.0,0.45222929936305734,0.6900462749266932,Surv-VAE
0.007116246969310114,0.9516985138004247,0.06938813540704494,0.6101229188345474,0.07005278998377867,1.0,0.43312101910828027,0.6898336143657171,Surv-VAE
0.007362361494399443,0.9501061571125264,0.07072543590888149,0.7174362643080126,0.08241782441454291,1.0,0.4140127388535032,0.7170907176111732,Surv-VAE
0.007167746998279885,0.9490445859872612,0.07619055510547834,0.6795395421436005,0.06415621668021598,1.0,0.45222929936305734,0.7306349069163852,Surv-VAE
0.010954623862145478,0.9373673036093417,0.08849358236993367,0.6375325182101976,0.0668022157011572,2.0,0.4394904458598726,0.6954353585159642,Surv-VAE
0.00893721888653175,0.9447983014861995,0.06888083643829158,0.676931581685744,0.06801104145769346,2.0,0.4713375796178344,0.6987383967511396,Surv-VAE
0.010726069718778633,0.9378980891719747,0.08316313193332725,0.6896266909469302,0.06503830820671196,1.0,0.47770700636942676,0.7157436023658211,Surv-VAE
0.008480361457708935,0.9490445859872612,0.07845508256603265,0.6067507804370448,0.06842195630531318,1.0,0.47770700636942676,0.699830833176676,Surv-VAE
0.009943124424956101,0.9400212314225053,0.07121960324471734,0.6857049947970864,0.06459407450778834,2.0,0.43312101910828027,0.6738719463142431,Surv-VAE
0.009232729021152202,0.9378980891719745,0.08238221104848852,0.6932167013527575,0.06336968064930834,2.0,0.4394904458598726,0.7179115308483881,Surv-VAE
0.010715283199772366,0.9384288747346071,0.0791379207593814,0.7069654006243496,0.07344351686865187,1.0,0.4140127388535032,0.6951588216219715,Surv-VAE
0.008831516133741649,0.9378980891719747,0.07892200350465513,0.6707043444328824,0.06906939103056549,1.0,0.42038216560509556,0.6971516889035844,Surv-VAE
0.010274117278421526,0.9320594479830149,0.09059932014008555,0.7160770031217482,0.07638891519338836,2.0,0.4585987261146497,0.7006866518786706,Surv-VAE
0.010226616648297703,0.93895966029724,0.08284679360549037,0.6650819458896982,0.06806488178762629,1.0,0.4140127388535032,0.7225743528619715,Surv-VAE
0.008493031915040482,0.9485138004246284,0.0643484372145986,0.6518015088449532,0.06514960719643206,1.0,0.4968152866242038,0.7077883145516655,Surv-VAE
0.012258636114562516,0.9256900212314226,0.07985167988655986,0.6637161810613944,0.07045038720715685,1.0,0.3885350318471338,0.7085191413534357,Surv-VAE
0.007528101733812802,0.9490445859872612,0.07488265635214753,0.6377666493236213,0.06618624875969051,1.0,0.42038216560509556,0.7259094870002918,Surv-VAE
0.008613544276597588,0.9453290870488322,0.07439655608446365,0.6498178980228928,0.07181538117129643,1.0,0.40764331210191085,0.6973218822069319,Surv-VAE
0.008159579482878725,0.9437367303609342,0.08304237675009882,0.7134820499479708,0.06536358255065196,1.0,0.4394904458598726,0.7166483366844704,Surv-VAE
0.008649303576857883,0.942144373673036,0.06466241746938031,0.6270681581685743,0.06767732044936504,1.0,0.5222929936305732,0.7004465058033249,Surv-VAE
0.009972421580394384,0.9410828025477708,0.07935997108035268,0.5834742455775235,0.06614385466391345,4.0,0.46496815286624205,0.7017291567949853,Surv-VAE
0.009101291702888653,0.9479830148619959,0.06974228397380426,0.6711303329864723,0.06539840217100196,3.0,0.5095541401273885,0.719134907398633,Surv-VAE
0.009982570201286433,0.9384288747346073,0.07908447089875416,0.6309248178980229,0.06880889890485298,1.0,0.4585987261146497,0.7107934162145494,Surv-VAE
0.007625975025594746,0.945859872611465,0.08373006511601704,0.681549167533819,0.07082164448337129,1.0,0.47770700636942676,0.6672040308483521,Surv-VAE
0.009626620823442357,0.9432059447983016,0.08875282218289704,0.6476099115504683,0.07598063302333577,1.0,0.4267515923566879,0.7009508151721274,Surv-VAE
0.008887039136032837,0.9426751592356689,0.08891404118155934,0.600299167533819,0.07241169924854633,1.0,0.42038216560509556,0.6974011159931821,Surv-VAE
0.007827871320385305,0.9501061571125266,0.07727998489659749,0.6893340270551508,0.0717785676181478,1.0,0.40764331210191085,0.6958510299294761,Surv-VAE
0.007114701371227414,0.9532908704883227,0.06558486398704848,0.689984391259105,0.06571899325892225,1.0,0.4394904458598726,0.7127791366768389,Surv-VAE
0.009921619120340628,0.9373673036093418,0.08407096949687673,0.6802289281997919,0.06619467578554407,1.0,0.46496815286624205,0.6983589736919167,Surv-VAE
0.008851224959694237,0.9378980891719745,0.08428093376875902,0.6600871488033299,0.06559883550745435,2.0,0.4012738853503185,0.7162519107137874,Surv-VAE
0.007817907309263523,0.9469214437367303,0.06766545183925599,0.678947710718002,0.06709814304979489,1.0,0.4394904458598726,0.7174088113560062,Surv-VAE
0.008935601476201614,0.9410828025477708,0.07985174662602465,0.6603928199791882,0.07854116719614876,1.0,0.42038216560509556,0.6939595087221796,Surv-VAE
0.008042808553581042,0.9432059447983013,0.08765780602863846,0.6657908428720083,0.06616740730101457,1.0,0.43312101910828027,0.7285047201842442,Surv-VAE
0.005895608782589078,0.9575371549893843,0.062215752773629965,0.6616642819979189,0.06285144745319496,4.0,0.4713375796178344,0.6987991608785166,Surv-VAE
0.007356938525467545,0.9532908704883227,0.07574432258239606,0.6049752861602498,0.06800713541618246,2.0,0.4267515923566879,0.7074425369944043,Surv-VAE
0.006807043692687614,0.9532908704883227,0.07195742952308352,0.6704539542143599,0.0709690242203129,1.0,0.43312101910828027,0.7079118285244623,Surv-VAE
0.00799589311221587,0.9522292993630573,0.08547564832007155,0.6485952133194589,0.06821069924309353,3.0,0.4713375796178344,0.7081827191905506,Surv-VAE
0.00840201571506338,0.9463906581740978,0.08067084620204569,0.6587473985431841,0.06947458238924681,3.0,0.42038216560509556,0.6965816620457925,Surv-VAE
0.00794216431988818,0.9474522292993631,0.07760195537961809,0.6822190426638919,0.07053812724915556,1.0,0.4394904458598726,0.6837940837203712,Surv-VAE
0.007815006823358056,0.9511677282377918,0.07466133568095674,0.6332888917793964,0.06970183077062056,1.0,0.4840764331210191,0.703857155231276,Surv-VAE
0.010056245161635604,0.935244161358811,0.08120557149133707,0.7067767950052029,0.06611500574948935,2.0,0.43312101910828027,0.706536963933477,Surv-VAE
0.009062534119193505,0.944267515923567,0.08582511941954658,0.7224408168574401,0.06874253361911278,1.0,0.43312101910828027,0.709358606138948,Surv-VAE
0.00980217531164046,0.9400212314225054,0.07080988956664318,0.6904656607700312,0.06848832119074107,4.0,0.45222929936305734,0.6974171390444962,Surv-VAE
0.007361693753136303,0.9543524416135881,0.060692215576763534,0.570512486992716,0.0622770196791233,1.0,0.46496815286624205,0.7065555152809704,Surv-VAE
0.008820657532720459,0.942144373673036,0.07411917879778873,0.63650494276795,0.06720394426152998,2.0,0.49044585987261147,0.6971939176779502,Surv-VAE
0.011667993915916578,0.9347133757961784,0.06383464258043937,0.677812825182102,0.06724007443760048,1.0,0.4585987261146497,0.6720417592689908,Surv-VAE
0.008987357253568288,0.9458598726114649,0.07838111411550826,0.641675338189386,0.06688012056812202,1.0,0.43312101910828027,0.6865632427485853,Surv-VAE
0.008733021306382571,0.942144373673036,0.08438955626264462,0.6224928459937565,0.06584129774890414,2.0,0.47770700636942676,0.7204747855781068,Surv-VAE
0.0066224714079561675,0.9554140127388534,0.06951338410577144,0.608695369406868,0.0652971065640976,1.0,0.45222929936305734,0.6853103043028848,Surv-VAE
0.008629494591390348,0.9410828025477707,0.06636640805103391,0.6051443808532779,0.063653418479255,1.0,0.4394904458598726,0.6977717933903131,Surv-VAE
0.011029660100770507,0.9373673036093418,0.07810626370957595,0.6285119667013529,0.07719305172558161,1.0,0.5031847133757962,0.7106840156772907,Surv-VAE
0.011354749264044716,0.9336518046709129,0.0893791441257846,0.6654656607700311,0.06674614901866918,1.0,0.445859872611465,0.6939116572196365,Surv-VAE
0.008209067378348927,0.9501061571125266,0.07189070841002128,0.7082726326742976,0.0810303330412981,1.0,0.4012738853503185,0.6918137488212384,Surv-VAE
0.00687150849385645,0.9495753715498937,0.06897377192005835,0.7002861602497399,0.06758204350406254,1.0,0.4140127388535032,0.7100590029540182,Surv-VAE
0.010223205478412883,0.9389596602972398,0.08059813299866828,0.6759755463059314,0.07117607419013047,1.0,0.42038216560509556,0.6719259312851813,Surv-VAE
0.011003912060991675,0.9341825902335458,0.0748934146911645,0.6723757804370447,0.07404270291621287,2.0,0.4012738853503185,0.7140341549961673,Surv-VAE
0.008950782122376813,0.9426751592356687,0.07009926857672852,0.634404266389178,0.07711112120756403,1.0,0.43312101910828027,0.7026372485636581,Surv-VAE
0.00799263137386016,0.9516985138004247,0.07296474367613104,0.6581002861602497,0.06279229894216766,1.0,0.43312101910828027,0.707440892626698,Surv-VAE
0.009141160334517999,0.942144373673036,0.07663790520838915,0.7004780176899064,0.0895227762007267,1.0,0.3821656050955414,0.7218079787810634,Surv-VAE
0.007722967784610366,0.944267515923567,0.07795908258072014,0.6799882934443289,0.07300140393821805,1.0,0.4140127388535032,0.7396445410384702,Surv-VAE
0.009741152205660927,0.93895966029724,0.07142369837112958,0.7045590530697192,0.07554505337404527,1.0,0.39490445859872614,0.6913659858732178,Surv-VAE
0.008909905598948269,0.940552016985138,0.06815242357588357,0.6680768730489074,0.07132130582399344,1.0,0.40764331210191085,0.6766118340303966,Surv-VAE
0.010734971938130063,0.9373673036093418,0.07169905225740197,0.6872268470343392,0.07067856899803468,1.0,0.4140127388535032,0.7016888041847681,Surv-VAE
0.008332687560442748,0.9495753715498939,0.0788175096667847,0.6413241415192508,0.06359494178403999,4.0,0.4140127388535032,0.6951431225939309,Surv-VAE
0.009380585290376926,0.9453290870488322,0.09091319842582078,0.6651957596253902,0.073145748915792,1.0,0.4012738853503185,0.7092842202791226,Surv-VAE
0.00835601455109417,0.9490445859872612,0.05007397248217711,0.6185223725286161,0.06425252409988325,1.0,0.4713375796178344,0.7071421720537684,Surv-VAE
0.00835100360202985,0.945859872611465,0.083471441620617,0.6722489594172737,0.0699325884263447,1.0,0.445859872611465,0.7023240229546128,Surv-VAE
0.007818264580817512,0.9474522292993631,0.07679257236236155,0.6876690946930281,0.06445461192088747,2.0,0.40764331210191085,0.6907456038300983,Surv-VAE
0.007250262297717,0.9511677282377918,0.07150626483710988,0.6345928720083246,0.06503512853121238,1.0,0.4585987261146497,0.6777611567343678,Surv-VAE
0.0063008828356704094,0.9532908704883226,0.0721011289767901,0.6221318938605619,0.06985915504521509,1.0,0.4140127388535032,0.6920616838172127,Surv-VAE
0.009620254423928767,0.9432059447983016,0.08236955779544433,0.7292598855359002,0.06907358045002623,1.0,0.42038216560509556,0.6862771950762387,Surv-VAE
0.010927263732154269,0.9341825902335458,0.0747932848504463,0.6327913631633715,0.06563181903993931,2.0,0.45222929936305734,0.7277817326205999,Surv-VAE
0.010150524892640891,0.9363057324840763,0.08430753310573803,0.634261186264308,0.07447821859483915,1.0,0.4713375796178344,0.6994750859419474,Surv-VAE
0.006204011426929387,0.9570063694267517,0.07919840638090583,0.6505463059313215,0.06646572145571734,1.0,0.4140127388535032,0.6897987535220428,Surv-VAE
0.009983478613598542,0.9347133757961782,0.07916185179450089,0.6289607180020811,0.06673046138439304,1.0,0.39490445859872614,0.7103943476541617,Surv-VAE
0.0096811767960761,0.9453290870488322,0.07506406566749665,0.68295395421436,0.07078656051144669,1.0,0.4267515923566879,0.7169724125438376,Surv-VAE
0.008893547427760707,0.9474522292993631,0.06906811851499448,0.6409469302809574,0.0698841773113764,1.0,0.4585987261146497,0.6963494153288073,Surv-VAE
0.009842864836378694,0.9394904458598727,0.0746383029667042,0.6396201873048908,0.12310713518440114,1.0,0.46496815286624205,0.6866385543789751,Surv-VAE
0.007114506588105804,0.9506369426751592,0.07691683587680112,0.6448881373569199,0.06970068398259147,1.0,0.4012738853503185,0.6981096066596653,Surv-VAE
0.007386048765109898,0.9511677282377918,0.07438052091499625,0.6011316337148804,0.06950127921022937,2.0,0.39490445859872614,0.7101378092054254,Surv-VAE
0.0077942838942133665,0.9490445859872612,0.08134219706509649,0.658578303850156,0.07944376473515906,1.0,0.3630573248407643,0.7016748598832739,Surv-VAE
0.009024864446462758,0.9458598726114649,0.07176140012638532,0.679942767950052,0.08349185301246873,1.0,0.45222929936305734,0.708681950115913,Surv-VAE
0.00812016873809445,0.9490445859872612,0.07951923222461356,0.6579669614984391,0.06586239305309638,1.0,0.46496815286624205,0.7087256411812101,Surv-VAE
0.008782440097771183,0.945859872611465,0.06580335369255093,0.6465595733610823,0.11719294601990174,1.0,0.39490445859872614,0.6969489588639571,Surv-VAE
0.010120325360767235,0.9410828025477708,0.07621456613133401,0.7153225806451612,0.06510648512504696,1.0,0.4585987261146497,0.7314887862050564,Surv-VAE
0.00848830119859359,0.944267515923567,0.08060650245518029,0.7105293964620187,0.06623868094400477,1.0,0.4140127388535032,0.6992549278267332,Surv-VAE
0.007741638219731217,0.9495753715498938,0.07535148689268306,0.6020096253902185,0.06952999958676502,1.0,0.445859872611465,0.7049273641912774,Surv-VAE
0.008639871270189536,0.9506369426751592,0.07692879044761851,0.6400526795005204,0.06294621647293594,1.0,0.5222929936305732,0.6821340048500487,Surv-VAE
0.01060019634253919,0.9363057324840764,0.08834860654368552,0.6750195109261187,0.06770591256809505,1.0,0.47770700636942676,0.7034098736634596,Surv-VAE
0.008748759441864975,0.9463906581740976,0.0787775732356055,0.6304890738813735,0.06776806270988427,1.0,0.4140127388535032,0.7101537782565461,Surv-VAE
0.0100543931312374,0.9432059447983013,0.07746756270434055,0.6333831945889699,0.06623429064637087,1.0,0.3885350318471338,0.6895078198325378,Surv-VAE
0.0071623833190015175,0.9501061571125264,0.07467064773281196,0.6361277315296566,0.06381143597963483,2.0,0.4012738853503185,0.6601445992609738,Surv-VAE
0.008207683360694391,0.9463906581740976,0.08087144295403449,0.6442930541103018,0.07071548597831838,2.0,0.45222929936305734,0.7220240951598546,Surv-VAE
0.011303680401383466,0.9315286624203821,0.07852577393756838,0.6635340790842872,0.0670738195316519,3.0,0.46496815286624205,0.6773617954191777,Surv-VAE
0.008897936966133516,0.9410828025477707,0.08527872713625316,0.6738195889698231,0.07209949358612178,1.0,0.46496815286624205,0.7086504360292623,Surv-VAE
0.011400004177046985,0.935244161358811,0.06933873107162364,0.630710197710718,0.0685359298199729,1.0,0.5095541401273885,0.6911153098016983,Surv-VAE
0.009121625510209662,0.9442675159235668,0.07482926007021891,0.7037200832466181,0.06288010935113636,2.0,0.445859872611465,0.7131224448219764,Surv-VAE
0.007972426162627817,0.9479830148619958,0.08540226827503515,0.6853082726326744,0.06936602474537942,1.0,0.4585987261146497,0.6872747826221126,Surv-VAE
0.008180867861760059,0.9453290870488322,0.08123748347519615,0.7167533818938606,0.07257090970368764,1.0,0.33121019108280253,0.6919485869562408,Surv-VAE
0.010421786145771925,0.9357749469214438,0.08236480372403392,0.6635861082206035,0.06608759830719949,3.0,0.40764331210191085,0.6995737521196157,Surv-VAE
0.009399463694802193,0.940552016985138,0.08240154997209294,0.6251235691987513,0.06708360932163913,1.0,0.4713375796178344,0.71137129412641,Surv-VAE
0.009538689479649762,0.9384288747346071,0.08611961997352101,0.6440491675338189,0.06805872786907,1.0,0.40764331210191085,0.708900976198514,Surv-VAE
0.008400250441329506,0.9469214437367305,0.07851011411795845,0.6405176899063475,0.06499533519555435,1.0,0.445859872611465,0.7077379038323831,Surv-VAE
0.007588845050991582,0.9453290870488322,0.07768626239542163,0.6808792924037461,0.06912326399621535,2.0,0.4267515923566879,0.6895886009591047,Surv-VAE
0.009436127861344595,0.935244161358811,0.0914224552029223,0.6991415192507804,0.07590474422629602,1.0,0.45222929936305734,0.7267703296393205,Surv-VAE
0.010550191277773152,0.9325902335456476,0.09281677391530237,0.63337994276795,0.07431640535837916,1.0,0.4394904458598726,0.6855747102520119,Surv-VAE
0.009731549970542952,0.9378980891719744,0.07985902588659466,0.6751365764828303,0.06925290773111349,1.0,0.4585987261146497,0.7297229155070194,Surv-VAE
0.008332260769072881,0.9469214437367305,0.07331161772973285,0.6600546305931321,0.06906931696608677,1.0,0.4585987261146497,0.7014312107582684,Surv-VAE
0.009406094942341556,0.9394904458598727,0.09154083376446484,0.6531770291363164,0.07405813242221018,1.0,0.42038216560509556,0.6852219715576057,Surv-VAE
0.007483915380537442,0.9495753715498939,0.07662230044653635,0.6781802809573361,0.07017824176388401,1.0,0.3885350318471338,0.7006809970602064,Surv-VAE
0.009685597342442863,0.9378980891719745,0.08530920848413288,0.6952230749219563,0.07210323656267538,2.0,0.46496815286624205,0.6987767971910651,Surv-VAE
0.010032309232402926,0.944267515923567,0.065912703375104,0.6649323621227887,0.06984841352947015,1.0,0.4585987261146497,0.7305892894268997,Surv-VAE
0.008171000799554302,0.9501061571125268,0.06819565374942138,0.6611147242455775,0.06831978162913008,3.0,0.39490445859872614,0.6820039658176416,Surv-VAE
0.006695626330771076,0.9511677282377918,0.08662231843471063,0.6818808532778355,0.07053537789068386,1.0,0.43312101910828027,0.6872208238830088,Surv-VAE
0.00828328283322295,0.9474522292993631,0.06422737687931142,0.6455124869927159,0.06898601493377723,1.0,0.45222929936305734,0.6823457189065696,Surv-VAE
0.009574120053659069,0.9437367303609342,0.08312364700210131,0.6365569719042664,0.06594240349930647,1.0,0.4394904458598726,0.6850145409183209,Surv-VAE
0.008297216948010253,0.9437367303609342,0.07773242073724261,0.6731659729448491,0.06335498344588057,2.0,0.445859872611465,0.7085154716749003,Surv-VAE
0.008637237544032858,0.942144373673036,0.10086584690147668,0.6888722684703434,0.0731745883765723,1.0,0.4267515923566879,0.7038783941270729,Surv-VAE
0.00946628186569795,0.9373673036093418,0.08052871029086058,0.6833636836628512,0.07173167000882366,1.0,0.4585987261146497,0.7037432489452772,Surv-VAE
0.0063575925375334566,0.9543524416135881,0.08218877341174181,0.6194198751300728,0.0648274821231352,1.0,0.5286624203821656,0.7033687734124956,Surv-VAE
0.008562903651640748,0.9490445859872612,0.06737507264339933,0.5838579604578563,0.06590060092094227,1.0,0.4713375796178344,0.705790671634714,Surv-VAE
0.007816205536389445,0.944267515923567,0.08381987255214497,0.6953238813735692,0.06935551864186011,1.0,0.39490445859872614,0.716571396855028,Surv-VAE
0.00776840938332576,0.9532908704883227,0.06498355387865373,0.6843912591050988,0.08081361138674362,1.0,0.49044585987261147,0.7077131982730586,Surv-VAE
0.009846256398803406,0.9384288747346071,0.06329743600164749,0.5849115504682623,0.09845145866879065,1.0,0.4394904458598726,0.6942912424443819,Surv-VAE
0.008900264958101109,0.940552016985138,0.07783422095597663,0.6635861082206035,0.06992522474931927,1.0,0.49044585987261147,0.7054707773629733,Surv-VAE
0.010563275600843074,0.935244161358811,0.09404160243889996,0.6751690946930281,0.06857633673104983,1.0,0.3821656050955414,0.685863738636411,Surv-VAE
0.009977856914266309,0.9416135881104034,0.06873121218560532,0.6936654526534859,0.06960880252525327,1.0,0.42038216560509556,0.6573321510284998,Surv-VAE
0.007221021332133818,0.9516985138004245,0.09198030137139093,0.6954669614984391,0.07569718023003875,1.0,0.3885350318471338,0.7279667904074377,Surv-VAE
0.009017255105144083,0.9432059447983017,0.0778356763294999,0.6725286160249739,0.07216989722722583,1.0,0.4267515923566879,0.6835463467922341,Surv-VAE
0.007306556081119457,0.945859872611465,0.08291046771801323,0.6650689386056191,0.06488253342123368,1.0,0.43312101910828027,0.687619155759821,Surv-VAE
0.011271289946393315,0.9341825902335458,0.07509618347288692,0.7135600936524453,0.10618609701775823,1.0,0.4140127388535032,0.6977620707105546,Surv-VAE
0.008704258514146464,0.9373673036093418,0.0884311207259865,0.6912916233090531,0.07102936563800391,1.0,0.4394904458598726,0.7103040054115878,Surv-VAE
0.007786666011494514,0.9463906581740975,0.07903762406077249,0.6449531737773153,0.0734582320541007,1.0,0.4585987261146497,0.711541901173366,Surv-VAE
0.007293851519565619,0.951167728237792,0.08790282558245717,0.6434508324661811,0.07153820390642386,1.0,0.445859872611465,0.700182674792383,Surv-VAE
0.007843415919769054,0.951167728237792,0.07507216166680557,0.6190231529656607,0.06679264823999038,2.0,0.4585987261146497,0.6852838216944455,Surv-VAE
0.009529301947076867,0.940552016985138,0.06353172699048991,0.6461433402705515,0.14366624321000818,1.0,0.4394904458598726,0.6939274269969051,Surv-VAE
0.01134315887533096,0.9272823779193207,0.06337392765337796,0.7016063995837669,0.06843019122211823,1.0,0.4012738853503185,0.7123348369852982,Surv-VAE
0.008652003688004006,0.944267515923567,0.07534884538963597,0.6496618106139438,0.06858062848681443,1.0,0.4012738853503185,0.7164635013049417,Surv-VAE
0.008746434131332494,0.9437367303609342,0.08269245518297959,0.6441207075962538,0.07549806696896165,1.0,0.4713375796178344,0.7008336620278217,Surv-VAE
0.010281797738268794,0.9378980891719744,0.06676564291342875,0.6256828824141519,0.12150247565602203,1.0,0.4585987261146497,0.6872111516643757,Surv-VAE
0.008017262716027469,0.9485138004246285,0.08021365338712441,0.6336693548387097,0.06658700310040827,1.0,0.445859872611465,0.6821335279814806,Surv-VAE
0.007021180734264281,0.9516985138004247,0.07592232924099893,0.6342872008324661,0.06686627382302149,1.0,0.4267515923566879,0.7231059671549455,Surv-VAE
0.008290463165294103,0.9416135881104034,0.09132221813791093,0.62855098855359,0.07071809751130469,1.0,0.4140127388535032,0.7226511618207706,Surv-VAE
0.007919468110334544,0.9501061571125264,0.07366546371346737,0.6611212278876171,0.06840993043445051,1.0,0.4267515923566879,0.7178128562024669,Surv-VAE
0.010161465947578954,0.9410828025477707,0.0912057729745558,0.6755918314255983,0.06701631485574208,1.0,0.4140127388535032,0.7438767264425741,Surv-VAE
0.006939398688800668,0.9516985138004247,0.07010453713789754,0.7664249479708638,0.06914133458688015,1.0,0.4267515923566879,0.6889335990196952,Surv-VAE
0.00834947729645383,0.9495753715498939,0.07706189915421682,0.6864594172736732,0.07177710543197884,1.0,0.42038216560509556,0.685176603169496,Surv-VAE
0.010833986599270836,0.935244161358811,0.07230275477342242,0.6639373048907389,0.06989379342959691,1.0,0.4267515923566879,0.7152767348746604,Surv-VAE
0.010110968636438825,0.9442675159235668,0.07306576591298831,0.6036160249739855,0.07819762028888558,1.0,0.5286624203821656,0.6885898419274243,Surv-VAE
0.00700772403110395,0.951167728237792,0.09510245346108737,0.745753121748179,0.07409503131232549,2.0,0.3885350318471338,0.7034637445817711,Surv-VAE
0.009976570460383985,0.9453290870488322,0.07223604005686397,0.5883779916753381,0.06744994093065473,1.0,0.445859872611465,0.687336850021796,Surv-VAE
0.008392853007561814,0.951167728237792,0.074056035492615,0.6096383975026015,0.06916217521476868,1.0,0.46496815286624205,0.7163206033595344,Surv-VAE
0.011307690310017549,0.9320594479830149,0.08471173092668825,0.6651144640998959,0.06962155627581568,1.0,0.4140127388535032,0.693658927511513,Surv-VAE
0.009512650632234611,0.9373673036093417,0.08846492763543883,0.6769510926118627,0.06987248200067975,1.0,0.42038216560509556,0.7085098421211584,Surv-VAE
0.008781306534342342,0.9437367303609342,0.0769461104941788,0.6623699271592092,0.06859818840321696,1.0,0.4267515923566879,0.6988690739437904,Surv-VAE
0.009569275401134003,0.9400212314225054,0.0876086106058431,0.6966116024973985,0.07342370483297071,2.0,0.4012738853503185,0.6758217302498338,Surv-VAE
0.008994362633542271,0.9447983014861996,0.07930484541025387,0.6495545005202914,0.06800211946278173,1.0,0.4585987261146497,0.6945050159206277,Surv-VAE
0.010217936152973136,0.9378980891719747,0.05857061939181627,0.6471709157127992,0.06520918867701786,1.0,0.4968152866242038,0.6988382735957575,Surv-VAE
0.009598381147348532,0.9368365180467091,0.07901988086681624,0.6638267429760666,0.06746178794021979,1.0,0.4585987261146497,0.6916976399396427,Surv-VAE
0.009752553239593538,0.9400212314225054,0.06446958475626226,0.6379357440166494,0.06413945302105926,3.0,0.445859872611465,0.7099050075614879,Surv-VAE
0.011343529069064473,0.9315286624203822,0.07866215658480491,0.6696670135275754,0.07282046052371649,1.0,0.4012738853503185,0.7029386960532648,Surv-VAE
0.009012991619897694,0.9453290870488323,0.0748736237566328,0.67144901144641,0.07356068679975934,1.0,0.445859872611465,0.6812257473772505,Surv-VAE
0.007931451492791697,0.9485138004246285,0.0868380560036831,0.6228928199791882,0.06893134568481343,2.0,0.39490445859872614,0.7108087681632257,Surv-VAE
0.008761840483725815,0.9474522292993631,0.07848939798360759,0.6552159209157128,0.0645314269204572,2.0,0.43312101910828027,0.6921863504687933,Surv-VAE
0.010161655031336278,0.9363057324840764,0.07037805616445333,0.6301834027055151,0.06579528023153879,1.0,0.5222929936305732,0.7223696753088081,Surv-VAE
0.007924693253403762,0.9463906581740975,0.07765394222528736,0.6592156607700312,0.06550876761017711,2.0,0.47770700636942676,0.6973067581345357,Surv-VAE
0.00781388442624946,0.9485138004246284,0.08039364809205889,0.6325052029136315,0.06888996289839391,4.0,0.4713375796178344,0.6754817267927946,Surv-VAE
0.008224497848244456,0.9432059447983016,0.08805270762508907,0.6742130593132154,0.07602354124261522,1.0,0.43312101910828027,0.6800265963297952,Surv-VAE
0.007383409605314202,0.9532908704883226,0.07257823759134856,0.5852757544224765,0.06757512701353591,1.0,0.4713375796178344,0.7269336791659324,Surv-VAE
0.007380675750382012,0.9469214437367305,0.07963207797175058,0.6594758064516129,0.06322084732726405,1.0,0.43312101910828027,0.706168780216832,Surv-VAE
0.0073878588420599745,0.9479830148619959,0.08033634429653645,0.6365634755463059,0.07285504338294851,2.0,0.445859872611465,0.6833402782552267,Surv-VAE
0.009507239629555084,0.9458598726114649,0.07307154629615764,0.6887356919875129,0.07149101763506052,1.0,0.40764331210191085,0.7003434262414854,Surv-VAE
0.0067239143338454965,0.951167728237792,0.08443306525320655,0.6331230489073881,0.07396477509429884,1.0,0.39490445859872614,0.663807253405061,Surv-VAE
0.007418258297355308,0.9485138004246285,0.06858334721893153,0.6594823100936524,0.06898036244289205,1.0,0.42038216560509556,0.725114597309377,Surv-VAE
0.009132022627697134,0.9437367303609342,0.07044742609435867,0.6828563995837669,0.06832934189023863,1.0,0.4840764331210191,0.7062620735672591,Surv-VAE
0.007180629207909884,0.9495753715498939,0.07442441528132547,0.6567377731529657,0.06747779392184515,2.0,0.4585987261146497,0.6995887445974703,Surv-VAE
0.009275506413897445,0.9437367303609342,0.0753061245266034,0.6675533298647244,0.06445201608119486,3.0,0.39490445859872614,0.7210315832496411,Surv-VAE
0.008357675662252567,0.9495753715498938,0.0806926319194515,0.6788956815816857,0.06942486426593421,1.0,0.46496815286624205,0.6976580415463759,Surv-VAE
0.007956307257764613,0.9516985138004245,0.0670370142101496,0.5851847034339229,0.062425822220220605,1.0,0.46496815286624205,0.7175590185878751,Surv-VAE
0.009130769180282416,0.9426751592356689,0.0728870253082462,0.6907973465140478,0.06415970055099011,3.0,0.4585987261146497,0.7163146495318403,Surv-VAE
0.006043549875108456,0.9559447983014863,0.07433754895349452,0.6613293444328824,0.06989858243540233,1.0,0.4585987261146497,0.7048163172300863,Surv-VAE
0.007482096406945045,0.9453290870488323,0.07578931643004662,0.6808467741935483,0.06864266253365718,1.0,0.3885350318471338,0.7087392261349238,Surv-VAE
0.0076693176264658785,0.945859872611465,0.08149726106418666,0.7109521331945889,0.0717474677585089,1.0,0.4140127388535032,0.7257773559730746,Surv-VAE
0.008908955672498598,0.9447983014861995,0.07898159954231321,0.620369406867846,0.07193880708419263,1.0,0.45222929936305734,0.701868631440887,Surv-VAE
0.008330273424978883,0.9474522292993631,0.07675260454526606,0.6676443808532777,0.07065453203587385,1.0,0.4585987261146497,0.7286504253557878,Surv-VAE
0.007942573097362945,0.9506369426751592,0.05340463733408565,0.6138332466181061,0.08972392212145,1.0,0.47770700636942676,0.7340978368641562,Surv-VAE
0.006276931494848326,0.9570063694267517,0.07194873185621024,0.6302809573361082,0.06659043715685377,1.0,0.45222929936305734,0.7279728572190425,Surv-VAE
0.010404899987797183,0.9336518046709129,0.07654127716245597,0.7145356399583767,0.1353067928729413,1.0,0.3821656050955414,0.7385592939061729,Surv-VAE
0.009088869508609492,0.9416135881104033,0.0857209379168938,0.6095343392299688,0.07123958657129169,2.0,0.45222929936305734,0.6925113670514295,Surv-VAE
0.008848324663030609,0.9453290870488323,0.07107773618148061,0.6422834287200833,0.10478607251049413,1.0,0.445859872611465,0.6877528758962401,Surv-VAE
0.00970466430868526,0.9463906581740976,0.06981077063410279,0.6492650884495317,0.09893630624900045,1.0,0.49044585987261147,0.7063851291567442,Surv-VAE
0.008511055235244971,0.9410828025477708,0.08877352870309953,0.68039802289282,0.07274071591026363,1.0,0.445859872611465,0.6982961543207648,Surv-VAE
0.009846973570468107,0.940552016985138,0.0686770886753642,0.6076612903225806,0.10942217129357452,1.0,0.4267515923566879,0.697304182794532,Surv-VAE
0.009869228330675977,0.9363057324840763,0.09647121114163199,0.6558272632674298,0.06724847190917535,1.0,0.39490445859872614,0.7165169778125989,Surv-VAE
0.009028088171934423,0.9426751592356689,0.08804080704511542,0.6510535900104059,0.06911243495083014,1.0,0.42038216560509556,0.7073439746595729,Surv-VAE
0.008576981057070797,0.9453290870488323,0.08744965129652083,0.66150494276795,0.0649158951721417,3.0,0.46496815286624205,0.7106365795032065,Surv-VAE
0.009289809070804688,0.9447983014861995,0.0714023952125097,0.621292924037461,0.06916917526950268,1.0,0.4968152866242038,0.6980226673939697,Surv-VAE
0.00882941001389945,0.944267515923567,0.06869059944740231,0.6762877211238293,0.07392104123878925,1.0,0.3821656050955414,0.6977726717163255,Surv-VAE
0.010182016916657695,0.9447983014861997,0.06730211656292846,0.5819849115504683,0.06456192263614297,3.0,0.4968152866242038,0.6987932916096239,Surv-VAE
0.014616244578236357,0.9219745222929937,0.060947397674388296,0.5571865244536941,0.20781565905037416,3.0,0.47770700636942676,0.7538863682198795,HI-VAE_weibull_diffusion
0.015273399834168583,0.9225053078556265,0.03963216990944601,0.5345798647242456,0.18083887339822202,2.0,0.4968152866242038,0.7650158753734901,HI-VAE_weibull_diffusion
0.012526405942266117,0.9288747346072187,0.049192425967397785,0.5289216961498439,0.24273882722625242,4.0,0.45222929936305734,0.7524993205726599,HI-VAE_weibull_diffusion
0.015202544248094542,0.9230360934182591,0.03606531683397511,0.6044419875130073,0.2805507116594458,2.0,0.47770700636942676,0.7563141975133915,HI-VAE_weibull_diffusion
0.016194740008350358,0.9150743099787686,0.054810048959156296,0.580567117585848,0.18222252616938567,1.0,0.4394904458598726,0.7761136608800819,HI-VAE_weibull_diffusion
0.016280542444047873,0.9203821656050954,0.050997331420072844,0.5327393340270551,0.2003918315171337,1.0,0.47770700636942676,0.7626569730046913,HI-VAE_weibull_diffusion
0.013109810982185189,0.9331210191082803,0.045246244039219015,0.5770486472424559,0.26678324059059416,1.0,0.4968152866242038,0.7600646652900352,HI-VAE_weibull_diffusion
0.012205904434583999,0.9341825902335458,0.0557956992420768,0.5309898543184183,0.17623245582631322,2.0,0.46496815286624205,0.7528772722161096,HI-VAE_weibull_diffusion
0.014584843489184913,0.928343949044586,0.03466197575929007,0.5570824661810614,0.2232178079722398,3.0,0.46496815286624205,0.7748082403831503,HI-VAE_weibull_diffusion
0.014529842456545714,0.9177282377919321,0.03900279551718013,0.5688605619146723,0.2193470867583418,2.0,0.49044585987261147,0.7473994503346202,HI-VAE_weibull_diffusion
0.015719965932939332,0.9219745222929937,0.04880136124988404,0.5828173777315296,0.1838315153171149,5.0,0.4394904458598726,0.7569124868786103,HI-VAE_weibull_diffusion
0.013891602480087473,0.9341825902335456,0.04642574021099381,0.5946735171696149,0.21987614476532302,4.0,0.47770700636942676,0.7794490442154808,HI-VAE_weibull_diffusion
0.012419408356946807,0.9400212314225054,0.04527701641867923,0.5306451612903226,0.184501605169711,5.0,0.42038216560509556,0.7699580136596613,HI-VAE_weibull_diffusion
0.013809360161520583,0.9347133757961784,0.06830190384676783,0.5826938085327783,0.21474534590788572,3.0,0.4585987261146497,0.7675684464572288,HI-VAE_weibull_diffusion
0.014771952449461355,0.9246284501061571,0.04111711461614545,0.564106399583767,0.22038471118982425,3.0,0.45222929936305734,0.7779677560638119,HI-VAE_weibull_diffusion
0.014335208102271691,0.9251592356687898,0.0405605411664186,0.5113228407908428,0.3464546884421847,2.0,0.46496815286624205,0.7968788822990024,HI-VAE_weibull_diffusion
0.014824724369873215,0.9256900212314226,0.02958321564180893,0.5288956815816859,0.2069677798086572,1.0,0.4840764331210191,0.7581261841589081,HI-VAE_weibull_diffusion
0.013795205696810598,0.9272823779193207,0.04266778792475833,0.5914542143600416,0.24072067030776947,3.0,0.4394904458598726,0.7447175240080396,HI-VAE_weibull_diffusion
0.015169642486306457,0.9235668789808918,0.0524257162672183,0.6175078043704474,0.2426911919662192,4.0,0.4394904458598726,0.7570686490125794,HI-VAE_weibull_diffusion
0.013974598671755455,0.9294055201698513,0.03860312208192117,0.5287526014568158,0.16416834568448568,2.0,0.4968152866242038,0.7580137651627618,HI-VAE_weibull_diffusion
0.01602901521692194,0.9156050955414012,0.03438891776270356,0.613251170655567,0.21178552567235107,3.0,0.445859872611465,0.7844457200650552,HI-VAE_weibull_diffusion
0.013983289720671949,0.9256900212314226,0.026635306225626317,0.5160249739854319,0.2738768432600593,2.0,0.4585987261146497,0.7599450770142402,HI-VAE_weibull_diffusion
0.015106616573014308,0.9171974522292995,0.05461120492706782,0.560113163371488,0.24374643464292742,3.0,0.535031847133758,0.7800104313814334,HI-VAE_weibull_diffusion
0.013885434995761115,0.9278131634819533,0.05132566356671224,0.5427029136316337,0.21121313570132957,3.0,0.4267515923566879,0.7457311377415682,HI-VAE_weibull_diffusion
0.015428806512101658,0.923036093418259,0.06721247611835866,0.6203498959417274,0.2028840534815984,3.0,0.3885350318471338,0.783857908011207,HI-VAE_weibull_diffusion
0.013030850841412275,0.9347133757961784,0.023638241002961927,0.5177874609781478,0.2593853814859648,1.0,0.5286624203821656,0.7724601259689178,HI-VAE_weibull_diffusion
0.014526451864858144,0.9198513800424628,0.059092775076055655,0.5606204474505723,0.29363449891295984,3.0,0.42038216560509556,0.7657667868488685,HI-VAE_weibull_diffusion
0.013852789762021594,0.9320594479830149,0.04394019828044854,0.633578303850156,0.24662267740530594,2.0,0.5159235668789809,0.7593222695074597,HI-VAE_weibull_diffusion
0.015159730429401552,0.9193205944798302,0.0542598136501529,0.5654656607700312,0.2686181773404059,2.0,0.4840764331210191,0.7606480967980729,HI-VAE_weibull_diffusion
0.015823954852733704,0.9166666666666666,0.030573761299131627,0.6120967741935484,0.20642531977815243,2.0,0.47770700636942676,0.7789035699111733,HI-VAE_weibull_diffusion
0.015259451776659374,0.9219745222929937,0.02830045268398999,0.5297281477627471,0.18947296954392073,2.0,0.4394904458598726,0.7647722899379938,HI-VAE_weibull_diffusion
0.01498202874781863,0.9209129511677282,0.058508616570660185,0.5608090530697191,0.2580279478136769,1.0,0.5031847133757962,0.7627343164158408,HI-VAE_weibull_diffusion
0.01434043345304657,0.9256900212314226,0.03170573177485988,0.561901664932362,0.32010079437537253,1.0,0.4585987261146497,0.7590078089494361,HI-VAE_weibull_diffusion
0.014725183105856542,0.9240976645435245,0.03997635586665292,0.5421370967741935,0.21898886276319557,2.0,0.5095541401273885,0.7600011212505473,HI-VAE_weibull_diffusion
0.014602380689118219,0.9214437367303611,0.04689187441204186,0.5416948491155046,0.28784978753490714,3.0,0.4394904458598726,0.7619802657177497,HI-VAE_weibull_diffusion
0.014319800676578398,0.9246284501061571,0.0502179473112378,0.5337604058272633,0.37857017383394803,3.0,0.4140127388535032,0.7614597805482215,HI-VAE_weibull_diffusion
0.014517053931109013,0.9240976645435245,0.03160599883701191,0.6000650364203954,0.17099358636067272,2.0,0.5031847133757962,0.7798810709614595,HI-VAE_weibull_diffusion
0.01505222215900943,0.9272823779193207,0.042174952965372985,0.5513007284079083,0.24660581138042084,1.0,0.49044585987261147,0.7709681826845217,HI-VAE_weibull_diffusion
0.018406130936248467,0.910828025477707,0.03018446905937954,0.5675533298647242,0.22369542982279683,2.0,0.4012738853503185,0.7881612757205329,HI-VAE_weibull_diffusion
0.015494227622310675,0.9171974522292993,0.026801665102510502,0.5326352757544225,0.18920897442969617,2.0,0.47770700636942676,0.7590134344210131,HI-VAE_weibull_diffusion
0.015498309653774021,0.9240976645435244,0.023582843076257777,0.5304370447450573,0.23782582737611427,2.0,0.445859872611465,0.7624404463730063,HI-VAE_weibull_diffusion
0.01630162613018206,0.9171974522292995,0.04025061260833938,0.593340270551509,0.2629113987835393,2.0,0.47770700636942676,0.7498369187297553,HI-VAE_weibull_diffusion
0.014311894225776604,0.9256900212314224,0.06919918590048982,0.5657193028095733,0.31193898672412523,3.0,0.42038216560509556,0.7753626309258919,HI-VAE_weibull_diffusion
0.014463163209213316,0.9230360934182591,0.035410120083954416,0.5804890738813736,0.19657065870704968,1.0,0.4840764331210191,0.7726468556639701,HI-VAE_weibull_diffusion
0.014439112155675712,0.9299363057324842,0.04906970186286715,0.5811459417273673,0.19691554987628965,2.0,0.4840764331210191,0.7675539701248245,HI-VAE_weibull_diffusion
0.015455420071547347,0.9283439490445861,0.055695638412370276,0.5571995317377731,0.25203782495790705,2.0,0.4968152866242038,0.7589073896164247,HI-VAE_weibull_diffusion
0.018255989142884208,0.9087048832271764,0.037708578724154514,0.5591311134235173,0.21314134782265926,1.0,0.5159235668789809,0.7673094687405828,HI-VAE_weibull_diffusion
0.016934488587957177,0.9134819532908706,0.049411440780255125,0.6291818418314256,0.1723041875014688,2.0,0.47770700636942676,0.7667000878562116,HI-VAE_weibull_diffusion
0.014851006044682404,0.9230360934182591,0.06550875329500798,0.5269445889698232,0.39596540456082235,3.0,0.4968152866242038,0.7392061359982733,HI-VAE_weibull_diffusion
0.013306993151145391,0.9341825902335458,0.03938182242344961,0.5046631113423518,0.22041930787536276,4.0,0.5286624203821656,0.7564673967674439,HI-VAE_weibull_diffusion
0.013500313819142585,0.9299363057324842,0.06273135988580775,0.6522047346514048,0.2793547015718152,3.0,0.4840764331210191,0.7777095433605494,HI-VAE_weibull_diffusion
0.015015288409383086,0.9203821656050956,0.05544031230370121,0.5339620187304891,0.1647594490737846,3.0,0.4140127388535032,0.7517039527630833,HI-VAE_weibull_diffusion
0.015353944720277438,0.9182590233545649,0.04293371838535784,0.588508064516129,0.27587305949404295,2.0,0.5222929936305732,0.759103850103395,HI-VAE_weibull_diffusion
0.01627008654182838,0.9203821656050956,0.0522539588221522,0.5716246097814776,0.3041260743783957,4.0,0.4840764331210191,0.7761773705944488,HI-VAE_weibull_diffusion
0.013259427897041121,0.9309978768577496,0.03194282159058946,0.5447060353798128,0.2651492638611129,3.0,0.4140127388535032,0.7876004061413747,HI-VAE_weibull_diffusion
0.013127385644087169,0.9315286624203821,0.061733556168467076,0.5249739854318418,0.2616020696376635,1.0,0.5286624203821656,0.7824212593565909,HI-VAE_weibull_diffusion
0.01524391034260735,0.9225053078556263,0.039633985853566644,0.5677744536940686,0.20469628769202647,3.0,0.40764331210191085,0.7600513064411727,HI-VAE_weibull_diffusion
0.013148290778409268,0.9357749469214438,0.05480072679809302,0.45942377731529654,0.21308477636416365,2.0,0.4713375796178344,0.756835421075164,HI-VAE_weibull_diffusion
0.01268376045410177,0.9272823779193206,0.05109058734080484,0.5825507284079084,0.3566951218869658,2.0,0.4713375796178344,0.7648541189284189,HI-VAE_weibull_diffusion
0.014721961294205202,0.9225053078556263,0.04823205531495382,0.5566922476586889,0.20798472950025026,2.0,0.4394904458598726,0.7675215743003049,HI-VAE_weibull_diffusion
0.015318496101025925,0.9187898089171974,0.033717887734936995,0.5726456815816858,0.3009351795286803,4.0,0.4713375796178344,0.7608982043956036,HI-VAE_weibull_diffusion
0.013905720461790673,0.9240976645435244,0.027515852832556933,0.5624739854318419,0.24612715695434417,2.0,0.445859872611465,0.7612662050095,HI-VAE_weibull_diffusion
0.0151616708076752,0.9219745222929937,0.049851897081613986,0.5911420395421436,0.18412298143601774,3.0,0.4968152866242038,0.7708364040684705,HI-VAE_weibull_diffusion
0.015713071848200935,0.9177282377919321,0.032609544489554,0.5723204994797086,0.20420904044338556,3.0,0.4585987261146497,0.7611322082641832,HI-VAE_weibull_diffusion
0.012584699898875479,0.9320594479830148,0.03916781991166741,0.5338774713839751,0.19528495141460464,3.0,0.43312101910828027,0.770414276611487,HI-VAE_weibull_diffusion
0.013751306268843274,0.9198513800424628,0.05100199522873742,0.5598335067637878,0.1975321815423026,1.0,0.43312101910828027,0.7680301248713316,HI-VAE_weibull_diffusion
0.016247368924504204,0.9193205944798302,0.0573072614134535,0.5672996878251821,0.22412920569331482,2.0,0.49044585987261147,0.7718596179424927,HI-VAE_weibull_diffusion
0.015922392777877038,0.9219745222929937,0.056626307386507334,0.4966246097814776,0.2851485359896814,4.0,0.43312101910828027,0.7486400985558566,HI-VAE_weibull_diffusion
0.013585358488878813,0.9278131634819533,0.03844554522721408,0.5840790842872008,0.20925989497821876,1.0,0.47770700636942676,0.7750887621154905,HI-VAE_weibull_diffusion
0.01614786528185062,0.9182590233545648,0.06607942395956103,0.5014080385015609,0.16389072363907384,2.0,0.43312101910828027,0.7590797168724461,HI-VAE_weibull_diffusion
0.015362856654494784,0.9214437367303611,0.05980147121168848,0.6278030697190428,0.24930763439519582,4.0,0.45222929936305734,0.7766339457576076,HI-VAE_weibull_diffusion
0.014963020361940116,0.9267515923566879,0.06218549757796329,0.5813150364203954,0.2492700523825261,2.0,0.49044585987261147,0.7383288598031019,HI-VAE_weibull_diffusion
0.01453211865443992,0.9272823779193207,0.04293267230667678,0.5493561394380854,0.20223440726897085,4.0,0.5159235668789809,0.777423676043548,HI-VAE_weibull_diffusion
0.011891400719933417,0.9426751592356687,0.04623267038041067,0.4937825182101977,0.21284364137276082,3.0,0.535031847133758,0.7677415028704528,HI-VAE_weibull_diffusion
0.013841086745298282,0.9251592356687898,0.06982003741385202,0.5923517169614984,0.20255953236949134,3.0,0.4394904458598726,0.7622336755253923,HI-VAE_weibull_diffusion
0.013568957808475175,0.9278131634819533,0.03619474348645225,0.5722684703433922,0.24646451017496399,3.0,0.445859872611465,0.7587164559983114,HI-VAE_weibull_diffusion
0.013238996318166961,0.9288747346072187,0.035556237770670546,0.6204084287200833,0.3524180295696154,2.0,0.40764331210191085,0.7593826323700343,HI-VAE_weibull_diffusion
0.014256263324810593,0.9331210191082803,0.04630144845950812,0.5595538501560874,0.31640333069188303,3.0,0.4585987261146497,0.7770574163564277,HI-VAE_weibull_diffusion
0.015035220089170945,0.9219745222929935,0.03272315736834043,0.6007739334027056,0.12166336623457195,3.0,0.4394904458598726,0.7705976811972899,HI-VAE_weibull_diffusion
0.013200406848746743,0.9336518046709129,0.046554273851025944,0.492501300728408,0.2848991777802741,4.0,0.5414012738853503,0.774199443658643,HI-VAE_weibull_diffusion
0.01497679539417666,0.92515923566879,0.054735648303514364,0.5639308012486993,0.23758398438621844,3.0,0.3821656050955414,0.7739182281105719,HI-VAE_weibull_diffusion
0.012704421496453677,0.9315286624203822,0.031509323801858724,0.4910184703433923,0.1506663629955805,2.0,0.5095541401273885,0.7694768168935278,HI-VAE_weibull_diffusion
0.013228089147394184,0.9309978768577495,0.032496714539554626,0.5757934443288241,0.1853034754148262,1.0,0.445859872611465,0.7716965120489965,HI-VAE_weibull_diffusion
0.014422396731880081,0.9309978768577496,0.04609932224651452,0.568593912591051,0.36844883347959884,2.0,0.445859872611465,0.750435219318082,HI-VAE_weibull_diffusion
0.014043210467142906,0.9288747346072187,0.04197698120005606,0.4874349635796046,0.20205294366971172,4.0,0.4840764331210191,0.7768650354056259,HI-VAE_weibull_diffusion
0.014589355105335754,0.923036093418259,0.03600233600313699,0.5666103017689907,0.21899749016044967,2.0,0.4585987261146497,0.7716597768572897,HI-VAE_weibull_diffusion
0.013321810353477145,0.9309978768577496,0.0548972982873579,0.5321149843912591,0.3463624523646145,3.0,0.47770700636942676,0.7608231942021092,HI-VAE_weibull_diffusion
0.01334185388344021,0.923036093418259,0.050772949057760614,0.5908883975026014,0.2673150638005198,1.0,0.4585987261146497,0.776361064935301,HI-VAE_weibull_diffusion
0.013531705226611233,0.9304670912951168,0.027308038785714556,0.5511316337148803,0.2828372039923616,3.0,0.5095541401273885,0.7486324460315734,HI-VAE_weibull_diffusion
0.014409386781042982,0.9272823779193206,0.038279656739490533,0.6046891259105098,0.29863566344548653,4.0,0.4140127388535032,0.7634572424148852,HI-VAE_weibull_diffusion
0.016325319015342923,0.9214437367303611,0.05753156670055429,0.6075052029136316,0.2764444759185453,5.0,0.4585987261146497,0.7587999846610888,HI-VAE_weibull_diffusion
0.011869071122268501,0.9299363057324842,0.0350399154103187,0.506263007284079,0.2751313445199489,2.0,0.4394904458598726,0.7520473774134842,HI-VAE_weibull_diffusion
0.018131465423118793,0.914543524416136,0.06213117242649853,0.6195304370447452,0.259147572982626,3.0,0.40764331210191085,0.7481427116155219,HI-VAE_weibull_diffusion
0.014439819179376971,0.9294055201698513,0.05276898819910518,0.5428655046826223,0.2539821942019792,5.0,0.4840764331210191,0.7445711565743638,HI-VAE_weibull_diffusion
0.01361828221724748,0.9309978768577496,0.05304769590257695,0.5616415192507804,0.26449459667624015,1.0,0.4585987261146497,0.7751659113156611,HI-VAE_weibull_diffusion
0.014353473235475735,0.9320594479830149,0.030652624459962738,0.4956750780437044,0.2387210779590119,2.0,0.43312101910828027,0.7619935999611582,HI-VAE_weibull_diffusion
0.011462154017246089,0.9378980891719745,0.0320205114214995,0.5726521852237253,0.19015025087282272,2.0,0.47770700636942676,0.7679894348419262,HI-VAE_weibull_diffusion
0.014478536406067185,0.9320594479830149,0.04862555665564581,0.5324206555671176,0.29854807040241854,2.0,0.4394904458598726,0.746987677813045,HI-VAE_weibull_diffusion
0.011905164469353543,0.9357749469214437,0.03764962913168936,0.5886966701352758,0.08303404647749808,3.0,0.42038216560509556,0.7617784118232587,HI-VAE_weibull_diffusion
0.012901344769771303,0.9209129511677284,0.04812702980338404,0.6390673777315297,0.25821854190339316,2.0,0.4140127388535032,0.7781892533564558,HI-VAE_weibull_diffusion
0.012806323012601187,0.929936305732484,0.03390307640688702,0.5172411550468261,0.24027317062703157,1.0,0.5159235668789809,0.7463348421480399,HI-VAE_weibull_diffusion
0.01586500755730762,0.9177282377919321,0.045710893544010686,0.5090140478668054,0.10629551895386072,1.0,0.46496815286624205,0.7641668057868318,HI-VAE_weibull_diffusion
0.012478998523226837,0.9373673036093418,0.04508300545004538,0.5116545265348595,0.19927105250643307,2.0,0.5159235668789809,0.7763184524251973,HI-VAE_weibull_diffusion
0.013004122517524594,0.9315286624203821,0.03458418989888237,0.4705645161290322,0.15392401047935492,2.0,0.4394904458598726,0.7498983884214946,HI-VAE_weibull_diffusion
0.010969077809328707,0.9394904458598727,0.04162972540885755,0.4752341311134235,0.2708613718240153,2.0,0.47770700636942676,0.7767644452650591,HI-VAE_weibull_diffusion
0.015806632729145394,0.9187898089171975,0.03579354508776367,0.541974505723205,0.2491369664956006,2.0,0.46496815286624205,0.7509799830243533,HI-VAE_weibull_diffusion
0.014519978720337263,0.9267515923566879,0.05049211457829762,0.545824661810614,0.17050020890958148,2.0,0.4713375796178344,0.7673571926462776,HI-VAE_weibull_diffusion
0.01383831775142638,0.9315286624203822,0.02940237417420639,0.6372918834547348,0.2998005428205097,2.0,0.46496815286624205,0.7783228730009316,HI-VAE_weibull_diffusion
0.012822969810396477,0.9363057324840764,0.032631148672491804,0.5954604578563996,0.25652340089478465,2.0,0.4968152866242038,0.7508483863084326,HI-VAE_weibull_diffusion
0.016049568398826496,0.9187898089171975,0.04361140120762071,0.5380137877211238,0.14093077102756665,2.0,0.43312101910828027,0.7484260395862408,HI-VAE_weibull_diffusion
0.013773414990089106,0.9283439490445861,0.05470266824481999,0.5937760145681581,0.18962426365282187,1.0,0.45222929936305734,0.7598022255632966,HI-VAE_weibull_diffusion
0.01524583122235102,0.924628450106157,0.028776412764929805,0.5333506763787721,0.16239993429833782,1.0,0.49044585987261147,0.7528440086159801,HI-VAE_weibull_diffusion
0.013287694689121879,0.9225053078556263,0.04202406793620857,0.5366350156087408,0.3112512606474559,3.0,0.4840764331210191,0.7395406932426837,HI-VAE_weibull_diffusion
0.014591727113306278,0.9235668789808917,0.046754331525459,0.534176638917794,0.3070532563340958,2.0,0.46496815286624205,0.7613849838739423,HI-VAE_weibull_diffusion
0.014947976108604759,0.9304670912951168,0.04221536273498177,0.5656802809573361,0.19823519690933034,4.0,0.5095541401273885,0.7496855185357542,HI-VAE_weibull_diffusion
0.014986187394255222,0.9256900212314224,0.03154920032943035,0.5135600936524454,0.2065492254496275,3.0,0.49044585987261147,0.7641394035414322,HI-VAE_weibull_diffusion
0.014112763903255126,0.9193205944798302,0.027551175039412807,0.5737252861602498,0.22084877545528897,2.0,0.445859872611465,0.7703411339624758,HI-VAE_weibull_diffusion
0.01637032679994632,0.9177282377919321,0.0692946977673553,0.6161550468262227,0.2378452661309459,1.0,0.4713375796178344,0.7704323799785254,HI-VAE_weibull_diffusion
0.014363747158546339,0.9240976645435245,0.04121072788619284,0.6392494797086368,0.309129964482236,2.0,0.4840764331210191,0.7730750197840925,HI-VAE_weibull_diffusion
0.015023085450395561,0.9171974522292993,0.036410309698552516,0.6079149323621229,0.283319349453185,3.0,0.4585987261146497,0.772337744925882,HI-VAE_weibull_diffusion
0.014913482943508487,0.9225053078556261,0.04564318399706624,0.5557036940686784,0.16500805188001041,3.0,0.5222929936305732,0.7707224939800302,HI-VAE_weibull_diffusion
0.016830005742881834,0.9193205944798302,0.05080112660111688,0.5419810093652445,0.28465744262979664,2.0,0.47770700636942676,0.7690540908303328,HI-VAE_weibull_diffusion
0.013043615014728756,0.9309978768577495,0.035476760715281885,0.5491024973985432,0.22524877231179785,3.0,0.45222929936305734,0.7751467252894884,HI-VAE_weibull_diffusion
0.013721095127790033,0.9256900212314224,0.052623158176186825,0.5964815296566077,0.21188265812196455,2.0,0.45222929936305734,0.7540405080119337,HI-VAE_weibull_diffusion
0.01645996228950321,0.9193205944798303,0.03215420079441921,0.607258064516129,0.2095914652643096,4.0,0.4713375796178344,0.7549566387811556,HI-VAE_weibull_diffusion
0.01466197766725026,0.926220806794055,0.05304550972562346,0.5462864203954215,0.37147605695359476,2.0,0.42038216560509556,0.7629264309383882,HI-VAE_weibull_diffusion
0.0126814612722519,0.9347133757961784,0.039347604661849084,0.5018665452653486,0.2643596729681493,2.0,0.46496815286624205,0.7589279914785289,HI-VAE_weibull_diffusion
0.01333103044536936,0.9278131634819534,0.049893171199926985,0.526931581685744,0.2068954346460295,2.0,0.4394904458598726,0.7630109711458399,HI-VAE_weibull_diffusion
0.016765963301197846,0.9150743099787686,0.05087058655203963,0.5959482310093652,0.32020093991601917,2.0,0.47770700636942676,0.7655279857709956,HI-VAE_weibull_diffusion
0.011657492182167882,0.940552016985138,0.047874762080604455,0.5516844432882413,0.3518495521836548,4.0,0.4713375796178344,0.773680342919666,HI-VAE_weibull_diffusion
0.013939189642054664,0.926751592356688,0.04365717029140851,0.5320109261186264,0.22405951346156883,4.0,0.4713375796178344,0.7564915071576889,HI-VAE_weibull_diffusion
0.015802876544279365,0.9150743099787685,0.03203002386881399,0.5893990634755463,0.19269904763572968,3.0,0.46496815286624205,0.7380610945357217,HI-VAE_weibull_diffusion
0.015794978833934215,0.9187898089171975,0.04261700191876502,0.5592286680541102,0.2554760659217237,2.0,0.40764331210191085,0.7624816090829906,HI-VAE_weibull_diffusion
0.013820727794658344,0.9251592356687898,0.038398421776155614,0.5864984391259105,0.21402356409355783,2.0,0.4840764331210191,0.7649591870825969,HI-VAE_weibull_diffusion
0.015448126859591196,0.9209129511677282,0.041639806696450864,0.5995772632674298,0.19137729590541933,1.0,0.43312101910828027,0.7670317922287112,HI-VAE_weibull_diffusion
0.014601138163917423,0.9294055201698513,0.06615190918511929,0.5822125390218522,0.22369569188965668,2.0,0.43312101910828027,0.7930596588662557,HI-VAE_weibull_diffusion
0.016713296122004857,0.9097664543524416,0.03671834559015548,0.6059378251821019,0.23525479492243365,3.0,0.4713375796178344,0.7589569810730727,HI-VAE_weibull_diffusion
0.014451484937190007,0.9272823779193207,0.06217994776202815,0.638592611862643,0.2562623572527656,2.0,0.47770700636942676,0.7594745142325948,HI-VAE_weibull_diffusion
0.015708147983348544,0.9219745222929938,0.029574877295726297,0.5500260145681581,0.2059610282357221,2.0,0.45222929936305734,0.749067972943958,HI-VAE_weibull_diffusion
0.015658868770787277,0.9193205944798302,0.04723955288898573,0.5855098855359001,0.23743130613394783,1.0,0.42038216560509556,0.7702014894676448,HI-VAE_weibull_diffusion
0.015802967906225943,0.9225053078556265,0.038529702799182976,0.530098855359001,0.2706990754796322,5.0,0.535031847133758,0.780788411843035,HI-VAE_weibull_diffusion
0.014512312918633113,0.9198513800424628,0.020207272106722622,0.5140023413111343,0.275225706921296,3.0,0.40764331210191085,0.7807834289925847,HI-VAE_weibull_diffusion
0.013998035747630965,0.9320594479830148,0.04249244065473649,0.5744536940686784,0.2649166325016846,2.0,0.4585987261146497,0.7707235584095277,HI-VAE_weibull_diffusion
0.014322086554088268,0.9288747346072187,0.04029105877914055,0.5423061914672217,0.2915663232026975,2.0,0.4968152866242038,0.7757002174069628,HI-VAE_weibull_diffusion
0.01614980365217639,0.9193205944798302,0.05872779070585584,0.5924622788761706,0.24898480955240238,4.0,0.4267515923566879,0.7698258186626826,HI-VAE_weibull_diffusion
0.015936554998523346,0.9219745222929937,0.05860520593558627,0.5123959417273674,0.3120793048497272,2.0,0.45222929936305734,0.764477109272394,HI-VAE_weibull_diffusion
0.015148655771906766,0.9325902335456475,0.04548596982915941,0.5226066597294484,0.2487097982932221,4.0,0.47770700636942676,0.7798459026712004,HI-VAE_weibull_diffusion
0.014876180123644068,0.9214437367303611,0.032832901453073646,0.5459872528616024,0.1976189884834802,4.0,0.4585987261146497,0.7471702446333847,HI-VAE_weibull_diffusion
0.014179875831549157,0.9278131634819533,0.03231926258432255,0.5185548907388138,0.27410430018318666,3.0,0.4713375796178344,0.7628697307059137,HI-VAE_weibull_diffusion
0.01653929097395984,0.9140127388535032,0.04105126701743295,0.5505788241415193,0.14480150723147361,1.0,0.4713375796178344,0.7678283765622747,HI-VAE_weibull_diffusion
0.014088613804428295,0.9294055201698516,0.04067330086967734,0.5723660249739855,0.30959509858784595,1.0,0.4012738853503185,0.7433093358283291,HI-VAE_weibull_diffusion
0.015034703371153835,0.9294055201698513,0.042565986271531596,0.49540842872008317,0.10200065239963076,4.0,0.4267515923566879,0.7566876655144814,HI-VAE_weibull_diffusion
0.01602860153242918,0.924628450106157,0.05283827600490925,0.5494211758584807,0.17825553964207017,2.0,0.5286624203821656,0.7820747616320732,HI-VAE_weibull_diffusion
0.016000979652993914,0.9182590233545648,0.05769862442165974,0.5914932362122788,0.1524302695216585,1.0,0.4585987261146497,0.7676879641428718,HI-VAE_weibull_diffusion
0.015452212453470546,0.9272823779193206,0.03741303444477239,0.5349375650364204,0.16881840120340955,3.0,0.5222929936305732,0.770535011120804,HI-VAE_weibull_diffusion
0.01552375499149948,0.9150743099787686,0.03798251674955605,0.6038306451612903,0.21249097536979972,4.0,0.445859872611465,0.7682380541735062,HI-VAE_weibull_diffusion
0.012956505002202662,0.9304670912951166,0.041873830954324884,0.5106724765868887,0.3211114251551359,1.0,0.47770700636942676,0.760380833872527,HI-VAE_weibull_diffusion
0.012883205701149208,0.9347133757961784,0.03592207513821891,0.5641194068678459,0.2898614557913019,3.0,0.40764331210191085,0.7639484406947474,HI-VAE_weibull_diffusion
0.014379094598476659,0.9256900212314226,0.03642295535089625,0.5862513007284078,0.2037595716916426,4.0,0.4713375796178344,0.7593526991113132,HI-VAE_weibull_diffusion
0.015141352611297757,0.9156050955414012,0.03508975743551103,0.5576482830385016,0.07956799116802649,2.0,0.4968152866242038,0.7335848617926116,HI-VAE_weibull_diffusion
0.015102265811716349,0.9256900212314226,0.06038339417574489,0.5756893860561915,0.2700866043414521,1.0,0.4585987261146497,0.7497976745814553,HI-VAE_weibull_diffusion
0.015620586330299642,0.9134819532908706,0.03152427853163553,0.5709027055150885,0.16963468763106912,3.0,0.46496815286624205,0.7476742847758686,HI-VAE_weibull_diffusion
0.014650164919210102,0.9246284501061571,0.043807081112031174,0.5890738813735692,0.23478588228733172,2.0,0.4012738853503185,0.7751448133489676,HI-VAE_weibull_diffusion
0.016232639984914924,0.9145435244161358,0.044414657634678514,0.5503056711758585,0.20947507993537645,3.0,0.5031847133757962,0.761065102497352,HI-VAE_weibull_diffusion
0.013841003946417034,0.9251592356687898,0.041742014452739444,0.5528811134235172,0.2717369113156394,3.0,0.45222929936305734,0.7618108973981808,HI-VAE_weibull_diffusion
0.015624268468916513,0.9240976645435245,0.038532056925408405,0.5540387617065556,0.19896372995918082,2.0,0.4394904458598726,0.7623430758188415,HI-VAE_weibull_diffusion
0.013159067458230972,0.9320594479830149,0.02756993083850845,0.5659859521331947,0.15624748524883955,2.0,0.4585987261146497,0.7540016134995953,HI-VAE_weibull_diffusion
0.01602794321571026,0.9193205944798302,0.046539129674455594,0.6377731529656607,0.3223778645166247,2.0,0.445859872611465,0.7753605429505599,HI-VAE_weibull_diffusion
0.015478334802177383,0.9246284501061571,0.046717861872389674,0.5550533298647242,0.16312701730810042,1.0,0.4713375796178344,0.7477130598938865,HI-VAE_weibull_diffusion
0.015264872967347564,0.92515923566879,0.04688298837574885,0.5203954214360041,0.28932692250056374,1.0,0.5159235668789809,0.7802709263213407,HI-VAE_weibull_diffusion
0.011764709658957638,0.9294055201698513,0.04512928408384502,0.5598725286160249,0.2796453019594234,2.0,0.43312101910828027,0.7666499245165842,HI-VAE_weibull_diffusion
0.013925810828936694,0.9267515923566879,0.04144608626477111,0.6017754942767949,0.16059288927314225,1.0,0.4840764331210191,0.7596025212296683,HI-VAE_weibull_diffusion
0.008732712423942485,0.9538216560509554,0.04252615285729022,0.47590400624349627,0.3127585561629474,3.0,0.4968152866242038,0.7489783365845457,HI-VAE_weibull_diffusion
0.015049935863286415,0.9230360934182592,0.035774543256142155,0.6151729968782519,0.258479866167336,3.0,0.4585987261146497,0.7688372792494276,HI-VAE_weibull_diffusion
0.013348168469958606,0.9283439490445861,0.0423117927641126,0.5169680020811654,0.1862955755177666,3.0,0.45222929936305734,0.7647226125895671,HI-VAE_weibull_diffusion
0.013667206541388819,0.9325902335456475,0.02639092937667324,0.5468262226847034,0.1360596505621121,3.0,0.49044585987261147,0.7624619596353014,HI-VAE_weibull_diffusion
0.014407228447396484,0.9299363057324842,0.04882315006071236,0.5071279916753382,0.36859354122190635,3.0,0.5031847133757962,0.7608803043301761,HI-VAE_weibull_diffusion
0.012838237387322544,0.9378980891719747,0.04177966002063491,0.5212669094693029,0.16759204673366812,3.0,0.5286624203821656,0.7535172527090953,HI-VAE_weibull_diffusion
0.015115559078868239,0.9225053078556263,0.04803197927817899,0.5618301248699272,0.25436554817289114,3.0,0.4713375796178344,0.763393019931557,HI-VAE_weibull_diffusion
0.015718596203982162,0.914543524416136,0.0372893301336857,0.5992390738813735,0.26589786067758986,3.0,0.42038216560509556,0.784425231769733,HI-VAE_weibull_diffusion
0.014601938462287585,0.9262208067940553,0.027476172536585054,0.5571930280957336,0.20310176009944597,2.0,0.4840764331210191,0.7678879404671514,HI-VAE_weibull_diffusion
0.014468809687549385,0.928343949044586,0.04770359041403787,0.5536290322580645,0.28150384305510456,2.0,0.43312101910828027,0.7682987644348318,HI-VAE_weibull_diffusion
0.015140833152073485,0.9225053078556265,0.07301142768475512,0.6123569198751301,0.2823177897072651,1.0,0.4585987261146497,0.7513124635036698,HI-VAE_weibull_diffusion
0.016605098786413485,0.9124203821656051,0.03400327887601313,0.5434183142559833,0.2211608844084953,3.0,0.4394904458598726,0.7674628083819073,HI-VAE_weibull_diffusion
0.013887988728647443,0.9267515923566879,0.05905433275712634,0.5713579604578565,0.24182075500418565,3.0,0.4394904458598726,0.7656395551950357,HI-VAE_weibull_diffusion
0.013621759360579926,0.9341825902335458,0.027305397452746384,0.5693938605619147,0.25617571742478223,3.0,0.4713375796178344,0.755523798915533,HI-VAE_weibull_diffusion
0.014907921108675518,0.9235668789808917,0.042652498788391134,0.6408753902185224,0.2891797998831701,2.0,0.445859872611465,0.7685782861351469,HI-VAE_weibull_diffusion
0.01611006224679775,0.9182590233545649,0.0544934645277201,0.6120512486992716,0.3636405704273526,1.0,0.4140127388535032,0.7624184202147674,HI-VAE_weibull_diffusion
0.013343005516010692,0.935244161358811,0.03320547958432506,0.4710457856399584,0.18767333896883154,2.0,0.5095541401273885,0.7681366925196902,HI-VAE_weibull_diffusion
0.013936494212436713,0.9262208067940553,0.04094514605482122,0.5577913631633715,0.22070168168318358,3.0,0.4840764331210191,0.7710084477162393,HI-VAE_weibull_diffusion
0.014317995359975985,0.9304670912951166,0.024330768887600187,0.5903941207075962,0.2764778376871493,2.0,0.4394904458598726,0.7564008331861256,HI-VAE_weibull_diffusion
0.014119452926899229,0.9267515923566879,0.05938697510697289,0.5127341311134236,0.2295384967745536,2.0,0.5031847133757962,0.7588607591934294,HI-VAE_weibull_diffusion
0.01457852409873013,0.9209129511677282,0.048401281369684884,0.5355489073881373,0.31725412481508836,3.0,0.4713375796178344,0.7644174439364709,HI-VAE_weibull_diffusion
0.013156220057160486,0.9336518046709131,0.0615558697811543,0.5293054110301768,0.20383298497075805,5.0,0.535031847133758,0.739311250803687,HI-VAE_weibull_diffusion
0.014200834076549693,0.9225053078556265,0.034455774080274205,0.6392885015608741,0.20831152627369626,3.0,0.43312101910828027,0.7774385704742938,HI-VAE_weibull_diffusion
0.014920588206033925,0.9331210191082803,0.039569839181342,0.4877471383975026,0.1779625409286845,2.0,0.4713375796178344,0.7632555065236705,HI-VAE_weibull_diffusion
0.016156418735018465,0.9187898089171975,0.056771195603058454,0.5212669094693029,0.13327652133937312,2.0,0.40764331210191085,0.7677384360977071,HI-VAE_weibull_diffusion
0.013819296210715912,0.9294055201698513,0.059783936682401326,0.5535217221644121,0.3226068619685826,3.0,0.3885350318471338,0.7515405174659631,HI-VAE_weibull_diffusion
0.014308051339597892,0.926751592356688,0.04737944103919795,0.639034859521332,0.21972401289929325,2.0,0.4713375796178344,0.769860660434224,HI-VAE_weibull_diffusion
0.014866899129837144,0.9256900212314226,0.03698799833034809,0.5346253902185223,0.18947980566791828,2.0,0.4394904458598726,0.7834083756429298,HI-VAE_weibull_diffusion
0.0307389952801702,0.8513800424628452,0.05030671415397812,0.7734716441207076,0.2861252343493572,2.0,0.47770700636942676,0.8045001184213507,HI-VAE_piecewise_diffusion
0.030436974904357705,0.8630573248407644,0.044436966358836316,0.771819719042664,0.08946022105346246,2.0,0.49044585987261147,0.7930865230894597,HI-VAE_piecewise_diffusion
0.03262261783038875,0.8434182590233545,0.044052481042802016,0.78380593132154,0.18986355852990108,2.0,0.46496815286624205,0.773340465444902,HI-VAE_piecewise_diffusion
0.03045632676331413,0.8625265392781317,0.04848346858763128,0.765894901144641,0.22839164691040117,1.0,0.4968152866242038,0.7865161980311086,HI-VAE_piecewise_diffusion
0.033721304230850145,0.8386411889596603,0.0464853717259884,0.8019640998959418,0.3323997109468079,2.0,0.445859872611465,0.7937821395239355,HI-VAE_piecewise_diffusion
0.02923383976853876,0.8651804670912951,0.04367874369083195,0.7365699791883455,0.1281556035491305,1.0,0.4840764331210191,0.7853740212506907,HI-VAE_piecewise_diffusion
0.03314046832242309,0.8508492569002123,0.0391788985435927,0.7283038501560873,0.20665137333832398,1.0,0.5095541401273885,0.7716500742258976,HI-VAE_piecewise_diffusion
0.03309685432934096,0.8481953290870489,0.07463731222447804,0.7731204474505724,0.20477794658097054,1.0,0.46496815286624205,0.7906780460600908,HI-VAE_piecewise_diffusion
0.03288036418103881,0.8460721868365181,0.046649176305502055,0.7510535900104058,0.11349427717180866,3.0,0.5095541401273885,0.7891955570906805,HI-VAE_piecewise_diffusion
0.03194297833028537,0.8540339702760087,0.03787252999254247,0.794218262226847,0.10009475102668876,1.0,0.4713375796178344,0.7856714680404541,HI-VAE_piecewise_diffusion
0.031034999034720196,0.851380042462845,0.037151791044979614,0.7992976066597295,0.14345713970451932,1.0,0.42038216560509556,0.7990847803749369,HI-VAE_piecewise_diffusion
0.03205780223274481,0.8545647558386413,0.04138931957130808,0.7804045265348595,0.09915230678657386,2.0,0.4968152866242038,0.8017872724347094,HI-VAE_piecewise_diffusion
0.02972305138513213,0.8641188959660298,0.0430875634901519,0.7611277315296566,0.07598849540884525,3.0,0.4713375796178344,0.7941761532394666,HI-VAE_piecewise_diffusion
0.03257766913220709,0.8423566878980893,0.05971131970306705,0.788579604578564,0.14326866730359836,1.0,0.4713375796178344,0.7791178479207398,HI-VAE_piecewise_diffusion
0.033289077205067,0.8519108280254777,0.03671628693829728,0.7528876170655566,0.09939175260149435,2.0,0.4713375796178344,0.7925438165214624,HI-VAE_piecewise_diffusion
0.03282639637178994,0.8444798301486198,0.03478946183614876,0.7777055150884495,0.11311617279424192,3.0,0.46496815286624205,0.7799909014715504,HI-VAE_piecewise_diffusion
0.03325601894379431,0.8455414012738854,0.061152631506251415,0.7832075962539022,0.17485767906395863,1.0,0.445859872611465,0.7982582212150029,HI-VAE_piecewise_diffusion
0.03318142881602682,0.8434182590233545,0.04430158982615717,0.7653355879292403,0.08412753043320288,2.0,0.46496815286624205,0.810454986217748,HI-VAE_piecewise_diffusion
0.032866639186167744,0.8492569002123141,0.045856647161285596,0.750240634755463,0.10959953868408435,5.0,0.4267515923566879,0.8116768110789818,HI-VAE_piecewise_diffusion
0.03407926779253818,0.8402335456475586,0.053146183007826385,0.7776144640998959,0.15129724574624573,1.0,0.5159235668789809,0.793100941365963,HI-VAE_piecewise_diffusion
0.030651931584105344,0.8561571125265393,0.04108895747975022,0.6782323100936525,0.20205312338351783,1.0,0.5159235668789809,0.7934815659983205,HI-VAE_piecewise_diffusion
0.03416278826798239,0.8471337579617835,0.04457706931829778,0.751476326742976,0.1722959682396145,1.0,0.535031847133758,0.7953087031651979,HI-VAE_piecewise_diffusion
0.03322199422239707,0.8444798301486199,0.06271109135554159,0.7511706555671175,0.18221371225515978,1.0,0.4840764331210191,0.789143507780396,HI-VAE_piecewise_diffusion
0.030650221629767733,0.855095541401274,0.05528976117794682,0.780469562955255,0.2889835648157739,2.0,0.4968152866242038,0.7866616913447799,HI-VAE_piecewise_diffusion
0.030216270856424577,0.8614649681528662,0.03074317862645183,0.769829604578564,0.2186790836641438,1.0,0.4968152866242038,0.7982644479812842,HI-VAE_piecewise_diffusion
0.032094312605121335,0.851380042462845,0.0683648401972642,0.7422931841831425,0.1888946150720234,1.0,0.4713375796178344,0.7981587136820039,HI-VAE_piecewise_diffusion
0.03295233139856472,0.8513800424628449,0.04312936011189255,0.7684703433922996,0.18785498910488246,1.0,0.46496815286624205,0.7823865081613408,HI-VAE_piecewise_diffusion
0.032854200428081994,0.8450106157112526,0.0562517180159452,0.7723270031217482,0.1366674542265885,1.0,0.49044585987261147,0.7931664401555062,HI-VAE_piecewise_diffusion
0.030990101802717013,0.8524416135881104,0.0434926102442484,0.7270616545265348,0.10425458637143481,3.0,0.4713375796178344,0.7829959552432845,HI-VAE_piecewise_diffusion
0.030775036177143573,0.8545647558386413,0.06845297674484244,0.7882154006243496,0.20453776783573824,2.0,0.5095541401273885,0.7973533699051301,HI-VAE_piecewise_diffusion
0.03170766349983756,0.8572186836518046,0.030910746182309226,0.7682427159209158,0.10521304108267712,3.0,0.4840764331210191,0.8061181967681946,HI-VAE_piecewise_diffusion
0.033709852235870606,0.8434182590233545,0.04117266993729318,0.8093002081165453,0.16185951318871622,1.0,0.5031847133757962,0.7790321932388605,HI-VAE_piecewise_diffusion
0.033010439163718173,0.8550955414012739,0.032947015806261526,0.7833376690946929,0.3108174848841287,2.0,0.45222929936305734,0.7864932667631291,HI-VAE_piecewise_diffusion
0.0330774101897045,0.8508492569002124,0.059507248721171406,0.7694719042663892,0.1752534726967768,1.0,0.5031847133757962,0.7927714481589684,HI-VAE_piecewise_diffusion
0.03216598997179571,0.8550955414012739,0.0476679955561087,0.7306646722164412,0.15097936419985858,2.0,0.4267515923566879,0.7990322345050803,HI-VAE_piecewise_diffusion
0.03360028523821859,0.8487261146496815,0.046026170288483,0.7991870447450572,0.16414072060881524,2.0,0.4968152866242038,0.7835457016983497,HI-VAE_piecewise_diffusion
0.0365084020181859,0.833864118895966,0.033334452966318096,0.7781087408949011,0.20006106317143865,1.0,0.4968152866242038,0.7859941504063174,HI-VAE_piecewise_diffusion
0.03145921501170305,0.8545647558386413,0.044760847313419776,0.8012291883454734,0.21949096218971925,2.0,0.4394904458598726,0.7801172048655558,HI-VAE_piecewise_diffusion
0.030389377991973787,0.8630573248407644,0.029572934634503254,0.7708246618106139,0.09370166058228516,3.0,0.47770700636942676,0.7832276182210492,HI-VAE_piecewise_diffusion
0.03212766094869457,0.8566878980891719,0.028721067955588042,0.7946149843912591,0.10572911162411942,3.0,0.43312101910828027,0.779691339599775,HI-VAE_piecewise_diffusion
0.030150461331962596,0.8582802547770702,0.055861637919234805,0.763651144640999,0.1419670923211999,2.0,0.4267515923566879,0.8032144916254707,HI-VAE_piecewise_diffusion
0.03257236221087174,0.8508492569002124,0.04662213958394342,0.7760080645161291,0.08026566170750882,3.0,0.5095541401273885,0.7753159341793887,HI-VAE_piecewise_diffusion
0.0314324595329024,0.8535031847133759,0.0387193389269942,0.7237382934443287,0.10385279492678913,3.0,0.4713375796178344,0.7803112049526217,HI-VAE_piecewise_diffusion
0.03321912186957356,0.8450106157112526,0.05729823294103061,0.7696995317377733,0.25771304220619395,2.0,0.42038216560509556,0.7982855538269857,HI-VAE_piecewise_diffusion
0.03190373545744569,0.8545647558386413,0.03380119146222321,0.8442442767950051,0.1666550795257913,1.0,0.5159235668789809,0.7798210000249735,HI-VAE_piecewise_diffusion
0.03021099444626654,0.8614649681528662,0.04184997524147057,0.7674037460978148,0.24178409302499015,1.0,0.47770700636942676,0.7736704633668979,HI-VAE_piecewise_diffusion
0.03343401344176058,0.8450106157112526,0.03852701732214385,0.7385731009365244,0.0911984972292299,4.0,0.4394904458598726,0.7589690008653864,HI-VAE_piecewise_diffusion
0.03392455956326502,0.8476645435244162,0.040472487038540714,0.7551899063475547,0.08510136389513313,2.0,0.4840764331210191,0.7739871047408572,HI-VAE_piecewise_diffusion
0.03445208441341192,0.837579617834395,0.06819813399476253,0.7782258064516128,0.08306246048704222,5.0,0.4267515923566879,0.7696670933257539,HI-VAE_piecewise_diffusion
0.033339595231045877,0.8481953290870489,0.05741187577539171,0.8261836628511965,0.19672963296250054,1.0,0.49044585987261147,0.7958091790931089,HI-VAE_piecewise_diffusion
0.03405372863965578,0.8375796178343949,0.0557306621110576,0.7779591571279917,0.23634756313836922,2.0,0.4394904458598726,0.7899562945048568,HI-VAE_piecewise_diffusion
0.030811374292825155,0.8609341825902336,0.03606141951762797,0.7647437565036419,0.20922287016912375,1.0,0.46496815286624205,0.7733992594491748,HI-VAE_piecewise_diffusion
0.02948675572536295,0.8662420382165604,0.047403472440220376,0.739971383975026,0.2361703568369492,2.0,0.445859872611465,0.7833389699641239,HI-VAE_piecewise_diffusion
0.03161297709534724,0.8466029723991508,0.07049082646136903,0.6959157127991675,0.2308027576786976,1.0,0.4840764331210191,0.7793592923275441,HI-VAE_piecewise_diffusion
0.03264965588638682,0.8535031847133759,0.04622765088509954,0.7689971383975026,0.16798843548898315,1.0,0.5031847133757962,0.7864006126600942,HI-VAE_piecewise_diffusion
0.034238081868248844,0.8487261146496815,0.05823168659280513,0.7826742976066597,0.10249345003114776,3.0,0.4968152866242038,0.7883806278981594,HI-VAE_piecewise_diffusion
0.03256026796883177,0.8497876857749471,0.05631392110344479,0.736732570239334,0.23199912537295808,3.0,0.535031847133758,0.7748965547440895,HI-VAE_piecewise_diffusion
0.03312208868290179,0.8428874734607219,0.06299646244411601,0.8119406867845994,0.25072164175204426,1.0,0.4267515923566879,0.7867621503201704,HI-VAE_piecewise_diffusion
0.029176936438975978,0.8625265392781317,0.05685774068324951,0.7709157127991675,0.09937237270953812,3.0,0.4585987261146497,0.7963086731605666,HI-VAE_piecewise_diffusion
0.029407245135894534,0.8641188959660298,0.0451450718031636,0.7696084807492195,0.08466108619911855,3.0,0.49044585987261147,0.790692588440432,HI-VAE_piecewise_diffusion
0.03013888199598841,0.8641188959660298,0.043720657526455986,0.7401209677419354,0.3412909031841851,1.0,0.4713375796178344,0.7715787939813973,HI-VAE_piecewise_diffusion
0.03079117268384472,0.856687898089172,0.04363515443995317,0.7551964099895941,0.10041240311765467,4.0,0.46496815286624205,0.8018520041734706,HI-VAE_piecewise_diffusion
0.0319883326284979,0.851380042462845,0.0680425783874785,0.7885340790842872,0.23811696085568507,2.0,0.4968152866242038,0.7920405290590031,HI-VAE_piecewise_diffusion
0.03026462083324311,0.8566878980891719,0.04676308997697582,0.7575182101977107,0.18773473554909453,1.0,0.5159235668789809,0.7907721885222512,HI-VAE_piecewise_diffusion
0.032595582835844725,0.849787685774947,0.0402349323562713,0.8057687304890739,0.07839518804432682,1.0,0.45222929936305734,0.7865131635610849,HI-VAE_piecewise_diffusion
0.03203777540784441,0.8481953290870489,0.059727434799581744,0.7608285639958376,0.08873382334534018,1.0,0.42038216560509556,0.7714067680107293,HI-VAE_piecewise_diffusion
0.030773210537845708,0.8593418259023355,0.04661036004471036,0.7576808012486993,0.1374071657780287,1.0,0.4394904458598726,0.7921869637917122,HI-VAE_piecewise_diffusion
0.032964402053921434,0.8418259023354566,0.06508484623009883,0.7945499479708636,0.10582723380335378,3.0,0.4840764331210191,0.8151673124185012,HI-VAE_piecewise_diffusion
0.030147256498299652,0.863588110403397,0.049071778648156636,0.7391194068678459,0.22218447769521998,1.0,0.5987261146496815,0.771876527866498,HI-VAE_piecewise_diffusion
0.03317681281892725,0.8412951167728239,0.038443486763344505,0.6991350156087409,0.23572716286558615,1.0,0.49044585987261147,0.7724844249235986,HI-VAE_piecewise_diffusion
0.033079410755293304,0.8434182590233547,0.06248997202838153,0.7514698231009365,0.1055864179674881,3.0,0.42038216560509556,0.792030402880576,HI-VAE_piecewise_diffusion
0.03433622865641778,0.8439490445859873,0.03749972795871879,0.8207271071800208,0.09437815002313742,3.0,0.42038216560509556,0.8031254205453718,HI-VAE_piecewise_diffusion
0.03587908082671016,0.8381104033970277,0.05712704382928301,0.781347554630593,0.0944382214727653,3.0,0.49044585987261147,0.788827321435617,HI-VAE_piecewise_diffusion
0.02979760186009589,0.8641188959660298,0.03302556309418134,0.7531152445369407,0.0866363839441184,2.0,0.4713375796178344,0.7848494147147997,HI-VAE_piecewise_diffusion
0.0334462125938177,0.8444798301486199,0.04140002942856884,0.738280437044745,0.24199984252112355,1.0,0.4585987261146497,0.8008522261046322,HI-VAE_piecewise_diffusion
0.03223521398429841,0.8487261146496817,0.0655698473156053,0.7421826222684704,0.0905857995038393,1.0,0.4968152866242038,0.792895480327605,HI-VAE_piecewise_diffusion
0.033706086722736756,0.8423566878980893,0.05420148432190458,0.7549817898022894,0.09947586875189221,1.0,0.5159235668789809,0.8125608901927008,HI-VAE_piecewise_diffusion
0.035787723460895766,0.8285562632696392,0.07998520879885368,0.7932167013527576,0.20665017626509447,1.0,0.5222929936305732,0.8017463224097678,HI-VAE_piecewise_diffusion
0.03188590267928256,0.8513800424628449,0.05609008423398461,0.7975026014568158,0.21494450570994955,2.0,0.49044585987261147,0.7875734394205497,HI-VAE_piecewise_diffusion
0.032188082037680484,0.8497876857749468,0.04609390174777461,0.8037395941727367,0.19313739804682287,1.0,0.5031847133757962,0.7927120400178737,HI-VAE_piecewise_diffusion
0.03275907983109432,0.8492569002123141,0.04078517590775947,0.7743691467221644,0.19146662444110135,2.0,0.5095541401273885,0.7966643470892647,HI-VAE_piecewise_diffusion
0.031152127579473467,0.8535031847133759,0.04494364901058483,0.7709677419354839,0.16226812125616955,1.0,0.5095541401273885,0.8064658052574112,HI-VAE_piecewise_diffusion
0.029518687534479324,0.8625265392781317,0.04203720500162117,0.7439516129032258,0.2248110458558167,1.0,0.43312101910828027,0.781952887366273,HI-VAE_piecewise_diffusion
0.027835326939890815,0.8710191082802549,0.03826201735383157,0.6718977627471384,0.21502718310170935,2.0,0.4267515923566879,0.7942283037727809,HI-VAE_piecewise_diffusion
0.032586908571485676,0.8508492569002123,0.04761733900396851,0.7719042663891779,0.14671771858305796,1.0,0.47770700636942676,0.802764722230851,HI-VAE_piecewise_diffusion
0.034260515984390304,0.8386411889596603,0.02566329032109508,0.8090303069719041,0.09632228082538802,2.0,0.39490445859872614,0.8097410298832164,HI-VAE_piecewise_diffusion
0.03456539367872421,0.8328025477707008,0.06496519865069317,0.809118106139438,0.2395302983800962,2.0,0.5031847133757962,0.7904429770297431,HI-VAE_piecewise_diffusion
0.0310196716590531,0.8572186836518046,0.038126196749401216,0.7860626951092612,0.1925638506784814,2.0,0.4585987261146497,0.7915983154572842,HI-VAE_piecewise_diffusion
0.0299301766972897,0.8593418259023354,0.05113520423378272,0.7498113943808532,0.2436410161132288,2.0,0.45222929936305734,0.8015565942142404,HI-VAE_piecewise_diffusion
0.03287653583693277,0.8524416135881104,0.04069394174188004,0.7832726326742976,0.0849924905288415,3.0,0.445859872611465,0.7838416427941737,HI-VAE_piecewise_diffusion
0.03149280554399959,0.8561571125265394,0.04537385817307645,0.7615569719042663,0.12737804547404236,1.0,0.4267515923566879,0.7892812182513821,HI-VAE_piecewise_diffusion
0.03392751528572916,0.8476645435244162,0.0293775215531113,0.7683792924037463,0.24877732521583462,2.0,0.45222929936305734,0.7727118359087977,HI-VAE_piecewise_diffusion
0.029508843027510976,0.8619957537154991,0.0395955070224553,0.7575377211238293,0.18449606810770025,1.0,0.5414012738853503,0.7936926064999331,HI-VAE_piecewise_diffusion
0.032357541538810375,0.8556263269639066,0.04749136977078341,0.7370577523413111,0.18027085426637163,1.0,0.5031847133757962,0.7982258255560573,HI-VAE_piecewise_diffusion
0.033694128606169105,0.8492569002123144,0.03831726973621833,0.7821930280957335,0.09945045865343488,5.0,0.445859872611465,0.785873857413949,HI-VAE_piecewise_diffusion
0.030493092018752926,0.856687898089172,0.03506074577230798,0.7528030697190427,0.2074369411611989,3.0,0.4713375796178344,0.7913692892155273,HI-VAE_piecewise_diffusion
0.0321945273077703,0.8481953290870488,0.0650447849424588,0.764984391259105,0.20694150752690008,1.0,0.4394904458598726,0.7715943799817037,HI-VAE_piecewise_diffusion
0.03167577936517844,0.8561571125265393,0.02737203989119829,0.7868561394380853,0.19708022695606653,1.0,0.47770700636942676,0.8047014975036779,HI-VAE_piecewise_diffusion
0.029468853574596776,0.8609341825902336,0.023940231828805413,0.7643990634755464,0.23517978568778447,1.0,0.5222929936305732,0.8119208598555016,HI-VAE_piecewise_diffusion
0.03048895514653593,0.8604033970276008,0.031974610453299204,0.7598790322580645,0.08738217113500324,4.0,0.47770700636942676,0.7937291510479315,HI-VAE_piecewise_diffusion
0.03100186845617862,0.8588110403397028,0.04918774247666293,0.7952718522372528,0.18879361537131903,1.0,0.46496815286624205,0.7974938326568733,HI-VAE_piecewise_diffusion
0.03422525580312739,0.8455414012738854,0.028063653692032467,0.7987447970863684,0.09187704189498855,2.0,0.4968152866242038,0.7936894800611516,HI-VAE_piecewise_diffusion
0.03150389208802371,0.855095541401274,0.07082179552739688,0.7566272112382936,0.09713641553604911,2.0,0.4968152866242038,0.7841156205334617,HI-VAE_piecewise_diffusion
0.031067716640752818,0.8508492569002123,0.04797613906636133,0.8129292403746098,0.17279875302944875,1.0,0.47770700636942676,0.7940915466807087,HI-VAE_piecewise_diffusion
0.03277484115685051,0.8513800424628449,0.06025943492325588,0.8180671175858482,0.21632762136352182,2.0,0.4713375796178344,0.8007058627431953,HI-VAE_piecewise_diffusion
0.03309969242894689,0.8460721868365181,0.05379627069264881,0.8289802289281998,0.16917638446293884,1.0,0.4713375796178344,0.7986049371059977,HI-VAE_piecewise_diffusion
0.03231054521791609,0.8481953290870488,0.058851605987815185,0.7850676378772111,0.22046845535658782,1.0,0.4713375796178344,0.7991408052680351,HI-VAE_piecewise_diffusion
0.03489467287488233,0.8412951167728236,0.05149418649447708,0.7338969823100936,0.0969005602383778,5.0,0.49044585987261147,0.7955538639883524,HI-VAE_piecewise_diffusion
0.03183534349888398,0.8492569002123141,0.0355152058401569,0.7642104578563995,0.2353762586099939,1.0,0.49044585987261147,0.7846508828366956,HI-VAE_piecewise_diffusion
0.030965616467677242,0.8582802547770699,0.044715018305604495,0.7291883454734652,0.2477538457512441,1.0,0.4585987261146497,0.7974328991961991,HI-VAE_piecewise_diffusion
0.029861203810363408,0.8662420382165607,0.05642561192188103,0.7848400104058273,0.09837128806450295,2.0,0.5286624203821656,0.7798947968111428,HI-VAE_piecewise_diffusion
0.03482203720876885,0.8402335456475584,0.057137437544082466,0.7807752341311134,0.155606646518593,1.0,0.4968152866242038,0.7819324978318551,HI-VAE_piecewise_diffusion
0.0355279620404892,0.8381104033970277,0.07001513599127535,0.802757544224766,0.1917200871595301,2.0,0.47770700636942676,0.7941935637063747,HI-VAE_piecewise_diffusion
0.032271596842329935,0.8492569002123141,0.04122090997544622,0.7815816857440167,0.2110939273805822,1.0,0.445859872611465,0.8050130483738057,HI-VAE_piecewise_diffusion
0.03233713599105665,0.8466029723991507,0.05396581866006831,0.7739659209157128,0.2925568363955236,1.0,0.45222929936305734,0.7893243786353602,HI-VAE_piecewise_diffusion
0.033521300615636455,0.8455414012738856,0.0651112656563701,0.7882999479708637,0.17159028254022693,1.0,0.4394904458598726,0.7896297292832026,HI-VAE_piecewise_diffusion
0.03167812392208136,0.856687898089172,0.035513083008492125,0.7457726326742977,0.145388962978626,1.0,0.5159235668789809,0.7850253783419194,HI-VAE_piecewise_diffusion
0.030397243890299058,0.8641188959660298,0.032698561233283956,0.7381828824141519,0.09352536448922076,6.0,0.49044585987261147,0.7883365552863343,HI-VAE_piecewise_diffusion
0.03204311679478653,0.8439490445859873,0.042869963523419805,0.7697060353798127,0.07710734257993748,2.0,0.5095541401273885,0.8100587895872084,HI-VAE_piecewise_diffusion
0.03237313646440402,0.8497876857749468,0.03368229853423249,0.7769640998959417,0.2507564227775244,2.0,0.4840764331210191,0.7835281128604331,HI-VAE_piecewise_diffusion
0.03230829800711812,0.8540339702760084,0.03605853356900778,0.7472944849115506,0.1900001111688751,1.0,0.4713375796178344,0.7819255000424039,HI-VAE_piecewise_diffusion
0.030301094608686848,0.8561571125265393,0.047124360193256457,0.7980944328824142,0.3270418014327644,3.0,0.5031847133757962,0.7806825318558819,HI-VAE_piecewise_diffusion
0.031714534092061986,0.8529723991507433,0.055103569954995095,0.7623894380853278,0.19520084622631637,2.0,0.46496815286624205,0.7669998181129848,HI-VAE_piecewise_diffusion
0.03296000995638652,0.8423566878980893,0.05962280921753958,0.8025754422476586,0.0868312268077042,1.0,0.47770700636942676,0.7779947703102832,HI-VAE_piecewise_diffusion
0.032144135955381674,0.8556263269639066,0.047618441913587516,0.7870772632674298,0.2690866410773106,1.0,0.40764331210191085,0.7784359731342706,HI-VAE_piecewise_diffusion
0.033101705101107375,0.8524416135881103,0.05640808951408797,0.7877016129032258,0.09182680539603834,2.0,0.46496815286624205,0.780523654369763,HI-VAE_piecewise_diffusion
0.03122099940466778,0.856687898089172,0.048991991858440796,0.7295785639958375,0.08900336888065424,2.0,0.49044585987261147,0.8018755208152876,HI-VAE_piecewise_diffusion
0.034002237400507306,0.8450106157112526,0.0374201224091774,0.7899973985431842,0.09144293869080852,3.0,0.4968152866242038,0.8003225486759856,HI-VAE_piecewise_diffusion
0.03212132727766179,0.8508492569002123,0.03369984377525566,0.7669614984391259,0.22770893141397125,1.0,0.4140127388535032,0.7993826305387524,HI-VAE_piecewise_diffusion
0.03318962668234182,0.8466029723991508,0.0535013102561515,0.7798972424557752,0.09436317760153826,3.0,0.42038216560509556,0.8031239145532023,HI-VAE_piecewise_diffusion
0.027815189092512117,0.867303609341826,0.03643819693265292,0.7409989594172737,0.15016923803643253,2.0,0.46496815286624205,0.777592419160823,HI-VAE_piecewise_diffusion
0.03300826031497093,0.8566878980891719,0.0325434544540214,0.765355098855359,0.07348867667793849,3.0,0.5031847133757962,0.7942811361196404,HI-VAE_piecewise_diffusion
0.03416768780949938,0.8428874734607219,0.04226000735732189,0.7414997398543184,0.11429217707901002,3.0,0.40764331210191085,0.7929565045802366,HI-VAE_piecewise_diffusion
0.03282458559274076,0.8428874734607219,0.0949941369114872,0.8331880853277834,0.17502613598497477,2.0,0.46496815286624205,0.8038743728030087,HI-VAE_piecewise_diffusion
0.02943160028499303,0.8614649681528664,0.044358734973342875,0.7724050468262227,0.20107838646495677,1.0,0.5668789808917197,0.796403038995652,HI-VAE_piecewise_diffusion
0.031349887494703195,0.8556263269639066,0.04692827390442853,0.7388592611862643,0.10679648455959545,1.0,0.445859872611465,0.8088879136892538,HI-VAE_piecewise_diffusion
0.02885636420955522,0.8662420382165604,0.04874464413428366,0.7314386056191468,0.09820275403304057,4.0,0.4840764331210191,0.7857320591460732,HI-VAE_piecewise_diffusion
0.033257135735150524,0.8492569002123144,0.055719595646686736,0.7427289281997919,0.2674604325808137,1.0,0.4585987261146497,0.7772335161557334,HI-VAE_piecewise_diffusion
0.03355655959233599,0.8460721868365181,0.036798370489359314,0.7364138917793964,0.09397798523533715,2.0,0.5159235668789809,0.785606893163198,HI-VAE_piecewise_diffusion
0.031552953712108915,0.8572186836518046,0.04912198736467208,0.7531022372528617,0.250152285560767,3.0,0.45222929936305734,0.7948925061297403,HI-VAE_piecewise_diffusion
0.03442079645135514,0.8412951167728239,0.05783660222552784,0.7239138917793964,0.0864606663643966,4.0,0.5222929936305732,0.7991688548786153,HI-VAE_piecewise_diffusion
0.03282878849743909,0.8439490445859873,0.0617192173162554,0.8015868886576483,0.14241228528650401,1.0,0.445859872611465,0.7919396866226024,HI-VAE_piecewise_diffusion
0.032054627348138354,0.8524416135881104,0.04856406359163637,0.7560874089490114,0.16383300615764432,1.0,0.5095541401273885,0.7952383126080959,HI-VAE_piecewise_diffusion
0.03101706675713121,0.8529723991507431,0.044266036324988434,0.7945044224765869,0.19679452689091262,1.0,0.49044585987261147,0.8095671383146366,HI-VAE_piecewise_diffusion
0.03246795451247474,0.8386411889596603,0.06803684295415739,0.776079604578564,0.1696676861073401,1.0,0.46496815286624205,0.7935997114783309,HI-VAE_piecewise_diffusion
0.03352217963801949,0.8519108280254777,0.02424256453098719,0.7465855879292402,0.0942086746613186,2.0,0.43312101910828027,0.7776964453640298,HI-VAE_piecewise_diffusion
0.033530783305289004,0.8471337579617835,0.035900867235288667,0.8018340270551508,0.08559564492277115,2.0,0.4585987261146497,0.7796540836140696,HI-VAE_piecewise_diffusion
0.03644262656876244,0.8306794055201698,0.06865175599727225,0.8443548387096774,0.09433925879747473,3.0,0.43312101910828027,0.7876779573618945,HI-VAE_piecewise_diffusion
0.0309192768836944,0.8503184713375797,0.06492153988416581,0.7632999479708638,0.2159542362425631,1.0,0.45222929936305734,0.7838614430136831,HI-VAE_piecewise_diffusion
0.030832311122471256,0.8625265392781317,0.03693772283246092,0.7704734651404787,0.10498756797295086,2.0,0.4140127388535032,0.7555689559378322,HI-VAE_piecewise_diffusion
0.03511685953693864,0.839171974522293,0.05683060949838953,0.7905372008324663,0.13687024228306977,1.0,0.4585987261146497,0.784888942458764,HI-VAE_piecewise_diffusion
0.03121726647018469,0.8588110403397028,0.03273074692874803,0.7804695629552549,0.09387866675748475,2.0,0.49044585987261147,0.7891347071361401,HI-VAE_piecewise_diffusion
0.03157664161000764,0.8497876857749468,0.062047149775845224,0.781035379812695,0.28542819738342,1.0,0.5031847133757962,0.7892305418174458,HI-VAE_piecewise_diffusion
0.030915094606988866,0.8460721868365181,0.06837809908693415,0.7474635796045785,0.33301809789969083,3.0,0.4140127388535032,0.7884086086690318,HI-VAE_piecewise_diffusion
0.03194273340067802,0.8572186836518046,0.032173743530117316,0.7420655567117587,0.2533079978857587,1.0,0.45222929936305734,0.771405925099229,HI-VAE_piecewise_diffusion
0.032179619857866666,0.8535031847133759,0.07997426343301708,0.7448165972944849,0.2804703471092522,1.0,0.4713375796178344,0.7863596796039216,HI-VAE_piecewise_diffusion
0.03076172344907525,0.8519108280254778,0.05941145720799988,0.7394445889698231,0.21774929566008394,3.0,0.4140127388535032,0.788942251936216,HI-VAE_piecewise_diffusion
0.030510171255062658,0.8625265392781317,0.04278316148679247,0.7480684183142559,0.19486792573757247,2.0,0.5286624203821656,0.7857223000954914,HI-VAE_piecewise_diffusion
0.032395697782473,0.8545647558386413,0.02832335522114167,0.7584547346514048,0.07618554926296311,3.0,0.445859872611465,0.7685526873726655,HI-VAE_piecewise_diffusion
0.03042905979828599,0.8582802547770699,0.05479381987295904,0.7386836628511968,0.22091374780918321,1.0,0.4713375796178344,0.7773922806081762,HI-VAE_piecewise_diffusion
0.03148177926959817,0.8572186836518046,0.05703290837379697,0.7246227887617065,0.24544461717234697,2.0,0.5222929936305732,0.7916292031293326,HI-VAE_piecewise_diffusion
0.030560776657518243,0.8588110403397028,0.04261820040865738,0.7241870447450571,0.08902682735784119,4.0,0.5095541401273885,0.8004342662356462,HI-VAE_piecewise_diffusion
0.033272222311137405,0.8423566878980893,0.040988511270013524,0.7805606139438085,0.2343065950740455,1.0,0.4585987261146497,0.7826281365906314,HI-VAE_piecewise_diffusion
0.03299931791877169,0.8513800424628452,0.030821979712619973,0.7920395421436004,0.09652140276176324,4.0,0.5031847133757962,0.768948378404771,HI-VAE_piecewise_diffusion
0.03314113000023706,0.8503184713375797,0.05292603249856692,0.7733155567117586,0.15957122325084042,1.0,0.445859872611465,0.7922042559387454,HI-VAE_piecewise_diffusion
0.03337824746103272,0.8423566878980893,0.07948010357976476,0.7158363683662852,0.2577192162016645,2.0,0.47770700636942676,0.8019666015507443,HI-VAE_piecewise_diffusion
0.030263135420609228,0.8598726114649682,0.03904643041971931,0.7616870447450573,0.07660462490455662,3.0,0.5222929936305732,0.7819956909246684,HI-VAE_piecewise_diffusion
0.034053860061501434,0.8466029723991507,0.0406969429770844,0.7763007284079084,0.19385491926624837,1.0,0.4713375796178344,0.7832932275195478,HI-VAE_piecewise_diffusion
0.03210941381681654,0.8497876857749468,0.06597639775262099,0.7660900104058272,0.2872167058409284,3.0,0.45222929936305734,0.8063662480327849,HI-VAE_piecewise_diffusion
0.029636581299065202,0.8582802547770699,0.042090823548468985,0.8061264308012486,0.1995619390935994,1.0,0.46496815286624205,0.7995254300812409,HI-VAE_piecewise_diffusion
0.03297360728529617,0.8508492569002124,0.03602068531448053,0.790186004162331,0.21081356402015586,1.0,0.49044585987261147,0.8019256558914506,HI-VAE_piecewise_diffusion
0.03250484733865155,0.8503184713375797,0.04644914483501449,0.7672021331945889,0.1429497134301324,1.0,0.4968152866242038,0.7742963549331379,HI-VAE_piecewise_diffusion
0.035589762505366634,0.837579617834395,0.0427181353186185,0.7844693028095733,0.08360794728023631,2.0,0.4968152866242038,0.7990419486845736,HI-VAE_piecewise_diffusion
0.03015808603203811,0.8619957537154991,0.051451752206427524,0.7398738293444329,0.2310803043320207,2.0,0.47770700636942676,0.786340667975186,HI-VAE_piecewise_diffusion
0.032970643808607196,0.8487261146496817,0.07440864330241331,0.7402510405827263,0.18387307227278532,1.0,0.5159235668789809,0.7987487905975527,HI-VAE_piecewise_diffusion
0.03130863754417259,0.8503184713375797,0.05076326459021304,0.7846579084287202,0.07896555475503776,1.0,0.4840764331210191,0.7905299871679533,HI-VAE_piecewise_diffusion
0.03125523512905134,0.8524416135881103,0.06551827882232564,0.784534339229969,0.24781891163536826,1.0,0.45222929936305734,0.778386177492848,HI-VAE_piecewise_diffusion
0.03225268792907463,0.8503184713375798,0.037200329727987994,0.7576027575442248,0.19779548502388994,1.0,0.4840764331210191,0.7979335249515063,HI-VAE_piecewise_diffusion
0.03379008480008865,0.8412951167728239,0.036233495073946666,0.7698816337148804,0.15831328723373989,1.0,0.40764331210191085,0.7656970529454649,HI-VAE_piecewise_diffusion
0.0341184218084117,0.8412951167728236,0.06125283167073399,0.7745902705515089,0.23000426005939395,2.0,0.4394904458598726,0.7866556003296082,HI-VAE_piecewise_diffusion
0.032696960464563184,0.8503184713375798,0.033240215213137685,0.8125455254942768,0.15678567995271533,1.0,0.46496815286624205,0.8006892397909384,HI-VAE_piecewise_diffusion
0.03137271753005157,0.8529723991507431,0.0620539844737636,0.759176638917794,0.09296064611545246,5.0,0.4968152866242038,0.7863777465046081,HI-VAE_piecewise_diffusion
0.033636695819254735,0.8444798301486199,0.0539394589657649,0.8144315816857439,0.2971009146141663,2.0,0.42038216560509556,0.791880311647,HI-VAE_piecewise_diffusion
0.031228310403839554,0.8535031847133757,0.06327098523973755,0.7669354838709678,0.19589131100460555,1.0,0.5095541401273885,0.7973076118225396,HI-VAE_piecewise_diffusion
0.03165799679952802,0.8593418259023355,0.03800936508811129,0.8069979188345474,0.0907719119257292,3.0,0.4585987261146497,0.7969746459255495,HI-VAE_piecewise_diffusion
0.033752252076752594,0.8418259023354566,0.0640550562021773,0.7749804890738814,0.33856713887978185,3.0,0.43312101910828027,0.7973151568206447,HI-VAE_piecewise_diffusion
0.03147666253619924,0.8604033970276008,0.03704172273667962,0.737187825182102,0.1625847505774459,2.0,0.4585987261146497,0.7948782553429096,HI-VAE_piecewise_diffusion
0.028901786002525475,0.868895966029724,0.02877046341319507,0.7533298647242457,0.07614768622079703,3.0,0.4968152866242038,0.8041798947591262,HI-VAE_piecewise_diffusion
0.03197396279967272,0.8492569002123144,0.057213939570195105,0.7541298126951093,0.10225559508439275,5.0,0.47770700636942676,0.7764384867791965,HI-VAE_piecewise_diffusion
0.033865074339044086,0.8434182590233545,0.06452505950313676,0.7642950052029135,0.2898511938144501,1.0,0.5159235668789809,0.7872969840800192,HI-VAE_piecewise_diffusion
0.03206759162794843,0.8540339702760084,0.050820151046855805,0.7772047346514048,0.09436527228698659,1.0,0.4840764331210191,0.7835206681823456,HI-VAE_piecewise_diffusion
0.03178778761921216,0.8519108280254777,0.04273983036380714,0.7575962539021852,0.13638171996335796,2.0,0.47770700636942676,0.7676282592360251,HI-VAE_piecewise_diffusion
0.03325438058303575,0.8524416135881103,0.05638771574109226,0.7725741415192509,0.16000868711590727,1.0,0.5159235668789809,0.7759544052030242,HI-VAE_piecewise_diffusion
0.032382634911434886,0.8519108280254777,0.04983558081816015,0.7763397502601456,0.16231534431441597,1.0,0.45222929936305734,0.8013047561622805,HI-VAE_piecewise_diffusion
0.03216152521746846,0.8513800424628452,0.05868894099446451,0.7583116545265349,0.15230379062526356,1.0,0.4840764331210191,0.7855977283455556,HI-VAE_piecewise_diffusion
0.03258632457542033,0.8450106157112526,0.06377966648020693,0.7338254422476587,0.29396420150411584,1.0,0.43312101910828027,0.7556590997953403,HI-VAE_piecewise_diffusion
0.032673602250594146,0.8497876857749468,0.055969450975245874,0.75880593132154,0.08805819995819393,3.0,0.49044585987261147,0.7978293085369687,HI-VAE_piecewise_diffusion
0.0380745064662288,0.8274946921443737,0.04457169915827467,0.7863813735691988,0.09077988659052495,2.0,0.5414012738853503,0.7864314800573768,HI-VAE_piecewise_diffusion
0.031214388008078613,0.8614649681528661,0.031482704121504286,0.7780567117585848,0.08453403994392583,2.0,0.4585987261146497,0.7874677473911129,HI-VAE_piecewise_diffusion
0.03174982482763606,0.8556263269639066,0.04036863090353673,0.7784859521331946,0.09798177270573026,3.0,0.43312101910828027,0.788301364492682,HI-VAE_piecewise_diffusion
